| Run on Wed May 24 02:37:49 2023
| GB non-polar solvation energies calculated with gbsa=2
idecomp = 1: Per-residue decomp adding 1-4 interactions to Internal.
Energy Decomposition Analysis (All units kcal/mol): Generalized Born solvent
DELTAS:
Total Energy Decomposition:
Residue,Location,Internal,,,van der Waals,,,Electrostatic,,,Polar Solvation,,,Non-Polar Solv.,,,TOTAL,,
,,Avg.,Std. Dev.,Std. Err. of Mean,Avg.,Std. Dev.,Std. Err. of Mean,Avg.,Std. Dev.,Std. Err. of Mean,Avg.,Std. Dev.,Std. Err. of Mean,Avg.,Std. Dev.,Std. Err. of Mean
PHE   1,R PHE   1,0.0,0.0,0.0,-2.39999999999867e-05,0.0001530490117575871,9.679669415837307e-06,8.241772,0.14206775853784717,0.008985153981088593,-8.236811999999999,0.14170143491150275,0.008961985640688976,0.0,0.0,0.0,0.004935999999999524,0.000701358681416833,4.435781780019205e-05
VAL   2,R VAL   2,0.0,0.0,0.0,-1.999999999999602e-05,0.00013999999999997215,8.854377448469702e-06,0.022152000000000213,0.019640389405508114,0.0012421672930809206,-0.022099999999999984,0.019618817497494643,0.0012408029658249563,0.0,0.0,0.0,3.200000000023229e-05,0.0005281817868875661,3.340514930364732e-05
ILE   3,R ILE   3,0.0,0.0,0.0,-5.1999999999985394e-05,0.0002220270253819843,1.4042222046381733e-05,0.1361560000000002,0.02969895055384968,0.0018783265573376832,-0.13561199999999987,0.02960833423210466,0.001872595477939665,0.0,0.0,0.0,0.0004920000000003135,0.0006339842269328516,4.0096683154577535e-05
ARG   4,R ARG   4,0.0,0.0,0.0,-4.8000000000012476e-05,0.00021376622745425378,1.3519763311541186e-05,9.024147999999999,0.14625877784272545,0.009250217315511613,-9.017079999999996,0.14585264344553367,0.009224531120886302,0.0,0.0,0.0,0.007019999999997253,0.0007871467461679095,4.97835314136202e-05
PRO   5,R PRO   5,0.0,0.0,0.0,-5.600000000000449e-05,0.00022992172581121707,1.4541526742403423e-05,0.2560960000000001,0.018266876689792294,0.0011552987215436138,-0.255084,0.01813650859454507,0.0011470535192396336,0.0,0.0,0.0,0.0009559999999999747,0.0006465786881738784,4.089322682306465e-05
ALA   6,R ALA   6,0.0,0.0,0.0,-2.8000000000002246e-05,0.0001649727250184235,1.0433791257257234e-05,-0.08598399999999998,0.04180966089314712,0.002644275132432293,0.08562399999999995,0.041682545795572686,0.0026362356677656984,0.0,0.0,0.0,-0.00038799999999999637,0.0006111104646455683,3.865001940487598e-05
THR   7,R THR   7,0.0,0.0,0.0,-3.999999999999559e-05,0.00019595917942263267,1.239354670786237e-05,0.022507999999999525,0.03712511193249132,0.002347998241907357,-0.022468000000000002,0.03696973053729224,0.0023381710596104797,0.0,0.0,0.0,-4.547473508864641e-16,0.0006066300355245377,3.836665218652792e-05
ALA   8,R ALA   8,0.0,0.0,0.0,-8.000000000002671e-06,8.908422980531009e-05,5.634181395732764e-06,0.01983999999999989,0.030891267374453895,0.001953735294250477,-0.019787999999999972,0.0307732197860412,0.0019462693092169928,0.0,0.0,0.0,4.399999999994009e-05,0.0006213404863680399,3.929702278799616e-05
ALA   9,R ALA   9,0.0,0.0,0.0,-3.999999999999559e-06,6.311893535223105e-05,3.991991983959448e-06,0.06772399999999897,0.020724474034339493,0.0013107308251506286,-0.067472,0.020600612029743136,0.0013028971041490539,0.0,0.0,0.0,0.00024799999999891754,0.000608683825972511,3.8496545299573784e-05
ASP  10,R ASP  10,0.0,0.0,0.0,-3.599999999999604e-05,0.00018629009635509974,1.1782020200286935e-05,-9.063171999999998,0.16074844452122913,0.01016662430032598,9.056039999999998,0.16024605580167708,0.010134850447834779,0.0,0.0,0.0,-0.007168000000001456,0.0007770302439401569,4.914370763374289e-05
CYS  11,R CYS  11,0.0,0.0,0.0,-2.000000000001023e-05,0.00014000000000007163,8.854377448475992e-06,-0.14993999999999966,0.03517772590717017,0.0022248347354354133,0.149504,0.03501522503140576,0.0022145572776516615,0.0,0.0,0.0,-0.0004559999999996238,0.0006573157536526655,4.1572298469051314e-05
SER  12,R SER  12,0.0,0.0,0.0,-3.999999999997783e-06,6.311893535220301e-05,3.991991983957675e-06,-0.03519200000000029,0.03859765713097113,0.002441130177602175,0.03511199999999997,0.038481105181634286,0.0024337587850894356,0.0,0.0,0.0,-8.400000000023944e-05,0.0005700385951848915,3.605240629973898e-05
ASP  13,R ASP  13,0.0,0.0,0.0,-7.999999999995566e-06,8.908422980523099e-05,5.634181395727761e-06,-8.431355999999996,0.1706082918971622,0.010790215802117639,8.425936000000002,0.17021972830417012,0.010765640882724166,0.0,0.0,0.0,-0.005428000000001361,0.000707683545095382,4.475783730247777e-05
ILE  14,R ILE  14,0.0,0.0,0.0,-6.799999999999073e-05,0.0002517459036409187,1.5921808942451574e-05,-0.029639999999999816,0.02501532330392682,0.0015821079609179447,0.029692000000000007,0.024953178875646274,0.0015781776021728347,0.0,0.0,0.0,-1.5999999999703805e-05,0.0006129796081437892,3.876823441943743e-05
LEU  15,R LEU  15,0.0,0.0,0.0,-2.400000000000091e-05,0.00015304901175767772,9.679669415843038e-06,-0.09981999999999909,0.022706554119901856,0.0014360885766553984,0.09947600000000005,0.022604278886971585,0.00142962012296972,0.0,0.0,0.0,-0.00036799999999917834,0.0006201419192414941,3.92212187470264e-05
ARG  16,R ARG  16,0.0,0.0,0.0,-1.6000000000005342e-05,0.0001254750971309069,7.935741931290487e-06,8.519696000000001,0.15862845767393352,0.010032544559384906,-8.514083999999999,0.15820208893720686,0.010005578632762007,0.0,0.0,0.0,0.0055960000000036415,0.0006758579732460355,4.274501140485233e-05
LEU  17,R LEU  17,0.0,0.0,0.0,-1.5999999999998237e-05,0.00012547509713085116,7.935741931286964e-06,-0.0038040000000004286,0.02378801345215727,0.0015044860703908366,0.003995999999999996,0.023752304814480645,0.0015022276578468398,0.0,0.0,0.0,0.0001759999999995685,0.0006074734562103159,3.8419994794383126e-05
ILE  18,R ILE  18,0.0,0.0,0.0,-5.600000000000449e-05,0.00022992172581121707,1.4541526742403423e-05,-0.02344799999999998,0.02179392796170485,0.0013783690304123646,0.02344000000000004,0.021720184161281866,0.0013737050629592943,0.0,0.0,0.0,-6.400000000007822e-05,0.0006541437150959671,4.137168113575052e-05
LYS  19,R LYS  19,0.0,0.0,0.0,-1.2000000000000454e-05,0.00010888526071053373,6.886508549330611e-06,8.649408,0.24014079523475862,0.015187837441318928,-8.643503999999995,0.23951845437053487,0.015148477149080035,0.0,0.0,0.0,0.005892000000000252,0.0008534260366323345,5.397540180496945e-05
GLU  20,R GLU  20,0.0,0.0,0.0,-2.7999999999991587e-05,0.0001649727250183607,1.0433791257253263e-05,-8.569644,0.17649375417847854,0.011162445119957044,8.563944000000001,0.17598528593046453,0.011130286764325053,0.0,0.0,0.0,-0.005727999999998986,0.0007784702948733024,4.92347844516507e-05
LEU  21,R LEU  21,0.0,0.0,0.0,-7.200000000000273e-05,0.000258487910742466,1.6348210911289966e-05,0.09640400000000006,0.031189113228816935,0.0019725727200789974,-0.095848,0.031062403255382433,0.0019645588777127483,0.0,0.0,0.0,0.00048399999999998043,0.0006401124901140543,4.0484268549648536e-05
ALA  22,R ALA  22,0.0,0.0,0.0,-3.599999999999426e-05,0.00018629009635509055,1.1782020200286354e-05,-0.004236000000000047,0.024591468113961554,0.001555301004950473,0.004215999999999999,0.02453995403418679,0.0015520429684773558,0.0,0.0,0.0,-5.600000000006489e-05,0.0006106259083928053,3.8619373376611825e-05
LYS  23,R LYS  23,0.0,0.0,0.0,-1.1999999999996902e-05,0.00010888526071050149,6.886508549328572e-06,8.232147999999997,0.19553460587841937,0.012366694319183085,-8.227236,0.1950931785173382,0.012338776001532404,0.0,0.0,0.0,0.004900000000001086,0.0007549834435263477,4.774934554520729e-05
TYR  24,R TYR  24,0.0,0.0,0.0,-4.799999999998761e-05,0.000213766227454143,1.3519763311534179e-05,0.1725519999999999,0.03613894431219651,0.002285627525210563,-0.17189600000000016,0.03601206997660643,0.0022776032876688584,0.0,0.0,0.0,0.0006079999999999046,0.0005918918820192212,3.7434529514888027e-05
GLU  25,R GLU  25,0.0,0.0,0.0,-8.00000000000125e-05,0.00027129319932505313,1.7158088471624457e-05,-11.403087999999999,0.4133948817487017,0.026145387987637367,11.387264000000009,0.4117149333019821,0.02603913871877145,0.0,0.0,0.0,-0.015904000000000737,0.001810741284667965,0.00011452133425700196
TYR  26,R TYR  26,0.0,0.0,0.0,-2.7999999999998692e-05,0.00016497272501840254,1.0433791257255909e-05,-0.06099600000000055,0.04665854674119223,0.0029509456003118865,0.06089999999999994,0.046574606815302254,0.002945636773263125,0.0,0.0,0.0,-0.00012400000000043577,0.0006038410386856249,3.819026053856844e-05
MET  27,R MET  27,0.0,0.0,0.0,-6.000000000000583e-05,0.0002374868417407814,1.5019986684416328e-05,-0.08057599999999991,0.07948990013831969,0.005027382708328474,0.08031199999999994,0.07919509237320205,0.005008737428134961,0.0,0.0,0.0,-0.00032400000000005493,0.0006949992805746248,4.395561397588463e-05
GLU  28,R GLU  28,0.0,0.0,0.0,-2.4000000000004463e-05,0.00015304901175770038,9.679669415844471e-06,-8.564688000000006,0.21694057862904972,0.013720526907652913,8.558860000000001,0.2162644501528496,0.013677764788139087,0.0,0.0,0.0,-0.005852000000000487,0.0009154758325576656,5.789977547442308e-05
GLU  29,R GLU  29,0.0,0.0,0.0,-1.9999999999999575e-05,0.000139999999999997,8.854377448471274e-06,-8.204816000000003,0.21815460147321863,0.013797308454033902,8.199928,0.21767017897726657,0.013766670885293257,0.0,0.0,0.0,-0.004907999999999958,0.0007665089692896378,4.847828379806624e-05
GLN  30,R GLN  30,0.0,0.0,0.0,-2.7999999999998692e-05,0.00016497272501840254,1.0433791257255909e-05,-0.1374919999999999,0.1344947357185398,0.00850619396345977,0.137024,0.13402157820291466,0.008476268854631729,0.0,0.0,0.0,-0.0004959999999999809,0.0007334739259166641,4.6388964204845276e-05
VAL  31,R VAL  31,0.0,0.0,0.0,-6.000000000000227e-05,0.00023748684174076733,1.5019986684415439e-05,0.18670399999999976,0.017631800361846542,0.0011151329678563214,-0.18591600000000014,0.017603776413030067,0.0011133605777104805,0.0,0.0,0.0,0.0007279999999995965,0.0006245126099612031,3.949764549947522e-05
ILE  32,R ILE  32,0.0,0.0,0.0,-5.2000000000006705e-05,0.00022202702538207531,1.4042222046387491e-05,0.1449039999999999,0.036801287803553726,0.0023275178057321,-0.144272,0.036698201808807826,0.002320998074966876,0.0,0.0,0.0,0.0005800000000000001,0.0006161168720295722,3.896665240943873e-05
LEU  33,R LEU  33,0.0,0.0,0.0,-7.200000000000273e-05,0.000258487910742466,1.6348210911289966e-05,0.18536000000000014,0.02934877169491041,0.001856179301683945,-0.18449200000000004,0.02925587011182513,0.0018503036896682478,0.0,0.0,0.0,0.0007960000000000242,0.0006151292547097483,3.890419000569324e-05
THR  34,R THR  34,0.0,0.0,0.0,-3.999999999999204e-05,0.00019595917942261525,1.2393546707861268e-05,-0.2136079999999995,0.07491759697160644,0.004738204865136185,0.21286800000000014,0.07467151114046078,0.004722641030609868,0.0,0.0,0.0,-0.0007799999999993901,0.0007291090453422403,4.611290491824921e-05
GLU  35,R GLU  35,0.0,0.0,0.0,-1.9999999999999575e-05,0.000139999999999997,8.854377448471274e-06,-8.594831999999998,0.2142132670401828,0.01354803657745707,8.588939999999997,0.21365671625301277,0.013512837215036731,0.0,0.0,0.0,-0.005911999999999636,0.0008199121904203616,5.185580006132063e-05
LYS  36,R LYS  36,0.0,0.0,0.0,-1.2000000000004007e-05,0.00010888526071056595,6.88650854933265e-06,8.235955999999998,0.3467171787840966,0.021928319777311092,-8.230984000000003,0.3458359376119455,0.021872585191872813,0.0,0.0,0.0,0.00495999999999924,0.0010762899237668313,6.807055163584358e-05
ASP  37,R ASP  37,0.0,0.0,0.0,-6.400000000000717e-05,0.00024475293665248104,1.5479534876734946e-05,-10.849112000000002,0.3709145824256725,0.02345869795670774,10.835588000000003,0.369458937171574,0.023366634867344426,0.0,0.0,0.0,-0.01358799999999991,0.0015780544984253318,9.980492973797287e-05
LEU  38,R LEU  38,0.0,0.0,0.0,-7.200000000000273e-05,0.00025848791074246604,1.634821091128997e-05,-0.15464000000000033,0.028565125590481705,0.0018066171702936877,0.1541240000000001,0.028450318521941964,0.0017993561337322347,0.0,0.0,0.0,-0.0005880000000003243,0.000652882837881585,4.1291936258805396e-05
LEU  39,R LEU  39,0.0,0.0,0.0,-4.4000000000014697e-05,0.00020509509989277678,1.2971353052018603e-05,-0.10905999999999932,0.05797006468859588,0.0036663488104652516,0.10864400000000002,0.05770834657135837,0.0036497963033572216,0.0,0.0,0.0,-0.0004599999999992228,0.0006636264009214495,4.197141884663689e-05
GLU  40,R GLU  40,0.0,0.0,0.0,-3.5999999999990704e-05,0.0001862900963550722,1.1782020200285194e-05,-9.771104000000008,0.8231078648535621,0.05205791225870626,9.761468,0.8200003371803756,0.05186137495192081,0.0,0.0,0.0,-0.009672000000001504,0.0031718158836850584,0.00020060325022288973
ASP  41,R ASP  41,0.0,0.0,0.0,-9.599999999999476e-05,0.00029459124223233545,1.863158608385132e-05,-12.464652000000005,0.636626787761783,0.04026381337607685,12.444552000000002,0.634093140868124,0.04010357147666539,0.0,0.0,0.0,-0.020195999999998493,0.002663378305836335,0.00016844683434246696
GLY  42,R GLY  42,0.0,0.0,0.0,-4.7999999999998266e-05,0.0002137662274541905,1.3519763311537183e-05,-0.18191199999999946,0.0785060523526695,0.00496515871085712,0.18120400000000003,0.0783244175465097,0.004953671117060557,0.0,0.0,0.0,-0.0007559999999993661,0.0006515090175891518,4.120504823440845e-05
PHE  43,R PHE  43,0.0,0.0,0.0,-0.00010399999999999921,0.0003052605444534203,1.930637200511775e-05,-0.07043600000000032,0.15939600341288349,0.010081088414253684,0.07002400000000006,0.15880506107804002,0.01004371393937522,0.0,0.0,0.0,-0.0005160000000000675,0.0008635647051612583,5.461662750482681e-05
GLY  44,R GLY  44,0.0,0.0,0.0,-2.8000000000003134e-05,0.0001649727250184287,1.0433791257257564e-05,-0.010231999999999573,0.08601173278105667,0.005439859621718156,0.010184000000000032,0.08562026713343046,0.005415101160273921,0.0,0.0,0.0,-7.599999999954576e-05,0.0007309062867418065,4.622657244480477e-05
GLU  45,R GLU  45,0.0,0.0,0.0,-4.800000000000182e-05,0.0002137662274542063,1.3519763311538182e-05,-9.691680000000002,0.3564812051146349,0.022545851024078235,9.682476000000001,0.35522334583189374,0.02246629701788928,0.0,0.0,0.0,-0.009251999999999953,0.0013987480116165346,8.846459178679817e-05
HID  46,R HID  46,0.0,0.0,0.0,-0.00017600000000000726,0.00038082016753319666,2.4085182166636146e-05,-0.15893999999999986,0.19652395375627854,0.012429266173028867,0.1589200000000001,0.1960142688683658,0.012397030870333427,0.0,0.0,0.0,-0.00019600000000012584,0.0010107343864732999,6.392445541417018e-05
PRO  47,R PRO  47,0.0,0.0,0.0,-8.799999999999918e-05,0.0002832948993540098,1.791714262933669e-05,-0.14882,0.04929904258705216,0.0031179452208144917,0.14904799999999999,0.04914327722079593,0.0031080937540556913,0.0,0.0,0.0,0.00014000000000025637,0.0006988562083859038,4.4199547508974425e-05
PHE  48,R PHE  48,0.0,0.0,0.0,-0.0010840000000000743,0.00034197075898383746,2.1628129831308285e-05,-0.18729999999999966,0.05267107365528121,0.0033312111911435807,0.18728400000000014,0.05247882757836654,0.003319052481657935,0.0,0.0,0.0,-0.0010999999999996577,0.0011428035701730444,7.227724399837771e-05
TYR  49,R TYR  49,0.0,0.0,0.0,-0.00038800000000001236,0.00048729457210194203,3.0819214785585616e-05,0.040687999999999475,0.041630069132780015,0.002632916752197109,-0.04035200000000001,0.0414159884102746,0.0026193770984720777,0.0,0.0,0.0,-5.199999999994453e-05,0.0009128504806370747,5.773373363985178e-05
HIE  50,R HIE  50,0.0,0.0,0.0,-0.00028400000000000246,0.00045093680266751756,2.8519747544464955e-05,0.19510799999999978,0.08809885547497208,0.005571860851098139,-0.192068,0.0871267546509108,0.0055103797967109335,0.0,0.0,0.0,0.0027559999999996806,0.0013358383135694358,8.448583313195259e-05
CYS  51,R CYS  51,0.0,0.0,0.0,-7.599999999998275e-05,0.00026499811320077,1.6759952267231327e-05,0.1115239999999998,0.07477037798486776,0.004728893918877858,-0.11065599999999995,0.07434579789066786,0.004702041115941048,0.0,0.0,0.0,0.0007919999999998337,0.0008029545441680491,5.078330434306612e-05
LEU  52,R LEU  52,0.0,0.0,0.0,-9.200000000002007e-05,0.000289025950392065,1.827960612267523e-05,-0.055192000000000005,0.02765290465755779,0.0017489232527472226,0.05512799999999998,0.02751420752992899,0.001740151276182621,0.0,0.0,0.0,-0.00015599999999979275,0.0007291529332032047,4.6115680630294816e-05
VAL  53,R VAL  53,0.0,0.0,0.0,-3.1999999999996475e-05,0.00017599999999998064,1.1131217363791472e-05,-0.07738399999999995,0.02741730373322684,0.001734022541952687,0.07715999999999994,0.02726782719616664,0.0017245688156753908,0.0,0.0,0.0,-0.0002559999999998368,0.0006681796165699666,4.225938948918158e-05
ALA  54,R ALA  54,0.0,0.0,0.0,-3.2000000000007134e-05,0.00017600000000003924,1.1131217363795178e-05,0.002776000000000977,0.01849123641079766,0.0011694884762151513,-0.0028879999999999947,0.01847277607724405,0.0011683209422072346,0.0,0.0,0.0,-0.00014399999999889078,0.0005755553839551642,3.640131865742099e-05
GLU  55,R GLU  55,0.0,0.0,0.0,-1.2000000000000454e-05,0.00010888526071053373,6.886508549330611e-06,-8.435427999999998,0.1545497616176573,0.009774585170957322,8.429984,0.1541354460985034,0.009748381556747695,0.0,0.0,0.0,-0.005456000000000017,0.0007321639160737866,4.630611190763063e-05
VAL  56,R VAL  56,0.0,0.0,0.0,-1.6000000000005342e-05,0.0001254750971309069,7.935741931290487e-06,-0.0270000000000004,0.013792171692666473,0.0008722935285785179,0.026896000000000007,0.013776399529630336,0.0008712960094020836,0.0,0.0,0.0,-0.00012000000000037003,0.0005878775382680879,3.718064012359912e-05
PRO  57,R PRO  57,0.0,0.0,0.0,0.0,0.0,0.0,-0.054235999999999764,0.012187382984053806,0.0007707977789277918,0.05408800000000005,0.012175395517189498,0.0007700396249544516,0.0,0.0,0.0,-0.0001479999999998043,0.0006050586748406291,3.82672706107921e-05
LYS  58,R LYS  58,0.0,0.0,0.0,-7.999999999999119e-06,8.908422980527055e-05,5.634181395730263e-06,6.444988000000003,0.143039560457835,0.009046616131122318,-6.443368,0.14285746944416464,0.009035099684229374,0.0,0.0,0.0,0.001612000000000574,0.0006111104646454303,3.865001940486725e-05
GLH  59,R GLH  59,0.0,0.0,0.0,-1.199999999999335e-05,0.00010888526071046924,6.886508549326533e-06,0.025044000000000493,0.022328682540625044,0.0014121898795842061,-0.02496799999999997,0.022301546493460916,0.0014104736452695583,0.0,0.0,0.0,6.400000000076033e-05,0.0005830128643517282,3.687297113060496e-05
HIE  60,R HIE  60,0.0,0.0,0.0,-8.000000000002671e-06,8.908422980531009e-05,5.634181395732764e-06,-0.12072399999999942,0.04657355283849417,0.0029455701139168345,0.12048399999999997,0.04651685440783811,0.002941984190304229,0.0,0.0,0.0,-0.0002479999999994078,0.0006406996176057277,4.052140175266032e-05
TRP  61,R TRP  61,0.0,0.0,0.0,-1.199999999999335e-05,0.00010888526071046924,6.886508549326533e-06,0.11004400000000021,0.017175857009186033,0.0010862965782879094,-0.10984400000000005,0.017112441789527977,0.0010822858476391224,0.0,0.0,0.0,0.00018800000000028305,0.0005372671588701354,3.397975868074329e-05
THR  62,R THR  62,0.0,0.0,0.0,0.0,0.0,0.0,0.14063199999999976,0.02632642353226107,0.001665029220164006,-0.14037200000000008,0.02628858337758007,0.001662635998647905,0.0,0.0,0.0,0.000259999999999728,0.0005868560300449068,3.711603427092224e-05
PRO  63,R PRO  63,0.0,0.0,0.0,-4.000000000001336e-06,6.311893535225908e-05,3.991991983961221e-06,0.06308799999999994,0.013918629817622092,0.0008802914426483965,-0.06295600000000003,0.013872348899879929,0.0008773643804030339,0.0,0.0,0.0,0.00012799999999977985,0.0005582257607812639,3.5305297052981776e-05
GLU  64,R GLU  64,0.0,0.0,0.0,0.0,0.0,0.0,-7.3656079999999955,0.21746624183095178,0.013753772767655863,7.362536000000003,0.21705372768966896,0.013727683082586218,0.0,0.0,0.0,-0.003072000000000401,0.0006890689370443488,4.3580546118626313e-05
GLY  65,R GLY  65,0.0,0.0,0.0,-8.000000000002671e-06,8.908422980531009e-05,5.634181395732764e-06,-0.005199999999999932,0.01623551662251617,0.0010268242303335053,0.005135999999999988,0.016247261430776552,0.0010275670372292007,0.0,0.0,0.0,-7.199999999992901e-05,0.0006089466314872902,3.851316657974089e-05
HIE  66,R HIE  66,0.0,0.0,0.0,-3.999999999997783e-06,6.311893535220301e-05,3.991991983957675e-06,0.04775600000000031,0.05066478524577008,0.003204322370798545,-0.04769200000000002,0.05055465493898656,0.0031973571186215645,0.0,0.0,0.0,6.000000000026162e-05,0.0005936328831865658,3.7544640096844444e-05
SER  67,R SER  67,0.0,0.0,0.0,-7.999999999999119e-06,8.908422980527055e-05,5.634181395730263e-06,-0.05566400000000013,0.04036086104136035,0.002552644984325082,0.05553199999999999,0.04021841588128505,0.0025436359613749777,0.0,0.0,0.0,-0.00014000000000019552,0.0005799999999998762,3.668242085794537e-05
ILE  68,R ILE  68,0.0,0.0,0.0,-1.199999999999335e-05,0.00010888526071046924,6.886508549326533e-06,0.09534800000000024,0.018492238804427758,0.0011695518731548145,-0.09503999999999999,0.018458558990343665,0.0011674217746812793,0.0,0.0,0.0,0.0002960000000002276,0.0005660247344419704,3.579854745657165e-05
VAL  69,R VAL  69,0.0,0.0,0.0,-1.5999999999998237e-05,0.0001254750971308512,7.935741931286965e-06,-0.018684000000000055,0.013515329962675692,0.0008547845202154736,0.018704000000000005,0.01355966017273295,0.0008575882088741664,0.0,0.0,0.0,4.0000000000262045e-06,0.0005966439474259125,3.77350765203928e-05
GLY  70,R GLY  70,0.0,0.0,0.0,-3.2000000000007134e-05,0.00017600000000003924,1.1131217363795178e-05,0.1372240000000001,0.015332247845635128,0.0009696964968483345,-0.13662399999999994,0.01528092353230008,0.0009664504622586765,0.0,0.0,0.0,0.0005680000000000969,0.0006044633983961084,3.822962202274945e-05
PHE  71,R PHE  71,0.0,0.0,0.0,-7.200000000000983e-05,0.00025848791074249147,1.6348210911291575e-05,0.03163200000000012,0.02061767629971885,0.0013039763433436793,-0.031239999999999976,0.020459286400067823,0.0012939588865184244,0.0,0.0,0.0,0.00032000000000007896,0.0006584831053257983,4.1646128271401477e-05
ALA  72,R ALA  72,0.0,0.0,0.0,-0.00012000000000001876,0.00032496153618548926,2.0552372125867422e-05,0.17267199999999996,0.051577479736799,0.003262046238789335,-0.1709920000000002,0.051367537764622676,0.003248768342618437,0.0,0.0,0.0,0.0015599999999997868,0.0007255342858886598,4.588681727903854e-05
MET  73,R MET  73,0.0,0.0,0.0,-0.00022399999999996823,0.0004169220550653932,2.6368466015295677e-05,-0.1502519999999996,0.1137331811565996,0.007193117959827964,0.15013200000000004,0.11286049165230504,0.007137924229354082,0.0,0.0,0.0,-0.00034399999999918984,0.0012139456330491326,7.677666312100467e-05
TYR  74,R TYR  74,0.0,0.0,0.0,-0.0005879999999999654,0.0004921950832748851,3.1129150325697683e-05,0.3145040000000003,0.03671481967816407,0.002322049081307373,-0.30922400000000005,0.036250432052596836,0.002292678629027575,0.0,0.0,0.0,0.004692000000000192,0.0010831140290845428,6.850214595178027e-05
TYR  75,R TYR  75,0.0,0.0,0.0,-0.0017279999999998737,0.0004959999999998616,3.136979438886157e-05,-0.021875999999999864,0.08991611993408076,0.005686794747131286,0.021479999999999982,0.0890869777240198,0.005634355189371718,0.0,0.0,0.0,-0.002123999999999491,0.001696061319645027,0.0001072683364277834
PHE  76,R PHE  76,0.0,0.0,0.0,-0.001371999999999936,0.0004915445045975489,3.108800411734724e-05,0.12285999999999968,0.08406778455508364,0.005316913540767786,-0.10921199999999998,0.08416017499981815,0.005322756825555726,0.0,0.0,0.0,0.012276000000000481,0.002771249537664347,0.0001752692100741583
THR  77,R THR  77,0.0,0.0,0.0,-0.0059880000000000705,0.0011644122981142838,7.364389995104245e-05,1.3779399999999997,0.26386396570960585,0.016688222481738436,-1.3348880000000003,0.25791155743006,0.016311759127206255,0.0,0.0,0.0,0.03706399999999979,0.012100409249277754,0.0007652970769577175
TYR  78,R TYR  78,0.0,0.0,0.0,-0.02150800000000011,0.005251469889469186,0.00033213211829030627,-1.033871999999999,0.24431161989557548,0.01545162355430654,1.0787239999999998,0.25153956313868586,0.015908758823239597,0.0,0.0,0.0,0.023344000000000698,0.019993640588947172,0.001264508859597268
ASP  79,R ASP  79,0.0,0.0,0.0,-0.27974,0.17251265576762753,0.010910658348605726,-48.50797200000002,4.412337293001907,0.279060713015755,48.91750000000001,4.438506184967983,0.2807157790648687,-0.11395834559999998,0.04243591554132703,0.0026838829541026123,0.015829654399999612,0.2716467128792395,0.017180446631923862
PRO  80,R PRO  80,0.0,0.0,0.0,-0.17104000000000008,0.04901532821475317,0.003100001548386696,2.485716000000001,0.3563750206509867,0.022539135328933202,-2.437104,0.34107041675290395,0.021571187188840543,-0.01311166079999998,0.01145832468134779,0.0007246880832556416,-0.13553966080000068,0.06138983165686631,0.003882633864200118
TRP  81,R TRP  81,0.0,0.0,0.0,-1.2555000000000007,0.40941447214283844,0.025893644780138544,-0.30552000000000007,0.9572914674225406,0.060544428434002116,-0.20738800000000004,0.6290011808065227,0.039781527645679965,-0.17942785919999996,0.044298200688328154,0.002801664208447113,-1.947835859200001,0.7950246850234984,0.05028177601464423
ILE  82,R ILE  82,0.0,0.0,0.0,-0.13066000000000008,0.1725697088135688,0.010914266700058219,1.3675320000000002,0.24971093883928727,0.015793106467823014,-1.3743599999999996,0.2479360207795572,0.015680850793244737,-0.02311588799999999,0.04719601538218514,0.0029849381018409453,-0.16060388799999992,0.22298065463637742,0.014102534856126742
GLY  83,R GLY  83,0.0,0.0,0.0,-0.007928000000000006,0.0039164800522918505,0.00024769994751715213,-0.9375760000000007,0.18783242591203037,0.011879565686336918,0.9334160000000002,0.18564342957400748,0.011741121401978513,0.0,0.0,0.0,-0.012088000000000125,0.008504131701708861,0.0005378485139888727
LYS  84,R LYS  84,0.0,0.0,0.0,-0.004084000000000003,0.001443933516475055,9.132237403834875e-05,16.779832000000003,0.6391826310031625,0.040425459095778986,-16.712367999999998,0.6321506976790028,0.03998072058260331,0.0,0.0,0.0,0.06338000000000124,0.008144421403635341,0.0005150984371942647
LEU  85,R LEU  85,0.0,0.0,0.0,-0.022220000000000042,0.010944752167134758,0.000692206905484194,0.8122719999999999,0.1540892144700619,0.00974545761183142,-0.772392,0.14794690377294273,0.009356983773845154,-3.830399999999998e-06,6.044269249330307e-05,3.8227315238399864e-06,0.01765616959999968,0.010853381069835553,0.000686428089888707
LEU  86,R LEU  86,0.0,0.0,0.0,-0.0025280000000000163,0.0006936973403438556,4.387327204575191e-05,-0.6209960000000003,0.14672230908760786,0.009279533605521247,0.6196319999999998,0.14449390497872278,0.009138596954894152,0.0,0.0,0.0,-0.0038920000000001237,0.0037523773797416386,0.00023732118320956286
TYR  87,R TYR  87,0.0,0.0,0.0,-0.006444000000000024,0.0014109798014146138,8.923819809924499e-05,0.20507599999999984,0.15413406574797195,0.009748294255714718,-0.19997200000000004,0.15284489921485755,0.009666760205156631,0.0,0.0,0.0,-0.001340000000000593,0.0032137828178016147,0.00020325747218734061
LEU  88,R LEU  88,0.0,0.0,0.0,-0.0010840000000000671,0.0003961615831954496,2.505545848711814e-05,-0.5506600000000005,0.07883243241204843,0.004985800798267088,0.5500320000000003,0.07853645634989928,0.0049670816284815116,0.0,0.0,0.0,-0.0017120000000008914,0.0012542152925238523,7.932354001179454e-05
GLU  89,R GLU  89,0.0,0.0,0.0,-0.0007879999999999984,0.0004278504411590506,2.705963783940903e-05,-16.936459999999993,0.6340818436133308,0.04010285697553632,16.899271999999986,0.631219155299004,0.039921804669447905,0.0,0.0,0.0,-0.0379760000000017,0.0032272936030078823,0.0002041119692719229
ASP  90,R ASP  90,0.0,0.0,0.0,-0.0002639999999999958,0.0004407992740465821,2.787859393871892e-05,-13.89032399999999,0.5367222624637404,0.03394529640608232,13.86482799999999,0.5348661799144654,0.0338279074384623,0.0,0.0,0.0,-0.025760000000000047,0.002106751053161284,0.0001332426358189627
PHE  91,R PHE  91,0.0,0.0,0.0,-0.00028400000000005575,0.0004509368026676022,2.8519747544470304e-05,-0.13396800000000056,0.029246794285869595,0.0018497296840349127,0.13359200000000013,0.02913337495038936,0.0018425564154185069,0.0,0.0,0.0,-0.0006600000000006645,0.0007213875518746666,4.562455479233632e-05
PHE  92,R PHE  92,0.0,0.0,0.0,-7.59999999999863e-05,0.00026499811320078237,1.675995226723211e-05,-0.07317600000000032,0.02195725447318025,0.0013886987059834024,0.07273600000000001,0.021899276335075633,0.0013850318465652746,0.0,0.0,0.0,-0.0005160000000002381,0.0006824543940804235,4.3162205689685415e-05
VAL  93,R VAL  93,0.0,0.0,0.0,-6.000000000000583e-05,0.00023748684174078137,1.5019986684416327e-05,-0.08396800000000015,0.01749854211070166,0.00110670497604375,0.08373600000000003,0.017427859994846983,0.0011022346465249363,0.0,0.0,0.0,-0.0002920000000001561,0.0006440000000000589,4.0730136262972454e-05
MET  94,R MET  94,0.0,0.0,0.0,-1.199999999999335e-05,0.00010888526071046924,6.886508549326533e-06,-0.07389599999999973,0.02357908361238886,0.0014912721870939925,0.073724,0.02350727172600006,0.0014867304046127553,0.0,0.0,0.0,-0.0001839999999997235,0.0005984513346964931,3.78493857281734e-05
SER  95,R SER  95,0.0,0.0,0.0,-2.3999999999997358e-05,0.0001530490117576551,9.679669415841606e-06,-0.08181200000000015,0.05569962886770441,0.0035227538409602285,0.08158800000000004,0.055580016696650816,0.003515188903032088,0.0,0.0,0.0,-0.00024800000000010946,0.0005953956667630794,3.7656128319318855e-05
ASP  96,R ASP  96,0.0,0.0,0.0,0.0,0.0,0.0,-7.562904000000004,0.14394856992675992,0.009104106937851573,7.559463999999997,0.14363089049398622,0.00908401512638447,0.0,0.0,0.0,-0.0034400000000001114,0.0007088018058668855,4.482856232359713e-05
TYR  97,R TYR  97,0.0,0.0,0.0,-2.8000000000012905e-05,0.00016497272501848627,1.0433791257261205e-05,-0.016456000000000075,0.022655685026059694,0.0014328713326743968,0.016420000000000025,0.02260963511426045,0.0014299588805276875,0.0,0.0,0.0,-6.40000000001244e-05,0.0006292090272714478,3.979467301033552e-05
ARG  98,R ARG  98,0.0,0.0,0.0,-2.800000000002001e-05,0.00016497272501852814,1.0433791257263852e-05,9.547008000000002,0.31632129225826416,0.020005915118878035,-9.538344000000006,0.31518699475694095,0.01993417584590965,0.0,0.0,0.0,0.008635999999999058,0.0012615482551225654,7.978731728796976e-05
GLY  99,R GLY  99,0.0,0.0,0.0,-3.999999999999559e-06,6.311893535223105e-05,3.991991983959448e-06,-0.03693999999999949,0.034870050186370245,0.0022053756142661773,0.036872000000000044,0.03479309724643663,0.00220050868300945,0.0,0.0,0.0,-7.199999999944496e-05,0.0005539097399396441,3.5032327927216265e-05
PHE 100,R PHE 100,0.0,0.0,0.0,-2.4000000000004463e-05,0.00015304901175770038,9.679669415844471e-06,-0.017952000000000284,0.026108345332479937,0.0016512367437772537,0.017899999999999985,0.02608482317363876,0.001649749071828806,0.0,0.0,0.0,-7.600000000025276e-05,0.0005917972625821414,3.742854525624612e-05
GLY 101,R GLY 101,0.0,0.0,0.0,-7.999999999999119e-06,8.908422980527055e-05,5.634181395730263e-06,-0.0928880000000001,0.028412030128099196,0.0017969345630823805,0.09257199999999996,0.028231273722593757,0.0017855025242211368,0.0,0.0,0.0,-0.0003240000000001455,0.0006285093475838432,3.975042138142781e-05
ILE 102,R ILE 102,0.0,0.0,0.0,-3.2000000000010685e-05,0.00017600000000005879,1.1131217363796413e-05,-0.17468000000000009,0.021681549760107117,0.0013712616088843164,0.17416400000000004,0.021609838129888394,0.001366726167160018,0.0,0.0,0.0,-0.000548000000000119,0.0005654166605258127,3.576008948535571e-05
GLY 103,R GLY 103,0.0,0.0,0.0,-4.7999999999998266e-05,0.0002137662274541905,1.3519763311537183e-05,-0.22646800000000009,0.02933518324469895,0.001855319892633145,0.22545199999999982,0.02918272941313181,0.0018456778657177082,0.0,0.0,0.0,-0.0010640000000001581,0.0006417974758439216,4.059083640427377e-05
SER 104,R SER 104,0.0,0.0,0.0,-7.199999999999562e-05,0.0002584879107424405,1.6348210911288353e-05,-0.2869279999999999,0.10028576576962436,0.006342628734523238,0.285632,0.09975373965922232,0.006308980448852225,0.0,0.0,0.0,-0.0013679999999998778,0.0008249703024951943,5.2175703157658064e-05
GLU 105,R GLU 105,0.0,0.0,0.0,-5.2000000000013814e-05,0.00022202702538210564,1.4042222046389409e-05,-10.354220000000009,0.24932450260630548,0.015768666094490253,10.342588,0.24840469048710773,0.01571049206816843,0.0,0.0,0.0,-0.011683999999998378,0.001113617528597752,7.043135665313185e-05
ILE 106,R ILE 106,0.0,0.0,0.0,-9.9999999999973e-05,0.00029999999999991904,1.8973665961005156e-05,-0.15527999999999983,0.025435911621170985,0.0016087083017129254,0.15488799999999997,0.025300503078001847,0.0016001443134917312,0.0,0.0,0.0,-0.0004919999999997003,0.0006884300981221038,4.3540142397581085e-05
LEU 107,R LEU 107,0.0,0.0,0.0,-0.00025600000000003577,0.00043642181430360836,2.7601739075649072e-05,-0.20218399999999986,0.03183831251809654,0.002013631688268719,0.20177199999999992,0.03174498410773004,0.0020077290813254986,0.0,0.0,0.0,-0.0006679999999996653,0.0007627424204794053,4.82400663348956e-05
LYS 108,R LYS 108,0.0,0.0,0.0,-0.00011200000000000898,0.0003153664535108577,1.9945525814078303e-05,10.484860000000005,0.2618238193898345,0.016559192299128684,-10.472911999999997,0.26077496861484917,0.016492857151636956,0.0,0.0,0.0,0.011835999999999387,0.0012333304504477977,7.80026666211295e-05
ASN 109,R ASN 109,0.0,0.0,0.0,-0.00010400000000000631,0.00030526054445344117,1.930637200511907e-05,-0.3065200000000004,0.09924781911961589,0.00627698322444787,0.30537999999999993,0.09866782454275552,0.0062403011465793825,0.0,0.0,0.0,-0.0012439999999999713,0.0008991462617395952,5.686700273446065e-05
LEU 110,R LEU 110,0.0,0.0,0.0,-0.0003520000000000003,0.000477593969811178,3.020569482730039e-05,-0.128688,0.05077809228397564,0.0032114885371116904,0.13005199999999997,0.05043611103168068,0.0031898597436251152,0.0,0.0,0.0,0.0010120000000001282,0.0009979258489485813,6.311437237269327e-05
SER 111,R SER 111,0.0,0.0,0.0,-0.000247999999999962,0.00043185182644043895,2.7312707665110246e-05,-0.46192400000000017,0.05672831941808339,0.0035878139438940233,0.459144,0.05621774865645121,0.003555522613625132,0.0,0.0,0.0,-0.003028000000000004,0.0010710816962302414,6.774115440408293e-05
GLN 112,R GLN 112,0.0,0.0,0.0,-0.00021999999999997044,0.00041424630354410403,2.619923663009699e-05,-0.04172800000000018,0.06797921753006611,0.004299383219021095,0.04186000000000003,0.06750840243999262,0.004269606258192903,0.0,0.0,0.0,-8.800000000016439e-05,0.0009034688705208195,5.714038851811092e-05
VAL 113,R VAL 113,0.0,0.0,0.0,-0.0002319999999999638,0.0004221089906646677,2.6696516626702034e-05,-0.03038000000000025,0.0430983479961818,0.002725778861169767,0.03235600000000001,0.04278791025511759,0.002706145054500957,0.0,0.0,0.0,0.0017439999999998043,0.0009286893990993863,5.8735474800143706e-05
ALA 114,R ALA 114,0.0,0.0,0.0,-0.0003919999999999746,0.00048819668167652327,3.087626920468006e-05,-0.0824880000000004,0.06389242408924557,0.0040409117070285055,0.08343200000000005,0.06335851462905356,0.004007144307858151,0.0,0.0,0.0,0.00055199999999965,0.0011203999285969404,7.086031329312705e-05
MET 115,R MET 115,0.0,0.0,0.0,-0.00047200000000001906,0.0004992153843783461,3.1573153152640286e-05,-0.3216279999999997,0.17704722990207955,0.011197449998280826,0.32024400000000003,0.17537692112704004,0.011091810395783011,0.0,0.0,0.0,-0.0018559999999994367,0.0018961181397789601,0.0001199210406892606
ARG 116,R ARG 116,0.0,0.0,0.0,-0.00017199999999999705,0.0003773804446443869,2.386763498966709e-05,11.895471999999998,0.29434120543346654,0.018615772368185658,-11.875452,0.2925691297728455,0.018503696462711456,0.0,0.0,0.0,0.019848000000000185,0.0019268876459165726,0.00012186707512672832
CYS 117,R CYS 117,0.0,0.0,0.0,-0.00040800000000002255,0.0004914631217090717,3.1082857011544215e-05,-0.11387999999999983,0.10114418223506447,0.006396919758758877,0.11623199999999997,0.10038084566290525,0.006348642114972305,0.0,0.0,0.0,0.0019439999999997007,0.0014017360664546929,8.865357296803949e-05
ARG 118,R ARG 118,0.0,0.0,0.0,-0.0007760000000000069,0.00047098195294511966,2.9787514162816535e-05,13.177596000000005,0.6114642432586082,0.038672394328969205,-13.145963999999998,0.6064197314600224,0.03835335138962673,0.0,0.0,0.0,0.030855999999999766,0.005093845698488586,0.000322163089133505
CYS 119,R CYS 119,0.0,0.0,0.0,-0.0016479999999999642,0.0006899971014431948,4.3639248389495e-05,0.716999999999999,0.1960929371497109,0.012402006289306657,-0.7011999999999997,0.19355218417780826,0.012241314962045575,0.0,0.0,0.0,0.01415199999999925,0.0032754993512437423,0.00020716076848668213
SER 120,R SER 120,0.0,0.0,0.0,-0.006299999999999999,0.004275745549024166,0.00027042189260487003,0.7648159999999995,0.47037007360587874,0.029748815515512533,-0.7285479999999994,0.4625603092527501,0.02925488264861097,0.0,0.0,0.0,0.029967999999998992,0.011971924490239592,0.0007571709872941475
SER 121,R SER 121,0.0,0.0,0.0,-0.010356,0.006414145617305499,0.00040566618789344196,0.14091599999999962,0.5606152664207427,0.03545642265903318,-0.12471200000000013,0.5532791384608677,0.03499244518784019,-5.35392e-05,0.0006490745452283274,4.10510786831898e-05,0.0057944607999995635,0.016859256574607368,0.0010662730086585552
MET 122,R MET 122,0.0,0.0,0.0,-0.004195999999999984,0.0013287527986799341,8.403770582303536e-05,-0.27122000000000024,0.16993682237820001,0.010747748340931677,0.28463999999999995,0.1669991808363144,0.010561955576501927,0.0,0.0,0.0,0.009223999999999925,0.006639113193792946,0.0004198943867212115
HIP 123,R HIP 123,0.0,0.0,0.0,-0.047172,0.017701028670673368,0.0011195113505454075,34.236216,1.9705774547945394,0.12463026125856473,-33.85370400000001,1.903221788542724,0.12037031488508727,-0.004526495999999999,0.011728387868118275,0.0007417683789028054,0.33081350399999987,0.0487463207890078,0.003082988024929616
PHE 124,R PHE 124,0.0,0.0,0.0,-0.0038759999999999125,0.0008465364729295162,5.353966753725487e-05,-0.8261319999999999,0.13763985823881303,0.008705108977146821,0.8128840000000002,0.13569521194205675,0.008582118746323591,0.0,0.0,0.0,-0.017123999999999553,0.0038351823946195475,0.0002425582321835293
LEU 125,R LEU 125,0.0,0.0,0.0,-0.003691999999999943,0.0008373386411720632,5.2957945579483245e-05,0.39861200000000035,0.05743599442858097,0.0036325712414211424,-0.3869919999999999,0.056293515932122076,0.003560314556889648,0.0,0.0,0.0,0.00792800000000015,0.00219700159308054,0.00013895058114305863
VAL 126,R VAL 126,0.0,0.0,0.0,-0.0012639999999999958,0.00046723013601433295,2.955022842551117e-05,-0.5218440000000003,0.06829438969637043,0.004319316457033315,0.5195440000000003,0.06688623224550413,0.0042302567600558325,0.0,0.0,0.0,-0.0035639999999997974,0.0020932997874168057,0.00013239190307566765
ALA 127,R ALA 127,0.0,0.0,0.0,-0.00044000000000001547,0.0004963869458396506,3.139426699255876e-05,0.11104800000000017,0.06239728917188618,0.0039463510720664395,-0.10778399999999999,0.0618475653845809,0.003911583487029267,0.0,0.0,0.0,0.0028240000000006537,0.0012037541277189843,7.613209572842437e-05
GLU 128,R GLU 128,0.0,0.0,0.0,-0.0007599999999999732,0.0004270831300812363,2.701110882581359e-05,-16.088196,0.5398536816433581,0.034143344744408874,16.054335999999996,0.5370171981456073,0.033963949776441404,0.0,0.0,0.0,-0.03462000000000143,0.003275912086732972,0.00020718687217102512
TRP 129,R TRP 129,0.0,0.0,0.0,-0.00030800000000005313,0.0004616665463297871,2.9198356118115517e-05,0.35246800000000006,0.06810469129215738,0.004307318876517065,-0.34997600000000006,0.06760230339270919,0.0042755450758937864,0.0,0.0,0.0,0.0021839999999995995,0.0009413522188853105,5.953634184261904e-05
ASN 130,R ASN 130,0.0,0.0,0.0,-0.0002120000000000175,0.00040872484632088085,2.585002901352551e-05,0.02404799999999989,0.25054819435789166,0.01584605915626972,-0.02304799999999994,0.24889063802401246,0.015741226088967785,0.0,0.0,0.0,0.000787999999998874,0.0018305889762585553,0.00011577661249145867
GLU 131,R GLU 131,0.0,0.0,0.0,-0.00015600000000000236,0.00036285534307765676,2.294898690574414e-05,-11.696895999999997,0.7289633935830063,0.04610369309216141,11.679871999999994,0.7261721280908985,0.045927157961975586,0.0,0.0,0.0,-0.01718000000000194,0.0029508642801715926,0.00018662904382750947
PRO 132,R PRO 132,0.0,0.0,0.0,-9.599999999998943e-05,0.0002945912422323191,1.8631586083850286e-05,-0.19813599999999965,0.06399310512859946,0.004047279335059532,0.19726800000000005,0.06360481252232399,0.0040227215543708625,0.0,0.0,0.0,-0.0009639999999996647,0.0007607259690584286,4.811253474926821e-05
SER 133,R SER 133,0.0,0.0,0.0,-0.00026000000000001754,0.00043863424398925575,2.7741665415041394e-05,-0.09401600000000007,0.12718512390999168,0.008043893520926278,0.09739999999999997,0.12669563528393551,0.0080129355419846,0.0,0.0,0.0,0.0031239999999999584,0.0014242977216859663,9.008049733432503e-05
ILE 134,R ILE 134,0.0,0.0,0.0,-0.0005559999999999832,0.0004968541033341521,3.142381262673162e-05,-0.29255600000000015,0.07973485350836201,0.00504287491972583,0.2928959999999999,0.07950002002515537,0.005028022746169753,0.0,0.0,0.0,-0.00021600000000018582,0.0009172480580518909,5.801186085620647e-05
ASN 135,R ASN 135,0.0,0.0,0.0,-0.00021200000000000686,0.0004087248463208603,2.585002901352421e-05,-0.2527159999999996,0.2748182733080173,0.01738103372575982,0.2525919999999997,0.2735044598100733,0.017297940864276305,0.0,0.0,0.0,-0.0003359999999987622,0.001577055484122076,9.974174652570538e-05
PHE 136,R PHE 136,0.0,0.0,0.0,-0.0003399999999999821,0.0004737087712930554,2.9959973297716825e-05,0.08094400000000031,0.04577410691646491,0.002895008714321918,-0.07826400000000008,0.04540134694037154,0.0028714333034218185,0.0,0.0,0.0,0.0023400000000004264,0.0010355674772794332,6.549503797995356e-05
TYR 137,R TYR 137,0.0,0.0,0.0,-0.0010679999999999197,0.0004091161204352592,2.5874775361343527e-05,0.2180880000000006,0.09703772594202695,0.006137204658800269,-0.21307200000000007,0.09612738848007871,0.006079629862417602,0.0,0.0,0.0,0.003948000000000375,0.0015340456316546205,9.702156461320594e-05
LYS 138,R LYS 138,0.0,0.0,0.0,-0.0009119999999999955,0.0004563507423025057,2.8862155151689418e-05,15.865363999999994,0.859326815306141,0.05434859981652497,-15.814592000000001,0.8505321402133086,0.05379237572503491,0.0,0.0,0.0,0.04986000000000041,0.008702666258108187,0.0005504049418383332
ARG 139,R ARG 139,0.0,0.0,0.0,-0.0003159999999999883,0.0004649128950674349,2.9403673239919105e-05,12.101379999999999,0.33400072395135016,0.021124060556628407,-12.080528000000001,0.331853101862707,0.0209882330095604,0.0,0.0,0.0,0.02053600000000199,0.002271718292395906,0.00014367608012478864
ARG 140,R ARG 140,0.0,0.0,0.0,-0.00039200000000003143,0.0004881966816765942,3.087626920468455e-05,12.521748,0.38931319589236907,0.024622328443583894,-12.496384000000004,0.38650770308466414,0.024444893498952527,0.0,0.0,0.0,0.024971999999998617,0.0029153414894321334,0.0001843823852758649
GLY 141,R GLY 141,0.0,0.0,0.0,-0.000571999999999969,0.0004947888438515695,3.1293194148247175e-05,-0.4322559999999997,0.08277771719490702,0.005235322516903808,0.43459199999999987,0.08291746218981924,0.005244160766414433,0.0,0.0,0.0,0.0017640000000000739,0.0011917650775212963,7.537384161628864e-05
ALA 142,R ALA 142,0.0,0.0,0.0,-0.0014960000000000609,0.000588204046228862,3.7201290300203586e-05,0.6387359999999997,0.07302439526623833,0.004618468275954621,-0.6242880000000002,0.07157511478160355,0.0045268077299570495,0.0,0.0,0.0,0.01295199999999971,0.002664900748620197,0.00016854312207855278
SER 143,R SER 143,0.0,0.0,0.0,-0.006051999999999991,0.002400269984814233,0.0001518064030270149,-0.4648839999999999,0.4941617857989432,0.0312535355148182,0.47151600000000005,0.4829336038670326,0.030543402937066456,0.0,0.0,0.0,0.0005799999999996768,0.01431515281092111,0.0009053697587174481
ASP 144,R ASP 144,0.0,0.0,0.0,-0.008623999999999996,0.002577328849797779,0.0001630045888924596,-23.21847599999998,1.0492497516915742,0.06636038099422968,23.129515999999985,1.0423172155082636,0.06592192890821384,0.0,0.0,0.0,-0.09758400000000114,0.014503066710184183,0.0009172544772309431
LEU 145,R LEU 145,0.0,0.0,0.0,-0.3960040000000002,0.18154070613501463,0.01148164238843899,0.061695999999999,0.313219213305953,0.01980972241945859,0.10811199999999996,0.3092642421231397,0.019559588079098186,-0.08729504640000006,0.03192417953279798,0.0020190623951154333,-0.3134910464000013,0.1642689486904131,0.010389280534060782
SER 146,R SER 146,0.0,0.0,0.0,-0.012471999999999973,0.002852580586065901,0.00018041303722292443,0.14340000000000053,0.3241606762085745,0.020501721293589015,-0.13470399999999993,0.32428229736450315,0.02050941329087695,0.0,0.0,0.0,-0.0037759999999989412,0.012066060831937208,0.0007631246923013545
SER 147,R SER 147,0.0,0.0,0.0,-0.004668000000000025,0.0013136879385912067,8.308492041279246e-05,0.6790119999999998,0.2690412828099063,0.017015664765856194,-0.6497040000000002,0.26308578141739136,0.016639005785683163,0.0,0.0,0.0,0.024639999999999294,0.0077603092721884185,0.0004908050529487794
GLU 148,R GLU 148,0.0,0.0,0.0,-0.034903999999999984,0.02701997009620855,0.001708892956273159,-27.483624,4.654700888631249,0.29438913269769,27.462716,4.684905526832239,0.2962994417500192,-0.0010415520000000007,0.004951599253858899,0.00031316663405168824,-0.05685355199999802,0.03748459195353094,0.0023707337547035656
GLU 149,R GLU 149,0.0,0.0,0.0,-0.2909599999999999,0.431706333518516,0.027303505884776057,-54.146123999999986,13.647831919122748,0.8631646797514961,53.96578800000002,13.110601612399535,0.8291872518051716,-0.15112998720000012,0.08713795080672558,0.00551108790377919,-0.6224259872000009,0.8540410244282013,0.05401429704833236
GLY 150,R GLY 150,0.0,0.0,0.0,-0.022996000000000003,0.007105208230586882,0.00044937282516858794,0.19946399999999967,0.39600510186612436,0.02504556173887897,-0.16758800000000001,0.40897238324366114,0.02586568462314501,0.0,0.0,0.0,0.008879999999999277,0.01832772762783307,0.0011591472727829463
TRP 151,R TRP 151,0.0,0.0,0.0,-2.480735999999999,0.5565360027024338,0.0351984273685063,-0.022771999999999765,1.1486249518515605,0.0726454205030434,-0.40509999999999996,1.0393772183379812,0.06573598716076301,-0.3908499551999999,0.07607667720928495,0.004811511535975254,-3.299457955199999,0.7788475276053005,0.04925864274447234
ARG 152,R ARG 152,0.0,0.0,0.0,-0.039640000000000016,0.0102453111226551,0.0006479703696929368,21.44844800000001,0.8203954554333573,0.051886364424411385,-21.346023999999993,0.8129429053902981,0.05141502377416232,0.0,0.0,0.0,0.06278400000000056,0.03018213617357232,0.0019088858991569537
LEU 153,R LEU 153,0.0,0.0,0.0,-0.025340000000000022,0.006846342089028258,0.00043300069284009146,0.5459879999999994,0.1493263669148906,0.009444228683381302,-0.49500400000000006,0.13315427136971594,0.008421415554169016,0.0,0.0,0.0,0.02564399999999946,0.022140398912396195,0.0014002817773577354
PHE 154,R PHE 154,0.0,0.0,0.0,-0.019200000000000047,0.006361131974735351,0.0004023133107417674,-0.5675360000000003,0.13525516886241465,0.008554287978318312,0.5555199999999999,0.13124396214683542,0.00830059699057844,0.0,0.0,0.0,-0.0312160000000005,0.012389081644738604,0.0007835543223031802
LYS 155,R LYS 155,0.0,0.0,0.0,-0.0038879999999999553,0.0011151035826325172,7.052534296265068e-05,16.17724,0.736547528948389,0.046583355928914265,-16.116747999999998,0.7301032670081761,0.046175785017518095,0.0,0.0,0.0,0.056603999999998565,0.00707101011171588,0.00044720994622207683
ILE 156,R ILE 156,0.0,0.0,0.0,-0.003216000000000058,0.0010702074565242278,6.768586263024375e-05,-0.21479200000000112,0.06882665716130593,0.0043529800073053146,0.21230800000000002,0.06754392005206682,0.004271852589216999,0.0,0.0,0.0,-0.005700000000000753,0.0028930952282982592,0.00018297540818374645
ASP 157,R ASP 157,0.0,0.0,0.0,-0.00048000000000000755,0.0004995998398718785,3.159746825301082e-05,-13.556572000000001,0.6141259519154044,0.03884073556543448,13.528811999999997,0.6107074067473265,0.03862452778512869,0.0,0.0,0.0,-0.02823999999999998,0.003695186057562435,0.0002337040863999071
LYS 158,R LYS 158,0.0,0.0,0.0,-0.0002879999999999932,0.000452831094338706,2.8639553069137798e-05,11.667839999999996,0.5673961917391677,0.03588528603202769,-11.649848000000002,0.5642962634077908,0.03568922934981897,0.0,0.0,0.0,0.0177040000000012,0.003177480763120719,0.00020096152865662847
GLU 159,R GLU 159,0.0,0.0,0.0,-0.00015200000000000814,0.0003590208907570892,2.270647484749791e-05,-11.253072,0.6383077085670482,0.040370124142296904,11.238147999999995,0.6360160108802886,0.04022518445432291,0.0,0.0,0.0,-0.015075999999999453,0.002470268001654967,0.00015623346632524573
TYR 160,R TYR 160,0.0,0.0,0.0,-0.0005079999999999813,0.0004999359959034567,3.161872862719063e-05,0.08582800000000003,0.06290486798332928,0.003978453174790467,-0.08176799999999994,0.0625629457107,0.003956828111505475,0.0,0.0,0.0,0.003552000000000021,0.0011829184249139701,7.481433017814029e-05
LEU 161,R LEU 161,0.0,0.0,0.0,-0.0008639999999999403,0.00046206493050215405,2.922355214548433e-05,0.08047599999999988,0.0500044140451623,0.003162556828896534,-0.07630399999999998,0.04903080240012396,0.003100980221800843,0.0,0.0,0.0,0.003307999999999744,0.0017496102423117206,0.00011065506766528278
LEU 162,R LEU 162,0.0,0.0,0.0,-0.00019200000000000017,0.0003938730760029179,2.491072058371659e-05,-0.02458799999999968,0.0370482152876492,0.0023431348710648337,0.02397599999999997,0.03686526039511995,0.0023315637876755585,0.0,0.0,0.0,-0.000804000000000042,0.0007359239091102727,4.6543914747264004e-05
LYS 163,R LYS 163,0.0,0.0,0.0,-0.0001520000000000259,0.0003590208907571312,2.2706474847500563e-05,11.299372000000012,0.631049558763601,0.03991107844274497,-11.281844000000003,0.6276185112501994,0.039694079944692845,0.0,0.0,0.0,0.01737600000000057,0.0034633255694488095,0.00021903994156315804
MET 164,R MET 164,0.0,0.0,0.0,-0.0008200000000000074,0.0004600000000000159,2.9092954473550095e-05,0.060139999999999985,0.08454840270519634,0.005347310501551243,-0.057531999999999986,0.08407059519237386,0.00531709130107806,0.0,0.0,0.0,0.0017880000000002592,0.001023257543339081,6.471648939799906e-05
ALA 165,R ALA 165,0.0,0.0,0.0,-0.000139999999999997,0.0003469870314579421,2.1945386758951858e-05,0.1125719999999996,0.03270395719175339,0.002068379864531695,-0.11174799999999999,0.03256176432566256,0.002059386798054208,0.0,0.0,0.0,0.0006839999999996003,0.0006986730279596396,4.418796216157932e-05
THR 166,R THR 166,0.0,0.0,0.0,-9.59999999999992e-05,0.00029459124223234906,1.863158608385218e-05,0.2686039999999998,0.04283166099978041,0.0027089120945502166,-0.26692,0.04251458102816009,0.0026888581963353812,0.0,0.0,0.0,0.0015880000000001147,0.000688662471752191,4.355483899636582e-05
GLU 167,R GLU 167,0.0,0.0,0.0,-0.00017999999999998196,0.00038418745424593245,2.4298148077577472e-05,-11.560768000000001,0.9067193182986396,0.057345964885977804,11.544984000000003,0.9033606365920415,0.05713354320340997,0.0,0.0,0.0,-0.01596399999999892,0.0034955262836955294,0.0002210764935492354
GLU 168,R GLU 168,0.0,0.0,0.0,-8.79999999999983e-05,0.0002832948993540069,1.791714262933651e-05,-21.583751999999986,0.6721041128397985,0.04250759642681165,21.55641199999999,0.6693504270981689,0.04233343804873406,0.0,0.0,0.0,-0.0274280000000017,0.0028335165430946174,0.00017920732127891284
ALA 169,R ALA 169,0.0,0.0,0.0,-3.2000000000000026e-05,0.00017600000000000016,1.1131217363792705e-05,9.800888000000008,0.34733247970182723,0.02196723482423951,-9.791116000000008,0.3459824830014449,0.021881853536101108,0.0,0.0,0.0,0.009739999999999952,0.001472548810734524,9.3132164153866e-05
LYS 170,R LYS 170,0.0,0.0,0.0,-0.00010399999999999921,0.0003052605444534203,1.930637200511775e-05,10.879088000000003,0.9107380437073475,0.05760013139762396,-10.864264000000007,0.906400888296042,0.05732582560430697,0.0,0.0,0.0,0.014720000000001053,0.004410170064747586,0.0002789236454658926
PHE 171,R PHE 171,0.0,0.0,0.0,-0.0003280000000000172,0.00046948482403590325,2.969282741673639e-05,0.23633200000000057,0.047357679166108405,0.002995162617288122,-0.23411199999999988,0.04703678832573568,0.002974867698570855,0.0,0.0,0.0,0.0018920000000007486,0.0008581002272464672,5.427102357613826e-05
VAL 172,R VAL 172,0.0,0.0,0.0,-0.00019599999999997132,0.0003969685126051611,2.5106493184031415e-05,-0.20225999999999966,0.04533537691472374,0.0028672609926548827,0.20225999999999983,0.04490906812660498,0.002840298857514855,0.0,0.0,0.0,-0.00019599999999965335,0.0009282154922217674,5.8705502297501825e-05
ILE 173,R ILE 173,0.0,0.0,0.0,-0.0006319999999999517,0.0004822613399392109,3.0500885233052706e-05,0.40139600000000064,0.04386286794089259,0.002774131348008009,-0.39561599999999975,0.043241606630653996,0.00273483933275812,0.0,0.0,0.0,0.0051480000000006,0.0012641582179465977,7.99523858306159e-05
ARG 174,R ARG 174,0.0,0.0,0.0,-0.00048799999999995337,0.0004998559792579769,3.161366793018178e-05,13.570276000000003,0.46478427665330674,0.029395538697165432,-13.538660000000004,0.46133513241467894,0.02917739566171521,0.0,0.0,0.0,0.03112800000000004,0.0035167621472004043,0.0002224195674843524
PRO 175,R PRO 175,0.0,0.0,0.0,-0.00044000000000001015,0.0004963869458396446,3.139426699255839e-05,0.282616,0.056059865715144,0.0035455372196607823,-0.2793360000000001,0.055428071443989,0.0035055790414708662,0.0,0.0,0.0,0.0028399999999998435,0.0011164228589561306,7.06087813235657e-05
ALA 176,R ALA 176,0.0,0.0,0.0,-0.000527999999999988,0.0004992153843783137,3.157315315263824e-05,0.21932799999999952,0.11661404896495102,0.007375320038072923,-0.21544799999999992,0.11598599612022155,0.007335598488467059,0.0,0.0,0.0,0.003351999999999149,0.0011983722293184948,7.579171458680109e-05
THR 177,R THR 177,0.0,0.0,0.0,-0.0002960000000000367,0.00045649096376604363,2.887102353572186e-05,-0.27006399999999997,0.11068606011598779,0.007000401103936849,0.2702200000000001,0.11020462603720362,0.006969952539293191,0.0,0.0,0.0,-0.00013999999999993662,0.0010041912168506908,6.35106290316848e-05
ALA 178,R ALA 178,0.0,0.0,0.0,-0.00017599999999998772,0.0003808201675331545,2.408518216663348e-05,-0.17684000000000047,0.07644866512896115,0.004835038117740145,0.17658000000000004,0.07597365069548795,0.004804995567115548,0.0,0.0,0.0,-0.0004360000000008135,0.000828193214171598,5.2379537989557804e-05
ALA 179,R ALA 179,0.0,0.0,0.0,-0.00012000000000000277,0.000324961536185446,2.0552372125864688e-05,0.0023120000000000688,0.048491882372207355,0.003066895926502883,-0.0011719999999999864,0.048140777060616695,0.0030446900768386913,0.0,0.0,0.0,0.0010200000000000565,0.0007717512552628587,4.880983507449285e-05
ASP 180,R ASP 180,0.0,0.0,0.0,-0.00048399999999997154,0.0004997439344303936,3.16065815930777e-05,-14.886779999999998,0.48671101446352166,0.03078230735991767,14.85135199999999,0.4838240300939268,0.03059971843637317,0.0,0.0,0.0,-0.03591200000000055,0.003260714032232495,0.0002062256628065275
CYS 181,R CYS 181,0.0,0.0,0.0,-0.0006479999999999819,0.00047759396981116275,3.020569482729943e-05,-0.705528,0.15292874555164596,0.009672063113110889,0.7031439999999999,0.15169277920850496,0.009593893737998193,0.0,0.0,0.0,-0.003032000000000217,0.001740969844655645,0.00011010860093562721
SER 182,R SER 182,0.0,0.0,0.0,-0.0004439999999999693,0.0004968541033341326,3.142381262673038e-05,-0.2846479999999998,0.1400769649014431,0.008859245136240475,0.2860199999999999,0.13869824656425903,0.00877204733229364,0.0,0.0,0.0,0.0009280000000004367,0.0018007820523321856,0.00011389145709844472
ASP 183,R ASP 183,0.0,0.0,0.0,-0.00085600000000003,0.00036230373997519447,2.2914100462380217e-05,-15.707984,0.4747285200448146,0.03002446787165028,15.669636000000013,0.4716209065593058,0.029827925137617027,0.0,0.0,0.0,-0.03920399999999967,0.003740906841930206,0.00023659572270013867
ILE 184,R ILE 184,0.0,0.0,0.0,-0.004091999999999956,0.0008919282482352175,5.64104954773469e-05,-0.7854439999999997,0.09420984483587612,0.005958353753848409,0.7839320000000004,0.09411397014258668,0.005952290105833115,0.0,0.0,0.0,-0.005603999999999823,0.003967768138387902,0.0002509436908950388
LEU 185,R LEU 185,0.0,0.0,0.0,-0.004068000000000055,0.0008528634122765757,5.393981831634379e-05,-0.8217160000000004,0.11819168898023126,0.007475098753595091,0.8147440000000001,0.11717999173920188,0.007411113401911867,0.0,0.0,0.0,-0.011039999999999987,0.002460569039876563,0.00015562005012207227
ARG 186,R ARG 186,0.0,0.0,0.0,-0.00234400000000004,0.0006210185182423848,3.927665973577525e-05,16.276235999999987,0.4935829133030086,0.0312169244035786,-16.21338,0.4871791658106076,0.030811915850847024,0.0,0.0,0.0,0.060511999999997894,0.007412007555310023,0.00046877651818312256
LEU 187,R LEU 187,0.0,0.0,0.0,-0.006471999999999987,0.0015649971245980387,9.897910890688255e-05,-0.7427040000000013,0.14846923042839447,0.009390018612122065,0.7532279999999998,0.1482645474009225,0.009377073320818259,0.0,0.0,0.0,0.0040519999999989904,0.01020280824087182,0.0006452822514218159
ILE 188,R ILE 188,0.0,0.0,0.0,-0.029584000000000003,0.008609468276264267,0.0005445105839191771,-1.0467880000000005,0.23528544165757245,0.014880757918331839,1.0861480000000001,0.23926145969628762,0.015132223378736948,0.0,0.0,0.0,0.009776000000000486,0.014844454318027224,0.0009388457253457506
LYS 189,R LYS 189,0.0,0.0,0.0,-0.008948000000000036,0.0021525092334296336,0.0001361366372436139,19.499907999999998,1.0254635885959258,0.06485601195065988,-19.411163999999985,1.013722633221157,0.06411344873284658,0.0,0.0,0.0,0.07979599999999964,0.013749559411124438,0.0008695984912591341
GLU 190,R GLU 190,0.0,0.0,0.0,-0.006743999999999964,0.001924178785872108,0.00012169575177466565,-19.602016000000017,0.7391594359427741,0.046748547431689894,19.548539999999992,0.735807214153394,0.046536534310160166,0.0,0.0,0.0,-0.06022000000000088,0.008927463245512725,0.0005646223516651837
LEU 191,R LEU 191,0.0,0.0,0.0,-0.18249999999999997,0.09235770677101085,0.0058412142573269895,0.559608,0.4030340709369363,0.02549011277621183,-0.41063600000000017,0.41022272914113367,0.02594476344112622,-0.023074070399999997,0.022730319707629384,0.001437591644398429,-0.056602070399999885,0.08681732413100902,0.00549080969230174
ALA 192,R ALA 192,0.0,0.0,0.0,-0.044944000000000005,0.02142365197626215,0.0013549507208751189,-0.13467600000000027,0.2307957084176392,0.014596802255836712,0.12668400000000002,0.2311260784593551,0.014617696691886855,-3.830400000000001e-06,6.044269249330311e-05,3.822731523839989e-06,-0.05293983040000019,0.024524872917310443,0.0015510891548975864
LYS 193,R LYS 193,0.0,0.0,0.0,-0.009307999999999986,0.003204549266277581,0.00020267349111317132,19.068448,0.7416730865385974,0.046907524654182714,-18.974916,0.7304781426874898,0.04619949423723878,0.0,0.0,0.0,0.08422399999999795,0.012925239804353698,0.0008174639417125363
TYR 194,R TYR 194,0.0,0.0,0.0,-0.025551999999999957,0.018184149581434963,0.0011500665998106395,0.5195800000000002,0.2698876277268001,0.017069192318326,-0.47629200000000027,0.2745984827634701,0.017367132951181065,-9.175680000000063e-05,0.0010356485221800708,6.550016370952869e-05,0.01764424319999973,0.01631670786252803,0.001031959215223323
GLU 195,R GLU 195,0.0,0.0,0.0,-0.25155599999999995,0.3236660360062516,0.020470437500356476,-40.544415999999984,7.856266779771839,0.4968739385999092,41.002236000000025,8.171362868230862,0.5168023650267173,-0.053589686399999975,0.052988552752804015,0.0033512903322969164,0.15267431359999983,0.3872958355661139,0.024494739373739364
TYR 196,R TYR 196,0.0,0.0,0.0,-0.01978000000000001,0.008408305417859162,0.0005317879276553755,-0.08152399999999994,0.32708278069014907,0.020686531408044235,0.12039599999999981,0.3290272559895304,0.020809510824043892,0.0,0.0,0.0,0.019092000000000126,0.009330998660379737,0.0005901441722155984
MET 197,R MET 197,0.0,0.0,0.0,-0.526176,0.2541161172062883,0.0160717144106035,-2.249724000000001,0.8625934661380155,0.054555200955509114,2.135496,0.6951205319827588,0.04396328258826875,-0.16698574079999998,0.04266246346428696,0.002698211102817287,-0.807389740800001,0.35855152086565484,0.02267678928905714
GLU 198,R GLU 198,0.0,0.0,0.0,-0.01349200000000003,0.004110709914357854,0.0002599841225921303,-20.880476,0.7440995319335975,0.047060986535507256,20.817096,0.738568327769309,0.046711162468256066,0.0,0.0,0.0,-0.07687200000000076,0.013701080833278126,0.0008665324367847317
GLU 199,R GLU 199,0.0,0.0,0.0,-0.008896000000000003,0.004648998171649425,0.0002940284612074124,-19.01893199999999,1.20394505164324,0.07614417081763367,18.98732,1.2048640892647988,0.07620229586042387,0.0,0.0,0.0,-0.040507999999999524,0.007037182390700073,0.00044507049329282303
GLN 200,R GLN 200,0.0,0.0,0.0,-0.14915599999999998,0.2709987078640783,0.017139463196261435,-1.377916000000001,2.753207869548538,0.1741281547934624,1.5237559999999988,2.709604219155264,0.17137041780265352,-0.04554023040000002,0.07225872842248605,0.004570043252852031,-0.04885623040000027,0.264757987092404,0.016744765358669145
VAL 201,R VAL 201,0.0,0.0,0.0,-0.03627199999999998,0.016815885822638155,0.0010635300014574162,0.8817480000000001,0.145690042542379,0.009214247336814918,-0.8806319999999995,0.14449077678523473,0.009138399110566473,0.0,0.0,0.0,-0.035155999999999944,0.027052461329794327,0.0017109478823155513
ILE 202,R ILE 202,0.0,0.0,0.0,-0.015599999999999985,0.011762652762026012,0.0007439354810734549,0.9653839999999995,0.14115153751908,0.00892720707590011,-0.9485480000000005,0.13907229665177373,0.008795704337004275,-2.393280000000031e-05,0.0003776532139995153,2.388488643842911e-05,0.0012120671999993036,0.009911496104607297,0.0006268580542089114
LEU 203,R LEU 203,0.0,0.0,0.0,-0.008900000000000016,0.002931552489722833,0.00018540765895723015,0.2960360000000004,0.12387494784660918,0.007834539604597106,-0.27994,0.12211362086188425,0.007723143505076159,0.0,0.0,0.0,0.007196000000000062,0.004553414542955505,0.0002879832217334801
THR 204,R THR 204,0.0,0.0,0.0,-0.0014359999999999928,0.0005566902190626601,3.520818086752183e-05,-0.28249199999999985,0.27575505423473173,0.01744028095370024,0.28688799999999987,0.2732632786453386,0.017282687228090426,0.0,0.0,0.0,0.0029600000000000433,0.00300772339153679,0.00019022512978045326
GLU 205,R GLU 205,0.0,0.0,0.0,-0.0007160000000000437,0.0004509368026675399,2.8519747544466364e-05,-15.107712000000006,0.5380589457074805,0.03402983567729033,15.076307999999992,0.5354005277699023,0.033861702564182444,0.0,0.0,0.0,-0.032120000000001765,0.002942379989056664,0.00018609245014240738
LYS 206,R LYS 206,0.0,0.0,0.0,-0.0003039999999999896,0.0004599826083668656,2.9091854530090395e-05,12.818524,0.42997774061451444,0.02719418007029906,-12.793316000000008,0.42687854027094685,0.026998169430082063,0.0,0.0,0.0,0.024903999999998545,0.0031532180387640984,0.00019942701923247319
ASP 207,R ASP 207,0.0,0.0,0.0,-0.0008999999999999595,0.0004582575694955602,2.8982753492377374e-05,-17.286068000000007,0.754509095621544,0.04771934514955713,17.247164000000005,0.7509711959216387,0.04749558872585859,0.0,0.0,0.0,-0.03980399999999955,0.004598867686723961,0.0002908579309559483
LEU 208,R LEU 208,0.0,0.0,0.0,-0.0020560000000000044,0.0005485107109255207,3.4690863350457e-05,0.19081600000000076,0.0694360003456423,0.004391518254089371,-0.18234400000000003,0.06867786880793549,0.004343569805586183,0.0,0.0,0.0,0.006416000000001162,0.0022545385337133326,0.00014258953678300892
LEU 209,R LEU 209,0.0,0.0,0.0,-0.00038400000000000744,0.0004863578929142702,3.075997399218723e-05,-0.05848399999999947,0.06269068307172881,0.00396490693156848,0.05827600000000002,0.06239711390761593,0.003946339987380711,0.0,0.0,0.0,-0.0005919999999997075,0.0008908063762679398,5.6339542064153076e-05
GLU 210,R GLU 210,0.0,0.0,0.0,-0.00024400000000001043,0.00042949272403617716,2.7163504928489317e-05,-12.531616000000001,0.3885317754623434,0.02457290707620251,12.511615999999995,0.3871906669124079,0.02448808792405607,0.0,0.0,0.0,-0.0202439999999998,0.0015800202530348159,9.992925497571177e-05
ASP 211,R ASP 211,0.0,0.0,0.0,-0.0005560000000000187,0.0004968541033341836,3.1423812626733605e-05,-15.208195999999992,0.7819084176450873,0.049452230428333334,15.179715999999994,0.7780582981654839,0.049208727491946755,0.0,0.0,0.0,-0.029036000000000287,0.004181232354223527,0.000264444353314686
GLY 212,R GLY 212,0.0,0.0,0.0,-0.0005520000000000139,0.0004972886485734528,3.1451295680783075e-05,0.16537999999999983,0.09995612837640291,0.006321780635232431,-0.16021599999999997,0.09946726770149067,0.006290862371408234,0.0,0.0,0.0,0.00461199999999972,0.0013525738427163352,8.554428093099932e-05
PHE 213,R PHE 213,0.0,0.0,0.0,-0.0010080000000000488,0.0003686949958976932,2.331831897886295e-05,0.25271600000000016,0.050329825590796795,0.0031831376621189503,-0.2520799999999999,0.05051029202053795,0.0031945513613025663,0.0,0.0,0.0,-0.00037199999999928935,0.0014260490875151793,9.019126343505508e-05
GLY 214,R GLY 214,0.0,0.0,0.0,-0.00012399999999999523,0.00032958155288181966,2.0844567637635632e-05,-0.032796000000000505,0.12069801317337445,0.0076336126136974155,0.03408800000000007,0.12025270165780068,0.007605448640547122,0.0,0.0,0.0,0.0011679999999994752,0.000873942789889873,5.527299521467946e-05
GLU 215,R GLU 215,0.0,0.0,0.0,-0.00016000000000000324,0.0003666060555964747,2.3186202793903575e-05,-11.481716,0.46211871563917944,0.029226953816229622,11.465647999999998,0.4601729980084001,0.029103895828293435,0.0,0.0,0.0,-0.01622800000000035,0.0020668855798031995,0.00013072132190271652
HID 216,R HID 216,0.0,0.0,0.0,-0.0003760000000000332,0.00048438001610310173,3.063488207909677e-05,0.19103999999999974,0.057813202644378836,0.0036564279837021335,-0.18538399999999997,0.05741996642283906,0.003631557541331248,0.0,0.0,0.0,0.005280000000000221,0.001278123624693747,8.08356357060494e-05
PRO 217,R PRO 217,0.0,0.0,0.0,-0.0005119999999999827,0.0004998559792580076,3.161366793018373e-05,0.1357800000000001,0.104755503912682,0.006625319796055111,-0.129444,0.10358030152495214,0.006550993470917217,0.0,0.0,0.0,0.005824000000000204,0.0015129520811975519,9.568749134552549e-05
PHE 218,R PHE 218,0.0,0.0,0.0,-0.002384000000000057,0.0005182123117024147,3.277462433041518e-05,-0.46644399999999997,0.10481568042998148,0.006629125693181568,0.4741120000000002,0.10298902590082025,0.00651359791697333,0.0,0.0,0.0,0.00528399999999963,0.003993412575730306,0.0002525655875213483
TYR 219,R TYR 219,0.0,0.0,0.0,-0.004931999999999981,0.0009546601489535002,6.037800924177343e-05,0.4504159999999999,0.13152026058368282,0.00831807163806608,-0.4359520000000002,0.12888760101731994,0.008151567627395323,0.0,0.0,0.0,0.009531999999999556,0.004508766571913099,0.0002851594361054952
HIE 220,R HIE 220,0.0,0.0,0.0,-0.00257999999999997,0.0005325410782278225,3.368085509603649e-05,-0.882944,0.12819661798971255,0.008107866023560156,0.8724440000000009,0.12616040133100076,0.007979084374538016,0.0,0.0,0.0,-0.013080000000000534,0.005591565076076169,0.0003536416265090675
CYS 221,R CYS 221,0.0,0.0,0.0,-0.0029519999999999876,0.0006047280380469189,3.824635930386451e-05,0.383876,0.2543387123974638,0.016085792566609806,-0.36706400000000017,0.24738291756707842,0.015645869474592955,0.0,0.0,0.0,0.013859999999999635,0.008622319873444608,0.0005453233902923947
LEU 222,R LEU 222,0.0,0.0,0.0,-0.002479999999999926,0.0005878775382679754,3.7180640123592004e-05,-0.6965399999999997,0.070881594225865,0.0044829456387514574,0.6922600000000002,0.06938605335368049,0.004388359328951902,0.0,0.0,0.0,-0.006759999999999572,0.003736094217227792,0.0002362913455884743
VAL 223,R VAL 223,0.0,0.0,0.0,-0.0013360000000000377,0.0005050782117653287,3.194395091406586e-05,0.2697119999999999,0.04865689114606533,0.00307733199768894,-0.260752,0.047352407499513166,0.0029948292078180025,0.0,0.0,0.0,0.00762399999999969,0.0028401802759679485,0.00017962877275088613
ALA 224,R ALA 224,0.0,0.0,0.0,-0.0006839999999999868,0.00046491289506744225,2.9403673239919572e-05,-0.1717040000000002,0.05307821006778604,0.0033569607587816833,0.16904399999999994,0.05229816501561037,0.003307626377933283,0.0,0.0,0.0,-0.003344000000000618,0.0016809711478785977,0.00010631395016648173
GLU 225,R GLU 225,0.0,0.0,0.0,-0.00034800000000000255,0.00047633601585435776,3.0126134833396932e-05,-12.88428000000001,0.3802914166789434,0.024051741026352148,12.860476,0.3782657708862109,0.023923627937596705,0.0,0.0,0.0,-0.02415200000000061,0.002220111708901462,0.00014041219320274677
VAL 226,R VAL 226,0.0,0.0,0.0,-0.00019199999999998241,0.00039387307600288144,2.4910720583714283e-05,-0.0311160000000001,0.03858930608342169,0.002440602010980083,0.031628,0.038221376427334475,0.002417332096340922,0.0,0.0,0.0,0.00031999999999993633,0.0008255906976214628,5.221494039062359e-05
PRO 227,R PRO 227,0.0,0.0,0.0,-9.200000000001296e-05,0.0002890259503920427,1.827960612267382e-05,-0.247348,0.027810409849552086,0.0017588847557473044,0.24571599999999993,0.027544207086064615,0.0017420486147062741,0.0,0.0,0.0,-0.0017239999999996627,0.0006868944605976335,4.344302015282611e-05
LYS 228,R LYS 228,0.0,0.0,0.0,-5.2000000000006705e-05,0.00022202702538207531,1.4042222046387491e-05,9.423464,0.31222762322380787,0.01974700875616235,-9.415252000000002,0.31116429823474406,0.019679758178994044,0.0,0.0,0.0,0.008160000000000174,0.0012158947322847848,7.689993498041175e-05
GLH 229,R GLH 229,0.0,0.0,0.0,-1.999999999999602e-05,0.00013999999999997215,8.854377448469702e-06,0.040260000000000275,0.058459219974268874,0.0036972857071099915,-0.04000000000000008,0.05827280669403192,0.0036854958960769505,0.0,0.0,0.0,0.00024000000000032174,0.000631189353522105,3.9919919839581486e-05
HIE 230,R HIE 230,0.0,0.0,0.0,-0.00013599999999999924,0.0003427885645700549,2.1679852398021413e-05,-0.23936400000000022,0.1517175253686932,0.009595458822588958,0.23863199999999996,0.1508349845891199,0.009539642042760312,0.0,0.0,0.0,-0.0008680000000003592,0.0010856224021278515,6.866078939254475e-05
TRP 231,R TRP 231,0.0,0.0,0.0,-0.0001840000000000259,0.0003874841932260493,2.450665215814207e-05,0.20695200000000022,0.04409033563038508,0.0027885176678658532,-0.20591199999999993,0.04393850539105803,0.0027789150803866143,0.0,0.0,0.0,0.0008560000000001544,0.0007009022756417513,4.43289521644618e-05
THR 232,R THR 232,0.0,0.0,0.0,-0.00016799999999999926,0.00037386628625753193,2.3645380098446192e-05,0.4888600000000001,0.07898845738460579,0.004995668683970019,-0.48590399999999984,0.07832633518811093,0.004953792399364472,0.0,0.0,0.0,0.002788000000000039,0.0010154092770897913,6.422012145737541e-05
PRO 233,R PRO 233,0.0,0.0,0.0,-0.00010400000000000098,0.0003052605444534255,1.930637200511808e-05,0.1921799999999998,0.038466863662118725,0.002432858072309217,-0.19154000000000007,0.03827563715994784,0.0024207638463922747,0.0,0.0,0.0,0.0005359999999996887,0.0006455261419957425,4.082665795775635e-05
GLU 234,R GLU 234,0.0,0.0,0.0,-0.00018800000000000237,0.00039071217027372457,2.4710807352250062e-05,-12.752720000000002,0.8673333347681754,0.05485497656913487,12.732460000000001,0.8647036951465082,0.05468866355653704,0.0,0.0,0.0,-0.02044800000000066,0.0027275072868842057,0.0001725027072252078
GLY 235,R GLY 235,0.0,0.0,0.0,-7.199999999999918e-05,0.0002584879107424533,1.6348210911289163e-05,0.040115999999999645,0.044532398812549966,0.0028164761983727124,-0.039556000000000015,0.04430330533944391,0.002801987054930839,0.0,0.0,0.0,0.0004879999999995128,0.00064641782153684,4.088305272361319e-05
HIE 236,R HIE 236,0.0,0.0,0.0,-0.00031600000000001673,0.0004649128950674769,2.940367323992176e-05,0.14697599999999994,0.15247097895665285,0.009643111411572527,-0.14334799999999995,0.15159074805541425,0.009587440721276994,0.0,0.0,0.0,0.0033120000000000554,0.0013618575549594668,8.613143444759706e-05
SER 237,R SER 237,0.0,0.0,0.0,-0.00016799999999999216,0.00037386628625751616,2.3645380098445196e-05,-0.11530799999999994,0.10875597057633228,0.0068783315232693034,0.11579600000000001,0.10791519996738186,0.0068251565209891014,0.0,0.0,0.0,0.00032000000000019567,0.0011838918869561388,7.487589732351972e-05
ILE 238,R ILE 238,0.0,0.0,0.0,-0.0007839999999999705,0.0004115142767875556,2.6026448086512682e-05,0.055563999999999794,0.08426053586347546,0.005329104203897699,-0.04791600000000001,0.08262622431165544,0.005225741265696188,0.0,0.0,0.0,0.006864000000000051,0.0028322259796849845,0.00017912569888212657
VAL 239,R VAL 239,0.0,0.0,0.0,-0.0010840000000000103,0.0003961615831955958,2.5055458487127387e-05,-0.31263199999999985,0.07716756168235409,0.0048805051279554755,0.3165240000000002,0.07641220729700038,0.004832732321989191,0.0,0.0,0.0,0.00280800000000022,0.0026372591833186522,0.00016679491598964958
GLY 240,R GLY 240,0.0,0.0,0.0,-0.0016880000000000165,0.0005715382751837193,3.6147254390892864e-05,0.7839520000000001,0.10560972349173411,0.0066793453858894096,-0.7607719999999996,0.10216598267525571,0.006461544092862217,0.0,0.0,0.0,0.021492000000000032,0.007948958170728842,0.0005027362568981744
PHE 241,R PHE 241,0.0,0.0,0.0,-0.03357599999999999,0.008603035743271181,0.0005441037548115305,-0.41852400000000045,0.2151561698487868,0.013607670987204239,0.412968,0.2117248756665119,0.013390656888442766,0.0,0.0,0.0,-0.03913200000000059,0.024839858614734315,0.001571010599582308
ALA 242,R ALA 242,0.0,0.0,0.0,-0.01208000000000002,0.0029464554977124925,0.00018635020794193036,1.183984000000001,0.16669075482460752,0.010542449002769218,-1.1141880000000002,0.15325907691226617,0.009692955102753736,0.0,0.0,0.0,0.05771600000000015,0.028837949719077757,0.0018238720832339716
MET 243,R MET 243,0.0,0.0,0.0,-0.04013199999999995,0.007548415462863823,0.0004774037117576765,-1.5733199999999987,0.5619379339393293,0.03554007549795032,1.536263999999999,0.5376359086817049,0.03400308046656964,0.0,0.0,0.0,-0.07718799999999976,0.03574812800693095,0.0022609101317831466
TYR 244,R TYR 244,0.0,0.0,0.0,-0.011947999999999943,0.0022806349992929163,0.00014424002218524235,-0.021075999999999737,0.12553503982554018,0.00793953304017307,0.014928000000000054,0.12277469941319341,0.007764953783764587,0.0,0.0,0.0,-0.018096000000000063,0.01029751348627432,0.0006512719370585578
TYR 245,R TYR 245,0.0,0.0,0.0,-0.017760000000000047,0.0038665747115502543,0.0002445436566341473,0.464852,0.19813984479654898,0.012531464095787134,-0.46418799999999993,0.19441440444576116,0.012295846559875413,0.0,0.0,0.0,-0.017096000000000545,0.01407319380950896,0.0008900669278206023
PHE 246,R PHE 246,0.0,0.0,0.0,-0.0017160000000000508,0.0005323006669166505,3.3665650149665065e-05,-0.3138959999999999,0.0998300014224176,0.006313803666253774,0.3116039999999999,0.09932733351902749,0.00628201215662629,0.0,0.0,0.0,-0.004008000000000927,0.0024527405080847172,0.00015512493029812684
THR 247,R THR 247,0.0,0.0,0.0,-0.0015280000000000697,0.0005302980294136428,3.3538992232921535e-05,-0.10211999999999995,0.19821707696361615,0.012536348686918393,0.10174399999999993,0.1972396472923231,0.012474530606640078,0.0,0.0,0.0,-0.001904000000000309,0.002465519012297372,0.00015593311386616774
TYR 248,R TYR 248,0.0,0.0,0.0,-0.0004280000000000328,0.0004947888438516347,3.12931941482513e-05,-0.2373759999999999,0.10017681679909837,0.006335738196611384,0.23682399999999995,0.09972679190668877,0.006307276123335653,0.0,0.0,0.0,-0.0009799999999999755,0.0009357350052228271,5.918107805707376e-05
ASP 249,R ASP 249,0.0,0.0,0.0,-0.00034800000000003274,0.0004763360158543989,3.0126134833399534e-05,-13.801712000000002,0.4905533172409265,0.031025315924649476,13.777091999999998,0.48851324192496204,0.030896290232714767,0.0,0.0,0.0,-0.024968000000000358,0.0022766150311381073,0.00014398577707543152
PRO 250,R PRO 250,0.0,0.0,0.0,-0.00012000000000000099,0.0003249615361854412,2.0552372125864383e-05,0.17220399999999964,0.017574822445760176,0.001111529368033064,-0.17204799999999998,0.017530935400029403,0.0011087537075473598,0.0,0.0,0.0,3.599999999968695e-05,0.0007005026766542296,4.430367930543648e-05
TRP 251,R TRP 251,0.0,0.0,0.0,-0.0002120000000000033,0.0004087248463208534,2.5850029013523776e-05,0.07514400000000018,0.025149856142729396,0.0015906165647320333,-0.07472799999999999,0.025041206360716786,0.0015837449491632205,0.0,0.0,0.0,0.0002040000000000397,0.0007172056887669832,4.536007054667013e-05
ILE 252,R ILE 252,0.0,0.0,0.0,-0.00028399999999999893,0.00045093680266751165,2.851974754446458e-05,0.11100000000000046,0.07383787645917238,0.00466991734402227,-0.10938800000000001,0.07331868422169062,0.004637080743743842,0.0,0.0,0.0,0.0013280000000004879,0.0009361709245648943,5.920864801701485e-05
GLY 253,R GLY 253,0.0,0.0,0.0,-0.00016800000000001346,0.0003738662862575636,2.3645380098448194e-05,-0.33464000000000027,0.04678100469207509,0.002958690521159624,0.3338120000000001,0.04652303360701981,0.0029423749971748295,0.0,0.0,0.0,-0.0009960000000004978,0.0007615668059999518,4.816571394678867e-05
LYS 254,R LYS 254,0.0,0.0,0.0,-0.0004440000000000062,0.0004968541033341742,3.1423812626733015e-05,13.942920000000003,0.5881160647355069,0.03719572586198468,-13.905060000000006,0.5833052720487605,0.036891464617164686,0.0,0.0,0.0,0.037415999999998686,0.00508280867237806,0.00032146504631142475
LEU 255,R LEU 255,0.0,0.0,0.0,-0.0015720000000000276,0.0005484669543372437,3.468809594082513e-05,0.14695599999999956,0.08725522370609133,0.00551850489317534,-0.13212799999999994,0.08618152711573404,0.005450598358345624,0.0,0.0,0.0,0.01325599999999983,0.004089799995110301,0.0002586616631818811
LEU 256,R LEU 256,0.0,0.0,0.0,-0.004848000000000035,0.00105493886078766,6.672019184624595e-05,-0.06426799999999991,0.1270831073589247,0.008037441427718147,0.081176,0.1264038647510431,0.007994482353223377,0.0,0.0,0.0,0.012060000000000286,0.010492683164949352,0.0006636155513548836
TYR 257,R TYR 257,0.0,0.0,0.0,-0.028607999999999918,0.019849592842171904,0.0012553984801647676,0.07605999999999938,0.2668296542740327,0.016875789095624517,-0.053216,0.2600194172441743,0.016445071887225063,-2.9980799999999864e-05,0.00026223039570453946,1.6584906443071585e-05,-0.005793980800000305,0.032473704619553755,0.002053817413226431
LEU 258,R LEU 258,0.0,0.0,0.0,-0.18261599999999995,0.07245779836566948,0.004582633541534831,-1.104976,0.4849116862110054,0.030668507849192832,1.355776,0.5551954519122075,0.03511364349218123,-0.0052252128,0.006325139800927418,0.0004000369657982929,0.06295878719999984,0.11898848694479512,0.0075254926816552496
GLU 259,R GLU 259,0.0,0.0,0.0,-0.5332839999999999,0.457557676521769,0.028938488374066797,-56.55547199999998,6.3619715957568985,0.40236641303775633,55.92323999999997,5.890715705786755,0.3725615735762493,-0.16112704320000001,0.039719914853721866,0.002512107988114297,-1.3266430432000007,0.9531830705904318,0.06028459060357644
ASP 260,R ASP 260,0.0,0.0,0.0,-0.786488,0.6597425269421399,0.041725781088243284,-64.42931599999999,7.502354044441295,0.4744905318682119,63.752524,6.836675108956575,0.43238929933765197,-0.2207971008,0.034305524841059344,0.002169671896504667,-1.6840771008000017,1.156608608298148,0.07315035127159346
PHE 261,R PHE 261,0.0,0.0,0.0,-0.33242400000000016,0.15310993509240275,0.009683522545850717,-1.462740000000001,0.4468885592628154,0.028263714150832682,1.4754719999999992,0.40067795698790476,0.02534109904609516,-0.004096944000000005,0.006253217349613232,0.0003954881905771849,-0.323788944,0.19495400963284912,0.012329974188444197
PHE 262,R PHE 262,0.0,0.0,0.0,-0.04784400000000006,0.019308124300407802,0.0012211530026986763,-0.04464799999999968,0.14529128017881884,0.009189027390534874,0.020868000000000008,0.14202733038397922,0.008982597080132224,0.0,0.0,0.0,-0.071624,0.03850956535719386,0.0024355587646369657
VAL 263,R VAL 263,0.0,0.0,0.0,-0.005924000000000039,0.001860705242643177,0.00011768133241937405,-0.6394679999999998,0.11418277004872708,0.0072215524580246555,0.6358840000000002,0.11218091880529332,0.007094944268702838,0.0,0.0,0.0,-0.009508000000000131,0.0050637867253669035,0.00032026199274969903
MET 264,R MET 264,0.0,0.0,0.0,-0.0022480000000000295,0.0006711899880064069,4.2449782096026864e-05,0.2335360000000008,0.11921939734791512,0.007540096737840987,-0.2289839999999999,0.11802026836098936,0.007464257161700673,0.0,0.0,0.0,0.0023040000000018285,0.0027076897902087583,0.00017124933868486325
SER 265,R SER 265,0.0,0.0,0.0,-0.0012479999999999993,0.0005315035277399301,3.361523464145331e-05,0.012712000000000017,0.2221782281322812,0.01405178494797013,-0.007239999999999966,0.22014296809119294,0.013923063800758795,0.0,0.0,0.0,0.004224000000000462,0.0027795366520335907,0.00017579333320690067
ASP 266,R ASP 266,0.0,0.0,0.0,-0.0004199999999999751,0.0004935585071700924,3.1215380824200766e-05,-13.30015199999999,0.5563375961556025,0.03518587903669279,13.27754000000001,0.5547577709231628,0.0350859621159025,0.0,0.0,0.0,-0.023032000000000837,0.0018822794691541365,0.00011904580630999444
TYR 267,R TYR 267,0.0,0.0,0.0,-0.0008079999999999714,0.00041368587116312906,2.6163791774129147e-05,0.10437600000000026,0.08700626772825085,0.005502759534633533,-0.10009200000000003,0.08637483161199215,0.005462824008148166,0.0,0.0,0.0,0.0034760000000006526,0.0012905130762600261,8.161921342424505e-05
ARG 268,R ARG 268,0.0,0.0,0.0,-0.005655999999999992,0.0018551722292014482,0.00011733139392337023,22.822339999999997,1.262523888249335,0.07984902174479583,-22.68430800000001,1.2400259727665564,0.07842612863416489,0.0,0.0,0.0,0.1323759999999992,0.02234892892288286,0.0014134703732304687
GLY 269,R GLY 269,0.0,0.0,0.0,-0.00027200000000000737,0.00044498988752556017,2.8143631606458376e-05,0.3746320000000002,0.044152560242867206,0.0027924530979051504,-0.37196400000000013,0.043738160729503046,0.0027662441714352277,0.0,0.0,0.0,0.0023959999999996493,0.0008192582010582088,5.181443814232217e-05
PHE 270,R PHE 270,0.0,0.0,0.0,-0.00041599999999998973,0.0004928934976239664,3.1173321927570506e-05,0.2805840000000002,0.04516453192495322,0.002856455806764823,-0.27720399999999995,0.04467941790131146,0.0028257745019728883,0.0,0.0,0.0,0.0029640000000005634,0.0009395232833726551,5.942066980434786e-05
GLY 271,R GLY 271,0.0,0.0,0.0,-0.0002720000000000002,0.0004449898875255485,2.8143631606457637e-05,0.12991200000000003,0.06009080009452365,0.0038004758944111218,-0.12796000000000002,0.059591798093361764,0.0037689162367980505,0.0,0.0,0.0,0.0016800000000001592,0.0010888526071053787,6.886508549330873e-05
ILE 272,R ILE 272,0.0,0.0,0.0,-0.001144000000000002,0.00043274010676159125,2.736888744542119e-05,-0.015315999999999889,0.0662669159083174,0.004191087755702574,0.020608000000000015,0.06573764778268236,0.004157613900303877,0.0,0.0,0.0,0.004148000000000652,0.003118668946842264,0.00019724194280120277
GLY 273,R GLY 273,0.0,0.0,0.0,-0.0014880000000000067,0.0006146999267935313,3.887703692412644e-05,-0.19005999999999962,0.09471000158378227,0.005989986444058131,0.19460399999999997,0.09556509396217863,0.006044067234569792,0.0,0.0,0.0,0.0030559999999996705,0.0021384255890723935,0.00013524590936512073
SER 274,R SER 274,0.0,0.0,0.0,-0.0008920000000000066,0.00044758909727563533,2.8308020064993464e-05,-0.14703600000000033,0.09131735160417179,0.005775416419272272,0.14614800000000003,0.09077258449554015,0.005740962322119864,0.0,0.0,0.0,-0.0017800000000003954,0.0019543796969887484,0.0001236058251054833
GLU 275,R GLU 275,0.0,0.0,0.0,-0.0007160000000000188,0.0004509368026675238,2.8519747544465348e-05,-13.241064,0.5884684765591486,0.037218014342726306,13.219519999999983,0.5858155081596694,0.03705022588867019,0.0,0.0,0.0,-0.022259999999999707,0.003277865158910756,0.00020731039530135517
ILE 276,R ILE 276,0.0,0.0,0.0,-0.0037559999999999504,0.0010660506554567642,6.742296344717567e-05,0.18290399999999982,0.09821429012114316,0.00621161711118774,-0.170676,0.09722766593927883,0.006149217519001909,0.0,0.0,0.0,0.008471999999999704,0.005704140250730058,0.00036076150570701844
LEU 277,R LEU 277,0.0,0.0,0.0,-0.00441999999999998,0.001324990566004137,8.379976133617478e-05,0.053779999999999634,0.07069627712970455,0.004471225156486749,-0.05126400000000002,0.07011763190524903,0.004434628419157572,0.0,0.0,0.0,-0.001903999999999982,0.0027580398836858366,0.00017443375820066234
LYS 278,R LYS 278,0.0,0.0,0.0,-0.000688000000000045,0.00046330983153827716,2.9302286600197383e-05,12.995511999999993,0.5161537773339259,0.03264443118549196,-12.968011999999986,0.5130650132843465,0.03244908059446164,0.0,0.0,0.0,0.026811999999999954,0.003390671909813416,0.00021444492066726838
ASN 279,R ASN 279,0.0,0.0,0.0,-0.0006319999999999979,0.0004822613399392462,3.0500885233054936e-05,-0.08376800000000054,0.09901289903845896,0.00626212557395652,0.09254400000000007,0.09805059950862104,0.00620126440784458,0.0,0.0,0.0,0.008143999999999721,0.002528885920716985,0.00015994078904395332
LEU 280,R LEU 280,0.0,0.0,0.0,-0.004831999999999908,0.0012758432505601716,8.069141218246077e-05,0.41394399999999937,0.08567616275254278,0.005418636309626325,-0.39957600000000026,0.08312316298120363,0.00525717042675991,0.0,0.0,0.0,0.00953599999999937,0.005447265736129536,0.0003445153349272619
SER 281,R SER 281,0.0,0.0,0.0,-0.0007079999999999985,0.0004546823066713691,2.8756634017213974e-05,0.02198000000000019,0.06621700385852568,0.004187931040501983,-0.022492,0.06561867063572685,0.004150089124826117,0.0,0.0,0.0,-0.0012199999999999616,0.0021418683432932574,0.00013546364826036252
GLN 282,R GLN 282,0.0,0.0,0.0,-0.0002959999999999958,0.0004564909637659808,2.8871023535717885e-05,0.20351199999999972,0.15239320803762904,0.009638192746775732,-0.19950799999999996,0.15134353615533103,0.009571805667897774,0.0,0.0,0.0,0.003707999999999629,0.0015590817810500455,9.860498973180176e-05
VAL 283,R VAL 283,0.0,0.0,0.0,-0.0006279999999999717,0.00048333839077811466,3.0569003909187323e-05,0.38711200000000007,0.06818330775197165,0.004312291018008909,-0.3770800000000001,0.06619614490285627,0.004186611804311426,0.0,0.0,0.0,0.00940400000000025,0.0030686778912096813,0.00019408023083249975
ALA 284,R ALA 284,0.0,0.0,0.0,-0.0004200000000000195,0.0004935585071701448,3.121538082420408e-05,0.2782839999999997,0.048042266224648876,0.0030384597045213803,-0.27441999999999994,0.04736052786868021,0.0029953427850581875,0.0,0.0,0.0,0.0034439999999999384,0.0012987932860928381,8.214289987576121e-05
MET 285,R MET 285,0.0,0.0,0.0,-0.00021600000000000463,0.0004115142767875828,2.6026448086514404e-05,0.13526000000000074,0.1741760500183654,0.011015860638188943,-0.13476000000000007,0.17282742374982038,0.01093056602377022,0.0,0.0,0.0,0.00028400000000080536,0.0015783991890527713,9.98267298873893e-05
ARG 286,R ARG 286,0.0,0.0,0.0,-0.00025200000000000954,0.00043416126036302955,2.7458769091131113e-05,12.561780000000004,0.6328399446935891,0.04002431239133459,-12.536808,0.6286143325886427,0.03975706121613441,0.0,0.0,0.0,0.024719999999997414,0.0042850437570699255,0.00027100996291652414
CYS 287,R CYS 287,0.0,0.0,0.0,-0.00022399999999998422,0.00041692205506542294,2.6368466015297558e-05,-0.0431240000000002,0.086241455368054,0.00545438855381611,0.044375999999999985,0.08572128454473835,0.005421490062335261,0.0,0.0,0.0,0.0010279999999995048,0.00097735152325124,6.181313776217866e-05
ARG 288,R ARG 288,0.0,0.0,0.0,-0.00021599999999998687,0.00041151427678754897,2.6026448086512262e-05,11.509619999999995,0.3484867107942223,0.02204023480820256,-11.491427999999988,0.34670926843129424,0.021927819482672074,0.0,0.0,0.0,0.017975999999997612,0.0018993219842875408,0.00012012366960758336
CYS 289,R CYS 289,0.0,0.0,0.0,-0.0004199999999999982,0.0004935585071701199,3.12153808242025e-05,0.07829200000000065,0.07438832392250788,0.004704730698350314,-0.07659600000000003,0.07406543582535645,0.004684309462023189,0.0,0.0,0.0,0.0012760000000002043,0.0010953647794228031,6.92769514340799e-05
SER 290,R SER 290,0.0,0.0,0.0,-0.00023600000000000422,0.00042462218500686756,2.6855464993182037e-05,0.011956000000000102,0.17565539577251793,0.011109422678789373,-0.008728000000000003,0.17392843935366062,0.011000200364720636,0.0,0.0,0.0,0.002992000000000055,0.0020861294303083765,0.00013193840987367936
SER 291,R SER 291,0.0,0.0,0.0,-0.0008560000000000052,0.0004327401067615695,2.7368887445419813e-05,-0.21594400000000002,0.08163904007274952,0.0051633062523929385,0.21737200000000007,0.07973928527394757,0.005043155209191957,0.0,0.0,0.0,0.0005720000000000311,0.0034206455531080038,0.000216340620318955
MET 292,R MET 292,0.0,0.0,0.0,-0.00783600000000001,0.0029259364312984888,0.00018505246823536007,0.21325999999999992,0.27616692126320985,0.017466329711762565,-0.19103600000000004,0.27079468736295387,0.017126559806802992,0.0,0.0,0.0,0.014387999999999792,0.011796840933063187,0.0007460977308637124
HIP 293,R HIP 293,0.0,0.0,0.0,-0.014947999999999986,0.0046657578162609134,0.00029508843420235776,19.94694,1.105753752152856,0.06993400776160678,-19.781816000000003,1.0585163268196571,0.06694645066450586,0.0,0.0,0.0,0.1501759999999993,0.048849739241882684,0.0030895287821931247
PHE 294,R PHE 294,0.0,0.0,0.0,-0.19443600000000003,0.10536882795210377,0.006664109814221265,2.1693679999999986,0.633130135577204,0.04004266567430339,-1.9196880000000016,0.4668240167943317,0.02952454319077567,-0.003375532800000004,0.00477604742160336,0.0003020637613048219,0.05186846720000036,0.1254127915046152,0.007931801377487988
LEU 295,R LEU 295,0.0,0.0,0.0,-1.19882,0.42596684800580387,0.026940508948421864,-0.47491199999999983,1.1185276537734778,0.07074190023616841,1.3341680000000005,1.1532514711787702,0.07293802727729885,-0.17337058559999993,0.03383098202891525,0.002139659173831932,-0.5129345855999994,0.34774369899177754,0.02199324261572031
VAL 296,R VAL 296,0.0,0.0,0.0,-0.189392,0.056600974691254316,0.003579759956198187,-0.35777200000000003,0.40255018074272503,0.025459508873189256,0.37882400000000027,0.3762662156293066,0.023797164959213093,-0.0006869952000000001,0.0016225246718299718,0.00010261747045599902,-0.16902699520000006,0.1199765620009778,0.0075879840351899715
ALA 297,R ALA 297,0.0,0.0,0.0,-0.09522,0.01948177609972943,0.0012321357068115328,1.0572000000000008,0.3285600584368079,0.0207799626563667,-1.1306400000000003,0.3193543085665172,0.020197739913168332,-6.819839999999997e-05,0.0004460845526998663,2.8212864310979826e-05,-0.16872819839999978,0.05114565396922929,0.00323473517923192
GLU 298,R GLU 298,0.0,0.0,0.0,-0.013788000000000003,0.002205233774455637,0.0001394712300081971,-21.37622799999999,0.6577762902508735,0.04160142536097538,21.317368000000013,0.6522473277642485,0.04125174306986812,0.0,0.0,0.0,-0.07264800000000059,0.011891345424298259,0.0007520747196920772
TRP 299,R TRP 299,0.0,0.0,0.0,-0.11143199999999996,0.04291159955070429,0.002713967852425673,1.4218519999999986,0.4221701530141642,0.026700384873331158,-1.268372000000001,0.4144727272282176,0.026213556921257097,-0.004094956800000006,0.010464533854870655,0.0006618352326666633,0.037953043199999766,0.02544011045283586,0.0016089738591443783
ASN 300,R ASN 300,0.0,0.0,0.0,-0.03380399999999999,0.01127960921308896,0.0007133851245996129,2.365896,0.463788509111643,0.02933256082813095,-2.2288159999999997,0.43324642196329716,0.027400909630448354,-0.0007773407999999997,0.002576243415458903,0.00016293593999723149,0.1024986592000003,0.038296770170045485,0.0024221004153067525
GLU 301,R GLU 301,0.0,0.0,0.0,-0.004304000000000005,0.0011223118996072244,7.098123695738125e-05,-17.691176,1.1369097382924394,0.07190448534060119,17.647835999999998,1.128110360339066,0.07134796381409458,0.0,0.0,0.0,-0.04764399999999881,0.010477273691185866,0.0006626409706621392
PRO 302,R PRO 302,0.0,0.0,0.0,-0.003520000000000028,0.0009558242516279185,6.0451633559402526e-05,0.277252,0.08636029467295744,0.005461904611397033,-0.271604,0.08565549126588437,0.005417328930017078,0.0,0.0,0.0,0.0021280000000003627,0.002339148563045161,0.00014794074489465358
SER 303,R SER 303,0.0,0.0,0.0,-0.015244000000000028,0.005876773264300711,0.00037167977615145883,0.5313159999999996,0.48002321625521355,0.030359333862520734,-0.5158600000000002,0.4704953223997022,0.029756736944765952,0.0,0.0,0.0,0.00021199999999958408,0.019953722860658697,0.0012619842407890418
ILE 304,R ILE 304,0.0,0.0,0.0,-0.03334800000000002,0.014610232578573157,0.000924032241861723,0.2352040000000002,0.1318446448817702,0.008338587502449103,-0.23510399999999987,0.12885326997790958,0.008149396341815768,-0.0003039264,0.0013792315011567282,8.72302592861684e-05,-0.03355192640000049,0.021644426442837036,0.001368913724146826
ASN 305,R ASN 305,0.0,0.0,0.0,-0.0019959999999999587,0.0006292725959391799,3.9798693445892634e-05,0.3423759999999995,0.2696732590080075,0.017055634450116465,-0.3319599999999998,0.26756249064470905,0.01692213773729549,0.0,0.0,0.0,0.008419999999999163,0.0030072578871790175,0.00019019568869982736
PHE 306,R PHE 306,0.0,0.0,0.0,-0.005528000000000098,0.001863656620732548,0.00011786799395934861,0.6901360000000006,0.10863784563401532,0.006870860645945351,-0.6779439999999998,0.1060643053246467,0.006708095665388167,0.0,0.0,0.0,0.006664000000000081,0.002847999999999457,0.00018012333552315654
TYR 307,R TYR 307,0.0,0.0,0.0,-0.030868000000000003,0.012321468094346586,0.0007792780659045933,0.7481039999999999,0.23076623059711285,0.014594937914770295,-0.7527880000000001,0.23336271993615443,0.014759154319404624,0.0,0.0,0.0,-0.03555200000000051,0.042224060628982304,0.002670484072972519
LYS 308,R LYS 308,0.0,0.0,0.0,-0.002323999999999959,0.0007661749147552212,4.845715633423697e-05,17.17239999999999,1.1673467145626542,0.0738294887426487,-17.108884000000007,1.1545042427569658,0.0730172595087993,0.0,0.0,0.0,0.0611919999999997,0.012785739556239094,0.0008086411713485211
ARG 309,R ARG 309,0.0,0.0,0.0,-0.0009440000000000186,0.0004345848593773377,2.7485559845127433e-05,15.348227999999999,0.7391130522564677,0.046745613869789836,-15.300472000000015,0.7322158214730242,0.046309394693319655,0.0,0.0,0.0,0.046812000000000124,0.006859202285979925,0.00043381404311060393
ARG 310,R ARG 310,0.0,0.0,0.0,-0.0013479999999999564,0.0005166197828189924,3.2673903960190797e-05,15.220708000000002,0.8132626037977633,0.05143524327680069,-15.178567999999997,0.8069367641742432,0.051035162050335384,0.0,0.0,0.0,0.04079200000000083,0.006252418412105007,0.0003954376613325023
GLY 311,R GLY 311,0.0,0.0,0.0,-0.000444000000000031,0.0004968541033342016,3.142381262673474e-05,0.14345200000000052,0.08658456961837999,0.005476089004389936,-0.138716,0.08556286194371962,0.005411470537293915,0.0,0.0,0.0,0.004292000000000334,0.001551365849823951,9.811699139292828e-05
ALA 312,R ALA 312,0.0,0.0,0.0,-0.001824000000000016,0.0006640963785475556,4.200114284159317e-05,0.5566720000000003,0.1158183941176875,0.007324998407098801,-0.5435240000000006,0.11398642649017153,0.007209134601045892,0.0,0.0,0.0,0.01132399999999996,0.0030336486283024954,0.00019186478572162858
SER 313,R SER 313,0.0,0.0,0.0,-0.001535999999999964,0.0005871149802211135,3.713241171806854e-05,-0.5634479999999998,0.16287248784248434,0.010300960595206684,0.558764,0.16108111094724997,0.010187663972471856,0.0,0.0,0.0,-0.0062200000000004925,0.0029112883745866444,0.00018412604378526516
ASP 314,R ASP 314,0.0,0.0,0.0,-0.0022519999999999333,0.0006545960586499426,4.1400289854059676e-05,-18.184472000000003,0.8236306121166953,0.05209097369854867,18.137516,0.818521639142058,0.05176785387646667,0.0,0.0,0.0,-0.049208000000000654,0.0067879846788275085,0.0004293098461484292
LEU 315,R LEU 315,0.0,0.0,0.0,-0.0033479999999999777,0.0008825508483935053,5.581741663674864e-05,0.7422120000000004,0.09936477774342072,0.00628438033731231,-0.72156,0.09566160358262887,0.006050171038904614,0.0,0.0,0.0,0.017304000000000392,0.004950513508718668,0.0003130979654996565
SER 316,R SER 316,0.0,0.0,0.0,-0.0028600000000000188,0.000663626400921522,4.197141884664147e-05,0.005768000000000597,0.16663745730177265,0.010539078171453158,-0.019336000000000023,0.16537380416498865,0.010459157729760082,0.0,0.0,0.0,-0.016427999999999714,0.0065376460595538335,0.00041347704168429847
SER 317,R SER 317,0.0,0.0,0.0,-0.0006879999999999864,0.00046330983153823895,2.9302286600194967e-05,0.4712160000000002,0.21042505873588338,0.013308449247602062,-0.46383199999999986,0.20945463417169888,0.013247074209198077,0.0,0.0,0.0,0.006696000000000062,0.0017763963521687872,0.00011234917000135913
GLU 318,R GLU 318,0.0,0.0,0.0,-0.0005999999999999873,0.0004898979485566241,3.098386676965861e-05,-14.200615999999995,0.4839290573464499,0.030606360943060424,14.176348000000011,0.4816143134246794,0.030459963683203917,0.0,0.0,0.0,-0.024868000000001132,0.0027119321525439985,0.00017151764923764465
GLU 319,R GLU 319,0.0,0.0,0.0,-0.0006799999999999891,0.00046647615158761514,2.9502542263336678e-05,-14.52644,0.612850355633474,0.03876005977291963,14.503928000000002,0.610834127088477,0.03863254228320687,0.0,0.0,0.0,-0.02319199999999887,0.0023501353152534234,0.00014863560811597345
GLY 320,R GLY 320,0.0,0.0,0.0,-0.00046400000000002526,0.0004987023160163044,3.154070386025182e-05,0.023180000000000065,0.11148397014817879,0.007050865365329286,-0.01953600000000002,0.11062506363387999,0.006996543347682482,0.0,0.0,0.0,0.0031799999999999723,0.0015243359209838815,9.640746859039041e-05
TRP 321,R TRP 321,0.0,0.0,0.0,-0.0028319999999999795,0.0005897253598074518,3.729750661907728e-05,-0.49393999999999977,0.1452010206575697,0.009183318877181601,0.50098,0.1427039298688024,0.009025388988846979,0.0,0.0,0.0,0.0042080000000009506,0.0035491880761658657,0.0002244703632999061
ARG 322,R ARG 322,0.0,0.0,0.0,-0.005212000000000071,0.0010271591892203843,6.496325115016574e-05,20.119908,0.6425380452052998,0.04063767412321959,-20.015488,0.6327805194978753,0.040020554011957456,0.0,0.0,0.0,0.09920799999999622,0.0100186194657755,0.0006336331304469985
LEU 323,R LEU 323,0.0,0.0,0.0,-0.046712000000000024,0.017505572141464035,0.0011071495942283531,0.030475999999999885,0.2951308615241721,0.01866571460448274,0.03158799999999995,0.2852920227696526,0.01804345180457442,-0.0002775168000000001,0.0015733643238226049,9.950829705060302e-05,0.0150744831999995,0.017656712783603964,0.0011167085677520052
PHE 324,R PHE 324,0.0,0.0,0.0,-0.00784000000000004,0.0020214846029589853,0.0001278499120062309,-0.3988200000000004,0.18946941600163378,0.011983098030142315,0.4110199999999999,0.18718505175360578,0.01183862214955779,0.0,0.0,0.0,0.004359999999999306,0.006723570480035376,0.0004252359345116691
LYS 325,R LYS 325,0.0,0.0,0.0,-0.08350000000000006,0.06319444595848592,0.003996767694024759,35.17418399999998,5.623521187134047,0.3556627084311512,-34.534616,5.119056150946575,0.3237575381457177,-0.0192324672,0.032274778010675215,0.002041236189801038,0.5368355328000012,0.5198371473105562,0.032877387957316616
ILE 326,R ILE 326,0.0,0.0,0.0,-0.004887999999999988,0.001902486793646671,0.00012032382972628474,-0.5329,0.19923197032604997,0.012600536179067947,0.5303359999999998,0.197664157357879,0.01250137898057656,0.0,0.0,0.0,-0.007451999999999904,0.00416265492204211,0.0002632694133392742
ASP 327,R ASP 327,0.0,0.0,0.0,-0.0066920000000000235,0.004992507986974078,0.00031575392950840666,-21.612659999999998,1.8723872057884252,0.11842016464099663,21.565207999999995,1.8797793053271241,0.11888768206565599,0.0,0.0,0.0,-0.054144000000000345,0.009523196102150069,0.000602299805744635
LYS 328,R LYS 328,0.0,0.0,0.0,-0.0029880000000000314,0.0019400659782594397,0.00012270054604605077,19.161868000000002,1.7101712600133494,0.10816072741204448,-19.077028000000002,1.6871880710862959,0.10670714291397546,0.0,0.0,0.0,0.08185199999999963,0.021992864661067965,0.001390950892016037
GLU 329,R GLU 329,0.0,0.0,0.0,-0.0011240000000000041,0.0006903796057242803,4.366344008435491e-05,-15.384467999999998,1.2212186900699464,0.07723665163576567,15.355267999999993,1.217747318689788,0.07701710283245321,0.0,0.0,0.0,-0.030324000000000666,0.004211772073605924,0.0002663758547617013
TYR 330,R TYR 330,0.0,0.0,0.0,-0.0014720000000000475,0.0007491435109509536,4.737999577880613e-05,0.5209239999999999,0.26789476707095317,0.016943152743689734,-0.5092,0.26363942042114985,0.01667402099075083,0.0,0.0,0.0,0.01025200000000043,0.003959355503109476,0.0002504116291229566
LEU 331,R LEU 331,0.0,0.0,0.0,-0.0012040000000001071,0.0005388728978154589,3.408131452864047e-05,0.529612,0.06198778473215662,0.003920451737236508,-0.5228760000000001,0.061119396462987204,0.003865530040757574,0.0,0.0,0.0,0.005531999999999982,0.0011666087604674676,7.378281642765994e-05
LEU 332,R LEU 332,0.0,0.0,0.0,-0.0003520000000000287,0.00047759396981121615,3.0205694827302804e-05,0.2752680000000006,0.04408169887833257,0.002787971431704412,-0.27334,0.04356512825643847,0.002755300636954112,0.0,0.0,0.0,0.0015760000000004126,0.000892313846132933,5.643488282970197e-05
LYS 333,R LYS 333,0.0,0.0,0.0,-0.0002319999999999851,0.00042210899066470644,2.6696516626704483e-05,13.05747999999999,0.7244079359037661,0.045815580651143335,-13.030707999999995,0.7194341934715988,0.04550101355952985,0.0,0.0,0.0,0.02654000000000095,0.0050072347658153766,0.00031668533278312824
MET 334,R MET 334,0.0,0.0,0.0,-0.00041200000000002037,0.0004921950832749387,3.112915032570107e-05,0.3283079999999999,0.13311539781708212,0.008418956974827708,-0.3249840000000002,0.13202108825486852,0.008349746761189774,0.0,0.0,0.0,0.002912000000000337,0.0014114729894685058,8.926939005054669e-05
ALA 335,R ALA 335,0.0,0.0,0.0,-0.00010799999999999344,0.00031038041175304265,1.9630180844810196e-05,0.24386399999999986,0.029237330657911093,0.0018491311516493662,-0.2423800000000001,0.028972738910912888,0.0018323969002374194,0.0,0.0,0.0,0.0013759999999996824,0.0007284394278190326,4.607055458755927e-05
THR 336,R THR 336,0.0,0.0,0.0,-8.399999999999785e-05,0.00027738781516136585,1.7543545821754057e-05,0.27482799999999963,0.039216914922009946,0.0024802954791719204,-0.2732680000000001,0.038867520836810256,0.0024581978569674814,0.0,0.0,0.0,0.0014759999999997006,0.0007492823232936326,4.7388775042210316e-05
GLU 337,R GLU 337,0.0,0.0,0.0,-4.800000000000004e-05,0.00021376622745419838,1.351976331153768e-05,-11.285788000000007,0.535354117436195,0.03385876731695277,11.270335999999997,0.5331617007101628,0.033720106708262546,0.0,0.0,0.0,-0.015499999999999858,0.0022947766775873557,0.00014513442045219823
GLU 338,R GLU 338,0.0,0.0,0.0,-4.8000000000002705e-05,0.00021376622745421028,1.3519763311538433e-05,-20.245487999999984,0.6771206346411655,0.042824869123295854,20.223499999999987,0.6745556300264697,0.04266264398747023,0.0,0.0,0.0,-0.022036000000000628,0.0026703378063475413,0.0001688869918023173
ACO 339,R ACO 339,0.0,0.0,0.0,-0.8648440000000005,0.37160724920808397,0.02350250605054695,-63.15697999999999,3.63481432642759,0.22988584286643884,63.64043199999999,3.785717417528169,0.23942979234319317,-0.12061126080000004,0.03364318362058102,0.0021277817596061215,-0.5020032607999951,0.40027775325398596,0.025315787939549413
SPM 340,L SPM   1,0.0,0.0,0.0,-11.837927999999993,1.7558572341783005,0.11105016212174157,-414.22852400000005,14.835372562673657,0.9382713447043565,421.8132199999999,13.329402037440154,0.8430254057279976,-3.064039660800001,0.14358569552368125,0.009081156745485522,-7.317271660799999,3.1817000299560023,0.20122837852173858

Sidechain Energy Decomposition:
Residue,Location,Internal,,,van der Waals,,,Electrostatic,,,Polar Solvation,,,Non-Polar Solv.,,,TOTAL,,
,,Avg.,Std. Dev.,Std. Err. of Mean,Avg.,Std. Dev.,Std. Err. of Mean,Avg.,Std. Dev.,Std. Err. of Mean,Avg.,Std. Dev.,Std. Err. of Mean,Avg.,Std. Dev.,Std. Err. of Mean
PHE   1,R PHE   1,0.0,0.0,0.0,-1.600000000000179e-05,0.00012547509713087902,7.935741931288725e-06,0.28593999999999997,0.007709241207791228,0.0004875752249649539,-0.28572400000000003,0.007711279011932971,0.00048770410701521856,0.0,0.0,0.0,0.0002000000000000215,0.0005656854249493139,3.577708764000144e-05
VAL   2,R VAL   2,0.0,0.0,0.0,-3.999999999999559e-06,6.311893535223105e-05,3.991991983959448e-06,0.9247840000000005,0.017550422900865146,0.0011099862053182675,-0.9240679999999999,0.0175439840401492,0.001109578976010288,0.0,0.0,0.0,0.0007119999999999891,0.0005701368256831684,3.605861894194394e-05
ILE   3,R ILE   3,0.0,0.0,0.0,-2.8000000000002246e-05,0.0001649727250184235,1.0433791257257234e-05,0.8997279999999996,0.019827405680030358,0.0012539952408211128,-0.8986279999999991,0.019760607683024674,0.0012497705645476114,0.0,0.0,0.0,0.0010719999999999601,0.0005681689889461163,3.5934162018895165e-05
ARG   4,R ARG   4,0.0,0.0,0.0,-3.599999999999959e-05,0.00018629009635511815,1.17820202002881e-05,9.385215999999996,0.149514953580191,0.009456155951355006,-9.377807999999995,0.1491546685027096,0.009433369522318776,0.0,0.0,0.0,0.007372000000000526,0.0006823606084765812,4.31562741672879e-05
PRO   5,R PRO   5,0.0,0.0,0.0,-2.3999999999998246e-05,0.00015304901175766073,9.679669415841964e-06,2.1227679999999998,0.04415647377224982,0.0027927006112359316,-2.1202240000000003,0.04398760989186259,0.0027820207217047737,0.0,0.0,0.0,0.0025199999999999177,0.0006209669878502994,3.9273400667621024e-05
ALA   6,R ALA   6,0.0,0.0,0.0,-3.999999999999559e-06,6.311893535223105e-05,3.991991983959448e-06,-0.007384000000000004,0.0035872752891296183,0.0002268792101537731,0.007351999999999991,0.003603900109603508,0.00022793065612155094,0.0,0.0,0.0,-3.600000000002712e-05,0.0006153893076744321,3.892063719930684e-05
THR   7,R THR   7,0.0,0.0,0.0,0.0,0.0,0.0,0.582496,0.024251556321183535,0.0015338030955758788,-0.5818,0.02416327792332339,0.001528219879467307,0.0,0.0,0.0,0.0006960000000002111,0.0005688444427082132,3.5976881465742285e-05
ALA   8,R ALA   8,0.0,0.0,0.0,-4.000000000000003e-06,6.311893535223806e-05,3.991991983959892e-06,-0.019340000000000013,0.002745250443948527,0.00017362488300931507,0.019276000000000015,0.002762575609824904,0.0001747206227095066,0.0,0.0,0.0,-6.799999999998185e-05,0.0005651336125200446,3.57421879576478e-05
ALA   9,R ALA   9,0.0,0.0,0.0,-8.000000000000006e-06,8.908422980528044e-05,5.634181395730888e-06,-0.022236000000000027,0.002357181367650404,0.0001490812395977204,0.022252000000000008,0.002382539821283003,0.00015068504902609607,0.0,0.0,0.0,7.999999999972473e-06,0.0006196256934633895,3.918856976211234e-05
ASP  10,R ASP  10,0.0,0.0,0.0,-7.999999999999119e-06,8.908422980527055e-05,5.634181395730263e-06,-7.767744000000002,0.1340062030803553,0.008475296446499893,7.761720000000001,0.13356706779741329,0.008447523092599107,0.0,0.0,0.0,-0.0060320000000003236,0.0007148258529185756,4.520955651190439e-05
CYS  11,R CYS  11,0.0,0.0,0.0,-7.999999999999119e-06,8.908422980527055e-05,5.634181395730263e-06,-0.2546839999999999,0.03204447134842457,0.0020266703175405745,0.2542919999999998,0.031906970022239634,0.0020179739700998114,0.0,0.0,0.0,-0.00040000000000002875,0.0006066300355240936,3.836665218649983e-05
SER  12,R SER  12,0.0,0.0,0.0,0.0,0.0,0.0,0.49027200000000015,0.034268440524773736,0.002167326478406015,-0.4898639999999999,0.03419996350875504,0.002162995611646197,0.0,0.0,0.0,0.00040800000000004656,0.0005599428542271119,3.541389557786631e-05
ASP  13,R ASP  13,0.0,0.0,0.0,-8.000000000002671e-06,8.908422980531009e-05,5.634181395732764e-06,-7.1376399999999975,0.14696110505843712,0.009294636388799078,7.133308,0.14660994896679086,0.009272427327522178,0.0,0.0,0.0,-0.004339999999999207,0.0007045565981520103,4.456007181320665e-05
ILE  14,R ILE  14,0.0,0.0,0.0,-1.9999999999999575e-05,0.000139999999999997,8.854377448471274e-06,0.8976439999999998,0.02182414406112602,0.0013802800643359044,-0.8965879999999998,0.021717141985091136,0.0013735126588431694,0.0,0.0,0.0,0.0010360000000001186,0.0006153893076743876,3.892063719930403e-05
LEU  15,R LEU  15,0.0,0.0,0.0,-2.400000000000091e-05,0.00015304901175767772,9.679669415843038e-06,0.6985560000000003,0.01960160360785638,0.0012397142638520026,-0.697888,0.019549819845712725,0.0012364391711682757,0.0,0.0,0.0,0.0006440000000001049,0.0006109533533747311,3.8640082815637394e-05
ARG  16,R ARG  16,0.0,0.0,0.0,-2.400000000000091e-05,0.00015304901175767772,9.679669415843038e-06,8.823812000000004,0.1636094393851972,0.010347569503209635,-8.818052000000003,0.16318505230553457,0.01032072890758401,0.0,0.0,0.0,0.005735999999999421,0.0007115504198549349,4.500239993581383e-05
LEU  17,R LEU  17,0.0,0.0,0.0,-3.1999999999996475e-05,0.00017599999999998064,1.1131217363791472e-05,0.7207560000000001,0.016296762377854934,0.0010306977520112635,-0.7199760000000002,0.016216517011985045,0.0010256225894548158,0.0,0.0,0.0,0.0007479999999999762,0.0006103245038502024,3.8600310879576906e-05
ILE  18,R ILE  18,0.0,0.0,0.0,-2.7999999999998692e-05,0.00016497272501840254,1.0433791257255909e-05,0.9296960000000002,0.02581572358079309,0.0016327297192124807,-0.9284280000000004,0.02569180445199518,0.0016248923853591775,0.0,0.0,0.0,0.001240000000000105,0.000564269439186746,3.568753283711974e-05
LYS  19,R LYS  19,0.0,0.0,0.0,-1.5999999999996462e-05,0.00012547509713083723,7.935741931286081e-06,8.896332000000001,0.24398915913618846,0.015431229345192728,-8.890096000000002,0.24330130863598076,0.01538772585978588,0.0,0.0,0.0,0.0062199999999996295,0.0008964373932398695,5.669567884764032e-05
GLU  20,R GLU  20,0.0,0.0,0.0,-7.999999999999119e-06,8.908422980527055e-05,5.634181395730263e-06,-7.481375999999998,0.1503489894348063,0.009508905010371592,7.476531999999997,0.14999600320009376,0.009486580200684025,0.0,0.0,0.0,-0.00485199999999989,0.0006618882080825177,4.186148587896451e-05
LEU  21,R LEU  21,0.0,0.0,0.0,-6.800000000001205e-05,0.00025174590364099764,1.5921808942456568e-05,0.8205159999999999,0.02219174945784455,0.0014035294710119113,-0.819288,0.021998114828321955,0.0013912829417484257,0.0,0.0,0.0,0.0011600000000001884,0.0006681317235398858,4.225636046799953e-05
ALA  22,R ALA  22,0.0,0.0,0.0,-8.000000000000896e-06,8.908422980529032e-05,5.6341813957315135e-06,-0.01843199999999998,0.0029293985730864543,0.00018527143330800843,0.018371999999999986,0.0029232885591403087,0.00018488500209590418,0.0,0.0,0.0,-6.800000000000317e-05,0.0005859829349050961,3.7060814885805746e-05
LYS  23,R LYS  23,0.0,0.0,0.0,-1.2000000000000454e-05,0.00010888526071053371,6.88650854933061e-06,8.410516000000001,0.1941690854487573,0.012280331224198608,-8.405571999999996,0.19378261226464488,0.01225588851387115,0.0,0.0,0.0,0.004931999999999903,0.000698123198297903,4.415318788045517e-05
TYR  24,R TYR  24,0.0,0.0,0.0,-2.4000000000006238e-05,0.0001530490117577117,9.679669415845188e-06,0.38387200000000027,0.028570187538761255,0.0018069373160129146,-0.38316799999999973,0.028404009857770484,0.0017964273166486005,0.0,0.0,0.0,0.0006800000000001631,0.0006144916598295379,3.8863864964774695e-05
GLU  25,R GLU  25,0.0,0.0,0.0,-6.400000000000005e-05,0.0002447529366524539,1.547953487673323e-05,-10.198008000000002,0.3793448034913474,0.023991871951633034,10.183528000000006,0.3777528520288999,0.023891188100717633,0.0,0.0,0.0,-0.014543999999999415,0.0017481601757279373,0.00011056335740200969
TYR  26,R TYR  26,0.0,0.0,0.0,-1.6000000000000457e-05,0.00012547509713086856,7.935741931288063e-06,0.22898799999999994,0.03358076616160002,0.0021238341328833205,-0.22877600000000017,0.033507459229251385,0.0021191977953932887,0.0,0.0,0.0,0.00019599999999982031,0.0006112151830576267,3.865664237877719e-05
MET  27,R MET  27,0.0,0.0,0.0,-8.000000000000185e-05,0.00027129319932501703,1.7158088471622173e-05,0.5058120000000003,0.07048620188377108,0.0044579388313433525,-0.5052799999999997,0.07022536293961235,0.004441441928023051,0.0,0.0,0.0,0.0004520000000000177,0.0007319125630838442,4.629021494873241e-05
GLU  28,R GLU  28,0.0,0.0,0.0,-7.999999999997343e-06,8.908422980525076e-05,5.634181395729011e-06,-7.39514,0.18057661088855348,0.011420667651235816,7.390520000000004,0.18018486506906045,0.011395891470166872,0.0,0.0,0.0,-0.0046279999999994745,0.0006939855906279858,4.389150259443276e-05
GLU  29,R GLU  29,0.0,0.0,0.0,-3.999999999999559e-06,6.311893535223105e-05,3.991991983959448e-06,-7.134412,0.19767853261292231,0.012502288151534213,7.1304399999999974,0.19720413383087762,0.012472284538124793,0.0,0.0,0.0,-0.003975999999999942,0.0007479465221526127,4.730429156007682e-05
GLN  30,R GLN  30,0.0,0.0,0.0,-2.399999999999558e-05,0.00015304901175764373,9.679669415840888e-06,0.28641999999999995,0.1332312110580699,0.008426281647322256,-0.28620400000000024,0.13276645052120592,0.0083968876100612,0.0,0.0,0.0,0.0001919999999998936,0.000745074492919781,4.7122648482430136e-05
VAL  31,R VAL  31,0.0,0.0,0.0,-1.2000000000004007e-05,0.00010888526071056595,6.88650854933265e-06,1.0639839999999992,0.027897378801646992,0.001764385155234064,-1.062724,0.027695050532542315,0.0017515887919258588,0.0,0.0,0.0,0.001248000000000104,0.0005953956667627797,3.76561283192999e-05
ILE  32,R ILE  32,0.0,0.0,0.0,-3.9999999999993817e-05,0.00019595917942262395,1.2393546707861817e-05,0.9154919999999999,0.026146088349892,0.0016536238217930439,-0.9144199999999997,0.02607473106285372,0.0016491107906992165,0.0,0.0,0.0,0.0010319999999998757,0.0005856415285822283,3.7039222454048836e-05
LEU  33,R LEU  33,0.0,0.0,0.0,-7.199999999999207e-05,0.0002584879107424277,1.6348210911287543e-05,0.808808,0.024998782690359416,0.0015810618406625512,-0.8075880000000007,0.024881363628202258,0.0015736356071198011,0.0,0.0,0.0,0.0011480000000001383,0.0005984112298410215,3.7846849274402956e-05
THR  34,R THR  34,0.0,0.0,0.0,-8.000000000000896e-06,8.908422980529032e-05,5.6341813957315135e-06,0.4624240000000003,0.07089352737732608,0.004483700357517073,-0.4620920000000004,0.07065405534008445,0.004468554816044989,0.0,0.0,0.0,0.00032400000000007623,0.0006156492507915956,3.8937077445553256e-05
GLU  35,R GLU  35,0.0,0.0,0.0,-3.999999999999559e-06,6.311893535223105e-05,3.991991983959448e-06,-7.379316000000004,0.17205696772863247,0.010881838106491324,7.374692000000002,0.17161698382152402,0.010854011080885672,0.0,0.0,0.0,-0.004627999999999872,0.000727747208857865,4.602677481642236e-05
LYS  36,R LYS  36,0.0,0.0,0.0,-2.7999999999997804e-05,0.0001649727250183973,1.0433791257255579e-05,8.499251999999998,0.3575814487582439,0.022615436541976775,-8.494091999999998,0.3567657544327438,0.022563847503115672,0.0,0.0,0.0,0.005132000000001483,0.000985178156478007,6.230813751032539e-05
ASP  37,R ASP  37,0.0,0.0,0.0,-2.8000000000001358e-05,0.00016497272501841823,1.0433791257256902e-05,-9.309503999999993,0.3221790092232633,0.020376389668838157,9.297871999999998,0.32087632448659165,0.020294000652017773,0.0,0.0,0.0,-0.01165999999999903,0.001439583273034989,9.104724048541245e-05
LEU  38,R LEU  38,0.0,0.0,0.0,-5.999999999999872e-05,0.00023748684174075327,1.501998668441455e-05,0.7756599999999998,0.02957783629680742,0.0018706666191502306,-0.7745879999999998,0.02943063465168002,0.0018613567696717024,0.0,0.0,0.0,0.0010120000000001354,0.0006662251871552064,4.2135780519648136e-05
LEU  39,R LEU  39,0.0,0.0,0.0,-1.6000000000003567e-05,0.00012547509713089296,7.935741931289606e-06,0.6844960000000005,0.023779528674872673,0.0015039494459576648,-0.6838640000000002,0.02373363655235446,0.0015010469732813236,0.0,0.0,0.0,0.0006159999999997936,0.0005971130546218609,3.776474546451224e-05
GLU  40,R GLU  40,0.0,0.0,0.0,-4.800000000000448e-05,0.0002137662274542182,1.3519763311538934e-05,-8.516516,0.7873706838230662,0.049797694474503655,8.508324000000004,0.7843827299373295,0.04960871967805408,0.0,0.0,0.0,-0.008240000000000152,0.00308259630830935,0.0001949605088216835
ASP  41,R ASP  41,0.0,0.0,0.0,-8.399999999999653e-05,0.0002773878151613615,1.7543545821753783e-05,-10.690431999999992,0.5391209561648836,0.034097003116176555,10.673091999999999,0.5371572093308502,0.03397280486130675,0.0,0.0,0.0,-0.017424000000000914,0.002121373140209191,0.00013416741780329536
GLY  42,R GLY  42,0.0,0.0,0.0,0.0,0.0,0.0,0.0,0.0,0.0,0.0,0.0,0.0,0.0,0.0,0.0,0.0,0.0,0.0
PHE  43,R PHE  43,0.0,0.0,0.0,-5.1999999999999604e-05,0.00022202702538204498,1.4042222046385572e-05,0.1825279999999999,0.019053430557252126,0.001205044756015359,-0.1824279999999999,0.018984330802006854,0.0012006745037686545,0.0,0.0,0.0,4.7999999999978724e-05,0.0005913509956023935,3.740032085423557e-05
GLY  44,R GLY  44,0.0,0.0,0.0,0.0,0.0,0.0,0.0,0.0,0.0,0.0,0.0,0.0,0.0,0.0,0.0,0.0,0.0,0.0
GLU  45,R GLU  45,0.0,0.0,0.0,-2.7999999999999136e-05,0.00016497272501840514,1.0433791257256073e-05,-8.418391999999999,0.3298460342887372,0.020861294910528138,8.410756000000005,0.3287067758106772,0.02078924187784161,0.0,0.0,0.0,-0.007663999999999305,0.0013080917399034108,8.273098573094685e-05
HID  46,R HID  46,0.0,0.0,0.0,-5.1999999999996046e-05,0.00022202702538202983,1.4042222046384613e-05,0.06275199999999993,0.19290591099289833,0.012200441056945444,-0.06240799999999998,0.19239640728454369,0.012168217213051388,0.0,0.0,0.0,0.00029199999999992345,0.0008756346269992174,5.537999638858994e-05
PRO  47,R PRO  47,0.0,0.0,0.0,-5.1999999999998716e-05,0.0002220270253820412,1.4042222046385331e-05,2.395312,0.06990140668110442,0.004420953135240024,-2.3916399999999998,0.0696127459593526,0.004402696628204747,0.0,0.0,0.0,0.003619999999999749,0.0006838128398913872,4.3248121346496616e-05
PHE  48,R PHE  48,0.0,0.0,0.0,-0.000952000000000016,0.00034306850627825204,2.169755746622104e-05,0.3802840000000003,0.020575795100061807,0.001301327543702549,-0.38016800000000023,0.02058513483074052,0.0013019182401360948,0.0,0.0,0.0,-0.0008360000000000305,0.0012104148049326261,7.655335394351021e-05
TYR  49,R TYR  49,0.0,0.0,0.0,-0.0003080000000000247,0.0004616665463297444,2.919835611811282e-05,0.20959199999999978,0.021734063955000618,0.0013745828981913855,-0.20996400000000007,0.021581165492158775,0.0013649127503250085,0.0,0.0,0.0,-0.0006800000000000779,0.0008726969691707719,5.5194202594107696e-05
HIE  50,R HIE  50,0.0,0.0,0.0,-0.0001719999999999935,0.0003773804446443791,2.3867634989666595e-05,0.8866239999999997,0.08053780866152278,0.005093658262584978,-0.8816799999999995,0.07957427725088743,0.005032719185490525,0.0,0.0,0.0,0.00477200000000007,0.0011832227178347353,7.483357535224994e-05
CYS  51,R CYS  51,0.0,0.0,0.0,-3.200000000000181e-05,0.00017600000000000992,1.1131217363793323e-05,-0.20680400000000004,0.07346632959390328,0.004646418656987349,0.20639199999999996,0.07309401026075964,0.00462287111479437,0.0,0.0,0.0,-0.0004439999999999991,0.0007091290432636678,4.484925863378546e-05
LEU  52,R LEU  52,0.0,0.0,0.0,-7.200000000000628e-05,0.0002584879107424787,1.6348210911290772e-05,0.8927079999999996,0.02176599954059786,0.0013766026819693564,-0.8909839999999993,0.02156440919666612,0.0013638529891469365,0.0,0.0,0.0,0.0016519999999998448,0.0007340953616525214,4.6428267251739913e-05
VAL  53,R VAL  53,0.0,0.0,0.0,-2.7999999999998692e-05,0.00016497272501840254,1.0433791257255909e-05,1.0572400000000006,0.019861278911441488,0.0012561375720804952,-1.0558679999999998,0.01981097110190885,0.001252955826836154,0.0,0.0,0.0,0.0013439999999999444,0.0005741637397117765,3.631330334738566e-05
ALA  54,R ALA  54,0.0,0.0,0.0,0.0,0.0,0.0,-0.01080400000000001,0.002384446266955886,0.00015080562323732972,0.01079599999999999,0.0023448633222429363,0.0001483021780015409,0.0,0.0,0.0,-7.999999999965812e-06,0.0005439999999999912,3.440558094263141e-05
GLU  55,R GLU  55,0.0,0.0,0.0,-7.999999999997343e-06,8.908422980525076e-05,5.634181395729011e-06,-7.341279999999995,0.14057678898048728,0.008890856786623987,7.336764000000001,0.1402597458430529,0.008870805218007618,0.0,0.0,0.0,-0.004524000000000371,0.0006643974713968444,4.2020185625412015e-05
VAL  56,R VAL  56,0.0,0.0,0.0,-1.2000000000002231e-05,0.00010888526071054984,6.886508549331631e-06,0.8361199999999995,0.013144793646184786,0.0008313497458970682,-0.8356240000000004,0.01310673964033912,0.0008289429992457548,0.0,0.0,0.0,0.0004840000000001048,0.0005947638186708351,3.7616166737184376e-05
PRO  57,R PRO  57,0.0,0.0,0.0,-7.999999999999119e-06,8.908422980527055e-05,5.634181395730263e-06,1.5125959999999996,0.02479985451570661,0.0015684805182088982,-1.5119840000000004,0.02482562675941289,0.001570110498019394,0.0,0.0,0.0,0.0006040000000000987,0.000612522652642412,3.873933401596351e-05
LYS  58,R LYS  58,0.0,0.0,0.0,-3.999999999999559e-06,6.311893535223105e-05,3.991991983959448e-06,6.6269640000000045,0.14247552317464113,0.009010943281119397,-6.625231999999994,0.14221778431724932,0.008994642444501648,0.0,0.0,0.0,0.0017280000000004848,0.0006308850925484403,3.9900676685983866e-05
GLH  59,R GLH  59,0.0,0.0,0.0,-1.199999999999335e-05,0.00010888526071046924,6.886508549326533e-06,0.025044000000000493,0.022328682540625044,0.0014121898795842061,-0.02496799999999997,0.022301546493460916,0.0014104736452695583,0.0,0.0,0.0,6.400000000076033e-05,0.0005830128643517282,3.687297113060496e-05
HIE  60,R HIE  60,0.0,0.0,0.0,0.0,0.0,0.0,0.19967600000000008,0.04477243598465412,0.002831657482111812,-0.19973600000000014,0.044628357621583785,0.002822545166334793,0.0,0.0,0.0,-5.99999999999703e-05,0.0006003332407921082,3.796840792026737e-05
TRP  61,R TRP  61,0.0,0.0,0.0,-1.2000000000000454e-05,0.00010888526071053373,6.886508549330611e-06,0.254916,0.011506734723632393,0.0007277498031605297,-0.254784,0.011499623646016772,0.0007273000591228577,0.0,0.0,0.0,0.00012000000000005428,0.0005599999999999048,3.541750979387982e-05
THR  62,R THR  62,0.0,0.0,0.0,0.0,0.0,0.0,0.4499479999999995,0.01646624717415585,0.001041416911712875,-0.44971199999999967,0.016415025312207156,0.0010381773567178234,0.0,0.0,0.0,0.00023599999999990474,0.0005332016504102576,3.372263334914535e-05
PRO  63,R PRO  63,0.0,0.0,0.0,0.0,0.0,0.0,1.4266999999999996,0.030670930862969712,0.00193979998969076,-1.426152000000001,0.030632415771515265,0.001937364081425045,0.0,0.0,0.0,0.0005479999999999805,0.0006258562135186544,3.9582622449752245e-05
GLU  64,R GLU  64,0.0,0.0,0.0,-3.999999999999559e-06,6.311893535223105e-05,3.991991983959448e-06,-6.557644,0.207998762650164,0.013154996809425576,6.554831999999998,0.20767207750685787,0.013134335426813857,0.0,0.0,0.0,-0.0028159999999987804,0.0006558536422097927,4.147982642200186e-05
GLY  65,R GLY  65,0.0,0.0,0.0,0.0,0.0,0.0,0.0,0.0,0.0,0.0,0.0,0.0,0.0,0.0,0.0,0.0,0.0,0.0
HIE  66,R HIE  66,0.0,0.0,0.0,-1.2000000000000454e-05,0.00010888526071053371,6.88650854933061e-06,0.26375999999999994,0.04623451524564715,0.002924127493800487,-0.263756,0.04615218807380567,0.0029189206662737035,0.0,0.0,0.0,-8.000000000073725e-06,0.0006324049335670283,3.999679987198564e-05
SER  67,R SER  67,0.0,0.0,0.0,0.0,0.0,0.0,0.3986040000000002,0.038502352967057445,0.0024351026130328694,-0.39846799999999993,0.03839094914169361,0.0024280568164687624,0.0,0.0,0.0,0.00013599999999997569,0.0005843834357679438,3.6959653678028234e-05
ILE  68,R ILE  68,0.0,0.0,0.0,-1.5999999999998237e-05,0.00012547509713085116,7.935741931286964e-06,0.771864,0.01497349337997861,0.0009470068722037096,-0.7712039999999996,0.01493219287314002,0.0009443947988011235,0.0,0.0,0.0,0.000644000000000073,0.000590985617422252,3.7377212309104086e-05
VAL  69,R VAL  69,0.0,0.0,0.0,-1.9999999999999575e-05,0.000139999999999997,8.854377448471274e-06,0.9211280000000004,0.015476679747273228,0.0009788311723676506,-0.9205040000000002,0.015449853850445108,0.0009771345536825798,0.0,0.0,0.0,0.0006039999999999068,0.0005993196142294706,3.790430054757172e-05
GLY  70,R GLY  70,0.0,0.0,0.0,0.0,0.0,0.0,0.0,0.0,0.0,0.0,0.0,0.0,0.0,0.0,0.0,0.0,0.0,0.0
PHE  71,R PHE  71,0.0,0.0,0.0,-8.40000000000103e-05,0.00027738781516140694,1.7543545821756656e-05,0.21711599999999978,0.012960807999506215,0.0008197134718914026,-0.21709999999999988,0.012866778928700064,0.0008137665512910688,0.0,0.0,0.0,-6.79999999999712e-05,0.0006126793614933814,3.874924515393494e-05
ALA  72,R ALA  72,0.0,0.0,0.0,-3.999999999999915e-05,0.00019595917942265005,1.2393546707863469e-05,-0.011035999999999995,0.004517820713574197,0.000285732070303633,0.01095600000000001,0.004483086436820056,0.00028353528175519845,0.0,0.0,0.0,-0.0001200000000000232,0.0006079473661428237,3.844996749023315e-05
MET  73,R MET  73,0.0,0.0,0.0,-0.0001279999999999859,0.0003340898082851009,2.1129694744598226e-05,0.7022079999999998,0.10690570020349936,0.006761310149963684,-0.7003760000000001,0.10628464905149541,0.006722031426287606,0.0,0.0,0.0,0.0017040000000000468,0.0008811265516372161,5.572733620047137e-05
TYR  74,R TYR  74,0.0,0.0,0.0,-0.0003440000000000083,0.0004750410508577241,3.004423405580584e-05,0.3322360000000001,0.017692605913203274,0.0011189786485897137,-0.3319519999999999,0.017553965250047654,0.0011102102431519547,0.0,0.0,0.0,-6.0000000000108855e-05,0.0007800000000001577,4.9331531498636693e-05
TYR  75,R TYR  75,0.0,0.0,0.0,-0.0011559999999999492,0.00041432354507057686,2.6204121813169037e-05,0.6863200000000002,0.05326268487411543,0.0033686279699600696,-0.6851920000000001,0.05300033147065691,0.003352035283823549,0.0,0.0,0.0,-2.799999999969316e-05,0.0013278614385545421,8.398133125880151e-05
PHE  76,R PHE  76,0.0,0.0,0.0,-0.0005879999999999406,0.0004921950832748633,3.112915032569631e-05,0.29497999999999996,0.015321736194046537,0.000969031681628533,-0.29396400000000017,0.015247908184397896,0.0009643623883164011,0.0,0.0,0.0,0.0004280000000000346,0.0007621128525356454,4.82002489620134e-05
THR  77,R THR  77,0.0,0.0,0.0,-0.003304000000000004,0.0007290980729641465,4.611221096412671e-05,1.752908,0.22475925684162404,0.014215023536526294,-1.7335279999999997,0.22142388582987152,0.01400407615174953,0.0,0.0,0.0,0.016076000000000177,0.005139477016195422,0.00032504906706527244
TYR  78,R TYR  78,0.0,0.0,0.0,-0.007639999999999951,0.0018084247288731054,0.0001143748224042296,0.46683600000000003,0.06982246847541199,0.004415960644752125,-0.47653200000000023,0.07028451448220867,0.004445183000057388,0.0,0.0,0.0,-0.01733599999999986,0.007782487006092471,0.0004922076959983383
ASP  79,R ASP  79,0.0,0.0,0.0,-0.2410560000000001,0.167782826487099,0.010611517679201212,-45.83883999999996,4.301217915707503,0.2720329065271567,46.05464399999999,4.270419307429181,0.27008503150870045,-0.11395837439999998,0.04243585796916172,0.0026838793129191677,-0.1392103743999985,0.30056557925631094,0.01900943633395601
PRO  80,R PRO  80,0.0,0.0,0.0,-0.12335999999999994,0.038480519747009966,0.002433721758952756,9.099360000000006,0.5170346046443919,0.032700139596019015,-8.889532000000003,0.4601724643825928,0.029103862078834048,-0.01311160319999998,0.011458428812530555,0.0007246946690899013,0.07335639679999999,0.061980947190624636,0.003920019293139767
TRP  81,R TRP  81,0.0,0.0,0.0,-1.1847599999999998,0.4056218909279924,0.02565378088313691,-1.2009000000000003,0.9143027387031057,0.05782558250463197,0.6593880000000004,0.5412469653088128,0.03423146374059977,-0.17942783039999996,0.04429817921204142,0.0028016628501674776,-1.9056998304,0.7889111398819034,0.04989512147013029
ILE  82,R ILE  82,0.0,0.0,0.0,-0.104576,0.1486383672676744,0.009400715765089393,2.7978280000000004,0.23793617298761657,0.015048404887693979,-2.756780000000001,0.2161993422746611,0.013673647004365156,-0.023116089599999994,0.047196367332232377,0.002984960361116383,-0.08664408960000006,0.17072043140392276,0.010797308127258664
GLY  83,R GLY  83,0.0,0.0,0.0,0.0,0.0,0.0,0.0,0.0,0.0,0.0,0.0,0.0,0.0,0.0,0.0,0.0,0.0,0.0
LYS  84,R LYS  84,0.0,0.0,0.0,-0.001255999999999937,0.00047166089513550125,2.9830454237240324e-05,17.630187999999997,0.6789305123913254,0.042939335842835186,-17.56653999999999,0.6713011011465917,0.04245680950804601,0.0,0.0,0.0,0.062392000000001654,0.007726210973046724,0.000488648487156269
LEU  85,R LEU  85,0.0,0.0,0.0,-0.019635999999999994,0.01022386932623848,0.0006466142714168937,2.081332000000001,0.12378848805924482,0.007829071407515402,-2.0429239999999997,0.11711371492700691,0.0074069216882600404,-3.830399999999998e-06,6.044269249330307e-05,3.8227315238399864e-06,0.018768169599999888,0.009877044874691734,0.0006246791671143652
LEU  86,R LEU  86,0.0,0.0,0.0,-0.0007760000000000211,0.0004264082550795733,2.6968425982990293e-05,1.3360280000000007,0.050335943579088854,0.0031835245976729733,-1.32798,0.04965991945219998,0.003140769077789063,0.0,0.0,0.0,0.007271999999999956,0.0013198545374397564,8.347493036835223e-05
TYR  87,R TYR  87,0.0,0.0,0.0,-0.005156000000000006,0.0012789308034448043,8.088668617269403e-05,0.4672799999999998,0.1508543986763401,0.009540869897446493,-0.46430400000000016,0.14977814120892186,0.009472801398530371,0.0,0.0,0.0,-0.0021799999999998505,0.0028205673188208455,0.00017838834042616366
LEU  88,R LEU  88,0.0,0.0,0.0,-0.00044000000000002614,0.0004963869458396626,3.139426699255953e-05,1.2357159999999994,0.038828795294231236,0.0024557486386039707,-1.2308400000000006,0.03846554822173278,0.002432774876554302,0.0,0.0,0.0,0.004436,0.0008519999999999405,5.3885211329265424e-05
GLU  89,R GLU  89,0.0,0.0,0.0,-0.0004479999999999977,0.0004972886485734383,3.145129568078216e-05,-14.753616,0.591325362676076,0.0373986996856304,14.722899999999992,0.5887455766288726,0.037235539689928696,0.0,0.0,0.0,-0.03116400000000118,0.0029081100391823004,0.00018392502820435157
ASP  90,R ASP  90,0.0,0.0,0.0,-0.000135999999999993,0.0003427885645700393,2.1679852398020424e-05,-11.789483999999993,0.4990383088943736,0.031561953915697695,11.768612,0.4973136288660906,0.03145287557321014,0.0,0.0,0.0,-0.02100799999999998,0.0018740160084712437,0.00011852317916773061
PHE  91,R PHE  91,0.0,0.0,0.0,-0.00017599999999999127,0.0003808201675331621,2.4085182166633964e-05,0.2550640000000002,0.014122744209248582,0.0008932007702635827,-0.25438000000000016,0.013973818375802789,0.0008837818735410309,0.0,0.0,0.0,0.0005079999999999796,0.0006942161046821049,4.390608158330667e-05
PHE  92,R PHE  92,0.0,0.0,0.0,-6.800000000001916e-05,0.00025174590364102393,1.5921808942458228e-05,0.1945960000000001,0.0066507731881293,0.00042063182951336233,-0.19442000000000018,0.006628695195880547,0.0004192354946799702,0.0,0.0,0.0,0.00010799999999998989,0.0006069069121373419,3.83841634010738e-05
VAL  93,R VAL  93,0.0,0.0,0.0,-3.599999999998893e-05,0.000186290096355063,1.1782020200284611e-05,1.0516359999999998,0.020092573354370487,0.0012707659170764045,-1.050508,0.020018040263712227,0.001266052030525766,0.0,0.0,0.0,0.0010919999999999704,0.000582697176928192,3.6853005304864066e-05
MET  94,R MET  94,0.0,0.0,0.0,0.0,0.0,0.0,0.42507600000000006,0.014282514624531098,0.0009033055385636572,-0.42475600000000024,0.014269704411786833,0.0009024953495719933,0.0,0.0,0.0,0.0003200000000000003,0.0005599999999999142,3.541750979388042e-05
SER  95,R SER  95,0.0,0.0,0.0,-8.000000000000006e-06,8.908422980528044e-05,5.634181395730888e-06,0.4099160000000002,0.04967459052674656,0.003141696958014849,-0.40976,0.04956287320162073,0.0031346313339848655,0.0,0.0,0.0,0.00014800000000001878,0.0005848897331975926,3.6991674739051814e-05
ASP  96,R ASP  96,0.0,0.0,0.0,-4.000000000001336e-06,6.311893535225908e-05,3.991991983961221e-06,-6.441943999999995,0.12583279725104807,0.007958364873269728,6.439124000000005,0.1255786790181578,0.007942293025051521,0.0,0.0,0.0,-0.0028239999999995005,0.0006457739542595606,4.084233098147211e-05
TYR  97,R TYR  97,0.0,0.0,0.0,-7.999999999995566e-06,8.908422980523099e-05,5.634181395727761e-06,0.23371600000000003,0.010363558462229546,0.0006554489880991491,-0.23352799999999987,0.010312381684174973,0.0006522122844599217,0.0,0.0,0.0,0.00018000000000007788,0.0005827520913733572,3.685647839932739e-05
ARG  98,R ARG  98,0.0,0.0,0.0,-5.1999999999999604e-05,0.00022202702538204496,1.404222204638557e-05,9.989004000000001,0.3161698467342076,0.019996336862928905,-9.979667999999998,0.3150454535080182,0.019925223991320434,0.0,0.0,0.0,0.00928399999999931,0.0012535326082691077,7.928036326844e-05
GLY  99,R GLY  99,0.0,0.0,0.0,0.0,0.0,0.0,0.0,0.0,0.0,0.0,0.0,0.0,0.0,0.0,0.0,0.0,0.0,0.0
PHE 100,R PHE 100,0.0,0.0,0.0,-8.000000000000896e-06,8.908422980529032e-05,5.6341813957315135e-06,0.15053200000000008,0.004199163726264887,0.00026557843285913724,-0.15047600000000003,0.004118424941647028,0.00026047206376101316,0.0,0.0,0.0,4.800000000007287e-05,0.0005845476883881575,3.6970041925858754e-05
GLY 101,R GLY 101,0.0,0.0,0.0,0.0,0.0,0.0,0.0,0.0,0.0,0.0,0.0,0.0,0.0,0.0,0.0,0.0,0.0,0.0
ILE 102,R ILE 102,0.0,0.0,0.0,-7.999999999999119e-06,8.908422980527055e-05,5.634181395730263e-06,0.850632,0.01785633153812699,0.0011293335663115811,-0.8497760000000001,0.017852893995093752,0.0011291161570007836,0.0,0.0,0.0,0.0008480000000000043,0.0006073680926752477,3.841333101932028e-05
GLY 103,R GLY 103,0.0,0.0,0.0,0.0,0.0,0.0,0.0,0.0,0.0,0.0,0.0,0.0,0.0,0.0,0.0,0.0,0.0,0.0
SER 104,R SER 104,0.0,0.0,0.0,-1.6000000000000013e-05,0.0001254750971308651,7.935741931287845e-06,0.5653239999999997,0.09112358105342595,0.00576316129359583,-0.5646679999999996,0.09061557137711149,0.005731031940584658,0.0,0.0,0.0,0.0006399999999999841,0.0007631513611335039,4.826593001279141e-05
GLU 105,R GLU 105,0.0,0.0,0.0,-8.000000000002671e-06,8.908422980531009e-05,5.634181395732764e-06,-8.89344,0.21671680691630227,0.013706374341888936,8.884204000000002,0.2159682439248204,0.013659031061385097,0.0,0.0,0.0,-0.009243999999999801,0.0009510331224530643,6.014861594427008e-05
ILE 106,R ILE 106,0.0,0.0,0.0,-5.599999999999028e-05,0.0002299217258111587,1.4541526742399732e-05,0.9971760000000002,0.02220903023545583,0.001404622403351721,-0.9956240000000001,0.02208226944857027,0.0013966053472606497,0.0,0.0,0.0,0.001495999999999972,0.0006082631009686395,3.8469936313957445e-05
LEU 107,R LEU 107,0.0,0.0,0.0,-0.00020800000000000197,0.0004058768286069102,2.5669904557672446e-05,1.0014359999999995,0.030172800731787557,0.0019082954739768785,-0.9987199999999998,0.0298500519262583,0.0018878830472254546,0.0,0.0,0.0,0.002507999999999981,0.0008401999761960031,5.3138912295972495e-05
LYS 108,R LYS 108,0.0,0.0,0.0,-6.400000000001072e-05,0.0002447529366524946,1.5479534876735804e-05,11.013892000000004,0.27501541836038573,0.01739350227365817,-11.000176,0.27382108213947737,0.017317965818656002,0.0,0.0,0.0,0.013651999999999248,0.001312591330156604,8.301556480569853e-05
ASN 109,R ASN 109,0.0,0.0,0.0,-3.2000000000007134e-05,0.00017600000000003924,1.1131217363795178e-05,-0.24128,0.09020621708064269,0.005705142101648314,0.24034000000000003,0.08974622220461417,0.005676049471243175,0.0,0.0,0.0,-0.000971999999999241,0.0007233367127414292,4.574783054963708e-05
LEU 110,R LEU 110,0.0,0.0,0.0,-0.00020400000000000596,0.0004029689814365487,2.5485996154752088e-05,1.0688919999999995,0.03317397076023364,0.002098106132683317,-1.0652080000000002,0.03274869059977098,0.0020712090536684396,0.0,0.0,0.0,0.0034800000000001674,0.0009086253353279707,5.746651198741289e-05
SER 111,R SER 111,0.0,0.0,0.0,-8.799999999999741e-05,0.0002832948993540041,1.791714262933633e-05,0.5581200000000002,0.04221897203864324,0.0026701622422614997,-0.5578200000000003,0.04181716872290116,0.002644749969278444,0.0,0.0,0.0,0.00021199999999999618,0.0009418365038582066,5.956697071363793e-05
GLN 112,R GLN 112,0.0,0.0,0.0,-9.599999999999564e-05,0.0002945912422323382,1.8631586083851496e-05,0.5120319999999999,0.04881875639546804,0.0030875692549318153,-0.510496,0.048463780124953844,0.0030651185843290772,0.0,0.0,0.0,0.0014400000000005663,0.0007472616676907597,4.726097756077313e-05
VAL 113,R VAL 113,0.0,0.0,0.0,-0.00011600000000000321,0.0003202249209540159,2.025280227524139e-05,1.4321199999999996,0.03916602609406187,0.002477076987096473,-1.42814,0.0387150668345201,0.002448555819254573,0.0,0.0,0.0,0.0038639999999999473,0.0007984384760269224,5.049768311517645e-05
ALA 114,R ALA 114,0.0,0.0,0.0,-0.00019199999999999396,0.0003938730760029052,2.4910720583715784e-05,0.004579999999999998,0.0065601524372532714,0.0004149004699925033,-0.004804000000000002,0.006510728377071185,0.00041177461796473077,0.0,0.0,0.0,-0.00041600000000001147,0.0007449456356003397,4.711449882997777e-05
MET 115,R MET 115,0.0,0.0,0.0,-0.00033599999999998074,0.0004723388614119889,2.9873332589450013e-05,0.538264,0.16851248708626893,0.010657665467446415,-0.5377160000000002,0.16676365114736358,0.010547059371028416,0.0,0.0,0.0,0.00021200000000004104,0.0019491167230312584,0.00012327296540604694
ARG 116,R ARG 116,0.0,0.0,0.0,-0.00011599999999998545,0.0003202249209539668,2.025280227523829e-05,12.276468000000003,0.2988941099718901,0.018903723334400376,-12.257332000000002,0.2972931310606916,0.018802468537494704,0.0,0.0,0.0,0.019020000000002483,0.0017808986495583008,0.000112633920290445
CYS 117,R CYS 117,0.0,0.0,0.0,-0.00014399999999999924,0.00035108973211986523,2.220486433194301e-05,-0.143348,0.08592570567647363,0.005434418789898318,0.14407599999999984,0.08536471299079057,0.0053989384971492495,0.0,0.0,0.0,0.0005839999999999268,0.0008596185200423398,5.436704884393791e-05
ARG 118,R ARG 118,0.0,0.0,0.0,-0.00035199999999998964,0.00047759396981116357,3.020569482729948e-05,14.114112,0.6576158114400258,0.0415912757898059,-14.082871999999988,0.6525679731769811,0.04127202246637851,0.0,0.0,0.0,0.030888000000000033,0.005090722542038075,0.00032196556337605177
CYS 119,R CYS 119,0.0,0.0,0.0,-0.0006520000000000241,0.0005008951986194424,3.167939393359732e-05,-0.19886400000000004,0.17749516473414126,0.011225779884533625,0.19822799999999985,0.17564703247137436,0.011108893737181942,0.0,0.0,0.0,-0.0012880000000000571,0.0020854390425039575,0.000131894745915064
SER 120,R SER 120,0.0,0.0,0.0,-0.0027920000000000045,0.00208536231863914,0.00013188989347178974,1.9048759999999993,0.4075704462102258,0.025777018339909103,-1.8808560000000003,0.3997602122072653,0.025283055769744114,0.0,0.0,0.0,0.021228000000000056,0.009025298665418279,0.0005708100069199942
SER 121,R SER 121,0.0,0.0,0.0,-0.006379999999999999,0.004416740879879649,0.0002793392203039169,1.3702999999999996,0.5406897613234443,0.034196223066298014,-1.358164,0.533652397262489,0.03375114108316941,-5.35392e-05,0.0006490745452283274,4.10510786831898e-05,0.005702460799999995,0.015680986277516594,0.0009917526518959528
MET 122,R MET 122,0.0,0.0,0.0,-0.001152000000000008,0.000439199271401924,2.7777400886330668e-05,1.1357480000000002,0.06119801055589074,0.003870502032552839,-1.1284039999999997,0.060393449843503214,0.0038196171452121942,0.0,0.0,0.0,0.006192000000000041,0.0011502764885018301,7.274987285212534e-05
HIP 123,R HIP 123,0.0,0.0,0.0,-0.044128,0.017013630300438495,0.0010760364603488097,32.381980000000006,1.8847905336136235,0.11920461997086401,-32.016796,1.8180868456659993,0.11498590832591171,-0.004526495999999999,0.011728387868118275,0.0007417683789028054,0.31652950399999885,0.04842952046775826,0.0030629518133571845
PHE 124,R PHE 124,0.0,0.0,0.0,-0.0017199999999998959,0.0005455272678794303,3.450217384455627e-05,0.3123079999999999,0.043934099922496854,0.0027786364540903427,-0.3142000000000002,0.04350678108065287,0.0027516104375436973,0.0,0.0,0.0,-0.0036119999999999386,0.001370202904682397,8.665924070749934e-05
LEU 125,R LEU 125,0.0,0.0,0.0,-0.002596000000000041,0.0007434944518958775,4.702271791378935e-05,1.4966319999999995,0.05883149306282776,0.0037208303245386243,-1.4871079999999999,0.05769520201889267,0.0036489649688649177,0.0,0.0,0.0,0.006927999999999876,0.0016836911830858238,0.00010648598029789538
VAL 126,R VAL 126,0.0,0.0,0.0,-0.0005800000000000054,0.0004935585071701263,3.121538082420291e-05,1.824203999999999,0.05965710673511292,0.0037730467179745634,-1.8154599999999996,0.05872825895597127,0.0037143012263410303,0.0,0.0,0.0,0.00816399999999971,0.001350964100189288,8.544247187436123e-05
ALA 127,R ALA 127,0.0,0.0,0.0,-0.00010000000000000231,0.00030000000000000697,1.8973665961010716e-05,-0.05917999999999998,0.006919219609175836,0.00043760987191791465,0.058472,0.006845233085877925,0.00043293055332234437,0.0,0.0,0.0,-0.000808000000000026,0.0006349299173924652,4.0156493870854944e-05
GLU 128,R GLU 128,0.0,0.0,0.0,-0.0004880000000000071,0.000499855979258033,3.1613667930185326e-05,-14.535215999999995,0.5160514328477798,0.03263795835184833,14.503771999999998,0.5131635295068855,0.03245531130745562,0.0,0.0,0.0,-0.03193199999999945,0.0032086408337485706,0.00020293226456134295
TRP 129,R TRP 129,0.0,0.0,0.0,-0.00018000000000000326,0.00038418745424597794,2.429814807758035e-05,0.5160560000000002,0.05391627642929303,0.003409964729436326,-0.5141360000000001,0.05346128977119494,0.003381188846544761,0.0,0.0,0.0,0.0017400000000003146,0.0008487638069567269,5.368053650997449e-05
ASN 130,R ASN 130,0.0,0.0,0.0,-9.200000000000318e-05,0.00028902595039201204,1.827960612267188e-05,0.15973199999999996,0.22856439831259806,0.014455681813875122,-0.15793999999999986,0.22686637564875062,0.014348289431148234,0.0,0.0,0.0,0.001699999999999477,0.0018292074786639323,0.00011568923891183762
GLU 131,R GLU 131,0.0,0.0,0.0,-8.000000000000363e-05,0.00027129319932502305,1.7158088471622553e-05,-9.999188,0.6989915540662396,0.04420810752140095,9.985587999999996,0.6962595911411827,0.04403532301487464,0.0,0.0,0.0,-0.01367999999999924,0.0028343605980898166,0.00017926070400401826
PRO 132,R PRO 132,0.0,0.0,0.0,-5.1999999999999157e-05,0.0002220270253820431,1.4042222046385453e-05,2.357216,0.05102808387546486,0.0032272993936116167,-2.3536960000000007,0.050733771631909806,0.0032086854529534527,0.0,0.0,0.0,0.0034679999999999394,0.0006700567140174055,4.237810755566148e-05
SER 133,R SER 133,0.0,0.0,0.0,-6.799999999999873e-05,0.0002517459036409483,1.5921808942453447e-05,0.9040400000000007,0.12164057875560645,0.007693225695376133,-0.9003919999999995,0.12066720489014725,0.007631664126781465,0.0,0.0,0.0,0.00358000000000003,0.0012757742747053164,8.068704976636278e-05
ILE 134,R ILE 134,0.0,0.0,0.0,-0.0003279999999999994,0.00046948482403587756,2.9692827416734764e-05,1.337828,0.04590754203831866,0.0029034478924203173,-1.33376,0.04546478197461434,0.0028754452872549793,0.0,0.0,0.0,0.0037400000000000445,0.0008392854103342609,5.308107007210569e-05
ASN 135,R ASN 135,0.0,0.0,0.0,-8.799999999999608e-05,0.00028329489935399976,1.7917142629336057e-05,-0.17678800000000003,0.27759874469456813,0.017556886176768365,0.17671200000000004,0.27631649436108574,0.01747578954508207,0.0,0.0,0.0,-0.0001639999999997599,0.0014943573869728001,9.45114596226336e-05
PHE 136,R PHE 136,0.0,0.0,0.0,-0.00019600000000001216,0.00039696851260524377,2.5106493184036643e-05,0.25011600000000006,0.015060097742045572,0.0009524842129924594,-0.24948399999999998,0.014910994064783323,0.000943054068439352,0.0,0.0,0.0,0.0004359999999999964,0.0007361412907859765,4.655766317160017e-05
TYR 137,R TYR 137,0.0,0.0,0.0,-0.0007519999999999563,0.00043185182644047765,2.7312707665112696e-05,0.5602079999999998,0.07794878277433204,0.00492991388809176,-0.5576960000000005,0.07709368057110316,0.004875832476203131,0.0,0.0,0.0,0.0017599999999997741,0.0012705904139416048,8.035919362463261e-05
LYS 138,R LYS 138,0.0,0.0,0.0,-0.0006319999999999712,0.0004822613399392267,3.0500885233053706e-05,16.414103999999995,0.8799502379022464,0.05565293958756249,-16.361832000000003,0.871084549154575,0.05509222419818714,0.0,0.0,0.0,0.0516399999999999,0.00890474031064341,0.0005631852270789698
ARG 139,R ARG 139,0.0,0.0,0.0,-0.00013200000000000145,0.0003384907679686442,2.140803587440964e-05,12.405443999999992,0.342800628447723,0.02168061538463831,-12.385392000000003,0.34087624489833623,0.021558906682481883,0.0,0.0,0.0,0.019919999999999733,0.002006389792638483,0.00012689523237701083
ARG 140,R ARG 140,0.0,0.0,0.0,-0.0001640000000000086,0.00037027557305338734,2.3418283455455432e-05,12.979440000000002,0.4104521097519253,0.025959270744749866,-12.955699999999997,0.40778856531288005,0.025790813403220692,0.0,0.0,0.0,0.02357599999999843,0.002741573270956223,0.0001733923181691923
GLY 141,R GLY 141,0.0,0.0,0.0,0.0,0.0,0.0,0.0,0.0,0.0,0.0,0.0,0.0,0.0,0.0,0.0,0.0,0.0,0.0
ALA 142,R ALA 142,0.0,0.0,0.0,-0.0004119999999999955,0.0004921950832749088,3.112915032569919e-05,-0.041216,0.010382357343108488,0.000656637933719942,0.04024000000000003,0.010269099278904405,0.0006494748647946123,0.0,0.0,0.0,-0.0013879999999999919,0.0007677603792851256,4.855742991551509e-05
SER 143,R SER 143,0.0,0.0,0.0,-0.0026479999999999984,0.0014241123551180996,9.006877372319488e-05,1.1946240000000001,0.4829693019478577,0.03054566068193654,-1.1844479999999993,0.47105005179492554,0.029791821112245022,0.0,0.0,0.0,0.007527999999999998,0.013881830426856437,0.0008779640448218758
ASP 144,R ASP 144,0.0,0.0,0.0,-0.002868000000000003,0.0007966027868391956,5.0381583936989234e-05,-19.663656000000003,0.8430731460935361,0.05332062751558923,19.576488000000012,0.8323642434988955,0.05264333704679021,0.0,0.0,0.0,-0.09003600000000034,0.012896926145404128,0.0008156732286890592
LEU 145,R LEU 145,0.0,0.0,0.0,-0.36923999999999985,0.1738584895827643,0.010995776352763848,2.9044759999999994,0.21157873575575623,0.013381414188941933,-2.738919999999999,0.16423176793789276,0.010386929016799116,-0.08729501760000005,0.031924211144611914,0.002019064394422093,-0.29097901759999995,0.15682988134513465,0.00991879260449154
SER 146,R SER 146,0.0,0.0,0.0,-0.003455999999999999,0.0008899797750511212,5.6287263212916806e-05,1.8224759999999989,0.2193502072577198,0.013872925203287825,-1.7976839999999998,0.21566702145668887,0.013639980079750836,0.0,0.0,0.0,0.021336000000000077,0.004864473661147787,0.0003076563277425027
SER 147,R SER 147,0.0,0.0,0.0,-0.000964000000000003,0.00044125276203101484,2.7907275037165445e-05,1.57738,0.2006108561369501,0.012687744574982599,-1.5609120000000019,0.19724904120424525,0.012475124729796339,0.0,0.0,0.0,0.015504000000000077,0.0035273196622931536,0.00022308728336684625
GLU 148,R GLU 148,0.0,0.0,0.0,-0.02371199999999997,0.02326742478230029,0.0014715611519743265,-24.822004000000007,4.578992816328013,0.2896009337829113,24.78284800000002,4.601982715405878,0.2910549426681805,-0.0010414944,0.004951564089801188,0.0003131644100814054,-0.06390949440000006,0.03652055899704896,0.0023097629570645846
GLU 149,R GLU 149,0.0,0.0,0.0,-0.24899599999999997,0.43076906572315515,0.027244227864558757,-49.87703999999999,13.567398436487409,0.8580776196461506,49.609919999999974,13.031675779331001,0.8241955438307156,-0.15113007360000005,0.08713772864392375,0.0055110738529698874,-0.6672460736000001,0.854464431007954,0.05404107563169877
GLY 150,R GLY 150,0.0,0.0,0.0,0.0,0.0,0.0,0.0,0.0,0.0,0.0,0.0,0.0,0.0,0.0,0.0,0.0,0.0,0.0
TRP 151,R TRP 151,0.0,0.0,0.0,-2.425624,0.5474551475911111,0.03462410366343108,-0.3775760000000001,1.0858460868023605,0.0686749364535272,-0.14085599999999995,0.9458921520258007,0.05982347242559564,-0.39084969599999997,0.07607670747998775,0.0048115134504625985,-3.3349056960000008,0.7949380181336412,0.05027629471925079
ARG 152,R ARG 152,0.0,0.0,0.0,-0.010976000000000024,0.0024313420162535844,0.0001537715708445491,23.805912000000003,0.8914738943208587,0.056381759612683165,-23.650951999999997,0.8748550723952686,0.055330693026410964,0.0,0.0,0.0,0.1439839999999997,0.017767603777662674,0.0011237219300165196
LEU 153,R LEU 153,0.0,0.0,0.0,-0.014564000000000007,0.004487081902528642,0.0002837879771942431,1.8994440000000006,0.10393081768174871,0.0065731620591605346,-1.8623359999999998,0.09076139655162013,0.005740254734417435,0.0,0.0,0.0,0.022544000000000196,0.0128828593099516,0.0008147835638990435
PHE 154,R PHE 154,0.0,0.0,0.0,-0.011287999999999992,0.004052290216655294,0.0002562893364929583,0.4004159999999998,0.04391376713514989,0.0027773504957064174,-0.40802,0.04380287205195435,0.002770336874822182,0.0,0.0,0.0,-0.018891999999999992,0.008233610143794782,0.00052073922840516
LYS 155,R LYS 155,0.0,0.0,0.0,-0.001364000000000015,0.0005509119711895913,3.48427323842434e-05,16.82024399999999,0.7777620976006435,0.04918999412336428,-16.757396000000004,0.7691877944843907,0.048647707579443505,0.0,0.0,0.0,0.061484000000000094,0.00866451060360489,0.0005479917663614357
ILE 156,R ILE 156,0.0,0.0,0.0,-0.002243999999999984,0.000810224660202357,5.1243106853508596e-05,1.5759400000000006,0.10428660700204281,0.006595664151546386,-1.5657640000000002,0.1020879047879795,0.006456606013688482,0.0,0.0,0.0,0.007932000000000163,0.0022802140250423038,0.000144213397435878
ASP 157,R ASP 157,0.0,0.0,0.0,-0.00015600000000000414,0.00036285534307766093,2.2948986905744404e-05,-11.237119999999997,0.4784135884358501,0.03025753206063356,11.218271999999997,0.4763454943798809,0.030126734307987194,0.0,0.0,0.0,-0.019004000000000788,0.002321203136307611,0.00014680577645316672
LYS 158,R LYS 158,0.0,0.0,0.0,-0.00013999999999999836,0.0003469870314579454,2.1945386758952068e-05,12.004404000000003,0.5792996813255484,0.03663812881596886,-11.985320000000003,0.5760295978505658,0.0364313105775724,0.0,0.0,0.0,0.018943999999999947,0.0033557210849529603,0.00021223443641405485
GLU 159,R GLU 159,0.0,0.0,0.0,-8.399999999999963e-05,0.00027738781516137176,1.7543545821754434e-05,-9.858580000000003,0.5792521002119317,0.03663511952211614,9.845876000000006,0.5771225767754087,0.0365004366343137,0.0,0.0,0.0,-0.012788000000000238,0.002287150191832802,0.00014465207914165387
TYR 160,R TYR 160,0.0,0.0,0.0,-0.00030799999999999274,0.0004616665463296963,2.9198356118109774e-05,0.3497239999999997,0.047735268135836485,0.003019043440562064,-0.34819999999999984,0.04742665916971246,0.0029995252957760307,0.0,0.0,0.0,0.001216000000000008,0.0008205754078694814,5.1897745615784346e-05
LEU 161,R LEU 161,0.0,0.0,0.0,-0.0006359999999999814,0.000481148625686477,3.043051100458128e-05,1.11814,0.06401581367131405,0.004048715549405959,-1.1120880000000002,0.06225682497524922,0.003937467336244869,0.0,0.0,0.0,0.005415999999999777,0.0020285324744746982,0.00012829565853914843
LEU 162,R LEU 162,0.0,0.0,0.0,-7.600000000000318e-05,0.00026499811320084124,1.6759952267235833e-05,0.8575239999999994,0.034092835376383544,0.002156220233650718,-0.8560919999999996,0.03391323541039987,0.0021448613344467746,0.0,0.0,0.0,0.001356000000000048,0.0006428561269833376,4.065779138123551e-05
LYS 163,R LYS 163,0.0,0.0,0.0,-0.00010799999999999699,0.0003103804117530529,1.9630180844810847e-05,11.405776,0.6196702976776632,0.03919139078031928,-11.389672000000004,0.6166178106541225,0.03899833454986935,0.0,0.0,0.0,0.015996000000000152,0.0030964469961554937,0.00019583650323676003
MET 164,R MET 164,0.0,0.0,0.0,-0.0006600000000000108,0.0004820788317277628,3.0489342400255514e-05,0.6245600000000004,0.06734293132912654,0.004259140946247002,-0.6226759999999999,0.06697201672340382,0.00423568224681686,0.0,0.0,0.0,0.0012239999999999985,0.0009496441438770971,6.006076922584541e-05
ALA 165,R ALA 165,0.0,0.0,0.0,-5.1999999999999604e-05,0.00022202702538204498,1.4042222046385572e-05,-0.02075599999999999,0.004551094813338979,0.00028783650915060067,0.020579999999999998,0.0044653779235357734,0.00028241529703612486,0.0,0.0,0.0,-0.00022799999999999887,0.000632468181017845,4.0000799992001236e-05
THR 166,R THR 166,0.0,0.0,0.0,-3.199999999999914e-05,0.00017599999999999525,1.1131217363792395e-05,0.7027800000000002,0.039616203755527844,0.002505548722335687,-0.7012280000000001,0.039396345211197295,0.0024916436470730145,0.0,0.0,0.0,0.0015199999999999392,0.0006337191807103094,4.0079920159608394e-05
GLU 167,R GLU 167,0.0,0.0,0.0,-8.400000000000496e-05,0.0002773878151613894,1.7543545821755545e-05,-10.043456,0.8841330805167592,0.05591748578267997,10.029971999999997,0.8808437564154161,0.05570945066022536,0.0,0.0,0.0,-0.01356800000000041,0.0033866467191016546,0.000214190345253954
GLU 168,R GLU 168,0.0,0.0,0.0,-3.1999999999999585e-05,0.00017599999999999772,1.113121736379255e-05,-8.630115999999996,0.3285763450768077,0.02078099271392331,8.621503999999998,0.3274001740744952,0.020706605128220295,0.0,0.0,0.0,-0.00864399999999904,0.001325618346283666,8.383946564724375e-05
ALA 169,R ALA 169,0.0,0.0,0.0,-1.200000000000001e-05,0.0001088852607105297,6.886508549330357e-06,0.3062039999999997,0.015583144227022673,0.000985564577285913,-0.3058640000000001,0.015496499733811554,0.0009800846983807504,0.0,0.0,0.0,0.0003279999999999905,0.0006102589614254088,3.859616561266254e-05
LYS 170,R LYS 170,0.0,0.0,0.0,-5.2000000000003155e-05,0.0002220270253820602,1.4042222046386534e-05,11.041095999999998,0.8669135497753472,0.05482842703503698,-11.026812000000005,0.8629301713672499,0.05457649606399852,0.0,0.0,0.0,0.014231999999999623,0.0040261862848109025,0.0002546383788826768
PHE 171,R PHE 171,0.0,0.0,0.0,-0.00027600000000000335,0.00044701677820860905,2.827182342899055e-05,0.25314800000000015,0.022435108557791662,0.0014189208519151402,-0.2532400000000001,0.022297049132115245,0.001410189207163296,0.0,0.0,0.0,-0.0003680000000000323,0.0008582400596569581,5.4279867354295516e-05
VAL 172,R VAL 172,0.0,0.0,0.0,-9.599999999999343e-05,0.0002945912422323314,1.8631586083851062e-05,1.3160600000000016,0.045086410369369764,0.0028515149657648395,-1.3131560000000004,0.044742146394638235,0.002829741800234954,0.0,0.0,0.0,0.002807999999999893,0.0007557354034314303,4.779690366539099e-05
ILE 173,R ILE 173,0.0,0.0,0.0,-0.0004879999999999818,0.0004998559792580057,3.1613667930183605e-05,1.3000640000000006,0.05754827455273714,0.0036396724599871417,-1.2960120000000006,0.05699477042675548,0.0036046657853390854,0.0,0.0,0.0,0.0035639999999999682,0.0009369653141925636,5.925888962847581e-05
ARG 174,R ARG 174,0.0,0.0,0.0,-0.00023600000000000422,0.00042462218500686756,2.6855464993182037e-05,14.389684,0.5066593728965987,0.03204395232451669,-14.355428,0.5030463565278914,0.03181544510554498,0.0,0.0,0.0,0.03401999999999862,0.0036621851400532933,0.00023161692511582273
PRO 175,R PRO 175,0.0,0.0,0.0,-0.00016399999999999526,0.00037027557305335725,2.3418283455453528e-05,2.851103999999999,0.10636614679496198,0.006727185796157975,-2.844,0.10559276490369167,0.006678272830607118,0.0,0.0,0.0,0.006939999999999749,0.0010316976301222864,6.525028735568733e-05
ALA 176,R ALA 176,0.0,0.0,0.0,-0.00021999999999999532,0.00041424630354415076,2.6199236630099946e-05,0.025263999999999995,0.007482934183861356,0.0004732623120427014,-0.02552,0.007475934724166629,0.0004728196273421837,0.0,0.0,0.0,-0.00047599999999996533,0.0007276152829620613,4.601843109016041e-05
THR 177,R THR 177,0.0,0.0,0.0,-0.00011599999999999699,0.0003202249209539987,2.0252802275240306e-05,0.851711999999999,0.10612116214969616,0.0067116916067418075,-0.8486040000000004,0.1054211704734838,0.006667420245942004,0.0,0.0,0.0,0.0029919999999999617,0.0010430417057818837,6.596774969635941e-05
ALA 178,R ALA 178,0.0,0.0,0.0,-5.200000000000093e-05,0.0002220270253820507,1.4042222046385934e-05,-0.04806000000000005,0.0053179319288606626,0.00033633554673864426,0.04778400000000001,0.005302956156710985,0.00033538839574439027,0.0,0.0,0.0,-0.0003280000000000047,0.0006483949413744494,4.100809676149215e-05
ALA 179,R ALA 179,0.0,0.0,0.0,-2.000000000000002e-05,0.00014000000000000015,8.854377448471472e-06,-0.046524,0.0044740835933184744,0.0002829658919375376,0.04623200000000001,0.004455353633551611,0.0002817813052706055,0.0,0.0,0.0,-0.00031199999999996384,0.0005853682601576545,3.702193944136366e-05
ASP 180,R ASP 180,0.0,0.0,0.0,-0.0002160000000000073,0.00041151427678758784,2.6026448086514722e-05,-12.413020000000008,0.43719166003007615,0.027650428394500777,12.385620000000007,0.4350306605284834,0.02751375478555034,0.0,0.0,0.0,-0.0276159999999997,0.0024258079066572904,0.0001534215630216434
CYS 181,R CYS 181,0.0,0.0,0.0,-0.00020399999999999173,0.00040296898143652067,2.5485996154750313e-05,-0.482832,0.13743427438597672,0.00869210671264451,0.48065600000000025,0.13624640055428866,0.008616978975023594,0.0,0.0,0.0,-0.002379999999999898,0.0014736349615831691,9.320085836515088e-05
SER 182,R SER 182,0.0,0.0,0.0,-0.00011200000000000004,0.0003153664535108325,1.9945525814076707e-05,0.9829039999999998,0.08304499252815252,0.005252226493212534,-0.9781160000000002,0.08248087380720366,0.005216548492633748,0.0,0.0,0.0,0.004676000000000024,0.0008916411834363836,5.6392339905339435e-05
ASP 183,R ASP 183,0.0,0.0,0.0,-0.0002720000000000042,0.00044498988752555513,2.8143631606458058e-05,-12.786803999999995,0.41766372787690925,0.026415373522555907,12.758455999999995,0.4151685248955247,0.02625756302964355,0.0,0.0,0.0,-0.028620000000000943,0.002688419610105625,0.00017003058548391205
ILE 184,R ILE 184,0.0,0.0,0.0,-0.0024239999999999943,0.0006543882639534767,4.138714776352896e-05,1.7865079999999995,0.06227469739790527,0.0039385976875028345,-1.7765559999999994,0.0614777916324547,0.0038881969415159603,0.0,0.0,0.0,0.007528000000000109,0.0016177811965776396,0.00010231746673955879
LEU 185,R LEU 185,0.0,0.0,0.0,-0.0022360000000000344,0.0006421090250105609,4.061054050366792e-05,1.4886640000000002,0.05758172543438203,0.0036417880795019133,-1.4799319999999998,0.05668297254026871,0.003584945955520589,0.0,0.0,0.0,0.006496000000000415,0.0015754313694981118,9.96390284978471e-05
ARG 186,R ARG 186,0.0,0.0,0.0,-0.0009919999999999653,0.0003576814224977418,2.262175943643713e-05,17.316976000000004,0.5172147556130676,0.03271153334369303,-17.253304,0.5113808948171041,0.03234256759034088,0.0,0.0,0.0,0.06267999999999609,0.0059317451057807865,0.00037515650067647405
LEU 187,R LEU 187,0.0,0.0,0.0,-0.0024759999999999813,0.000727615282962134,4.601843109016501e-05,1.6067919999999996,0.07036246681294593,0.0044501131383383585,-1.5953240000000013,0.06883263051777196,0.00435335779553949,0.0,0.0,0.0,0.008992000000000359,0.0030763510852954814,0.00019456552623729298
ILE 188,R ILE 188,0.0,0.0,0.0,-0.01777200000000003,0.005226855268706025,0.00033057535298324913,2.547820000000001,0.11284178126914124,0.0071367408808202405,-2.5204079999999967,0.10932590514610421,0.006914377350424252,0.0,0.0,0.0,0.009639999999999897,0.00783213891603061,0.0004953479585099797
LYS 189,R LYS 189,0.0,0.0,0.0,-0.0035199999999999737,0.000895321171423998,5.662508278139785e-05,20.494247999999995,1.005469754142832,0.0635914908300174,-20.392392000000008,0.9918448579972076,0.06272977673594896,0.0,0.0,0.0,0.0983360000000016,0.013521505241652165,0.0008551750791505257
GLU 190,R GLU 190,0.0,0.0,0.0,-0.002171999999999967,0.000656060972776162,4.149293915836785e-05,-16.609883999999997,0.5779890228577541,0.03655523549611253,16.565996000000002,0.5742638870624733,0.03631963722198233,0.0,0.0,0.0,-0.0460600000000012,0.005004837659706578,0.0003165337264811901
LEU 191,R LEU 191,0.0,0.0,0.0,-0.15805600000000003,0.08172366159197703,0.005168658187189391,2.784824,0.19526390609632832,0.012349573761712706,-2.671632000000001,0.16457708399408486,0.01040876872180299,-0.0230313024,0.022592392392280967,0.001428868355037363,-0.0678953023999996,0.07876558950874164,0.004981573281869731
ALA 192,R ALA 192,0.0,0.0,0.0,-0.013568000000000005,0.005919237788769795,0.000374365468493024,-0.081624,0.03472559033335501,0.0021962391709465516,0.07045600000000002,0.03274287806531364,0.0020708414367111715,0.0,0.0,0.0,-0.024736000000000032,0.011933914026839623,0.0007547669945089001
LYS 193,R LYS 193,0.0,0.0,0.0,-0.002615999999999999,0.0007242540990564018,4.580585115462872e-05,19.430699999999998,0.7326677296018604,0.046337975872925,-19.343947999999997,0.7223651052590975,0.04568638069692048,0.0,0.0,0.0,0.0841359999999994,0.010777267928376596,0.0006816142721510892
TYR 194,R TYR 194,0.0,0.0,0.0,-0.015700000000000054,0.014204013517312668,0.0008983406926105507,0.5326039999999999,0.21876641237630712,0.013836002773055585,-0.5112599999999998,0.22804290912019198,0.014422699941411822,-9.175680000000063e-05,0.0010359141831897869,6.551696558705274e-05,0.005552243200000003,0.005653885474019807,0.0003575831145528669
GLU 195,R GLU 195,0.0,0.0,0.0,-0.20589999999999983,0.31097808604465993,0.019667981086018964,-36.833968,7.717114344557535,0.4880731658551848,37.24121999999997,8.011876315795352,0.5067155497894356,-0.05323593599999999,0.05265928168259097,0.0033304654013074277,0.14811606399999963,0.3906019688202693,0.02470383760036247
TYR 196,R TYR 196,0.0,0.0,0.0,-0.006507999999999974,0.002866694263433056,0.000181305664555744,0.7010720000000006,0.1389181443008756,0.008785954886294123,-0.6870400000000002,0.13622245923488324,0.00861546479303338,0.0,0.0,0.0,0.007524000000000143,0.00249668259897002,0.00015790407214508046
MET 197,R MET 197,0.0,0.0,0.0,-0.4937079999999998,0.24929352726454784,0.015766707041865127,0.19139199999999998,0.8820570402961475,0.05578618547045495,-0.33109600000000017,0.6952688737344715,0.043972664544418984,-0.16698585600000002,0.042662340042514145,0.002698203296938988,-0.8003978559999999,0.35531836984056864,0.022472306863885527
GLU 198,R GLU 198,0.0,0.0,0.0,-0.0037799999999999947,0.0010824047302188053,6.845728595263018e-05,-17.364075999999994,0.6039339949232865,0.038196139607243045,17.315704,0.5991603728416393,0.037894229237905454,0.0,0.0,0.0,-0.0521520000000007,0.007260364729130215,0.0004591857837520585
GLU 199,R GLU 199,0.0,0.0,0.0,-0.002632000000000004,0.0013596234772906863,8.599013896953574e-05,-16.41947600000001,1.1109305475247198,0.07026141704872095,16.385396,1.1072582531568183,0.0700291607598974,0.0,0.0,0.0,-0.03671199999999868,0.005082229432049804,0.0003214284119364265
GLN 200,R GLN 200,0.0,0.0,0.0,-0.10675999999999992,0.24261175239464397,0.015344114493837699,-0.1260639999999997,2.652724636275691,0.16777303711745814,0.20892799999999961,2.567386333767478,0.1623757689658899,-0.04445279999999999,0.0703885613141681,0.00445176349950372,-0.06834880000000038,0.2626152291621309,0.016609245447988124
VAL 201,R VAL 201,0.0,0.0,0.0,-0.019231999999999985,0.006973820760530058,0.0004410631519408532,3.0097440000000004,0.16961407507632495,0.010727336009279694,-2.980848,0.15883863791913114,0.01004583752526485,0.0,0.0,0.0,0.009664000000000159,0.013891835875794033,0.0008785968449749821
ILE 202,R ILE 202,0.0,0.0,0.0,-0.010064000000000003,0.008771083399443873,0.0005547320217907017,2.067720000000001,0.13324102071057278,0.008426902064221534,-2.0562440000000013,0.1305483836131006,0.008256604741415995,-2.3961599999999805e-05,0.00037810767033404346,2.3913628780713118e-05,0.0013880383999999176,0.006715405048749163,0.0004247195072928285
LEU 203,R LEU 203,0.0,0.0,0.0,-0.005855999999999998,0.0019460894121288688,0.00012308150145330673,1.879244000000001,0.09335480953864685,0.005904276573466737,-1.8645719999999986,0.09157382167413199,0.00579163701072701,0.0,0.0,0.0,0.008816000000000457,0.0032456346066680446,0.00020527195619471486
THR 204,R THR 204,0.0,0.0,0.0,-0.0005039999999999809,0.0004999839997439728,3.1621764656639955e-05,1.037483999999999,0.2558132321519011,0.016179049384188484,-1.0302240000000003,0.25306457243952374,0.01600520888011137,0.0,0.0,0.0,0.006756000000000135,0.0030868210184590676,0.0001952277029522263
GLU 205,R GLU 205,0.0,0.0,0.0,-0.00032400000000000115,0.0004680000000000017,2.959891889917614e-05,-13.157692,0.4980107680922918,0.031496966529231,13.132008000000008,0.4956947124347917,0.031350486307922615,0.0,0.0,0.0,-0.02600799999999947,0.0025455718414534472,0.0001609960993316384
LYS 206,R LYS 206,0.0,0.0,0.0,-0.0002119999999999931,0.00040872484632083374,2.5850029013522533e-05,12.97861199999999,0.41692208079722,0.026368467642719298,-12.955332000000022,0.4142825675494604,0.026201530167177123,0.0,0.0,0.0,0.023067999999999075,0.0027319180075535054,0.0001727816656939632
ASP 207,R ASP 207,0.0,0.0,0.0,-0.0005039999999999898,0.0004999839997439815,3.1621764656640504e-05,-15.15576799999999,0.7078938749389742,0.04477113972979093,15.119984000000004,0.7044263820612766,0.04455183622451221,0.0,0.0,0.0,-0.03628800000000015,0.004510105985451749,0.0002852441480557152
LEU 208,R LEU 208,0.0,0.0,0.0,-0.001519999999999957,0.0005306599664568943,3.3561883141446765e-05,1.4287000000000005,0.057027659955480356,0.003606745901777888,-1.4192919999999996,0.056092769017067494,0.0035476182071931513,0.0,0.0,0.0,0.007888000000000062,0.0017920535706281756,0.00011333941944444914
LEU 209,R LEU 209,0.0,0.0,0.0,-0.0001440000000000028,0.0003510897321198739,2.220486433194356e-05,1.043964,0.030029230825987633,0.0018992153158612069,-1.0415880000000008,0.02977828497408892,0.0018833441066337824,0.0,0.0,0.0,0.0022320000000001557,0.0006768869920451387,4.281009226805827e-05
GLU 210,R GLU 210,0.0,0.0,0.0,-0.00010400000000000143,0.0003052605444534268,1.930637200511816e-05,-11.037379999999997,0.3720250577583863,0.02352893058344392,11.019371999999999,0.37063211088081294,0.02344083288758889,0.0,0.0,0.0,-0.018111999999999028,0.001505807424606423,9.523562358697145e-05
ASP 211,R ASP 211,0.0,0.0,0.0,-0.0002879999999999949,0.0004528310943387091,2.8639553069137994e-05,-13.175963999999995,0.7410648896716793,0.046869058906877925,13.149027999999996,0.7374728437143757,0.046641877973176336,0.0,0.0,0.0,-0.027223999999999252,0.0038415913369312916,0.00024296356928548403
GLY 212,R GLY 212,0.0,0.0,0.0,0.0,0.0,0.0,0.0,0.0,0.0,0.0,0.0,0.0,0.0,0.0,0.0,0.0,0.0,0.0
PHE 213,R PHE 213,0.0,0.0,0.0,-0.0007160000000000118,0.00045972165491741166,2.9075350384819353e-05,0.29620799999999986,0.033774024575108835,0.0021360568681568905,-0.29615600000000014,0.03380478758992453,0.002138002492047112,0.0,0.0,0.0,-0.0006640000000000689,0.00114852252916518,7.263894272358269e-05
GLY 214,R GLY 214,0.0,0.0,0.0,0.0,0.0,0.0,0.0,0.0,0.0,0.0,0.0,0.0,0.0,0.0,0.0,0.0,0.0,0.0
GLU 215,R GLU 215,0.0,0.0,0.0,-3.6000000000000035e-05,0.00018629009635512045,1.1782020200288245e-05,-10.021200000000002,0.44922905515997547,0.028411740108618782,10.007483999999994,0.44726025728214086,0.028287222397689514,0.0,0.0,0.0,-0.013752000000000805,0.0020616731069696102,0.00013039165617479865
HID 216,R HID 216,0.0,0.0,0.0,-0.0001960000000000086,0.0003969685126052366,2.510649318403619e-05,0.47541200000000045,0.05600366288020494,0.003541982640273464,-0.4712399999999997,0.05544018758987329,0.003506345333820011,0.0,0.0,0.0,0.003976000000000074,0.0011024626977815303,6.972586320726993e-05
PRO 217,R PRO 217,0.0,0.0,0.0,-0.00022399999999999753,0.00041692205506544777,2.636846601529913e-05,3.001832000000001,0.10908644176062933,0.006899232356137942,-2.9941599999999977,0.10825443362750498,0.006846611541488791,0.0,0.0,0.0,0.007448000000000121,0.0010729846224433403,6.786150602513556e-05
PHE 218,R PHE 218,0.0,0.0,0.0,-0.0012519999999999385,0.00046097288423502253,2.9154485075195925e-05,0.3445719999999999,0.02626154633680271,0.0016609260260469591,-0.34438799999999997,0.025923685231848775,0.0016395578135582464,0.0,0.0,0.0,-0.0010679999999998664,0.0012989903771775428,8.21553650104448e-05
TYR 219,R TYR 219,0.0,0.0,0.0,-0.0037120000000000603,0.0008081188031471737,5.1109920759086314e-05,0.48606800000000006,0.08330891534523635,0.005268918437781992,-0.48863999999999974,0.08290292154080207,0.0052432411350234066,0.0,0.0,0.0,-0.00628400000000018,0.004086483084511624,0.00025845188333614163
HIE 220,R HIE 220,0.0,0.0,0.0,-0.0008880000000000194,0.00038400000000000993,2.4286292430093782e-05,0.6799679999999999,0.11395503927426703,0.007207149499212499,-0.671664,0.11246716455926091,0.007113048039764634,0.0,0.0,0.0,0.0074159999999998906,0.0016598023978775826,0.00010497512086204375
CYS 221,R CYS 221,0.0,0.0,0.0,-0.0016719999999999827,0.0005024101909794513,3.177521046350496e-05,-0.6206559999999999,0.24709085305611767,0.015627397693026172,0.6046760000000003,0.2415670404339126,0.015278041107943069,0.0,0.0,0.0,-0.01765200000000003,0.007723917140933134,0.0004885034124752894
LEU 222,R LEU 222,0.0,0.0,0.0,-0.0011639999999999908,0.0004302371439101998,2.721058617523746e-05,1.3709239999999998,0.068028510376166,0.004302500772341651,-1.3592799999999998,0.06647226188418814,0.004204074975544605,0.0,0.0,0.0,0.010480000000000097,0.002512687803926307,0.0001589163301866741
VAL 223,R VAL 223,0.0,0.0,0.0,-0.0006360000000000348,0.00048114862568651706,3.0430511004583813e-05,1.8635880000000005,0.08342346346203651,0.005276163096797422,-1.848748,0.08111643789023079,0.005130253988254254,0.0,0.0,0.0,0.01420399999999993,0.0033061131257113227,0.00020909695358852737
ALA 224,R ALA 224,0.0,0.0,0.0,-0.00024399999999999354,0.0004294927240361475,2.716350492848744e-05,-0.007191999999999997,0.006999081082542188,0.0004426607549806056,0.006367999999999999,0.007048444934877484,0.00044578279912980067,0.0,0.0,0.0,-0.0010679999999999694,0.0007741937741935426,4.896431353547365e-05
GLU 225,R GLU 225,0.0,0.0,0.0,-0.00014800000000000902,0.0003550999859194807,2.24584950519856e-05,-11.236311999999993,0.32037606442436056,0.02026236142763642,11.216995999999991,0.3189012574203092,0.02016908644279699,0.0,0.0,0.0,-0.019464000000000824,0.0016735304000824185,0.00010584335595586565
VAL 226,R VAL 226,0.0,0.0,0.0,-8.799999999999563e-05,0.00028329489935399835,1.791714262933597e-05,1.3498119999999996,0.04638483217606901,0.0029336343712208493,-1.3462079999999992,0.04595777122534558,0.0029066246651407897,0.0,0.0,0.0,0.0035159999999999484,0.0007960803979498111,5.034854516269282e-05
PRO 227,R PRO 227,0.0,0.0,0.0,-3.199999999999825e-05,0.0001759999999999904,1.1131217363792088e-05,2.2652440000000005,0.06954561426858821,0.004398450847284876,-2.261995999999999,0.06917106319843119,0.004374762157649882,0.0,0.0,0.0,0.0032159999999998375,0.0007220415500511396,4.566591726880135e-05
LYS 228,R LYS 228,0.0,0.0,0.0,-1.1999999999998679e-05,0.00010888526071051761,6.886508549329592e-06,9.782208,0.3159371658035278,0.019981620828748187,-9.773327999999994,0.3148449466262549,0.019912542822662232,0.0,0.0,0.0,0.008867999999999918,0.0012371644999755389,7.82451532045206e-05
GLH 229,R GLH 229,0.0,0.0,0.0,-1.999999999999602e-05,0.00013999999999997215,8.854377448469702e-06,0.040260000000000275,0.058459219974268874,0.0036972857071099915,-0.04000000000000008,0.05827280669403192,0.0036854958960769505,0.0,0.0,0.0,0.00024000000000032174,0.000631189353522105,3.9919919839581486e-05
HIE 230,R HIE 230,0.0,0.0,0.0,-0.00010400000000000808,0.0003052605444534464,1.93063720051194e-05,0.37326000000000004,0.13328540955408438,0.008429709461185483,-0.3727880000000002,0.1325634906601354,0.008384051301369716,0.0,0.0,0.0,0.0003680000000000376,0.000934117765594689,5.9078794842129756e-05
TRP 231,R TRP 231,0.0,0.0,0.0,-0.00010000000000001918,0.00030000000000005754,1.8973665961013917e-05,0.3788760000000001,0.03217385000275759,0.0020348529421065735,-0.3785000000000001,0.032017776312539915,0.0020249819752282657,0.0,0.0,0.0,0.00027600000000024496,0.0006571331676304372,4.1560750715068284e-05
THR 232,R THR 232,0.0,0.0,0.0,-0.00010800000000000231,0.00031038041175306824,1.9630180844811816e-05,0.8895039999999996,0.05972940635901838,0.0037776193476848595,-0.8869880000000002,0.05931586512898001,0.0037514647038186816,0.0,0.0,0.0,0.0024080000000000013,0.0008587991616204227,5.431522806727193e-05
PRO 233,R PRO 233,0.0,0.0,0.0,-4.400000000000093e-05,0.00020509509989271265,1.2971353052014547e-05,2.454604,0.08627008278655895,0.005456199110736241,-2.450639999999999,0.08577308668810021,0.005424766317549302,0.0,0.0,0.0,0.003920000000000094,0.0008059776671843248,5.097450343063231e-05
GLU 234,R GLU 234,0.0,0.0,0.0,-0.00010799999999999432,0.00031038041175304525,1.9630180844810362e-05,-11.420132000000002,0.8505897310548141,0.05379601808966537,11.401491999999992,0.847941942550414,0.053628557240939075,0.0,0.0,0.0,-0.018748000000000105,0.0027836120419339546,0.00017605108349566862
GLY 235,R GLY 235,0.0,0.0,0.0,0.0,0.0,0.0,0.0,0.0,0.0,0.0,0.0,0.0,0.0,0.0,0.0,0.0,0.0,0.0
HIE 236,R HIE 236,0.0,0.0,0.0,-0.00027600000000001934,0.00044701677820863485,2.8271823428992185e-05,0.4414680000000001,0.13633523746999487,0.008622597514902314,-0.4394080000000003,0.13543940909498864,0.008565940353749772,0.0,0.0,0.0,0.0017840000000000113,0.001230180474564542,7.780344465381572e-05
SER 237,R SER 237,0.0,0.0,0.0,-4.000000000000492e-05,0.00019595917942267835,1.2393546707865258e-05,0.5789399999999999,0.09790497638016078,0.006192054392525906,-0.578212,0.09716591509371876,0.006145312052613688,0.0,0.0,0.0,0.0006880000000000617,0.0009750158973062857,6.166541980721388e-05
ILE 238,R ILE 238,0.0,0.0,0.0,-0.0004679999999999769,0.000498974949270977,3.155794670126522e-05,1.3971039999999986,0.05160710400713626,0.0032639198421550606,-1.3914399999999998,0.05064391769996677,0.0032030025913202175,0.0,0.0,0.0,0.005196000000000026,0.001319690872894062,8.346457931362001e-05
VAL 239,R VAL 239,0.0,0.0,0.0,-0.00034400000000000473,0.0004750410508577187,3.0044234055805494e-05,1.7344719999999998,0.06810821694919503,0.004307541858646817,-1.7247440000000003,0.06673864295893135,0.004220922393979647,0.0,0.0,0.0,0.009383999999999936,0.0019381805901412758,0.00012258130363151443
GLY 240,R GLY 240,0.0,0.0,0.0,0.0,0.0,0.0,0.0,0.0,0.0,0.0,0.0,0.0,0.0,0.0,0.0,0.0,0.0,0.0
PHE 241,R PHE 241,0.0,0.0,0.0,-0.02704000000000005,0.007193219029057826,0.0004549391168057529,0.6412320000000001,0.09749249292124743,0.006165966647979692,-0.6577479999999997,0.09983296297316055,0.006313990971168852,0.0,0.0,0.0,-0.04355600000000005,0.025599196549891966,0.0016190353473596565
ALA 242,R ALA 242,0.0,0.0,0.0,-0.003368000000000011,0.0010200862708614484,6.451592051579258e-05,-0.10627199999999992,0.017791627693946467,0.0011252413358919995,0.09758400000000007,0.01686259007388803,0.0010664838376646638,0.0,0.0,0.0,-0.012056000000000035,0.0038435483605647586,0.0002430873423278147
MET 243,R MET 243,0.0,0.0,0.0,-0.020987999999999986,0.004927053480529753,0.00031161422303868197,0.9705520000000007,0.49287117109443407,0.031171909873859118,-0.9614999999999998,0.4744577388977868,0.030007342168209463,0.0,0.0,0.0,-0.011935999999999952,0.02134056943945036,0.0013496961198729183
TYR 244,R TYR 244,0.0,0.0,0.0,-0.005359999999999964,0.0011757550765359034,7.436128024718101e-05,0.55648,0.05578438491190953,0.0035281142838633106,-0.5668159999999999,0.056707937222226924,0.003586524860641582,0.0,0.0,0.0,-0.015695999999999884,0.005433560895030086,0.00034364856467036293
TYR 245,R TYR 245,0.0,0.0,0.0,-0.015159999999999986,0.0036053293885580204,0.000228021051659711,1.569068,0.20507666706868571,0.012970187257861865,-1.5534400000000002,0.20036638041348367,0.012672282572607172,0.0,0.0,0.0,0.00046799999999987206,0.012012034631985058,0.0007597077753979049
PHE 246,R PHE 246,0.0,0.0,0.0,-0.0009280000000000577,0.00036168494577463366,2.2874964480846715e-05,0.22154400000000019,0.029124698522044273,0.0018420076699079925,-0.22544,0.028939910158809753,0.0018303206276496804,0.0,0.0,0.0,-0.004824000000000033,0.001850682036439481,0.00011704740919814987
THR 247,R THR 247,0.0,0.0,0.0,-0.0009880000000000012,0.00039478601798949254,2.4968460104700083e-05,0.7697320000000004,0.1786596210003807,0.011299426565273066,-0.7651079999999997,0.17762398581272695,0.011233927244913032,0.0,0.0,0.0,0.0036360000000000385,0.002194425665179971,0.00013878766515797517
TYR 248,R TYR 248,0.0,0.0,0.0,-0.00019599999999998018,0.0003969685126051791,2.5106493184032553e-05,0.38303600000000015,0.030008710468794365,0.001897917494518588,-0.3825360000000003,0.029821346448471744,0.0018860675534028769,0.0,0.0,0.0,0.0003040000000000234,0.000689625985589452,4.361577696202249e-05
ASP 249,R ASP 249,0.0,0.0,0.0,-0.00017199999999999082,0.00037738044464437326,2.3867634989666226e-05,-11.888956,0.43228197517823075,0.02733991265999162,11.867771999999997,0.4305203735202851,0.027228499188610877,0.0,0.0,0.0,-0.021356000000000052,0.002003313255583345,0.00012670065508900796
PRO 250,R PRO 250,0.0,0.0,0.0,-8.000000000000007e-05,0.000271293199325011,1.715808847162179e-05,2.5275519999999987,0.0823033370891508,0.0052053200846865835,-2.522999999999999,0.08190775299080277,0.005180301149548107,0.0,0.0,0.0,0.004472000000000179,0.0007702051674715344,4.871205189682957e-05
TRP 251,R TRP 251,0.0,0.0,0.0,-0.0001559999999999846,0.0003628553430776155,2.294898690574153e-05,0.1969159999999999,0.012707987409499405,0.0008037236938152201,-0.19709600000000008,0.01265475341521798,0.0008003568803976663,0.0,0.0,0.0,-0.0003359999999999417,0.0006746139636856511,4.266633333201554e-05
ILE 252,R ILE 252,0.0,0.0,0.0,-0.00023600000000000598,0.00042462218500687076,2.685546499318224e-05,1.1583239999999984,0.03798677433006595,0.002402494556916504,-1.1557480000000002,0.037759190881147923,0.0023881009157897533,0.0,0.0,0.0,0.0023399999999999077,0.00072691127381544,4.597390564222211e-05
GLY 253,R GLY 253,0.0,0.0,0.0,0.0,0.0,0.0,0.0,0.0,0.0,0.0,0.0,0.0,0.0,0.0,0.0,0.0,0.0,0.0
LYS 254,R LYS 254,0.0,0.0,0.0,-0.00023200000000002952,0.0004221089906647872,2.6696516626709593e-05,14.090576,0.5860540898449369,0.03706531511933912,-14.056811999999997,0.5817413657770772,0.036792554499853865,0.0,0.0,0.0,0.033531999999999534,0.004407377451500261,0.00027874702509618244
LEU 255,R LEU 255,0.0,0.0,0.0,-0.000931999999999988,0.0004282242403227457,2.708327897430388e-05,1.2830399999999997,0.06566203164691652,0.0041528315159662646,-1.2744520000000006,0.0642860458886543,0.004065806535485016,0.0,0.0,0.0,0.007655999999999828,0.001996412782968682,0.00012626423088112892
LEU 256,R LEU 256,0.0,0.0,0.0,-0.002759999999999977,0.0006916646586316211,4.374471396637527e-05,1.4260959999999996,0.07964756608962642,0.005037354378640204,-1.4115639999999987,0.07586022610039413,0.004797821965851971,0.0,0.0,0.0,0.01177199999999982,0.004971118184070868,0.00031440111959088213
TYR 257,R TYR 257,0.0,0.0,0.0,-0.020332000000000055,0.018767572458898322,0.00118696550244731,0.32795199999999997,0.19394248038013734,0.01226599946127505,-0.3405799999999999,0.180044049054669,0.011386985483436793,-2.9980799999999864e-05,0.00026223039570453946,1.6584906443071585e-05,-0.03298998079999984,0.03845360926680919,0.0024320197907454896
LEU 258,R LEU 258,0.0,0.0,0.0,-0.08975200000000004,0.04629724069531562,0.002928094599564699,2.244259999999999,0.21745741744076227,0.013753214664216645,-2.1708399999999997,0.1604262522157725,0.010146247069729507,-0.0019533312000000022,0.003848671329971754,0.00024341134736200406,-0.018285331200000053,0.07374235987469716,0.004663876344797038
GLU 259,R GLU 259,0.0,0.0,0.0,-0.36005599999999977,0.14934193270478358,0.009445213150374132,-43.853972000000006,4.97472328750212,0.31462912635174706,44.19792800000001,5.108616436846218,0.32309727265215565,-0.06767035199999995,0.028412044843759192,0.0017969354937824376,-0.08377035200000058,0.27635352470233515,0.017478131549499697
ASP 260,R ASP 260,0.0,0.0,0.0,-0.39531200000000016,0.6337592718501242,0.040082455745924526,-60.09395600000003,7.317750800489342,0.46281519758133444,59.43856400000001,6.701762969689461,0.42385670645585355,-0.19691328960000024,0.03788123419608248,0.002395819612757562,-1.2476172896000017,1.1225275611798842,0.07099487659284882
PHE 261,R PHE 261,0.0,0.0,0.0,-0.11260400000000004,0.06529287238282583,0.0041294838340887015,0.5809679999999999,0.08310330303904825,0.005255914373731706,-0.5990480000000005,0.08857027546530177,0.005601676069177666,-0.002180016000000001,0.0037000425188994782,0.00023401123598377918,-0.1328640160000001,0.06860154044883843,0.004338742376289984
PHE 262,R PHE 262,0.0,0.0,0.0,-0.026187999999999944,0.0098768748093717,0.000624668411239119,0.5251879999999994,0.0780510644129885,0.004936382746911134,-0.5347120000000001,0.07986777232400923,0.005051281443752575,0.0,0.0,0.0,-0.035711999999999945,0.015537472638753089,0.0009826760524201267
VAL 263,R VAL 263,0.0,0.0,0.0,-0.002024000000000001,0.000715139147299303,4.5229370988329e-05,2.2043279999999994,0.12300765998914624,0.007779687504265299,-2.186267999999999,0.11906551211834823,0.007530364181367201,0.0,0.0,0.0,0.016036000000000064,0.006869840172813309,0.0004344868421482961
MET 264,R MET 264,0.0,0.0,0.0,-0.0010119999999999773,0.0004856500797899617,3.0715207959575734e-05,0.9685960000000003,0.07289033395450312,0.004609989494130758,-0.9643360000000001,0.07187727807868224,0.004545918214838545,0.0,0.0,0.0,0.003248000000000011,0.0014037435663254289,8.878053840791986e-05
SER 265,R SER 265,0.0,0.0,0.0,-0.0004920000000000035,0.0004999359959034795,3.161872862719208e-05,0.7348720000000003,0.21635400531536172,0.013683428753934385,-0.7291120000000004,0.21407771359018,0.013539463424523017,0.0,0.0,0.0,0.005267999999999989,0.002853099367354722,0.0001804458478325275
ASP 266,R ASP 266,0.0,0.0,0.0,-0.00018800000000000237,0.00039071217027372446,2.4710807352250055e-05,-11.399959999999997,0.5115452261531057,0.03235296081659495,11.380939999999995,0.5100231371223056,0.03225669545381722,0.0,0.0,0.0,-0.019207999999999403,0.0016913710414926772,0.00010697169719136036
TYR 267,R TYR 267,0.0,0.0,0.0,-0.0004039999999999857,0.0004906974628016557,3.1034432490379604e-05,0.359224,0.02841573198071788,0.0017971686887991267,-0.35829599999999984,0.028132408073254556,0.001779249711535869,0.0,0.0,0.0,0.0005240000000001289,0.0008680000000000019,5.489714018052319e-05
ARG 268,R ARG 268,0.0,0.0,0.0,-0.005192000000000004,0.0017190509009333225,0.00010872232521427544,23.076268000000002,1.2606116627163477,0.07972808198311244,-22.93914799999999,1.2382789274216266,0.07831563578485344,0.0,0.0,0.0,0.131928,0.02238970334774418,0.001416049174287372
GLY 269,R GLY 269,0.0,0.0,0.0,0.0,0.0,0.0,0.0,0.0,0.0,0.0,0.0,0.0,0.0,0.0,0.0,0.0,0.0,0.0
PHE 270,R PHE 270,0.0,0.0,0.0,-0.00020000000000000286,0.00040000000000000577,2.52982212813474e-05,0.24458800000000006,0.016449019910012144,0.0010403273638619258,-0.24384399999999998,0.01628728534778067,0.0010300983720014918,0.0,0.0,0.0,0.0005439999999999756,0.0007376069413990012,4.665035905542377e-05
GLY 271,R GLY 271,0.0,0.0,0.0,0.0,0.0,0.0,0.0,0.0,0.0,0.0,0.0,0.0,0.0,0.0,0.0,0.0,0.0,0.0
ILE 272,R ILE 272,0.0,0.0,0.0,-0.0005639999999999841,0.0004958870839213145,3.136265294900831e-05,1.414096,0.07053951221833678,0.004461310472944417,-1.4088640000000006,0.0697986067482582,0.004414451496617896,0.0,0.0,0.0,0.004667999999999896,0.0011017150266743223,6.967857633448039e-05
GLY 273,R GLY 273,0.0,0.0,0.0,0.0,0.0,0.0,0.0,0.0,0.0,0.0,0.0,0.0,0.0,0.0,0.0,0.0,0.0,0.0
SER 274,R SER 274,0.0,0.0,0.0,-0.00021600000000000043,0.0004115142767875747,2.6026448086513892e-05,0.8937200000000002,0.0747753542285132,0.004729208644160089,-0.890628,0.07397027521917104,0.004678290976841825,0.0,0.0,0.0,0.002876000000000037,0.0013313992639325065,8.420508298196778e-05
GLU 275,R GLU 275,0.0,0.0,0.0,-0.0002479999999999869,0.0004318518264404822,2.7312707665112984e-05,-11.441224000000005,0.4936257264607589,0.031219632145424905,11.421388000000006,0.49096243181716864,0.03105119060234747,0.0,0.0,0.0,-0.020084000000000657,0.0028363610489508893,0.00017938722362538298
ILE 276,R ILE 276,0.0,0.0,0.0,-0.0026839999999999763,0.0008247084333265832,5.215914109722235e-05,1.6370159999999994,0.09493580854451973,0.006004267730207142,-1.6276799999999998,0.0932535983219965,0.005897875414079301,0.0,0.0,0.0,0.006652000000000029,0.002065646629992473,0.0001306429638365459
LEU 277,R LEU 277,0.0,0.0,0.0,-0.0031440000000000305,0.0010673631059766324,6.750597010635679e-05,1.394000000000001,0.09728625802237913,0.006152923207710926,-1.3836799999999994,0.09448920361608787,0.005976021954445118,0.0,0.0,0.0,0.007176000000000187,0.0034001505849004833,0.00021504440471678494
LYS 278,R LYS 278,0.0,0.0,0.0,-0.0002879999999999772,0.00045283109433868097,2.8639553069136216e-05,13.308339999999996,0.5203889087981619,0.03291228441783655,-13.279716000000011,0.5168907692575986,0.03269104264741105,0.0,0.0,0.0,0.02833599999999973,0.0035742277487601708,0.00022605401124516414
ASN 279,R ASN 279,0.0,0.0,0.0,-0.00030800000000000694,0.0004616665463297176,2.9198356118111122e-05,-0.38769999999999993,0.09104123241696635,0.005757953108527399,0.38816799999999974,0.09033021518849743,0.005712984430575757,0.0,0.0,0.0,0.00015999999999905868,0.001087382177526141,6.877208736112324e-05
LEU 280,R LEU 280,0.0,0.0,0.0,-0.004027999999999949,0.0011041811445591694,6.983454732437226e-05,1.4793879999999997,0.09206209565288646,0.005822518168628147,-1.4675200000000002,0.0886486638365167,0.0056066337850798655,0.0,0.0,0.0,0.007839999999999762,0.0041141706333110185,0.0002602029976768046
SER 281,R SER 281,0.0,0.0,0.0,-0.00029600000000000026,0.0004564909637659878,2.887102353571833e-05,0.7833640000000004,0.07220764159006732,0.004566812237874301,-0.78114,0.07137417179905128,0.004514098979863197,0.0,0.0,0.0,0.0019279999999999352,0.0015055948990349254,9.522218228963222e-05
GLN 282,R GLN 282,0.0,0.0,0.0,-0.00014000000000000769,0.0003469870314579685,2.1945386758953528e-05,0.4552480000000002,0.14818303039147143,0.009371917732460043,-0.45263600000000004,0.14715200135913914,0.009306709730941455,0.0,0.0,0.0,0.0024720000000001507,0.0013058391937755172,8.258852220497211e-05
VAL 283,R VAL 283,0.0,0.0,0.0,-0.0003800000000000132,0.0004853864439804803,3.069853416696087e-05,1.6093960000000007,0.08458647163699894,0.00534971819220296,-1.6008880000000003,0.08285290252006354,0.005240077654386107,0.0,0.0,0.0,0.008127999999999922,0.0022341924715655547,0.0001413027388269626
ALA 284,R ALA 284,0.0,0.0,0.0,-0.0001920000000000024,0.0003938730760029224,2.4910720583716875e-05,0.004211999999999998,0.0068351339416283605,0.0004322918273574001,-0.004756,0.006815897886559046,0.00043107523241309084,0.0,0.0,0.0,-0.0007359999999999793,0.0007551847456086348,4.776207700676253e-05
MET 285,R MET 285,0.0,0.0,0.0,-0.000168000000000017,0.00037386628625757145,2.3645380098448692e-05,0.6312959999999999,0.1768877621091984,0.011187364369501938,-0.629776,0.17540982248437478,0.01109389126032879,0.0,0.0,0.0,0.0013519999999999613,0.0016601493908681647,0.0001049970666256908
ARG 286,R ARG 286,0.0,0.0,0.0,-0.00018400000000000992,0.00038748419322601565,2.450665215813994e-05,12.747547999999998,0.625660284576247,0.03957023081540113,-12.723943999999994,0.6217219353248964,0.039321147738291394,0.0,0.0,0.0,0.02342000000000121,0.003990438572388218,0.0002523774950347493
CYS 287,R CYS 287,0.0,0.0,0.0,-0.00013999999999999435,0.0003469870314579355,2.194538675895144e-05,-0.18695999999999988,0.07683154560465419,0.00485925360523612,0.18724799999999997,0.07637331010241744,0.0048302722473997335,0.0,0.0,0.0,0.0001479999999999606,0.0008185939164202041,5.177242509290706e-05
ARG 288,R ARG 288,0.0,0.0,0.0,-0.00013600000000000634,0.00034278856457007283,2.1679852398022548e-05,11.89846799999999,0.35885589444268545,0.022696039564316928,-11.880903999999997,0.3571731103876487,0.02258961095583432,0.0,0.0,0.0,0.01742800000000011,0.0018495448088627722,0.00011697548461094279
CYS 289,R CYS 289,0.0,0.0,0.0,-0.00023599999999998644,0.0004246221850068357,2.685546499318002e-05,-0.4272839999999997,0.042754407304979765,0.0027040261418855454,0.4232039999999997,0.04207576955921593,0.0026611053222300256,0.0,0.0,0.0,-0.004316000000000019,0.0012033885490563639,7.610897450366759e-05
SER 290,R SER 290,0.0,0.0,0.0,-7.600000000000273e-05,0.0002649981132008397,1.6759952267235735e-05,0.6615919999999994,0.17440931608145505,0.01103061367939262,-0.6601919999999999,0.17281523988352493,0.010929795448406209,0.0,0.0,0.0,0.001324000000000016,0.0017694699771401302,0.00011191110758097773
SER 291,R SER 291,0.0,0.0,0.0,-0.0003359999999999972,0.00047233886141201235,2.9873332589451497e-05,0.53504,0.0626614905663762,0.003963060635418062,-0.5405840000000004,0.06151060838586897,0.0038902724552399843,0.0,0.0,0.0,-0.0058800000000000085,0.0033023627904881013,0.00020885976156263667
MET 292,R MET 292,0.0,0.0,0.0,-0.005916000000000007,0.0025069790585483718,0.00015855527742714943,0.718532,0.2683396224488659,0.01697128786816132,-0.7179159999999998,0.2627139831527816,0.016615491198757864,0.0,0.0,0.0,-0.005300000000000022,0.008665910223398405,0.0005480802860895509
HIP 293,R HIP 293,0.0,0.0,0.0,-0.00407999999999997,0.0010777754868246405,6.816450689325321e-05,18.476836,0.9920950968045986,0.06274560322775535,-18.382212000000003,0.9786239109362329,0.06189361062520518,0.0,0.0,0.0,0.0905440000000001,0.013372810624547564,0.0008457708058333823
PHE 294,R PHE 294,0.0,0.0,0.0,-0.12824000000000008,0.0779103484782347,0.004927483089773102,0.6672359999999999,0.1376328896158183,0.008704668242730454,-0.7076199999999998,0.1547889259604842,0.00978971125212593,-0.0033753888000000037,0.004776154814529624,0.0003020705534298536,-0.17199938880000004,0.10425003863399716,0.006593351364879594
LEU 295,R LEU 295,0.0,0.0,0.0,-0.7114720000000002,0.2563224087277577,0.01621125253840673,3.7264599999999986,0.3344266024107669,0.021150995475391617,-3.3091599999999994,0.22516100550495377,0.014240432352987296,-0.13015344959999992,0.029312429307082014,0.0018538808072610068,-0.42432544960000057,0.20490213882831926,0.012959149122750277
VAL 296,R VAL 296,0.0,0.0,0.0,-0.04614800000000005,0.015575560856675398,0.0009850849628331535,3.4686639999999986,0.2512095362521261,0.015887886090227142,-3.363423999999998,0.21363927593963541,0.01351173419276914,0.0,0.0,0.0,0.05909199999999982,0.03755075945969638,0.0023749185552350864
ALA 297,R ALA 297,0.0,0.0,0.0,-0.03708400000000002,0.008242629677475428,0.0005213096738024287,0.020251999999999982,0.040147783201566686,0.0025391687584719533,-0.032627999999999976,0.040933624515793875,0.0025888697271203133,-3.1680000000000042e-06,4.999019679897256e-05,3.161657651296235e-06,-0.049463167999999946,0.010717357158356628,0.0006778251823583366
GLU 298,R GLU 298,0.0,0.0,0.0,-0.0048640000000000055,0.000897498746517258,5.676280472281296e-05,-19.021176000000004,0.6053944375558423,0.03828850610946082,18.964844,0.601658716935214,0.03805223839219596,0.0,0.0,0.0,-0.06119600000000037,0.005324432739739656,0.00033674669411895667
TRP 299,R TRP 299,0.0,0.0,0.0,-0.10550799999999995,0.04198802133942488,0.0026555556375267297,1.343035999999999,0.42936297314044664,0.027155298761310207,-1.2048400000000004,0.4227394828969721,0.02673639245672455,-0.004095216000000002,0.010464783956064457,0.0006618510504550222,0.02859278400000006,0.024656761191670973,0.0015594305017705558
ASN 300,R ASN 300,0.0,0.0,0.0,-0.026623999999999995,0.009707864028714031,0.0006139792309190916,2.0677440000000007,0.3213981556636508,0.020327004153489647,-1.9566520000000003,0.2948926090901512,0.018650646197491037,-0.0007772256000000003,0.0025760768635707753,0.00016292540633092978,0.08369077439999945,0.033474163373691815,0.002117091980589044
GLU 301,R GLU 301,0.0,0.0,0.0,-0.0013639999999999972,0.0005286813785258649,3.3436746253187306e-05,-15.046759999999997,1.0253610673319915,0.06484952793660724,15.015359999999998,1.0181190767292971,0.06439150423464625,0.0,0.0,0.0,-0.03276399999999987,0.008108039467096517,0.0005127974414912569
PRO 302,R PRO 302,0.0,0.0,0.0,-0.0015480000000000142,0.0005437793670230585,3.43916268879504e-05,4.008524,0.18196903424479524,0.011508732236694616,-3.9907320000000013,0.1800288315131615,0.011386023041605756,0.0,0.0,0.0,0.016244000000000213,0.0018244078491387557,0.0001153856836873466
SER 303,R SER 303,0.0,0.0,0.0,-0.008651999999999998,0.003650054246172248,0.0002308497000214647,1.536935999999999,0.34384812331028575,0.021746864776698776,-1.5468479999999996,0.333447748374465,0.021089087310360355,0.0,0.0,0.0,-0.018564000000000004,0.02923145401788977,0.0018487594803002407
ILE 304,R ILE 304,0.0,0.0,0.0,-0.027907999999999992,0.012981353396314321,0.000821012876878314,2.056016,0.13666253233421335,0.008643297459650433,-2.039688000000001,0.13285558571620307,0.008402525014778684,-0.0003039552,0.0013792650705912052,8.723238240362262e-05,-0.011883955199999824,0.01057609811333805,0.0006688911759111572
ASN 305,R ASN 305,0.0,0.0,0.0,-0.0005920000000000041,0.0004914631217090485,3.1082857011542744e-05,-0.005215999999999993,0.25892752913508443,0.016376014819729494,0.009687999999999976,0.25725936845137454,0.016270511074456154,0.0,0.0,0.0,0.0038800000000007912,0.0021226398658280746,0.00013424753256581853
PHE 306,R PHE 306,0.0,0.0,0.0,-0.004307999999999957,0.0015662490223460595,9.905828587251018e-05,0.43494799999999983,0.051491293399954174,0.003256595336237012,-0.4353479999999999,0.053054866845560544,0.0033554844037784826,0.0,0.0,0.0,-0.004707999999999892,0.00492003414622303,0.0003111702813573339
TYR 307,R TYR 307,0.0,0.0,0.0,-0.02883199999999998,0.011741029597100959,0.0007425679120457622,0.6993199999999999,0.21205180876380145,0.013411333953041334,-0.7137279999999995,0.2125163852882899,0.013440716352337904,0.0,0.0,0.0,-0.04324000000000017,0.04451415954502564,0.002815322645808112
LYS 308,R LYS 308,0.0,0.0,0.0,-0.0014360000000000017,0.0005778442696782776,3.6546080501198595e-05,17.341728,1.1667389828132102,0.07379105241195587,-17.276840000000004,1.1537387738998564,0.07296884700747146,0.0,0.0,0.0,0.06345200000000052,0.012799050589791451,0.0008094830350292485
ARG 309,R ARG 309,0.0,0.0,0.0,-0.0005760000000000014,0.0004941902467673759,3.125533554451143e-05,15.503895999999996,0.7274352735357656,0.04600704629441252,-15.458615999999996,0.7210291176812464,0.04560188542348646,0.0,0.0,0.0,0.04470399999999643,0.006343530877986425,0.00040120011964089555
ARG 310,R ARG 310,0.0,0.0,0.0,-0.0009080000000000123,0.00045114964257994046,2.8533208722469897e-05,15.580604000000003,0.8655759003020486,0.054743826654106015,-15.540228000000008,0.8594041191520738,0.05435348894102574,0.0,0.0,0.0,0.039468000000003486,0.006070994646680693,0.0003839634149240036
GLY 311,R GLY 311,0.0,0.0,0.0,0.0,0.0,0.0,0.0,0.0,0.0,0.0,0.0,0.0,0.0,0.0,0.0,0.0,0.0,0.0
ALA 312,R ALA 312,0.0,0.0,0.0,-0.0008560000000000012,0.000509179732511023,3.2203353862602384e-05,0.03502400000000002,0.01106306575954419,0.0006996897140876063,-0.035927999999999995,0.011194410033583768,0.0007079966553593341,0.0,0.0,0.0,-0.0017599999999999936,0.0010384603988597627,6.567800240567545e-05
SER 313,R SER 313,0.0,0.0,0.0,-0.0003240000000000007,0.0004680000000000011,2.95989188991761e-05,0.7607799999999998,0.1306336082331066,0.008261994819654821,-0.7589160000000003,0.1296211901812339,0.008197963879891057,0.0,0.0,0.0,0.001539999999999968,0.001559615337190535,9.863873478507206e-05
ASP 314,R ASP 314,0.0,0.0,0.0,-0.0011239999999999757,0.0004057388322554085,2.5661176902081678e-05,-16.166164000000006,0.7317144915223537,0.04627768780325208,16.115632,0.7261820161474292,0.04592778333758097,0.0,0.0,0.0,-0.0516560000000018,0.006916766874777595,0.000437454747374037
LEU 315,R LEU 315,0.0,0.0,0.0,-0.0021320000000000297,0.0006888947670000371,4.356953063782236e-05,1.5117400000000014,0.07887767998613307,0.004988662506121182,-1.4987279999999992,0.0764886267101326,0.004837565510048214,0.0,0.0,0.0,0.010879999999999761,0.002661127580557147,0.00016830448597707592
SER 316,R SER 316,0.0,0.0,0.0,-0.0016039999999999993,0.0005283786521046903,3.341760015321084e-05,0.6546280000000003,0.13013741051672792,0.008230612520584204,-0.6723240000000006,0.12824281275767144,0.008110787637214817,0.0,0.0,0.0,-0.0193,0.006862798263099341,0.00043404147267282804
SER 317,R SER 317,0.0,0.0,0.0,-0.00022800000000000015,0.00041954260808647355,2.653420434081266e-05,1.0526039999999999,0.20361942732460556,0.012878023324097581,-1.0456400000000001,0.20249959604897907,0.012807198975576152,0.0,0.0,0.0,0.006735999999999908,0.0015932055736784317,0.00010076316787398103
GLU 318,R GLU 318,0.0,0.0,0.0,-0.0002840000000000034,0.0004509368026675188,2.8519747544465032e-05,-12.830096000000005,0.47190268359463006,0.029845746282096117,12.80549600000001,0.4693935598021833,0.02968705535978709,0.0,0.0,0.0,-0.02488399999999842,0.00282675503006536,0.00017877968564688568
GLU 319,R GLU 319,0.0,0.0,0.0,-0.0003840000000000034,0.0004863578929142655,3.075997399218693e-05,-12.934095999999997,0.5956334097278038,0.03767116450464306,12.911172000000002,0.593413399255484,0.03753075871420392,0.0,0.0,0.0,-0.023307999999999537,0.002478131554217499,0.00015673080105720684
GLY 320,R GLY 320,0.0,0.0,0.0,0.0,0.0,0.0,0.0,0.0,0.0,0.0,0.0,0.0,0.0,0.0,0.0,0.0,0.0,0.0
TRP 321,R TRP 321,0.0,0.0,0.0,-0.0015080000000000098,0.0005078740001220457,3.212077209532596e-05,0.4432919999999998,0.06933961880483824,0.004385422550222625,-0.44178,0.06885773449656934,0.004354945510566136,0.0,0.0,0.0,4.0000000002962115e-06,0.0012181888195180435,7.704502579657598e-05
ARG 322,R ARG 322,0.0,0.0,0.0,-0.002716000000000035,0.00065980603210339,4.172979750729782e-05,20.029571999999998,0.6049523260690953,0.03826054452390395,-19.942944,0.5974189458529656,0.03778409172464352,0.0,0.0,0.0,0.08391199999999958,0.00751799547751694,0.00047547978295597453
LEU 323,R LEU 323,0.0,0.0,0.0,-0.03905999999999993,0.015848293283505368,0.001002334076044512,2.3186279999999986,0.13097844714306012,0.008283804347280878,-2.263344000000001,0.11877175448732216,0.007511785317485247,-0.0002776896,0.0015737380029890108,9.953193059620294e-05,0.015946310400000066,0.012877756584236618,0.0008144608391883543
PHE 324,R PHE 324,0.0,0.0,0.0,-0.0026239999999999207,0.0007339100762355301,4.641654877304178e-05,0.277264,0.03427667288404699,0.002167847138522421,-0.27965999999999996,0.03400424091198033,0.0021506170277387805,0.0,0.0,0.0,-0.005019999999999933,0.0017560182231401926,0.00011106034395769606
LYS 325,R LYS 325,0.0,0.0,0.0,-0.07750399999999999,0.06178201990870802,0.003907438027147709,35.766108,5.6628469010150395,0.35814988496067196,-35.11410800000001,5.15545578977612,0.32605965343989507,-0.019232640000000002,0.032274763091391385,0.0020412352462226783,0.5552633599999997,0.5227895265556564,0.033064112815939115
ILE 326,R ILE 326,0.0,0.0,0.0,-0.0014960000000000093,0.0006016510616628301,3.805175423025912e-05,1.782268,0.08226087876992207,0.005202634784798877,-1.7711119999999991,0.08055678404703742,0.005094858371339098,0.0,0.0,0.0,0.009659999999999933,0.0018591395859376154,0.00011758231159490424
ASP 327,R ASP 327,0.0,0.0,0.0,-0.004176000000000003,0.003730016621946869,0.00023590696471278616,-19.2096,1.8435024014088404,0.11659332920883872,19.171920000000007,1.8523942046982869,0.11715569622685529,0.0,0.0,0.0,-0.04185600000000156,0.011192285914860576,0.0007078623142956162
LYS 328,R LYS 328,0.0,0.0,0.0,-0.0018600000000000057,0.0014228141129465747,8.998666567886486e-05,19.14275200000001,1.6746677050971996,0.10591528544068644,-19.060552000000012,1.652297721143378,0.10450048343037655,0.0,0.0,0.0,0.0803400000000004,0.021684104777461938,0.0013714232023703662
GLU 329,R GLU 329,0.0,0.0,0.0,-0.0006320000000000094,0.0005801517042981088,3.6692015480210416e-05,-13.874859999999995,1.2031237444253964,0.07609222678829124,13.847912,1.1995329892320648,0.07586512748967111,0.0,0.0,0.0,-0.02758000000000061,0.004195664428906725,0.0002653571178618972
TYR 330,R TYR 330,0.0,0.0,0.0,-0.0010999999999999925,0.0006526867548832409,4.127953488110135e-05,0.4649240000000004,0.23664205506207034,0.014966557683582411,-0.45880000000000054,0.2333101969481821,0.014755832473974422,0.0,0.0,0.0,0.005024000000000033,0.0031596556774434914,0.0001998341712520748
LEU 331,R LEU 331,0.0,0.0,0.0,-0.0008400000000000106,0.00047159304490207606,2.9826163011692373e-05,1.3208280000000008,0.057385977520636344,0.0036294078944086624,-1.3145920000000009,0.05669505742123369,0.0035857102705026157,0.0,0.0,0.0,0.005396000000000157,0.0009545595843107015,6.037164897530692e-05
LEU 332,R LEU 332,0.0,0.0,0.0,-0.00018399999999999927,0.00038748419322599326,2.4506652158138523e-05,1.0462679999999993,0.03966000726174744,0.0025083190993187925,-1.0436159999999997,0.03926897686470092,0.002483588165538253,0.0,0.0,0.0,0.0024680000000000886,0.0007595893627482676,4.804064945440764e-05
LYS 333,R LYS 333,0.0,0.0,0.0,-0.00017200000000000638,0.00037738044464440736,2.3867634989668384e-05,13.04776399999999,0.7148191857415341,0.045209134842604096,-13.02288,0.7099630198820602,0.044902003946374364,0.0,0.0,0.0,0.024711999999998534,0.004833741408060927,0.00030571264939483834
MET 334,R MET 334,0.0,0.0,0.0,-0.0003239999999999732,0.00046799999999996096,2.9598918899173563e-05,0.7079840000000001,0.1300581706160745,0.0082256009492316,-0.7059079999999995,0.12892343284291186,0.00815383383102717,0.0,0.0,0.0,0.0017520000000000487,0.0014037435663254124,8.878053840791883e-05
ALA 335,R ALA 335,0.0,0.0,0.0,-3.6000000000000475e-05,0.00018629009635512275,1.178202020028839e-05,-0.0070800000000000056,0.003880412349222685,0.0002454188256837679,0.007076000000000001,0.0038499641556772922,0.00024349311283894637,0.0,0.0,0.0,-4.0000000000018685e-05,0.0006183849933496185,3.9110100997057414e-05
THR 336,R THR 336,0.0,0.0,0.0,-1.2000000000000454e-05,0.00010888526071053371,6.88650854933061e-06,0.6632479999999996,0.03829927539784883,0.0024222588598250758,-0.6619600000000007,0.037993767910002266,0.0024029368697484487,0.0,0.0,0.0,0.0012759999999998825,0.0007209882107219606,4.559929824021656e-05
GLU 337,R GLU 337,0.0,0.0,0.0,-3.999999999999915e-05,0.00019595917942265005,1.2393546707863469e-05,-9.840376000000001,0.5519997849854665,0.03491153176954579,9.827203999999998,0.5498173900341976,0.034773504993544556,0.0,0.0,0.0,-0.013211999999999705,0.002287150191832269,0.00014465207914162017
GLU 338,R GLU 338,0.0,0.0,0.0,-1.6000000000000013e-05,0.0001254750971308651,7.935741931287845e-06,-8.117020000000004,0.2414131636840549,0.015268309087773184,8.110211999999997,0.24062854164884614,0.015218685233100852,0.0,0.0,0.0,-0.006823999999999955,0.0009803183156507364,6.200077418872435e-05
ACO 339,R ACO 339,0.0,0.0,0.0,-0.8648440000000005,0.37160724920808397,0.02350250605054695,-63.15697999999999,3.63481432642759,0.22988584286643884,63.64043199999999,3.785717417528169,0.23942979234319317,-0.12061126080000004,0.03364318362058102,0.0021277817596061215,-0.5020032607999951,0.40027775325398596,0.025315787939549413
SPM 340,L SPM   1,0.0,0.0,0.0,-11.837927999999993,1.7558572341783005,0.11105016212174157,-414.22852400000005,14.835372562673657,0.9382713447043565,421.8132199999999,13.329402037440154,0.8430254057279976,-3.064039660800001,0.14358569552368125,0.009081156745485522,-7.317271660799999,3.1817000299560023,0.20122837852173858

Backbone Energy Decomposition:
Residue,Location,Internal,,,van der Waals,,,Electrostatic,,,Polar Solvation,,,Non-Polar Solv.,,,TOTAL,,
,,Avg.,Std. Dev.,Std. Err. of Mean,Avg.,Std. Dev.,Std. Err. of Mean,Avg.,Std. Dev.,Std. Err. of Mean,Avg.,Std. Dev.,Std. Err. of Mean,Avg.,Std. Dev.,Std. Err. of Mean
PHE   1,R PHE   1,0.0,0.0,0.0,-3.999999999999559e-06,6.311893535223105e-05,3.991991983959448e-06,7.955791999999999,0.13672599144280836,0.008647310966079317,-7.951112000000001,0.13635149964689075,0.008623626025276386,0.0,0.0,0.0,0.0046759999999998175,0.0006892198488149077,4.359009061704021e-05
VAL   2,R VAL   2,0.0,0.0,0.0,-1.5999999999998237e-05,0.00012547509713085116,7.935741931286964e-06,-0.9025800000000003,0.02101531822266762,0.0013291254267374254,0.9020639999999999,0.020965779355909566,0.0013259923137042442,0.0,0.0,0.0,-0.0005320000000003375,0.0005735642945648857,3.627539110745548e-05
ILE   3,R ILE   3,0.0,0.0,0.0,-2.0000000000003125e-05,0.0001400000000000219,8.854377448472847e-06,-0.7635399999999998,0.0343192132777032,0.0021705376292526974,0.7631080000000003,0.03421707667232557,0.0021640779431432748,0.0,0.0,0.0,-0.0004520000000000124,0.0006194319978819457,3.9176319377910876e-05
ARG   4,R ARG   4,0.0,0.0,0.0,-1.9999999999996908e-05,0.00013999999999997836,8.854377448470093e-06,-0.3610839999999996,0.028221923109526172,0.0017849111395248868,0.3607280000000002,0.02811373358342585,0.0017780686330958618,0.0,0.0,0.0,-0.00037599999999957134,0.0005749991304341235,3.636613809576146e-05
PRO   5,R PRO   5,0.0,0.0,0.0,-1.9999999999997796e-05,0.0001399999999999846,8.854377448470488e-06,-1.8666279999999993,0.03482288925410173,0.002202392895015268,1.8651319999999996,0.034696895768935185,0.00219442436734589,0.0,0.0,0.0,-0.0015160000000000906,0.0006401124901138462,4.048426854963537e-05
ALA   6,R ALA   6,0.0,0.0,0.0,-2.8000000000002246e-05,0.0001649727250184235,1.0433791257257234e-05,-0.07860800000000012,0.03979857203468499,0.002517082705037727,0.07832800000000001,0.03957115636420038,0.002502699675150813,0.0,0.0,0.0,-0.00030800000000018546,0.0006849350334155136,4.3319095096731227e-05
THR   7,R THR   7,0.0,0.0,0.0,-1.6000000000000013e-05,0.0001254750971308651,7.935741931287845e-06,-0.560008,0.0325871130356809,0.0020609899912423096,0.5593439999999998,0.03245048018134798,0.002052348570784269,0.0,0.0,0.0,-0.0006800000000001738,0.0006273754856539681,3.967870965641662e-05
ALA   8,R ALA   8,0.0,0.0,0.0,-7.999999999999119e-06,8.908422980527055e-05,5.634181395730263e-06,0.03916399999999987,0.029813706646440452,0.0018855843698970436,-0.03904400000000002,0.02973593892918129,0.0018806659075976248,0.0,0.0,0.0,0.00011199999999990062,0.0005757221552106176,3.641186619773057e-05
ALA   9,R ALA   9,0.0,0.0,0.0,-7.999999999999119e-06,8.908422980527055e-05,5.634181395730263e-06,0.08991199999999941,0.019977393623793797,0.001263481311298267,-0.08974000000000006,0.019971790105045403,0.0012631269136551394,0.0,0.0,0.0,0.0001639999999994224,0.0005736758666709404,3.628244754702497e-05
ASP  10,R ASP  10,0.0,0.0,0.0,-1.5999999999998237e-05,0.00012547509713085116,7.935741931286964e-06,-1.2953960000000002,0.03825199581722282,0.0024192686365931606,1.2944079999999993,0.03815957987194233,0.0024134237390090836,0.0,0.0,0.0,-0.001004000000000687,0.0006228836167375445,3.93946189218804e-05
CYS  11,R CYS  11,0.0,0.0,0.0,-1.1999999999996902e-05,0.00010888526071050149,6.886508549328572e-06,0.10468000000000029,0.01823100655476884,0.0011530300950105758,-0.10478399999999997,0.018202454340006252,0.0011512242943927348,0.0,0.0,0.0,-0.00011599999999964639,0.0005714402855939634,3.614105698508058e-05
SER  12,R SER  12,0.0,0.0,0.0,-3.999999999997783e-06,6.311893535220301e-05,3.991991983957675e-06,-0.5254840000000004,0.03187402930286554,0.0020158906160800804,0.5250239999999999,0.03177721548531424,0.002009767572631318,0.0,0.0,0.0,-0.0004640000000002722,0.0005663073370526193,3.5816420815018855e-05
ASP  13,R ASP  13,0.0,0.0,0.0,-7.999999999995566e-06,8.908422980523099e-05,5.634181395727761e-06,-1.293671999999999,0.032212240158097774,0.002037280948718627,1.2927160000000009,0.03216077337374082,0.002034025903470373,0.0,0.0,0.0,-0.0009640000000002189,0.0006088546624606018,3.850734994777041e-05
ILE  14,R ILE  14,0.0,0.0,0.0,-1.1999999999996902e-05,0.00010888526071050149,6.886508549328572e-06,-0.9272920000000003,0.03345861228444846,0.002116108443346933,0.9262559999999999,0.03326785932397974,0.002104044166836909,0.0,0.0,0.0,-0.0010480000000003785,0.0006178155064419142,3.907408348253757e-05
LEU  15,R LEU  15,0.0,0.0,0.0,-2.799999999999514e-05,0.0001649727250183816,1.0433791257254586e-05,-0.7983720000000001,0.027630736798000606,0.0017475212342061939,0.7973519999999998,0.027518213895539042,0.0017404046609919637,0.0,0.0,0.0,-0.0010480000000001439,0.0006113067969526512,3.8662436550249126e-05
ARG  16,R ARG  16,0.0,0.0,0.0,-1.5999999999998237e-05,0.00012547509713085116,7.935741931286964e-06,-0.30414400000000025,0.021031672876879008,0.0013301597858904745,0.304004,0.020998570998997157,0.0013280662393117663,0.0,0.0,0.0,-0.0001560000000002546,0.0005474157469426215,3.4621611747620774e-05
LEU  17,R LEU  17,0.0,0.0,0.0,-3.999999999997783e-06,6.311893535220301e-05,3.991991983957675e-06,-0.72456,0.027858901629459736,0.0017619516451933797,0.7239679999999997,0.02774510724435222,0.0017547546563558179,0.0,0.0,0.0,-0.0005960000000002736,0.0005663779656730921,3.582088776119265e-05
ILE  18,R ILE  18,0.0,0.0,0.0,-2.399999999999558e-05,0.00015304901175764376,9.67966941584089e-06,-0.9530439999999992,0.0321221740235686,0.0020315846662154404,0.9518839999999996,0.03199022575727066,0.0020232395251192016,0.0,0.0,0.0,-0.0011839999999992514,0.0006372942805323921,4.030602932561327e-05
LYS  19,R LYS  19,0.0,0.0,0.0,-1.2000000000000454e-05,0.00010888526071053371,6.88650854933061e-06,-0.24688000000000004,0.027752362061634287,0.0017552134912882115,0.24654800000000004,0.027595066515592945,0.001745265247462401,0.0,0.0,0.0,-0.0003440000000001309,0.0006274264897180358,3.96819354366642e-05
GLU  20,R GLU  20,0.0,0.0,0.0,0.0,0.0,0.0,-1.0883280000000006,0.032519969495667475,0.0020567434609101284,1.0874799999999996,0.03243667060598239,0.002051475176550769,0.0,0.0,0.0,-0.0008480000000001837,0.0006073680926758263,3.841333101935687e-05
LEU  21,R LEU  21,0.0,0.0,0.0,-1.5999999999998237e-05,0.00012547509713085116,7.935741931286964e-06,-0.7240479999999996,0.034908189526249155,0.00220778775791563,0.7235079999999998,0.03477553645884766,0.0021993980412836987,0.0,0.0,0.0,-0.0005559999999998908,0.0005923377414956049,3.746272814412288e-05
ALA  22,R ALA  22,0.0,0.0,0.0,-2.0000000000003125e-05,0.0001400000000000219,8.854377448472847e-06,0.014172000000000025,0.02337054590718856,0.0014780831045648386,-0.014160000000000002,0.023280343640075415,0.00147237821228107,0.0,0.0,0.0,-7.999999999853014e-06,0.0006131362002034823,3.877813817087998e-05
LYS  23,R LYS  23,0.0,0.0,0.0,-8.000000000002671e-06,8.908422980531009e-05,5.634181395732764e-06,-0.1783840000000003,0.02422140673041114,0.0015318962680286234,0.17834000000000014,0.02417784936672291,0.0015291414584660812,0.0,0.0,0.0,-5.200000000029714e-05,0.0006010790297454199,3.8015575755192526e-05
TYR  24,R TYR  24,0.0,0.0,0.0,-2.4000000000002687e-05,0.00015304901175768905,9.679669415843754e-06,-0.2113600000000008,0.033617709618591604,0.002126170642257998,0.21125200000000005,0.03348463074307382,0.002117753995156193,0.0,0.0,0.0,-0.00013200000000083634,0.0005679577449069857,3.592080177277944e-05
GLU  25,R GLU  25,0.0,0.0,0.0,-1.9999999999997796e-05,0.0001399999999999846,8.854377448470488e-06,-1.205068,0.04838875257742517,0.003060373425580134,1.2037799999999992,0.048185014267934055,0.0030474878834876496,0.0,0.0,0.0,-0.0013079999999998525,0.0006108485900775392,3.863345700295109e-05
TYR  26,R TYR  26,0.0,0.0,0.0,-3.999999999999559e-06,6.311893535223105e-05,3.991991983959448e-06,-0.29002000000000044,0.038563345290574036,0.0024389601062748353,0.28970399999999985,0.03843946388804213,0.002431125158440096,0.0,0.0,0.0,-0.0003200000000004302,0.0006584831053257665,4.164612827139947e-05
MET  27,R MET  27,0.0,0.0,0.0,-2.8000000000002246e-05,0.0001649727250184235,1.0433791257257234e-05,-0.5864320000000005,0.026448542039219782,0.001672752672692979,0.5856,0.026326108713590753,0.001665009309283043,0.0,0.0,0.0,-0.0008600000000004613,0.0006200000000005203,3.921224298612081e-05
GLU  28,R GLU  28,0.0,0.0,0.0,-8.000000000000896e-06,8.908422980529032e-05,5.6341813957315135e-06,-1.1695519999999997,0.05039792948128191,0.003187444930347983,1.1683079999999995,0.05024393631077423,0.003177705547089684,0.0,0.0,0.0,-0.0012520000000000664,0.0005970728598751658,3.776220332552164e-05
GLU  29,R GLU  29,0.0,0.0,0.0,-1.6000000000000013e-05,0.0001254750971308651,7.935741931287845e-06,-1.0704160000000011,0.033605043430988184,0.0021253695622160417,1.0695679999999999,0.033512227261119625,0.002119499352206487,0.0,0.0,0.0,-0.0008640000000003312,0.0005979163821141288,3.78155523561642e-05
GLN  30,R GLN  30,0.0,0.0,0.0,-1.9999999999997796e-05,0.0001399999999999846,8.854377448470488e-06,-0.4239479999999995,0.029166852692741205,0.001844673733753549,0.42321599999999976,0.029076198926272064,0.0018389402861432394,0.0,0.0,0.0,-0.0007519999999994624,0.0006469126679855639,4.091434956101346e-05
VAL  31,R VAL  31,0.0,0.0,0.0,-2.3999999999999133e-05,0.0001530490117576664,9.679669415842321e-06,-0.8772479999999996,0.0226126180704502,0.0014301475392420895,0.876868,0.022661566053555703,0.0014332432815117862,0.0,0.0,0.0,-0.0004039999999998756,0.0005592709540106398,3.537140087697807e-05
ILE  32,R ILE  32,0.0,0.0,0.0,-7.999999999999119e-06,8.908422980527055e-05,5.634181395730263e-06,-0.7706120000000001,0.03977935967307356,0.0025158676085992693,0.7700720000000002,0.03962265533756158,0.0025059567562104477,0.0,0.0,0.0,-0.0005480000000001582,0.0006322151532504841,3.998479711087869e-05
LEU  33,R LEU  33,0.0,0.0,0.0,-1.1999999999996902e-05,0.00010888526071050149,6.886508549328572e-06,-0.6234239999999994,0.025968677748404202,0.001642403390157806,0.6231000000000002,0.025893358221748954,0.001637639765027479,0.0,0.0,0.0,-0.0003359999999995651,0.0006058910793205333,3.83199164926126e-05
THR  34,R THR  34,0.0,0.0,0.0,-8.000000000002671e-06,8.908422980531009e-05,5.634181395732764e-06,-0.6759999999999994,0.02729087759674862,0.0017260266510117574,0.6749040000000002,0.027159948158994748,0.001717745946290408,0.0,0.0,0.0,-0.0011039999999997291,0.0005976487262598326,3.779862431359112e-05
GLU  35,R GLU  35,0.0,0.0,0.0,-1.999999999999602e-05,0.00013999999999997215,8.854377448469702e-06,-1.2155200000000004,0.05452384432521339,0.0034483906971224157,1.2142840000000001,0.05432034005783395,0.0034355199571527565,0.0,0.0,0.0,-0.0012560000000002701,0.0006312400494267522,3.9923126130116046e-05
LYS  36,R LYS  36,0.0,0.0,0.0,-1.1999999999998679e-05,0.00010888526071051761,6.886508549329592e-06,-0.26329599999999964,0.02760087650782154,0.001745632703635006,0.2630600000000001,0.027563461321102524,0.0017432663594527543,0.0,0.0,0.0,-0.00024799999999967426,0.0006086838259723311,3.84965452995624e-05
ASP  37,R ASP  37,0.0,0.0,0.0,-1.2000000000004007e-05,0.00010888526071056595,6.88650854933265e-06,-1.5395720000000006,0.060795960523699455,0.0038450741558514693,1.5377719999999997,0.060559656670101714,0.003830128987906593,0.0,0.0,0.0,-0.0018119999999999124,0.0006137230645818034,3.881525473314225e-05
LEU  38,R LEU  38,0.0,0.0,0.0,-1.5999999999996462e-05,0.00012547509713083723,7.935741931286081e-06,-0.9302119999999999,0.045259507907182125,0.002862462615301923,0.9287319999999998,0.04506701871658204,0.002850288529956752,0.0,0.0,0.0,-0.0014959999999997677,0.0006016510616626218,3.805175423024594e-05
LEU  39,R LEU  39,0.0,0.0,0.0,-8.000000000000896e-06,8.908422980529032e-05,5.6341813957315135e-06,-0.793492,0.062482653080671594,0.003951749959701175,0.7925720000000002,0.06220871977464353,0.003934424896220603,0.0,0.0,0.0,-0.000927999999999912,0.0006714283282670431,4.246485605766143e-05
GLU  40,R GLU  40,0.0,0.0,0.0,-2.3999999999999133e-05,0.0001530490117576664,9.679669415842321e-06,-1.2546119999999996,0.05773925403053248,0.0036517510627107987,1.253115999999999,0.057504839309436034,0.003636925373996041,0.0,0.0,0.0,-0.0015199999999999676,0.0006273754856541648,3.9678709656429055e-05
ASP  41,R ASP  41,0.0,0.0,0.0,-3.599999999999781e-05,0.00018629009635510898,1.178202020028752e-05,-1.7743080000000018,0.12313906421600379,0.0077879982372861655,1.7714719999999997,0.12256841850983188,0.007751907433916197,0.0,0.0,0.0,-0.002872000000000412,0.0008623317227146257,5.453864684789949e-05
GLY  42,R GLY  42,0.0,0.0,0.0,-4.7999999999998266e-05,0.0002137662274541905,1.3519763311537183e-05,-0.18191199999999946,0.0785060523526695,0.00496515871085712,0.18120400000000003,0.0783244175465097,0.004953671117060557,0.0,0.0,0.0,-0.0007559999999993661,0.0006515090175891518,4.120504823440845e-05
PHE  43,R PHE  43,0.0,0.0,0.0,-2.000000000000135e-05,0.00014000000000000945,8.85437744847206e-06,-0.252956,0.16831036231913976,0.010644881974733228,0.25236400000000014,0.16754989556547015,0.010596785834204625,0.0,0.0,0.0,-0.0006120000000000285,0.0009866387383435386,6.240051281840974e-05
GLY  44,R GLY  44,0.0,0.0,0.0,-2.8000000000003134e-05,0.0001649727250184287,1.0433791257257564e-05,-0.010231999999999573,0.08601173278105667,0.005439859621718156,0.010184000000000032,0.08562026713343046,0.005415101160273921,0.0,0.0,0.0,-7.599999999954576e-05,0.0007309062867418065,4.622657244480477e-05
GLU  45,R GLU  45,0.0,0.0,0.0,-3.199999999999914e-05,0.00017599999999999528,1.1131217363792397e-05,-1.2733079999999997,0.08628861533251231,0.005457371211857328,1.271796,0.08591471575929115,0.005433723726506452,0.0,0.0,0.0,-0.0015440000000001674,0.0006812224306348262,4.308428948004229e-05
HID  46,R HID  46,0.0,0.0,0.0,-8.800000000000053e-05,0.0002832948993540141,1.7917142629336962e-05,-0.22152000000000005,0.05151793474121444,0.0032582802826030973,0.22125200000000006,0.05136205307422923,0.003248421460340355,0.0,0.0,0.0,-0.00035600000000015085,0.0007080000000004562,4.4777851668013106e-05
PRO  47,R PRO  47,0.0,0.0,0.0,-7.199999999999385e-05,0.00025848791074243417,1.6348210911287953e-05,-2.544208,0.1014372551679071,0.006415455318525442,2.5406359999999992,0.10098633325358933,0.0063869365126028935,0.0,0.0,0.0,-0.00364400000000019,0.000783111741706721,4.9528335324294276e-05
PHE  48,R PHE  48,0.0,0.0,0.0,-0.00020000000000001527,0.00040000000000003065,2.5298221281348975e-05,-0.5675760000000003,0.053339555903661774,0.0033734897207490407,0.5674799999999999,0.05313267920969217,0.003360405689794049,0.0,0.0,0.0,-0.0002960000000002605,0.0008199902438438734,5.186073659327006e-05
TYR  49,R TYR  49,0.0,0.0,0.0,-0.00011599999999999966,0.00032022492095400607,2.025280227524077e-05,-0.16894400000000076,0.03386214499998505,0.0021416300931767023,0.1696400000000001,0.03373885593792336,0.0021338326082426863,0.0,0.0,0.0,0.0005799999999992416,0.0006954135460288795,4.3981814423712014e-05
HIE  50,R HIE  50,0.0,0.0,0.0,-9.200000000000408e-05,0.00028902595039201486,1.8279606122672058e-05,-0.6915160000000005,0.043753054110542686,0.002767186111558148,0.6895959999999994,0.04346005964101485,0.002748655514247333,0.0,0.0,0.0,-0.002012000000000576,0.0007401729527612485,4.681264786355522e-05
CYS  51,R CYS  51,0.0,0.0,0.0,-4.7999999999998266e-05,0.0002137662274541905,1.3519763311537183e-05,0.31840799999999947,0.03623867458944895,0.002291935021766519,-0.31704799999999994,0.03610271036916778,0.0022833358894389717,0.0,0.0,0.0,0.0013119999999995065,0.0006801882092477705,4.3018879576283194e-05
LEU  52,R LEU  52,0.0,0.0,0.0,-5.199999999999427e-05,0.00022202702538202222,1.4042222046384132e-05,-0.9478640000000003,0.032315530384010825,0.0020438135961969987,0.9461519999999997,0.032144562463975374,0.002033000635514327,0.0,0.0,0.0,-0.00176400000000028,0.0006166879275608006,3.900276913242111e-05
VAL  53,R VAL  53,0.0,0.0,0.0,-1.6000000000000013e-05,0.0001254750971308651,7.935741931287845e-06,-1.1345200000000004,0.034090256672511594,0.002156057142097789,1.1330440000000008,0.033846625592479695,0.0021406485596636377,0.0,0.0,0.0,-0.0014919999999999192,0.0006884300981221502,4.354014239758402e-05
ALA  54,R ALA  54,0.0,0.0,0.0,-1.2000000000004007e-05,0.00010888526071056595,6.88650854933265e-06,0.013639999999998792,0.018447503896192045,0.001166722589135945,-0.013679999999999996,0.018379162113654698,0.0011624002752924662,0.0,0.0,0.0,-5.200000000124438e-05,0.0005668297804457864,3.584946303643715e-05
GLU  55,R GLU  55,0.0,0.0,0.0,-4.000000000001336e-06,6.311893535225908e-05,3.991991983961221e-06,-1.094140000000001,0.023541971030435413,0.0014889249813175413,1.093196,0.02350194851494646,0.0014863937351848521,0.0,0.0,0.0,-0.0009480000000002527,0.0006076972930662613,3.8434151480164693e-05
VAL  56,R VAL  56,0.0,0.0,0.0,0.0,0.0,0.0,-0.8631400000000004,0.01842499389413086,0.0011652989316029763,0.8626159999999993,0.018396427479290392,0.001163492232893354,0.0,0.0,0.0,-0.0005240000000000791,0.0005739547020454661,3.630008264453952e-05
PRO  57,R PRO  57,0.0,0.0,0.0,-3.999999999999559e-06,6.311893535223105e-05,3.991991983959448e-06,-1.5668839999999988,0.025247703737255326,0.0015968049899774445,1.5661040000000008,0.025228657990427235,0.0015956004311831304,0.0,0.0,0.0,-0.0007839999999998569,0.0006077367851295976,3.8436649177557545e-05
LYS  58,R LYS  58,0.0,0.0,0.0,0.0,0.0,0.0,-0.18189200000000016,0.014257921868210234,0.0009017501560853486,0.18185199999999996,0.014241562273852256,0.0009007154844899955,0.0,0.0,0.0,-4.000000000021942e-05,0.0005986651818837616,3.7862910611833176e-05
GLH  59,R GLH  59,0.0,0.0,0.0,0.0,0.0,0.0,0.0,0.0,0.0,0.0,0.0,0.0,0.0,0.0,0.0,0.0,0.0,0.0
HIE  60,R HIE  60,0.0,0.0,0.0,0.0,0.0,0.0,-0.3204839999999991,0.012926629259013795,0.0008175518185411651,0.3202279999999998,0.012911390939794395,0.0008165880626122446,0.0,0.0,0.0,-0.0002559999999991228,0.0005571929647798352,3.523997729852519e-05
TRP  61,R TRP  61,0.0,0.0,0.0,0.0,0.0,0.0,-0.1449119999999994,0.0121273350741208,0.0007670000156453728,0.14497599999999988,0.012081366810092713,0.0007640927273571181,0.0,0.0,0.0,6.400000000056848e-05,0.0005548909802837329,3.5094387015603626e-05
THR  62,R THR  62,0.0,0.0,0.0,0.0,0.0,0.0,-0.3093919999999997,0.016071786957278036,0.0010164690570797174,0.3092960000000003,0.016025990889795755,0.0010135726594572617,0.0,0.0,0.0,-9.599999999979048e-05,0.000585477582833192,3.70288536144557e-05
PRO  63,R PRO  63,0.0,0.0,0.0,-4.000000000000448e-06,6.311893535224507e-05,3.991991983960335e-06,-1.3636199999999994,0.022463561605459145,0.0014207203806551917,1.3632279999999999,0.022432120185145076,0.0014187318506339289,0.0,0.0,0.0,-0.00039599999999981604,0.0005720000000000687,3.6176456432330605e-05
GLU  64,R GLU  64,0.0,0.0,0.0,-3.999999999999559e-06,6.311893535223105e-05,3.991991983959448e-06,-0.8079720000000002,0.02671889249200653,0.0016898511366382578,0.8077440000000001,0.026670104311750365,0.001686765501188171,0.0,0.0,0.0,-0.0002319999999998572,0.0005951268772285325,3.763912857651116e-05
GLY  65,R GLY  65,0.0,0.0,0.0,-8.000000000002671e-06,8.908422980531009e-05,5.634181395732764e-06,-0.005199999999999932,0.01623551662251617,0.0010268242303335053,0.005135999999999988,0.016247261430776552,0.0010275670372292007,0.0,0.0,0.0,-7.199999999992901e-05,0.0006089466314872902,3.851316657974089e-05
HIE  66,R HIE  66,0.0,0.0,0.0,-3.999999999997783e-06,6.311893535220301e-05,3.991991983957675e-06,-0.21600400000000036,0.01638792189388288,0.0010364631860322023,0.21602,0.016359816624890836,0.001034685652746871,0.0,0.0,0.0,1.1999999999648736e-05,0.0005690834736663922,3.5991999110925044e-05
SER  67,R SER  67,0.0,0.0,0.0,-4.000000000001336e-06,6.311893535225908e-05,3.991991983961221e-06,-0.454203999999999,0.014266407536597409,0.0009022868368767958,0.4539599999999996,0.014235673500067682,0.0009003430457343007,0.0,0.0,0.0,-0.0002479999999992728,0.0005953956667627477,3.765612831929788e-05
ILE  68,R ILE  68,0.0,0.0,0.0,-1.1999999999998679e-05,0.00010888526071051761,6.886508549329592e-06,-0.6764680000000005,0.02272973770197105,0.0014375548351286001,0.6761400000000002,0.022708245198597266,0.001436195529863,0.0,0.0,0.0,-0.00034000000000058604,0.0005444263035525676,3.443254274664667e-05
VAL  69,R VAL  69,0.0,0.0,0.0,-4.000000000001336e-06,6.311893535225908e-05,3.991991983961221e-06,-0.9398519999999999,0.021081131278964455,0.001333287809890923,0.9392,0.021035588891213042,0.0013304074563833827,0.0,0.0,0.0,-0.0006560000000001196,0.0006079999999998184,3.845329634763601e-05
GLY  70,R GLY  70,0.0,0.0,0.0,-3.2000000000007134e-05,0.00017600000000003924,1.1131217363795178e-05,0.1372240000000001,0.015332247845635128,0.0009696964968483345,-0.13662399999999994,0.01528092353230008,0.0009664504622586765,0.0,0.0,0.0,0.0005680000000000969,0.0006044633983961084,3.822962202274945e-05
PHE  71,R PHE  71,0.0,0.0,0.0,-4.3999999999988046e-05,0.0002050950998926526,1.2971353052010751e-05,-0.18548399999999965,0.01788076463689468,0.0011308788511596162,0.18577199999999994,0.0178139275848991,0.0011266517048316737,0.0,0.0,0.0,0.0002440000000003213,0.0006576199510351857,4.159153760079183e-05
ALA  72,R ALA  72,0.0,0.0,0.0,-6.80000000000014e-05,0.00025174590364095817,1.592180894245407e-05,0.18368800000000043,0.0503821263544928,0.0031864454528518628,-0.18193199999999998,0.05006658941849339,0.003166489144778484,0.0,0.0,0.0,0.0016880000000004554,0.0007685414757841572,4.860683079570156e-05
MET  73,R MET  73,0.0,0.0,0.0,-0.0001479999999999926,0.0003550999859194413,2.2458495051983105e-05,-0.8524399999999994,0.04626893558318608,0.002926304427089583,0.8505560000000005,0.04586116945738504,0.002900515032885702,0.0,0.0,0.0,-0.0020319999999995524,0.0008983184290661906,5.681464599907135e-05
TYR  74,R TYR  74,0.0,0.0,0.0,-0.0002880000000000074,0.00045283109433872835,2.863955306913921e-05,-0.017696000000000423,0.028673953058480625,0.001813500023711001,0.022791999999999986,0.02831559174730418,0.0017908352643389628,0.0,0.0,0.0,0.00480799999999995,0.0010291433330684857,6.508873942547396e-05
TYR  75,R TYR  75,0.0,0.0,0.0,-0.0006279999999999895,0.0004833383907781288,3.056900390918822e-05,-0.7081639999999995,0.09437428200521425,0.005968753673590394,0.7066599999999997,0.09351329531141848,0.005914300093840543,0.0,0.0,0.0,-0.0021319999999991524,0.0015266224156611683,9.655207921115197e-05
PHE  76,R PHE  76,0.0,0.0,0.0,-0.0008719999999999555,0.00036826077716747076,2.329085657505877e-05,-0.17209999999999998,0.08070376695049584,0.005104154386379764,0.18480399999999997,0.08103375583051811,0.005125024715647732,0.0,0.0,0.0,0.01183200000000017,0.0028642234549703417,0.00018114939690766008
THR  77,R THR  77,0.0,0.0,0.0,-0.002611999999999995,0.0006674249021425987,4.221165715771213e-05,-0.37490399999999996,0.09031225157197609,0.0057118483117113315,0.39864399999999994,0.08685043041919834,0.0054929035178127835,0.0,0.0,0.0,0.02112799999999959,0.00873519410202169,0.0005524621833211555
TYR  78,R TYR  78,0.0,0.0,0.0,-0.013891999999999996,0.003603378414765798,0.00022789766124293664,-1.5006960000000005,0.2531275796589524,0.016009193806559942,1.5552440000000003,0.26394513154062965,0.016693355859622748,0.0,0.0,0.0,0.040655999999999845,0.024924398969684528,0.001576357401099143
ASP  79,R ASP  79,0.0,0.0,0.0,-0.03865599999999998,0.013005601254844092,0.0008225464461050264,-2.6691119999999997,0.2312020835892398,0.014622503678372705,2.8628919999999978,0.2623396430889032,0.01659181585433169,0.0,0.0,0.0,0.1551240000000007,0.0778666849429198,0.004924721565327296
PRO  80,R PRO  80,0.0,0.0,0.0,-0.04767999999999998,0.013560000000000015,0.0008576097014376654,-6.613687999999999,0.34984113917032705,0.022125896380123643,6.452435999999997,0.33841037499469506,0.02140295137629856,0.0,0.0,0.0,-0.20893199999999978,0.06024482862453856,0.003810217514001016
TRP  81,R TRP  81,0.0,0.0,0.0,-0.07075999999999999,0.04032089284725718,0.0025501171737784874,0.8953120000000006,0.33513745039311726,0.021195953449278864,-0.8667999999999997,0.2963497933186402,0.018742806620141047,0.0,0.0,0.0,-0.04224800000000064,0.05808678417678205,0.0036737307990652
ILE  82,R ILE  82,0.0,0.0,0.0,-0.026043999999999946,0.025621125346088867,0.0016204222462062132,-1.4302719999999993,0.19348351355090013,0.012236971850257948,1.3824479999999992,0.17831286912615396,0.011277496051163292,0.0,0.0,0.0,-0.07386799999999923,0.06329027236471653,0.004002828288098305
GLY  83,R GLY  83,0.0,0.0,0.0,-0.007928000000000006,0.0039164800522918505,0.00024769994751715213,-0.9375760000000007,0.18783242591203037,0.011879565686336918,0.9334160000000002,0.18564342957400748,0.011741121401978513,0.0,0.0,0.0,-0.012088000000000125,0.008504131701708861,0.0005378485139888727
LYS  84,R LYS  84,0.0,0.0,0.0,-0.0028720000000000195,0.001138251290357258,7.198933254309177e-05,-0.8503360000000002,0.17613810236288804,0.011139951724132242,0.8541040000000003,0.17385174484024962,0.010995349777792294,0.0,0.0,0.0,0.0008960000000003628,0.0056318011328533165,0.0003561863781786603
LEU  85,R LEU  85,0.0,0.0,0.0,-0.0026000000000000476,0.0009165151389911318,5.7965506984755465e-05,-1.2690440000000003,0.11673423689731675,0.007382921390343762,1.2705880000000003,0.11478363235234591,0.007259554326816078,0.0,0.0,0.0,-0.001056000000000573,0.003797481270527751,0.00024017380373395482
LEU  86,R LEU  86,0.0,0.0,0.0,-0.0017800000000000305,0.000602992537267248,3.8136596596969345e-05,-1.9569800000000004,0.16647042860519318,0.01052851434913715,1.9475919999999982,0.16416160798435003,0.010382491711724583,0.0,0.0,0.0,-0.01116800000000028,0.0036160442475165607,0.00022869871884203995
TYR  87,R TYR  87,0.0,0.0,0.0,-0.0012399999999999566,0.00045431266766403453,2.8733255993709555e-05,-0.26218400000000036,0.07273165847139818,0.0045999539754219745,0.26425600000000005,0.0722824907152486,0.004571546112203179,0.0,0.0,0.0,0.0008319999999995407,0.0016479611645914842,0.00010422621551225432
LEU  88,R LEU  88,0.0,0.0,0.0,-0.0006879999999999988,0.0004633098315382465,2.930228660019544e-05,-1.7863319999999985,0.09418695119815278,0.005956905833065758,1.7809160000000002,0.09367977873585837,0.005924829430118434,0.0,0.0,0.0,-0.006104000000000106,0.0013903898733804178,8.793597671030473e-05
GLU  89,R GLU  89,0.0,0.0,0.0,-0.00035599999999999456,0.0004788152044369441,3.0282932486798077e-05,-2.1828400000000006,0.08457904232135864,0.005349248321025367,2.1763959999999987,0.08414900584084517,0.005322050425917663,0.0,0.0,0.0,-0.006800000000000338,0.0009165151389909677,5.796550698474509e-05
ASP  90,R ASP  90,0.0,0.0,0.0,-0.00017999999999999437,0.000384187454245959,2.4298148077579153e-05,-2.100791999999999,0.07089279749034459,0.0044836541954111535,2.096211999999999,0.07055709075638439,0.004462422237307744,0.0,0.0,0.0,-0.004759999999999934,0.0007939773296508227,5.021553544469883e-05
PHE  91,R PHE  91,0.0,0.0,0.0,-5.999999999999872e-05,0.0002374868417407533,1.5019986684414551e-05,-0.3890320000000003,0.02928110271147481,0.001851899539391851,0.3880080000000001,0.029114943517032924,0.0018413907092195481,0.0,0.0,0.0,-0.0010840000000004295,0.0006670412281110689,4.218739148133827e-05
PHE  92,R PHE  92,0.0,0.0,0.0,-4.400000000000226e-05,0.00020509509989271885,1.297135305201494e-05,-0.26781999999999956,0.02197697886425667,0.0013899461860086304,0.26714799999999994,0.021822146915462925,0.0013801537537536143,0.0,0.0,0.0,-0.0007159999999994912,0.0006093800127995254,3.854057602058121e-05
VAL  93,R VAL  93,0.0,0.0,0.0,-1.2000000000002231e-05,0.00010888526071054984,6.886508549331631e-06,-1.1355760000000013,0.030167602224884443,0.0019079666915319594,1.1341760000000003,0.030062884492312633,0.001901343760605253,0.0,0.0,0.0,-0.0014120000000001696,0.0005951940859918279,3.764337923192589e-05
MET  94,R MET  94,0.0,0.0,0.0,-1.600000000000179e-05,0.00012547509713087902,7.935741931288725e-06,-0.4989720000000006,0.02200352735358605,0.0013916252599029807,0.4984400000000002,0.021921642274243827,0.00138644639276088,0.0,0.0,0.0,-0.0005480000000006733,0.0005793927855958037,3.664401724704675e-05
SER  95,R SER  95,0.0,0.0,0.0,-1.1999999999998679e-05,0.00010888526071051761,6.886508549329592e-06,-0.49171199999999954,0.023939027883360692,0.001514037061633989,0.49135199999999973,0.023902219478541955,0.0015117090937086942,0.0,0.0,0.0,-0.0003719999999998791,0.0006337318044724635,4.008071855642933e-05
ASP  96,R ASP  96,0.0,0.0,0.0,0.0,0.0,0.0,-1.1209159999999996,0.026983642155949283,0.0017065953755947228,1.1203159999999999,0.02694602278628917,0.001704216117749407,0.0,0.0,0.0,-0.0005999999999998309,0.0005932958789675656,3.752332607858191e-05
TYR  97,R TYR  97,0.0,0.0,0.0,-7.999999999999119e-06,8.908422980527055e-05,5.634181395730263e-06,-0.2500879999999993,0.02209326268345292,0.0013973006204822975,0.2499239999999999,0.021989229727302103,0.0013907209986191572,0.0,0.0,0.0,-0.00017199999999917637,0.0006312020278804828,3.992072143638859e-05
ARG  98,R ARG  98,0.0,0.0,0.0,-1.5999999999998237e-05,0.00012547509713085116,7.935741931286964e-06,-0.4419520000000001,0.021636582354890462,0.001368417620465269,0.4413440000000003,0.021492176809238886,0.001359284611844901,0.0,0.0,0.0,-0.0006240000000000503,0.0006087889617917775,3.850319467262478e-05
GLY  99,R GLY  99,0.0,0.0,0.0,-3.999999999999559e-06,6.311893535223105e-05,3.991991983959448e-06,-0.03693999999999949,0.034870050186370245,0.0022053756142661773,0.036872000000000044,0.03479309724643663,0.00220050868300945,0.0,0.0,0.0,-7.199999999944496e-05,0.0005539097399396441,3.5032327927216265e-05
PHE 100,R PHE 100,0.0,0.0,0.0,-2.4000000000003575e-05,0.00015304901175769472,9.679669415844112e-06,-0.1685199999999998,0.02599972307544822,0.0016443668690410843,0.16835999999999993,0.02589483346152268,0.001637733067383076,0.0,0.0,0.0,-0.00018399999999996552,0.0006558536422103176,4.147982642203505e-05
GLY 101,R GLY 101,0.0,0.0,0.0,-7.999999999999119e-06,8.908422980527055e-05,5.634181395730263e-06,-0.0928880000000001,0.028412030128099196,0.0017969345630823805,0.09257199999999996,0.028231273722593757,0.0017855025242211368,0.0,0.0,0.0,-0.0003240000000001455,0.0006285093475838432,3.975042138142781e-05
ILE 102,R ILE 102,0.0,0.0,0.0,-2.399999999999558e-05,0.00015304901175764376,9.67966941584089e-06,-1.0253560000000015,0.031811652959214266,0.002011945589719052,1.0239119999999993,0.03173843499609695,0.0020073148791372735,0.0,0.0,0.0,-0.0014680000000003516,0.0005665474384375203,3.583160615993181e-05
GLY 103,R GLY 103,0.0,0.0,0.0,-4.7999999999998266e-05,0.0002137662274541905,1.3519763311537183e-05,-0.22646800000000009,0.02933518324469895,0.001855319892633145,0.22545199999999982,0.02918272941313181,0.0018456778657177082,0.0,0.0,0.0,-0.0010640000000001581,0.0006417974758439216,4.059083640427377e-05
SER 104,R SER 104,0.0,0.0,0.0,-2.3999999999999133e-05,0.0001530490117576664,9.679669415842321e-06,-0.852192000000001,0.0369547173713957,0.002337221543628019,0.8503799999999996,0.0367613329464666,0.002324990838692463,0.0,0.0,0.0,-0.0018360000000004213,0.0005736758666703902,3.628244754699018e-05
GLU 105,R GLU 105,0.0,0.0,0.0,-3.599999999999426e-05,0.00018629009635509055,1.1782020200286354e-05,-1.4607520000000005,0.04457535749714747,0.002819193144144971,1.4584400000000002,0.044251716350905426,0.0027987242808115206,0.0,0.0,0.0,-0.002347999999999814,0.0006774186297994108,4.284371599193101e-05
ILE 106,R ILE 106,0.0,0.0,0.0,-3.199999999999825e-05,0.0001759999999999904,1.1131217363792088e-05,-1.1525320000000001,0.03606251483186117,0.002280793700445708,1.150504,0.03586800780638699,0.0022684919960176526,0.0,0.0,0.0,-0.0020599999999998354,0.0006264183905349013,3.9618177646142994e-05
LEU 107,R LEU 107,0.0,0.0,0.0,-0.00010399999999999921,0.0003052605444534203,1.930637200511775e-05,-1.2036480000000003,0.04208976236567771,0.0026619903050155687,1.2004799999999998,0.0418914024592229,0.0026494449229984653,0.0,0.0,0.0,-0.0032719999999999876,0.0007576384361943306,4.791726202524475e-05
LYS 108,R LYS 108,0.0,0.0,0.0,-7.59999999999863e-05,0.00026499811320078237,1.675995226723211e-05,-0.5291199999999999,0.03714783439179315,0.002349435336416042,0.5272000000000002,0.036907885336331075,0.0023342596256627174,0.0,0.0,0.0,-0.001996000000000087,0.00066632124384591,4.214185567819057e-05
ASN 109,R ASN 109,0.0,0.0,0.0,-6.799999999999607e-05,0.00025174590364093844,1.592180894245282e-05,-0.0652800000000002,0.02962528649650506,0.0018736676332797182,0.06503999999999997,0.02941520695150726,0.0018603810362396206,0.0,0.0,0.0,-0.00030800000000019966,0.0006731537714379129,4.2573982665524066e-05
LEU 110,R LEU 110,0.0,0.0,0.0,-0.00011200000000000366,0.0003153664535108427,1.994552581407735e-05,-1.1976400000000003,0.05896370408989067,0.0037291920840848035,1.1952920000000016,0.05864959280332638,0.003709325941998623,0.0,0.0,0.0,-0.002460000000000694,0.0007799999999999348,4.93315314986226e-05
SER 111,R SER 111,0.0,0.0,0.0,-0.00018800000000000595,0.0003907121702737319,2.4710807352250526e-05,-1.0200040000000001,0.049840104173234055,0.0031521649601496575,1.0168759999999997,0.049457260579215824,0.003127951805255609,0.0,0.0,0.0,-0.0033159999999991,0.0009381599010823485,5.9334441937169746e-05
GLN 112,R GLN 112,0.0,0.0,0.0,-8.000000000000718e-05,0.0002712931993250351,1.7158088471623315e-05,-0.5537400000000005,0.04905907051708256,0.0031027680544959075,0.5523200000000003,0.0486864416444647,0.0030792009353076437,0.0,0.0,0.0,-0.0015000000000004357,0.0007496665925594748,4.741307836450755e-05
VAL 113,R VAL 113,0.0,0.0,0.0,-0.00011600000000000144,0.000320224920954011,2.0252802275241082e-05,-1.4623959999999998,0.05580486702788991,0.0035294096866192648,1.4605160000000004,0.05556136916958557,0.0035140095298669717,0.0,0.0,0.0,-0.0019960000000000095,0.0007873906273253123,4.979895581233602e-05
ALA 114,R ALA 114,0.0,0.0,0.0,-0.00029199999999999804,0.0004546823066713692,2.875663401721398e-05,-0.08706799999999981,0.06273359049185688,0.003967620635091009,0.08819600000000004,0.062247550827321745,0.0039368807876287056,0.0,0.0,0.0,0.0008360000000003325,0.0010242577800541953,6.477974992238078e-05
MET 115,R MET 115,0.0,0.0,0.0,-0.00018399999999997796,0.0003874841932259484,2.4506652158135683e-05,-0.8598879999999999,0.06923654711205436,0.0043789037239929,0.8579599999999998,0.06887477332086335,0.004356023140434546,0.0,0.0,0.0,-0.002111999999999627,0.0008552520096440854,5.409088647823205e-05
ARG 116,R ARG 116,0.0,0.0,0.0,-0.00010399999999999388,0.00030526054445340474,1.9306372005116766e-05,-0.3809560000000002,0.051469700445991896,0.003255229677918373,0.38182000000000005,0.05127146964930859,0.0032426924615201933,0.0,0.0,0.0,0.0007599999999996268,0.0007418894796393929,4.6921210555551917e-05
CYS 117,R CYS 117,0.0,0.0,0.0,-0.00024799999999998776,0.0004318518264404838,2.7312707665113082e-05,0.0294560000000003,0.0715220250272607,0.004523450039074205,-0.027856000000000002,0.07087901850336245,0.004482782735756885,0.0,0.0,0.0,0.0013520000000003627,0.0012538325247021325,7.929933164916142e-05
ARG 118,R ARG 118,0.0,0.0,0.0,-0.0004320000000000102,0.0004953544185732182,3.132896423439569e-05,-0.9365400000000002,0.08644202912935578,0.005467073952307722,0.9369199999999993,0.08624728169630358,0.0054547570431694,0.0,0.0,0.0,-5.200000000052196e-05,0.001210494113988542,7.655836988862565e-05
CYS 119,R CYS 119,0.0,0.0,0.0,-0.0010440000000000139,0.00048380161223379655,3.059830060640759e-05,0.9158879999999985,0.09306752095119614,0.005886106847824403,-0.899424,0.09141192604906707,0.005781397832358575,0.0,0.0,0.0,0.015419999999998924,0.0028599999999995105,0.00018088228216160034
SER 120,R SER 120,0.0,0.0,0.0,-0.0034520000000000054,0.0022573648353777327,0.00014276828779529352,-1.1401320000000001,0.22250478326543552,0.014072438108017876,1.1522959999999995,0.22308253267344905,0.01410897818894061,0.0,0.0,0.0,0.008712000000000057,0.004850263497997432,0.0003067575981129484
SER 121,R SER 121,0.0,0.0,0.0,-0.0038799999999999954,0.002063395260244573,0.00013050057471137466,-1.2294,0.19531809951973136,0.012353001254755816,1.2333999999999998,0.19282344255821343,0.012195225295171981,0.0,0.0,0.0,0.0001200000000004735,0.00609931143654808,0.00038575432596411
MET 122,R MET 122,0.0,0.0,0.0,-0.003016000000000032,0.0010118023522408108,6.399199949993867e-05,-1.4070439999999989,0.18071507425780314,0.011429424843622414,1.4130440000000002,0.1779404003142581,0.011253939055103936,0.0,0.0,0.0,0.002984000000000357,0.006594523788720526,0.0004170743051303972
HIP 123,R HIP 123,0.0,0.0,0.0,-0.0029960000000000056,0.0008414178510110476,5.321593746238243e-05,1.8542279999999998,0.12547423646309835,0.007935687497878813,-1.8369439999999995,0.12371320408106994,0.00782431003066838,0.0,0.0,0.0,0.014287999999999742,0.003886007720012789,0.00024577270800476604
PHE 124,R PHE 124,0.0,0.0,0.0,-0.002084000000000007,0.0006549381650201477,4.142192656069769e-05,-1.1384799999999995,0.14758911070943107,0.009334354953611032,1.1271159999999993,0.1455236013298223,0.009203720670250931,0.0,0.0,0.0,-0.013448000000000666,0.0034501153603896345,0.00021820445458327838
LEU 125,R LEU 125,0.0,0.0,0.0,-0.001091999999999997,0.0004043958456759779,2.557623897292089e-05,-1.0980319999999986,0.05511528804243614,0.0034857968822068247,1.100092,0.0547722149999376,0.0034640990378448414,0.0,0.0,0.0,0.0009680000000004369,0.0012485896043133511,7.896774024877174e-05
VAL 126,R VAL 126,0.0,0.0,0.0,-0.0007119999999999882,0.00045283109433870964,2.863955306913803e-05,-2.3461360000000004,0.083806953792609,0.005300417154902621,2.3349639999999994,0.08244655665338382,0.0052143780852560466,0.0,0.0,0.0,-0.01188400000000018,0.0021685349893413404,0.0001371501950417519
ALA 127,R ALA 127,0.0,0.0,0.0,-0.0002799999999999852,0.0004489988864128491,2.839718295887665e-05,0.1702120000000004,0.05928142252004415,0.0037492863619627654,-0.16628800000000002,0.05870043488765654,0.0037125414777480965,0.0,0.0,0.0,0.0036440000000000734,0.0012317727063064121,7.790414623115826e-05
GLU 128,R GLU 128,0.0,0.0,0.0,-0.0002560000000000029,0.00043642181430355236,2.760173907564553e-05,-1.5530039999999998,0.07174039297354796,0.004537260840639026,1.5505639999999994,0.07155790595039267,0.004525719347907134,0.0,0.0,0.0,-0.002695999999999259,0.000905308787099307,5.72567550599654e-05
TRP 129,R TRP 129,0.0,0.0,0.0,-9.600000000000098e-05,0.00029459124223235454,1.8631586083852526e-05,-0.16364000000000034,0.02951132663910529,0.0018664601790554928,0.16416000000000006,0.02931631627609406,0.001854126640766458,0.0,0.0,0.0,0.00042399999999991777,0.0006724760218770497,4.2531118019613935e-05
ASN 130,R ASN 130,0.0,0.0,0.0,-8.800000000000452e-05,0.0002832948993540269,1.7917142629337775e-05,-0.13565199999999994,0.0502883176891013,0.003180512471913908,0.13495199999999996,0.050056185392017415,0.003165831136368469,0.0,0.0,0.0,-0.000788000000000034,0.0007204554115285198,4.5565601060481086e-05
GLU 131,R GLU 131,0.0,0.0,0.0,-7.200000000000495e-05,0.00025848791074247396,1.634821091129047e-05,-1.6977679999999997,0.06812278749435939,0.004308463380836211,1.6942880000000002,0.06778440127345674,0.0042870619570988255,0.0,0.0,0.0,-0.0035519999999999215,0.0007037726905754064,4.451049314486402e-05
PRO 132,R PRO 132,0.0,0.0,0.0,-7.999999999999296e-05,0.0002712931993249869,1.7158088471620266e-05,-2.555384,0.09012109932750684,0.0056997587822638085,2.5509560000000007,0.08958661766132676,0.005665955193609192,0.0,0.0,0.0,-0.004508000000000011,0.0008354256400185662,5.283695676325165e-05
SER 133,R SER 133,0.0,0.0,0.0,-0.00012799999999998856,0.0003340898082851078,2.1129694744598663e-05,-0.9981240000000007,0.09737657122736891,0.0061586351163220735,0.9978519999999997,0.0974617776156431,0.006164024041484937,0.0,0.0,0.0,-0.00039999999999999145,0.000737563556583521,4.66476151587681e-05
ILE 134,R ILE 134,0.0,0.0,0.0,-0.00022399999999999308,0.0004169220550654395,2.6368466015298605e-05,-1.630403999999999,0.09268199816578722,0.0058617242459887125,1.6267000000000007,0.09218269902750867,0.0058301457957743216,0.0,0.0,0.0,-0.003928000000000015,0.0011003708465786289,6.959356292072331e-05
ASN 135,R ASN 135,0.0,0.0,0.0,-0.00013999999999999346,0.00034698703145793336,2.194538675895131e-05,-0.07592399999999998,0.05624985532425861,0.0035575532175921272,0.07590800000000002,0.055840805295052844,0.003531682622207155,0.0,0.0,0.0,-0.0001559999999999163,0.0008219878344597467,5.198707531684482e-05
PHE 136,R PHE 136,0.0,0.0,0.0,-0.00011200000000001431,0.0003153664535108727,1.994552581407925e-05,-0.16917599999999902,0.04075214134251127,0.002577391723428952,0.17125199999999993,0.0404479479825619,0.002558152846098163,0.0,0.0,0.0,0.001964000000000897,0.0008687370142924399,5.4943753057167215e-05
TYR 137,R TYR 137,0.0,0.0,0.0,-0.00037199999999998747,0.0004833383907781211,3.056900390918773e-05,-0.3420879999999999,0.06308324861641217,0.003989734956610561,0.3446039999999999,0.06250445731305927,0.003953128980440709,0.0,0.0,0.0,0.0021439999999999415,0.0012471022411982848,7.887367114574507e-05
LYS 138,R LYS 138,0.0,0.0,0.0,-0.0003359999999999985,0.000472338861412014,2.98733325894516e-05,-0.5487439999999989,0.06055693572168597,0.003829956900018801,0.5472159999999997,0.060298468836285465,0.003813610018866895,0.0,0.0,0.0,-0.0018639999999986187,0.0008930307945417355,5.6480226628434966e-05
ARG 139,R ARG 139,0.0,0.0,0.0,-0.00014400000000000545,0.0003510897321198804,2.2204864331943972e-05,-0.30400800000000067,0.056689892714663154,0.0035853836257784292,0.3048520000000001,0.05650980530845848,0.0035739938981480548,0.0,0.0,0.0,0.0006999999999992888,0.0008497058314500877,5.374011537018821e-05
ARG 140,R ARG 140,0.0,0.0,0.0,-0.00023199999999999976,0.0004221089906647331,2.669651662670617e-05,-0.457668,0.07778373722057802,0.004919475490740831,0.459348,0.07733187503222703,0.004890897216666888,0.0,0.0,0.0,0.0014479999999998548,0.001072984622443505,6.786150602514599e-05
GLY 141,R GLY 141,0.0,0.0,0.0,-0.000571999999999969,0.0004947888438515695,3.1293194148247175e-05,-0.4322559999999997,0.08277771719490702,0.005235322516903808,0.43459199999999987,0.08291746218981924,0.005244160766414433,0.0,0.0,0.0,0.0017640000000000739,0.0011917650775212963,7.537384161628864e-05
ALA 142,R ALA 142,0.0,0.0,0.0,-0.001047999999999968,0.0005419372657420671,3.427512217337746e-05,0.679904000000001,0.07240374841124524,0.004579215122266652,-0.6645680000000002,0.07078099586753041,0.004476583239927236,0.0,0.0,0.0,0.014288000000000124,0.0028560560218602467,0.0001806328430823606
SER 143,R SER 143,0.0,0.0,0.0,-0.0033759999999999728,0.001211042526090648,7.659305451540676e-05,-1.6595040000000005,0.19460758973893916,0.01230806467061321,1.6559880000000007,0.19308504824557632,0.012211770691590395,0.0,0.0,0.0,-0.006891999999999715,0.004259616884180963,0.00026940182627442996
ASP 144,R ASP 144,0.0,0.0,0.0,-0.00571599999999996,0.0018897999894168474,0.00011952144577438673,-3.5549040000000005,0.28897333922697993,0.01827627870043475,3.5529919999999997,0.2902327340876764,0.018355929825100977,0.0,0.0,0.0,-0.00762800000000027,0.009855435860478733,0.0006233124930562845
LEU 145,R LEU 145,0.0,0.0,0.0,-0.026791999999999982,0.0093276329258821,0.0005899313044753597,-2.8427879999999974,0.33102270474396983,0.020935714084407385,2.8471560000000005,0.3271411249965309,0.020690221425977623,0.0,0.0,0.0,-0.02242399999999958,0.020559480149069855,0.0013002956956015773
SER 146,R SER 146,0.0,0.0,0.0,-0.008887999999999981,0.0021916788085849163,0.0001386139386930506,-1.6790679999999993,0.27097899434458406,0.017138216403815437,1.6628920000000007,0.2704009621580452,0.017101658438408433,0.0,0.0,0.0,-0.025064000000000135,0.011952736255770167,0.0007559574167901328
SER 147,R SER 147,0.0,0.0,0.0,-0.0037160000000000153,0.001096970373346522,6.937849811000546e-05,-0.8983599999999995,0.1869811712445972,0.011825727613978158,0.9111959999999997,0.18485147979932412,0.011691034100369382,0.0,0.0,0.0,0.009119999999999292,0.005337564987894461,0.00033757725041831123
GLU 148,R GLU 148,0.0,0.0,0.0,-0.011091999999999992,0.004776979798994315,0.00030212273002870713,-2.6616559999999994,0.3515110377555854,0.02223151003994183,2.679792,0.3550389679119775,0.022454635934345688,0.0,0.0,0.0,0.007043999999999769,0.011970382784187883,0.0007570734812420302
GLU 149,R GLU 149,0.0,0.0,0.0,-0.041971999999999995,0.01512095288002714,0.0009563330298593708,-4.269051999999996,0.6613351353860201,0.04182650649031284,4.355792000000003,0.6859536986823401,0.04338352114506072,0.0,0.0,0.0,0.04476799999999984,0.02906974674812269,0.0018385322145668154
GLY 150,R GLY 150,0.0,0.0,0.0,-0.022996000000000003,0.007105208230586882,0.00044937282516858794,0.19946399999999967,0.39600510186612436,0.02504556173887897,-0.16758800000000001,0.40897238324366114,0.02586568462314501,0.0,0.0,0.0,0.008879999999999277,0.01832772762783307,0.0011591472727829463
TRP 151,R TRP 151,0.0,0.0,0.0,-0.05504399999999997,0.017438866476924518,0.001102930757572753,0.3548280000000003,0.3048597553236573,0.019281023874887993,-0.264284,0.31101954173974344,0.01967060297438795,0.0,0.0,0.0,0.03549999999999997,0.03995750242445098,0.002527134345459304
ARG 152,R ARG 152,0.0,0.0,0.0,-0.028672000000000003,0.007921894722855115,0.0005010246141658101,-2.357532,0.29045666281908783,0.01837009232159722,2.3049359999999997,0.2740771933306363,0.017334163712622423,0.0,0.0,0.0,-0.0812679999999996,0.03589100410966453,0.002269946409940073
LEU 153,R LEU 153,0.0,0.0,0.0,-0.01072800000000003,0.0028337282861982315,0.0001792207130886379,-1.3534520000000003,0.10459181467016684,0.0066149671793588,1.3672960000000003,0.10137080636948516,0.0064112527275095475,0.0,0.0,0.0,0.0031159999999994313,0.012939495507941105,0.000818365551572225
PHE 154,R PHE 154,0.0,0.0,0.0,-0.007867999999999988,0.002492102726614656,0.00015761441558436465,-0.9679440000000011,0.13816788651491368,0.00873850441757583,0.963532,0.13457925908549276,0.008511539690561324,0.0,0.0,0.0,-0.012279999999999625,0.008908512782726528,0.0005634238191628109
LYS 155,R LYS 155,0.0,0.0,0.0,-0.002520000000000003,0.0007807688518376994,4.938015795843344e-05,-0.6429679999999999,0.09541990869834065,0.006034884912241381,0.6407079999999996,0.09362366546979822,0.0059212805155644125,0.0,0.0,0.0,-0.004779999999999868,0.004812857778908084,0.0003043918527161728
ILE 156,R ILE 156,0.0,0.0,0.0,-0.0009759999999999982,0.0004726774798951124,2.9894748702740043e-05,-1.7907360000000003,0.14302333482336788,0.009045589931894369,1.7780400000000003,0.13991093738518942,0.008848744634128028,0.0,0.0,0.0,-0.013672000000000153,0.004554164687403783,0.00028803066503409387
ASP 157,R ASP 157,0.0,0.0,0.0,-0.00037999999999998126,0.00048538644398043925,3.0698534166958275e-05,-2.3194000000000004,0.15608085084338524,0.009871419756042202,2.310519999999999,0.1549019612529267,0.00979686023172796,0.0,0.0,0.0,-0.009260000000000147,0.0017505427729707992,0.00011071404608269531
LYS 158,R LYS 158,0.0,0.0,0.0,-0.00020800000000001086,0.00040587682860692754,2.5669904557673544e-05,-0.3365719999999999,0.05167804965360013,0.0032684068388130387,0.3354880000000002,0.051243046903944614,0.00324089484926609,0.0,0.0,0.0,-0.0012919999999996077,0.0008981848362102441,5.6806196844992995e-05
GLU 159,R GLU 159,0.0,0.0,0.0,-7.999999999999652e-05,0.0002712931993249989,1.7158088471621028e-05,-1.394444,0.08071227207803677,0.005104692297876155,1.3922880000000004,0.08026150419720775,0.005076183233886813,0.0,0.0,0.0,-0.002235999999999823,0.000836841681562012,5.2926515094025824e-05
TYR 160,R TYR 160,0.0,0.0,0.0,-0.00019599999999999617,0.0003969685126052114,2.5106493184034596e-05,-0.2639160000000003,0.05322613027451818,0.003366316054086414,0.2664119999999998,0.05312252117511019,0.003359763239277453,0.0,0.0,0.0,0.0022999999999991153,0.0009305912099314202,5.885575587830385e-05
LEU 161,R LEU 161,0.0,0.0,0.0,-0.00021999999999997754,0.0004142463035441174,2.6199236630097838e-05,-1.0376999999999998,0.05887418789249421,0.0037235305826598024,1.0358160000000014,0.058438943727590904,0.0036960033246719553,0.0,0.0,0.0,-0.0021040000000001626,0.0010065704148250034,6.366110272375054e-05
LEU 162,R LEU 162,0.0,0.0,0.0,-0.00014800000000000146,0.0003550999859194626,2.2458495051984453e-05,-0.8820839999999989,0.045349806438406665,0.0028681735958626707,0.8801239999999995,0.04505051191719331,0.002849244548297795,0.0,0.0,0.0,-0.002107999999999187,0.0008248248298879656,5.216650266213795e-05
LYS 163,R LYS 163,0.0,0.0,0.0,-8.000000000000585e-05,0.0002712931993250305,1.7158088471623027e-05,-0.10642000000000042,0.030617439474913903,0.0019364168972615542,0.10790799999999998,0.030321535845006374,0.001917702308493168,0.0,0.0,0.0,0.0014079999999997313,0.0007652032409761476,4.839570228854625e-05
MET 164,R MET 164,0.0,0.0,0.0,-0.00016399999999999436,0.0003702755730533553,2.3418283455453406e-05,-0.5643520000000003,0.06297736177389318,0.003983038084678489,0.5651199999999996,0.06251138776255176,0.003953567300552809,0.0,0.0,0.0,0.0006039999999997328,0.0008939709167528201,5.653968517775378e-05
ALA 165,R ALA 165,0.0,0.0,0.0,-0.00011199999999998767,0.0003153664535107977,1.9945525814074505e-05,0.13332,0.03183396927811599,0.002013356997653454,-0.13235200000000008,0.031636120116094985,0.002000843917950613,0.0,0.0,0.0,0.0008560000000000012,0.0007122246836498039,4.504504412252532e-05
THR 166,R THR 166,0.0,0.0,0.0,-6.0000000000000496e-05,0.00023748684174076031,1.5019986684414995e-05,-0.43414400000000003,0.028420472620983173,0.001797468513215243,0.4342600000000001,0.028258669466203677,0.0017872351831811637,0.0,0.0,0.0,5.599999999986949e-05,0.00065487708770408,4.141806369205481e-05
GLU 167,R GLU 167,0.0,0.0,0.0,-4.40000000000027e-05,0.0002050950998927209,1.297135305201507e-05,-1.5173680000000003,0.08969151897475901,0.005672589735208974,1.5149839999999994,0.08930813929313815,0.005648342675157932,0.0,0.0,0.0,-0.0024279999999999758,0.0007568460873920017,4.786714948691144e-05
GLU 168,R GLU 168,0.0,0.0,0.0,-8.800000000000275e-05,0.00028329489935402123,1.7917142629337416e-05,-12.953639999999998,0.4927902823717673,0.031166794021846148,12.934871999999991,0.4906520473982906,0.031031560168069825,0.0,0.0,0.0,-0.018856000000000022,0.002274041336474389,0.00014382300233264808
ALA 169,R ALA 169,0.0,0.0,0.0,-2.8000000000001358e-05,0.00016497272501841823,1.0433791257256902e-05,9.494755999999997,0.3339078562479061,0.02111818708734936,-9.485227999999998,0.33253583267975956,0.021031412697773876,0.0,0.0,0.0,0.00950000000000017,0.0014946571513235565,9.453041838482783e-05
LYS 170,R LYS 170,0.0,0.0,0.0,-5.6000000000003604e-05,0.00022992172581121344,1.4541526742403195e-05,-0.16187199999999985,0.06563913174319062,0.0041513831988868165,0.16254400000000008,0.06525647909594849,0.004127182120527255,0.0,0.0,0.0,0.0006160000000001364,0.0007826519021885141,4.949925251958051e-05
PHE 171,R PHE 171,0.0,0.0,0.0,-7.60000000000023e-05,0.00026499811320083815,1.6759952267235636e-05,-0.01686799999999971,0.03992275762018418,0.0025249368910925073,0.019108000000000017,0.03962857978782485,0.002506331451344774,0.0,0.0,0.0,0.0021640000000003943,0.0007804511515783849,4.9360064829780245e-05
VAL 172,R VAL 172,0.0,0.0,0.0,-0.0001480000000000006,0.0003550999859194605,2.245849505198432e-05,-1.5183320000000007,0.07116087250727622,0.004500608748156996,1.5154600000000018,0.0706615057863539,0.004469026023640912,0.0,0.0,0.0,-0.003019999999999598,0.0008874683092931735,5.612842417170409e-05
ILE 173,R ILE 173,0.0,0.0,0.0,-0.00018000000000000237,0.0003841874542459761,2.429814807758023e-05,-0.8986040000000004,0.04391208471480092,0.002777244090100726,0.9004240000000004,0.0441352945384949,0.0027913611188806783,0.0,0.0,0.0,0.0016399999999994889,0.0009156418513808672,5.791027542673863e-05
ARG 174,R ARG 174,0.0,0.0,0.0,-0.0002520000000000131,0.0004341612603630356,2.7458769091131496e-05,-0.8194799999999998,0.055062669750023115,0.003482469009194546,0.8167840000000003,0.054636117578017784,0.003455491481105971,0.0,0.0,0.0,-0.002947999999999908,0.0010923808859551023,6.908823344101524e-05
PRO 175,R PRO 175,0.0,0.0,0.0,-0.00020000000000001527,0.00040000000000003065,2.5298221281348975e-05,-2.568515999999998,0.09410994497929949,0.005952035532154282,2.5647039999999994,0.09347256487335785,0.005911724074753182,0.0,0.0,0.0,-0.004011999999999772,0.0012016055925299317,7.599621043181583e-05
ALA 176,R ALA 176,0.0,0.0,0.0,-0.0003280000000000012,0.00046948482403588027,2.9692827416734937e-05,0.19408799999999968,0.11464487889129535,0.007250778787413053,-0.1898600000000001,0.11399273836521352,0.007209533799074673,0.0,0.0,0.0,0.003899999999999253,0.0012497999839967493,7.904429138143437e-05
THR 177,R THR 177,0.0,0.0,0.0,-0.00020799999999999885,0.0004058768286069041,2.5669904557672063e-05,-1.1217959999999996,0.062418670155654596,0.003947703324212905,1.1188600000000002,0.06222726412112484,0.003935597743672608,0.0,0.0,0.0,-0.003144000000000062,0.000816862289495839,5.166290739013374e-05
ALA 178,R ALA 178,0.0,0.0,0.0,-0.00014799999999999614,0.00035509998591944986,2.2458495051983647e-05,-0.12876399999999993,0.07584465903410732,0.0047968374181329085,0.12872799999999998,0.07543843858405333,0.004771145781046723,0.0,0.0,0.0,-0.00018399999999988735,0.0008087916913517911,5.1152477945831364e-05
ALA 179,R ALA 179,0.0,0.0,0.0,-0.0001319999999999979,0.00033849076796863513,2.1408035874409067e-05,0.04875199999999921,0.048011441303089625,0.003036510165304915,-0.047400000000000005,0.047729320129245544,0.0030186672555947624,0.0,0.0,0.0,0.0012199999999995548,0.0007820485918406099,4.9461095822873995e-05
ASP 180,R ASP 180,0.0,0.0,0.0,-0.00023200000000000908,0.00042210899066474997,2.6696516626707238e-05,-2.473760000000001,0.09341789122003619,0.005908266209303205,2.4656239999999974,0.09277552815266533,0.005867639601749923,0.0,0.0,0.0,-0.00836800000000008,0.0012428097199487123,7.860218826467866e-05
CYS 181,R CYS 181,0.0,0.0,0.0,-0.0003960000000000328,0.0004890644129355955,3.093114934819194e-05,-0.22263199999999994,0.04803674193781329,0.0030381103179444096,0.22256,0.04783352799031204,0.0030252579394160527,0.0,0.0,0.0,-0.0004679999999995411,0.0011318021028432902,7.158145011105862e-05
SER 182,R SER 182,0.0,0.0,0.0,-0.00036799999999999675,0.00048226133993924456,3.0500885233054834e-05,-1.26756,0.12886460491538718,0.008150113226207064,1.2641040000000001,0.12745052837866416,0.008060679173370115,0.0,0.0,0.0,-0.0038239999999996463,0.0017300358377789753,0.0001094170736219828
ASP 183,R ASP 183,0.0,0.0,0.0,-0.000599999999999957,0.0004898979485565996,3.098386676965706e-05,-2.9211399999999985,0.12376245149481405,0.007827424710594463,2.9111959999999977,0.12245631704417495,0.007744817514705816,0.0,0.0,0.0,-0.010543999999999856,0.0022786101026715066,0.00014411195647824165
ILE 184,R ILE 184,0.0,0.0,0.0,-0.0016119999999999904,0.0005267409230352069,3.331402107221413e-05,-2.5718480000000006,0.12398448651342377,0.007841467438176954,2.5604599999999995,0.12327283723513972,0.007796458785885103,0.0,0.0,0.0,-0.01300000000000005,0.0034211109306774737,0.00021637005338078456
LEU 185,R LEU 185,0.0,0.0,0.0,-0.0018159999999999882,0.0005640425515862955,3.567318320531426e-05,-2.3103439999999997,0.12681640928524016,0.008020573960509696,2.2946839999999997,0.12566950363552615,0.007948037278221465,0.0,0.0,0.0,-0.017476000000000394,0.002606419766652567,0.00016484446002213387
ARG 186,R ARG 186,0.0,0.0,0.0,-0.0014040000000000213,0.0004987825177369379,3.1545776262441144e-05,-1.0407880000000005,0.10214824059179729,0.006460421984978908,1.039884,0.10090834724640253,0.006382004244436242,0.0,0.0,0.0,-0.0023080000000001545,0.004216768430919474,0.00026669185214399843
LEU 187,R LEU 187,0.0,0.0,0.0,-0.004020000000000007,0.0010787029248129425,6.822316322188519e-05,-2.3494159999999997,0.17385001278114243,0.010995240232755879,2.3485280000000004,0.17386220180359654,0.010996011134223998,0.0,0.0,0.0,-0.0049080000000006835,0.008189477150588459,0.0005179480128353056
ILE 188,R ILE 188,0.0,0.0,0.0,-0.011731999999999994,0.0038204942088687697,0.00024162926975016753,-3.594616,0.26008167283372957,0.016449009276426486,3.606592000000001,0.2647854103533645,0.016746499757979233,0.0,0.0,0.0,0.00024400000000010636,0.013726487678936231,0.0008681393067935311
LYS 189,R LYS 189,0.0,0.0,0.0,-0.005439999999999981,0.0015252540771950379,9.64655378878921e-05,-0.9942639999999999,0.18288571924565383,0.011566708486687147,0.9811120000000001,0.1818280821435458,0.011499817643075918,0.0,0.0,0.0,-0.018591999999999914,0.00783284980067913,0.0004953929188028391
GLU 190,R GLU 190,0.0,0.0,0.0,-0.004620000000000016,0.0014379151574414894,9.09417395918944e-05,-2.992152000000001,0.21160607008305773,0.013383142963593558,2.982552,0.21079622220523364,0.01333192368655,0.0,0.0,0.0,-0.014219999999999733,0.006748896206047288,0.0004268376740635694
LEU 191,R LEU 191,0.0,0.0,0.0,-0.024480000000000026,0.013072474899574242,0.0008267759067607101,-2.225231999999999,0.44466129376864666,0.028122849512523206,2.2610399999999995,0.45133898391342103,0.02854518371985014,-4.2796799999999997e-05,0.0006753221131206648,4.271112063478363e-05,0.011285203199999648,0.02700346668591393,0.0017078491889593336
ALA 192,R ALA 192,0.0,0.0,0.0,-0.03133199999999998,0.016055334814322666,0.0010154285321971241,-0.05305199999999974,0.21826582255589094,0.01380434269293539,0.05622000000000002,0.21814955328856392,0.013796989178802743,-3.830400000000001e-06,6.044269249330311e-05,3.822731523839989e-06,-0.028167830400000326,0.01631546329553346,0.0010318805018952526
LYS 193,R LYS 193,0.0,0.0,0.0,-0.006683999999999965,0.0025534572641812683,0.00016149481725430184,-0.362292,0.1700838109168544,0.010757044712373428,0.369048,0.16712516775159886,0.010569923688655478,0.0,0.0,0.0,7.199999999994949e-05,0.007502187414347441,0.0004744799932557458
TYR 194,R TYR 194,0.0,0.0,0.0,-0.009887999999999989,0.00537730936435685,0.00034009090549439786,-0.013060000000000002,0.19037161658188495,0.0120401582049407,0.034959999999999936,0.18758809770345256,0.011864113013622226,0.0,0.0,0.0,0.012012000000000298,0.0176055632116673,0.0011134735847787554
GLU 195,R GLU 195,0.0,0.0,0.0,-0.045663999999999975,0.03668655208656169,0.002320261281838754,-3.710448000000001,0.43549981319856756,0.02754342660570665,3.7609239999999997,0.4486725645991749,0.028376544555248497,-0.00035349119999999963,0.002608169075930959,0.00016495509605516954,0.004458508800000195,0.014038795320020971,0.0008878913763235742
TYR 196,R TYR 196,0.0,0.0,0.0,-0.013355999999999972,0.005919904053276532,0.00037440760676033235,-0.7826440000000014,0.28802457753462196,0.018216273742343407,0.8074280000000001,0.29148624121217087,0.018435208576633992,0.0,0.0,0.0,0.011428000000000752,0.00848745050059134,0.0005367935021960984
MET 197,R MET 197,0.0,0.0,0.0,-0.032439999999999976,0.015578908819297924,0.0009852967065813194,-2.441063999999999,0.41123748358338386,0.026008942147191908,2.4665160000000013,0.4021419373106861,0.02543368929148831,0.0,0.0,0.0,-0.0069879999999994166,0.029778043186213868,0.0018833288146258668
GLU 198,R GLU 198,0.0,0.0,0.0,-0.009743999999999968,0.003273906535012901,0.00020706002994301127,-3.516403999999998,0.2755250565448122,0.017425734622565782,3.501408,0.2772359888903223,0.017533943485251106,0.0,0.0,0.0,-0.02473999999999973,0.009932995519982831,0.0006282177966278861
GLU 199,R GLU 199,0.0,0.0,0.0,-0.00631199999999998,0.003586454516650131,0.00022682729994425384,-2.5994839999999986,0.20469882692386102,0.012946290548879986,2.6019439999999983,0.20960003068704045,0.013256269892244696,0.0,0.0,0.0,-0.003851999999999605,0.005895599715041538,0.00037287046544341837
GLN 200,R GLN 200,0.0,0.0,0.0,-0.04242399999999994,0.04654249911639904,0.0029436061040839043,-1.2518080000000007,0.4259639833788739,0.026940327773506956,1.3147799999999998,0.44954807039959677,0.028431916403928937,-0.0010875168,0.004111593459684184,0.00026004000290507425,0.01946048319999967,0.029509511781635547,0.0018663453973908337
VAL 201,R VAL 201,0.0,0.0,0.0,-0.017028000000000015,0.010791997776130232,0.0006825458695208693,-2.1279760000000003,0.1788939781658326,0.011314248613849246,2.100247999999999,0.1655106597654829,0.01046781323792232,0.0,0.0,0.0,-0.0447560000000001,0.030872778689323935,0.00195256596713143
ILE 202,R ILE 202,0.0,0.0,0.0,-0.005495999999999993,0.0032301677974990867,0.0002042937492925332,-1.1022520000000005,0.07258680662487628,0.004590792740256168,1.1075720000000004,0.07291560063525047,0.004611587499332237,0.0,0.0,0.0,-0.00017600000000030748,0.005347992520563316,0.0003382367454904991
LEU 203,R LEU 203,0.0,0.0,0.0,-0.00315200000000001,0.001252555787180761,7.921858367832678e-05,-1.583168,0.13472488922244508,0.008520750149135954,1.5846959999999994,0.13400893844815445,0.008475469446349564,0.0,0.0,0.0,-0.001623999999999775,0.0025350786970030725,0.0001603324546060316
THR 204,R THR 204,0.0,0.0,0.0,-0.0009080000000000093,0.000414169047612209,2.6194350535946048e-05,-1.319943999999999,0.0944793144767897,0.0059753965103595,1.3170960000000007,0.09403500828945432,0.0059472961197497955,0.0,0.0,0.0,-0.0037559999999997942,0.0014115466694366657,8.927404998089296e-05
GLU 205,R GLU 205,0.0,0.0,0.0,-0.00040799999999997907,0.0004914631217090195,3.1082857011540915e-05,-1.950015999999999,0.09984271502721338,0.006314607745222293,1.9443399999999997,0.0990281192389254,0.006263088183954886,0.0,0.0,0.0,-0.006083999999999992,0.001263702496634058,7.992356348409777e-05
LYS 206,R LYS 206,0.0,0.0,0.0,-0.00021599999999999042,0.0004115142767875558,2.6026448086512696e-05,-0.16007600000000058,0.06149053767857224,0.00388900307225382,0.16202400000000006,0.06088322777251543,0.003850593421279372,0.0,0.0,0.0,0.0017320000000001095,0.0010752562485282489,6.800517627354681e-05
ASP 207,R ASP 207,0.0,0.0,0.0,-0.0004279999999999937,0.0004947888438515887,3.129319414824839e-05,-2.1303080000000003,0.10200665241052279,0.006451467162127143,2.1272159999999998,0.10151552267509985,0.006420405390315696,0.0,0.0,0.0,-0.0035199999999999676,0.0011285388783736862,7.137506567425175e-05
LEU 208,R LEU 208,0.0,0.0,0.0,-0.0004919999999999814,0.0004999359959034555,3.161872862719055e-05,-1.2378319999999998,0.07089453981796187,0.00448376438988517,1.2369599999999996,0.07055045286885843,0.004462002420439063,0.0,0.0,0.0,-0.0013639999999998907,0.0012551908221463768,7.938523792243738e-05
LEU 209,R LEU 209,0.0,0.0,0.0,-0.0002559999999999807,0.00043642181430351447,2.7601739075643136e-05,-1.102476,0.06855358067964674,0.00433570913415595,1.0999119999999998,0.06822656561780048,0.0043150268856636505,0.0,0.0,0.0,-0.002820000000000192,0.0009610411021395036,6.0781576155987e-05
GLU 210,R GLU 210,0.0,0.0,0.0,-0.000152000000000001,0.00035902089075707253,2.2706474847496853e-05,-1.494235999999999,0.049836335178294014,0.003151926587979654,1.4922360000000001,0.049656704522160214,0.0031405657477601876,0.0,0.0,0.0,-0.0021519999999997166,0.0007435697680775938,4.702748132736716e-05
ASP 211,R ASP 211,0.0,0.0,0.0,-0.000263999999999978,0.00044079927404655245,2.7878593938717042e-05,-2.032143999999999,0.09612734919889034,0.006079627378057113,2.030716000000001,0.09595600733668226,0.0060687907671948685,0.0,0.0,0.0,-0.0016919999999998653,0.0009322746376470354,5.896222519545582e-05
GLY 212,R GLY 212,0.0,0.0,0.0,-0.0005520000000000139,0.0004972886485734528,3.1451295680783075e-05,0.16537999999999983,0.09995612837640291,0.006321780635232431,-0.16021599999999997,0.09946726770149067,0.006290862371408234,0.0,0.0,0.0,0.00461199999999972,0.0013525738427163352,8.554428093099932e-05
PHE 213,R PHE 213,0.0,0.0,0.0,-0.0002599999999999989,0.0004386342439892244,2.7741665415039412e-05,-0.043440000000000395,0.034753739367153605,0.002198019472161284,0.04404800000000007,0.03465979942238549,0.002192078188386531,0.0,0.0,0.0,0.0003479999999997072,0.000873439179336087,5.5241144086606214e-05
GLY 214,R GLY 214,0.0,0.0,0.0,-0.00012399999999999523,0.00032958155288181966,2.0844567637635632e-05,-0.032796000000000505,0.12069801317337445,0.0076336126136974155,0.03408800000000007,0.12025270165780068,0.007605448640547122,0.0,0.0,0.0,0.0011679999999994752,0.000873942789889873,5.527299521467946e-05
GLU 215,R GLU 215,0.0,0.0,0.0,-0.00010799999999999966,0.00031038041175306054,1.9630180844811328e-05,-1.460524,0.0724417657432571,0.0045816195494610586,1.4582159999999997,0.07209799819690323,0.004559877780818543,0.0,0.0,0.0,-0.0024159999999997126,0.0007661227055767483,4.845385433586216e-05
HID 216,R HID 216,0.0,0.0,0.0,-0.00015199999999999925,0.0003590208907570683,2.2706474847496585e-05,-0.28432000000000035,0.05535906068567348,0.003501214417884217,0.285828,0.055103306761028474,0.0034850391194361113,0.0,0.0,0.0,0.0013559999999996108,0.0008032832626171815,5.080409432322965e-05
PRO 217,R PRO 217,0.0,0.0,0.0,-0.0003520000000000092,0.00047759396981118997,3.020569482730115e-05,-2.866043999999999,0.08693888694942911,0.005498498000001679,2.8646440000000024,0.08678108817010832,0.00548851792890872,0.0,0.0,0.0,-0.001751999999999839,0.0011324733992461814,7.162390662342292e-05
PHE 218,R PHE 218,0.0,0.0,0.0,-0.001123999999999981,0.000434308646011118,2.7468090577978703e-05,-0.8109920000000002,0.10419009519143073,0.006589560208693565,0.8185359999999996,0.10263056418046705,0.006490926807167361,0.0,0.0,0.0,0.006419999999999881,0.0036369767664906605,0.00023002260758449688
TYR 219,R TYR 219,0.0,0.0,0.0,-0.0012800000000000083,0.00046647615158763455,2.9502542263337904e-05,-0.03567999999999995,0.07808053278506777,0.0049382464904052905,0.052672000000000004,0.07585098823350947,0.004797237711850432,0.0,0.0,0.0,0.01571199999999966,0.00462569519099615,0.0002925546513047086
HIE 220,R HIE 220,0.0,0.0,0.0,-0.0016839999999999984,0.0004818132418271854,3.0472545020068267e-05,-1.5629280000000008,0.12143769931942926,0.007680394473201519,1.5441559999999996,0.1175124319550956,0.007432138767273113,0.0,0.0,0.0,-0.02045599999999958,0.006254603424678705,0.0003955758536614821
CYS 221,R CYS 221,0.0,0.0,0.0,-0.0012919999999999917,0.00045468230667133403,2.8756634017211755e-05,1.0046200000000003,0.07979190184473749,0.005046482973319229,-0.9717480000000006,0.07528163451997029,0.004761228621269255,0.0,0.0,0.0,0.03157999999999949,0.008619721573229003,0.0005451590593578702
LEU 222,R LEU 222,0.0,0.0,0.0,-0.0013599999999999728,0.0005043808085167262,3.189984325980217e-05,-2.0673800000000004,0.12440432307600936,0.00786802023383268,2.0515280000000002,0.1220641520512757,0.0077200148227829085,0.0,0.0,0.0,-0.017212000000000557,0.0044044359457252906,0.0002785609879361935
VAL 223,R VAL 223,0.0,0.0,0.0,-0.0006719999999999695,0.0004694848240358563,2.969282741673342e-05,-1.5938559999999995,0.07794523246486594,0.004929689346805533,1.5880599999999994,0.07689473584064829,0.004863250106668618,0.0,0.0,0.0,-0.00646799999999989,0.002264724265776852,0.00014323373904214748
ALA 224,R ALA 224,0.0,0.0,0.0,-0.0004520000000000124,0.0004976906669810201,3.147672155736761e-05,-0.16449999999999984,0.051562951816202074,0.0032611274124142876,0.16262400000000005,0.050730687202126305,0.0032084903764854782,0.0,0.0,0.0,-0.002327999999999711,0.001591356653927654,0.00010064623192151446
GLU 225,R GLU 225,0.0,0.0,0.0,-0.00015999999999999836,0.0003666060555964635,2.3186202793902867e-05,-1.6478919999999995,0.08410512669272825,0.005319275264920916,1.6434520000000012,0.08337682949114998,0.005273213705510634,0.0,0.0,0.0,-0.004599999999999946,0.0010119288512545606,6.400000000004296e-05
VAL 226,R VAL 226,0.0,0.0,0.0,-0.00010399999999999209,0.0003052605444533995,1.9306372005116433e-05,-1.3809039999999995,0.05120022249953384,0.0032381863961185257,1.3779399999999997,0.05078094524524013,0.0032116689742251307,0.0,0.0,0.0,-0.0030680000000001045,0.0008386751456914658,5.304247354717167e-05
PRO 227,R PRO 227,0.0,0.0,0.0,-5.9999999999996945e-05,0.00023748684174074625,1.5019986684414106e-05,-2.5125799999999985,0.08810296022272429,0.005572120458140487,2.5076799999999992,0.08750488900633231,0.005534295113204766,0.0,0.0,0.0,-0.004960000000000377,0.0008754427451298928,5.536786071361481e-05
LYS 228,R LYS 228,0.0,0.0,0.0,-6.399999999999828e-05,0.0002447529366524471,1.5479534876732802e-05,-0.3587759999999995,0.03336833564923444,0.0021103988476114843,0.35808,0.03329266585901345,0.0021056130698681747,0.0,0.0,0.0,-0.000759999999999553,0.000631189353523032,3.9919919839640114e-05
GLH 229,R GLH 229,0.0,0.0,0.0,0.0,0.0,0.0,0.0,0.0,0.0,0.0,0.0,0.0,0.0,0.0,0.0,0.0,0.0,0.0
HIE 230,R HIE 230,0.0,0.0,0.0,-3.999999999999826e-05,0.00019595917942264574,1.2393546707863196e-05,-0.6125959999999997,0.03471565617988607,0.0021956108799148014,0.6113880000000004,0.03448149439916042,0.002180801188553722,0.0,0.0,0.0,-0.001247999999999884,0.0006652037281914784,4.207117778241262e-05
TRP 231,R TRP 231,0.0,0.0,0.0,-6.80000000000085e-05,0.00025174590364098446,1.5921808942455734e-05,-0.17187999999999948,0.030371987093372663,0.0019208931256058945,0.17257599999999995,0.03026053905666605,0.0019138445328709555,0.0,0.0,0.0,0.0006280000000005011,0.0006462321564265593,4.087131023100292e-05
THR 232,R THR 232,0.0,0.0,0.0,-8.400000000000407e-05,0.00027738781516138645,1.7543545821755362e-05,-0.4006680000000006,0.03960613306041923,0.0025049117956524,0.4010960000000001,0.03934949534619171,0.0024886806014432334,0.0,0.0,0.0,0.00034399999999984134,0.0006997599588427945,4.4256705706578276e-05
PRO 233,R PRO 233,0.0,0.0,0.0,-4.4000000000001374e-05,0.0002050950998927147,1.2971353052014678e-05,-2.2624679999999984,0.06129203028136412,0.0038764483621024316,2.259112000000002,0.06090165396761046,0.00385175879618159,0.0,0.0,0.0,-0.0033999999999997925,0.0007155417527997192,4.525483399592554e-05
GLU 234,R GLU 234,0.0,0.0,0.0,-4.3999999999997376e-05,0.00020509509989269608,1.29713530520135e-05,-1.3326280000000013,0.07002023718895665,0.004428468636446576,1.330939999999999,0.06971439162758018,0.004409125264722527,0.0,0.0,0.0,-0.0017320000000001841,0.0006543515874511679,4.138482813785087e-05
GLY 235,R GLY 235,0.0,0.0,0.0,-7.199999999999918e-05,0.0002584879107424533,1.6348210911289163e-05,0.040115999999999645,0.044532398812549966,0.0028164761983727124,-0.039556000000000015,0.04430330533944391,0.002801987054930839,0.0,0.0,0.0,0.0004879999999995128,0.00064641782153684,4.088305272361319e-05
HIE 236,R HIE 236,0.0,0.0,0.0,-9.200000000000763e-05,0.000289025950392026,1.827960612267276e-05,-0.2945440000000001,0.053546989308457436,0.0033866089611882004,0.29599200000000003,0.053192404871372445,0.0033641830723074554,0.0,0.0,0.0,0.0013559999999997639,0.0008421781284265697,5.3264021628115155e-05
SER 237,R SER 237,0.0,0.0,0.0,-0.00014800000000000146,0.00035509998591946255,2.245849505198445e-05,-0.6942839999999999,0.045071713346617075,0.002850585444430403,0.6940880000000003,0.0448468533567211,0.0028363640499761288,0.0,0.0,0.0,-0.0003439999999994967,0.0008010393248775261,5.066217523953123e-05
ILE 238,R ILE 238,0.0,0.0,0.0,-0.00029999999999999184,0.00045825756949557136,2.8982753492378078e-05,-1.3415680000000008,0.07316675048132674,0.004627471610284272,1.3434799999999996,0.07260469406312617,0.004591924041183673,0.0,0.0,0.0,0.001611999999999732,0.0020893673683677364,0.0001321431950574818
VAL 239,R VAL 239,0.0,0.0,0.0,-0.000764000000000018,0.0004339400880306019,2.7444780924613448e-05,-2.0470879999999996,0.11153926777597717,0.007054362694390228,2.0412519999999996,0.11042157622495281,0.006983673673934963,0.0,0.0,0.0,-0.006600000000000193,0.002051341024792832,0.00012973819792178566
GLY 240,R GLY 240,0.0,0.0,0.0,-0.0016880000000000165,0.0005715382751837193,3.6147254390892864e-05,0.7839520000000001,0.10560972349173411,0.0066793453858894096,-0.7607719999999996,0.10216598267525571,0.006461544092862217,0.0,0.0,0.0,0.021492000000000032,0.007948958170728842,0.0005027362568981744
PHE 241,R PHE 241,0.0,0.0,0.0,-0.006524000000000013,0.0019187037290837581,0.00012134947877926662,-1.0597399999999992,0.1832208514334544,0.011587904107300848,1.0706839999999997,0.18430279472650482,0.011656332209404496,0.0,0.0,0.0,0.0044200000000006534,0.010868100109955052,0.0006873590037236874
ALA 242,R ALA 242,0.0,0.0,0.0,-0.008735999999999973,0.002094350495977259,0.000132458355719829,1.2902119999999997,0.17011727441973484,0.010759161130125225,-1.2117000000000004,0.15525301285321075,0.009819062684390853,0.0,0.0,0.0,0.06977600000000002,0.03224874918504545,0.002039589982324849
MET 243,R MET 243,0.0,0.0,0.0,-0.019140000000000032,0.003846088922528983,0.00024324802157468952,-2.5438959999999984,0.3297934462417427,0.02085796895040409,2.497732,0.31480151870027734,0.019909796199459307,0.0,0.0,0.0,-0.06530399999999983,0.02817593980686354,0.0017820029001098705
TYR 244,R TYR 244,0.0,0.0,0.0,-0.006491999999999973,0.0012782550606197484,8.084394844390016e-05,-0.5775119999999995,0.10765597919298382,0.0068087619597104925,0.5817080000000002,0.10473837279621838,0.006624236329117378,0.0,0.0,0.0,-0.0022959999999996937,0.007628917616543115,0.0004824951150011858
TYR 245,R TYR 245,0.0,0.0,0.0,-0.0025999999999999747,0.0005932958789676968,3.75233260785902e-05,-1.1042359999999996,0.11001034634978436,0.0069576652129861825,1.0892240000000002,0.10744314693827275,0.006795301266021771,0.0,0.0,0.0,-0.01761199999999977,0.00567709925930445,0.0003590512832451383
PHE 246,R PHE 246,0.0,0.0,0.0,-0.0008360000000000411,0.00040137762767748775,2.5385350105918017e-05,-0.5354040000000003,0.09513208072989672,0.0060166810731497435,0.5370400000000002,0.09462616128745642,0.005984683918136268,0.0,0.0,0.0,0.0008000000000004057,0.0017595453958343602,0.00011128342194598252
THR 247,R THR 247,0.0,0.0,0.0,-0.0005239999999999885,0.0004994236678412306,3.158632615547353e-05,-0.8718359999999993,0.08128183747923677,0.005140714776760547,0.8668199999999991,0.08026518298740595,0.005076415901008018,0.0,0.0,0.0,-0.005539999999999521,0.0017528262891688664,0.00011085846832789093
TYR 248,R TYR 248,0.0,0.0,0.0,-0.00025999999999998556,0.0004386342439892019,2.774166541503799e-05,-0.620464,0.10403815023346084,0.006579950365770298,0.6194319999999995,0.10362932681437488,0.006554094102467714,0.0,0.0,0.0,-0.0012920000000000726,0.0008710545333100639,5.509032582949617e-05
ASP 249,R ASP 249,0.0,0.0,0.0,-0.0001319999999999917,0.0003384907679686192,2.1408035874408057e-05,-1.9127320000000014,0.08459846438320337,0.005350476680071087,1.9093520000000002,0.0842104749778775,0.005325938075494206,0.0,0.0,0.0,-0.0035119999999997163,0.0007757937870338166,4.9065507232689274e-05
PRO 250,R PRO 250,0.0,0.0,0.0,-5.1999999999992495e-05,0.00022202702538201465,1.4042222046383654e-05,-2.3553759999999992,0.07338906338141066,0.004641531912634324,2.3509560000000005,0.0729287464858583,0.0046124189159262585,0.0,0.0,0.0,-0.004471999999999823,0.0008007596393423298,5.064448637313476e-05
TRP 251,R TRP 251,0.0,0.0,0.0,-6.000000000000227e-05,0.00023748684174076736,1.501998668441544e-05,-0.1217480000000001,0.021624349608717456,0.001367643953666361,0.12240400000000001,0.021488061429547404,0.0013590243323796712,0.0,0.0,0.0,0.0005960000000000907,0.0006578632076658249,4.160692250096699e-05
ILE 252,R ILE 252,0.0,0.0,0.0,-0.00010800000000000498,0.0003103804117530759,1.96301808448123e-05,-1.047275999999999,0.07386316960435642,0.004671517022981688,1.0463159999999991,0.07350809577183669,0.004649060182015937,0.0,0.0,0.0,-0.0010679999999997315,0.0007479144336084439,4.7302262102349375e-05
GLY 253,R GLY 253,0.0,0.0,0.0,-0.00016800000000001346,0.0003738662862575636,2.3645380098448194e-05,-0.33464000000000027,0.04678100469207509,0.002958690521159624,0.3338120000000001,0.04652303360701981,0.0029423749971748295,0.0,0.0,0.0,-0.0009960000000004978,0.0007615668059999518,4.816571394678867e-05
LYS 254,R LYS 254,0.0,0.0,0.0,-0.00018000000000000681,0.0003841874542459856,2.4298148077580834e-05,-0.14765199999999998,0.03299216416060018,0.0020866076737134764,0.15177600000000002,0.032933111362275065,0.0020828728468151973,0.0,0.0,0.0,0.003943999999999922,0.001316382923013134,8.325536619343171e-05
LEU 255,R LEU 255,0.0,0.0,0.0,-0.0006520000000000082,0.0004763360158543597,3.0126134833397054e-05,-1.1361000000000003,0.09356222528349509,0.005917394696992753,1.1423079999999997,0.09355852251932763,0.0059171605136246,0.0,0.0,0.0,0.00555599999999972,0.0027566037074627943,0.0001743429264409385
LEU 256,R LEU 256,0.0,0.0,0.0,-0.002019999999999989,0.0006289674077406313,3.9779391649444294e-05,-1.4903560000000007,0.16623952978759196,0.010513911025683957,1.4926799999999998,0.16616986971169156,0.01050950533564745,0.0,0.0,0.0,0.00030399999999940875,0.006758371401454783,0.0004274369380388264
TYR 257,R TYR 257,0.0,0.0,0.0,-0.008300000000000004,0.001996496932128896,0.00012626955294131828,-0.25185600000000014,0.19830901962341543,0.012542163651300387,0.287368,0.19019646835837933,0.0120290808586525,0.0,0.0,0.0,0.027212000000000205,0.0334682992696066,0.002116721102082133
LEU 258,R LEU 258,0.0,0.0,0.0,-0.0928199999999999,0.038288217508784736,0.0024215594975139556,-3.349200000000001,0.6190899837664928,0.0391546885059757,3.5265519999999984,0.659671881541122,0.04172131308077463,-0.003271622400000001,0.004296061681584455,0.0002717067976475985,0.08126037759999959,0.06794465091091116,0.00429719703407027
GLU 259,R GLU 259,0.0,0.0,0.0,-0.17327999999999993,0.4693342791657137,0.02968330612313932,-12.701464000000001,2.2421820837532187,0.1418080462696518,11.725295999999998,1.356262446720438,0.08577756873178696,-0.0934566624,0.024344192199338845,0.0015396619029362912,-1.242904662400001,0.9225180710014984,0.058345165740593306
ASP 260,R ASP 260,0.0,0.0,0.0,-0.39108800000000005,0.15492072894225584,0.009798047204621931,-4.335324,0.4659949130881074,0.02947210606821255,4.313968000000001,0.3658812033652204,0.023140359113547202,-0.023883926399999974,0.013848161478608791,0.0008758346335641778,-0.4363279264000003,0.3151988151095974,0.019934923430652465
PHE 261,R PHE 261,0.0,0.0,0.0,-0.21978399999999998,0.09756532859576719,0.006170573180507635,-2.043652000000001,0.49659201251731644,0.03140723654803132,2.0745,0.45418498654182976,0.028725180730502085,-0.0019169568000000012,0.0040964578304742445,0.0002590827416626106,-0.1908529568000007,0.1560054538983415,0.009866651234543066
PHE 262,R PHE 262,0.0,0.0,0.0,-0.021591999999999993,0.009898764367333945,0.0006260528284418184,-0.569836,0.13921618118595194,0.008804804393965785,0.5555559999999998,0.13171912110244346,0.008330648681585407,0.0,0.0,0.0,-0.0358719999999999,0.026021522169158044,0.0016457455647820942
VAL 263,R VAL 263,0.0,0.0,0.0,-0.003967999999999994,0.0012708170600051157,8.037352798030073e-05,-2.843784000000001,0.2027968277463798,0.012825997558707836,2.822160000000001,0.19741051238470955,0.012485337063931205,0.0,0.0,0.0,-0.025592000000000205,0.010113828948524112,0.000639654706853641
MET 264,R MET 264,0.0,0.0,0.0,-0.0013079999999999793,0.0005187831917092317,3.281072995225906e-05,-0.7351199999999998,0.09699675046103302,0.006134613141837034,0.7353479999999993,0.09640188222229285,0.006096990370994798,0.0,0.0,0.0,-0.0010799999999999733,0.00245470975881091,0.00015524947664970104
SER 265,R SER 265,0.0,0.0,0.0,-0.0007160000000000046,0.000468341755558911,2.9620533418559683e-05,-0.7222199999999998,0.07668916220692744,0.004850248488479916,0.7218399999999999,0.07609182873344375,0.004812469802502551,0.0,0.0,0.0,-0.001095999999999883,0.0011725118336290573,7.415615955536463e-05
ASP 266,R ASP 266,0.0,0.0,0.0,-0.00028399999999999357,0.0004509368026675034,2.8519747544464057e-05,-1.900196000000001,0.07651408748717217,0.00483917579097707,1.8966360000000002,0.07616271728345793,0.0048169531880639825,0.0,0.0,0.0,-0.003844000000000022,0.000935769202314606,5.918324087106126e-05
TYR 267,R TYR 267,0.0,0.0,0.0,-0.00032400000000001227,0.00046800000000001745,2.9598918899177134e-05,-0.25486799999999976,0.08434089503912066,0.005334186564416347,0.2582079999999997,0.08393724284249604,0.005308657357939069,0.0,0.0,0.0,0.003016000000000215,0.001141816097276731,7.221479072877704e-05
ARG 268,R ARG 268,0.0,0.0,0.0,-0.0004520000000000124,0.0004976906669810201,3.147672155736761e-05,-0.253984,0.05518883713215836,0.0034904485350739103,0.254788,0.05476435935898516,0.0034636022034870376,0.0,0.0,0.0,0.0003520000000004195,0.0010752190474498323,6.80028234707626e-05
GLY 269,R GLY 269,0.0,0.0,0.0,-0.00027200000000000737,0.00044498988752556017,2.8143631606458376e-05,0.3746320000000002,0.044152560242867206,0.0027924530979051504,-0.37196400000000013,0.043738160729503046,0.0027662441714352277,0.0,0.0,0.0,0.0023959999999996493,0.0008192582010582088,5.181443814232217e-05
PHE 270,R PHE 270,0.0,0.0,0.0,-0.00018799999999999527,0.00039071217027370983,2.471080735224913e-05,0.035952,0.03957339631621193,0.0025028413421549324,-0.03341200000000002,0.03924347405620454,0.00248197522630666,0.0,0.0,0.0,0.0023520000000001725,0.0008877477119091444,5.614609514471763e-05
GLY 271,R GLY 271,0.0,0.0,0.0,-0.0002720000000000002,0.0004449898875255485,2.8143631606457637e-05,0.12991200000000003,0.06009080009452365,0.0038004758944111218,-0.12796000000000002,0.059591798093361764,0.0037689162367980505,0.0,0.0,0.0,0.0016800000000001592,0.0010888526071053787,6.886508549330873e-05
ILE 272,R ILE 272,0.0,0.0,0.0,-0.000588000000000017,0.0005002559344975442,3.163896332056481e-05,-1.4293479999999992,0.1017000437364832,0.006432075526920559,1.4294599999999997,0.10164825822413433,0.006428800323544134,0.0,0.0,0.0,-0.0004759999999997362,0.002583297118025707,0.000163382055318201
GLY 273,R GLY 273,0.0,0.0,0.0,-0.0014880000000000067,0.0006146999267935313,3.887703692412644e-05,-0.19005999999999962,0.09471000158378227,0.005989986444058131,0.19460399999999997,0.09556509396217863,0.006044067234569792,0.0,0.0,0.0,0.0030559999999996705,0.0021384255890723935,0.00013524590936512073
SER 274,R SER 274,0.0,0.0,0.0,-0.0006880000000000237,0.00048026659263372733,3.037472633621647e-05,-1.0407120000000005,0.10565796257736251,0.006682396293546003,1.0368479999999995,0.10486765419327868,0.0066324128025933606,0.0,0.0,0.0,-0.00455200000000061,0.0016873932558837523,0.00010672011993999951
GLU 275,R GLU 275,0.0,0.0,0.0,-0.00042399999999999063,0.0004941902467673642,3.1255335544510686e-05,-1.799848000000001,0.10488031700944395,0.006633213669406846,1.7981280000000004,0.10468734219569448,0.006621008870556944,0.0,0.0,0.0,-0.002144000000000311,0.0016574872548529816,0.00010482869836070795
ILE 276,R ILE 276,0.0,0.0,0.0,-0.0010759999999999366,0.0004268770314739372,2.6998074005380516e-05,-1.4542119999999992,0.12402325207799152,0.007843919187753283,1.456944000000001,0.12449249320339456,0.007873596602315168,0.0,0.0,0.0,0.0016560000000008586,0.004221097487619936,0.00026696564572986794
LEU 277,R LEU 277,0.0,0.0,0.0,-0.0012200000000000078,0.0005095095681142776,3.2224214497796385e-05,-1.3402680000000002,0.09607553370134943,0.006076350278250631,1.332436000000001,0.09436383790412943,0.005968093130639573,0.0,0.0,0.0,-0.009052000000000575,0.003339655072008742,0.0002112183325376253
LYS 278,R LYS 278,0.0,0.0,0.0,-0.00044000000000000484,0.0004963869458396386,3.139426699255801e-05,-0.31276800000000016,0.05349020635593011,0.003383017691943089,0.3117079999999999,0.05268099027163416,0.0033318383730307284,0.0,0.0,0.0,-0.001499999999999905,0.001813835714721913,0.00011471704319761301
ASN 279,R ASN 279,0.0,0.0,0.0,-0.000376000000000019,0.000484380016103083,3.063488207909559e-05,0.3039120000000001,0.0501267219754096,0.0031702922616061832,-0.29562400000000005,0.049357903359036386,0.0031216679029006113,0.0,0.0,0.0,0.007911999999999957,0.002289160544828752,0.0001447792250290168
LEU 280,R LEU 280,0.0,0.0,0.0,-0.0007760000000000211,0.0004447740999653763,2.8129984002840142e-05,-1.065547999999999,0.0804420766514722,0.005087603638650059,1.06794,0.08004478996162777,0.005062477022170513,0.0,0.0,0.0,0.001615999999999854,0.0024634414951438172,0.00015580172014450168
SER 281,R SER 281,0.0,0.0,0.0,-0.0004120000000000452,0.0004921950832749676,3.11291503257029e-05,-0.7614199999999993,0.05246091497486252,0.003317919589140011,0.7585919999999996,0.052073040395206494,0.003293388246776142,0.0,0.0,0.0,-0.003239999999999437,0.0016292329483538093,0.00010304173911579029
GLN 282,R GLN 282,0.0,0.0,0.0,-0.00018800000000001305,0.0003907121702737467,2.471080735225146e-05,-0.25172800000000056,0.033643513728504354,0.00212780263746435,0.25314799999999993,0.03329573690429532,0.002105807299825939,0.0,0.0,0.0,0.0012319999999994664,0.0009809057039283883,6.203792388528962e-05
VAL 283,R VAL 283,0.0,0.0,0.0,-0.00021199999999997577,0.0004087248463208004,2.5850029013520422e-05,-1.2222999999999997,0.05660284445150547,0.0035798782102196293,1.2238399999999994,0.056625704410642325,0.0035813240009814457,0.0,0.0,0.0,0.001327999999999811,0.0013403044430276671,8.476829596021628e-05
ALA 284,R ALA 284,0.0,0.0,0.0,-0.00025999999999998735,0.0004386342439892048,2.7741665415038172e-05,0.27414400000000044,0.04603958366449439,0.0029117989381136733,-0.269752,0.04524867396952063,0.002861777416921151,0.0,0.0,0.0,0.0041320000000005285,0.0014541581757152387,9.196903826831008e-05
MET 285,R MET 285,0.0,0.0,0.0,-0.00017199999999999881,0.00037738044464439083,2.3867634989667337e-05,-0.49600800000000006,0.03904079835249396,0.0024691568893046023,0.49498800000000037,0.0389277774346279,0.0024620088188306113,0.0,0.0,0.0,-0.0011920000000000997,0.0008456571409261042,5.348405369824965e-05
ARG 286,R ARG 286,0.0,0.0,0.0,-5.6000000000003604e-05,0.00022992172581121344,1.4541526742403195e-05,-0.18574400000000002,0.025681714584505584,0.0016242542461080492,0.18714000000000003,0.02541339017132504,0.0016072839201584767,0.0,0.0,0.0,0.0013399999999997901,0.0007644605941444921,4.834873317884347e-05
CYS 287,R CYS 287,0.0,0.0,0.0,-9.999999999999254e-05,0.00029999999999997764,1.8973665961008862e-05,0.14378800000000025,0.04567948178340057,0.002889024095434321,-0.14285599999999996,0.045389109530811524,0.0028706593416844193,0.0,0.0,0.0,0.0008320000000002316,0.0009142078538279561,5.78195814582125e-05
ARG 288,R ARG 288,0.0,0.0,0.0,-0.00012399999999999523,0.00032958155288181966,2.0844567637635632e-05,-0.38884000000000046,0.03602952122912449,0.002278707001788455,0.3894800000000004,0.03583263317145168,0.0022662547076618017,0.0,0.0,0.0,0.000515999999999277,0.0007278351461703897,4.6032336460400206e-05
CYS 289,R CYS 289,0.0,0.0,0.0,-0.0001399999999999988,0.0003469870314579465,2.1945386758952136e-05,0.5055880000000003,0.07494047141565113,0.004739651572004012,-0.499892,0.0744052171289082,0.004705799118534481,0.0,0.0,0.0,0.005556000000000448,0.0012581192312335631,7.957044677516225e-05
SER 290,R SER 290,0.0,0.0,0.0,-0.0001519999999999939,0.0003590208907570557,2.270647484749579e-05,-0.6495639999999997,0.04694019497190123,0.002968758598471827,0.6513920000000003,0.046850723964520335,0.00296309995511436,0.0,0.0,0.0,0.001675999999999732,0.0010445209428251296,6.60613048614784e-05
SER 291,R SER 291,0.0,0.0,0.0,-0.0005960000000000019,0.0004906974628016738,3.103443249038075e-05,-0.7510279999999997,0.05842372134673327,0.003695040576773542,0.7579639999999999,0.05833889529293815,0.003689675706075211,0.0,0.0,0.0,0.006340000000000536,0.0027626798583979656,0.00017472721596818058
MET 292,R MET 292,0.0,0.0,0.0,-0.0019159999999999711,0.0006106914114346217,3.8623516152728014e-05,-0.5052799999999997,0.07155647839294478,0.004525629061246613,0.5269560000000001,0.07020223688743865,0.004439979308059916,0.0,0.0,0.0,0.019760000000000624,0.012456580590193923,0.0007878233304491458
HIP 293,R HIP 293,0.0,0.0,0.0,-0.010911999999999963,0.0036737250849784723,0.0002323467753165521,1.4700760000000017,0.16263145521084557,0.010285716353078627,-1.3996159999999997,0.14013203967687118,0.008862728370879975,0.0,0.0,0.0,0.0595480000000007,0.03717159797479801,0.002350938277369278
PHE 294,R PHE 294,0.0,0.0,0.0,-0.06616399999999999,0.029997618305458853,0.0018972159645122113,1.502164,0.5208038336110811,0.03293852656716743,-1.2120640000000007,0.33518428946476375,0.02119891581227668,0.0,0.0,0.0,0.2239359999999999,0.18983518089121423,0.012006231032926199
LEU 295,R LEU 295,0.0,0.0,0.0,-0.487316,0.23565607173166578,0.014904198622401678,-4.2013159999999985,1.2691779513307113,0.08026986164542758,4.643312,1.2583614197264668,0.07958576412037542,-0.04321687679999999,0.016023911872404404,0.0010134411708522264,-0.08853687680000095,0.2539684696275168,0.01606237635780496
VAL 296,R VAL 296,0.0,0.0,0.0,-0.1432520000000001,0.042157093068663665,0.002666248672573487,-3.826380000000002,0.43497947951597127,0.027510517814100504,3.7422079999999993,0.38657952963912684,0.024449436209124212,-0.0006868512000000003,0.0016223481092103996,0.00010260630365544915,-0.2281108511999999,0.13123152643922842,0.008299810487371361
ALA 297,R ALA 297,0.0,0.0,0.0,-0.05817999999999999,0.012623295924599055,0.0007983673340010828,1.0369560000000002,0.32703474137161526,0.02068349313476805,-1.0980599999999996,0.31897786819778007,0.020173931733799475,-6.500160000000001e-05,0.00044368145726122023,2.8060879210562165e-05,-0.11934900160000075,0.043731210707304215,0.002765804613436487
GLU 298,R GLU 298,0.0,0.0,0.0,-0.008931999999999997,0.0014884139209238648,9.413556182442325e-05,-2.3550800000000005,0.14924013401225888,0.009438774835750029,2.3524959999999995,0.14683310929079807,0.009286541225667057,0.0,0.0,0.0,-0.011516000000000247,0.009163937145136195,0.0005795782742650278
TRP 299,R TRP 299,0.0,0.0,0.0,-0.005976000000000013,0.001323413767496781,8.370003584228681e-05,0.07881599999999994,0.24879682904731729,0.015735293088341255,-0.06348000000000005,0.24983916746579185,0.015801216358242803,0.0,0.0,0.0,0.009359999999999829,0.003698432100227929,0.000233909384164008
ASN 300,R ASN 300,0.0,0.0,0.0,-0.007255999999999968,0.0017794560966767,0.00011254268523542306,0.2981679999999998,0.28248151050289966,0.01786569940147878,-0.2722239999999999,0.27942199953475394,0.017672198937766635,0.0,0.0,0.0,0.0186879999999994,0.006099070093054369,0.0003857390620613382
GLU 301,R GLU 301,0.0,0.0,0.0,-0.002951999999999993,0.0007626899763337672,4.823674947589244e-05,-2.6443760000000003,0.20053056281774329,0.01268266637959083,2.632504000000001,0.19755969726641295,0.012494772344304114,0.0,0.0,0.0,-0.014823999999998989,0.004183900572432316,0.00026461310625136813
PRO 302,R PRO 302,0.0,0.0,0.0,-0.0019039999999999927,0.0006684190302497265,4.227453133980245e-05,-3.731268000000001,0.18669835611486682,0.011807840814644078,3.7191160000000028,0.185415162659305,0.01172668453468013,0.0,0.0,0.0,-0.014056000000000039,0.0028462016794313007,0.0001800095997439865
SER 303,R SER 303,0.0,0.0,0.0,-0.006588000000000001,0.002430278996329413,0.0001537043395613787,-1.005632000000001,0.30555357071387335,0.01932490461306322,1.0309840000000001,0.3118713833361425,0.01972447816739385,0.0,0.0,0.0,0.018764,0.01490329842685802,0.0009425673535615133
ILE 304,R ILE 304,0.0,0.0,0.0,-0.005460000000000008,0.0018890209104189437,0.00011947217249217519,-1.820816,0.20774714954482046,0.013139083399384905,1.804563999999999,0.19905630837529847,0.012589426341815885,0.0,0.0,0.0,-0.02171199999999981,0.013485586972764878,0.0008529034083646419
ASN 305,R ASN 305,0.0,0.0,0.0,-0.001347999999999991,0.0005243052545989222,3.3159975874541324e-05,0.3476240000000004,0.05793957735434419,0.0036644206221448073,-0.3417440000000001,0.05725590331136116,0.003621181279085563,0.0,0.0,0.0,0.004532000000000233,0.0020260740361599016,0.00012814017324791276
PHE 306,R PHE 306,0.0,0.0,0.0,-0.0012840000000000362,0.0005686334495964785,3.596353708966852e-05,0.25524799999999953,0.06930773763440888,0.004383406207962049,-0.24261200000000008,0.06583510808071916,0.0041637778307685785,0.0,0.0,0.0,0.011352000000000513,0.005743526442874188,0.00036325250721774805
TYR 307,R TYR 307,0.0,0.0,0.0,-0.0020880000000000083,0.000759115274513726,4.8010665481746846e-05,0.04877999999999986,0.06628806529081956,0.004192425360098832,-0.03907200000000001,0.06465028086559255,0.004088842778097491,0.0,0.0,0.0,0.007619999999999514,0.00362926989902927,0.0002295351824884362
LYS 308,R LYS 308,0.0,0.0,0.0,-0.0008319999999999901,0.00046880273036747916,2.9649688025340392e-05,-0.16934400000000016,0.047867751816855354,0.0030274224442585207,0.16795600000000002,0.047329167159374214,0.0029933593596492797,0.0,0.0,0.0,-0.002220000000000706,0.0026418932605235214,0.00016708800076605863
ARG 309,R ARG 309,0.0,0.0,0.0,-0.0003880000000000017,0.0004872945721019288,3.081921478558478e-05,-0.15566800000000092,0.030008628359189608,0.0018979123014512117,0.15817599999999998,0.029580957117713427,0.0018708639971948798,0.0,0.0,0.0,0.00211999999999901,0.0010205880657732007,6.454765681258098e-05
ARG 310,R ARG 310,0.0,0.0,0.0,-0.0004280000000000257,0.0004947888438516263,3.129319414825077e-05,-0.3599000000000002,0.15796724343989835,0.00999072569936741,0.361668,0.15762742710581804,0.009969233827330962,0.0,0.0,0.0,0.001339999999999577,0.0011525623627379252,7.28944442327405e-05
GLY 311,R GLY 311,0.0,0.0,0.0,-0.000444000000000031,0.0004968541033342016,3.142381262673474e-05,0.14345200000000052,0.08658456961837999,0.005476089004389936,-0.138716,0.08556286194371962,0.005411470537293915,0.0,0.0,0.0,0.004292000000000334,0.001551365849823951,9.811699139292828e-05
ALA 312,R ALA 312,0.0,0.0,0.0,-0.0010040000000000066,0.0004604172021113122,2.9119340651876645e-05,0.5216639999999999,0.10985098590363161,0.0069475863734105164,-0.5075920000000005,0.10785034787148125,0.006821054914307469,0.0,0.0,0.0,0.013068000000000086,0.003548432893545953,0.00022442260135734017
SER 313,R SER 313,0.0,0.0,0.0,-0.001247999999999998,0.0005678873127654691,3.591634725302593e-05,-1.3241840000000005,0.16744591408571347,0.01059020946799451,1.3176999999999994,0.1655096915591381,0.010467752003176428,0.0,0.0,0.0,-0.00773200000000025,0.0027907303703507275,0.00017650128611427067
ASP 314,R ASP 314,0.0,0.0,0.0,-0.0011400000000000147,0.000498397431775103,3.152142128775404e-05,-2.0183559999999994,0.12614682423272303,0.007978225683446544,2.0219200000000006,0.1260202904297483,0.007970222983078482,0.0,0.0,0.0,0.002424000000000042,0.0028670933015853975,0.00018133090194443808
LEU 315,R LEU 315,0.0,0.0,0.0,-0.001276000000000037,0.000513638004824419,3.248531976139437e-05,-0.7695439999999993,0.06034341773549377,0.003816452836863207,0.7771359999999996,0.05923179470521442,0.0037461476233595853,0.0,0.0,0.0,0.006316000000000195,0.002957049881214998,0.00018702025558739495
SER 316,R SER 316,0.0,0.0,0.0,-0.0011920000000000127,0.0004417420061529055,2.793821755230592e-05,-0.6488640000000004,0.09724462712150336,0.006150290238354683,0.6529360000000004,0.09633331668742429,0.006092653905811351,0.0,0.0,0.0,0.0028799999999991497,0.002275434024532699,0.00014391108365933566
SER 317,R SER 317,0.0,0.0,0.0,-0.0004320000000000013,0.0004953544185732083,3.132896423439506e-05,-0.5814079999999998,0.04701924644228269,0.002973758252447642,0.5818120000000001,0.04690220310390249,0.002966355781763017,0.0,0.0,0.0,-2.800000000025449e-05,0.0011149959641187598,7.051853657021317e-05
GLU 318,R GLU 318,0.0,0.0,0.0,-0.00027200000000000114,0.00044498988752555003,2.8143631606457732e-05,-1.3705160000000018,0.033367195626783,0.0021103267462608787,1.3708399999999998,0.033189251272071785,0.0020990725571077514,0.0,0.0,0.0,5.199999999965144e-05,0.0010850327184009137,6.862349451901955e-05
GLU 319,R GLU 319,0.0,0.0,0.0,-0.00026799999999999714,0.00044291759956000383,2.8012568607680084e-05,-1.5923880000000001,0.0935889601181684,0.005919085556401468,1.5928079999999996,0.09313656175746438,0.005890473371810445,0.0,0.0,0.0,0.00015200000000001524,0.001099498067301412,6.95383635125113e-05
GLY 320,R GLY 320,0.0,0.0,0.0,-0.00046400000000002526,0.0004987023160163044,3.154070386025182e-05,0.023180000000000065,0.11148397014817879,0.007050865365329286,-0.01953600000000002,0.11062506363387999,0.006996543347682482,0.0,0.0,0.0,0.0031799999999999723,0.0015243359209838815,9.640746859039041e-05
TRP 321,R TRP 321,0.0,0.0,0.0,-0.0012679999999999137,0.0004518583848951267,2.8578033522272485e-05,-0.937247999999999,0.12326158564614155,0.007795747172914496,0.9427040000000001,0.12134829370040577,0.007674739965366889,0.0,0.0,0.0,0.00418799999999977,0.0035531191930472292,0.00022471898896177505
ARG 322,R ARG 322,0.0,0.0,0.0,-0.0024440000000000117,0.0006251911707629846,3.954056145276601e-05,0.09036400000000015,0.07265936625102076,0.004595381813951905,-0.072604,0.06980343246574626,0.004414756701790031,0.0,0.0,0.0,0.015316000000000649,0.004224706380330386,0.00026719389214579196
LEU 323,R LEU 323,0.0,0.0,0.0,-0.007631999999999991,0.0019226481737436658,0.00012159894736386255,-2.2881639999999974,0.2887127865266984,0.018259799900766812,2.2949719999999987,0.28503423516484383,0.01802714788489932,0.0,0.0,0.0,-0.0008240000000003035,0.009210918738106007,0.0005825496511027789
PHE 324,R PHE 324,0.0,0.0,0.0,-0.00520800000000004,0.001492895173814943,9.441898114256368e-05,-0.6760320000000005,0.1873212400556862,0.011847235454062693,0.6906520000000002,0.18527757256613514,0.0117179825731223,0.0,0.0,0.0,0.009411999999999664,0.007308232070753948,0.0004622131802534261
LYS 325,R LYS 325,0.0,0.0,0.0,-0.00600400000000003,0.0020639728680387315,0.00013053710583585079,-0.5919680000000005,0.17966417276685923,0.011362959997465422,0.5794520000000003,0.17744623888941582,0.011222685542418023,0.0,0.0,0.0,-0.01852000000000079,0.009453972709924138,0.0005979217340086923
ILE 326,R ILE 326,0.0,0.0,0.0,-0.003368000000000012,0.0014589640160058918,9.227298629609947e-05,-2.3151680000000012,0.2266239788195238,0.014332958909589043,2.3015119999999993,0.22467883268346647,0.014209937066152704,0.0,0.0,0.0,-0.017024000000000032,0.004883382434338482,0.0003088522235633452
ASP 327,R ASP 327,0.0,0.0,0.0,-0.00248799999999998,0.0014757560774057367,9.333500950875758e-05,-2.4031599999999984,0.12602545139774846,0.007970549391354716,2.3932359999999995,0.12446038849370447,0.007871566122190385,0.0,0.0,0.0,-0.012411999999999637,0.0038118572900882105,0.0002410830230439185
LYS 328,R LYS 328,0.0,0.0,0.0,-0.0011640000000000068,0.000676094667927513,4.2759981290922666e-05,0.019047999999999888,0.0732165944031812,0.004630624016695783,-0.01647200000000003,0.07241630490435146,0.004580009264619449,0.0,0.0,0.0,0.001412000000000134,0.001348427232000267,8.528202624234258e-05
GLU 329,R GLU 329,0.0,0.0,0.0,-0.0004359999999999999,0.0005038888766384882,3.1868730756024635e-05,-1.509635999999999,0.05922681406256075,0.0037458326198596455,1.5073559999999997,0.05885471318426693,0.003722298893964494,0.0,0.0,0.0,-0.002715999999999724,0.0010560984802566538,6.679353262106785e-05
TYR 330,R TYR 330,0.0,0.0,0.0,-0.00039999999999999416,0.0004898979485566275,3.0983866769658826e-05,0.055980000000000474,0.04816865785964944,0.003046453413397269,-0.050375999999999976,0.047262698018627744,0.0029891554820718168,0.0,0.0,0.0,0.005204000000000332,0.0013922585966695844,8.805416514851209e-05
LEU 331,R LEU 331,0.0,0.0,0.0,-0.00032400000000002826,0.0004680000000000404,2.9598918899178584e-05,-0.7912,0.03775690665296632,0.002387956448514765,0.7918200000000001,0.03749052680344588,0.0023711091075696153,0.0,0.0,0.0,0.0002959999999999212,0.0010239062457075008,6.475751693815411e-05
LEU 332,R LEU 332,0.0,0.0,0.0,-0.00020399999999997753,0.0004029689814364926,2.5485996154748537e-05,-0.7709999999999996,0.028694807892724546,0.0018148189992397224,0.7703679999999999,0.028490569948668804,0.0018019018574827986,0.0,0.0,0.0,-0.0008359999999993591,0.000790635187680779,5.000415982691923e-05
LYS 333,R LYS 333,0.0,0.0,0.0,-0.00011599999999999077,0.0003202249209539815,2.025280227523922e-05,0.009612000000000023,0.024889304048124932,0.0015741378033704778,-0.007804000000000014,0.024568223053367116,0.001553830858233932,0.0,0.0,0.0,0.0016920000000000793,0.0007246626801485058,4.583169209182728e-05
MET 334,R MET 334,0.0,0.0,0.0,-9.599999999999831e-05,0.0002945912422323463,1.8631586083852008e-05,-0.37971999999999967,0.040155019611500906,0.0025396264292214493,0.38088399999999994,0.03993082198002007,0.0025254469259915592,0.0,0.0,0.0,0.001068000000000346,0.0007637905472052568,4.830635568949931e-05
ALA 335,R ALA 335,0.0,0.0,0.0,-9.600000000000008e-05,0.0002945912422323518,1.8631586083852357e-05,0.2509199999999997,0.02944964515915151,0.0018625590997334138,-0.24935600000000008,0.029134674599177457,0.00184263861242508,0.0,0.0,0.0,0.0014679999999995645,0.0006760000000006213,4.2753993965515786e-05
THR 336,R THR 336,0.0,0.0,0.0,-3.2000000000000026e-05,0.00017600000000000016,1.1131217363792705e-05,-0.38852799999999993,0.016276400584901787,0.0010294099591517292,0.3885800000000002,0.01616228944177966,0.0010221929367783017,0.0,0.0,0.0,1.9999999999857466e-05,0.0005827520913735139,3.68564783993373e-05
GLU 337,R GLU 337,0.0,0.0,0.0,-4.7999999999998266e-05,0.0002137662274541905,1.3519763311537183e-05,-1.4454279999999995,0.07288920918764641,0.00460991835762868,1.4430920000000007,0.0725230138369851,0.004586758130095605,0.0,0.0,0.0,-0.0023839999999997518,0.0007978370760996378,5.0459647244078875e-05
GLU 338,R GLU 338,0.0,0.0,0.0,-2.400000000000002e-05,0.00015304901175767208,9.679669415842682e-06,-12.128440000000003,0.5203090835262907,0.03290723582435745,12.113275999999994,0.51821221890669,0.032774618461498234,0.0,0.0,0.0,-0.015188000000000614,0.002189213557422157,0.00013845802251947665
ACO 339,R ACO 339,0.0,0.0,0.0,0.0,0.0,0.0,0.0,0.0,0.0,0.0,0.0,0.0,0.0,0.0,0.0,0.0,0.0,0.0
SPM 340,L SPM   1,0.0,0.0,0.0,0.0,0.0,0.0,0.0,0.0,0.0,0.0,0.0,0.0,0.0,0.0,0.0,0.0,0.0,0.0

