535.232000   2.454825
535.233000   2.460521
535.234000   2.465656
535.235000   2.469641
535.236000   2.472019
535.237000   2.472515
535.238000   2.471050
535.239000   2.467717
535.240000   2.462721
535.241000   2.456330
535.242000   2.448865
535.243000   2.440725
535.244000   2.432411
535.245000   2.424510
535.246000   2.417638
535.247000   2.412362
535.248000   2.409131
535.249000   2.408224
535.250000   2.409728
535.251000   2.413519
535.252000   2.419274
535.253000   2.426493
535.254000   2.434523
535.255000   2.442591
535.256000   2.449861
535.257000   2.455513
535.258000   2.458837
535.259000   2.459323
535.260000   2.456713
535.261000   2.451022
535.262000   2.442543
535.263000   2.431800
535.264000   2.419481
535.265000   2.406346
535.266000   2.393148
535.267000   2.380571
535.268000   2.369200
535.269000   2.359512
535.270000   2.351889
535.271000   2.346631
535.272000   2.343945
535.273000   2.343919
535.274000   2.346492
535.275000   2.351442
535.276000   2.358385
535.277000   2.366786
535.278000   2.375997
535.279000   2.385305
535.280000   2.394014
535.281000   2.401521
535.282000   2.407371
535.283000   2.411294
535.284000   2.413215
535.285000   2.413247
535.286000   2.411649
535.287000   2.408775
535.288000   2.405028
535.289000   2.400828
535.290000   2.396586
535.291000   2.392682
535.292000   2.389442
535.293000   2.387130
535.294000   2.385931
535.295000   2.385938
535.296000   2.387141
535.297000   2.389437
535.298000   2.392653
535.299000   2.396569
535.300000   2.400942
535.301000   2.405521
535.302000   2.410077
535.303000   2.414424
535.304000   2.418446
535.305000   2.422109
535.306000   2.425456
535.307000   2.428575
535.308000   2.431561
535.309000   2.434484
535.310000   2.437367
535.311000   2.440214
535.312000   2.443035
535.313000   2.445880
535.314000   2.448848
535.315000   2.452060
535.316000   2.455614
535.317000   2.459546
535.318000   2.463802
535.319000   2.468237
535.320000   2.472650
535.321000   2.476814
535.322000   2.480539
535.323000   2.483699
535.324000   2.486241
535.325000   2.488161
535.326000   2.489470
535.327000   2.490166
535.328000   2.490238
535.329000   2.489683
535.330000   2.488526
535.331000   2.486833
535.332000   2.484718
535.333000   2.482320
535.334000   2.479771
535.335000   2.477164
535.336000   2.474535
535.337000   2.471873
535.338000   2.469137
535.339000   2.466289
535.340000   2.463315
535.341000   2.460244
535.342000   2.457135
535.343000   2.454047
535.344000   2.451021
535.345000   2.448063
535.346000   2.445159
535.347000   2.442292
535.348000   2.439452
535.349000   2.436652
535.350000   2.433921
535.351000   2.431287
535.352000   2.428751
535.353000   2.426277
535.354000   2.423789
535.355000   2.421205
535.356000   2.418469
535.357000   2.415583
535.358000   2.412622
535.359000   2.409723
535.360000   2.407062
535.361000   2.404810
535.362000   2.403095
535.363000   2.401985
535.364000   2.401497
535.365000   2.401622
535.366000   2.402349
535.367000   2.403672
535.368000   2.405564
535.369000   2.407944
535.370000   2.410642
535.371000   2.413393
535.372000   2.415855
535.373000   2.417660
535.374000   2.418486
535.375000   2.418111
535.376000   2.416455
535.377000   2.413589
535.378000   2.409707
535.379000   2.405080
535.380000   2.400002
535.381000   2.394756
535.382000   2.389609
535.383000   2.384822
535.384000   2.380674
535.385000   2.377455
535.386000   2.375428
535.387000   2.374772
535.388000   2.375513
535.389000   2.377466
535.390000   2.380235
535.391000   2.383265
535.392000   2.385958
535.393000   2.387789
535.394000   2.388393
535.395000   2.387590
535.396000   2.385362
535.397000   2.381803
535.398000   2.377076
535.399000   2.371388
535.400000   2.364993
535.401000   2.358207
535.401000   2.358207
535.402000   2.351424
535.403000   2.345109
535.404000   2.339757
535.405000   2.335829
535.406000   2.333685
535.407000   2.333519
535.408000   2.335323
535.409000   2.338888
535.410000   2.343845
535.411000   2.349724
535.412000   2.356008
535.413000   2.362176
535.414000   2.367729
535.415000   2.372205
535.416000   2.375205
535.417000   2.376428
535.418000   2.375734
535.419000   2.373204
535.420000   2.369171
535.421000   2.364192
535.422000   2.358970
535.423000   2.354254
535.424000   2.350732
535.425000   2.348950
535.426000   2.349236
535.427000   2.351683
535.428000   2.356155
535.429000   2.362346
535.430000   2.369841
535.431000   2.378181
535.432000   2.386907
535.433000   2.395586
535.434000   2.403805
535.435000   2.411164
535.436000   2.417265
535.437000   2.421747
535.438000   2.424344
535.439000   2.424936
535.440000   2.423589
535.441000   2.420569
535.442000   2.416325
535.443000   2.411436
535.444000   2.406532
535.445000   2.402209
535.446000   2.398956
535.447000   2.397104
535.448000   2.396798
535.449000   2.398015
535.450000   2.400600
535.451000   2.404326
535.452000   2.408925
535.453000   2.414131
535.454000   2.419685
535.455000   2.425339
535.456000   2.430849
535.457000   2.435971
535.458000   2.440473
535.459000   2.444157
535.460000   2.446860
535.461000   2.448447
535.462000   2.448803
535.463000   2.447824
535.464000   2.445423
535.465000   2.441531
535.466000   2.436110
535.467000   2.429172
535.468000   2.420801
535.469000   2.411173
535.470000   2.400561
535.471000   2.389326
535.472000   2.377899
535.473000   2.366730
535.474000   2.356239
535.475000   2.346790
535.476000   2.338691
535.477000   2.332211
535.478000   2.327602
535.479000   2.325098
535.480000   2.324886
535.481000   2.327061
535.482000   2.331550
535.483000   2.338066
535.484000   2.346087
535.485000   2.354911
535.486000   2.363728
535.487000   2.371723
535.488000   2.378179
535.489000   2.382547
535.490000   2.384493
535.491000   2.383888
535.492000   2.380781
535.493000   2.375369
535.494000   2.367984
535.495000   2.359081
535.496000   2.349241
535.497000   2.339147
535.498000   2.329550
535.499000   2.321180
535.500000   2.314654
535.501000   2.310385
535.502000   2.308521
535.503000   2.308949
535.504000   2.311327
535.505000   2.315154
535.506000   2.319849
535.507000   2.324821
535.508000   2.329516
535.509000   2.333438
535.510000   2.336156
535.511000   2.337331
535.512000   2.336741
535.513000   2.334327
535.514000   2.330220
535.515000   2.324746
535.516000   2.318403
535.517000   2.311796
535.518000   2.305553
535.519000   2.300244
535.520000   2.296317
535.521000   2.294064
535.522000   2.293616
535.523000   2.294960
535.524000   2.297962
535.525000   2.302397
535.526000   2.307983
535.527000   2.314394
535.528000   2.321287
535.529000   2.328323
535.530000   2.335207
535.531000   2.341713
535.532000   2.347715
535.533000   2.353190
535.534000   2.358215
535.535000   2.362937
535.536000   2.367554
535.537000   2.372281
535.538000   2.377324
535.539000   2.382857
535.540000   2.389009
535.541000   2.395857
535.542000   2.403410
535.543000   2.411594
535.544000   2.420245
535.545000   2.429105
535.546000   2.437842
535.547000   2.446076
535.548000   2.453430
535.549000   2.459582
535.550000   2.464313
535.551000   2.467542
535.552000   2.469312
535.553000   2.469768
535.554000   2.469124
535.555000   2.467634
535.556000   2.465573
535.557000   2.463231
535.558000   2.460903
535.559000   2.458872
535.560000   2.457383
535.561000   2.456619
535.562000   2.456682
535.563000   2.457597
535.564000   2.459329
535.565000   2.461801
535.566000   2.464899
535.567000   2.468472
535.568000   2.472339
535.569000   2.476299
535.570000   2.480133
535.571000   2.483612
535.572000   2.486533
535.573000   2.488758
535.574000   2.490232
535.575000   2.490985
535.576000   2.491103
535.577000   2.490686
535.578000   2.489808
535.579000   2.488478
535.580000   2.486635
535.581000   2.484160
535.582000   2.480911
535.583000   2.476763
535.584000   2.471633
535.585000   2.465495
535.586000   2.458373
535.587000   2.450326
535.588000   2.441426
535.589000   2.431749
535.590000   2.421387
535.591000   2.410454
535.592000   2.399103
535.593000   2.387528
535.594000   2.375963
535.595000   2.364670
535.596000   2.353910
535.597000   2.343918
535.598000   2.334880
535.599000   2.326925
535.600000   2.320134
535.601000   2.314555
535.602000   2.310212
535.603000   2.307097
535.604000   2.305156
535.605000   2.304276
535.606000   2.304286
535.607000   2.304977
535.608000   2.306140
535.609000   2.307607
535.610000   2.309270
535.611000   2.311074
535.612000   2.312982
535.613000   2.314922
535.614000   2.316774
535.615000   2.318388
535.616000   2.319628
535.617000   2.320422
535.618000   2.320790
535.619000   2.320837
535.620000   2.320730
535.621000   2.320643
535.622000   2.320711
535.623000   2.320984
535.624000   2.321431
535.625000   2.321959
535.626000   2.322475
535.627000   2.322935
535.628000   2.323389
535.629000   2.323983
535.630000   2.324937
535.631000   2.326474
535.632000   2.328766
535.633000   2.331905
535.634000   2.335911
535.635000   2.340757
535.636000   2.346400
535.637000   2.352796
535.638000   2.359909
535.639000   2.367686
535.640000   2.376022
535.641000   2.384737
535.642000   2.393582
535.643000   2.402273
535.644000   2.410525
535.645000   2.418092
535.646000   2.424795
535.647000   2.430538
535.648000   2.435318
535.649000   2.439202
535.650000   2.442293
535.651000   2.444712
535.652000   2.446595
535.653000   2.448090
535.654000   2.449364
535.655000   2.450591
535.656000   2.451930
535.657000   2.453484
535.658000   2.455266
535.659000   2.457183
535.660000   2.459055
535.661000   2.460673
535.662000   2.461848
535.663000   2.462443
535.664000   2.462377
535.665000   2.461612
535.666000   2.460128
535.667000   2.457915
535.668000   2.454980
535.669000   2.451380
535.670000   2.447257
535.671000   2.442858
535.672000   2.438516
535.673000   2.434612
535.674000   2.431516
535.675000   2.429531
535.676000   2.428854
535.677000   2.429563
535.678000   2.431639
535.679000   2.435011
535.680000   2.439601
535.681000   2.445350
535.682000   2.452231
535.683000   2.460224
535.684000   2.469294
535.685000   2.479351
535.686000   2.490242
535.687000   2.501763
535.688000   2.513687
535.689000   2.525796
535.690000   2.537892
535.691000   2.549786
535.692000   2.561271
535.693000   2.572096
535.694000   2.581957
535.695000   2.590530
535.696000   2.597516
535.697000   2.602713
535.698000   2.606068
535.699000   2.607696
535.700000   2.607847
535.701000   2.606844
535.702000   2.605020
535.703000   2.602676
535.704000   2.600067
535.705000   2.597414
535.706000   2.594933
535.707000   2.592847
535.708000   2.591382
535.709000   2.590730
535.710000   2.591002
535.711000   2.592173
535.712000   2.594068
535.713000   2.596371
535.714000   2.598676
535.715000   2.600559
535.716000   2.601665
535.717000   2.601775
535.718000   2.600826
535.719000   2.598900
535.720000   2.596167
535.721000   2.592835
535.722000   2.589100
535.723000   2.585130
535.724000   2.581067
535.725000   2.577055
535.726000   2.573261
535.727000   2.569879
535.728000   2.567103
535.729000   2.565084
535.730000   2.563882
535.731000   2.563441
535.732000   2.563561
535.733000   2.563906
535.734000   2.564037
535.735000   2.563462
535.736000   2.561709
535.737000   2.558382
535.738000   2.553211
535.739000   2.546070
535.740000   2.536980
535.741000   2.526083
535.742000   2.513611
535.743000   2.499849
535.744000   2.485129
535.745000   2.469827
535.746000   2.454368
535.747000   2.439221
535.748000   2.424876
535.749000   2.411803
535.750000   2.400392
535.751000   2.390898
535.752000   2.383403
535.753000   2.377816
535.754000   2.373911
535.755000   2.371384
535.756000   2.369923
535.757000   2.369270
535.758000   2.369247
535.759000   2.369751
535.760000   2.370706
535.761000   2.372021
535.762000   2.373550
535.763000   2.375097
535.764000   2.376445
535.765000   2.377414
535.766000   2.377915
535.767000   2.377981
535.768000   2.377755
535.769000   2.377437
535.770000   2.377212
535.771000   2.377181
535.772000   2.377338
535.773000   2.377584
535.774000   2.377780
535.775000   2.377810
535.776000   2.377632
535.777000   2.377282
535.778000   2.376845
535.779000   2.376389
535.780000   2.375906
535.781000   2.375280
535.782000   2.374304
535.783000   2.372734
535.784000   2.370372
535.785000   2.367125
535.786000   2.363030
535.787000   2.358228
535.788000   2.352905
535.789000   2.347251
535.790000   2.341448
535.791000   2.335704
535.792000   2.330282
535.793000   2.325517
535.794000   2.321800
535.795000   2.319525
535.796000   2.319024
535.797000   2.320490
535.798000   2.323929
535.799000   2.329164
535.800000   2.335876
535.801000   2.343680
535.802000   2.352187
535.803000   2.361062
535.804000   2.370055
535.805000   2.379003
535.806000   2.387798
535.807000   2.396340
535.808000   2.404512
535.809000   2.412195
535.810000   2.419308
535.811000   2.425853
535.812000   2.431941
535.813000   2.437790
535.814000   2.443681
535.815000   2.449885
535.816000   2.456597
535.817000   2.463889
535.818000   2.471731
535.819000   2.480031
535.820000   2.488696
535.821000   2.497658
535.822000   2.506885
535.823000   2.516358
535.824000   2.526017
535.825000   2.535713
535.826000   2.545187
535.827000   2.554089
535.828000   2.562044
535.829000   2.568708
535.830000   2.573828
535.831000   2.577270
535.832000   2.579026
535.833000   2.579185
535.834000   2.577896
535.835000   2.575333
535.836000   2.571681
535.837000   2.567150
535.838000   2.561969
535.839000   2.556379
535.840000   2.550621
535.841000   2.544915
535.842000   2.539452
535.843000   2.534378
535.844000   2.529790
535.845000   2.525738
535.846000   2.522234
535.847000   2.519247
535.848000   2.516686
535.849000   2.514396
535.850000   2.512156
535.851000   2.509698
535.852000   2.506738
535.853000   2.503009
535.854000   2.498318
535.855000   2.492592
535.856000   2.485898
535.857000   2.478422
535.858000   2.470435
535.859000   2.462229
535.860000   2.454070
535.861000   2.446157
535.862000   2.438596
535.863000   2.431418
535.864000   2.424619
535.865000   2.418198
535.866000   2.412181
535.867000   2.406613
535.868000   2.401535
535.869000   2.396954
535.870000   2.392825
535.871000   2.389056
535.872000   2.385535
535.873000   2.382171
535.874000   2.378940
535.875000   2.375899
535.876000   2.373165
535.877000   2.370878
535.878000   2.369164
535.879000   2.368108
535.880000   2.367734
535.881000   2.368009
535.882000   2.368850
535.883000   2.370149
535.884000   2.371770
535.885000   2.373548
535.886000   2.375273
535.887000   2.376675
535.888000   2.377424
535.889000   2.377138
535.890000   2.375408
535.891000   2.371851
535.892000   2.366179
535.893000   2.358266
535.894000   2.348176
535.895000   2.336161
535.896000   2.322619
535.897000   2.308044
535.898000   2.292979
535.899000   2.277968
535.900000   2.263537
535.901000   2.250197
535.901000   2.250197
535.902000   2.238440
535.903000   2.228723
535.904000   2.221415
535.905000   2.216756
535.906000   2.214820
535.907000   2.215508
535.908000   2.218545
535.909000   2.223494
535.910000   2.229785
535.911000   2.236751
535.912000   2.243672
535.913000   2.249831
535.914000   2.254584
535.915000   2.257431
535.916000   2.258090
535.917000   2.256517
535.918000   2.252907
535.919000   2.247665
535.920000   2.241374
535.921000   2.234750
535.922000   2.228581
535.923000   2.223658
535.924000   2.220701
535.925000   2.220289
535.926000   2.222796
535.927000   2.228340
535.928000   2.236786
535.929000   2.247787
535.930000   2.260856
535.931000   2.275444
535.932000   2.290988
535.933000   2.306940
535.934000   2.322770
535.935000   2.337948
535.936000   2.351941
535.937000   2.364218
535.938000   2.374316
535.939000   2.381918
535.940000   2.386929
535.941000   2.389519
535.942000   2.390098
535.943000   2.389248
535.944000   2.387611
535.945000   2.385788
535.946000   2.384252
535.947000   2.383332
535.948000   2.383221
535.949000   2.384011
535.950000   2.385726
535.951000   2.388339
535.952000   2.391760
535.953000   2.395806
535.954000   2.400162
535.955000   2.404362
535.956000   2.407822
535.957000   2.409942
535.958000   2.410229
535.959000   2.408420
535.960000   2.404552
535.961000   2.398972
535.962000   2.392257
535.963000   2.385092
535.964000   2.378130
535.965000   2.371892
535.966000   2.366735
535.967000   2.362870
535.968000   2.360400
535.969000   2.359364
535.970000   2.359765
535.971000   2.361573
535.972000   2.364702
535.973000   2.368991
535.974000   2.374192
535.975000   2.379996
535.976000   2.386083
535.977000   2.392162
535.978000   2.398010
535.979000   2.403473
535.980000   2.408455
535.981000   2.412885
535.982000   2.416681
535.983000   2.419749
535.984000   2.421998
535.985000   2.423381
535.986000   2.423923
535.987000   2.423733
535.988000   2.422990
535.989000   2.421911
535.990000   2.420707
535.991000   2.419525
535.992000   2.418413
535.993000   2.417333
535.994000   2.416208
535.995000   2.414982
535.996000   2.413657
535.997000   2.412312
535.998000   2.411079
535.999000   2.410098
536.000000   2.409452
536.001000   2.409108
536.002000   2.408898
536.003000   2.408526
536.004000   2.407620
536.005000   2.405791
536.006000   2.402694
536.007000   2.398080
536.008000   2.391811
536.009000   2.383860
536.010000   2.374276
536.011000   2.363179
536.012000   2.350760
536.013000   2.337312
536.014000   2.323242
536.015000   2.309071
536.016000   2.295402
536.017000   2.282849
536.018000   2.271969
536.019000   2.263184
536.020000   2.256739
536.021000   2.252698
536.022000   2.250973
536.023000   2.251372
536.024000   2.253621
536.025000   2.257394
536.026000   2.262323
536.027000   2.268019
536.028000   2.274095
536.029000   2.280193
536.030000   2.286013
536.031000   2.291351
536.032000   2.296123
536.033000   2.300369
536.034000   2.304238
536.035000   2.307963
536.036000   2.311828
536.037000   2.316129
536.038000   2.321130
536.039000   2.327019
536.040000   2.333880
536.041000   2.341687
536.042000   2.350293
536.043000   2.359440
536.044000   2.368778
536.045000   2.377895
536.046000   2.386347
536.047000   2.393680
536.048000   2.399463
536.049000   2.403339
536.050000   2.405090
536.051000   2.404672
536.052000   2.402226
536.053000   2.398058
536.054000   2.392609
536.055000   2.386387
536.056000   2.379889
536.057000   2.373523
536.058000   2.367572
536.059000   2.362206
536.060000   2.357514
536.061000   2.353536
536.062000   2.350287
536.063000   2.347762
536.064000   2.345903
536.065000   2.344552
536.066000   2.343404
536.067000   2.342030
536.068000   2.339949
536.069000   2.336741
536.070000   2.332140
536.071000   2.326110
536.072000   2.318853
536.073000   2.310774
536.074000   2.302393
536.075000   2.294262
536.076000   2.286904
536.077000   2.280781
536.078000   2.276287
536.079000   2.273749
536.080000   2.273419
536.081000   2.275484
536.082000   2.280057
536.083000   2.287157
536.084000   2.296684
536.085000   2.308398
536.086000   2.321916
536.087000   2.336734
536.088000   2.352276
536.089000   2.367948
536.090000   2.383198
536.091000   2.397560
536.092000   2.410676
536.093000   2.422272
536.094000   2.432140
536.095000   2.440123
536.096000   2.446127
536.097000   2.450157
536.098000   2.452343
536.099000   2.452954
536.100000   2.452385
536.101000   2.451111
536.102000   2.449618
536.103000   2.448319
536.104000   2.447500
536.105000   2.447300
536.106000   2.447741
536.107000   2.448772
536.108000   2.450311
536.109000   2.452271
536.110000   2.454570
536.111000   2.457098
536.112000   2.459694
536.113000   2.462124
536.114000   2.464102
536.115000   2.465342
536.116000   2.465607
536.117000   2.464740
536.118000   2.462663
536.119000   2.459360
536.120000   2.454843
536.121000   2.449116
536.122000   2.442159
536.123000   2.433942
536.124000   2.424469
536.125000   2.413825
536.126000   2.402204
536.127000   2.389903
536.128000   2.377300
536.129000   2.364807
536.130000   2.352829
536.131000   2.341727
536.132000   2.331814
536.133000   2.323371
536.134000   2.316660
536.135000   2.311925
536.136000   2.309363
536.137000   2.309089
536.138000   2.311098
536.139000   2.315235
536.140000   2.321186
536.141000   2.328493
536.142000   2.336607
536.143000   2.344949
536.144000   2.352971
536.145000   2.360204
536.146000   2.366291
536.147000   2.371003
536.148000   2.374245
536.149000   2.376028
536.150000   2.376453
536.151000   2.375700
536.152000   2.374028
536.153000   2.371767
536.154000   2.369289
536.155000   2.366979
536.156000   2.365200
536.157000   2.364262
536.158000   2.364407
536.159000   2.365789
536.160000   2.368480
536.161000   2.372466
536.162000   2.377644
536.163000   2.383807
536.164000   2.390632
536.165000   2.397680
536.166000   2.404426
536.167000   2.410291
536.168000   2.414712
536.169000   2.417216
536.170000   2.417498
536.171000   2.415478
536.172000   2.411306
536.173000   2.405306
536.174000   2.397906
536.175000   2.389548
536.176000   2.380630
536.177000   2.371472
536.178000   2.362325
536.179000   2.353400
536.180000   2.344890
536.181000   2.336973
536.182000   2.329773
536.183000   2.323327
536.184000   2.317557
536.185000   2.312294
536.186000   2.307307
536.187000   2.302354
536.188000   2.297239
536.189000   2.291870
536.190000   2.286303
536.191000   2.280758
536.192000   2.275600
536.193000   2.271292
536.194000   2.268341
536.195000   2.267230
536.196000   2.268361
536.197000   2.272007
536.198000   2.278297
536.199000   2.287211
536.200000   2.298588
536.201000   2.312137
536.202000   2.327456
536.203000   2.344051
536.204000   2.361348
536.205000   2.378705
536.206000   2.395430
536.207000   2.410830
536.208000   2.424285
536.209000   2.435325
536.210000   2.443696
536.211000   2.449417
536.212000   2.452778
536.213000   2.454314
536.214000   2.454707
536.215000   2.454681
536.216000   2.454899
536.217000   2.455880
536.218000   2.457938
536.219000   2.461158
536.220000   2.465414
536.221000   2.470428
536.222000   2.475829
536.223000   2.481184
536.224000   2.486017
536.225000   2.489819
536.226000   2.492083
536.227000   2.492361
536.228000   2.490327
536.229000   2.485854
536.230000   2.479043
536.231000   2.470217
536.232000   2.459857
536.233000   2.448519
536.234000   2.436764
536.235000   2.425120
536.236000   2.414054
536.237000   2.403947
536.238000   2.395089
536.239000   2.387688
536.240000   2.381863
536.241000   2.377639
536.242000   2.374917
536.243000   2.373457
536.244000   2.372874
536.245000   2.372677
536.246000   2.372320
536.247000   2.371277
536.248000   2.369130
536.249000   2.365643
536.250000   2.360796
536.251000   2.354777
536.252000   2.347938
536.253000   2.340739
536.254000   2.333706
536.255000   2.327387
536.256000   2.322324
536.257000   2.319012
536.258000   2.317864
536.259000   2.319156
536.260000   2.322981
536.261000   2.329207
536.262000   2.337488
536.263000   2.347298
536.264000   2.358019
536.265000   2.369024
536.266000   2.379754
536.267000   2.389776
536.268000   2.398791
536.269000   2.406602
536.270000   2.413077
536.271000   2.418120
536.272000   2.421692
536.273000   2.423860
536.274000   2.424828
536.275000   2.424950
536.276000   2.424681
536.277000   2.424504
536.278000   2.424815
536.279000   2.425813
536.280000   2.427435
536.281000   2.429377
536.282000   2.431184
536.283000   2.432375
536.284000   2.432554
536.285000   2.431457
536.286000   2.428961
536.287000   2.425033
536.288000   2.419662
536.289000   2.412812
536.290000   2.404435
536.291000   2.394545
536.292000   2.383285
536.293000   2.370978
536.294000   2.358100
536.295000   2.345223
536.296000   2.332909
536.297000   2.321591
536.298000   2.311485
536.299000   2.302575
536.300000   2.294670
536.301000   2.287507
536.302000   2.280858
536.303000   2.274596
536.304000   2.268719
536.305000   2.263321
536.306000   2.258526
536.307000   2.254439
536.308000   2.251138
536.309000   2.248730
536.310000   2.247428
536.311000   2.247579
536.312000   2.249636
536.313000   2.254069
536.314000   2.261264
536.315000   2.271411
536.316000   2.284431
536.317000   2.299950
536.318000   2.317353
536.319000   2.335869
536.320000   2.354674
536.321000   2.372979
536.322000   2.390077
536.323000   2.405372
536.324000   2.418384
536.325000   2.428735
536.326000   2.436153
536.327000   2.440509
536.328000   2.441883
536.329000   2.440619
536.330000   2.437322
536.331000   2.432784
536.332000   2.427867
536.333000   2.423352
536.334000   2.419818
536.335000   2.417552
536.336000   2.416546
536.337000   2.416553
536.338000   2.417178
536.339000   2.417945
536.340000   2.418350
536.341000   2.417880
536.342000   2.416029
536.343000   2.412308
536.344000   2.406269
536.345000   2.397561
536.346000   2.386009
536.347000   2.371714
536.348000   2.355095
536.349000   2.336884
536.350000   2.318044
536.351000   2.299645
536.352000   2.282725
536.353000   2.268165
536.354000   2.256605
536.355000   2.248435
536.356000   2.243821
536.357000   2.242759
536.358000   2.245104
536.359000   2.250586
536.360000   2.258815
536.361000   2.269273
536.362000   2.281322
536.363000   2.294223
536.364000   2.307178
536.365000   2.319407
536.366000   2.330231
536.367000   2.339139
536.368000   2.345847
536.369000   2.350316
536.370000   2.352746
536.371000   2.353528
536.372000   2.353175
536.373000   2.352236
536.374000   2.351237
536.375000   2.350647
536.376000   2.350854
536.377000   2.352151
536.378000   2.354738
536.379000   2.358715
536.380000   2.364084
536.381000   2.370726
536.382000   2.378410
536.383000   2.386810
536.384000   2.395553
536.385000   2.404255
536.386000   2.412549
536.387000   2.420114
536.388000   2.426688
536.389000   2.432083
536.390000   2.436174
536.391000   2.438889
536.392000   2.440200
536.393000   2.440106
536.394000   2.438626
536.395000   2.435794
536.396000   2.431662
536.397000   2.426318
536.398000   2.419887
536.399000   2.412519
536.400000   2.404363
536.401000   2.395556
536.401000   2.395556
536.402000   2.386220
536.403000   2.376473
536.404000   2.366439
536.405000   2.356251
536.406000   2.346053
536.407000   2.335981
536.408000   2.326159
536.409000   2.316689
536.410000   2.307664
536.411000   2.299188
536.412000   2.291378
536.413000   2.284348
536.414000   2.278192
536.415000   2.272974
536.416000   2.268737
536.417000   2.265519
536.418000   2.263359
536.419000   2.262295
536.420000   2.262353
536.421000   2.263542
536.422000   2.265848
536.423000   2.269243
536.424000   2.273690
536.425000   2.279157
536.426000   2.285597
536.427000   2.292919
536.428000   2.300956
536.429000   2.309473
536.430000   2.318186
536.431000   2.326799
536.432000   2.335033
536.433000   2.342646
536.434000   2.349442
536.435000   2.355268
536.436000   2.360004
536.437000   2.363562
536.438000   2.365892
536.439000   2.367000
536.440000   2.366971
536.441000   2.365972
536.442000   2.364252
536.443000   2.362124
536.444000   2.359942
536.445000   2.358066
536.446000   2.356818
536.447000   2.356457
536.448000   2.357155
536.449000   2.358999
536.450000   2.361994
536.451000   2.366052
536.452000   2.370974
536.453000   2.376436
536.454000   2.381981
536.455000   2.387036
536.456000   2.390959
536.457000   2.393124
536.458000   2.393021
536.459000   2.390331
536.460000   2.384968
536.461000   2.377080
536.462000   2.367015
536.463000   2.355266
536.464000   2.342407
536.465000   2.329040
536.466000   2.315754
536.467000   2.303109
536.468000   2.291633
536.469000   2.281818
536.470000   2.274120
536.471000   2.268937
536.472000   2.266571
536.473000   2.267162
536.474000   2.270619
536.475000   2.276583
536.476000   2.284450
536.477000   2.293441
536.478000   2.302712
536.479000   2.311459
536.480000   2.319013
536.481000   2.324888
536.482000   2.328783
536.483000   2.330559
536.484000   2.330211
536.485000   2.327851
536.486000   2.323704
536.487000   2.318117
536.488000   2.311557
536.489000   2.304606
536.490000   2.297912
536.491000   2.292125
536.492000   2.287804
536.493000   2.285337
536.494000   2.284895
536.495000   2.286433
536.496000   2.289730
536.497000   2.294444
536.498000   2.300162
536.499000   2.306429
536.500000   2.312749
536.501000   2.318580
536.502000   2.323346
536.503000   2.326492
536.504000   2.327578
536.505000   2.326383
536.506000   2.322974
536.507000   2.317731
536.508000   2.311299
536.509000   2.304490
536.510000   2.298148
536.511000   2.293011
536.512000   2.289618
536.513000   2.288277
536.514000   2.289071
536.515000   2.291911
536.516000   2.296583
536.517000   2.302793
536.518000   2.310185
536.519000   2.318347
536.520000   2.326796
536.521000   2.334990
536.522000   2.342369
536.523000   2.348420
536.524000   2.352741
536.525000   2.355095
536.526000   2.355445
536.527000   2.353963
536.528000   2.351006
536.529000   2.347058
536.530000   2.342659
536.531000   2.338328
536.532000   2.334523
536.533000   2.331609
536.534000   2.329878
536.535000   2.329559
536.536000   2.330832
536.537000   2.333819
536.538000   2.338544
536.539000   2.344908
536.540000   2.352694
536.541000   2.361607
536.542000   2.371327
536.543000   2.381554
536.544000   2.392037
536.545000   2.402573
536.546000   2.412979
536.547000   2.423060
536.548000   2.432590
536.549000   2.441331
536.550000   2.449059
536.551000   2.455605
536.552000   2.460878
536.553000   2.464879
536.554000   2.467700
536.555000   2.469505
536.556000   2.470501
536.557000   2.470899
536.558000   2.470893
536.559000   2.470665
536.560000   2.470407
536.561000   2.470349
536.562000   2.470752
536.563000   2.471894
536.564000   2.474022
536.565000   2.477314
536.566000   2.481848
536.567000   2.487607
536.568000   2.494498
536.569000   2.502382
536.570000   2.511077
536.571000   2.520347
536.572000   2.529881
536.573000   2.539279
536.574000   2.548062
536.575000   2.555700
536.576000   2.561666
536.577000   2.565500
536.578000   2.566878
536.579000   2.565661
536.580000   2.561916
536.581000   2.555889
536.582000   2.547972
536.583000   2.538630
536.584000   2.528359
536.585000   2.517659
536.586000   2.507038
536.587000   2.497031
536.588000   2.488212
536.589000   2.481156
536.590000   2.476373
536.591000   2.474226
536.592000   2.474851
536.593000   2.478125
536.594000   2.483657
536.595000   2.490841
536.596000   2.498937
536.597000   2.507163
536.598000   2.514793
536.599000   2.521229
536.600000   2.526036
536.601000   2.528964
536.602000   2.529926
536.603000   2.528967
536.604000   2.526225
536.605000   2.521904
536.606000   2.516283
536.607000   2.509717
536.608000   2.502633
536.609000   2.495486
536.610000   2.488702
536.611000   2.482614
536.612000   2.477424
536.613000   2.473195
536.614000   2.469888
536.615000   2.467421
536.616000   2.465725
536.617000   2.464769
536.618000   2.464543
536.619000   2.465011
536.620000   2.466078
536.621000   2.467576
536.622000   2.469274
536.623000   2.470908
536.624000   2.472230
536.625000   2.473054
536.626000   2.473288
536.627000   2.472940
536.628000   2.472103
536.629000   2.470921
536.630000   2.469541
536.631000   2.468061
536.632000   2.466494
536.633000   2.464757
536.634000   2.462699
536.635000   2.460141
536.636000   2.456911
536.637000   2.452871
536.638000   2.447932
536.639000   2.442055
536.640000   2.435247
536.641000   2.427564
536.642000   2.419125
536.643000   2.410124
536.644000   2.400831
536.645000   2.391570
536.646000   2.382676
536.647000   2.374444
536.648000   2.367093
536.649000   2.360757
536.650000   2.355487
536.651000   2.351270
536.652000   2.348044
536.653000   2.345715
536.654000   2.344177
536.655000   2.343326
536.656000   2.343062
536.657000   2.343297
536.658000   2.343950
536.659000   2.344946
536.660000   2.346205
536.661000   2.347645
536.662000   2.349188
536.663000   2.350768
536.664000   2.352339
536.665000   2.353874
536.666000   2.355365
536.667000   2.356812
536.668000   2.358214
536.669000   2.359548
536.670000   2.360761
536.671000   2.361779
536.672000   2.362520
536.673000   2.362921
536.674000   2.362951
536.675000   2.362629
536.676000   2.362008
536.677000   2.361157
536.678000   2.360119
536.679000   2.358904
536.680000   2.357504
536.681000   2.355937
536.682000   2.354293
536.683000   2.352752
536.684000   2.351573
536.685000   2.351049
536.686000   2.351445
536.687000   2.352925
536.688000   2.355499
536.689000   2.359012
536.690000   2.363175
536.691000   2.367626
536.692000   2.372006
536.693000   2.376017
536.694000   2.379458
536.695000   2.382216
536.696000   2.384228
536.697000   2.385441
536.698000   2.385789
536.699000   2.385200
536.700000   2.383636
536.701000   2.381135
536.702000   2.377850
536.703000   2.374044
536.704000   2.370048
536.705000   2.366169
536.706000   2.362601
536.707000   2.359351
536.708000   2.356240
536.709000   2.352970
536.710000   2.349228
536.711000   2.344807
536.712000   2.339674
536.713000   2.333986
536.714000   2.328025
536.715000   2.322112
536.716000   2.316531
536.717000   2.311492
536.718000   2.307145
536.719000   2.303617
536.720000   2.301045
536.721000   2.299597
536.722000   2.299453
536.723000   2.300754
536.724000   2.303526
536.725000   2.307613
536.726000   2.312664
536.727000   2.318175
536.728000   2.323585
536.729000   2.328392
536.730000   2.332253
536.731000   2.335031
536.732000   2.336765
536.733000   2.337573
536.734000   2.337568
536.735000   2.336813
536.736000   2.335363
536.737000   2.333328
536.738000   2.330928
536.739000   2.328506
536.740000   2.326497
536.741000   2.325339
536.742000   2.325376
536.743000   2.326760
536.744000   2.329416
536.745000   2.333082
536.746000   2.337370
536.747000   2.341856
536.748000   2.346144
536.749000   2.349911
536.750000   2.352908
536.751000   2.354929
536.752000   2.355767
536.753000   2.355199
536.754000   2.353029
536.755000   2.349155
536.756000   2.343633
536.757000   2.336705
536.758000   2.328775
536.759000   2.320351
536.760000   2.311948
536.761000   2.304005
536.762000   2.296851
536.763000   2.290709
536.764000   2.285732
536.765000   2.282017
536.766000   2.279611
536.767000   2.278511
536.768000   2.278648
536.769000   2.279877
536.770000   2.281957
536.771000   2.284583
536.772000   2.287443
536.773000   2.290296
536.774000   2.293038
536.775000   2.295715
536.776000   2.298501
536.777000   2.301630
536.778000   2.305308
536.779000   2.309630
536.780000   2.314565
536.781000   2.320011
536.782000   2.325876
536.783000   2.332130
536.784000   2.338806
536.785000   2.345956
536.786000   2.353584
536.787000   2.361598
536.788000   2.369790
536.789000   2.377889
536.790000   2.385635
536.791000   2.392870
536.792000   2.399559
536.793000   2.405760
536.794000   2.411555
536.795000   2.416970
536.796000   2.421918
536.797000   2.426180
536.798000   2.429445
536.799000   2.431390
536.800000   2.431767
536.801000   2.430470
536.802000   2.427557
536.803000   2.423212
536.804000   2.417680
536.805000   2.411183
536.806000   2.403860
536.807000   2.395763
536.808000   2.386915
536.809000   2.377396
536.810000   2.367406
536.811000   2.357279
536.812000   2.347450
536.813000   2.338389
536.814000   2.330517
536.815000   2.324156
536.816000   2.319513
536.817000   2.316705
536.818000   2.315786
536.819000   2.316757
536.820000   2.319553
536.821000   2.324009
536.822000   2.329843
536.823000   2.336667
536.824000   2.344028
536.825000   2.351474
536.826000   2.358618
536.827000   2.365195
536.828000   2.371082
536.829000   2.376273
536.830000   2.380825
536.831000   2.384789
536.832000   2.388163
536.833000   2.390881
536.834000   2.392840
536.835000   2.393952
536.836000   2.394187
536.837000   2.393593
536.838000   2.392280
536.839000   2.390368
536.840000   2.387931
536.841000   2.384968
536.842000   2.381417
536.843000   2.377209
536.844000   2.372327
536.845000   2.366856
536.846000   2.361012
536.847000   2.355130
536.848000   2.349621
536.849000   2.344909
536.850000   2.341374
536.851000   2.339325
536.852000   2.338991
536.853000   2.340515
536.854000   2.343948
536.855000   2.349225
536.856000   2.356128
536.857000   2.364241
536.858000   2.372930
536.859000   2.381380
536.860000   2.388691
536.861000   2.394014
536.862000   2.396691
536.863000   2.396367
536.864000   2.393046
536.865000   2.387087
536.866000   2.379131
536.867000   2.369990
536.868000   2.360533
536.869000   2.351593
536.870000   2.343887
536.871000   2.337978
536.872000   2.334245
536.873000   2.332891
536.874000   2.333947
536.875000   2.337284
536.876000   2.342610
536.877000   2.349488
536.878000   2.357348
536.879000   2.365522
536.880000   2.373285
536.881000   2.379920
536.882000   2.384787
536.883000   2.387386
536.884000   2.387416
536.885000   2.384812
536.886000   2.379756
536.887000   2.372667
536.888000   2.364147
536.889000   2.354911
536.890000   2.345695
536.891000   2.337184
536.892000   2.329945
536.893000   2.324396
536.894000   2.320807
536.895000   2.319320
536.896000   2.319979
536.897000   2.322736
536.898000   2.327436
536.899000   2.333779
536.900000   2.341305
536.901000   2.349390
536.901000   2.349390
536.902000   2.357301
536.903000   2.364305
536.904000   2.369809
536.905000   2.373500
536.906000   2.375412
536.907000   2.375909
536.908000   2.375586
536.909000   2.375112
536.910000   2.375086
536.911000   2.375933
536.912000   2.377885
536.913000   2.381020
536.914000   2.385328
536.915000   2.390757
536.916000   2.397225
536.917000   2.404600
536.918000   2.412672
536.919000   2.421139
536.920000   2.429610
536.921000   2.437649
536.922000   2.444845
536.923000   2.450874
536.924000   2.455555
536.925000   2.458854
536.926000   2.460847
536.927000   2.461658
536.928000   2.461389
536.929000   2.460102
536.930000   2.457849
536.931000   2.454739
536.932000   2.450991
536.933000   2.446953
536.934000   2.443064
536.935000   2.439778
536.936000   2.437476
536.937000   2.436408
536.938000   2.436695
536.939000   2.438374
536.940000   2.441460
536.941000   2.445986
536.942000   2.452018
536.943000   2.459639
536.944000   2.468893
536.945000   2.479732
536.946000   2.491956
536.947000   2.505207
536.948000   2.518992
536.949000   2.532733
536.950000   2.545827
536.951000   2.557694
536.952000   2.567815
536.953000   2.575740
536.954000   2.581081
536.955000   2.583522
536.956000   2.582854
536.957000   2.579050
536.958000   2.572321
536.959000   2.563143
536.960000   2.552223
536.961000   2.540421
536.962000   2.528637
536.963000   2.517687
536.964000   2.508216
536.965000   2.500658
536.966000   2.495257
536.967000   2.492097
536.968000   2.491134
536.969000   2.492207
536.970000   2.495041
536.971000   2.499236
536.972000   2.504263
536.973000   2.509480
536.974000   2.514177
536.975000   2.517667
536.976000   2.519375
536.977000   2.518923
536.978000   2.516167
536.979000   2.511205
536.980000   2.504338
536.981000   2.496007
536.982000   2.486714
536.983000   2.476967
536.984000   2.467245
536.985000   2.457977
536.986000   2.449522
536.987000   2.442160
536.988000   2.436083
536.989000   2.431382
536.990000   2.428044
536.991000   2.425956
536.992000   2.424924
536.993000   2.424719
536.994000   2.425119
536.995000   2.425950
536.996000   2.427089
536.997000   2.428466
536.998000   2.430037
536.999000   2.431764
537.000000   2.433594
537.001000   2.435466
537.002000   2.437329
537.003000   2.439174
537.004000   2.441027
537.005000   2.442940
537.006000   2.444944
537.007000   2.447019
537.008000   2.449067
537.009000   2.450904
537.010000   2.452280
537.011000   2.452926
537.012000   2.452606
537.013000   2.451159
537.014000   2.448516
537.015000   2.444695
537.016000   2.439781
537.017000   2.433899
537.018000   2.427204
537.019000   2.419884
537.020000   2.412188
537.021000   2.404451
537.022000   2.397092
537.023000   2.390574
537.024000   2.385340
537.025000   2.381736
537.026000   2.379963
537.027000   2.380039
537.028000   2.381800
537.029000   2.384914
537.030000   2.388923
537.031000   2.393290
537.032000   2.397451
537.033000   2.400866
537.034000   2.403079
537.035000   2.403758
537.036000   2.402733
537.037000   2.400003
537.038000   2.395733
537.039000   2.390229
537.040000   2.383914
537.041000   2.377277
537.042000   2.370825
537.043000   2.365023
537.044000   2.360260
537.045000   2.356827
537.046000   2.354918
537.047000   2.354638
537.048000   2.356016
537.049000   2.359006
537.050000   2.363473
537.051000   2.369171
537.052000   2.375744
537.053000   2.382733
537.054000   2.389632
537.055000   2.395952
537.056000   2.401297
537.057000   2.405414
537.058000   2.408210
537.059000   2.409741
537.060000   2.410179
537.061000   2.409767
537.062000   2.408774
537.063000   2.407460
537.064000   2.406057
537.065000   2.404747
537.066000   2.403656
537.067000   2.402826
537.068000   2.402223
537.069000   2.401729
537.070000   2.401165
537.071000   2.400304
537.072000   2.398907
537.073000   2.396745
537.074000   2.393630
537.075000   2.389430
537.076000   2.384076
537.077000   2.377584
537.078000   2.370067
537.079000   2.361732
537.080000   2.352879
537.081000   2.343876
537.082000   2.335131
537.083000   2.327057
537.084000   2.320020
537.085000   2.314306
537.086000   2.310085
537.087000   2.307419
537.088000   2.306268
537.089000   2.306529
537.090000   2.308059
537.091000   2.310699
537.092000   2.314276
537.093000   2.318580
537.094000   2.323354
537.095000   2.328300
537.096000   2.333108
537.097000   2.337488
537.098000   2.341211
537.099000   2.344122
537.100000   2.346153
537.101000   2.347314
537.102000   2.347678
537.103000   2.347354
537.104000   2.346480
537.105000   2.345200
537.106000   2.343655
537.107000   2.341970
537.108000   2.340250
537.109000   2.338588
537.110000   2.337055
537.111000   2.335701
537.112000   2.334534
537.113000   2.333525
537.114000   2.332632
537.115000   2.331833
537.116000   2.331162
537.117000   2.330717
537.118000   2.330648
537.119000   2.331120
537.120000   2.332261
537.121000   2.334118
537.122000   2.336634
537.123000   2.339651
537.124000   2.342936
537.125000   2.346218
537.126000   2.349218
537.127000   2.351667
537.128000   2.353319
537.129000   2.353960
537.130000   2.353413
537.131000   2.351556
537.132000   2.348352
537.133000   2.343891
537.134000   2.338427
537.135000   2.332379
537.136000   2.326287
537.137000   2.320734
537.138000   2.316253
537.139000   2.313249
537.140000   2.311948
537.141000   2.312402
537.142000   2.314514
537.143000   2.318090
537.144000   2.322868
537.145000   2.328533
537.146000   2.334716
537.147000   2.340988
537.148000   2.346878
537.149000   2.351904
537.150000   2.355629
537.151000   2.357734
537.152000   2.358075
537.153000   2.356721
537.154000   2.353939
537.155000   2.350150
537.156000   2.345852
537.157000   2.341539
537.158000   2.337638
537.159000   2.334474
537.160000   2.332278
537.161000   2.331195
537.162000   2.331303
537.163000   2.332616
537.164000   2.335082
537.165000   2.338556
537.166000   2.342788
537.167000   2.347413
537.168000   2.351975
537.169000   2.355969
537.170000   2.358914
537.171000   2.360415
537.172000   2.360225
537.173000   2.358286
537.174000   2.354736
537.175000   2.349873
537.176000   2.344097
537.177000   2.337839
537.178000   2.331500
537.179000   2.325422
537.180000   2.319859
537.181000   2.314980
537.182000   2.310863
537.183000   2.307509
537.184000   2.304839
537.185000   2.302699
537.186000   2.300857
537.187000   2.299026
537.188000   2.296890
537.189000   2.294145
537.190000   2.290553
537.191000   2.285992
537.192000   2.280495
537.193000   2.274265
537.194000   2.267654
537.195000   2.261113
537.196000   2.255131
537.197000   2.250183
537.198000   2.246688
537.199000   2.244986
537.200000   2.245328
537.201000   2.247879
537.202000   2.252718
537.203000   2.259829
537.204000   2.269070
537.205000   2.280143
537.206000   2.292584
537.207000   2.305789
537.208000   2.319068
537.209000   2.331722
537.210000   2.343123
537.211000   2.352781
537.212000   2.360384
537.213000   2.365790
537.214000   2.369008
537.215000   2.370170
537.216000   2.369524
537.217000   2.367413
537.218000   2.364255
537.219000   2.360504
537.220000   2.356609
537.221000   2.352972
537.222000   2.349896
537.223000   2.347536
537.224000   2.345874
537.225000   2.344731
537.226000   2.343826
537.227000   2.342864
537.228000   2.341621
537.229000   2.340015
537.230000   2.338134
537.231000   2.336202
537.232000   2.334519
537.233000   2.333380
537.234000   2.333028
537.235000   2.333636
537.236000   2.335327
537.237000   2.338194
537.238000   2.342323
537.239000   2.347792
537.240000   2.354642
537.241000   2.362828
537.242000   2.372170
537.243000   2.382336
537.244000   2.392895
537.245000   2.403393
537.246000   2.413444
537.247000   2.422798
537.248000   2.431373
537.249000   2.439233
537.250000   2.446524
537.251000   2.453398
537.252000   2.459964
537.253000   2.466291
537.254000   2.472439
537.255000   2.478482
537.256000   2.484514
537.257000   2.490628
537.258000   2.496871
537.259000   2.503187
537.260000   2.509374
537.261000   2.515094
537.262000   2.519928
537.263000   2.523459
537.264000   2.525349
537.265000   2.525390
537.266000   2.523518
537.267000   2.519801
537.268000   2.514384
537.269000   2.507447
537.270000   2.499182
537.271000   2.489819
537.272000   2.479674
537.273000   2.469172
537.274000   2.458846
537.275000   2.449285
537.276000   2.441067
537.277000   2.434664
537.278000   2.430365
537.279000   2.428233
537.280000   2.428137
537.281000   2.429821
537.282000   2.432976
537.283000   2.437276
537.284000   2.442387
537.285000   2.447951
537.286000   2.453571
537.287000   2.458805
537.288000   2.463191
537.289000   2.466307
537.290000   2.467870
537.291000   2.467804
537.292000   2.466257
537.293000   2.463571
537.294000   2.460223
537.295000   2.456730
537.296000   2.453562
537.297000   2.451066
537.298000   2.449441
537.299000   2.448765
537.300000   2.449020
537.301000   2.450113
537.302000   2.451888
537.303000   2.454131
537.304000   2.456565
537.305000   2.458848
537.306000   2.460586
537.307000   2.461384
537.308000   2.460929
537.309000   2.459049
537.310000   2.455742
537.311000   2.451158
537.312000   2.445552
537.313000   2.439235
537.314000   2.432520
537.315000   2.425695
537.316000   2.419022
537.317000   2.412757
537.318000   2.407155
537.319000   2.402447
537.320000   2.398792
537.321000   2.396237
537.322000   2.394691
537.323000   2.393921
537.324000   2.393574
537.325000   2.393252
537.326000   2.392593
537.327000   2.391358
537.328000   2.389463
537.329000   2.386966
537.330000   2.384023
537.331000   2.380820
537.332000   2.377523
537.333000   2.374254
537.334000   2.371103
537.335000   2.368162
537.336000   2.365548
537.337000   2.363387
537.338000   2.361755
537.339000   2.360619
537.340000   2.359797
537.341000   2.358961
537.342000   2.357692
537.343000   2.355570
537.344000   2.352275
537.345000   2.347675
537.346000   2.341856
537.347000   2.335099
537.348000   2.327814
537.349000   2.320460
537.350000   2.313475
537.351000   2.307241
537.352000   2.302080
537.353000   2.298271
537.354000   2.296062
537.355000   2.295662
537.356000   2.297201
537.357000   2.300683
537.358000   2.305962
537.359000   2.312740
537.360000   2.320600
537.361000   2.329050
537.362000   2.337573
537.363000   2.345684
537.364000   2.352975
537.365000   2.359156
537.366000   2.364068
537.367000   2.367694
537.368000   2.370152
537.369000   2.371673
537.370000   2.372562
537.371000   2.373162
537.372000   2.373810
537.373000   2.374814
537.374000   2.376428
537.375000   2.378830
537.376000   2.382107
537.377000   2.386238
537.378000   2.391081
537.379000   2.396370
537.380000   2.401717
537.381000   2.406632
537.382000   2.410581
537.383000   2.413058
537.384000   2.413680
537.385000   2.412272
537.386000   2.408923
537.387000   2.403978
537.388000   2.397988
537.389000   2.391605
537.390000   2.385491
537.391000   2.380236
537.392000   2.376324
537.393000   2.374123
537.394000   2.373891
537.395000   2.375788
537.396000   2.379877
537.397000   2.386106
537.398000   2.394282
537.399000   2.404054
537.400000   2.414942
537.401000   2.426391
537.401000   2.426391
537.402000   2.437861
537.403000   2.448905
537.404000   2.459243
537.405000   2.468775
537.406000   2.477545
537.407000   2.485661
537.408000   2.493195
537.409000   2.500137
537.410000   2.506384
537.411000   2.511789
537.412000   2.516210
537.413000   2.519556
537.414000   2.521797
537.415000   2.522934
537.416000   2.522937
537.417000   2.521696
537.418000   2.519018
537.419000   2.514679
537.420000   2.508500
537.421000   2.500425
537.422000   2.490575
537.423000   2.479252
537.424000   2.466906
537.425000   2.454052
537.426000   2.441170
537.427000   2.428630
537.428000   2.416670
537.429000   2.405431
537.430000   2.395008
537.431000   2.385514
537.432000   2.377110
537.433000   2.369997
537.434000   2.364360
537.435000   2.360278
537.436000   2.357658
537.437000   2.356229
537.438000   2.355600
537.439000   2.355359
537.440000   2.355156
537.441000   2.354775
537.442000   2.354159
537.443000   2.353387
537.444000   2.352621
537.445000   2.352043
537.446000   2.351831
537.447000   2.352164
537.448000   2.353243
537.449000   2.355291
537.450000   2.358527
537.451000   2.363123
537.452000   2.369142
537.453000   2.376477
537.454000   2.384826
537.455000   2.393705
537.456000   2.402532
537.457000   2.410717
537.458000   2.417735
537.459000   2.423179
537.460000   2.426779
537.461000   2.428388
537.462000   2.427946
537.463000   2.425461
537.464000   2.421006
537.465000   2.414755
537.466000   2.407004
537.467000   2.398178
537.468000   2.388793
537.469000   2.379403
537.470000   2.370524
537.471000   2.362552
537.472000   2.355707
537.473000   2.350027
537.474000   2.345419
537.475000   2.341752
537.476000   2.338937
537.477000   2.336971
537.478000   2.335939
537.479000   2.335961
537.480000   2.337126
537.481000   2.339430
537.482000   2.342771
537.483000   2.347000
537.484000   2.351982
537.485000   2.357633
537.486000   2.363931
537.487000   2.370901
537.488000   2.378567
537.489000   2.386903
537.490000   2.395792
537.491000   2.404999
537.492000   2.414199
537.493000   2.423026
537.494000   2.431129
537.495000   2.438212
537.496000   2.444063
537.497000   2.448554
537.498000   2.451629
537.499000   2.453286
537.500000   2.453572
537.501000   2.452593
537.502000   2.450539
537.503000   2.447686
537.504000   2.444377
537.505000   2.440968
537.506000   2.437782
537.507000   2.435075
537.508000   2.433029
537.509000   2.431765
537.510000   2.431354
537.511000   2.431824
537.512000   2.433148
537.513000   2.435224
537.514000   2.437874
537.515000   2.440847
537.516000   2.443861
537.517000   2.446641
537.518000   2.448971
537.519000   2.450727
537.520000   2.451885
537.521000   2.452513
537.522000   2.452750
537.523000   2.452767
537.524000   2.452737
537.525000   2.452791
537.526000   2.453012
537.527000   2.453436
537.528000   2.454077
537.529000   2.454952
537.530000   2.456098
537.531000   2.457570
537.532000   2.459402
537.533000   2.461572
537.534000   2.463962
537.535000   2.466363
537.536000   2.468513
537.537000   2.470159
537.538000   2.471113
537.539000   2.471294
537.540000   2.470757
537.541000   2.469688
537.542000   2.468387
537.543000   2.467214
537.544000   2.466533
537.545000   2.466658
537.546000   2.467806
537.547000   2.470077
537.548000   2.473448
537.549000   2.477799
537.550000   2.482938
537.551000   2.488618
537.552000   2.494558
537.553000   2.500449
537.554000   2.505972
537.555000   2.510815
537.556000   2.514688
537.557000   2.517363
537.558000   2.518719
537.559000   2.518780
537.560000   2.517732
537.561000   2.515918
537.562000   2.513806
537.563000   2.511949
537.564000   2.510909
537.565000   2.511178
537.566000   2.513103
537.567000   2.516850
537.568000   2.522410
537.569000   2.529620
537.570000   2.538198
537.571000   2.547757
537.572000   2.557821
537.573000   2.567826
537.574000   2.577121
537.575000   2.584981
537.576000   2.590652
537.577000   2.593437
537.578000   2.592807
537.579000   2.588498
537.580000   2.580587
537.581000   2.569496
537.582000   2.555939
537.583000   2.540809
537.584000   2.525041
537.585000   2.509484
537.586000   2.494836
537.587000   2.481620
537.588000   2.470196
537.589000   2.460798
537.590000   2.453560
537.591000   2.448528
537.592000   2.445641
537.593000   2.444725
537.594000   2.445516
537.595000   2.447712
537.596000   2.451033
537.597000   2.455251
537.598000   2.460198
537.599000   2.465743
537.600000   2.471764
537.601000   2.478116
537.602000   2.484606
537.603000   2.490980
537.604000   2.496948
537.605000   2.502201
537.606000   2.506450
537.607000   2.509447
537.608000   2.511006
537.609000   2.511015
537.610000   2.509424
537.611000   2.506233
537.612000   2.501482
537.613000   2.495279
537.614000   2.487844
537.615000   2.479545
537.616000   2.470899
537.617000   2.462548
537.618000   2.455193
537.619000   2.449506
537.620000   2.446028
537.621000   2.445086
537.622000   2.446738
537.623000   2.450761
537.624000   2.456669
537.625000   2.463759
537.626000   2.471178
537.627000   2.478005
537.628000   2.483341
537.629000   2.486387
537.630000   2.486519
537.631000   2.483365
537.632000   2.476874
537.633000   2.467348
537.634000   2.455422
537.635000   2.441969
537.636000   2.427978
537.637000   2.414422
537.638000   2.402146
537.639000   2.391804
537.640000   2.383842
537.641000   2.378526
537.642000   2.375970
537.643000   2.376155
537.644000   2.378922
537.645000   2.383934
537.646000   2.390645
537.647000   2.398286
537.648000   2.405897
537.649000   2.412417
537.650000   2.416817
537.651000   2.418247
537.652000   2.416169
537.653000   2.410448
537.654000   2.401362
537.655000   2.389533
537.656000   2.375801
537.657000   2.361087
537.658000   2.346282
537.659000   2.332185
537.660000   2.319472
537.661000   2.308695
537.662000   2.300297
537.663000   2.294612
537.664000   2.291849
537.665000   2.292064
537.666000   2.295124
537.667000   2.300667
537.668000   2.308102
537.669000   2.316641
537.670000   2.325380
537.671000   2.333409
537.672000   2.339923
537.673000   2.344305
537.674000   2.346190
537.675000   2.345472
537.676000   2.342293
537.677000   2.336992
537.678000   2.330050
537.679000   2.322036
537.680000   2.313545
537.681000   2.305148
537.682000   2.297344
537.683000   2.290538
537.684000   2.285027
537.685000   2.281003
537.686000   2.278548
537.687000   2.277644
537.688000   2.278189
537.689000   2.280011
537.690000   2.282879
537.691000   2.286511
537.692000   2.290588
537.693000   2.294759
537.694000   2.298655
537.695000   2.301908
537.696000   2.304171
537.697000   2.305151
537.698000   2.304634
537.699000   2.302497
537.700000   2.298708
537.701000   2.293326
537.702000   2.286487
537.703000   2.278399
537.704000   2.269316
537.705000   2.259542
537.706000   2.249417
537.707000   2.239313
537.708000   2.229610
537.709000   2.220691
537.710000   2.212917
537.711000   2.206606
537.712000   2.201999
537.713000   2.199234
537.714000   2.198341
537.715000   2.199255
537.716000   2.201855
537.717000   2.206003
537.718000   2.211571
537.719000   2.218449
537.720000   2.226519
537.721000   2.235598
537.722000   2.245383
537.723000   2.255455
537.724000   2.265322
537.725000   2.274510
537.726000   2.282653
537.727000   2.289567
537.728000   2.295276
537.729000   2.299989
537.730000   2.304031
537.731000   2.307747
537.732000   2.311429
537.733000   2.315264
537.734000   2.319331
537.735000   2.323631
537.736000   2.328144
537.737000   2.332864
537.738000   2.337821
537.739000   2.343054
537.740000   2.348560
537.741000   2.354239
537.742000   2.359872
537.743000   2.365140
537.744000   2.369690
537.745000   2.373230
537.746000   2.375599
537.747000   2.376810
537.748000   2.377040
537.749000   2.376569
537.750000   2.375702
537.751000   2.374709
537.752000   2.373804
537.753000   2.373167
537.754000   2.372964
537.755000   2.373370
537.756000   2.374561
537.757000   2.376699
537.758000   2.379896
537.759000   2.384177
537.760000   2.389443
537.761000   2.395482
537.762000   2.401999
537.763000   2.408655
537.764000   2.415115
537.765000   2.421084
537.766000   2.426327
537.767000   2.430681
537.768000   2.434045
537.769000   2.436377
537.770000   2.437705
537.771000   2.438128
537.772000   2.437823
537.773000   2.437010
537.774000   2.435920
537.775000   2.434751
537.776000   2.433628
537.777000   2.432585
537.778000   2.431571
537.779000   2.430491
537.780000   2.429252
537.781000   2.427800
537.782000   2.426144
537.783000   2.424354
537.784000   2.422540
537.785000   2.420819
537.786000   2.419278
537.787000   2.417966
537.788000   2.416908
537.789000   2.416158
537.790000   2.415814
537.791000   2.416015
537.792000   2.416903
537.793000   2.418577
537.794000   2.421052
537.795000   2.424245
537.796000   2.427978
537.797000   2.432014
537.798000   2.436105
537.799000   2.440035
537.800000   2.443656
537.801000   2.446889
537.802000   2.449716
537.803000   2.452148
537.804000   2.454216
537.805000   2.455955
537.806000   2.457419
537.807000   2.458706
537.808000   2.459985
537.809000   2.461496
537.810000   2.463514
537.811000   2.466278
537.812000   2.469934
537.813000   2.474496
537.814000   2.479854
537.815000   2.485818
537.816000   2.492168
537.817000   2.498690
537.818000   2.505170
537.819000   2.511371
537.820000   2.516997
537.821000   2.521697
537.822000   2.525090
537.823000   2.526821
537.824000   2.526629
537.825000   2.524410
537.826000   2.520250
537.827000   2.514432
537.828000   2.507384
537.829000   2.499608
537.830000   2.491596
537.831000   2.483770
537.832000   2.476451
537.833000   2.469856
537.834000   2.464123
537.835000   2.459340
537.836000   2.455569
537.837000   2.452839
537.838000   2.451135
537.839000   2.450378
537.840000   2.450426
537.841000   2.451091
537.842000   2.452163
537.843000   2.453442
537.844000   2.454736
537.845000   2.455867
537.846000   2.456661
537.847000   2.456954
537.848000   2.456614
537.849000   2.455566
537.850000   2.453814
537.851000   2.451450
537.852000   2.448626
537.853000   2.445504
537.854000   2.442204
537.855000   2.438765
537.856000   2.435129
537.857000   2.431170
537.858000   2.426730
537.859000   2.421679
537.860000   2.415957
537.861000   2.409606
537.862000   2.402766
537.863000   2.395654
537.864000   2.388530
537.865000   2.381658
537.866000   2.375270
537.867000   2.369547
537.868000   2.364625
537.869000   2.360605
537.870000   2.357578
537.871000   2.355623
537.872000   2.354799
537.873000   2.355116
537.874000   2.356502
537.875000   2.358789
537.876000   2.361709
537.877000   2.364920
537.878000   2.368040
537.879000   2.370693
537.880000   2.372545
537.881000   2.373343
537.882000   2.372934
537.883000   2.371266
537.884000   2.368382
537.885000   2.364394
537.886000   2.359475
537.887000   2.353839
537.888000   2.347721
537.889000   2.341360
537.890000   2.334980
537.891000   2.328779
537.892000   2.322934
537.893000   2.317601
537.894000   2.312928
537.895000   2.309052
537.896000   2.306087
537.897000   2.304101
537.898000   2.303074
537.899000   2.302863
537.900000   2.303207
537.901000   2.303780
537.901000   2.303780
537.902000   2.304279
537.903000   2.304484
537.904000   2.304295
537.905000   2.303731
537.906000   2.302909
537.907000   2.301995
537.908000   2.301151
537.909000   2.300503
537.910000   2.300134
537.911000   2.300119
537.912000   2.300543
537.913000   2.301520
537.914000   2.303182
537.915000   2.305654
537.916000   2.309000
537.917000   2.313177
537.918000   2.318005
537.919000   2.323200
537.920000   2.328439
537.921000   2.333453
537.922000   2.338089
537.923000   2.342347
537.924000   2.346359
537.925000   2.350335
537.926000   2.354492
537.927000   2.359004
537.928000   2.363997
537.929000   2.369571
537.930000   2.375823
537.931000   2.382836
537.932000   2.390648
537.933000   2.399209
537.934000   2.408340
537.935000   2.417714
537.936000   2.426872
537.937000   2.435288
537.938000   2.442480
537.939000   2.448106
537.940000   2.452027
537.941000   2.454300
537.942000   2.455134
537.943000   2.454801
537.944000   2.453577
537.945000   2.451697
537.946000   2.449370
537.947000   2.446811
537.948000   2.444265
537.949000   2.442011
537.950000   2.440338
537.951000   2.439496
537.952000   2.439628
537.953000   2.440724
537.954000   2.442591
537.955000   2.444896
537.956000   2.447237
537.957000   2.449233
537.958000   2.450600
537.959000   2.451189
537.960000   2.450989
537.961000   2.450072
537.962000   2.448525
537.963000   2.446396
537.964000   2.443697
537.965000   2.440464
537.966000   2.436839
537.967000   2.433102
537.968000   2.429657
537.969000   2.426946
537.970000   2.425351
537.971000   2.425089
537.972000   2.426160
537.973000   2.428334
537.974000   2.431196
537.975000   2.434218
537.976000   2.436840
537.977000   2.438530
537.978000   2.438826
537.979000   2.437342
537.980000   2.433791
537.981000   2.427998
537.982000   2.419942
537.983000   2.409802
537.984000   2.397999
537.985000   2.385190
537.986000   2.372224
537.987000   2.360031
537.988000   2.349503
537.989000   2.341377
537.990000   2.336160
537.991000   2.334107
537.992000   2.335245
537.993000   2.339404
537.994000   2.346254
537.995000   2.355319
537.996000   2.365985
537.997000   2.377508
537.998000   2.389044
537.999000   2.399699
538.000000   2.408591
538.001000   2.414934
538.002000   2.418138
538.003000   2.417892
538.004000   2.414215
538.005000   2.407452
538.006000   2.398219
538.007000   2.387308
538.008000   2.375573
538.009000   2.363808
538.010000   2.352651
538.011000   2.342519
538.012000   2.333587
538.013000   2.325803
538.014000   2.318932
538.015000   2.312616
538.016000   2.306444
538.017000   2.300001
538.018000   2.292899
538.019000   2.284805
538.020000   2.275467
538.021000   2.264749
538.022000   2.252660
538.023000   2.239380
538.024000   2.225272
538.025000   2.210866
538.026000   2.196801
538.027000   2.183740
538.028000   2.172268
538.029000   2.162814
538.030000   2.155600
538.031000   2.150639
538.032000   2.147773
538.033000   2.146735
538.034000   2.147220
538.035000   2.148945
538.036000   2.151672
538.037000   2.155212
538.038000   2.159394
538.039000   2.164050
538.040000   2.168997
538.041000   2.174052
538.042000   2.179068
538.043000   2.183979
538.044000   2.188841
538.045000   2.193857
538.046000   2.199364
538.047000   2.205792
538.048000   2.213587
538.049000   2.223126
538.050000   2.234617
538.051000   2.248020
538.052000   2.263012
538.053000   2.279016
538.054000   2.295272
538.055000   2.310942
538.056000   2.325208
538.057000   2.337360
538.058000   2.346877
538.059000   2.353484
538.060000   2.357174
538.061000   2.358193
538.062000   2.356984
538.063000   2.354115
538.064000   2.350194
538.065000   2.345792
538.066000   2.341388
538.067000   2.337345
538.068000   2.333906
538.069000   2.331202
538.070000   2.329252
538.071000   2.327983
538.072000   2.327236
538.073000   2.326791
538.074000   2.326383
538.075000   2.325726
538.076000   2.324538
538.077000   2.322575
538.078000   2.319682
538.079000   2.315828
538.080000   2.311136
538.081000   2.305874
538.082000   2.300423
538.083000   2.295218
538.084000   2.290681
538.085000   2.287171
538.086000   2.284949
538.087000   2.284172
538.088000   2.284889
538.089000   2.287035
538.090000   2.290423
538.091000   2.294730
538.092000   2.299488
538.093000   2.304086
538.094000   2.307811
538.095000   2.309932
538.096000   2.309810
538.097000   2.307001
538.098000   2.301319
538.099000   2.292868
538.100000   2.282019
538.101000   2.269364
538.102000   2.255639
538.103000   2.241655
538.104000   2.228239
538.105000   2.216174
538.106000   2.206144
538.107000   2.198674
538.108000   2.194094
538.109000   2.192523
538.110000   2.193879
538.111000   2.197911
538.112000   2.204234
538.113000   2.212380
538.114000   2.221853
538.115000   2.232173
538.116000   2.242906
538.117000   2.253673
538.118000   2.264148
538.119000   2.274040
538.120000   2.283099
538.121000   2.291138
538.122000   2.298067
538.123000   2.303931
538.124000   2.308920
538.125000   2.313335
538.126000   2.317533
538.127000   2.321846
538.128000   2.326504
538.129000   2.331574
538.130000   2.336949
538.131000   2.342369
538.132000   2.347487
538.133000   2.351936
538.134000   2.355386
538.135000   2.357581
538.136000   2.358347
538.137000   2.357597
538.138000   2.355316
538.139000   2.351565
538.140000   2.346493
538.141000   2.340347
538.142000   2.333487
538.143000   2.326361
538.144000   2.319468
538.145000   2.313292
538.146000   2.308241
538.147000   2.304607
538.148000   2.302542
538.149000   2.302065
538.150000   2.303068
538.151000   2.305350
538.152000   2.308649
538.153000   2.312677
538.154000   2.317150
538.155000   2.321811
538.156000   2.326444
538.157000   2.330886
538.158000   2.335023
538.159000   2.338793
538.160000   2.342195
538.161000   2.345304
538.162000   2.348294
538.163000   2.351435
538.164000   2.355058
538.165000   2.359494
538.166000   2.364999
538.167000   2.371695
538.168000   2.379526
538.169000   2.388258
538.170000   2.397492
538.171000   2.406718
538.172000   2.415370
538.173000   2.422896
538.174000   2.428807
538.175000   2.432726
538.176000   2.434415
538.177000   2.433798
538.178000   2.430964
538.179000   2.426169
538.180000   2.419816
538.181000   2.412418
538.182000   2.404555
538.183000   2.396808
538.184000   2.389702
538.185000   2.383647
538.186000   2.378899
538.187000   2.375554
538.188000   2.373573
538.189000   2.372823
538.190000   2.373126
538.191000   2.374284
538.192000   2.376099
538.193000   2.378356
538.194000   2.380825
538.195000   2.383242
538.196000   2.385321
538.197000   2.386769
538.198000   2.387336
538.199000   2.386867
538.200000   2.385359
538.201000   2.382983
538.202000   2.380087
538.203000   2.377135
538.204000   2.374626
538.205000   2.372973
538.206000   2.372415
538.207000   2.372962
538.208000   2.374426
538.209000   2.376493
538.210000   2.378822
538.211000   2.381115
538.212000   2.383149
538.213000   2.384751
538.214000   2.385758
538.215000   2.385991
538.216000   2.385267
538.217000   2.383440
538.218000   2.380466
538.219000   2.376463
538.220000   2.371736
538.221000   2.366769
538.222000   2.362146
538.223000   2.358450
538.224000   2.356151
538.225000   2.355535
538.226000   2.356680
538.227000   2.359495
538.228000   2.363769
538.229000   2.369234
538.230000   2.375613
538.231000   2.382634
538.232000   2.390024
538.233000   2.397504
538.234000   2.404792
538.235000   2.411635
538.236000   2.417834
538.237000   2.423261
538.238000   2.427862
538.239000   2.431650
538.240000   2.434682
538.241000   2.437040
538.242000   2.438813
538.243000   2.440086
538.244000   2.440929
538.245000   2.441389
538.246000   2.441493
538.247000   2.441255
538.248000   2.440701
538.249000   2.439880
538.250000   2.438874
538.251000   2.437783
538.252000   2.436719
538.253000   2.435789
538.254000   2.435091
538.255000   2.434708
538.256000   2.434715
538.257000   2.435163
538.258000   2.436071
538.259000   2.437412
538.260000   2.439105
538.261000   2.441017
538.262000   2.442971
538.263000   2.444763
538.264000   2.446178
538.265000   2.447014
538.266000   2.447099
538.267000   2.446301
538.268000   2.444541
538.269000   2.441801
538.270000   2.438141
538.271000   2.433713
538.272000   2.428760
538.273000   2.423620
538.274000   2.418699
538.275000   2.414453
538.276000   2.411346
538.277000   2.409822
538.278000   2.410270
538.279000   2.413000
538.280000   2.418213
538.281000   2.425977
538.282000   2.436189
538.283000   2.448541
538.284000   2.462501
538.285000   2.477308
538.286000   2.492015
538.287000   2.505564
538.288000   2.516901
538.289000   2.525102
538.290000   2.529496
538.291000   2.529743
538.292000   2.525855
538.293000   2.518151
538.294000   2.507164
538.295000   2.493539
538.296000   2.477948
538.297000   2.461042
538.298000   2.443433
538.299000   2.425687
538.300000   2.408323
538.301000   2.391796
538.302000   2.376484
538.303000   2.362681
538.304000   2.350595
538.305000   2.340353
538.306000   2.332001
538.307000   2.325511
538.308000   2.320786
538.309000   2.317658
538.310000   2.315891
538.311000   2.315177
538.312000   2.315158
538.313000   2.315461
538.314000   2.315756
538.315000   2.315803
538.316000   2.315500
538.317000   2.314895
538.318000   2.314175
538.319000   2.313618
538.320000   2.313523
538.321000   2.314135
538.322000   2.315585
538.323000   2.317868
538.324000   2.320840
538.325000   2.324244
538.326000   2.327743
538.327000   2.330964
538.328000   2.333534
538.329000   2.335128
538.330000   2.335497
538.331000   2.334495
538.332000   2.332094
538.333000   2.328381
538.334000   2.323541
538.335000   2.317824
538.336000   2.311515
538.337000   2.304893
538.338000   2.298210
538.339000   2.291692
538.340000   2.285551
538.341000   2.280006
538.342000   2.275284
538.343000   2.271610
538.344000   2.269191
538.345000   2.268188
538.346000   2.268699
538.347000   2.270748
538.348000   2.274268
538.349000   2.279102
538.350000   2.285005
538.351000   2.291655
538.352000   2.298675
538.353000   2.305661
538.354000   2.312206
538.355000   2.317943
538.356000   2.322571
538.357000   2.325876
538.358000   2.327732
538.359000   2.328096
538.360000   2.326995
538.361000   2.324529
538.362000   2.320880
538.363000   2.316318
538.364000   2.311197
538.365000   2.305941
538.366000   2.301003
538.367000   2.296831
538.368000   2.293832
538.369000   2.292344
538.370000   2.292614
538.371000   2.294787
538.372000   2.298913
538.373000   2.304962
538.374000   2.312846
538.375000   2.322431
538.376000   2.333536
538.377000   2.345913
538.378000   2.359215
538.379000   2.372971
538.380000   2.386589
538.381000   2.399403
538.382000   2.410765
538.383000   2.420144
538.384000   2.427208
538.385000   2.431853
538.386000   2.434189
538.387000   2.434473
538.388000   2.433037
538.389000   2.430225
538.390000   2.426347
538.391000   2.421677
538.392000   2.416463
538.393000   2.410959
538.394000   2.405450
538.395000   2.400258
538.396000   2.395727
538.397000   2.392187
538.398000   2.389901
538.399000   2.389024
538.400000   2.389584
538.401000   2.391488
538.401000   2.391488
538.402000   2.394552
538.403000   2.398531
538.404000   2.403153
538.405000   2.408124
538.406000   2.413138
538.407000   2.417881
538.408000   2.422042
538.409000   2.425340
538.410000   2.427550
538.411000   2.428532
538.412000   2.428246
538.413000   2.426751
538.414000   2.424191
538.415000   2.420769
538.416000   2.416728
538.417000   2.412349
538.418000   2.407937
538.419000   2.403817
538.420000   2.400312
538.421000   2.397718
538.422000   2.396267
538.423000   2.396092
538.424000   2.397215
538.425000   2.399544
538.426000   2.402901
538.427000   2.407064
538.428000   2.411806
538.429000   2.416927
538.430000   2.422272
538.431000   2.427730
538.432000   2.433219
538.433000   2.438663
538.434000   2.443975
538.435000   2.449039
538.436000   2.453714
538.437000   2.457839
538.438000   2.461250
538.439000   2.463800
538.440000   2.465382
538.441000   2.465932
538.442000   2.465418
538.443000   2.463823
538.444000   2.461120
538.445000   2.457263
538.446000   2.452193
538.447000   2.445868
538.448000   2.438303
538.449000   2.429616
538.450000   2.420054
538.451000   2.409987
538.452000   2.399867
538.453000   2.390168
538.454000   2.381313
538.455000   2.373617
538.456000   2.367254
538.457000   2.362247
538.458000   2.358494
538.459000   2.355806
538.460000   2.353956
538.461000   2.352713
538.462000   2.351872
538.463000   2.351259
538.464000   2.350733
538.465000   2.350182
538.466000   2.349540
538.467000   2.348790
538.468000   2.347979
538.469000   2.347235
538.470000   2.346764
538.471000   2.346830
538.472000   2.347706
538.473000   2.349620
538.474000   2.352695
538.475000   2.356907
538.476000   2.362061
538.477000   2.367795
538.478000   2.373620
538.479000   2.378959
538.480000   2.383207
538.481000   2.385769
538.482000   2.386101
538.483000   2.383743
538.484000   2.378355
538.485000   2.369766
538.486000   2.358023
538.487000   2.343435
538.488000   2.326582
538.489000   2.308282
538.490000   2.289495
538.491000   2.271213
538.492000   2.254344
538.493000   2.239654
538.494000   2.227740
538.495000   2.219054
538.496000   2.213929
538.497000   2.212587
538.498000   2.215121
538.499000   2.221453
538.500000   2.231267
538.501000   2.243965
538.502000   2.258642
538.503000   2.274131
538.504000   2.289097
538.505000   2.302195
538.506000   2.312248
538.507000   2.318421
538.508000   2.320344
538.509000   2.318154
538.510000   2.312442
538.511000   2.304139
538.512000   2.294371
538.513000   2.284325
538.514000   2.275154
538.515000   2.267905
538.516000   2.263454
538.517000   2.262446
538.518000   2.265231
538.519000   2.271830
538.520000   2.281909
538.521000   2.294798
538.522000   2.309544
538.523000   2.324999
538.524000   2.339937
538.525000   2.353182
538.526000   2.363739
538.527000   2.370907
538.528000   2.374357
538.529000   2.374161
538.530000   2.370771
538.531000   2.364953
538.532000   2.357684
538.533000   2.350031
538.534000   2.343029
538.535000   2.337569
538.536000   2.334333
538.537000   2.333748
538.538000   2.335994
538.539000   2.341028
538.540000   2.348640
538.541000   2.358505
538.542000   2.370224
538.543000   2.383345
538.544000   2.397364
538.545000   2.411708
538.546000   2.425735
538.547000   2.438741
538.548000   2.450023
538.549000   2.458959
538.550000   2.465117
538.551000   2.468349
538.552000   2.468834
538.553000   2.467062
538.554000   2.463751
538.555000   2.459714
538.556000   2.455721
538.557000   2.452397
538.558000   2.450180
538.559000   2.449326
538.560000   2.449950
538.561000   2.452064
538.562000   2.455604
538.563000   2.460433
538.564000   2.466318
538.565000   2.472918
538.566000   2.479774
538.567000   2.486334
538.568000   2.491997
538.569000   2.496167
538.570000   2.498317
538.571000   2.498047
538.572000   2.495138
538.573000   2.489593
538.574000   2.481660
538.575000   2.471821
538.576000   2.460742
538.577000   2.449166
538.578000   2.437810
538.579000   2.427276
538.580000   2.418013
538.581000   2.410334
538.582000   2.404452
538.583000   2.400536
538.584000   2.398750
538.585000   2.399252
538.586000   2.402155
538.587000   2.407454
538.588000   2.414955
538.589000   2.424218
538.590000   2.434540
538.591000   2.444986
538.592000   2.454468
538.593000   2.461877
538.594000   2.466224
538.595000   2.466751
538.596000   2.462988
538.597000   2.454759
538.598000   2.442145
538.599000   2.425442
538.600000   2.405144
538.601000   2.381932
538.602000   2.356678
538.603000   2.330399
538.604000   2.304185
538.605000   2.279082
538.606000   2.255975
538.607000   2.235503
538.608000   2.218034
538.609000   2.203677
538.610000   2.192342
538.611000   2.183807
538.612000   2.177767
538.613000   2.173857
538.614000   2.171640
538.615000   2.170570
538.616000   2.169980
538.617000   2.169102
538.618000   2.167161
538.619000   2.163517
538.620000   2.157818
538.621000   2.150097
538.622000   2.140773
538.623000   2.130560
538.624000   2.120321
538.625000   2.110919
538.626000   2.103118
538.627000   2.097529
538.628000   2.094609
538.629000   2.094649
538.630000   2.097774
538.631000   2.103906
538.632000   2.112730
538.633000   2.123659
538.634000   2.135826
538.635000   2.148126
538.636000   2.159309
538.637000   2.168136
538.638000   2.173553
538.639000   2.174851
538.640000   2.171796
538.641000   2.164658
538.642000   2.154156
538.643000   2.141311
538.644000   2.127273
538.645000   2.113176
538.646000   2.100053
538.647000   2.088793
538.648000   2.080136
538.649000   2.074651
538.650000   2.072723
538.651000   2.074504
538.652000   2.079869
538.653000   2.088392
538.654000   2.099368
538.655000   2.111894
538.656000   2.124978
538.657000   2.137651
538.658000   2.149062
538.659000   2.158553
538.660000   2.165714
538.661000   2.170404
538.662000   2.172748
538.663000   2.173104
538.664000   2.172017
538.665000   2.170146
538.666000   2.168198
538.667000   2.166860
538.668000   2.166756
538.669000   2.168412
538.670000   2.172235
538.671000   2.178473
538.672000   2.187196
538.673000   2.198288
538.674000   2.211462
538.675000   2.226296
538.676000   2.242262
538.677000   2.258759
538.678000   2.275149
538.679000   2.290795
538.680000   2.305111
538.681000   2.317628
538.682000   2.328048
538.683000   2.336270
538.684000   2.342375
538.685000   2.346568
538.686000   2.349112
538.687000   2.350292
538.688000   2.350408
538.689000   2.349785
538.690000   2.348773
538.691000   2.347739
538.692000   2.347049
538.693000   2.347057
538.694000   2.348087
538.695000   2.350398
538.696000   2.354156
538.697000   2.359415
538.698000   2.366109
538.699000   2.374070
538.700000   2.383054
538.701000   2.392796
538.702000   2.403045
538.703000   2.413560
538.704000   2.424057
538.705000   2.434149
538.706000   2.443332
538.707000   2.451037
538.708000   2.456738
538.709000   2.460080
538.710000   2.460973
538.711000   2.459635
538.712000   2.456548
538.713000   2.452370
538.714000   2.447822
538.715000   2.443573
538.716000   2.440170
538.717000   2.437989
538.718000   2.437224
538.719000   2.437905
538.720000   2.439922
538.721000   2.443045
538.722000   2.446941
538.723000   2.451168
538.724000   2.455181
538.725000   2.458342
538.726000   2.459964
538.727000   2.459402
538.728000   2.456167
538.729000   2.450034
538.730000   2.441124
538.731000   2.429920
538.732000   2.417227
538.733000   2.404078
538.734000   2.391611
538.735000   2.380947
538.736000   2.373080
538.737000   2.368813
538.738000   2.368711
538.739000   2.373092
538.740000   2.382030
538.741000   2.395378
538.742000   2.412768
538.743000   2.433603
538.744000   2.457022
538.745000   2.481871
538.746000   2.506702
538.747000   2.529836
538.748000   2.549512
538.749000   2.564115
538.750000   2.572443
538.751000   2.573929
538.752000   2.568749
538.753000   2.557778
538.754000   2.542421
538.755000   2.524376
538.756000   2.505416
538.757000   2.487203
538.758000   2.471184
538.759000   2.458530
538.760000   2.450117
538.761000   2.446518
538.762000   2.448008
538.763000   2.454552
538.764000   2.465800
538.765000   2.481063
538.766000   2.499308
538.767000   2.519191
538.768000   2.539138
538.769000   2.557484
538.770000   2.572653
538.771000   2.583350
538.772000   2.588734
538.773000   2.588505
538.774000   2.582907
538.775000   2.572651
538.776000   2.558781
538.777000   2.542543
538.778000   2.525250
538.779000   2.508186
538.780000   2.492509
538.781000   2.479187
538.782000   2.468941
538.783000   2.462200
538.784000   2.459089
538.785000   2.459436
538.786000   2.462809
538.787000   2.468579
538.788000   2.475988
538.789000   2.484221
538.790000   2.492463
538.791000   2.499943
538.792000   2.505954
538.793000   2.509885
538.794000   2.511254
538.795000   2.509758
538.796000   2.505328
538.797000   2.498166
538.798000   2.488751
538.799000   2.477795
538.800000   2.466155
538.801000   2.454729
538.802000   2.444349
538.803000   2.435703
538.804000   2.429268
538.805000   2.425279
538.806000   2.423727
538.807000   2.424386
538.808000   2.426853
538.809000   2.430601
538.810000   2.435016
538.811000   2.439436
538.812000   2.443178
538.813000   2.445577
538.814000   2.446028
538.815000   2.444041
538.816000   2.439297
538.817000   2.431687
538.818000   2.421331
538.819000   2.408561
538.820000   2.393891
538.821000   2.377954
538.822000   2.361445
538.823000   2.345050
538.824000   2.329400
538.825000   2.315026
538.826000   2.302347
538.827000   2.291646
538.828000   2.283063
538.829000   2.276588
538.830000   2.272069
538.831000   2.269234
538.832000   2.267725
538.833000   2.267143
538.834000   2.267084
538.835000   2.267158
538.836000   2.266988
538.837000   2.266209
538.838000   2.264464
538.839000   2.261429
538.840000   2.256853
538.841000   2.250623
538.842000   2.242815
538.843000   2.233715
538.844000   2.223786
538.845000   2.213616
538.846000   2.203843
538.847000   2.195087
538.848000   2.187887
538.849000   2.182638
538.850000   2.179555
538.851000   2.178673
538.852000   2.179872
538.853000   2.182939
538.854000   2.187614
538.855000   2.193644
538.856000   2.200806
538.857000   2.208885
538.858000   2.217633
538.859000   2.226714
538.860000   2.235697
538.861000   2.244095
538.862000   2.251452
538.863000   2.257439
538.864000   2.261917
538.865000   2.264959
538.866000   2.266820
538.867000   2.267862
538.868000   2.268480
538.869000   2.269027
538.870000   2.269770
538.871000   2.270868
538.872000   2.272354
538.873000   2.274146
538.874000   2.276058
538.875000   2.277833
538.876000   2.279178
538.877000   2.279809
538.878000   2.279488
538.879000   2.278042
538.880000   2.275376
538.881000   2.271460
538.882000   2.266325
538.883000   2.260070
538.884000   2.252878
538.885000   2.245049
538.886000   2.237008
538.887000   2.229295
538.888000   2.222527
538.889000   2.217326
538.890000   2.214260
538.891000   2.213774
538.892000   2.216143
538.893000   2.221442
538.894000   2.229524
538.895000   2.240012
538.896000   2.252321
538.897000   2.265698
538.898000   2.279278
538.899000   2.292149
538.900000   2.303425
538.901000   2.312315
538.901000   2.312315
538.902000   2.318196
538.903000   2.320664
538.904000   2.319564
538.905000   2.315033
538.906000   2.307520
538.907000   2.297770
538.908000   2.286751
538.909000   2.275532
538.910000   2.265159
538.911000   2.256553
538.912000   2.250450
538.913000   2.247359
538.914000   2.247553
538.915000   2.251077
538.916000   2.257779
538.917000   2.267352
538.918000   2.279380
538.919000   2.293377
538.920000   2.308815
538.921000   2.325137
538.922000   2.341748
538.923000   2.358001
538.924000   2.373195
538.925000   2.386590
538.926000   2.397497
538.927000   2.405387
538.928000   2.410017
538.929000   2.411490
538.930000   2.410256
538.931000   2.407042
538.932000   2.402748
538.933000   2.398344
538.934000   2.394768
538.935000   2.392852
538.936000   2.393248
538.937000   2.396376
538.938000   2.402390
538.939000   2.411167
538.940000   2.422337
538.941000   2.435337
538.942000   2.449476
538.943000   2.464015
538.944000   2.478230
538.945000   2.491477
538.946000   2.503221
538.947000   2.513057
538.948000   2.520705
538.949000   2.526014
538.950000   2.528971
538.951000   2.529720
538.952000   2.528584
538.953000   2.526054
538.954000   2.522755
538.955000   2.519377
538.956000   2.516599
538.957000   2.515008
538.958000   2.515043
538.959000   2.516956
538.960000   2.520805
538.961000   2.526459
538.962000   2.533628
538.963000   2.541906
538.964000   2.550824
538.965000   2.559902
538.966000   2.568678
538.967000   2.576742
538.968000   2.583732
538.969000   2.589327
538.970000   2.593213
538.971000   2.595093
538.972000   2.594731
538.973000   2.592044
538.974000   2.587154
538.975000   2.580399
538.976000   2.572295
538.977000   2.563453
538.978000   2.554488
538.979000   2.545924
538.980000   2.538143
538.981000   2.531374
538.982000   2.525715
538.983000   2.521159
538.984000   2.517622
538.985000   2.514959
538.986000   2.512983
538.987000   2.511467
538.988000   2.510142
538.989000   2.508690
538.990000   2.506765
538.991000   2.504034
538.992000   2.500233
538.993000   2.495201
538.994000   2.488901
538.995000   2.481413
538.996000   2.472913
538.997000   2.463622
538.998000   2.453779
538.999000   2.443618
539.000000   2.433373
539.001000   2.423274
539.002000   2.413547
539.003000   2.404402
539.004000   2.396024
539.005000   2.388547
539.006000   2.382024
539.007000   2.376414
539.008000   2.371612
539.009000   2.367499
539.010000   2.364007
539.011000   2.361143
539.012000   2.358980
539.013000   2.357622
539.014000   2.357137
539.015000   2.357498
539.016000   2.358561
539.017000   2.360093
539.018000   2.361824
539.019000   2.363506
539.020000   2.364937
539.021000   2.365976
539.022000   2.366517
539.023000   2.366455
539.024000   2.365647
539.025000   2.363882
539.026000   2.360892
539.027000   2.356411
539.028000   2.350265
539.029000   2.342459
539.030000   2.333222
539.031000   2.322986
539.032000   2.312311
539.033000   2.301754
539.034000   2.291714
539.035000   2.282352
539.036000   2.273615
539.037000   2.265369
539.038000   2.257532
539.039000   2.250167
539.040000   2.243482
539.041000   2.237788
539.042000   2.233405
539.043000   2.230559
539.044000   2.229293
539.045000   2.229451
539.046000   2.230739
539.047000   2.232826
539.048000   2.235442
539.049000   2.238435
539.050000   2.241779
539.051000   2.245531
539.052000   2.249720
539.053000   2.254217
539.054000   2.258654
539.055000   2.262451
539.056000   2.264944
539.057000   2.265544
539.058000   2.263879
539.059000   2.259873
539.060000   2.253742
539.061000   2.245916
539.062000   2.236929
539.063000   2.227343
539.064000   2.217727
539.065000   2.208646
539.066000   2.200649
539.067000   2.194245
539.068000   2.189866
539.069000   2.187823
539.070000   2.188239
539.071000   2.190986
539.072000   2.195656
539.073000   2.201613
539.074000   2.208109
539.075000   2.214418
539.076000   2.219965
539.077000   2.224402
539.078000   2.227615
539.079000   2.229645
539.080000   2.230570
539.081000   2.230453
539.082000   2.229398
539.083000   2.227639
539.084000   2.225579
539.085000   2.223766
539.086000   2.222831
539.087000   2.223404
539.088000   2.226003
539.089000   2.230933
539.090000   2.238216
539.091000   2.247597
539.092000   2.258626
539.093000   2.270761
539.094000   2.283454
539.095000   2.296217
539.096000   2.308655
539.097000   2.320473
539.098000   2.331429
539.099000   2.341244
539.100000   2.349559
539.101000   2.356037
539.102000   2.360524
539.103000   2.363164
539.104000   2.364400
539.105000   2.364900
539.106000   2.365426
539.107000   2.366688
539.108000   2.369211
539.109000   2.373248
539.110000   2.378789
539.111000   2.385629
539.112000   2.393438
539.113000   2.401833
539.114000   2.410421
539.115000   2.418834
539.116000   2.426736
539.117000   2.433812
539.118000   2.439763
539.119000   2.444333
539.120000   2.447384
539.121000   2.448968
539.122000   2.449351
539.123000   2.449005
539.124000   2.448544
539.125000   2.448650
539.126000   2.449958
539.127000   2.452971
539.128000   2.458010
539.129000   2.465214
539.130000   2.474555
539.131000   2.485854
539.132000   2.498802
539.133000   2.512990
539.134000   2.527936
539.135000   2.543102
539.136000   2.557899
539.137000   2.571699
539.138000   2.583891
539.139000   2.593975
539.140000   2.601642
539.141000   2.606834
539.142000   2.609762
539.143000   2.610864
539.144000   2.610723
539.145000   2.609951
539.146000   2.609087
539.147000   2.608537
539.148000   2.608555
539.149000   2.609232
539.150000   2.610507
539.151000   2.612190
539.152000   2.613999
539.153000   2.615600
539.154000   2.616613
539.155000   2.616625
539.156000   2.615210
539.157000   2.611996
539.158000   2.606742
539.159000   2.599390
539.160000   2.590110
539.161000   2.579300
539.162000   2.567564
539.163000   2.555636
539.164000   2.544254
539.165000   2.534044
539.166000   2.525457
539.167000   2.518749
539.168000   2.513989
539.169000   2.511087
539.170000   2.509856
539.171000   2.510067
539.172000   2.511495
539.173000   2.513901
539.174000   2.516982
539.175000   2.520321
539.176000   2.523385
539.177000   2.525578
539.178000   2.526300
539.179000   2.525046
539.180000   2.521507
539.181000   2.515652
539.182000   2.507752
539.183000   2.498313
539.184000   2.487949
539.185000   2.477281
539.186000   2.466875
539.187000   2.457195
539.188000   2.448586
539.189000   2.441292
539.190000   2.435498
539.191000   2.431349
539.192000   2.428934
539.193000   2.428244
539.194000   2.429150
539.195000   2.431407
539.196000   2.434690
539.197000   2.438622
539.198000   2.442819
539.199000   2.446932
539.200000   2.450670
539.201000   2.453790
539.202000   2.456080
539.203000   2.457346
539.204000   2.457440
539.205000   2.456305
539.206000   2.453977
539.207000   2.450563
539.208000   2.446204
539.209000   2.441029
539.210000   2.435111
539.211000   2.428422
539.212000   2.420847
539.213000   2.412277
539.214000   2.402722
539.215000   2.392357
539.216000   2.381527
539.217000   2.370701
539.218000   2.360412
539.219000   2.351179
539.220000   2.343408
539.221000   2.337298
539.222000   2.332807
539.223000   2.329701
539.224000   2.327655
539.225000   2.326341
539.226000   2.325489
539.227000   2.324915
539.228000   2.324501
539.229000   2.324121
539.230000   2.323508
539.231000   2.322155
539.232000   2.319406
539.233000   2.314694
539.234000   2.307747
539.235000   2.298675
539.236000   2.287949
539.237000   2.276311
539.238000   2.264641
539.239000   2.253806
539.240000   2.244535
539.241000   2.237374
539.242000   2.232696
539.243000   2.230716
539.244000   2.231502
539.245000   2.234969
539.246000   2.240894
539.247000   2.248935
539.248000   2.258639
539.249000   2.269460
539.250000   2.280784
539.251000   2.292000
539.252000   2.302599
539.253000   2.312248
539.254000   2.320814
539.255000   2.328345
539.256000   2.335007
539.257000   2.340999
539.258000   2.346486
539.259000   2.351591
539.260000   2.356421
539.261000   2.361089
539.262000   2.365701
539.263000   2.370313
539.264000   2.374888
539.265000   2.379269
539.266000   2.383166
539.267000   2.386161
539.268000   2.387743
539.269000   2.387400
539.270000   2.384730
539.271000   2.379558
539.272000   2.371991
539.273000   2.362444
539.274000   2.351616
539.275000   2.340402
539.276000   2.329732
539.277000   2.320408
539.278000   2.313034
539.279000   2.308055
539.280000   2.305788
539.281000   2.306398
539.282000   2.309845
539.283000   2.315862
539.284000   2.323952
539.285000   2.333400
539.286000   2.343300
539.287000   2.352594
539.288000   2.360206
539.289000   2.365215
539.290000   2.367009
539.291000   2.365390
539.292000   2.360599
539.293000   2.353273
539.294000   2.344344
539.295000   2.334856
539.296000   2.325765
539.297000   2.317818
539.298000   2.311559
539.299000   2.307406
539.300000   2.305705
539.301000   2.306750
539.302000   2.310779
539.303000   2.317942
539.304000   2.328240
539.305000   2.341448
539.306000   2.357056
539.307000   2.374274
539.308000   2.392092
539.309000   2.409352
539.310000   2.424836
539.311000   2.437391
539.312000   2.446084
539.313000   2.450345
539.314000   2.450060
539.315000   2.445552
539.316000   2.437504
539.317000   2.426856
539.318000   2.414697
539.319000   2.402122
539.320000   2.390114
539.321000   2.379473
539.322000   2.370798
539.323000   2.364477
539.324000   2.360681
539.325000   2.359372
539.326000   2.360360
539.327000   2.363359
539.328000   2.368007
539.329000   2.373856
539.330000   2.380337
539.331000   2.386747
539.332000   2.392252
539.333000   2.395923
539.334000   2.396832
539.335000   2.394219
539.336000   2.387680
539.337000   2.377301
539.338000   2.363676
539.339000   2.347814
539.340000   2.330966
539.341000   2.314436
539.342000   2.299389
539.343000   2.286710
539.344000   2.276972
539.345000   2.270520
539.346000   2.267590
539.347000   2.268379
539.348000   2.273051
539.349000   2.281708
539.350000   2.294337
539.351000   2.310724
539.352000   2.330352
539.353000   2.352331
539.354000   2.375450
539.355000   2.398325
539.356000   2.419581
539.357000   2.438008
539.358000   2.452700
539.359000   2.463149
539.360000   2.469282
539.361000   2.471389
539.362000   2.469968
539.363000   2.465597
539.364000   2.458914
539.365000   2.450643
539.366000   2.441600
539.367000   2.432668
539.368000   2.424739
539.369000   2.418650
539.370000   2.415090
539.371000   2.414481
539.372000   2.416903
539.373000   2.422096
539.374000   2.429548
539.375000   2.438586
539.376000   2.448452
539.377000   2.458368
539.378000   2.467572
539.379000   2.475334
539.380000   2.480930
539.381000   2.483608
539.382000   2.482640
539.383000   2.477465
539.384000   2.467864
539.385000   2.454062
539.386000   2.436741
539.387000   2.416968
539.388000   2.396050
539.389000   2.375355
539.390000   2.356138
539.391000   2.339452
539.392000   2.326147
539.393000   2.316902
539.394000   2.312222
539.395000   2.312410
539.396000   2.317534
539.397000   2.327368
539.398000   2.341336
539.399000   2.358431
539.400000   2.377185
539.401000   2.395758
539.401000   2.395758
539.402000   2.412158
539.403000   2.424552
539.404000   2.431602
539.405000   2.432734
539.406000   2.428261
539.407000   2.419256
539.408000   2.407211
539.409000   2.393641
539.410000   2.379847
539.411000   2.366902
539.412000   2.355702
539.413000   2.347028
539.414000   2.341570
539.415000   2.339919
539.416000   2.342512
539.417000   2.349520
539.418000   2.360719
539.419000   2.375471
539.420000   2.392841
539.421000   2.411749
539.422000   2.431091
539.423000   2.449832
539.424000   2.467080
539.425000   2.482128
539.426000   2.494433
539.427000   2.503550
539.428000   2.509084
539.429000   2.510758
539.430000   2.508521
539.431000   2.502625
539.432000   2.493643
539.433000   2.482429
539.434000   2.470043
539.435000   2.457600
539.436000   2.446084
539.437000   2.436169
539.438000   2.428176
539.439000   2.422137
539.440000   2.417893
539.441000   2.415165
539.442000   2.413601
539.443000   2.412822
539.444000   2.412449
539.445000   2.412093
539.446000   2.411330
539.447000   2.409716
539.448000   2.406879
539.449000   2.402578
539.450000   2.396714
539.451000   2.389309
539.452000   2.380515
539.453000   2.370630
539.454000   2.360084
539.455000   2.349374
539.456000   2.338979
539.457000   2.329338
539.458000   2.320866
539.459000   2.313968
539.460000   2.309020
539.461000   2.306345
539.462000   2.306182
539.463000   2.308625
539.464000   2.313540
539.465000   2.320507
539.466000   2.328873
539.467000   2.337894
539.468000   2.346850
539.469000   2.355106
539.470000   2.362110
539.471000   2.367381
539.472000   2.370499
539.473000   2.371112
539.474000   2.368960
539.475000   2.363948
539.476000   2.356237
539.477000   2.346268
539.478000   2.334714
539.479000   2.322391
539.480000   2.310157
539.481000   2.298832
539.482000   2.289117
539.483000   2.281516
539.484000   2.276295
539.485000   2.273517
539.486000   2.273113
539.487000   2.274931
539.488000   2.278722
539.489000   2.284110
539.490000   2.290553
539.491000   2.297298
539.492000   2.303344
539.493000   2.307467
539.494000   2.308393
539.495000   2.305081
539.496000   2.296973
539.497000   2.284103
539.498000   2.267074
539.499000   2.246923
539.500000   2.224943
539.501000   2.202480
539.502000   2.180761
539.503000   2.160798
539.504000   2.143392
539.505000   2.129168
539.506000   2.118595
539.507000   2.111985
539.508000   2.109483
539.509000   2.111051
539.510000   2.116426
539.511000   2.125039
539.512000   2.135969
539.513000   2.147984
539.514000   2.159685
539.515000   2.169705
539.516000   2.176914
539.517000   2.180602
539.518000   2.180592
539.519000   2.177244
539.520000   2.171323
539.521000   2.163826
539.522000   2.155831
539.523000   2.148400
539.524000   2.142498
539.525000   2.138936
539.526000   2.138337
539.527000   2.141108
539.528000   2.147418
539.529000   2.157134
539.530000   2.169778
539.531000   2.184537
539.532000   2.200390
539.533000   2.216283
539.534000   2.231286
539.535000   2.244716
539.536000   2.256204
539.537000   2.265686
539.538000   2.273292
539.539000   2.279208
539.540000   2.283637
539.541000   2.286865
539.542000   2.289317
539.543000   2.291536
539.544000   2.294117
539.545000   2.297647
539.546000   2.302640
539.547000   2.309460
539.548000   2.318242
539.549000   2.328842
539.550000   2.340858
539.551000   2.353727
539.552000   2.366826
539.553000   2.379582
539.554000   2.391554
539.555000   2.402485
539.556000   2.412287
539.557000   2.420944
539.558000   2.428379
539.559000   2.434408
539.560000   2.438848
539.561000   2.441662
539.562000   2.443063
539.563000   2.443516
539.564000   2.443684
539.565000   2.444311
539.566000   2.446071
539.567000   2.449434
539.568000   2.454607
539.569000   2.461558
539.570000   2.470079
539.571000   2.479863
539.572000   2.490568
539.573000   2.501871
539.574000   2.513489
539.575000   2.525151
539.576000   2.536540
539.577000   2.547255
539.578000   2.556860
539.579000   2.564987
539.580000   2.571419
539.581000   2.576128
539.582000   2.579244
539.583000   2.580984
539.584000   2.581518
539.585000   2.580861
539.586000   2.578867
539.587000   2.575345
539.588000   2.570190
539.589000   2.563461
539.590000   2.555388
539.591000   2.546340
539.592000   2.536771
539.593000   2.527135
539.594000   2.517788
539.595000   2.508915
539.596000   2.500558
539.597000   2.492698
539.598000   2.485355
539.599000   2.478640
539.600000   2.472786
539.601000   2.468134
539.602000   2.465074
539.603000   2.463886
539.604000   2.464560
539.605000   2.466740
539.606000   2.469820
539.607000   2.473088
539.608000   2.475842
539.609000   2.477494
539.610000   2.477643
539.611000   2.476101
539.612000   2.472832
539.613000   2.467859
539.614000   2.461204
539.615000   2.452910
539.616000   2.443094
539.617000   2.431977
539.618000   2.419878
539.619000   2.407198
539.620000   2.394382
539.621000   2.381846
539.622000   2.369881
539.623000   2.358582
539.624000   2.347875
539.625000   2.337615
539.626000   2.327661
539.627000   2.317926
539.628000   2.308396
539.629000   2.299136
539.630000   2.290244
539.631000   2.281785
539.632000   2.273761
539.633000   2.266183
539.634000   2.259144
539.635000   2.252828
539.636000   2.247466
539.637000   2.243294
539.638000   2.240520
539.639000   2.239288
539.640000   2.239639
539.641000   2.241481
539.642000   2.244610
539.643000   2.248771
539.644000   2.253704
539.645000   2.259160
539.646000   2.264889
539.647000   2.270640
539.648000   2.276148
539.649000   2.281111
539.650000   2.285154
539.651000   2.287883
539.652000   2.289033
539.653000   2.288591
539.654000   2.286826
539.655000   2.284233
539.656000   2.281423
539.657000   2.279014
539.658000   2.277524
539.659000   2.277285
539.660000   2.278420
539.661000   2.280877
539.662000   2.284492
539.663000   2.289044
539.664000   2.294278
539.665000   2.299924
539.666000   2.305714
539.667000   2.311401
539.668000   2.316724
539.669000   2.321351
539.670000   2.324882
539.671000   2.326970
539.672000   2.327464
539.673000   2.326472
539.674000   2.324342
539.675000   2.321571
539.676000   2.318701
539.677000   2.316196
539.678000   2.314358
539.679000   2.313319
539.680000   2.313085
539.681000   2.313603
539.682000   2.314804
539.683000   2.316608
539.684000   2.318915
539.685000   2.321586
539.686000   2.324421
539.687000   2.327136
539.688000   2.329346
539.689000   2.330609
539.690000   2.330520
539.691000   2.328826
539.692000   2.325505
539.693000   2.320794
539.694000   2.315130
539.695000   2.309030
539.696000   2.302941
539.697000   2.297159
539.698000   2.291843
539.699000   2.287109
539.700000   2.283103
539.701000   2.280024
539.702000   2.278110
539.703000   2.277584
539.704000   2.278582
539.705000   2.281080
539.706000   2.284840
539.707000   2.289415
539.708000   2.294239
539.709000   2.298749
539.710000   2.302492
539.711000   2.305218
539.712000   2.306913
539.713000   2.307776
539.714000   2.308113
539.715000   2.308158
539.716000   2.307961
539.717000   2.307424
539.718000   2.306462
539.719000   2.305134
539.720000   2.303687
539.721000   2.302530
539.722000   2.302158
539.723000   2.303033
539.724000   2.305454
539.725000   2.309461
539.726000   2.314845
539.727000   2.321247
539.728000   2.328267
539.729000   2.335549
539.730000   2.342832
539.731000   2.349953
539.732000   2.356826
539.733000   2.363376
539.734000   2.369451
539.735000   2.374766
539.736000   2.378946
539.737000   2.381642
539.738000   2.382643
539.739000   2.381953
539.740000   2.379805
539.741000   2.376599
539.742000   2.372795
539.743000   2.368791
539.744000   2.364862
539.745000   2.361179
539.746000   2.357858
539.747000   2.355000
539.748000   2.352723
539.749000   2.351169
539.750000   2.350508
539.751000   2.350895
539.752000   2.352402
539.753000   2.354961
539.754000   2.358369
539.755000   2.362339
539.756000   2.366570
539.757000   2.370814
539.758000   2.374945
539.759000   2.378996
539.760000   2.383154
539.761000   2.387665
539.762000   2.392715
539.763000   2.398393
539.764000   2.404740
539.765000   2.411784
539.766000   2.419545
539.767000   2.428024
539.768000   2.437193
539.769000   2.446984
539.770000   2.457267
539.771000   2.467808
539.772000   2.478269
539.773000   2.488247
539.774000   2.497310
539.775000   2.505021
539.776000   2.510960
539.777000   2.514764
539.778000   2.516188
539.779000   2.515136
539.780000   2.511634
539.781000   2.505762
539.782000   2.497641
539.783000   2.487464
539.784000   2.475525
539.785000   2.462238
539.786000   2.448125
539.787000   2.433813
539.788000   2.419977
539.789000   2.407240
539.790000   2.396064
539.791000   2.386694
539.792000   2.379179
539.793000   2.373409
539.794000   2.369151
539.795000   2.366093
539.796000   2.363900
539.797000   2.362243
539.798000   2.360790
539.799000   2.359168
539.800000   2.356961
539.801000   2.353802
539.802000   2.349477
539.803000   2.343993
539.804000   2.337583
539.805000   2.330674
539.806000   2.323804
539.807000   2.317502
539.808000   2.312159
539.809000   2.307974
539.810000   2.305001
539.811000   2.303222
539.812000   2.302590
539.813000   2.303035
539.814000   2.304442
539.815000   2.306627
539.816000   2.309306
539.817000   2.312071
539.818000   2.314421
539.819000   2.315873
539.820000   2.316085
539.821000   2.314946
539.822000   2.312582
539.823000   2.309312
539.824000   2.305564
539.825000   2.301762
539.826000   2.298208
539.827000   2.295023
539.828000   2.292186
539.829000   2.289648
539.830000   2.287417
539.831000   2.285601
539.832000   2.284383
539.833000   2.283963
539.834000   2.284464
539.835000   2.285817
539.836000   2.287683
539.837000   2.289478
539.838000   2.290513
539.839000   2.290171
539.840000   2.288046
539.841000   2.284026
539.842000   2.278307
539.843000   2.271323
539.844000   2.263618
539.845000   2.255697
539.846000   2.247939
539.847000   2.240605
539.848000   2.233892
539.849000   2.227997
539.850000   2.223160
539.851000   2.219679
539.852000   2.217875
539.853000   2.218008
539.854000   2.220168
539.855000   2.224196
539.856000   2.229691
539.857000   2.236105
539.858000   2.242861
539.859000   2.249464
539.860000   2.255589
539.861000   2.261135
539.862000   2.266210
539.863000   2.271054
539.864000   2.275933
539.865000   2.281084
539.866000   2.286722
539.867000   2.293037
539.868000   2.300182
539.869000   2.308256
539.870000   2.317290
539.871000   2.327247
539.872000   2.337995
539.873000   2.349288
539.874000   2.360771
539.875000   2.372039
539.876000   2.382709
539.877000   2.392467
539.878000   2.401089
539.879000   2.408445
539.880000   2.414508
539.881000   2.419323
539.882000   2.422955
539.883000   2.425458
539.884000   2.426915
539.885000   2.427482
539.886000   2.427402
539.887000   2.426974
539.888000   2.426493
539.889000   2.426202
539.890000   2.426235
539.891000   2.426561
539.892000   2.426960
539.893000   2.427061
539.894000   2.426450
539.895000   2.424765
539.896000   2.421763
539.897000   2.417356
539.898000   2.411610
539.899000   2.404714
539.900000   2.396901
539.901000   2.388378
539.901000   2.388378
539.902000   2.379311
539.903000   2.369886
539.904000   2.360355
539.905000   2.351056
539.906000   2.342394
539.907000   2.334819
539.908000   2.328775
539.909000   2.324641
539.910000   2.322632
539.911000   2.322751
539.912000   2.324821
539.913000   2.328547
539.914000   2.333588
539.915000   2.339599
539.916000   2.346270
539.917000   2.353352
539.918000   2.360642
539.919000   2.367924
539.920000   2.374920
539.921000   2.381301
539.922000   2.386784
539.923000   2.391221
539.924000   2.394659
539.925000   2.397332
539.926000   2.399615
539.927000   2.401936
539.928000   2.404656
539.929000   2.407970
539.930000   2.411880
539.931000   2.416256
539.932000   2.420922
539.933000   2.425713
539.934000   2.430501
539.935000   2.435200
539.936000   2.439737
539.937000   2.444020
539.938000   2.447890
539.939000   2.451125
539.940000   2.453503
539.941000   2.454856
539.942000   2.455117
539.943000   2.454324
539.944000   2.452629
539.945000   2.450301
539.946000   2.447680
539.947000   2.445084
539.948000   2.442699
539.949000   2.440543
539.950000   2.438492
539.951000   2.436347
539.952000   2.433903
539.953000   2.431018
539.954000   2.427659
539.955000   2.423895
539.956000   2.419812
539.957000   2.415432
539.958000   2.410704
539.959000   2.405580
539.960000   2.400098
539.961000   2.394402
539.962000   2.388708
539.963000   2.383257
539.964000   2.378244
539.965000   2.373764
539.966000   2.369782
539.967000   2.366163
539.968000   2.362746
539.969000   2.359435
539.970000   2.356227
539.971000   2.353217
539.972000   2.350567
539.973000   2.348458
539.974000   2.347009
539.975000   2.346186
539.976000   2.345776
539.977000   2.345476
539.978000   2.345028
539.979000   2.344315
539.980000   2.343399
539.981000   2.342511
539.982000   2.341972
539.983000   2.342079
539.984000   2.342974
539.985000   2.344603
539.986000   2.346780
539.987000   2.349291
539.988000   2.351969
539.989000   2.354705
539.990000   2.357441
539.991000   2.360136
539.992000   2.362711
539.993000   2.364971
539.994000   2.366570
539.995000   2.367056
539.996000   2.366022
539.997000   2.363252
539.998000   2.358798
539.999000   2.352983
540.000000   2.346335
540.001000   2.339462
540.002000   2.332911
540.003000   2.327048
540.004000   2.322036
540.005000   2.317876
540.006000   2.314471
540.007000   2.311670
540.008000   2.309325
540.009000   2.307301
540.010000   2.305469
540.011000   2.303673
540.012000   2.301692
540.013000   2.299238
540.014000   2.296004
540.015000   2.291762
540.016000   2.286435
540.017000   2.280160
540.018000   2.273308
540.019000   2.266427
540.020000   2.260113
540.021000   2.254859
540.022000   2.250977
540.023000   2.248652
540.024000   2.248018
540.025000   2.249188
540.026000   2.252230
540.027000   2.257108
540.028000   2.263626
540.029000   2.271388
540.030000   2.279812
540.031000   2.288177
540.032000   2.295732
540.033000   2.301826
540.034000   2.306021
540.035000   2.308137
540.036000   2.308254
540.037000   2.306662
540.038000   2.303786
540.039000   2.300079
540.040000   2.295927
540.041000   2.291632
540.042000   2.287451
540.043000   2.283662
540.044000   2.280594
540.045000   2.278624
540.046000   2.278139
540.047000   2.279476
540.048000   2.282834
540.049000   2.288204
540.050000   2.295348
540.051000   2.303862
540.052000   2.313248
540.053000   2.322971
540.054000   2.332511
540.055000   2.341415
540.056000   2.349338
540.057000   2.356033
540.058000   2.361300
540.059000   2.364945
540.060000   2.366823
540.061000   2.366928
540.062000   2.365470
540.063000   2.362899
540.064000   2.359849
540.065000   2.357041
540.066000   2.355141
540.067000   2.354607
540.068000   2.355611
540.069000   2.358106
540.070000   2.361933
540.071000   2.366908
540.072000   2.372842
540.073000   2.379546
540.074000   2.386816
540.075000   2.394409
540.076000   2.401995
540.077000   2.409149
540.078000   2.415405
540.079000   2.420343
540.080000   2.423658
540.081000   2.425199
540.082000   2.424992
540.083000   2.423252
540.084000   2.420362
540.085000   2.416764
540.086000   2.412816
540.087000   2.408727
540.088000   2.404606
540.089000   2.400553
540.090000   2.396711
540.091000   2.393290
540.092000   2.390560
540.093000   2.388807
540.094000   2.388260
540.095000   2.389011
540.096000   2.390988
540.097000   2.394000
540.098000   2.397813
540.099000   2.402187
540.100000   2.406904
540.101000   2.411778
540.102000   2.416659
540.103000   2.421415
540.104000   2.425880
540.105000   2.429802
540.106000   2.432863
540.107000   2.434748
540.108000   2.435223
540.109000   2.434195
540.110000   2.431752
540.111000   2.428165
540.112000   2.423824
540.113000   2.419129
540.114000   2.414383
540.115000   2.409776
540.116000   2.405432
540.117000   2.401434
540.118000   2.397811
540.119000   2.394517
540.120000   2.391441
540.121000   2.388410
540.122000   2.385174
540.123000   2.381390
540.124000   2.376673
540.125000   2.370688
540.126000   2.363251
540.127000   2.354377
540.128000   2.344294
540.129000   2.333403
540.130000   2.322211
540.131000   2.311227
540.132000   2.300858
540.133000   2.291394
540.134000   2.283086
540.135000   2.276219
540.136000   2.271116
540.137000   2.268085
540.138000   2.267342
540.139000   2.268932
540.140000   2.272655
540.141000   2.278018
540.142000   2.284270
540.143000   2.290511
540.144000   2.295832
540.145000   2.299427
540.146000   2.300671
540.147000   2.299164
540.148000   2.294751
540.149000   2.287492
540.150000   2.277578
540.151000   2.265254
540.152000   2.250825
540.153000   2.234736
540.154000   2.217645
540.155000   2.200428
540.156000   2.184109
540.157000   2.169743
540.158000   2.158254
540.159000   2.150270
540.160000   2.146023
540.161000   2.145369
540.162000   2.147903
540.163000   2.153095
540.164000   2.160388
540.165000   2.169256
540.166000   2.179233
540.167000   2.189899
540.168000   2.200845
540.169000   2.211625
540.170000   2.221773
540.171000   2.230897
540.172000   2.238795
540.173000   2.245532
540.174000   2.251463
540.175000   2.257182
540.176000   2.263408
540.177000   2.270812
540.178000   2.279836
540.179000   2.290579
540.180000   2.302813
540.181000   2.316088
540.182000   2.329852
540.183000   2.343549
540.184000   2.356677
540.185000   2.368817
540.186000   2.379616
540.187000   2.388762
540.188000   2.395974
540.189000   2.401067
540.190000   2.404031
540.191000   2.405085
540.192000   2.404668
540.193000   2.403403
540.194000   2.402024
540.195000   2.401274
540.196000   2.401775
540.197000   2.403914
540.198000   2.407793
540.199000   2.413283
540.200000   2.420114
540.201000   2.427984
540.202000   2.436631
540.203000   2.445873
540.204000   2.455585
540.205000   2.465604
540.206000   2.475618
540.207000   2.485153
540.208000   2.493688
540.209000   2.500805
540.210000   2.506295
540.211000   2.510195
540.212000   2.512772
540.213000   2.514443
540.214000   2.515654
540.215000   2.516749
540.216000   2.517899
540.217000   2.519134
540.218000   2.520429
540.219000   2.521779
540.220000   2.523252
540.221000   2.525023
