514.972000   -0.542453
514.973000   -0.540223
514.974000   -0.539863
514.975000   -0.541024
514.976000   -0.543366
514.977000   -0.546643
514.978000   -0.550734
514.979000   -0.555618
514.980000   -0.561337
514.981000   -0.567967
514.982000   -0.575569
514.983000   -0.584132
514.984000   -0.593525
514.985000   -0.603495
514.986000   -0.613712
514.987000   -0.623825
514.988000   -0.633502
514.989000   -0.642486
514.990000   -0.650634
514.991000   -0.657877
514.992000   -0.664164
514.993000   -0.669421
514.994000   -0.673577
514.995000   -0.676599
514.996000   -0.678521
514.997000   -0.679471
514.998000   -0.679709
514.999000   -0.679647
515.000000   -0.679783
515.001000   -0.680527
515.001000   -0.680527
515.002000   -0.682029
515.003000   -0.684135
515.004000   -0.686437
515.005000   -0.688405
515.006000   -0.689512
515.007000   -0.689321
515.008000   -0.687527
515.009000   -0.683937
515.010000   -0.678438
515.011000   -0.670989
515.012000   -0.661663
515.013000   -0.650693
515.014000   -0.638494
515.015000   -0.625637
515.016000   -0.612778
515.017000   -0.600565
515.018000   -0.589550
515.019000   -0.580114
515.020000   -0.572434
515.021000   -0.566501
515.022000   -0.562187
515.023000   -0.559323
515.024000   -0.557752
515.025000   -0.557339
515.026000   -0.557955
515.027000   -0.559453
515.028000   -0.561671
515.029000   -0.564464
515.030000   -0.567754
515.031000   -0.571586
515.032000   -0.576133
515.033000   -0.581656
515.034000   -0.588429
515.035000   -0.596691
515.036000   -0.606631
515.037000   -0.618386
515.038000   -0.632022
515.039000   -0.647506
515.040000   -0.664678
515.041000   -0.683260
515.042000   -0.702872
515.043000   -0.723058
515.044000   -0.743332
515.045000   -0.763217
515.046000   -0.782281
515.047000   -0.800142
515.048000   -0.816480
515.049000   -0.831063
515.050000   -0.843788
515.051000   -0.854684
515.052000   -0.863897
515.053000   -0.871661
515.054000   -0.878276
515.055000   -0.884068
515.056000   -0.889326
515.057000   -0.894224
515.058000   -0.898771
515.059000   -0.902822
515.060000   -0.906129
515.061000   -0.908390
515.062000   -0.909305
515.063000   -0.908616
515.064000   -0.906114
515.065000   -0.901642
515.066000   -0.895085
515.067000   -0.886410
515.068000   -0.875730
515.069000   -0.863347
515.070000   -0.849719
515.071000   -0.835380
515.072000   -0.820867
515.073000   -0.806659
515.074000   -0.793127
515.075000   -0.780510
515.076000   -0.768904
515.077000   -0.758307
515.078000   -0.748670
515.079000   -0.739906
515.080000   -0.731878
515.081000   -0.724386
515.082000   -0.717169
515.083000   -0.709928
515.084000   -0.702355
515.085000   -0.694183
515.086000   -0.685235
515.087000   -0.675467
515.088000   -0.664944
515.089000   -0.653787
515.090000   -0.642133
515.091000   -0.630136
515.092000   -0.618000
515.093000   -0.605981
515.094000   -0.594365
515.095000   -0.583410
515.096000   -0.573313
515.097000   -0.564180
515.098000   -0.556039
515.099000   -0.548862
515.100000   -0.542615
515.101000   -0.537288
515.102000   -0.532892
515.103000   -0.529425
515.104000   -0.526836
515.105000   -0.525019
515.106000   -0.523830
515.107000   -0.523118
515.108000   -0.522746
515.109000   -0.522623
515.110000   -0.522731
515.111000   -0.523130
515.112000   -0.523929
515.113000   -0.525226
515.114000   -0.527067
515.115000   -0.529412
515.116000   -0.532117
515.117000   -0.534956
515.118000   -0.537667
515.119000   -0.540011
515.120000   -0.541807
515.121000   -0.542941
515.122000   -0.543354
515.123000   -0.543058
515.124000   -0.542146
515.125000   -0.540786
515.126000   -0.539189
515.127000   -0.537602
515.128000   -0.536307
515.129000   -0.535602
515.130000   -0.535760
515.131000   -0.536973
515.132000   -0.539323
515.133000   -0.542753
515.134000   -0.547059
515.135000   -0.551884
515.136000   -0.556770
515.137000   -0.561220
515.138000   -0.564786
515.139000   -0.567123
515.140000   -0.568020
515.141000   -0.567390
515.142000   -0.565258
515.143000   -0.561726
515.144000   -0.556924
515.145000   -0.550984
515.146000   -0.544070
515.147000   -0.536457
515.148000   -0.528600
515.149000   -0.521069
515.150000   -0.514409
515.151000   -0.509001
515.152000   -0.504983
515.153000   -0.502229
515.154000   -0.500407
515.155000   -0.499090
515.156000   -0.497906
515.157000   -0.496648
515.158000   -0.495296
515.159000   -0.493949
515.160000   -0.492759
515.161000   -0.491882
515.162000   -0.491451
515.163000   -0.491565
515.164000   -0.492305
515.165000   -0.493754
515.166000   -0.496003
515.167000   -0.499134
515.168000   -0.503180
515.169000   -0.508108
515.170000   -0.513808
515.171000   -0.520082
515.172000   -0.526626
515.173000   -0.533071
515.174000   -0.539021
515.175000   -0.544098
515.176000   -0.547988
515.177000   -0.550516
515.178000   -0.551746
515.179000   -0.552033
515.180000   -0.551954
515.181000   -0.552167
515.182000   -0.553285
515.183000   -0.555799
515.184000   -0.560032
515.185000   -0.566150
515.186000   -0.574215
515.187000   -0.584285
515.188000   -0.596489
515.189000   -0.610976
515.190000   -0.627776
515.191000   -0.646707
515.192000   -0.667379
515.193000   -0.689263
515.194000   -0.711759
515.195000   -0.734283
515.196000   -0.756343
515.197000   -0.777603
515.198000   -0.797886
515.199000   -0.817096
515.200000   -0.835168
515.201000   -0.852068
515.202000   -0.867809
515.203000   -0.882461
515.204000   -0.896130
515.205000   -0.908908
515.206000   -0.920814
515.207000   -0.931748
515.208000   -0.941482
515.209000   -0.949712
515.210000   -0.956128
515.211000   -0.960477
515.212000   -0.962600
515.213000   -0.962427
515.214000   -0.959965
515.215000   -0.955303
515.216000   -0.948630
515.217000   -0.940230
515.218000   -0.930454
515.219000   -0.919677
515.220000   -0.908259
515.221000   -0.896510
515.222000   -0.884649
515.223000   -0.872802
515.224000   -0.861060
515.225000   -0.849552
515.226000   -0.838437
515.227000   -0.827840
515.228000   -0.817802
515.229000   -0.808277
515.230000   -0.799135
515.231000   -0.790159
515.232000   -0.781094
515.233000   -0.771746
515.234000   -0.762090
515.235000   -0.752264
515.236000   -0.742466
515.237000   -0.732878
515.238000   -0.723638
515.239000   -0.714829
515.240000   -0.706462
515.241000   -0.698482
515.242000   -0.690829
515.243000   -0.683531
515.244000   -0.676717
515.245000   -0.670527
515.246000   -0.665027
515.247000   -0.660188
515.248000   -0.655907
515.249000   -0.652021
515.250000   -0.648333
515.251000   -0.644657
515.252000   -0.640873
515.253000   -0.636936
515.254000   -0.632843
515.255000   -0.628598
515.256000   -0.624209
515.257000   -0.619710
515.258000   -0.615166
515.259000   -0.610667
515.260000   -0.606294
515.261000   -0.602083
515.262000   -0.597984
515.263000   -0.593860
515.264000   -0.589494
515.265000   -0.584615
515.266000   -0.578936
515.267000   -0.572176
515.268000   -0.564092
515.269000   -0.554514
515.270000   -0.543426
515.271000   -0.531030
515.272000   -0.517748
515.273000   -0.504147
515.274000   -0.490861
515.275000   -0.478521
515.276000   -0.467705
515.277000   -0.458871
515.278000   -0.452330
515.279000   -0.448285
515.280000   -0.446917
515.281000   -0.448417
515.282000   -0.452923
515.283000   -0.460442
515.284000   -0.470811
515.285000   -0.483705
515.286000   -0.498658
515.287000   -0.515119
515.288000   -0.532540
515.289000   -0.550495
515.290000   -0.568717
515.291000   -0.587050
515.292000   -0.605355
515.293000   -0.623472
515.294000   -0.641208
515.295000   -0.658353
515.296000   -0.674699
515.297000   -0.690078
515.298000   -0.704398
515.299000   -0.717658
515.300000   -0.729884
515.301000   -0.741050
515.302000   -0.751033
515.303000   -0.759631
515.304000   -0.766597
515.305000   -0.771691
515.306000   -0.774764
515.307000   -0.775863
515.308000   -0.775297
515.309000   -0.773577
515.310000   -0.771274
515.311000   -0.768916
515.312000   -0.766934
515.313000   -0.765654
515.314000   -0.765298
515.315000   -0.765996
515.316000   -0.767827
515.317000   -0.770839
515.318000   -0.774990
515.319000   -0.780032
515.320000   -0.785459
515.321000   -0.790559
515.322000   -0.794525
515.323000   -0.796572
515.324000   -0.796035
515.325000   -0.792462
515.326000   -0.785695
515.327000   -0.775875
515.328000   -0.763354
515.329000   -0.748600
515.330000   -0.732144
515.331000   -0.714556
515.332000   -0.696417
515.333000   -0.678279
515.334000   -0.660627
515.335000   -0.643898
515.336000   -0.628511
515.337000   -0.614837
515.338000   -0.603106
515.339000   -0.593364
515.340000   -0.585486
515.341000   -0.579221
515.342000   -0.574213
515.343000   -0.570045
515.344000   -0.566346
515.345000   -0.562955
515.346000   -0.559974
515.347000   -0.557662
515.348000   -0.556297
515.349000   -0.556110
515.350000   -0.557263
515.351000   -0.559820
515.352000   -0.563727
515.353000   -0.568849
515.354000   -0.575062
515.355000   -0.582355
515.356000   -0.590802
515.357000   -0.600469
515.358000   -0.611331
515.359000   -0.623242
515.360000   -0.635934
515.361000   -0.649030
515.362000   -0.662076
515.363000   -0.674631
515.364000   -0.686406
515.365000   -0.697366
515.366000   -0.707718
515.367000   -0.717799
515.368000   -0.727940
515.369000   -0.738396
515.370000   -0.749290
515.371000   -0.760580
515.372000   -0.772061
515.373000   -0.783460
515.374000   -0.794571
515.375000   -0.805288
515.376000   -0.815526
515.377000   -0.825125
515.378000   -0.833816
515.379000   -0.841230
515.380000   -0.846927
515.381000   -0.850444
515.382000   -0.851414
515.383000   -0.849690
515.384000   -0.845401
515.385000   -0.838927
515.386000   -0.830814
515.387000   -0.821659
515.388000   -0.811985
515.389000   -0.802144
515.390000   -0.792249
515.391000   -0.782181
515.392000   -0.771707
515.393000   -0.760696
515.394000   -0.749267
515.395000   -0.737750
515.396000   -0.726483
515.397000   -0.715661
515.398000   -0.705306
515.399000   -0.695277
515.400000   -0.685323
515.401000   -0.675158
515.402000   -0.664612
515.403000   -0.653777
515.404000   -0.643023
515.405000   -0.632817
515.406000   -0.623517
515.407000   -0.615291
515.408000   -0.608113
515.409000   -0.601761
515.410000   -0.595830
515.411000   -0.589807
515.412000   -0.583217
515.413000   -0.575823
515.414000   -0.567629
515.415000   -0.558733
515.416000   -0.549223
515.417000   -0.539164
515.418000   -0.528603
515.419000   -0.517545
515.420000   -0.505933
515.421000   -0.493737
515.422000   -0.481212
515.423000   -0.469076
515.424000   -0.458307
515.425000   -0.449817
515.426000   -0.444279
515.427000   -0.442045
515.428000   -0.443095
515.429000   -0.447015
515.430000   -0.453104
515.431000   -0.460680
515.432000   -0.469440
515.433000   -0.479397
515.434000   -0.490525
515.435000   -0.502573
515.436000   -0.515075
515.437000   -0.527427
515.438000   -0.538960
515.439000   -0.549027
515.440000   -0.557148
515.441000   -0.563222
515.442000   -0.567583
515.443000   -0.570793
515.444000   -0.573406
515.445000   -0.575862
515.446000   -0.578448
515.447000   -0.581283
515.448000   -0.584318
515.449000   -0.587375
515.450000   -0.590272
515.451000   -0.593015
515.452000   -0.595875
515.453000   -0.599247
515.454000   -0.603490
515.455000   -0.608844
515.456000   -0.615396
515.457000   -0.623043
515.458000   -0.631453
515.459000   -0.640096
515.460000   -0.648547
515.461000   -0.656886
515.462000   -0.665668
515.463000   -0.675517
515.464000   -0.686831
515.465000   -0.699673
515.466000   -0.713723
515.467000   -0.728242
515.468000   -0.742146
515.469000   -0.754363
515.470000   -0.764368
515.471000   -0.772194
515.472000   -0.777987
515.473000   -0.781740
515.474000   -0.783304
515.475000   -0.782463
515.476000   -0.778982
515.477000   -0.772682
515.478000   -0.763630
515.479000   -0.752328
515.480000   -0.739552
515.481000   -0.726048
515.482000   -0.712425
515.483000   -0.699162
515.484000   -0.686615
515.485000   -0.675005
515.486000   -0.664412
515.487000   -0.654790
515.488000   -0.645988
515.489000   -0.637804
515.490000   -0.630096
515.491000   -0.622831
515.492000   -0.616053
515.493000   -0.609817
515.494000   -0.604136
515.495000   -0.598918
515.496000   -0.593926
515.497000   -0.588834
515.498000   -0.583455
515.499000   -0.577985
515.500000   -0.573016
515.501000   -0.569282
515.501000   -0.569282
515.502000   -0.567357
515.503000   -0.567487
515.504000   -0.569527
515.505000   -0.572969
515.506000   -0.577081
515.507000   -0.581162
515.508000   -0.584820
515.509000   -0.588116
515.510000   -0.591431
515.511000   -0.595212
515.512000   -0.599798
515.513000   -0.605389
515.514000   -0.612048
515.515000   -0.619714
515.516000   -0.628242
515.517000   -0.637499
515.518000   -0.647505
515.519000   -0.658468
515.520000   -0.670603
515.521000   -0.683953
515.522000   -0.698313
515.523000   -0.713245
515.524000   -0.728105
515.525000   -0.742112
515.526000   -0.754495
515.527000   -0.764649
515.528000   -0.772206
515.529000   -0.776980
515.530000   -0.778904
515.531000   -0.777995
515.532000   -0.774317
515.533000   -0.767941
515.534000   -0.758937
515.535000   -0.747473
515.536000   -0.734020
515.537000   -0.719489
515.538000   -0.705089
515.539000   -0.691973
515.540000   -0.680940
515.541000   -0.672328
515.542000   -0.666028
515.543000   -0.661564
515.544000   -0.658219
515.545000   -0.655232
515.546000   -0.652086
515.547000   -0.648766
515.548000   -0.645656
515.549000   -0.643188
515.550000   -0.641641
515.551000   -0.641120
515.552000   -0.641607
515.553000   -0.642967
515.554000   -0.644923
515.555000   -0.647131
515.556000   -0.649461
515.557000   -0.652158
515.558000   -0.655584
515.559000   -0.659896
515.560000   -0.664977
515.561000   -0.670478
515.562000   -0.675860
515.563000   -0.680387
515.564000   -0.683207
515.565000   -0.683659
515.566000   -0.681655
515.567000   -0.677617
515.568000   -0.672128
515.569000   -0.665742
515.570000   -0.658946
515.571000   -0.652137
515.572000   -0.645575
515.573000   -0.639376
515.574000   -0.633661
515.575000   -0.628829
515.576000   -0.625564
515.577000   -0.624497
515.578000   -0.625929
515.579000   -0.629795
515.580000   -0.635740
515.581000   -0.643211
515.582000   -0.651550
515.583000   -0.660119
515.584000   -0.668441
515.585000   -0.676264
515.586000   -0.683438
515.587000   -0.689763
515.588000   -0.694995
515.589000   -0.698916
515.590000   -0.701387
515.591000   -0.702367
515.592000   -0.701878
515.593000   -0.699963
515.594000   -0.696695
515.595000   -0.692177
515.596000   -0.686481
515.597000   -0.679625
515.598000   -0.671606
515.599000   -0.662447
515.600000   -0.652191
515.601000   -0.640867
515.602000   -0.628537
515.603000   -0.615541
515.604000   -0.602666
515.605000   -0.590929
515.606000   -0.581262
515.607000   -0.574350
515.608000   -0.570581
515.609000   -0.570006
515.610000   -0.572284
515.611000   -0.576726
515.612000   -0.582610
515.613000   -0.589670
515.614000   -0.598126
515.615000   -0.608207
515.616000   -0.619826
515.617000   -0.632571
515.618000   -0.645792
515.619000   -0.658674
515.620000   -0.670292
515.621000   -0.679770
515.622000   -0.686628
515.623000   -0.690969
515.624000   -0.693203
515.625000   -0.693715
515.626000   -0.692800
515.627000   -0.690702
515.628000   -0.687628
515.629000   -0.683721
515.630000   -0.679038
515.631000   -0.673656
515.632000   -0.667819
515.633000   -0.661905
515.634000   -0.656267
515.635000   -0.651137
515.636000   -0.646630
515.637000   -0.642748
515.638000   -0.639369
515.639000   -0.636226
515.640000   -0.632987
515.641000   -0.629478
515.642000   -0.625868
515.643000   -0.622610
515.644000   -0.620239
515.645000   -0.619225
515.646000   -0.619895
515.647000   -0.622374
515.648000   -0.626539
515.649000   -0.632032
515.650000   -0.638455
515.651000   -0.645634
515.652000   -0.653610
515.653000   -0.662401
515.654000   -0.671854
515.655000   -0.681653
515.656000   -0.691379
515.657000   -0.700552
515.658000   -0.708679
515.659000   -0.715397
515.660000   -0.720704
515.661000   -0.724978
515.662000   -0.728731
515.663000   -0.732437
515.664000   -0.736503
515.665000   -0.741276
515.666000   -0.747009
515.667000   -0.753798
515.668000   -0.761598
515.669000   -0.770356
515.670000   -0.780126
515.671000   -0.790992
515.672000   -0.802935
515.673000   -0.815787
515.674000   -0.829228
515.675000   -0.842793
515.676000   -0.855881
515.677000   -0.867790
515.678000   -0.877861
515.679000   -0.885717
515.680000   -0.891384
515.681000   -0.895223
515.682000   -0.897751
515.683000   -0.899474
515.684000   -0.900775
515.685000   -0.901859
515.686000   -0.902699
515.687000   -0.903094
515.688000   -0.902865
515.689000   -0.902047
515.690000   -0.900871
515.691000   -0.899591
515.692000   -0.898326
515.693000   -0.897008
515.694000   -0.895421
515.695000   -0.893244
515.696000   -0.890139
515.697000   -0.885883
515.698000   -0.880517
515.699000   -0.874353
515.700000   -0.867862
515.701000   -0.861539
515.702000   -0.855790
515.703000   -0.850866
515.704000   -0.846821
515.705000   -0.843486
515.706000   -0.840528
515.707000   -0.837580
515.708000   -0.834373
515.709000   -0.830786
515.710000   -0.826782
515.711000   -0.822304
515.712000   -0.817227
515.713000   -0.811367
515.714000   -0.804514
515.715000   -0.796509
515.716000   -0.787371
515.717000   -0.777405
515.718000   -0.767208
515.719000   -0.757567
515.720000   -0.749273
515.721000   -0.742968
515.722000   -0.739045
515.723000   -0.737599
515.724000   -0.738430
515.725000   -0.741131
515.726000   -0.745188
515.727000   -0.750082
515.728000   -0.755385
515.729000   -0.760757
515.730000   -0.765847
515.731000   -0.770253
515.732000   -0.773544
515.733000   -0.775309
515.734000   -0.775186
515.735000   -0.772875
515.736000   -0.768211
515.737000   -0.761329
515.738000   -0.752755
515.739000   -0.743221
515.740000   -0.733409
515.741000   -0.723819
515.742000   -0.714707
515.743000   -0.706051
515.744000   -0.697579
515.745000   -0.688882
515.746000   -0.679644
515.747000   -0.669842
515.748000   -0.659689
515.749000   -0.649437
515.750000   -0.639279
515.751000   -0.629339
515.752000   -0.619683
515.753000   -0.610338
515.754000   -0.601323
515.755000   -0.592740
515.756000   -0.584920
515.757000   -0.578440
515.758000   -0.573919
515.759000   -0.571824
515.760000   -0.572386
515.761000   -0.575586
515.762000   -0.581162
515.763000   -0.588626
515.764000   -0.597331
515.765000   -0.606651
515.766000   -0.616169
515.767000   -0.625630
515.768000   -0.634770
515.769000   -0.643280
515.770000   -0.650846
515.771000   -0.657199
515.772000   -0.662106
515.773000   -0.665368
515.774000   -0.666886
515.775000   -0.666833
515.776000   -0.665657
515.777000   -0.663871
515.778000   -0.661882
515.779000   -0.659936
515.780000   -0.658103
515.781000   -0.656254
515.782000   -0.654066
515.783000   -0.651128
515.784000   -0.647215
515.785000   -0.642426
515.786000   -0.636989
515.787000   -0.631057
515.788000   -0.624660
515.789000   -0.617724
515.790000   -0.610065
515.791000   -0.601394
515.792000   -0.591457
515.793000   -0.580341
515.794000   -0.568566
515.795000   -0.556802
515.796000   -0.545613
515.797000   -0.535398
515.798000   -0.526390
515.799000   -0.518642
515.800000   -0.512020
515.801000   -0.506297
515.802000   -0.501389
515.803000   -0.497483
515.804000   -0.494873
515.805000   -0.493794
515.806000   -0.494383
515.807000   -0.496694
515.808000   -0.500677
515.809000   -0.506143
515.810000   -0.512762
515.811000   -0.520172
515.812000   -0.528146
515.813000   -0.536610
515.814000   -0.545559
515.815000   -0.555023
515.816000   -0.565051
515.817000   -0.575665
515.818000   -0.586794
515.819000   -0.598233
515.820000   -0.609710
515.821000   -0.621087
515.822000   -0.632480
515.823000   -0.644142
515.824000   -0.656331
515.825000   -0.669232
515.826000   -0.682906
515.827000   -0.697240
515.828000   -0.711906
515.829000   -0.726405
515.830000   -0.740293
515.831000   -0.753468
515.832000   -0.766157
515.833000   -0.778686
515.834000   -0.791308
515.835000   -0.804095
515.836000   -0.816859
515.837000   -0.829105
515.838000   -0.840067
515.839000   -0.848933
515.840000   -0.855184
515.841000   -0.858727
515.842000   -0.859757
515.843000   -0.858600
515.844000   -0.855590
515.845000   -0.850984
515.846000   -0.844884
515.847000   -0.837223
515.848000   -0.827842
515.849000   -0.816706
515.850000   -0.804098
515.851000   -0.790618
515.852000   -0.777052
515.853000   -0.764174
515.854000   -0.752556
515.855000   -0.742456
515.856000   -0.733798
515.857000   -0.726230
515.858000   -0.719282
515.859000   -0.712552
515.860000   -0.705852
515.861000   -0.699289
515.862000   -0.693191
515.863000   -0.687917
515.864000   -0.683715
515.865000   -0.680673
515.866000   -0.678707
515.867000   -0.677582
515.868000   -0.677002
515.869000   -0.676781
515.870000   -0.677009
515.871000   -0.678050
515.872000   -0.680310
515.873000   -0.684019
515.874000   -0.689135
515.875000   -0.695331
515.876000   -0.702033
515.877000   -0.708527
515.878000   -0.714156
515.879000   -0.718533
515.880000   -0.721620
515.881000   -0.723585
515.882000   -0.724618
515.883000   -0.724858
515.884000   -0.724391
515.885000   -0.723265
515.886000   -0.721533
515.887000   -0.719375
515.888000   -0.717246
515.889000   -0.715902
515.890000   -0.716194
515.891000   -0.718774
515.892000   -0.723920
515.893000   -0.731511
515.894000   -0.741069
515.895000   -0.751865
515.896000   -0.763070
515.897000   -0.773944
515.898000   -0.783982
515.899000   -0.792923
515.900000   -0.800607
515.901000   -0.806862
515.902000   -0.811497
515.903000   -0.814336
515.904000   -0.815249
515.905000   -0.814158
515.906000   -0.811083
515.907000   -0.806244
515.908000   -0.800122
515.909000   -0.793324
515.910000   -0.786361
515.911000   -0.779531
515.912000   -0.772917
515.913000   -0.766418
515.914000   -0.759772
515.915000   -0.752621
515.916000   -0.744703
515.917000   -0.736085
515.918000   -0.727177
515.919000   -0.718485
515.920000   -0.710427
515.921000   -0.703275
515.922000   -0.697145
515.923000   -0.691968
515.924000   -0.687513
515.925000   -0.683527
515.926000   -0.680027
515.927000   -0.677433
515.928000   -0.676297
515.929000   -0.676959
515.930000   -0.679416
515.931000   -0.683356
515.932000   -0.688216
515.933000   -0.693250
515.934000   -0.697646
515.935000   -0.700779
515.936000   -0.702478
515.937000   -0.702998
515.938000   -0.702707
515.939000   -0.701879
515.940000   -0.700666
515.941000   -0.699126
515.942000   -0.697248
515.943000   -0.694971
515.944000   -0.692246
515.945000   -0.689166
515.946000   -0.685980
515.947000   -0.682928
515.948000   -0.680102
515.949000   -0.677423
515.950000   -0.674690
515.951000   -0.671644
515.952000   -0.668002
515.953000   -0.663507
515.954000   -0.658015
515.955000   -0.651572
515.956000   -0.644420
515.957000   -0.636915
515.958000   -0.629454
515.959000   -0.622405
515.960000   -0.616068
515.961000   -0.610618
515.962000   -0.606077
515.963000   -0.602371
515.964000   -0.599473
515.965000   -0.597493
515.966000   -0.596586
515.967000   -0.596803
515.968000   -0.598015
515.969000   -0.599914
515.970000   -0.602030
515.971000   -0.603762
515.972000   -0.604480
515.973000   -0.603736
515.974000   -0.601471
515.975000   -0.597989
515.976000   -0.593768
515.977000   -0.589304
515.978000   -0.585035
515.979000   -0.581290
515.980000   -0.578234
515.981000   -0.575852
515.982000   -0.574038
515.983000   -0.572787
515.984000   -0.572283
515.985000   -0.572807
515.986000   -0.574582
515.987000   -0.577700
515.988000   -0.582097
515.989000   -0.587539
515.990000   -0.593626
515.991000   -0.599864
515.992000   -0.605838
515.993000   -0.611391
515.994000   -0.616616
515.995000   -0.621731
515.996000   -0.626957
515.997000   -0.632448
515.998000   -0.638247
515.999000   -0.644240
516.000000   -0.650153
516.001000   -0.655660
516.001000   -0.655660
516.002000   -0.660565
516.003000   -0.664895
516.004000   -0.668810
516.005000   -0.672469
516.006000   -0.675930
516.007000   -0.679120
516.008000   -0.681832
516.009000   -0.683744
516.010000   -0.684507
516.011000   -0.683903
516.012000   -0.681986
516.013000   -0.679063
516.014000   -0.675586
516.015000   -0.672022
516.016000   -0.668768
516.017000   -0.666104
516.018000   -0.664156
516.019000   -0.662896
516.020000   -0.662191
516.021000   -0.661902
516.022000   -0.661965
516.023000   -0.662390
516.024000   -0.663193
516.025000   -0.664318
516.026000   -0.665593
516.027000   -0.666734
516.028000   -0.667382
516.029000   -0.667160
516.030000   -0.665788
516.031000   -0.663200
516.032000   -0.659624
516.033000   -0.655538
516.034000   -0.651520
516.035000   -0.648069
516.036000   -0.645492
516.037000   -0.643845
516.038000   -0.642943
516.039000   -0.642456
516.040000   -0.642068
516.041000   -0.641642
516.042000   -0.641284
516.043000   -0.641243
516.044000   -0.641724
516.045000   -0.642785
516.046000   -0.644321
516.047000   -0.646116
516.048000   -0.647932
516.049000   -0.649610
516.050000   -0.651145
516.051000   -0.652727
516.052000   -0.654701
516.053000   -0.657429
516.054000   -0.661147
516.055000   -0.665897
516.056000   -0.671531
516.057000   -0.677739
516.058000   -0.684108
516.059000   -0.690194
516.060000   -0.695627
516.061000   -0.700192
516.062000   -0.703806
516.063000   -0.706430
516.064000   -0.708009
516.065000   -0.708475
516.066000   -0.707771
516.067000   -0.705879
516.068000   -0.702849
516.069000   -0.698858
516.070000   -0.694311
516.071000   -0.689853
516.072000   -0.686219
516.073000   -0.684029
516.074000   -0.683667
516.075000   -0.685238
516.076000   -0.688574
516.077000   -0.693270
516.078000   -0.698786
516.079000   -0.704653
516.080000   -0.710647
516.081000   -0.716734
516.082000   -0.722890
516.083000   -0.729004
516.084000   -0.734862
516.085000   -0.740176
516.086000   -0.744590
516.087000   -0.747736
516.088000   -0.749385
516.089000   -0.749627
516.090000   -0.748821
516.091000   -0.747395
516.092000   -0.745674
516.093000   -0.743821
516.094000   -0.741802
516.095000   -0.739399
516.096000   -0.736267
516.097000   -0.732096
516.098000   -0.726762
516.099000   -0.720322
516.100000   -0.712903
516.101000   -0.704625
516.102000   -0.695608
516.103000   -0.685968
516.104000   -0.675816
516.105000   -0.665243
516.106000   -0.654393
516.107000   -0.643569
516.108000   -0.633233
516.109000   -0.623868
516.110000   -0.615846
516.111000   -0.609373
516.112000   -0.604462
516.113000   -0.600906
516.114000   -0.598277
516.115000   -0.596020
516.116000   -0.593660
516.117000   -0.590942
516.118000   -0.587755
516.119000   -0.583979
516.120000   -0.579449
516.121000   -0.573993
516.122000   -0.567470
516.123000   -0.559779
516.124000   -0.550883
516.125000   -0.540889
516.126000   -0.530132
516.127000   -0.519141
516.128000   -0.508486
516.129000   -0.498666
516.130000   -0.490067
516.131000   -0.482954
516.132000   -0.477461
516.133000   -0.473592
516.134000   -0.471276
516.135000   -0.470500
516.136000   -0.471397
516.137000   -0.474177
516.138000   -0.479009
516.139000   -0.485952
516.140000   -0.494943
516.141000   -0.505774
516.142000   -0.518075
516.143000   -0.531346
516.144000   -0.545132
516.145000   -0.559257
516.146000   -0.573855
516.147000   -0.589157
516.148000   -0.605314
516.149000   -0.622312
516.150000   -0.639944
516.151000   -0.657790
516.152000   -0.675249
516.153000   -0.691695
516.154000   -0.706733
516.155000   -0.720320
516.156000   -0.732624
516.157000   -0.743848
516.158000   -0.754161
516.159000   -0.763688
516.160000   -0.772480
516.161000   -0.780493
516.162000   -0.787606
516.163000   -0.793723
516.164000   -0.798886
516.165000   -0.803275
516.166000   -0.807134
516.167000   -0.810699
516.168000   -0.814127
516.169000   -0.817417
516.170000   -0.820345
516.171000   -0.822468
516.172000   -0.823192
516.173000   -0.821910
516.174000   -0.818136
516.175000   -0.811578
516.176000   -0.802163
516.177000   -0.790009
516.178000   -0.775345
516.179000   -0.758430
516.180000   -0.739481
516.181000   -0.718675
516.182000   -0.696205
516.183000   -0.672398
516.184000   -0.647763
516.185000   -0.622949
516.186000   -0.598638
516.187000   -0.575432
516.188000   -0.553748
516.189000   -0.533774
516.190000   -0.515493
516.191000   -0.498773
516.192000   -0.483497
516.193000   -0.469652
516.194000   -0.457338
516.195000   -0.446721
516.196000   -0.437963
516.197000   -0.431163
516.198000   -0.426310
516.199000   -0.423274
516.200000   -0.421844
516.201000   -0.421811
516.202000   -0.423068
516.203000   -0.425642
516.204000   -0.429637
516.205000   -0.435151
516.206000   -0.442190
516.207000   -0.450615
516.208000   -0.460125
516.209000   -0.470286
516.210000   -0.480623
516.211000   -0.490769
516.212000   -0.500565
516.213000   -0.510039
516.214000   -0.519324
516.215000   -0.528576
516.216000   -0.537909
516.217000   -0.547351
516.218000   -0.556840
516.219000   -0.566253
516.220000   -0.575501
516.221000   -0.584642
516.222000   -0.593905
516.223000   -0.603622
516.224000   -0.614108
516.225000   -0.625537
516.226000   -0.637853
516.227000   -0.650753
516.228000   -0.663720
516.229000   -0.676104
516.230000   -0.687220
516.231000   -0.696462
516.232000   -0.703424
516.233000   -0.707979
516.234000   -0.710251
516.235000   -0.710517
516.236000   -0.709116
516.237000   -0.706379
516.238000   -0.702561
516.239000   -0.697799
516.240000   -0.692125
516.241000   -0.685577
516.242000   -0.678333
516.243000   -0.670733
516.244000   -0.663150
516.245000   -0.655858
516.246000   -0.648965
516.247000   -0.642419
516.248000   -0.636037
516.249000   -0.629591
516.250000   -0.622943
516.251000   -0.616185
516.252000   -0.609675
516.253000   -0.603909
516.254000   -0.599331
516.255000   -0.596217
516.256000   -0.594640
516.257000   -0.594502
516.258000   -0.595588
516.259000   -0.597666
516.260000   -0.600576
516.261000   -0.604266
516.262000   -0.608739
516.263000   -0.613962
516.264000   -0.619802
516.265000   -0.626039
516.266000   -0.632407
516.267000   -0.638638
516.268000   -0.644535
516.269000   -0.650023
516.270000   -0.655162
516.271000   -0.660102
516.272000   -0.665011
516.273000   -0.670014
516.274000   -0.675169
516.275000   -0.680466
516.276000   -0.685842
516.277000   -0.691230
516.278000   -0.696618
516.279000   -0.702072
516.280000   -0.707717
516.281000   -0.713656
516.282000   -0.719867
516.283000   -0.726137
516.284000   -0.732076
516.285000   -0.737181
516.286000   -0.740927
516.287000   -0.742862
516.288000   -0.742693
516.289000   -0.740363
516.290000   -0.736086
516.291000   -0.730260
516.292000   -0.723322
516.293000   -0.715654
516.294000   -0.707550
516.295000   -0.699211
516.296000   -0.690727
516.297000   -0.682088
516.298000   -0.673254
516.299000   -0.664293
516.300000   -0.655411
516.301000   -0.646821
516.302000   -0.638622
516.303000   -0.630752
516.304000   -0.623019
516.305000   -0.615126
516.306000   -0.606729
516.307000   -0.597551
516.308000   -0.587592
516.309000   -0.577247
516.310000   -0.567188
516.311000   -0.558105
516.312000   -0.550533
516.313000   -0.544784
516.314000   -0.540934
516.315000   -0.538844
516.316000   -0.538228
516.317000   -0.538806
516.318000   -0.540462
516.319000   -0.543239
516.320000   -0.547175
516.321000   -0.552182
516.322000   -0.558027
516.323000   -0.564375
516.324000   -0.570833
516.325000   -0.577009
516.326000   -0.582586
516.327000   -0.587393
516.328000   -0.591417
516.329000   -0.594732
516.330000   -0.597451
516.331000   -0.599716
516.332000   -0.601709
516.333000   -0.603633
516.334000   -0.605677
516.335000   -0.607980
516.336000   -0.610616
516.337000   -0.613620
516.338000   -0.617008
516.339000   -0.620767
516.340000   -0.624837
516.341000   -0.629097
516.342000   -0.633355
516.343000   -0.637341
516.344000   -0.640712
516.345000   -0.643117
516.346000   -0.644311
516.347000   -0.644247
516.348000   -0.643052
516.349000   -0.640944
516.350000   -0.638167
516.351000   -0.634944
516.352000   -0.631436
516.353000   -0.627702
516.354000   -0.623692
516.355000   -0.619312
516.356000   -0.614521
516.357000   -0.609358
516.358000   -0.603878
516.359000   -0.598104
516.360000   -0.592024
516.361000   -0.585599
516.362000   -0.578765
516.363000   -0.571447
516.364000   -0.563605
516.365000   -0.555332
516.366000   -0.546910
516.367000   -0.538755
516.368000   -0.531328
516.369000   -0.525067
516.370000   -0.520336
516.371000   -0.517371
516.372000   -0.516234
516.373000   -0.516822
516.374000   -0.518958
516.375000   -0.522507
516.376000   -0.527407
516.377000   -0.533628
516.378000   -0.541108
516.379000   -0.549710
516.380000   -0.559192
516.381000   -0.569201
516.382000   -0.579301
516.383000   -0.589047
516.384000   -0.598085
516.385000   -0.606211
516.386000   -0.613387
516.387000   -0.619715
516.388000   -0.625382
516.389000   -0.630596
516.390000   -0.635537
516.391000   -0.640319
516.392000   -0.644968
516.393000   -0.649426
516.394000   -0.653607
516.395000   -0.657464
516.396000   -0.661022
516.397000   -0.664353
516.398000   -0.667518
516.399000   -0.670534
516.400000   -0.673349
516.401000   -0.675842
516.402000   -0.677865
516.403000   -0.679325
516.404000   -0.680264
516.405000   -0.680882
516.406000   -0.681502
516.407000   -0.682469
516.408000   -0.684062
516.409000   -0.686416
516.410000   -0.689480
516.411000   -0.693035
516.412000   -0.696775
516.413000   -0.700419
516.414000   -0.703763
516.415000   -0.706689
516.416000   -0.709092
516.417000   -0.710819
516.418000   -0.711643
516.419000   -0.711272
516.420000   -0.709421
516.421000   -0.705900
516.422000   -0.700701
516.423000   -0.694031
516.424000   -0.686289
516.425000   -0.678006
516.426000   -0.669756
516.427000   -0.662063
516.428000   -0.655348
516.429000   -0.649894
516.430000   -0.645824
516.431000   -0.643101
516.432000   -0.641566
516.433000   -0.641038
516.434000   -0.641413
516.435000   -0.642648
516.436000   -0.644690
516.437000   -0.647407
516.438000   -0.650558
516.439000   -0.653779
516.440000   -0.656596
516.441000   -0.658496
516.442000   -0.659086
516.443000   -0.658266
516.444000   -0.656255
516.445000   -0.653442
516.446000   -0.650207
516.447000   -0.646814
516.448000   -0.643352
516.449000   -0.639730
516.450000   -0.635734
516.451000   -0.631164
516.452000   -0.625997
516.453000   -0.620431
516.454000   -0.614739
516.455000   -0.609098
516.456000   -0.603518
516.457000   -0.597857
516.458000   -0.591904
516.459000   -0.585467
516.460000   -0.578452
516.461000   -0.570930
516.462000   -0.563164
516.463000   -0.555528
516.464000   -0.548378
516.465000   -0.541975
516.466000   -0.536469
516.467000   -0.531919
516.468000   -0.528316
516.469000   -0.525588
516.470000   -0.523603
516.471000   -0.522221
516.472000   -0.521316
516.473000   -0.520737
516.474000   -0.520273
516.475000   -0.519669
516.476000   -0.518678
516.477000   -0.517103
516.478000   -0.514801
516.479000   -0.511674
516.480000   -0.507722
516.481000   -0.503130
516.482000   -0.498254
516.483000   -0.493504
516.484000   -0.489245
516.485000   -0.485769
516.486000   -0.483271
516.487000   -0.481814
516.488000   -0.481287
516.489000   -0.481475
516.490000   -0.482231
516.491000   -0.483555
516.492000   -0.485484
516.493000   -0.487961
516.494000   -0.490831
516.495000   -0.493878
516.496000   -0.496858
516.497000   -0.499501
516.498000   -0.501554
516.499000   -0.502914
516.500000   -0.503731
516.501000   -0.504345
516.501000   -0.504345
516.502000   -0.505119
516.503000   -0.506345
516.504000   -0.508216
516.505000   -0.510809
516.506000   -0.514062
516.507000   -0.517774
516.508000   -0.521685
516.509000   -0.525612
516.510000   -0.529472
516.511000   -0.533211
516.512000   -0.536749
516.513000   -0.540021
516.514000   -0.543006
516.515000   -0.545738
516.516000   -0.548276
516.517000   -0.550699
516.518000   -0.553139
516.519000   -0.555810
516.520000   -0.558972
516.521000   -0.562888
516.522000   -0.567827
516.523000   -0.574065
516.524000   -0.581827
516.525000   -0.591199
516.526000   -0.602072
516.527000   -0.614162
516.528000   -0.627116
516.529000   -0.640566
516.530000   -0.654151
516.531000   -0.667534
516.532000   -0.680436
516.533000   -0.692619
516.534000   -0.703840
516.535000   -0.713809
516.536000   -0.722211
516.537000   -0.728806
516.538000   -0.733555
516.539000   -0.736659
516.540000   -0.738515
516.541000   -0.739622
516.542000   -0.740449
516.543000   -0.741296
516.544000   -0.742181
516.545000   -0.742849
516.546000   -0.742915
516.547000   -0.742075
516.548000   -0.740224
516.549000   -0.737395
516.550000   -0.733664
516.551000   -0.729085
516.552000   -0.723636
516.553000   -0.717173
516.554000   -0.709440
516.555000   -0.700167
516.556000   -0.689255
516.557000   -0.676915
516.558000   -0.663633
516.559000   -0.650042
516.560000   -0.636806
516.561000   -0.624475
516.562000   -0.613350
516.563000   -0.603401
516.564000   -0.594314
516.565000   -0.585641
516.566000   -0.576971
516.567000   -0.568014
516.568000   -0.558630
516.569000   -0.548846
516.570000   -0.538817
516.571000   -0.528731
516.572000   -0.518734
516.573000   -0.508908
516.574000   -0.499283
516.575000   -0.489868
516.576000   -0.480706
516.577000   -0.471972
516.578000   -0.464079
516.579000   -0.457651
516.580000   -0.453346
516.581000   -0.451667
516.582000   -0.452848
516.583000   -0.456819
516.584000   -0.463227
516.585000   -0.471541
516.586000   -0.481212
516.587000   -0.491854
516.588000   -0.503306
516.589000   -0.515527
516.590000   -0.528454
516.591000   -0.541915
516.592000   -0.555599
516.593000   -0.569076
516.594000   -0.581879
516.595000   -0.593655
516.596000   -0.604323
516.597000   -0.614125
516.598000   -0.623502
516.599000   -0.632887
516.600000   -0.642548
516.601000   -0.652510
516.602000   -0.662540
516.603000   -0.672215
516.604000   -0.681064
516.605000   -0.688719
516.606000   -0.695018
516.607000   -0.699972
516.608000   -0.703661
516.609000   -0.706143
516.610000   -0.707434
516.611000   -0.707508
516.612000   -0.706308
516.613000   -0.703789
516.614000   -0.699995
516.615000   -0.695133
516.616000   -0.689581
516.617000   -0.683776
516.618000   -0.678056
516.619000   -0.672556
516.620000   -0.667166
516.621000   -0.661534
516.622000   -0.655136
516.623000   -0.647409
516.624000   -0.637962
516.625000   -0.626744
516.626000   -0.614018
516.627000   -0.600177
516.628000   -0.585590
516.629000   -0.570537
516.630000   -0.555189
516.631000   -0.539603
516.632000   -0.523781
516.633000   -0.507815
516.634000   -0.492090
516.635000   -0.477326
516.636000   -0.464354
516.637000   -0.453839
516.638000   -0.446124
516.639000   -0.441184
516.640000   -0.438660
516.641000   -0.437949
516.642000   -0.438396
516.643000   -0.439558
516.644000   -0.441358
516.645000   -0.443966
516.646000   -0.447552
516.647000   -0.452124
516.648000   -0.457501
516.649000   -0.463337
516.650000   -0.469175
516.651000   -0.474555
516.652000   -0.479180
516.653000   -0.483053
516.654000   -0.486456
516.655000   -0.489789
516.656000   -0.493413
516.657000   -0.497544
516.658000   -0.502195
516.659000   -0.507165
516.660000   -0.512089
516.661000   -0.516560
516.662000   -0.520296
516.663000   -0.523252
516.664000   -0.525615
516.665000   -0.527712
516.666000   -0.529915
516.667000   -0.532551
516.668000   -0.535838
516.669000   -0.539825
516.670000   -0.544402
516.671000   -0.549403
516.672000   -0.554788
516.673000   -0.560743
516.674000   -0.567606
516.675000   -0.575710
516.676000   -0.585251
516.677000   -0.596188
516.678000   -0.608202
516.679000   -0.620724
516.680000   -0.633090
516.681000   -0.644782
516.682000   -0.655587
516.683000   -0.665508
516.684000   -0.674586
516.685000   -0.682800
516.686000   -0.690046
516.687000   -0.696142
516.688000   -0.700854
516.689000   -0.703975
516.690000   -0.705496
516.691000   -0.705752
516.692000   -0.705339
516.693000   -0.704896
516.694000   -0.704914
516.695000   -0.705636
516.696000   -0.707004
516.697000   -0.708683
516.698000   -0.710145
516.699000   -0.710843
516.700000   -0.710390
516.701000   -0.708619
516.702000   -0.705516
516.703000   -0.701135
516.704000   -0.695547
516.705000   -0.688809
516.706000   -0.680951
516.707000   -0.671975
516.708000   -0.661907
516.709000   -0.650909
516.710000   -0.639379
516.711000   -0.627939
516.712000   -0.617305
516.713000   -0.608083
516.714000   -0.600601
516.715000   -0.594829
516.716000   -0.590402
516.717000   -0.586733
516.718000   -0.583185
516.719000   -0.579252
516.720000   -0.574661
516.721000   -0.569349
516.722000   -0.563367
516.723000   -0.556785
516.724000   -0.549655
516.725000   -0.542003
516.726000   -0.533855
516.727000   -0.525298
516.728000   -0.516586
516.729000   -0.508220
516.730000   -0.500902
516.731000   -0.495397
516.732000   -0.492341
516.733000   -0.492087
516.734000   -0.494613
516.735000   -0.499540
516.736000   -0.506241
516.737000   -0.514046
516.738000   -0.522426
516.739000   -0.531083
516.740000   -0.539900
516.741000   -0.548855
516.742000   -0.557933
516.743000   -0.567104
516.744000   -0.576307
516.745000   -0.585482
516.746000   -0.594607
516.747000   -0.603770
516.748000   -0.613205
516.749000   -0.623255
516.750000   -0.634243
516.751000   -0.646318
516.752000   -0.659338
516.753000   -0.672860
516.754000   -0.686215
516.755000   -0.698623
516.756000   -0.709347
516.757000   -0.717840
516.758000   -0.723868
516.759000   -0.727544
516.760000   -0.729226
516.761000   -0.729362
516.762000   -0.728367
516.763000   -0.726573
516.764000   -0.724200
516.765000   -0.721370
516.766000   -0.718182
516.767000   -0.714853
516.768000   -0.711783
516.769000   -0.709436
516.770000   -0.708112
516.771000   -0.707799
516.772000   -0.708166
516.773000   -0.708638
516.774000   -0.708500
516.775000   -0.707058
516.776000   -0.703837
516.777000   -0.698731
516.778000   -0.691961
516.779000   -0.683893
516.780000   -0.674877
516.781000   -0.665185
516.782000   -0.655003
516.783000   -0.644446
516.784000   -0.633607
516.785000   -0.622644
516.786000   -0.611884
516.787000   -0.601818
516.788000   -0.592967
516.789000   -0.585706
516.790000   -0.580178
516.791000   -0.576290
516.792000   -0.573763
516.793000   -0.572202
516.794000   -0.571186
516.795000   -0.570373
516.796000   -0.569583
516.797000   -0.568800
516.798000   -0.568097
516.799000   -0.567560
516.800000   -0.567246
516.801000   -0.567172
516.802000   -0.567306
516.803000   -0.567577
516.804000   -0.567912
516.805000   -0.568318
516.806000   -0.568945
516.807000   -0.570036
516.808000   -0.571805
516.809000   -0.574345
516.810000   -0.577617
516.811000   -0.581464
516.812000   -0.585641
516.813000   -0.589853
516.814000   -0.593865
516.815000   -0.597627
516.816000   -0.601320
516.817000   -0.605251
516.818000   -0.609716
516.819000   -0.614915
516.820000   -0.620923
516.821000   -0.627686
516.822000   -0.635037
516.823000   -0.642762
516.824000   -0.650716
516.825000   -0.658914
516.826000   -0.667494
516.827000   -0.676595
516.828000   -0.686247
516.829000   -0.696354
516.830000   -0.706708
516.831000   -0.717020
516.832000   -0.726950
516.833000   -0.736168
516.834000   -0.744447
516.835000   -0.751733
516.836000   -0.758125
516.837000   -0.763785
516.838000   -0.768858
516.839000   -0.773431
516.840000   -0.777513
516.841000   -0.781032
516.842000   -0.783853
516.843000   -0.785866
516.844000   -0.787117
516.845000   -0.787867
516.846000   -0.788516
516.847000   -0.789465
516.848000   -0.791012
516.849000   -0.793301
516.850000   -0.796314
516.851000   -0.799887
516.852000   -0.803794
516.853000   -0.807900
516.854000   -0.812288
516.855000   -0.817228
516.856000   -0.823007
516.857000   -0.829771
516.858000   -0.837466
516.859000   -0.845836
516.860000   -0.854461
516.861000   -0.862818
516.862000   -0.870406
516.863000   -0.876891
516.864000   -0.882153
516.865000   -0.886186
516.866000   -0.888970
516.867000   -0.890409
516.868000   -0.890344
516.869000   -0.888571
516.870000   -0.884881
516.871000   -0.879125
516.872000   -0.871321
516.873000   -0.861735
516.874000   -0.850847
516.875000   -0.839247
516.876000   -0.827516
516.877000   -0.816150
516.878000   -0.805517
516.879000   -0.795823
516.880000   -0.787103
516.881000   -0.779271
516.882000   -0.772212
516.883000   -0.765873
516.884000   -0.760249
516.885000   -0.755305
516.886000   -0.750890
516.887000   -0.746716
516.888000   -0.742376
516.889000   -0.737401
516.890000   -0.731337
516.891000   -0.723845
516.892000   -0.714804
516.893000   -0.704351
516.894000   -0.692838
516.895000   -0.680740
516.896000   -0.668558
516.897000   -0.656755
516.898000   -0.645690
516.899000   -0.635550
516.900000   -0.626327
516.901000   -0.617844
516.902000   -0.609855
516.903000   -0.602130
516.904000   -0.594477
516.905000   -0.586721
516.906000   -0.578690
516.907000   -0.570211
516.908000   -0.561120
516.909000   -0.551272
516.910000   -0.540604
516.911000   -0.529252
516.912000   -0.517632
516.913000   -0.506405
516.914000   -0.496334
516.915000   -0.488111
516.916000   -0.482224
516.917000   -0.478870
516.918000   -0.477923
516.919000   -0.478989
516.920000   -0.481551
516.921000   -0.485138
516.922000   -0.489402
516.923000   -0.494076
516.924000   -0.498897
516.925000   -0.503561
516.926000   -0.507719
516.927000   -0.511002
516.928000   -0.513065
516.929000   -0.513657
516.930000   -0.512711
516.931000   -0.510414
516.932000   -0.507205
516.933000   -0.503690
516.934000   -0.500516
516.935000   -0.498241
516.936000   -0.497220
516.937000   -0.497523
516.938000   -0.498923
516.939000   -0.500998
516.940000   -0.503310
516.941000   -0.505570
516.942000   -0.507677
516.943000   -0.509643
516.944000   -0.511504
516.945000   -0.513263
516.946000   -0.514869
516.947000   -0.516216
516.948000   -0.517179
516.949000   -0.517713
516.950000   -0.517976
516.951000   -0.518390
516.952000   -0.519551
516.953000   -0.522061
516.954000   -0.526375
516.955000   -0.532689
516.956000   -0.540881
516.957000   -0.550540
516.958000   -0.561063
516.959000   -0.571820
516.960000   -0.582316
516.961000   -0.592243
516.962000   -0.601424
516.963000   -0.609739
516.964000   -0.617076
516.965000   -0.623329
516.966000   -0.628405
516.967000   -0.632255
516.968000   -0.634928
516.969000   -0.636644
516.970000   -0.637811
516.971000   -0.638958
516.972000   -0.640609
516.973000   -0.643155
516.974000   -0.646774
516.975000   -0.651415
516.976000   -0.656853
516.977000   -0.662792
516.978000   -0.668996
516.979000   -0.675379
516.980000   -0.682014
516.981000   -0.689054
516.982000   -0.696648
516.983000   -0.704872
516.984000   -0.713706
516.985000   -0.723028
516.986000   -0.732647
516.987000   -0.742350
516.988000   -0.751990
516.989000   -0.761528
516.990000   -0.771018
516.991000   -0.780517
516.992000   -0.790013
516.993000   -0.799374
516.994000   -0.808340
516.995000   -0.816550
516.996000   -0.823618
516.997000   -0.829253
516.998000   -0.833359
516.999000   -0.836052
517.000000   -0.837589
517.001000   -0.838262
517.001000   -0.838262
517.002000   -0.838336
517.003000   -0.838022
517.004000   -0.837459
517.005000   -0.836724
517.006000   -0.835877
517.007000   -0.835042
517.008000   -0.834469
517.009000   -0.834497
517.010000   -0.835448
517.011000   -0.837521
517.012000   -0.840752
517.013000   -0.845015
517.014000   -0.850058
517.015000   -0.855561
517.016000   -0.861218
517.017000   -0.866830
517.018000   -0.872343
517.019000   -0.877808
517.020000   -0.883287
517.021000   -0.888786
517.022000   -0.894223
517.023000   -0.899433
517.024000   -0.904195
517.025000   -0.908276
517.026000   -0.911502
517.027000   -0.913818
517.028000   -0.915295
517.029000   -0.916093
517.030000   -0.916390
517.031000   -0.916324
517.032000   -0.915975
517.033000   -0.915364
517.034000   -0.914480
517.035000   -0.913312
517.036000   -0.911889
517.037000   -0.910305
517.038000   -0.908709
517.039000   -0.907262
517.040000   -0.906073
517.041000   -0.905164
517.042000   -0.904450
517.043000   -0.903755
517.044000   -0.902851
517.045000   -0.901519
517.046000   -0.899638
517.047000   -0.897231
517.048000   -0.894448
517.049000   -0.891474
517.050000   -0.888423
517.051000   -0.885262
517.052000   -0.881794
517.053000   -0.877686
517.054000   -0.872552
517.055000   -0.866055
517.056000   -0.858009
517.057000   -0.848397
517.058000   -0.837328
517.059000   -0.824970
517.060000   -0.811486
517.061000   -0.797008
517.062000   -0.781635
517.063000   -0.765462
517.064000   -0.748625
517.065000   -0.731336
517.066000   -0.713877
517.067000   -0.696537
517.068000   -0.679539
517.069000   -0.663004
517.070000   -0.646950
517.071000   -0.631321
517.072000   -0.616030
517.073000   -0.600999
517.074000   -0.586187
517.075000   -0.571600
517.076000   -0.557281
517.077000   -0.543306
517.078000   -0.529776
517.079000   -0.516805
517.080000   -0.504497
517.081000   -0.492941
517.082000   -0.482207
517.083000   -0.472353
517.084000   -0.463435
517.085000   -0.455515
517.086000   -0.448668
517.087000   -0.442954
517.088000   -0.438361
517.089000   -0.434757
517.090000   -0.431879
517.091000   -0.429376
517.092000   -0.426866
517.093000   -0.423998
517.094000   -0.420509
517.095000   -0.416268
517.096000   -0.411289
517.097000   -0.405714
517.098000   -0.399766
517.099000   -0.393720
517.100000   -0.387912
517.101000   -0.382738
517.102000   -0.378647
517.103000   -0.376098
517.104000   -0.375487
517.105000   -0.377056
517.106000   -0.380835
517.107000   -0.386620
517.108000   -0.394024
517.109000   -0.402551
517.110000   -0.411690
517.111000   -0.420960
517.112000   -0.429931
517.113000   -0.438233
517.114000   -0.445583
517.115000   -0.451834
517.116000   -0.456999
517.117000   -0.461220
517.118000   -0.464725
517.119000   -0.467776
517.120000   -0.470631
517.121000   -0.473494
517.122000   -0.476466
517.123000   -0.479521
517.124000   -0.482546
517.125000   -0.485370
517.126000   -0.487778
517.127000   -0.489510
517.128000   -0.490289
517.129000   -0.489887
517.130000   -0.488170
517.131000   -0.485131
517.132000   -0.480901
517.133000   -0.475744
517.134000   -0.470013
517.135000   -0.464098
517.136000   -0.458373
517.137000   -0.453175
517.138000   -0.448805
517.139000   -0.445512
517.140000   -0.443486
517.141000   -0.442858
517.142000   -0.443712
517.143000   -0.446092
517.144000   -0.449962
517.145000   -0.455173
517.146000   -0.461451
517.147000   -0.468414
517.148000   -0.475617
517.149000   -0.482604
517.150000   -0.488982
517.151000   -0.494495
517.152000   -0.499061
517.153000   -0.502750
517.154000   -0.505731
517.155000   -0.508228
517.156000   -0.510498
517.157000   -0.512818
517.158000   -0.515487
517.159000   -0.518818
517.160000   -0.523127
517.161000   -0.528681
517.162000   -0.535629
517.163000   -0.543933
517.164000   -0.553360
517.165000   -0.563514
517.166000   -0.573912
517.167000   -0.584050
517.168000   -0.593462
517.169000   -0.601759
517.170000   -0.608654
517.171000   -0.613974
517.172000   -0.617669
517.173000   -0.619817
517.174000   -0.620626
517.175000   -0.620422
517.176000   -0.619607
517.177000   -0.618606
517.178000   -0.617799
517.179000   -0.617464
517.180000   -0.617753
517.181000   -0.618694
517.182000   -0.620225
517.183000   -0.622232
517.184000   -0.624584
517.185000   -0.627141
517.186000   -0.629755
517.187000   -0.632281
517.188000   -0.634604
517.189000   -0.636676
517.190000   -0.638535
517.191000   -0.640290
517.192000   -0.642107
517.193000   -0.644187
517.194000   -0.646753
517.195000   -0.650024
517.196000   -0.654201
517.197000   -0.659440
517.198000   -0.665826
517.199000   -0.673349
517.200000   -0.681890
517.201000   -0.691246
517.202000   -0.701170
517.203000   -0.711414
517.204000   -0.721744
517.205000   -0.731930
517.206000   -0.741728
517.207000   -0.750877
517.208000   -0.759097
517.209000   -0.766129
517.210000   -0.771776
517.211000   -0.775957
517.212000   -0.778735
517.213000   -0.780311
517.214000   -0.780989
517.215000   -0.781114
517.216000   -0.781002
517.217000   -0.780893
517.218000   -0.780917
517.219000   -0.781103
517.220000   -0.781412
517.221000   -0.781775
517.222000   -0.782117
517.223000   -0.782369
517.224000   -0.782459
517.225000   -0.782310
517.226000   -0.781841
517.227000   -0.780985
517.228000   -0.779693
517.229000   -0.777947
517.230000   -0.775760
517.231000   -0.773168
517.232000   -0.770222
517.233000   -0.766962
517.234000   -0.763398
517.235000   -0.759480
517.236000   -0.755067
517.237000   -0.749922
517.238000   -0.743741
517.239000   -0.736214
517.240000   -0.727079
517.241000   -0.716173
517.242000   -0.703441
517.243000   -0.688933
517.244000   -0.672795
517.245000   -0.655252
517.246000   -0.636608
517.247000   -0.617259
517.248000   -0.597700
517.249000   -0.578522
517.250000   -0.560366
517.251000   -0.543859
517.252000   -0.529543
517.253000   -0.517810
517.254000   -0.508868
517.255000   -0.502724
517.256000   -0.499214
517.257000   -0.498048
517.258000   -0.498864
517.259000   -0.501270
517.260000   -0.504843
517.261000   -0.509135
517.262000   -0.513672
517.263000   -0.517983
517.264000   -0.521628
517.265000   -0.524251
517.266000   -0.525623
517.267000   -0.525687
517.268000   -0.524575
517.269000   -0.522583
517.270000   -0.520112
517.271000   -0.517592
517.272000   -0.515399
517.273000   -0.513783
517.274000   -0.512836
517.275000   -0.512516
517.276000   -0.512714
517.277000   -0.513337
517.278000   -0.514350
517.279000   -0.515773
517.280000   -0.517648
517.281000   -0.519996
517.282000   -0.522791
517.283000   -0.525948
517.284000   -0.529352
517.285000   -0.532906
517.286000   -0.536588
517.287000   -0.540498
517.288000   -0.544841
517.289000   -0.549888
517.290000   -0.555900
517.291000   -0.563062
517.292000   -0.571429
517.293000   -0.580886
517.294000   -0.591164
517.295000   -0.601875
517.296000   -0.612586
517.297000   -0.622870
517.298000   -0.632353
517.299000   -0.640721
517.300000   -0.647733
517.301000   -0.653218
517.302000   -0.657083
517.303000   -0.659304
517.304000   -0.659939
517.305000   -0.659140
517.306000   -0.657175
517.307000   -0.654426
517.308000   -0.651358
517.309000   -0.648449
517.310000   -0.646087
517.311000   -0.644478
517.312000   -0.643609
517.313000   -0.643285
517.314000   -0.643205
517.315000   -0.643054
517.316000   -0.642561
517.317000   -0.641531
517.318000   -0.639845
517.319000   -0.637452
517.320000   -0.634354
517.321000   -0.630604
517.322000   -0.626313
517.323000   -0.621658
517.324000   -0.616892
517.325000   -0.612324
517.326000   -0.608302
517.327000   -0.605180
517.328000   -0.603269
517.329000   -0.602777
517.330000   -0.603741
517.331000   -0.605999
517.332000   -0.609193
517.333000   -0.612842
517.334000   -0.616421
517.335000   -0.619438
517.336000   -0.621496
517.337000   -0.622340
517.338000   -0.621869
517.339000   -0.620135
517.340000   -0.617319
517.341000   -0.613695
517.342000   -0.609613
517.343000   -0.605468
517.344000   -0.601673
517.345000   -0.598618
517.346000   -0.596610
517.347000   -0.595829
517.348000   -0.596295
517.349000   -0.597880
517.350000   -0.600355
517.351000   -0.603456
517.352000   -0.606950
517.353000   -0.610661
517.354000   -0.614467
517.355000   -0.618289
517.356000   -0.622080
517.357000   -0.625841
517.358000   -0.629634
517.359000   -0.633611
517.360000   -0.638013
517.361000   -0.643165
517.362000   -0.649447
517.363000   -0.657235
517.364000   -0.666836
517.365000   -0.678404
517.366000   -0.691872
517.367000   -0.706923
517.368000   -0.723026
517.369000   -0.739520
517.370000   -0.755737
517.371000   -0.771080
517.372000   -0.785060
517.373000   -0.797284
517.374000   -0.807441
517.375000   -0.815286
517.376000   -0.820656
517.377000   -0.823486
517.378000   -0.823844
517.379000   -0.821962
517.380000   -0.818236
517.381000   -0.813189
517.382000   -0.807388
517.383000   -0.801335
517.384000   -0.795366
517.385000   -0.789592
517.386000   -0.783923
517.387000   -0.778155
517.388000   -0.772100
517.389000   -0.765668
517.390000   -0.758888
517.391000   -0.751850
517.392000   -0.744640
517.393000   -0.737295
517.394000   -0.729780
517.395000   -0.722006
517.396000   -0.713875
517.397000   -0.705348
517.398000   -0.696480
517.399000   -0.687420
517.400000   -0.678358
517.401000   -0.669457
517.402000   -0.660801
517.403000   -0.652381
517.404000   -0.644101
517.405000   -0.635831
517.406000   -0.627469
517.407000   -0.618994
517.408000   -0.610465
517.409000   -0.601985
517.410000   -0.593647
517.411000   -0.585500
517.412000   -0.577543
517.413000   -0.569721
517.414000   -0.561951
517.415000   -0.554159
517.416000   -0.546333
517.417000   -0.538567
517.418000   -0.531057
517.419000   -0.524055
517.420000   -0.517811
517.421000   -0.512514
517.422000   -0.508263
517.423000   -0.505072
517.424000   -0.502901
517.425000   -0.501737
517.426000   -0.501648
517.427000   -0.502780
517.428000   -0.505297
517.429000   -0.509285
517.430000   -0.514698
517.431000   -0.521338
517.432000   -0.528881
517.433000   -0.536921
517.434000   -0.545051
517.435000   -0.552943
517.436000   -0.560402
517.437000   -0.567361
517.438000   -0.573829
517.439000   -0.579838
517.440000   -0.585390
517.441000   -0.590419
517.442000   -0.594774
517.443000   -0.598244
517.444000   -0.600628
517.445000   -0.601808
517.446000   -0.601768
517.447000   -0.600575
517.448000   -0.598339
517.449000   -0.595198
517.450000   -0.591302
517.451000   -0.586803
517.452000   -0.581858
517.453000   -0.576655
517.454000   -0.571460
517.455000   -0.566619
517.456000   -0.562494
517.457000   -0.559360
517.458000   -0.557329
517.459000   -0.556321
517.460000   -0.556075
517.461000   -0.556204
517.462000   -0.556302
517.463000   -0.556081
517.464000   -0.555476
517.465000   -0.554627
517.466000   -0.553776
517.467000   -0.553143
517.468000   -0.552851
517.469000   -0.552892
517.470000   -0.553151
517.471000   -0.553449
517.472000   -0.553642
517.473000   -0.553733
517.474000   -0.553930
517.475000   -0.554606
517.476000   -0.556190
517.477000   -0.559067
517.478000   -0.563476
517.479000   -0.569439
517.480000   -0.576719
517.481000   -0.584847
517.482000   -0.593230
517.483000   -0.601285
517.484000   -0.608536
517.485000   -0.614642
517.486000   -0.619376
517.487000   -0.622606
517.488000   -0.624255
517.489000   -0.624282
517.490000   -0.622684
517.491000   -0.619554
517.492000   -0.615159
517.493000   -0.609999
517.494000   -0.604761
517.495000   -0.600205
517.496000   -0.597014
517.497000   -0.595654
517.498000   -0.596281
517.499000   -0.598712
517.500000   -0.602512
517.501000   -0.607153
517.501000   -0.607153
517.502000   -0.612193
517.503000   -0.617349
517.504000   -0.622471
517.505000   -0.627468
517.506000   -0.632269
517.507000   -0.636805
517.508000   -0.641019
517.509000   -0.644892
517.510000   -0.648501
517.511000   -0.652074
517.512000   -0.655995
517.513000   -0.660736
517.514000   -0.666735
517.515000   -0.674274
517.516000   -0.683402
517.517000   -0.693916
517.518000   -0.705399
517.519000   -0.717304
517.520000   -0.729046
517.521000   -0.740089
517.522000   -0.749986
517.523000   -0.758399
517.524000   -0.765090
517.525000   -0.769912
517.526000   -0.772803
517.527000   -0.773778
517.528000   -0.772930
517.529000   -0.770449
517.530000   -0.766672
517.531000   -0.762105
517.532000   -0.757390
517.533000   -0.753173
517.534000   -0.749946
517.535000   -0.747946
517.536000   -0.747144
517.537000   -0.747320
517.538000   -0.748179
517.539000   -0.749491
517.540000   -0.751181
517.541000   -0.753323
517.542000   -0.756070
517.543000   -0.759543
517.544000   -0.763771
517.545000   -0.768687
517.546000   -0.774163
517.547000   -0.780072
517.548000   -0.786350
517.549000   -0.793029
517.550000   -0.800201
517.551000   -0.807911
517.552000   -0.816044
517.553000   -0.824259
517.554000   -0.832002
517.555000   -0.838595
517.556000   -0.843359
517.557000   -0.845733
517.558000   -0.845362
517.559000   -0.842119
517.560000   -0.836101
517.561000   -0.827592
517.562000   -0.817032
517.563000   -0.804960
517.564000   -0.791974
517.565000   -0.778693
517.566000   -0.765733
517.567000   -0.753672
517.568000   -0.742996
517.569000   -0.734051
517.570000   -0.727011
517.571000   -0.721874
517.572000   -0.718446
517.573000   -0.716371
517.574000   -0.715183
517.575000   -0.714381
517.576000   -0.713493
517.577000   -0.712123
517.578000   -0.709974
517.579000   -0.706885
517.580000   -0.702835
517.581000   -0.697943
517.582000   -0.692443
517.583000   -0.686646
517.584000   -0.680909
517.585000   -0.675569
517.586000   -0.670870
517.587000   -0.666907
517.588000   -0.663605
517.589000   -0.660766
517.590000   -0.658121
517.591000   -0.655374
517.592000   -0.652228
517.593000   -0.648415
517.594000   -0.643735
517.595000   -0.638075
517.596000   -0.631422
517.597000   -0.623855
517.598000   -0.615545
517.599000   -0.606767
517.600000   -0.597896
517.601000   -0.589387
517.602000   -0.581741
517.603000   -0.575459
517.604000   -0.570975
517.605000   -0.568575
517.606000   -0.568336
517.607000   -0.570123
517.608000   -0.573644
517.609000   -0.578515
517.610000   -0.584297
517.611000   -0.590508
517.612000   -0.596640
517.613000   -0.602192
517.614000   -0.606693
517.615000   -0.609741
517.616000   -0.611028
517.617000   -0.610377
517.618000   -0.607770
517.619000   -0.603361
517.620000   -0.597474
517.621000   -0.590554
517.622000   -0.583105
517.623000   -0.575605
517.624000   -0.568425
517.625000   -0.561783
517.626000   -0.555745
517.627000   -0.550286
517.628000   -0.545356
517.629000   -0.540915
517.630000   -0.536925
517.631000   -0.533321
517.632000   -0.529968
517.633000   -0.526654
517.634000   -0.523090
517.635000   -0.518950
517.636000   -0.513954
517.637000   -0.507961
517.638000   -0.501043
517.639000   -0.493506
517.640000   -0.485834
517.641000   -0.478587
517.642000   -0.472258
517.643000   -0.467151
517.644000   -0.463300
517.645000   -0.460475
517.646000   -0.458266
517.647000   -0.456210
517.648000   -0.453920
517.649000   -0.451149
517.650000   -0.447799
517.651000   -0.443876
517.652000   -0.439444
517.653000   -0.434601
517.654000   -0.429465
517.655000   -0.424177
517.656000   -0.418914
517.657000   -0.413926
517.658000   -0.409566
517.659000   -0.406287
517.660000   -0.404564
517.661000   -0.404790
517.662000   -0.407178
517.663000   -0.411713
517.664000   -0.418149
517.665000   -0.426081
517.666000   -0.435035
517.667000   -0.444588
517.668000   -0.454429
517.669000   -0.464374
517.670000   -0.474318
517.671000   -0.484190
517.672000   -0.493906
517.673000   -0.503363
517.674000   -0.512445
517.675000   -0.521067
517.676000   -0.529233
517.677000   -0.537075
517.678000   -0.544844
517.679000   -0.552816
517.680000   -0.561190
517.681000   -0.569998
517.682000   -0.579099
517.683000   -0.588216
517.684000   -0.597033
517.685000   -0.605292
517.686000   -0.612868
517.687000   -0.619787
517.688000   -0.626180
517.689000   -0.632228
517.690000   -0.638113
517.691000   -0.644004
517.692000   -0.650050
517.693000   -0.656384
517.694000   -0.663142
517.695000   -0.670486
517.696000   -0.678637
517.697000   -0.687847
517.698000   -0.698334
517.699000   -0.710194
517.700000   -0.723320
517.701000   -0.737378
517.702000   -0.751837
517.703000   -0.766050
517.704000   -0.779376
517.705000   -0.791307
517.706000   -0.801532
517.707000   -0.809924
517.708000   -0.816480
517.709000   -0.821255
517.710000   -0.824335
517.711000   -0.825815
517.712000   -0.825807
517.713000   -0.824477
517.714000   -0.822120
517.715000   -0.819194
517.716000   -0.816268
517.717000   -0.813880
517.718000   -0.812400
517.719000   -0.811952
517.720000   -0.812411
517.721000   -0.813467
517.722000   -0.814719
517.723000   -0.815785
517.724000   -0.816392
517.725000   -0.816401
517.726000   -0.815774
517.727000   -0.814520
517.728000   -0.812661
517.729000   -0.810213
517.730000   -0.807189
517.731000   -0.803602
517.732000   -0.799483
517.733000   -0.794906
517.734000   -0.790007
517.735000   -0.784972
517.736000   -0.779982
517.737000   -0.775152
517.738000   -0.770491
517.739000   -0.765908
517.740000   -0.761234
517.741000   -0.756261
517.742000   -0.750802
517.743000   -0.744758
517.744000   -0.738167
517.745000   -0.731203
517.746000   -0.724122
517.747000   -0.717193
517.748000   -0.710643
517.749000   -0.704626
517.750000   -0.699213
517.751000   -0.694423
517.752000   -0.690281
517.753000   -0.686892
517.754000   -0.684461
517.755000   -0.683247
517.756000   -0.683479
517.757000   -0.685274
517.758000   -0.688606
517.759000   -0.693298
517.760000   -0.699062
517.761000   -0.705547
517.762000   -0.712413
517.763000   -0.719378
517.764000   -0.726223
517.765000   -0.732760
517.766000   -0.738803
517.767000   -0.744152
517.768000   -0.748609
517.769000   -0.752004
517.770000   -0.754221
517.771000   -0.755228
517.772000   -0.755077
517.773000   -0.753894
517.774000   -0.751829
517.775000   -0.749014
517.776000   -0.745542
517.777000   -0.741461
517.778000   -0.736785
517.779000   -0.731511
517.780000   -0.725645
517.781000   -0.719230
517.782000   -0.712371
517.783000   -0.705249
517.784000   -0.698098
517.785000   -0.691163
517.786000   -0.684649
517.787000   -0.678679
517.788000   -0.673282
517.789000   -0.668392
517.790000   -0.663860
517.791000   -0.659476
517.792000   -0.654998
517.793000   -0.650186
517.794000   -0.644806
517.795000   -0.638618
517.796000   -0.631375
517.797000   -0.622822
517.798000   -0.612720
517.799000   -0.600874
517.800000   -0.587172
517.801000   -0.571645
517.802000   -0.554520
517.803000   -0.536235
517.804000   -0.517386
517.805000   -0.498649
517.806000   -0.480700
517.807000   -0.464147
517.808000   -0.449475
517.809000   -0.437015
517.810000   -0.426942
517.811000   -0.419311
517.812000   -0.414107
517.813000   -0.411273
517.814000   -0.410702
517.815000   -0.412223
517.816000   -0.415595
517.817000   -0.420515
517.818000   -0.426626
517.819000   -0.433544
517.820000   -0.440897
517.821000   -0.448385
517.822000   -0.455821
517.823000   -0.463137
517.824000   -0.470367
517.825000   -0.477606
517.826000   -0.484965
517.827000   -0.492505
517.828000   -0.500186
517.829000   -0.507833
517.830000   -0.515158
517.831000   -0.521815
517.832000   -0.527467
517.833000   -0.531825
517.834000   -0.534685
517.835000   -0.535946
517.836000   -0.535607
517.837000   -0.533762
517.838000   -0.530568
517.839000   -0.526246
517.840000   -0.521101
517.841000   -0.515557
517.842000   -0.510170
517.843000   -0.505588
517.844000   -0.502485
517.845000   -0.501469
517.846000   -0.502988
517.847000   -0.507249
517.848000   -0.514194
517.849000   -0.523560
517.850000   -0.534997
517.851000   -0.548149
517.852000   -0.562669
517.853000   -0.578179
517.854000   -0.594243
517.855000   -0.610364
517.856000   -0.626005
517.857000   -0.640634
517.858000   -0.653809
517.859000   -0.665267
517.860000   -0.674968
517.861000   -0.683072
517.862000   -0.689875
517.863000   -0.695738
517.864000   -0.701015
517.865000   -0.705999
517.866000   -0.710877
517.867000   -0.715714
517.868000   -0.720476
517.869000   -0.725065
517.870000   -0.729360
517.871000   -0.733265
517.872000   -0.736723
517.873000   -0.739707
517.874000   -0.742197
517.875000   -0.744149
517.876000   -0.745503
517.877000   -0.746201
517.878000   -0.746250
517.879000   -0.745789
517.880000   -0.745106
517.881000   -0.744592
517.882000   -0.744630
517.883000   -0.745479
517.884000   -0.747188
517.885000   -0.749569
517.886000   -0.752266
517.887000   -0.754874
517.888000   -0.757056
517.889000   -0.758608
517.890000   -0.759444
517.891000   -0.759538
517.892000   -0.758858
517.893000   -0.757325
517.894000   -0.754818
517.895000   -0.751221
517.896000   -0.746471
517.897000   -0.740604
517.898000   -0.733759
517.899000   -0.726151
517.900000   -0.718015
517.901000   -0.709543
517.902000   -0.700820
517.903000   -0.691810
517.904000   -0.682367
517.905000   -0.672281
517.906000   -0.661334
517.907000   -0.649344
517.908000   -0.636196
517.909000   -0.621863
517.910000   -0.606394
517.911000   -0.589898
517.912000   -0.572531
517.913000   -0.554485
517.914000   -0.535991
517.915000   -0.517314
517.916000   -0.498766
517.917000   -0.480722
517.918000   -0.463627
517.919000   -0.447967
517.920000   -0.434194
517.921000   -0.422640
517.922000   -0.413450
517.923000   -0.406561
517.924000   -0.401728
517.925000   -0.398582
517.926000   -0.396720
517.927000   -0.395772
517.928000   -0.395450
517.929000   -0.395539
517.930000   -0.395878
517.931000   -0.396322
517.932000   -0.396742
517.933000   -0.397023
517.934000   -0.397089
517.935000   -0.396920
517.936000   -0.396584
517.937000   -0.396245
517.938000   -0.396145
517.939000   -0.396557
517.940000   -0.397715
517.941000   -0.399758
517.942000   -0.402690
517.943000   -0.406387
517.944000   -0.410633
517.945000   -0.415178
517.946000   -0.419812
517.947000   -0.424412
517.948000   -0.428967
517.949000   -0.433562
517.950000   -0.438360
517.951000   -0.443564
517.952000   -0.449397
517.953000   -0.456077
517.954000   -0.463810
517.955000   -0.472797
517.956000   -0.483240
517.957000   -0.495319
517.958000   -0.509175
517.959000   -0.524877
517.960000   -0.542406
517.961000   -0.561633
517.962000   -0.582311
517.963000   -0.604079
517.964000   -0.626495
517.965000   -0.649078
517.966000   -0.671352
517.967000   -0.692867
517.968000   -0.713224
517.969000   -0.732086
517.970000   -0.749192
517.971000   -0.764367
517.972000   -0.777525
517.973000   -0.788690
517.974000   -0.798013
517.975000   -0.805772
517.976000   -0.812335
517.977000   -0.818100
517.978000   -0.823424
517.979000   -0.828581
517.980000   -0.833731
517.981000   -0.838928
517.982000   -0.844156
517.983000   -0.849382
517.984000   -0.854595
517.985000   -0.859810
517.986000   -0.865034
517.987000   -0.870235
517.988000   -0.875320
517.989000   -0.880149
517.990000   -0.884554
517.991000   -0.888362
517.992000   -0.891429
517.993000   -0.893662
517.994000   -0.895033
517.995000   -0.895554
517.996000   -0.895243
517.997000   -0.894086
517.998000   -0.892005
517.999000   -0.888870
518.000000   -0.884518
518.001000   -0.878813
518.001000   -0.878813
518.002000   -0.871692
518.003000   -0.863196
518.004000   -0.853456
518.005000   -0.842649
518.006000   -0.830959
518.007000   -0.818546
518.008000   -0.805558
518.009000   -0.792152
518.010000   -0.778519
518.011000   -0.764897
518.012000   -0.751559
518.013000   -0.738780
518.014000   -0.726799
518.015000   -0.715783
518.016000   -0.705812
518.017000   -0.696890
518.018000   -0.688981
518.019000   -0.682038
518.020000   -0.676030
518.021000   -0.670944
518.022000   -0.666789
518.023000   -0.663566
518.024000   -0.661255
518.025000   -0.659791
518.026000   -0.659068
518.027000   -0.658962
518.028000   -0.659368
518.029000   -0.660229
518.030000   -0.661555
518.031000   -0.663409
518.032000   -0.665874
518.033000   -0.669006
518.034000   -0.672791
518.035000   -0.677116
518.036000   -0.681768
518.037000   -0.686473
518.038000   -0.690958
518.039000   -0.694999
518.040000   -0.698457
518.041000   -0.701278
518.042000   -0.703474
518.043000   -0.705113
518.044000   -0.706302
518.045000   -0.707177
518.046000   -0.707901
518.047000   -0.708656
518.048000   -0.709650
518.049000   -0.711106
518.050000   -0.713220
518.051000   -0.716116
518.052000   -0.719788
518.053000   -0.724079
518.054000   -0.728677
518.055000   -0.733162
518.056000   -0.737083
518.057000   -0.740037
518.058000   -0.741720
518.059000   -0.741931
518.060000   -0.740529
518.061000   -0.737400
518.062000   -0.732430
518.063000   -0.725525
518.064000   -0.716649
518.065000   -0.705892
518.066000   -0.693523
518.067000   -0.680001
518.068000   -0.665913
518.069000   -0.651874
518.070000   -0.638414
518.071000   -0.625901
518.072000   -0.614500
518.073000   -0.604190
518.074000   -0.594828
518.075000   -0.586233
518.076000   -0.578247
518.077000   -0.570747
518.078000   -0.563604
518.079000   -0.556658
518.080000   -0.549698
518.081000   -0.542465
518.082000   -0.534673
518.083000   -0.526048
518.084000   -0.516404
518.085000   -0.505727
518.086000   -0.494231
518.087000   -0.482332
518.088000   -0.470560
518.089000   -0.459437
518.090000   -0.449370
518.091000   -0.440560
518.092000   -0.432977
518.093000   -0.426421
518.094000   -0.420644
518.095000   -0.415482
518.096000   -0.410896
518.097000   -0.406931
518.098000   -0.403641
518.099000   -0.401047
518.100000   -0.399111
518.101000   -0.397749
518.102000   -0.396859
518.103000   -0.396391
518.104000   -0.396448
518.105000   -0.397346
518.106000   -0.399563
518.107000   -0.403602
518.108000   -0.409841
518.109000   -0.418411
518.110000   -0.429127
518.111000   -0.441488
518.112000   -0.454767
518.113000   -0.468179
518.114000   -0.481082
518.115000   -0.493068
518.116000   -0.503933
518.117000   -0.513574
518.118000   -0.521929
518.119000   -0.528939
518.120000   -0.534542
518.121000   -0.538700
518.122000   -0.541475
518.123000   -0.543176
518.124000   -0.544451
518.125000   -0.546204
518.126000   -0.549372
518.127000   -0.554701
518.128000   -0.562602
518.129000   -0.573111
518.130000   -0.585912
518.131000   -0.600460
518.132000   -0.616174
518.133000   -0.632631
518.134000   -0.649639
518.135000   -0.667138
518.136000   -0.685057
518.137000   -0.703235
518.138000   -0.721402
518.139000   -0.739195
518.140000   -0.756200
518.141000   -0.772042
518.142000   -0.786500
518.143000   -0.799580
518.144000   -0.811468
518.145000   -0.822398
518.146000   -0.832523
518.147000   -0.841826
518.148000   -0.850095
518.149000   -0.856956
518.150000   -0.861966
518.151000   -0.864773
518.152000   -0.865278
518.153000   -0.863712
518.154000   -0.860547
518.155000   -0.856358
518.156000   -0.851695
518.157000   -0.847004
518.158000   -0.842585
518.159000   -0.838595
518.160000   -0.835120
518.161000   -0.832321
518.162000   -0.830529
518.163000   -0.830194
518.164000   -0.831705
518.165000   -0.835228
518.166000   -0.840630
518.167000   -0.847494
518.168000   -0.855190
518.169000   -0.862993
518.170000   -0.870248
518.171000   -0.876526
518.172000   -0.881653
518.173000   -0.885603
518.174000   -0.888362
518.175000   -0.889864
518.176000   -0.889983
518.177000   -0.888559
518.178000   -0.885443
518.179000   -0.880564
518.180000   -0.874033
518.181000   -0.866201
518.182000   -0.857597
518.183000   -0.848775
518.184000   -0.840161
518.185000   -0.831990
518.186000   -0.824300
518.187000   -0.816973
518.188000   -0.809803
518.189000   -0.802607
518.190000   -0.795375
518.191000   -0.788340
518.192000   -0.781904
518.193000   -0.776451
518.194000   -0.772195
518.195000   -0.769120
518.196000   -0.766973
518.197000   -0.765329
518.198000   -0.763690
518.199000   -0.761652
518.200000   -0.759040
518.201000   -0.755921
518.202000   -0.752476
518.203000   -0.748841
518.204000   -0.745014
518.205000   -0.740839
518.206000   -0.736044
518.207000   -0.730305
518.208000   -0.723343
518.209000   -0.715032
518.210000   -0.705469
518.211000   -0.694941
518.212000   -0.683820
518.213000   -0.672482
518.214000   -0.661246
518.215000   -0.650356
518.216000   -0.639972
518.217000   -0.630186
518.218000   -0.621100
518.219000   -0.612925
518.220000   -0.606018
518.221000   -0.600808
518.222000   -0.597665
518.223000   -0.596802
518.224000   -0.598228
518.225000   -0.601743
518.226000   -0.606960
518.227000   -0.613369
518.228000   -0.620458
518.229000   -0.627824
518.230000   -0.635205
518.231000   -0.642408
518.232000   -0.649244
518.233000   -0.655492
518.234000   -0.660905
518.235000   -0.665218
518.236000   -0.668163
518.237000   -0.669510
518.238000   -0.669133
518.239000   -0.667049
518.240000   -0.663351
518.241000   -0.658110
518.242000   -0.651318
518.243000   -0.642890
518.244000   -0.632697
518.245000   -0.620597
518.246000   -0.606485
518.247000   -0.590365
518.248000   -0.572444
518.249000   -0.553154
518.250000   -0.533065
518.251000   -0.512771
518.252000   -0.492808
518.253000   -0.473613
518.254000   -0.455489
518.255000   -0.438606
518.256000   -0.423028
518.257000   -0.408808
518.258000   -0.396076
518.259000   -0.385024
518.260000   -0.375817
518.261000   -0.368506
518.262000   -0.363012
518.263000   -0.359132
518.264000   -0.356569
518.265000   -0.354970
518.266000   -0.354007
518.267000   -0.353485
518.268000   -0.353401
518.269000   -0.353900
518.270000   -0.355185
518.271000   -0.357453
518.272000   -0.360859
518.273000   -0.365505
518.274000   -0.371412
518.275000   -0.378527
518.276000   -0.386765
518.277000   -0.396062
518.278000   -0.406389
518.279000   -0.417689
518.280000   -0.429826
518.281000   -0.442576
518.282000   -0.455645
518.283000   -0.468712
518.284000   -0.481457
518.285000   -0.493613
518.286000   -0.505051
518.287000   -0.515843
518.288000   -0.526255
518.289000   -0.536662
518.290000   -0.547451
518.291000   -0.558953
518.292000   -0.571391
518.293000   -0.584844
518.294000   -0.599221
518.295000   -0.614288
518.296000   -0.629766
518.297000   -0.645406
518.298000   -0.660986
518.299000   -0.676241
518.300000   -0.690827
518.301000   -0.704325
518.302000   -0.716266
518.303000   -0.726170
518.304000   -0.733602
518.305000   -0.738280
518.306000   -0.740179
518.307000   -0.739554
518.308000   -0.736842
518.309000   -0.732532
518.310000   -0.727072
518.311000   -0.720802
518.312000   -0.713913
518.313000   -0.706423
518.314000   -0.698240
518.315000   -0.689282
518.316000   -0.679617
518.317000   -0.669483
518.318000   -0.659216
518.319000   -0.649154
518.320000   -0.639583
518.321000   -0.630703
518.322000   -0.622613
518.323000   -0.615325
518.324000   -0.608849
518.325000   -0.603300
518.326000   -0.598948
518.327000   -0.596140
518.328000   -0.595171
518.329000   -0.596197
518.330000   -0.599196
518.331000   -0.603972
518.332000   -0.610182
518.333000   -0.617426
518.334000   -0.625364
518.335000   -0.633808
518.336000   -0.642687
518.337000   -0.651940
518.338000   -0.661420
518.339000   -0.670861
518.340000   -0.679886
518.341000   -0.688043
518.342000   -0.694859
518.343000   -0.699933
518.344000   -0.703043
518.345000   -0.704202
518.346000   -0.703620
518.347000   -0.701613
518.348000   -0.698528
518.349000   -0.694664
518.350000   -0.690213
518.351000   -0.685221
518.352000   -0.679622
518.353000   -0.673351
518.354000   -0.666492
518.355000   -0.659310
518.356000   -0.652169
518.357000   -0.645395
518.358000   -0.639187
518.359000   -0.633569
518.360000   -0.628366
518.361000   -0.623247
518.362000   -0.617843
518.363000   -0.611929
518.364000   -0.605548
518.365000   -0.598973
518.366000   -0.592543
518.367000   -0.586524
518.368000   -0.581033
518.369000   -0.575995
518.370000   -0.571146
518.371000   -0.566081
518.372000   -0.560375
518.373000   -0.553721
518.374000   -0.546002
518.375000   -0.537228
518.376000   -0.527458
518.377000   -0.516762
518.378000   -0.505210
518.379000   -0.492884
518.380000   -0.479870
518.381000   -0.466288
518.382000   -0.452341
518.383000   -0.438366
518.384000   -0.424823
518.385000   -0.412212
518.386000   -0.401001
518.387000   -0.391561
518.388000   -0.384125
518.389000   -0.378759
518.390000   -0.375370
518.391000   -0.373791
518.392000   -0.373909
518.393000   -0.375721
518.394000   -0.379267
518.395000   -0.384507
518.396000   -0.391251
518.397000   -0.399153
518.398000   -0.407749
518.399000   -0.416495
518.400000   -0.424863
518.401000   -0.432470
518.402000   -0.439186
518.403000   -0.445133
518.404000   -0.450565
518.405000   -0.455742
518.406000   -0.460854
518.407000   -0.465977
518.408000   -0.471052
518.409000   -0.475892
518.410000   -0.480239
518.411000   -0.483880
518.412000   -0.486748
518.413000   -0.488936
518.414000   -0.490643
518.415000   -0.492107
518.416000   -0.493563
518.417000   -0.495208
518.418000   -0.497165
518.419000   -0.499485
518.420000   -0.502228
518.421000   -0.505601
518.422000   -0.510027
518.423000   -0.516054
518.424000   -0.524192
518.425000   -0.534773
518.426000   -0.547879
518.427000   -0.563302
518.428000   -0.580561
518.429000   -0.599004
518.430000   -0.618001
518.431000   -0.637118
518.432000   -0.656120
518.433000   -0.674829
518.434000   -0.693014
518.435000   -0.710354
518.436000   -0.726478
518.437000   -0.741016
518.438000   -0.753674
518.439000   -0.764324
518.440000   -0.773106
518.441000   -0.780433
518.442000   -0.786882
518.443000   -0.793021
518.444000   -0.799273
518.445000   -0.805831
518.446000   -0.812622
518.447000   -0.819341
518.448000   -0.825539
518.449000   -0.830780
518.450000   -0.834788
518.451000   -0.837507
518.452000   -0.839042
518.453000   -0.839568
518.454000   -0.839251
518.455000   -0.838200
518.456000   -0.836439
518.457000   -0.833927
518.458000   -0.830662
518.459000   -0.826827
518.460000   -0.822877
518.461000   -0.819440
518.462000   -0.817096
518.463000   -0.816186
518.464000   -0.816710
518.465000   -0.818326
518.466000   -0.820430
518.467000   -0.822310
518.468000   -0.823348
518.469000   -0.823218
518.470000   -0.821911
518.471000   -0.819611
518.472000   -0.816525
518.473000   -0.812790
518.474000   -0.808443
518.475000   -0.803432
518.476000   -0.797654
518.477000   -0.791041
518.478000   -0.783684
518.479000   -0.775894
518.480000   -0.768120
518.481000   -0.760788
518.482000   -0.754180
518.483000   -0.748397
518.484000   -0.743365
518.485000   -0.738867
518.486000   -0.734613
518.487000   -0.730355
518.488000   -0.726050
518.489000   -0.721917
518.490000   -0.718341
518.491000   -0.715701
518.492000   -0.714242
518.493000   -0.714009
518.494000   -0.714843
518.495000   -0.716404
518.496000   -0.718260
518.497000   -0.720056
518.498000   -0.721680
518.499000   -0.723252
518.500000   -0.724944
518.501000   -0.726801
518.501000   -0.726801
518.502000   -0.728689
518.503000   -0.730319
518.504000   -0.731314
518.505000   -0.731294
518.506000   -0.729996
518.507000   -0.727396
518.508000   -0.723741
518.509000   -0.719430
518.510000   -0.714877
518.511000   -0.710443
518.512000   -0.706429
518.513000   -0.703071
518.514000   -0.700510
518.515000   -0.698777
518.516000   -0.697800
518.517000   -0.697447
518.518000   -0.697516
518.519000   -0.697705
518.520000   -0.697601
518.521000   -0.696720
518.522000   -0.694562
518.523000   -0.690658
518.524000   -0.684597
518.525000   -0.676080
518.526000   -0.665034
518.527000   -0.651699
518.528000   -0.636604
518.529000   -0.620432
518.530000   -0.603890
518.531000   -0.587627
518.532000   -0.572164
518.533000   -0.557856
518.534000   -0.544873
518.535000   -0.533278
518.536000   -0.523143
518.537000   -0.514624
518.538000   -0.507902
518.539000   -0.503094
518.540000   -0.500192
518.541000   -0.499070
518.542000   -0.499499
518.543000   -0.501176
518.544000   -0.503766
518.545000   -0.506990
518.546000   -0.510716
518.547000   -0.514974
518.548000   -0.519881
518.549000   -0.525557
518.550000   -0.532090
518.551000   -0.539515
518.552000   -0.547792
518.553000   -0.556784
518.554000   -0.566290
518.555000   -0.576115
518.556000   -0.586121
518.557000   -0.596182
518.558000   -0.606102
518.559000   -0.615576
518.560000   -0.624206
518.561000   -0.631542
518.562000   -0.637141
518.563000   -0.640649
518.564000   -0.641909
518.565000   -0.641047
518.566000   -0.638488
518.567000   -0.634853
518.568000   -0.630814
518.569000   -0.626978
518.570000   -0.623799
518.571000   -0.621518
518.572000   -0.620148
518.573000   -0.619534
518.574000   -0.619477
518.575000   -0.619852
518.576000   -0.620599
518.577000   -0.621633
518.578000   -0.622761
518.579000   -0.623681
518.580000   -0.624028
518.581000   -0.623435
518.582000   -0.621600
518.583000   -0.618362
518.584000   -0.613756
518.585000   -0.608012
518.586000   -0.601485
518.587000   -0.594572
518.588000   -0.587625
518.589000   -0.580893
518.590000   -0.574475
518.591000   -0.568326
518.592000   -0.562315
518.593000   -0.556325
518.594000   -0.550390
518.595000   -0.544766
518.596000   -0.539885
518.597000   -0.536231
518.598000   -0.534218
518.599000   -0.534126
518.600000   -0.536054
518.601000   -0.539919
518.602000   -0.545506
518.603000   -0.552633
518.604000   -0.561320
518.605000   -0.571803
518.606000   -0.584338
518.607000   -0.599009
518.608000   -0.615647
518.609000   -0.633830
518.610000   -0.652925
518.611000   -0.672183
518.612000   -0.690882
518.613000   -0.708489
518.614000   -0.724711
518.615000   -0.739408
518.616000   -0.752497
518.617000   -0.763911
518.618000   -0.773605
518.619000   -0.781564
518.620000   -0.787825
518.621000   -0.792487
518.622000   -0.795735
518.623000   -0.797863
518.624000   -0.799261
518.625000   -0.800361
518.626000   -0.801527
518.627000   -0.802962
518.628000   -0.804656
518.629000   -0.806384
518.630000   -0.807763
518.631000   -0.808351
518.632000   -0.807813
518.633000   -0.806039
518.634000   -0.803128
518.635000   -0.799285
518.636000   -0.794721
518.637000   -0.789610
518.638000   -0.784069
518.639000   -0.778160
518.640000   -0.771920
518.641000   -0.765453
518.642000   -0.759020
518.643000   -0.753017
518.644000   -0.747824
518.645000   -0.743653
518.646000   -0.740494
518.647000   -0.738140
518.648000   -0.736244
518.649000   -0.734386
518.650000   -0.732158
518.651000   -0.729263
518.652000   -0.725599
518.653000   -0.721215
518.654000   -0.716221
518.655000   -0.710723
518.656000   -0.704816
518.657000   -0.698585
518.658000   -0.692104
518.659000   -0.685435
518.660000   -0.678704
518.661000   -0.672223
518.662000   -0.666522
518.663000   -0.662201
518.664000   -0.659732
518.665000   -0.659350
518.666000   -0.661034
518.667000   -0.664515
518.668000   -0.669318
518.669000   -0.674855
518.670000   -0.680590
518.671000   -0.686175
518.672000   -0.691418
518.673000   -0.696174
518.674000   -0.700282
518.675000   -0.703568
518.676000   -0.705870
518.677000   -0.707068
518.678000   -0.707112
518.679000   -0.706056
518.680000   -0.704083
518.681000   -0.701460
518.682000   -0.698429
518.683000   -0.695109
518.684000   -0.691449
518.685000   -0.687247
518.686000   -0.682205
518.687000   -0.676005
518.688000   -0.668381
518.689000   -0.659189
518.690000   -0.648462
518.691000   -0.636394
518.692000   -0.623278
518.693000   -0.609455
518.694000   -0.595274
518.695000   -0.581066
518.696000   -0.567110
518.697000   -0.553598
518.698000   -0.540657
518.699000   -0.528431
518.700000   -0.517154
518.701000   -0.507123
518.702000   -0.498571
518.703000   -0.491584
518.704000   -0.486071
518.705000   -0.481787
518.706000   -0.478363
518.707000   -0.475370
518.708000   -0.472467
518.709000   -0.469565
518.710000   -0.466857
518.711000   -0.464681
518.712000   -0.463368
518.713000   -0.463163
518.714000   -0.464195
518.715000   -0.466460
518.716000   -0.469827
518.717000   -0.474090
518.718000   -0.479071
518.719000   -0.484675
518.720000   -0.490830
518.721000   -0.497427
518.722000   -0.504288
518.723000   -0.511183
518.724000   -0.517852
518.725000   -0.524009
518.726000   -0.529364
518.727000   -0.533674
518.728000   -0.536823
518.729000   -0.538900
518.730000   -0.540191
518.731000   -0.541104
518.732000   -0.542056
518.733000   -0.543379
518.734000   -0.545247
518.735000   -0.547631
518.736000   -0.550326
518.737000   -0.553057
518.738000   -0.555625
518.739000   -0.557980
518.740000   -0.560186
518.741000   -0.562300
518.742000   -0.564288
518.743000   -0.566001
518.744000   -0.567201
518.745000   -0.567603
518.746000   -0.566949
518.747000   -0.565111
518.748000   -0.562165
518.749000   -0.558411
518.750000   -0.554279
518.751000   -0.550209
518.752000   -0.546559
518.753000   -0.543560
518.754000   -0.541287
518.755000   -0.539676
518.756000   -0.538593
518.757000   -0.537916
518.758000   -0.537581
518.759000   -0.537549
518.760000   -0.537750
518.761000   -0.538037
518.762000   -0.538190
518.763000   -0.537947
518.764000   -0.537057
518.765000   -0.535369
518.766000   -0.532903
518.767000   -0.529849
518.768000   -0.526520
518.769000   -0.523285
518.770000   -0.520489
518.771000   -0.518410
518.772000   -0.517228
518.773000   -0.517043
518.774000   -0.517918
518.775000   -0.519939
518.776000   -0.523242
518.777000   -0.528026
518.778000   -0.534507
518.779000   -0.542816
518.780000   -0.552908
518.781000   -0.564558
518.782000   -0.577392
518.783000   -0.590949
518.784000   -0.604732
518.785000   -0.618271
518.786000   -0.631207
518.787000   -0.643357
518.788000   -0.654681
518.789000   -0.665179
518.790000   -0.674835
518.791000   -0.683589
518.792000   -0.691331
518.793000   -0.697891
518.794000   -0.703060
518.795000   -0.706684
518.796000   -0.708802
518.797000   -0.709675
518.798000   -0.709669
518.799000   -0.709113
518.800000   -0.708228
518.801000   -0.707125
518.802000   -0.705823
518.803000   -0.704287
518.804000   -0.702497
518.805000   -0.700552
518.806000   -0.698746
518.807000   -0.697488
518.808000   -0.697130
518.809000   -0.697848
518.810000   -0.699608
518.811000   -0.702211
518.812000   -0.705345
518.813000   -0.708659
518.814000   -0.711846
518.815000   -0.714724
518.816000   -0.717234
518.817000   -0.719358
518.818000   -0.721049
518.819000   -0.722214
518.820000   -0.722737
518.821000   -0.722505
518.822000   -0.721431
518.823000   -0.719472
518.824000   -0.716662
518.825000   -0.713154
518.826000   -0.709210
518.827000   -0.705126
518.828000   -0.701148
518.829000   -0.697418
518.830000   -0.693960
518.831000   -0.690672
518.832000   -0.687342
518.833000   -0.683749
518.834000   -0.679823
518.835000   -0.675758
518.836000   -0.671915
518.837000   -0.668651
518.838000   -0.666194
518.839000   -0.664597
518.840000   -0.663727
518.841000   -0.663276
518.842000   -0.662838
518.843000   -0.662081
518.844000   -0.660918
518.845000   -0.659502
518.846000   -0.658044
518.847000   -0.656654
518.848000   -0.655281
518.849000   -0.653707
518.850000   -0.651559
518.851000   -0.648352
518.852000   -0.643613
518.853000   -0.637080
518.854000   -0.628811
518.855000   -0.619097
518.856000   -0.608307
518.857000   -0.596786
518.858000   -0.584820
518.859000   -0.572606
518.860000   -0.560237
518.861000   -0.547741
518.862000   -0.535210
518.863000   -0.522960
518.864000   -0.511508
518.865000   -0.501374
518.866000   -0.492918
518.867000   -0.486288
518.868000   -0.481417
518.869000   -0.478050
518.870000   -0.475786
518.871000   -0.474167
518.872000   -0.472827
518.873000   -0.471586
518.874000   -0.470403
518.875000   -0.469282
518.876000   -0.468219
518.877000   -0.467204
518.878000   -0.466216
518.879000   -0.465224
518.880000   -0.464183
518.881000   -0.463099
518.882000   -0.462113
518.883000   -0.461528
518.884000   -0.461708
518.885000   -0.462961
518.886000   -0.465482
518.887000   -0.469332
518.888000   -0.474434
518.889000   -0.480599
518.890000   -0.487596
518.891000   -0.495259
518.892000   -0.503546
518.893000   -0.512477
518.894000   -0.522044
518.895000   -0.532151
518.896000   -0.542605
518.897000   -0.553105
518.898000   -0.563249
518.899000   -0.572598
518.900000   -0.580812
518.901000   -0.587773
518.902000   -0.593565
518.903000   -0.598352
518.904000   -0.602278
518.905000   -0.605413
518.906000   -0.607709
518.907000   -0.608987
518.908000   -0.608982
518.909000   -0.607483
518.910000   -0.604508
518.911000   -0.600349
518.912000   -0.595458
518.913000   -0.590293
518.914000   -0.585226
518.915000   -0.580498
518.916000   -0.576202
518.917000   -0.572315
518.918000   -0.568781
518.919000   -0.565667
518.920000   -0.563233
518.921000   -0.561831
518.922000   -0.561706
518.923000   -0.562879
518.924000   -0.565147
518.925000   -0.568138
518.926000   -0.571386
518.927000   -0.574418
518.928000   -0.576864
518.929000   -0.578526
518.930000   -0.579341
518.931000   -0.579305
518.932000   -0.578438
518.933000   -0.576791
518.934000   -0.574447
518.935000   -0.571498
518.936000   -0.568036
518.937000   -0.564186
518.938000   -0.560161
518.939000   -0.556265
518.940000   -0.552821
518.941000   -0.550103
518.942000   -0.548291
518.943000   -0.547446
518.944000   -0.547502
518.945000   -0.548312
518.946000   -0.549752
518.947000   -0.551837
518.948000   -0.554757
518.949000   -0.558804
518.950000   -0.564265
518.951000   -0.571347
518.952000   -0.580151
518.953000   -0.590662
518.954000   -0.602777
518.955000   -0.616364
518.956000   -0.631334
518.957000   -0.647649
518.958000   -0.665236
518.959000   -0.683852
518.960000   -0.703015
518.961000   -0.722006
518.962000   -0.739953
518.963000   -0.755928
518.964000   -0.769097
518.965000   -0.778873
518.966000   -0.785021
518.967000   -0.787631
518.968000   -0.787015
518.969000   -0.783628
518.970000   -0.778022
518.971000   -0.770817
518.972000   -0.762646
518.973000   -0.754127
518.974000   -0.745869
518.975000   -0.738501
518.976000   -0.732628
518.977000   -0.728712
518.978000   -0.726966
518.979000   -0.727322
518.980000   -0.729446
518.981000   -0.732801
518.982000   -0.736737
518.983000   -0.740630
518.984000   -0.744011
518.985000   -0.746614
518.986000   -0.748320
518.987000   -0.749075
518.988000   -0.748864
518.989000   -0.747707
518.990000   -0.745640
518.991000   -0.742694
518.992000   -0.738867
518.993000   -0.734132
518.994000   -0.728434
518.995000   -0.721680
518.996000   -0.713744
518.997000   -0.704508
518.998000   -0.693896
518.999000   -0.681887
519.000000   -0.668506
519.001000   -0.653848
519.001000   -0.653848
519.002000   -0.638114
519.003000   -0.621641
519.004000   -0.604880
519.005000   -0.588366
519.006000   -0.572693
519.007000   -0.558481
519.008000   -0.546287
519.009000   -0.536530
519.010000   -0.529463
519.011000   -0.525212
519.012000   -0.523831
519.013000   -0.525326
519.014000   -0.529632
519.015000   -0.536602
519.016000   -0.546001
519.017000   -0.557485
519.018000   -0.570584
519.019000   -0.584731
519.020000   -0.599337
519.021000   -0.613878
519.022000   -0.627909
519.023000   -0.641033
519.024000   -0.652881
519.025000   -0.663137
519.026000   -0.671584
519.027000   -0.678097
519.028000   -0.682630
519.029000   -0.685218
519.030000   -0.685989
519.031000   -0.685166
519.032000   -0.683038
519.033000   -0.679912
519.034000   -0.676103
519.035000   -0.671941
519.036000   -0.667756
519.037000   -0.663842
519.038000   -0.660458
519.039000   -0.657861
519.040000   -0.656356
519.041000   -0.656284
519.042000   -0.657959
519.043000   -0.661617
519.044000   -0.667400
519.045000   -0.675357
519.046000   -0.685427
519.047000   -0.697419
519.048000   -0.711022
519.049000   -0.725840
519.050000   -0.741415
519.051000   -0.757244
519.052000   -0.772811
519.053000   -0.787640
519.054000   -0.801326
519.055000   -0.813510
519.056000   -0.823845
519.057000   -0.831997
519.058000   -0.837676
519.059000   -0.840686
519.060000   -0.840977
519.061000   -0.838710
519.062000   -0.834305
519.063000   -0.828396
519.064000   -0.821693
519.065000   -0.814845
519.066000   -0.808356
519.067000   -0.802570
519.068000   -0.797680
519.069000   -0.793779
519.070000   -0.790925
519.071000   -0.789219
519.072000   -0.788791
519.073000   -0.789706
519.074000   -0.791876
519.075000   -0.795059
519.076000   -0.798901
519.077000   -0.802997
519.078000   -0.806945
519.079000   -0.810413
519.080000   -0.813226
519.081000   -0.815411
519.082000   -0.817115
519.083000   -0.818491
519.084000   -0.819606
519.085000   -0.820417
519.086000   -0.820755
519.087000   -0.820344
519.088000   -0.818852
519.089000   -0.815973
519.090000   -0.811541
519.091000   -0.805538
519.092000   -0.798040
519.093000   -0.789159
519.094000   -0.779041
519.095000   -0.767874
519.096000   -0.755898
519.097000   -0.743397
519.098000   -0.730703
519.099000   -0.718236
519.100000   -0.706519
519.101000   -0.696116
519.102000   -0.687543
519.103000   -0.681192
519.104000   -0.677299
519.105000   -0.675913
519.106000   -0.676870
519.107000   -0.679807
519.108000   -0.684262
519.109000   -0.689818
519.110000   -0.696152
519.111000   -0.702949
519.112000   -0.709824
519.113000   -0.716304
519.114000   -0.721875
519.115000   -0.726029
519.116000   -0.728332
519.117000   -0.728538
519.118000   -0.726734
519.119000   -0.723386
519.120000   -0.719193
519.121000   -0.714861
519.122000   -0.710964
519.123000   -0.707872
519.124000   -0.705728
519.125000   -0.704457
519.126000   -0.703839
519.127000   -0.703652
519.128000   -0.703806
519.129000   -0.704353
519.130000   -0.705379
519.131000   -0.706916
519.132000   -0.708916
519.133000   -0.711246
519.134000   -0.713683
519.135000   -0.715920
519.136000   -0.717632
519.137000   -0.718635
519.138000   -0.719001
519.139000   -0.718991
519.140000   -0.718884
519.141000   -0.718854
519.142000   -0.718882
519.143000   -0.718721
519.144000   -0.717888
519.145000   -0.715748
519.146000   -0.711718
519.147000   -0.705515
519.148000   -0.697205
519.149000   -0.687060
519.150000   -0.675390
519.151000   -0.662488
519.152000   -0.648610
519.153000   -0.633954
519.154000   -0.618660
519.155000   -0.602879
519.156000   -0.586942
519.157000   -0.571467
519.158000   -0.557220
519.159000   -0.544880
519.160000   -0.534886
519.161000   -0.527387
519.162000   -0.522239
519.163000   -0.519046
519.164000   -0.517252
519.165000   -0.516325
519.166000   -0.515946
519.167000   -0.516021
519.168000   -0.516535
519.169000   -0.517410
519.170000   -0.518472
519.171000   -0.519460
519.172000   -0.520041
519.173000   -0.519862
519.174000   -0.518653
519.175000   -0.516383
519.176000   -0.513309
519.177000   -0.509846
519.178000   -0.506412
519.179000   -0.503337
519.180000   -0.500824
519.181000   -0.498932
519.182000   -0.497580
519.183000   -0.496628
519.184000   -0.496029
519.185000   -0.495969
519.186000   -0.496827
519.187000   -0.499034
519.188000   -0.502945
519.189000   -0.508779
519.190000   -0.516563
519.191000   -0.526111
519.192000   -0.537032
519.193000   -0.548847
519.194000   -0.561177
519.195000   -0.573856
519.196000   -0.586862
519.197000   -0.600160
519.198000   -0.613584
519.199000   -0.626776
519.200000   -0.639166
519.201000   -0.650003
519.202000   -0.658454
519.203000   -0.663780
519.204000   -0.665502
519.205000   -0.663448
519.206000   -0.657708
519.207000   -0.648568
519.208000   -0.636467
519.209000   -0.621937
519.210000   -0.605530
519.211000   -0.587764
519.212000   -0.569112
519.213000   -0.550058
519.214000   -0.531170
519.215000   -0.513111
519.216000   -0.496596
519.217000   -0.482296
519.218000   -0.470728
519.219000   -0.462166
519.220000   -0.456595
519.221000   -0.453751
519.222000   -0.453244
519.223000   -0.454750
519.224000   -0.458110
519.225000   -0.463312
519.226000   -0.470382
519.227000   -0.479292
519.228000   -0.489890
519.229000   -0.501876
519.230000   -0.514827
519.231000   -0.528267
519.232000   -0.541790
519.233000   -0.555169
519.234000   -0.568366
519.235000   -0.581471
519.236000   -0.594600
519.237000   -0.607828
519.238000   -0.621137
519.239000   -0.634413
519.240000   -0.647455
519.241000   -0.660038
519.242000   -0.672005
519.243000   -0.683320
519.244000   -0.694064
519.245000   -0.704389
519.246000   -0.714460
519.247000   -0.724413
519.248000   -0.734319
519.249000   -0.744167
519.250000   -0.753886
519.251000   -0.763419
519.252000   -0.772827
519.253000   -0.782344
519.254000   -0.792302
519.255000   -0.802967
519.256000   -0.814390
519.257000   -0.826350
519.258000   -0.838353
519.259000   -0.849700
519.260000   -0.859604
519.261000   -0.867357
519.262000   -0.872517
519.263000   -0.874979
519.264000   -0.874885
519.265000   -0.872462
519.266000   -0.867937
519.267000   -0.861519
519.268000   -0.853405
519.269000   -0.843779
519.270000   -0.832821
519.271000   -0.820781
519.272000   -0.808072
519.273000   -0.795235
519.274000   -0.782767
519.275000   -0.770974
519.276000   -0.759943
519.277000   -0.749583
519.278000   -0.739661
519.279000   -0.729840
519.280000   -0.719777
519.281000   -0.709313
519.282000   -0.698618
519.283000   -0.688109
519.284000   -0.678232
519.285000   -0.669327
519.286000   -0.661583
519.287000   -0.655013
519.288000   -0.649448
519.289000   -0.644594
519.290000   -0.640198
519.291000   -0.636250
519.292000   -0.632967
519.293000   -0.630564
519.294000   -0.629072
519.295000   -0.628302
519.296000   -0.627905
519.297000   -0.627444
519.298000   -0.626478
519.299000   -0.624676
519.300000   -0.621962
519.301000   -0.618576
519.302000   -0.614957
519.303000   -0.611578
519.304000   -0.608851
519.305000   -0.607107
519.306000   -0.606588
519.307000   -0.607432
519.308000   -0.609677
519.309000   -0.613330
519.310000   -0.618435
519.311000   -0.625047
519.312000   -0.633130
519.313000   -0.642491
519.314000   -0.652798
519.315000   -0.663602
519.316000   -0.674362
519.317000   -0.684468
519.318000   -0.693358
519.319000   -0.700683
519.320000   -0.706406
519.321000   -0.710699
519.322000   -0.713806
519.323000   -0.715950
519.324000   -0.717284
519.325000   -0.717844
519.326000   -0.717527
519.327000   -0.716153
519.328000   -0.713651
519.329000   -0.710224
519.330000   -0.706306
519.331000   -0.702355
519.332000   -0.698722
519.333000   -0.695614
519.334000   -0.693086
519.335000   -0.691045
519.336000   -0.689283
519.337000   -0.687620
519.338000   -0.686108
519.339000   -0.685085
519.340000   -0.684969
519.341000   -0.686050
519.342000   -0.688409
519.343000   -0.691928
519.344000   -0.696288
519.345000   -0.700962
519.346000   -0.705284
519.347000   -0.708647
519.348000   -0.710697
519.349000   -0.711291
519.350000   -0.710317
519.351000   -0.707620
519.352000   -0.703015
519.353000   -0.696304
519.354000   -0.687278
519.355000   -0.675735
519.356000   -0.661613
519.357000   -0.645205
519.358000   -0.627222
519.359000   -0.608600
519.360000   -0.590263
519.361000   -0.573006
519.362000   -0.557428
519.363000   -0.543902
519.364000   -0.532565
519.365000   -0.523389
519.366000   -0.516366
519.367000   -0.511659
519.368000   -0.509520
519.369000   -0.510082
519.370000   -0.513256
519.371000   -0.518738
519.372000   -0.526066
519.373000   -0.534662
519.374000   -0.543890
519.375000   -0.553180
519.376000   -0.562175
519.377000   -0.570766
519.378000   -0.578972
519.379000   -0.586823
519.380000   -0.594308
519.381000   -0.601356
519.382000   -0.607804
519.383000   -0.613395
519.384000   -0.617840
519.385000   -0.620991
519.386000   -0.622949
519.387000   -0.623998
519.388000   -0.624465
519.389000   -0.624636
519.390000   -0.624719
519.391000   -0.624819
519.392000   -0.624937
519.393000   -0.625050
519.394000   -0.625296
519.395000   -0.626137
519.396000   -0.628294
519.397000   -0.632532
519.398000   -0.639467
519.399000   -0.649448
519.400000   -0.662483
519.401000   -0.678215
519.402000   -0.695983
519.403000   -0.715039
519.404000   -0.734835
519.405000   -0.755116
519.406000   -0.775755
519.407000   -0.796553
519.408000   -0.817145
519.409000   -0.836987
519.410000   -0.855405
519.411000   -0.871671
519.412000   -0.885195
519.413000   -0.895783
519.414000   -0.903754
519.415000   -0.909742
519.416000   -0.914406
519.417000   -0.918255
519.418000   -0.921595
519.419000   -0.924508
519.420000   -0.926856
519.421000   -0.928373
519.422000   -0.928880
519.423000   -0.928452
519.424000   -0.927383
519.425000   -0.926017
519.426000   -0.924653
519.427000   -0.923504
519.428000   -0.922666
519.429000   -0.922091
519.430000   -0.921607
519.431000   -0.921004
519.432000   -0.920152
519.433000   -0.919070
519.434000   -0.917945
519.435000   -0.917095
519.436000   -0.916830
519.437000   -0.917281
519.438000   -0.918311
519.439000   -0.919505
519.440000   -0.920248
519.441000   -0.919849
519.442000   -0.917693
519.443000   -0.913403
519.444000   -0.906927
519.445000   -0.898448
519.446000   -0.888220
519.447000   -0.876465
519.448000   -0.863369
519.449000   -0.849111
519.450000   -0.833903
519.451000   -0.818031
519.452000   -0.801908
519.453000   -0.786115
519.454000   -0.771330
519.455000   -0.758150
519.456000   -0.746959
519.457000   -0.737906
519.458000   -0.730942
519.459000   -0.725886
519.460000   -0.722487
519.461000   -0.720497
519.462000   -0.719742
519.463000   -0.720137
519.464000   -0.721586
519.465000   -0.723902
519.466000   -0.726788
519.467000   -0.729879
519.468000   -0.732798
519.469000   -0.735202
519.470000   -0.736836
519.471000   -0.737625
519.472000   -0.737717
519.473000   -0.737339
519.474000   -0.736633
519.475000   -0.735574
519.476000   -0.734009
519.477000   -0.731717
519.478000   -0.728509
519.479000   -0.724305
519.480000   -0.719211
519.481000   -0.713505
519.482000   -0.707532
519.483000   -0.701592
519.484000   -0.695907
519.485000   -0.690627
519.486000   -0.685847
519.487000   -0.681622
519.488000   -0.677962
519.489000   -0.674865
519.490000   -0.672374
519.491000   -0.670584
519.492000   -0.669567
519.493000   -0.669298
519.494000   -0.669624
519.495000   -0.670265
519.496000   -0.670816
519.497000   -0.670777
519.498000   -0.669664
519.499000   -0.667217
519.500000   -0.663499
519.501000   -0.658762
519.501000   -0.658762
519.502000   -0.653266
519.503000   -0.647189
519.504000   -0.640599
519.505000   -0.633431
519.506000   -0.625501
519.507000   -0.616622
519.508000   -0.606851
519.509000   -0.596646
519.510000   -0.586687
519.511000   -0.577597
519.512000   -0.569805
519.513000   -0.563511
519.514000   -0.558693
519.515000   -0.555139
519.516000   -0.552534
519.517000   -0.550646
519.518000   -0.549458
519.519000   -0.549103
519.520000   -0.549722
519.521000   -0.551406
519.522000   -0.554199
519.523000   -0.558109
519.524000   -0.563099
519.525000   -0.569080
519.526000   -0.575931
519.527000   -0.583545
519.528000   -0.591846
519.529000   -0.600758
519.530000   -0.610174
519.531000   -0.619916
519.532000   -0.629725
519.533000   -0.639243
519.534000   -0.648014
519.535000   -0.655525
519.536000   -0.661308
519.537000   -0.665087
519.538000   -0.666849
519.539000   -0.666799
519.540000   -0.665272
519.541000   -0.662657
519.542000   -0.659338
519.543000   -0.655636
519.544000   -0.651791
519.545000   -0.648024
519.546000   -0.644683
519.547000   -0.642307
519.548000   -0.641506
519.549000   -0.642783
519.550000   -0.646407
519.551000   -0.652362
519.552000   -0.660348
519.553000   -0.669839
519.554000   -0.680206
519.555000   -0.690915
519.556000   -0.701665
519.557000   -0.712346
519.558000   -0.722901
519.559000   -0.733235
519.560000   -0.743196
519.561000   -0.752592
519.562000   -0.761211
519.563000   -0.768874
519.564000   -0.775511
519.565000   -0.781222
519.566000   -0.786234
519.567000   -0.790794
519.568000   -0.795085
519.569000   -0.799203
519.570000   -0.803144
519.571000   -0.806806
519.572000   -0.810000
519.573000   -0.812498
519.574000   -0.814112
519.575000   -0.814765
519.576000   -0.814520
519.577000   -0.813585
519.578000   -0.812276
519.579000   -0.810939
519.580000   -0.809867
519.581000   -0.809249
519.582000   -0.809164
519.583000   -0.809630
519.584000   -0.810679
519.585000   -0.812404
519.586000   -0.814965
519.587000   -0.818513
519.588000   -0.823079
519.589000   -0.828496
519.590000   -0.834396
519.591000   -0.840274
519.592000   -0.845589
519.593000   -0.849881
519.594000   -0.852847
519.595000   -0.854381
519.596000   -0.854558
519.597000   -0.853563
519.598000   -0.851605
519.599000   -0.848865
519.600000   -0.845482
519.601000   -0.841563
519.602000   -0.837202
519.603000   -0.832498
519.604000   -0.827551
519.605000   -0.822448
519.606000   -0.817228
519.607000   -0.811861
519.608000   -0.806251
519.609000   -0.800252
519.610000   -0.793694
519.611000   -0.786442
519.612000   -0.778445
519.613000   -0.769757
519.614000   -0.760508
519.615000   -0.750868
519.616000   -0.741023
519.617000   -0.731160
519.618000   -0.721454
519.619000   -0.712078
519.620000   -0.703224
519.621000   -0.695109
519.622000   -0.687962
519.623000   -0.682000
519.624000   -0.677405
519.625000   -0.674292
519.626000   -0.672659
519.627000   -0.672384
519.628000   -0.673256
519.629000   -0.675027
519.630000   -0.677459
519.631000   -0.680352
519.632000   -0.683573
519.633000   -0.687081
519.634000   -0.690903
519.635000   -0.695057
519.636000   -0.699509
519.637000   -0.704169
519.638000   -0.708917
519.639000   -0.713617
519.640000   -0.718111
519.641000   -0.722215
519.642000   -0.725719
519.643000   -0.728398
519.644000   -0.730010
519.645000   -0.730310
519.646000   -0.729077
519.647000   -0.726162
519.648000   -0.721518
519.649000   -0.715221
519.650000   -0.707463
519.651000   -0.698543
519.652000   -0.688861
519.653000   -0.678907
519.654000   -0.669192
519.655000   -0.660167
519.656000   -0.652179
519.657000   -0.645457
519.658000   -0.640119
519.659000   -0.636178
519.660000   -0.633563
519.661000   -0.632156
519.662000   -0.631815
519.663000   -0.632350
519.664000   -0.633486
519.665000   -0.634875
519.666000   -0.636149
519.667000   -0.636968
519.668000   -0.637063
519.669000   -0.636245
519.670000   -0.634399
519.671000   -0.631475
519.672000   -0.627463
519.673000   -0.622399
519.674000   -0.616366
519.675000   -0.609505
519.676000   -0.602010
519.677000   -0.594090
519.678000   -0.585937
519.679000   -0.577706
519.680000   -0.569547
519.681000   -0.561650
519.682000   -0.554260
519.683000   -0.547630
519.684000   -0.541971
519.685000   -0.537412
519.686000   -0.533984
519.687000   -0.531607
519.688000   -0.530124
519.689000   -0.529397
519.690000   -0.529427
519.691000   -0.530381
519.692000   -0.532484
519.693000   -0.535894
519.694000   -0.540634
519.695000   -0.546556
519.696000   -0.553329
519.697000   -0.560457
519.698000   -0.567357
519.699000   -0.573488
519.700000   -0.578448
519.701000   -0.581956
519.702000   -0.583802
519.703000   -0.583834
519.704000   -0.581975
519.705000   -0.578236
519.706000   -0.572703
519.707000   -0.565528
519.708000   -0.556946
519.709000   -0.547304
519.710000   -0.537067
519.711000   -0.526778
519.712000   -0.517014
519.713000   -0.508336
519.714000   -0.501236
519.715000   -0.496076
519.716000   -0.493039
519.717000   -0.492142
519.718000   -0.493310
519.719000   -0.496475
519.720000   -0.501592
519.721000   -0.508611
519.722000   -0.517427
519.723000   -0.527838
519.724000   -0.539497
519.725000   -0.551898
519.726000   -0.564407
519.727000   -0.576364
519.728000   -0.587224
519.729000   -0.596635
519.730000   -0.604446
519.731000   -0.610690
519.732000   -0.615526
519.733000   -0.619154
519.734000   -0.621717
519.735000   -0.623253
519.736000   -0.623724
519.737000   -0.623107
519.738000   -0.621490
519.739000   -0.619104
519.740000   -0.616294
519.741000   -0.613470
519.742000   -0.611018
519.743000   -0.609226
519.744000   -0.608249
519.745000   -0.608131
519.746000   -0.608880
519.747000   -0.610543
519.748000   -0.613221
519.749000   -0.617030
519.750000   -0.622068
519.751000   -0.628374
519.752000   -0.635858
519.753000   -0.644232
519.754000   -0.653000
519.755000   -0.661515
519.756000   -0.669076
519.757000   -0.675040
519.758000   -0.678924
519.759000   -0.680472
519.760000   -0.679626
519.761000   -0.676410
519.762000   -0.670850
519.763000   -0.662951
519.764000   -0.652748
519.765000   -0.640369
519.766000   -0.626091
519.767000   -0.610361
519.768000   -0.593771
519.769000   -0.576982
519.770000   -0.560585
519.771000   -0.545010
519.772000   -0.530502
519.773000   -0.517164
519.774000   -0.505021
519.775000   -0.494077
519.776000   -0.484351
519.777000   -0.475910
519.778000   -0.468883
519.779000   -0.463445
519.780000   -0.459752
519.781000   -0.457893
519.782000   -0.457882
519.783000   -0.459671
519.784000   -0.463166
519.785000   -0.468241
519.786000   -0.474777
519.787000   -0.482723
519.788000   -0.492121
519.789000   -0.503003
519.790000   -0.515259
519.791000   -0.528587
519.792000   -0.542519
519.793000   -0.556493
519.794000   -0.569930
519.795000   -0.582323
519.796000   -0.593345
519.797000   -0.602930
519.798000   -0.611228
519.799000   -0.618475
519.800000   -0.624905
519.801000   -0.630736
519.802000   -0.636184
519.803000   -0.641488
519.804000   -0.646907
519.805000   -0.652726
519.806000   -0.659242
519.807000   -0.666707
519.808000   -0.675246
519.809000   -0.684814
519.810000   -0.695229
519.811000   -0.706220
519.812000   -0.717492
519.813000   -0.728748
519.814000   -0.739704
519.815000   -0.750106
519.816000   -0.759750
519.817000   -0.768494
519.818000   -0.776252
519.819000   -0.782987
519.820000   -0.788713
519.821000   -0.793484
519.822000   -0.797358
519.823000   -0.800354
519.824000   -0.802426
519.825000   -0.803501
519.826000   -0.803519
519.827000   -0.802433
519.828000   -0.800208
519.829000   -0.796838
519.830000   -0.792357
519.831000   -0.786830
519.832000   -0.780317
519.833000   -0.772866
519.834000   -0.764553
519.835000   -0.755544
519.836000   -0.746108
519.837000   -0.736580
519.838000   -0.727321
519.839000   -0.718686
519.840000   -0.710964
519.841000   -0.704321
519.842000   -0.698770
519.843000   -0.694192
519.844000   -0.690437
519.845000   -0.687407
519.846000   -0.685080
519.847000   -0.683491
519.848000   -0.682709
519.849000   -0.682798
519.850000   -0.683757
519.851000   -0.685477
519.852000   -0.687743
519.853000   -0.690315
519.854000   -0.693055
519.855000   -0.695967
519.856000   -0.699154
519.857000   -0.702746
519.858000   -0.706851
519.859000   -0.711502
519.860000   -0.716613
519.861000   -0.721978
519.862000   -0.727333
519.863000   -0.732461
519.864000   -0.737258
519.865000   -0.741735
519.866000   -0.746008
519.867000   -0.750286
519.868000   -0.754821
519.869000   -0.759836
519.870000   -0.765462
519.871000   -0.771704
519.872000   -0.778444
519.873000   -0.785474
519.874000   -0.792554
519.875000   -0.799501
519.876000   -0.806251
519.877000   -0.812842
519.878000   -0.819326
519.879000   -0.825668
519.880000   -0.831678
519.881000   -0.836992
519.882000   -0.841109
519.883000   -0.843488
519.884000   -0.843687
519.885000   -0.841477
519.886000   -0.836854
519.887000   -0.829972
519.888000   -0.821041
519.889000   -0.810260
519.890000   -0.797801
519.891000   -0.783835
519.892000   -0.768600
519.893000   -0.752451
519.894000   -0.735900
519.895000   -0.719578
519.896000   -0.704118
519.897000   -0.690017
519.898000   -0.677565
519.899000   -0.666843
519.900000   -0.657790
519.901000   -0.650291
519.902000   -0.644244
519.903000   -0.639601
519.904000   -0.636385
519.905000   -0.634614
519.906000   -0.634197
519.907000   -0.634887
519.908000   -0.636325
519.909000   -0.638128
519.910000   -0.639973
519.911000   -0.641627
519.912000   -0.642945
519.913000   -0.643864
519.914000   -0.644367
519.915000   -0.644424
519.916000   -0.643948
519.917000   -0.642813
519.918000   -0.640908
519.919000   -0.638170
519.920000   -0.634598
519.921000   -0.630235
519.922000   -0.625201
519.923000   -0.619701
519.924000   -0.613992
519.925000   -0.608319
519.926000   -0.602889
519.927000   -0.597892
519.928000   -0.593507
519.929000   -0.589907
519.930000   -0.587257
519.931000   -0.585749
519.932000   -0.585599
519.933000   -0.586971
519.934000   -0.589871
519.935000   -0.594098
519.936000   -0.599263
519.937000   -0.604830
519.938000   -0.610161
519.939000   -0.614585
519.940000   -0.617507
519.941000   -0.618504
519.942000   -0.617347
519.943000   -0.613939
519.944000   -0.608271
519.945000   -0.600413
519.946000   -0.590501
519.947000   -0.578732
519.948000   -0.565361
519.949000   -0.550747
519.950000   -0.535378
519.951000   -0.519842
519.952000   -0.504713
519.953000   -0.490449
519.954000   -0.477347
519.955000   -0.465549
519.956000   -0.455074
519.957000   -0.445867
519.958000   -0.437873
519.959000   -0.431120
519.960000   -0.425751
519.961000   -0.421956
