#Frame     RMSD_00002
       1       0.0000
       2       0.5179
       3       0.5616
       4       0.6259
       5       0.7452
       6       0.7373
       7       0.8035
       8       0.7790
       9       0.8279
      10       0.8035
      11       0.8673
      12       0.8624
      13       0.8664
      14       0.9057
      15       0.8485
      16       0.8769
      17       0.9204
      18       0.8976
      19       0.8451
      20       0.8465
      21       0.9010
      22       0.9039
      23       0.9525
      24       1.0012
      25       0.9389
      26       1.0394
      27       1.0193
      28       1.0289
      29       1.0219
      30       1.0344
      31       0.9580
      32       0.9181
      33       0.9250
      34       0.9339
      35       1.0503
      36       1.1010
      37       1.1506
      38       1.0319
      39       1.0210
      40       1.0268
      41       1.0759
      42       1.0629
      43       1.0357
      44       0.9643
      45       1.0038
      46       0.9867
      47       1.0084
      48       0.9438
      49       0.9923
      50       0.9314
      51       0.9240
      52       0.9588
      53       1.0093
      54       1.0344
      55       1.0132
      56       1.0522
      57       1.1009
      58       1.0611
      59       1.0332
      60       1.1237
      61       1.2218
      62       1.2930
      63       1.1903
      64       1.1636
      65       1.1847
      66       1.2205
      67       1.1701
      68       1.0593
      69       0.9948
      70       1.0712
      71       1.1194
      72       1.1215
      73       1.1918
      74       1.2212
      75       1.2529
      76       1.2280
      77       1.0963
      78       1.0610
      79       1.1546
      80       1.0953
      81       1.1317
      82       1.1605
      83       1.1211
      84       1.1437
      85       1.1197
      86       1.1584
      87       1.1839
      88       1.1239
      89       1.1326
      90       1.1590
      91       1.1375
      92       1.1046
      93       1.1657
      94       1.1123
      95       1.0193
      96       1.0094
      97       1.1426
      98       1.1353
      99       1.1037
     100       1.1282
     101       1.0844
     102       1.1206
     103       1.0938
     104       1.0960
     105       1.1201
     106       1.0909
     107       1.0616
     108       1.1027
     109       1.1256
     110       1.2666
     111       1.2191
     112       1.2049
     113       1.2112
     114       1.3088
     115       1.2584
     116       1.1966
     117       1.3176
     118       1.3030
     119       1.2354
     120       1.2412
     121       1.1908
     122       1.2414
     123       1.2911
     124       1.2934
     125       1.2340
     126       1.2706
     127       1.2900
     128       1.3241
     129       1.3612
     130       1.3515
     131       1.3404
     132       1.3820
     133       1.2649
     134       1.2426
     135       1.3147
     136       1.3668
     137       1.2894
     138       1.2131
     139       1.1772
     140       1.0863
     141       1.1772
     142       1.2800
     143       1.1856
     144       1.2176
     145       1.1767
     146       1.1694
     147       1.1900
     148       1.1757
     149       1.1919
     150       1.1761
     151       1.2550
     152       1.3237
     153       1.3014
     154       1.3615
     155       1.4238
     156       1.3684
     157       1.4273
     158       1.4463
     159       1.4736
     160       1.5168
     161       1.4619
     162       1.4183
     163       1.3992
     164       1.4214
     165       1.3950
     166       1.3887
     167       1.3461
     168       1.2328
     169       1.1958
     170       1.2447
     171       1.2343
     172       1.2905
     173       1.4315
     174       1.4189
     175       1.4274
     176       1.4276
     177       1.4718
     178       1.3939
     179       1.3552
     180       1.4045
     181       1.3598
     182       1.4085
     183       1.3592
     184       1.3935
     185       1.4663
     186       1.4391
     187       1.3603
     188       1.3409
     189       1.2697
     190       1.2839
     191       1.2874
     192       1.2113
     193       1.2576
     194       1.2554
     195       1.3684
     196       1.4442
     197       1.4682
     198       1.4118
     199       1.3966
     200       1.4339
     201       1.5005
     202       1.5549
     203       1.6086
     204       1.5366
     205       1.4049
     206       1.3793
     207       1.3860
     208       1.4585
     209       1.3653
     210       1.4958
     211       1.4690
     212       1.5620
     213       1.4926
     214       1.5702
     215       1.5540
     216       1.5401
     217       1.5549
     218       1.5054
     219       1.4292
     220       1.5098
     221       1.5409
     222       1.5635
     223       1.4363
     224       1.4343
     225       1.3763
     226       1.3646
     227       1.3745
     228       1.4885
     229       1.4964
     230       1.4210
     231       1.5014
     232       1.4806
     233       1.3775
     234       1.3789
     235       1.3821
     236       1.4112
     237       1.4132
     238       1.4264
     239       1.4037
     240       1.3638
     241       1.3942
     242       1.4083
     243       1.3456
     244       1.3391
     245       1.3559
     246       1.3841
     247       1.3816
     248       1.4829
     249       1.4468
     250       1.4176
     251       1.4050
     252       1.4606
     253       1.4736
     254       1.4318
     255       1.4749
     256       1.3878
     257       1.3902
     258       1.4475
     259       1.5198
     260       1.5120
     261       1.5000
     262       1.4450
     263       1.4974
     264       1.4237
     265       1.4875
     266       1.4561
     267       1.4392
     268       1.3282
     269       1.4114
     270       1.4384
     271       1.4690
     272       1.4414
     273       1.3943
     274       1.4410
     275       1.4765
     276       1.4396
     277       1.3820
     278       1.4685
     279       1.4326
     280       1.4239
     281       1.3912
     282       1.3732
     283       1.3531
     284       1.3662
     285       1.2979
     286       1.3173
     287       1.3060
     288       1.2900
     289       1.3450
     290       1.3799
     291       1.4024
     292       1.3982
     293       1.3985
     294       1.4676
     295       1.5922
     296       1.6424
     297       1.5771
     298       1.5128
     299       1.5490
     300       1.6282
     301       1.6644
     302       1.6290
     303       1.5967
     304       1.6380
     305       1.5910
     306       1.5278
     307       1.5358
     308       1.5753
     309       1.6279
     310       1.5242
     311       1.5754
     312       1.4851
     313       1.5607
     314       1.5571
     315       1.5526
     316       1.5661
     317       1.5137
     318       1.5200
     319       1.4614
     320       1.4164
     321       1.4535
     322       1.4240
     323       1.4772
     324       1.5069
     325       1.4951
     326       1.5118
     327       1.4226
     328       1.4208
     329       1.5040
     330       1.4639
     331       1.3952
     332       1.4458
     333       1.5985
     334       1.6581
     335       1.7387
     336       1.6936
     337       1.6281
     338       1.6763
     339       1.7050
     340       1.6709
     341       1.6882
     342       1.7290
     343       1.6965
     344       1.8206
     345       1.8417
     346       1.8114
     347       1.8596
     348       1.8479
     349       1.8178
     350       1.8473
     351       1.8931
     352       1.7988
     353       1.8801
     354       1.8539
     355       1.9297
     356       1.9822
     357       1.8895
     358       1.9853
     359       1.9490
     360       1.8697
     361       1.9536
     362       1.8651
     363       1.8813
     364       1.8754
     365       1.9464
     366       1.9876
     367       1.9513
     368       1.8618
     369       1.8426
     370       1.9645
     371       1.8385
     372       1.8648
     373       1.8132
     374       1.8362
     375       1.7508
     376       1.8295
     377       1.8541
     378       1.9706
     379       1.9552
     380       1.8966
     381       1.8294
     382       1.9081
     383       1.9454
     384       1.8589
     385       1.8413
     386       1.7467
     387       1.7165
     388       1.6696
     389       1.6949
     390       1.6936
     391       1.7123
     392       1.8994
     393       1.9189
     394       1.8783
     395       1.8647
     396       1.8191
     397       1.8255
     398       1.8202
     399       1.7017
     400       1.6724
     401       1.6609
     402       1.6955
     403       1.6830
     404       1.5832
     405       1.6297
     406       1.6401
     407       1.5761
     408       1.5170
     409       1.4837
     410       1.4879
     411       1.6156
     412       1.5195
     413       1.5433
     414       1.6514
     415       1.6232
     416       1.5258
     417       1.5450
     418       1.5277
     419       1.5219
     420       1.5423
     421       1.4240
     422       1.3981
     423       1.4575
     424       1.3750
     425       1.4597
     426       1.4181
     427       1.3791
     428       1.3790
     429       1.4501
     430       1.4899
     431       1.5501
     432       1.4909
     433       1.5552
     434       1.5753
     435       1.5555
     436       1.5521
     437       1.5572
     438       1.6451
     439       1.5763
     440       1.6502
     441       1.6310
     442       1.6146
     443       1.6704
     444       1.7096
     445       1.7027
     446       1.6421
     447       1.6278
     448       1.7139
     449       1.7468
     450       1.7083
     451       1.7387
     452       1.5766
     453       1.5398
     454       1.5790
     455       1.6197
     456       1.6239
     457       1.4860
     458       1.5433
     459       1.4524
     460       1.5556
     461       1.4557
     462       1.4828
     463       1.5135
     464       1.4947
     465       1.4788
     466       1.5160
     467       1.4777
     468       1.4283
     469       1.4950
     470       1.6019
     471       1.5573
     472       1.6563
     473       1.6197
     474       1.6432
     475       1.6804
     476       1.6482
     477       1.6453
     478       1.6216
     479       1.7237
     480       1.6169
     481       1.6165
     482       1.5745
     483       1.6272
     484       1.5913
     485       1.6580
     486       1.6660
     487       1.7145
     488       1.5561
     489       1.5527
     490       1.5047
     491       1.4219
     492       1.4389
     493       1.4633
     494       1.3979
     495       1.3607
     496       1.4215
     497       1.4268
     498       1.4754
     499       1.3450
     500       1.4242
     501       1.5270
     502       1.6103
     503       1.6562
     504       1.5665
     505       1.5796
     506       1.6977
     507       1.7576
     508       1.8577
     509       1.8413
     510       1.7973
     511       1.6994
     512       1.6624
     513       1.5904
     514       1.6721
     515       1.7199
     516       1.7176
     517       1.7943
     518       1.7404
     519       1.7257
     520       1.6104
     521       1.6525
     522       1.6588
     523       1.6796
     524       1.6904
     525       1.6703
     526       1.6679
     527       1.7002
     528       1.7000
     529       1.6891
     530       1.6767
     531       1.7455
     532       1.7875
     533       1.8418
     534       1.6961
     535       1.7477
     536       1.7853
     537       1.8340
     538       1.8027
     539       1.8066
     540       1.7972
     541       1.7406
     542       1.7755
     543       1.7679
     544       1.7231
     545       1.7133
     546       1.6485
     547       1.7442
     548       1.8256
     549       1.9111
     550       1.8237
     551       1.8038
     552       1.9030
     553       1.8656
     554       1.8800
     555       1.7765
     556       1.6795
     557       1.7296
     558       1.7233
     559       1.7052
     560       1.6383
     561       1.5708
     562       1.6142
     563       1.7682
     564       1.7814
     565       1.7241
     566       1.6830
     567       1.7485
     568       1.7377
     569       1.8017
     570       1.8101
     571       1.7309
     572       1.8627
     573       1.7055
     574       1.7418
     575       1.7488
     576       1.7881
     577       1.8158
     578       1.7524
     579       1.7286
     580       1.7696
     581       1.7234
     582       1.6935
     583       1.7061
     584       1.7732
     585       1.7280
     586       1.7018
     587       1.7083
     588       1.7331
     589       1.7677
     590       1.7062
     591       1.7824
     592       1.8613
     593       1.8825
     594       1.8381
     595       1.8339
     596       1.8972
     597       1.8739
     598       1.8443
     599       1.8093
     600       1.7115
     601       1.7147
     602       1.7406
     603       1.7444
     604       1.7883
     605       1.7236
     606       1.7557
     607       1.7617
     608       1.8394
     609       1.8480
     610       1.7112
     611       1.7753
     612       1.6283
     613       1.6187
     614       1.6350
     615       1.6447
     616       1.6716
     617       1.6665
     618       1.6987
     619       1.7383
     620       1.7990
     621       1.8006
     622       1.7309
     623       1.8219
     624       1.7686
     625       1.8437
     626       1.7927
     627       1.7313
     628       1.7825
     629       1.8641
     630       1.8743
     631       1.8387
     632       1.7540
     633       1.8628
     634       1.9086
     635       1.8394
     636       1.9417
     637       2.0559
     638       2.1087
     639       2.0504
     640       1.8980
     641       1.9249
     642       1.9486
     643       1.9746
     644       1.9830
     645       1.9818
     646       1.9013
     647       1.9417
     648       1.9970
     649       2.0097
     650       2.0224
     651       2.0224
     652       1.8729
     653       1.8631
     654       1.8730
     655       1.8847
     656       1.9659
     657       1.8519
     658       1.8637
     659       1.8774
     660       1.9431
     661       1.8607
     662       1.9545
     663       2.0014
     664       1.9903
     665       1.8538
     666       1.8417
     667       1.8930
     668       1.9158
     669       1.8373
     670       1.7734
     671       1.8255
     672       1.8032
     673       1.7975
     674       1.8878
     675       1.9214
     676       1.9208
     677       1.9860
     678       2.0704
     679       2.0847
     680       2.1763
     681       2.1165
     682       2.1156
     683       2.0758
     684       1.9192
     685       1.9352
     686       1.9336
     687       2.0260
     688       2.0634
     689       2.0486
     690       2.0278
     691       1.9772
     692       1.9067
     693       1.9828
     694       2.0582
     695       2.0734
     696       2.0529
     697       1.9774
     698       1.9991
     699       2.1366
     700       2.0900
     701       2.0879
     702       2.0623
     703       2.0018
     704       2.0479
     705       2.0721
     706       1.8724
     707       1.9570
     708       1.9065
     709       1.8560
     710       1.8890
     711       1.9812
     712       1.8375
     713       1.9112
     714       1.9239
     715       1.9315
     716       1.8669
     717       1.8279
     718       1.9246
     719       1.8832
     720       1.7425
     721       1.7206
     722       1.6922
     723       1.8094
     724       1.8440
     725       1.8583
     726       1.9284
     727       1.8867
     728       1.9287
     729       1.9074
     730       1.8667
     731       1.9401
     732       1.8481
     733       1.8260
     734       1.9180
     735       1.9296
     736       1.8825
     737       1.8533
     738       1.8530
     739       1.8202
     740       1.7578
     741       1.8015
     742       1.7257
     743       1.7030
     744       1.7528
     745       1.7499
     746       1.8699
     747       1.8806
     748       1.8781
     749       1.8906
     750       1.8321
     751       1.7838
     752       1.7314
     753       1.7043
     754       1.7105
     755       1.6429
     756       1.7455
     757       1.7085
     758       1.7843
     759       1.8566
     760       1.8742
     761       1.8191
     762       1.8930
     763       1.8112
     764       1.7944
     765       1.8666
     766       1.9683
     767       1.9566
     768       2.0147
     769       1.9427
     770       2.0005
     771       1.9247
     772       1.8725
     773       1.9125
     774       1.8781
     775       1.9470
     776       1.9409
     777       1.9018
     778       1.9490
     779       1.9656
     780       1.9356
     781       1.9104
     782       1.8259
     783       1.8799
     784       1.9250
     785       1.8608
     786       1.8926
     787       1.9413
     788       1.9590
     789       1.9481
     790       1.8615
     791       1.8582
     792       1.8540
     793       1.8530
     794       1.7985
     795       1.9087
     796       1.9459
     797       1.8589
     798       1.8611
     799       1.8739
     800       1.8739
     801       1.8702
     802       1.9082
     803       1.9269
     804       1.8172
     805       1.8092
     806       1.7793
     807       1.7449
     808       1.6631
     809       1.6908
     810       1.6346
     811       1.6386
     812       1.7366
     813       1.8241
     814       1.6858
     815       1.6463
     816       1.6803
     817       1.8180
     818       1.7840
     819       1.8204
     820       1.7630
     821       1.7597
     822       1.7126
     823       1.6832
     824       1.6502
     825       1.5798
     826       1.6153
     827       1.5279
     828       1.6180
     829       1.7106
     830       1.7256
     831       1.6095
     832       1.6365
     833       1.6120
     834       1.6306
     835       1.5358
     836       1.5334
     837       1.6331
     838       1.7097
     839       1.7736
     840       1.8068
     841       1.7608
     842       1.7514
     843       1.7625
     844       1.7927
     845       1.8523
     846       1.8352
     847       1.7677
     848       1.8363
     849       1.7311
     850       1.7329
     851       1.7830
     852       1.8413
     853       1.9619
     854       1.8945
     855       1.9099
     856       1.8339
     857       1.8657
     858       1.8972
     859       1.8456
     860       1.7731
     861       1.7979
     862       1.7840
     863       1.9012
     864       1.9081
     865       1.8758
     866       1.9437
     867       1.9430
     868       1.9503
     869       1.9046
     870       1.9239
     871       1.9431
     872       1.9123
     873       1.9188
     874       1.9352
     875       1.9780
     876       1.8905
     877       1.8535
     878       1.9212
     879       1.8172
     880       1.8055
     881       1.9219
     882       1.7975
     883       1.8105
     884       1.7030
     885       1.7255
     886       1.7431
     887       1.7032
     888       1.7425
     889       1.7153
     890       1.7452
     891       1.7130
     892       1.6994
     893       1.8085
     894       1.8800
     895       1.9483
     896       1.9259
     897       2.0218
     898       1.9765
     899       2.0057
     900       2.0004
     901       1.9141
     902       1.8206
     903       1.7939
     904       1.8971
     905       1.8960
     906       1.8161
     907       1.7209
     908       1.7917
     909       1.8396
     910       1.8040
     911       1.7689
     912       1.7476
     913       1.7228
     914       1.6958
     915       1.7136
     916       1.7683
     917       1.7783
     918       1.7192
     919       1.6951
     920       1.7309
     921       1.8255
     922       1.6595
     923       1.6939
     924       1.7371
     925       1.7407
     926       1.8129
     927       1.8093
     928       1.8978
     929       1.8405
     930       1.7705
     931       1.7773
     932       1.6891
     933       1.6196
     934       1.6737
     935       1.5994
     936       1.7532
     937       1.7367
     938       1.7624
     939       1.7295
     940       1.7957
     941       1.8399
     942       1.7636
     943       1.8558
     944       1.8699
     945       1.7573
     946       1.8122
     947       1.7987
     948       1.7854
     949       1.7905
     950       1.8134
     951       1.8071
     952       1.8601
     953       1.8088
     954       1.7638
     955       1.7845
     956       1.7400
     957       1.7093
     958       1.7223
     959       1.6721
     960       1.7390
     961       1.8221
     962       1.6698
     963       1.6572
     964       1.6194
     965       1.7403
     966       1.7513
     967       1.5878
     968       1.6641
     969       1.7311
     970       1.7178
     971       1.7449
     972       1.7477
     973       1.7560
     974       1.8012
     975       1.7060
     976       1.6625
     977       1.7479
     978       1.8193
     979       1.7947
     980       1.7290
     981       1.6993
     982       1.6340
     983       1.7325
     984       1.7797
     985       1.7214
     986       1.7231
     987       1.6709
     988       1.6500
     989       1.6328
     990       1.6256
     991       1.6537
     992       1.6340
     993       1.6605
     994       1.6969
     995       1.6915
     996       1.6721
     997       1.6665
     998       1.6748
     999       1.7156
    1000       1.7065
    1001       1.8162
    1002       1.7201
    1003       1.7295
    1004       1.6900
    1005       1.8189
    1006       1.7553
    1007       1.8295
    1008       1.7023
    1009       1.7419
    1010       1.7484
    1011       1.7651
    1012       1.6486
    1013       1.6561
    1014       1.7211
    1015       1.8060
    1016       1.8168
    1017       1.8059
    1018       1.8146
    1019       1.8373
    1020       1.7816
    1021       1.8192
    1022       1.6869
    1023       1.7223
    1024       1.7017
    1025       1.7060
    1026       1.6584
    1027       1.7054
    1028       1.6849
    1029       1.6121
    1030       1.7127
    1031       1.5949
    1032       1.6442
    1033       1.6467
    1034       1.6524
    1035       1.6224
    1036       1.5660
    1037       1.5455
    1038       1.5753
    1039       1.6306
    1040       1.6043
    1041       1.6940
    1042       1.6805
    1043       1.6505
    1044       1.6576
    1045       1.6446
    1046       1.6855
    1047       1.7904
    1048       1.7185
    1049       1.7739
    1050       1.6949
    1051       1.7652
    1052       1.7211
    1053       1.7876
    1054       1.6538
    1055       1.6645
    1056       1.6142
    1057       1.5685
    1058       1.5155
    1059       1.5372
    1060       1.5558
    1061       1.6205
    1062       1.5317
    1063       1.6240
    1064       1.7075
    1065       1.7059
    1066       1.6988
    1067       1.7488
    1068       1.7718
    1069       1.7119
    1070       1.7146
    1071       1.6902
    1072       1.7520
    1073       1.8296
    1074       1.7626
    1075       1.7009
    1076       1.6546
    1077       1.6096
    1078       1.6149
    1079       1.6420
    1080       1.7136
    1081       1.6968
    1082       1.7214
    1083       1.6416
    1084       1.6260
    1085       1.5819
    1086       1.5728
    1087       1.4962
    1088       1.5278
    1089       1.4835
    1090       1.5557
    1091       1.5999
    1092       1.6326
    1093       1.5833
    1094       1.6345
    1095       1.6698
    1096       1.7107
    1097       1.6867
    1098       1.6940
    1099       1.6812
    1100       1.6995
    1101       1.8408
    1102       1.7556
    1103       1.6999
    1104       1.7187
    1105       1.7825
    1106       1.7533
    1107       1.7906
    1108       1.8590
    1109       1.8300
    1110       1.8924
    1111       1.8529
    1112       1.8596
    1113       1.8630
    1114       1.8250
    1115       1.8650
    1116       1.8771
    1117       1.8549
    1118       1.9382
    1119       1.9675
    1120       1.9611
    1121       1.8930
    1122       1.9646
    1123       1.9205
    1124       1.9949
    1125       2.0311
    1126       2.0253
    1127       1.9616
    1128       1.8576
    1129       1.9107
    1130       1.9844
    1131       1.9832
    1132       2.0460
    1133       2.0842
    1134       2.0598
    1135       1.9643
    1136       1.9946
    1137       1.9924
    1138       1.9973
    1139       2.0443
    1140       2.0589
    1141       1.9302
    1142       1.9240
    1143       2.0345
    1144       2.0523
    1145       2.0519
    1146       2.0527
    1147       2.0454
    1148       2.1630
    1149       2.1754
    1150       2.1470
    1151       2.0994
    1152       2.0614
    1153       1.9936
    1154       1.9276
    1155       1.9561
    1156       1.9210
    1157       1.8329
    1158       1.8843
    1159       1.8927
    1160       1.8060
    1161       1.8078
    1162       1.8174
    1163       1.8564
    1164       1.7694
    1165       1.7201
    1166       1.7416
    1167       1.7620
    1168       1.7080
    1169       1.7902
    1170       1.8225
    1171       1.8477
    1172       1.8381
    1173       1.9562
    1174       1.9204
    1175       2.0018
    1176       2.0045
    1177       2.0133
    1178       1.9644
    1179       1.8912
    1180       1.7526
    1181       1.7685
    1182       1.7818
    1183       1.7729
    1184       1.8217
    1185       1.9055
    1186       1.8926
    1187       1.8856
    1188       1.7475
    1189       1.7579
    1190       1.8073
    1191       1.7467
    1192       1.7011
    1193       1.7709
    1194       1.8372
    1195       1.9618
    1196       1.9603
    1197       2.0268
    1198       1.9844
    1199       1.9674
    1200       1.9208
    1201       1.7547
    1202       1.8089
    1203       1.8653
    1204       1.8942
    1205       1.8340
    1206       1.8619
    1207       1.9323
    1208       1.9226
    1209       1.8699
    1210       1.9595
    1211       1.8374
    1212       1.8550
    1213       1.8455
    1214       1.7256
    1215       1.7948
    1216       1.8090
    1217       1.8547
    1218       1.8688
    1219       1.8687
    1220       1.8769
    1221       1.9593
    1222       1.8989
    1223       1.8981
    1224       1.7978
    1225       1.8164
    1226       1.7995
    1227       1.8118
    1228       1.8878
    1229       1.9267
    1230       1.8514
    1231       1.9192
    1232       1.8890
    1233       1.9646
    1234       2.0056
    1235       1.9624
    1236       2.0126
    1237       2.0062
    1238       2.0159
    1239       1.9539
    1240       1.8897
    1241       1.8977
    1242       2.0274
    1243       1.9527
    1244       1.9609
    1245       1.9153
    1246       1.8863
    1247       1.9176
    1248       1.8042
    1249       1.8472
    1250       1.8477
    1251       1.8714
    1252       1.8908
    1253       1.9315
    1254       1.9475
    1255       2.0191
    1256       2.0423
    1257       1.8714
    1258       1.8565
    1259       1.8192
    1260       1.7757
    1261       1.7179
    1262       1.7128
    1263       1.7758
    1264       1.8038
    1265       1.8317
    1266       1.8369
    1267       1.8684
    1268       1.9374
    1269       1.8726
    1270       1.7799
    1271       1.8101
    1272       1.7554
    1273       1.7999
    1274       1.8227
    1275       1.8631
    1276       1.8395
    1277       1.9432
    1278       1.8945
    1279       2.0019
    1280       1.9389
    1281       1.9089
    1282       1.8877
    1283       1.8787
    1284       1.8509
    1285       1.7478
    1286       1.7144
    1287       1.6824
    1288       1.7494
    1289       1.7407
    1290       1.7447
    1291       1.7897
    1292       1.8084
    1293       1.8797
    1294       1.8263
    1295       1.8775
    1296       1.8605
    1297       1.8106
    1298       1.7657
    1299       1.8165
    1300       1.8072
    1301       1.7925
    1302       1.7439
    1303       1.7384
    1304       1.7267
    1305       1.7274
    1306       1.7752
    1307       1.7906
    1308       1.8050
    1309       1.7244
    1310       1.8145
    1311       1.7797
    1312       1.8822
    1313       1.9189
    1314       1.8684
    1315       1.8624
    1316       1.9278
    1317       1.9424
    1318       1.9274
    1319       1.9786
    1320       1.9750
    1321       1.9220
    1322       1.8979
    1323       1.9123
    1324       1.9199
    1325       1.9361
    1326       1.9388
    1327       2.0012
    1328       1.9777
    1329       2.0279
    1330       2.0566
    1331       1.9659
    1332       1.9447
    1333       1.9407
    1334       1.9369
    1335       1.8548
    1336       1.9569
    1337       2.0306
    1338       2.0003
    1339       2.0538
    1340       2.0854
    1341       2.0289
    1342       1.9859
    1343       1.9321
    1344       2.0206
    1345       1.9192
    1346       1.8627
    1347       1.8384
    1348       1.8254
    1349       1.7893
    1350       1.8329
    1351       1.7983
    1352       1.8522
    1353       1.7233
    1354       1.7535
    1355       1.8157
    1356       1.9537
    1357       1.8771
    1358       1.7750
    1359       1.8035
    1360       1.8300
    1361       1.8104
    1362       1.7933
    1363       1.7928
    1364       1.8039
    1365       1.7618
    1366       1.7342
    1367       1.7117
    1368       1.6999
    1369       1.6529
    1370       1.5969
    1371       1.7192
    1372       1.6825
    1373       1.6576
    1374       1.6563
    1375       1.6851
    1376       1.6466
    1377       1.5964
    1378       1.6695
    1379       1.6952
    1380       1.7452
    1381       1.7409
    1382       1.7503
    1383       1.7784
    1384       1.8613
    1385       1.8824
    1386       1.8275
    1387       1.8775
    1388       1.8806
    1389       1.8706
    1390       1.8088
    1391       1.7371
    1392       1.8160
    1393       1.7901
    1394       1.7700
    1395       1.6850
    1396       1.7714
    1397       1.7501
    1398       1.7831
    1399       1.7278
    1400       1.6639
    1401       1.7471
    1402       1.7544
    1403       1.7950
    1404       1.7954
    1405       1.8426
    1406       1.8075
    1407       1.7575
    1408       1.8269
    1409       1.7372
    1410       1.7381
    1411       1.7143
    1412       1.6787
    1413       1.6773
    1414       1.6847
    1415       1.6637
    1416       1.6678
    1417       1.6271
    1418       1.7060
    1419       1.7414
    1420       1.6067
    1421       1.6234
    1422       1.5890
    1423       1.6399
    1424       1.7979
    1425       1.7398
    1426       1.7894
    1427       1.7744
    1428       1.7529
    1429       1.8136
    1430       1.7458
    1431       1.8420
    1432       1.8347
    1433       1.8224
    1434       1.7883
    1435       1.8870
    1436       1.8471
    1437       1.8678
    1438       1.7934
    1439       1.8819
    1440       1.8054
    1441       1.7762
    1442       1.8045
    1443       1.7742
    1444       1.8217
    1445       1.8276
    1446       1.9340
    1447       1.8303
    1448       1.8385
    1449       1.8624
    1450       1.8080
    1451       1.8187
    1452       1.8027
    1453       1.8465
    1454       1.8618
    1455       1.7985
    1456       1.8411
    1457       1.8885
    1458       1.8830
    1459       1.8401
    1460       1.8035
    1461       1.7845
    1462       1.6821
    1463       1.6916
    1464       1.7131
    1465       1.7698
    1466       1.7723
    1467       1.7077
    1468       1.6426
    1469       1.7548
    1470       1.7093
    1471       1.6804
    1472       1.7315
    1473       1.7590
    1474       1.7464
    1475       1.8337
    1476       1.8374
    1477       1.8266
    1478       1.7877
    1479       1.7433
    1480       1.7459
    1481       1.7680
    1482       1.7930
    1483       1.8176
    1484       1.8074
    1485       1.8006
    1486       1.7614
    1487       1.7560
    1488       1.7356
    1489       1.7482
    1490       1.7265
    1491       1.7042
    1492       1.6808
    1493       1.7316
    1494       1.6271
    1495       1.4853
    1496       1.4970
    1497       1.6045
    1498       1.5837
    1499       1.6636
    1500       1.7387
    1501       1.7024
    1502       1.6571
    1503       1.7374
    1504       1.7904
    1505       1.9010
    1506       1.8498
    1507       1.8849
    1508       1.9521
    1509       2.0158
    1510       1.9680
    1511       1.9546
    1512       1.9176
    1513       1.9812
    1514       1.8981
    1515       1.8584
    1516       1.8357
    1517       1.9471
    1518       2.0194
    1519       1.9994
    1520       2.0119
    1521       2.0585
    1522       1.9775
    1523       1.9719
    1524       1.8756
    1525       1.9081
    1526       1.9637
    1527       1.9987
    1528       2.0566
    1529       1.9742
    1530       1.8109
    1531       1.8179
    1532       1.7456
    1533       1.8497
    1534       1.9027
    1535       1.9047
    1536       1.8376
    1537       1.8008
    1538       1.7489
    1539       1.7062
    1540       1.7123
    1541       1.7378
    1542       1.7338
    1543       1.6754
    1544       1.8455
    1545       1.8205
    1546       1.7805
    1547       1.8441
    1548       1.7948
    1549       1.8471
    1550       1.8387
    1551       1.7688
    1552       1.8244
    1553       1.8962
    1554       1.8790
    1555       1.8387
    1556       1.8138
    1557       1.8133
    1558       1.7770
    1559       1.8161
    1560       1.8138
    1561       1.7791
    1562       1.7246
    1563       1.7735
    1564       1.7862
    1565       1.7518
    1566       1.7442
    1567       1.7170
    1568       1.6988
    1569       1.6696
    1570       1.7786
    1571       1.7752
    1572       1.7342
    1573       1.7045
    1574       1.6296
    1575       1.6845
    1576       1.6812
    1577       1.6768
    1578       1.7096
    1579       1.7091
    1580       1.6544
    1581       1.7034
    1582       1.6781
    1583       1.6717
    1584       1.7381
    1585       1.7692
    1586       1.8729
    1587       1.8161
    1588       1.8502
    1589       1.8788
    1590       1.8624
    1591       1.8858
    1592       1.9004
    1593       1.9463
    1594       1.9807
    1595       2.0088
    1596       2.0122
    1597       2.0436
    1598       2.0826
    1599       2.0900
    1600       2.0819
    1601       2.0528
    1602       2.0475
    1603       1.9302
    1604       1.9721
    1605       1.9771
    1606       1.9433
    1607       1.9872
    1608       1.9376
    1609       1.9921
    1610       2.0463
    1611       1.9185
    1612       1.8727
    1613       1.9422
    1614       1.8384
    1615       1.8465
    1616       1.7430
    1617       1.7576
    1618       1.7293
    1619       1.6611
    1620       1.6945
    1621       1.6023
    1622       1.6578
    1623       1.6428
    1624       1.7106
    1625       1.7552
    1626       1.7349
    1627       1.7249
    1628       1.6835
    1629       1.6494
    1630       1.7320
    1631       1.7074
    1632       1.6618
    1633       1.6704
    1634       1.6564
    1635       1.6362
    1636       1.6441
    1637       1.5529
    1638       1.6799
    1639       1.7199
    1640       1.7297
    1641       1.6577
    1642       1.6666
    1643       1.6410
    1644       1.6248
    1645       1.7256
    1646       1.6219
    1647       1.6259
    1648       1.6428
    1649       1.7051
    1650       1.6933
    1651       1.6670
    1652       1.7591
    1653       1.7016
    1654       1.7294
    1655       1.7829
    1656       1.7214
    1657       1.8278
    1658       1.8242
    1659       1.9714
    1660       1.9342
    1661       1.9374
    1662       1.7917
    1663       1.8385
    1664       1.8016
    1665       1.8127
    1666       1.8045
    1667       1.7541
    1668       1.9291
    1669       1.8794
    1670       1.8537
    1671       1.7706
    1672       1.7397
    1673       1.7463
    1674       1.8140
    1675       1.8067
    1676       1.8224
    1677       1.8419
    1678       1.8607
    1679       1.8734
    1680       1.8733
    1681       1.8488
    1682       1.8698
    1683       1.8227
    1684       1.7669
    1685       1.7341
    1686       1.7471
    1687       1.7840
    1688       1.6787
    1689       1.7317
    1690       1.7071
    1691       1.7286
    1692       1.7567
    1693       1.6616
    1694       1.6848
    1695       1.7732
    1696       1.7556
    1697       1.8241
    1698       1.8557
    1699       1.8291
    1700       1.7475
    1701       1.7829
    1702       1.8439
    1703       1.7452
    1704       1.8536
    1705       1.8632
    1706       1.8409
    1707       1.8273
    1708       1.8741
    1709       1.8165
    1710       1.8469
    1711       1.7872
    1712       1.7686
    1713       1.7807
    1714       1.6704
    1715       1.7080
    1716       1.7197
    1717       1.7411
    1718       1.7488
    1719       1.8159
    1720       1.7306
    1721       1.7302
    1722       1.7880
    1723       1.7910
    1724       1.7421
    1725       1.7451
    1726       1.7264
    1727       1.7203
    1728       1.7420
    1729       1.6988
    1730       1.7429
    1731       1.6977
    1732       1.7753
    1733       1.7392
    1734       1.8010
    1735       1.8586
    1736       1.7196
    1737       1.7440
    1738       1.7809
    1739       1.8114
    1740       1.8377
    1741       1.8044
    1742       1.7288
    1743       1.7671
    1744       1.7839
    1745       1.7355
    1746       1.7274
    1747       1.7763
    1748       1.7145
    1749       1.7423
    1750       1.7627
    1751       1.7421
    1752       1.7970
    1753       1.8752
    1754       1.8532
    1755       1.8718
    1756       1.9031
    1757       1.9212
    1758       1.9392
    1759       1.9207
    1760       1.8975
    1761       1.8283
    1762       1.7563
    1763       1.7958
    1764       1.7738
    1765       1.8211
    1766       1.8341
    1767       1.8377
    1768       1.8142
    1769       1.8563
    1770       1.7924
    1771       1.7401
    1772       1.8316
    1773       1.8582
    1774       1.8895
    1775       1.8205
    1776       1.8108
    1777       1.8873
    1778       1.8212
    1779       1.8560
    1780       1.8979
    1781       1.9121
    1782       1.8856
    1783       1.8736
    1784       1.9520
    1785       1.9408
    1786       1.9298
    1787       1.8484
    1788       1.8154
    1789       1.7650
    1790       1.8101
    1791       1.8061
    1792       1.8492
    1793       1.8869
    1794       1.9103
    1795       1.8572
    1796       1.8268
    1797       1.8113
    1798       1.8952
    1799       1.8993
    1800       1.9121
    1801       1.8625
    1802       1.8648
    1803       1.8791
    1804       1.8355
    1805       1.7998
    1806       1.8049
    1807       1.7727
    1808       1.7611
    1809       1.8803
    1810       1.8690
    1811       1.8740
    1812       1.8410
    1813       1.8036
    1814       1.8030
    1815       1.8739
    1816       1.8519
    1817       1.7075
    1818       1.6804
    1819       1.6893
    1820       1.7191
    1821       1.7780
    1822       1.7294
    1823       1.7149
    1824       1.6998
    1825       1.6385
    1826       1.7052
    1827       1.6189
    1828       1.7247
    1829       1.8287
    1830       1.7281
    1831       1.8111
    1832       1.7281
    1833       1.7240
    1834       1.7623
    1835       1.7680
    1836       1.7731
    1837       1.7846
    1838       1.7873
    1839       1.7784
    1840       1.7291
    1841       1.6522
    1842       1.6635
    1843       1.6569
    1844       1.7727
    1845       1.7602
    1846       1.6984
    1847       1.7123
    1848       1.7847
    1849       1.7254
    1850       1.7384
    1851       1.7127
    1852       1.7682
    1853       1.7809
    1854       1.7282
    1855       1.7670
    1856       1.7400
    1857       1.7526
    1858       1.8425
    1859       1.7451
    1860       1.6704
    1861       1.6757
    1862       1.6435
    1863       1.7104
    1864       1.8140
    1865       1.8052
    1866       1.8515
    1867       1.8770
    1868       1.7828
    1869       1.7923
    1870       1.7633
    1871       1.7796
    1872       1.8525
    1873       1.8413
    1874       1.8176
    1875       1.8520
    1876       1.8238
    1877       1.7634
    1878       1.8190
    1879       1.8162
    1880       1.8711
    1881       1.7881
    1882       1.8779
    1883       1.9249
    1884       1.8793
    1885       1.9210
    1886       1.8884
    1887       1.9098
    1888       1.8838
    1889       1.7309
    1890       1.7091
    1891       1.6632
    1892       1.6673
    1893       1.6067
    1894       1.5218
    1895       1.5337
    1896       1.6497
    1897       1.7532
    1898       1.7214
    1899       1.8040
    1900       1.7366
    1901       1.7544
    1902       1.8436
    1903       1.9178
    1904       1.8925
    1905       1.8605
    1906       1.7926
    1907       1.8194
    1908       1.9516
    1909       1.9284
    1910       1.8880
    1911       1.9030
    1912       1.9131
    1913       1.9938
    1914       1.8915
    1915       2.0303
    1916       2.0667
    1917       2.0727
    1918       2.0192
    1919       1.9954
    1920       2.0114
    1921       2.0182
    1922       1.9306
    1923       1.9692
    1924       2.0241
    1925       2.0724
    1926       2.0187
    1927       1.9572
    1928       1.9169
    1929       1.9518
    1930       1.8769
    1931       1.7981
    1932       1.8342
    1933       1.8702
    1934       1.8838
    1935       1.9508
    1936       1.9665
    1937       1.9385
    1938       1.9793
    1939       1.9311
    1940       1.8964
    1941       1.9918
    1942       2.0128
    1943       1.9905
    1944       2.0057
    1945       1.9535
    1946       1.9749
    1947       1.9803
    1948       1.9755
    1949       1.9831
    1950       2.0080
    1951       2.1073
    1952       2.0985
    1953       2.0242
    1954       2.0734
    1955       2.0393
    1956       2.0148
    1957       2.1759
    1958       2.1677
    1959       2.2157
    1960       2.1289
    1961       2.1673
    1962       2.2218
    1963       2.0789
    1964       2.1101
    1965       2.0792
    1966       2.0750
    1967       1.9832
    1968       1.9807
    1969       1.9631
    1970       1.9145
    1971       1.8657
    1972       1.9821
    1973       1.9318
    1974       1.8769
    1975       1.8489
    1976       1.8798
    1977       1.8996
    1978       1.8156
    1979       1.8739
    1980       1.9161
    1981       1.8370
    1982       1.9184
    1983       1.9550
    1984       1.9735
    1985       1.8695
    1986       1.8477
    1987       1.8855
    1988       1.8627
    1989       1.9238
    1990       1.8883
    1991       1.9178
    1992       1.9107
    1993       1.9180
    1994       1.9481
    1995       1.9851
    1996       1.9040
    1997       1.9268
    1998       1.9497
    1999       1.9510
    2000       1.9491
    2001       1.9313
    2002       2.0485
    2003       1.9708
    2004       1.8886
    2005       1.8618
    2006       1.9079
    2007       1.9045
    2008       1.8514
    2009       1.8612
    2010       2.0198
    2011       1.9676
    2012       1.9934
    2013       2.0186
    2014       1.8808
    2015       1.8446
    2016       1.8910
    2017       1.9344
    2018       1.8727
    2019       1.9020
    2020       1.8671
    2021       1.8851
    2022       1.9792
    2023       1.9055
    2024       1.8076
    2025       1.6457
    2026       1.7633
    2027       1.7899
    2028       1.7586
    2029       1.8256
    2030       1.8711
    2031       1.8444
    2032       1.8843
    2033       1.9060
    2034       1.9467
    2035       1.9752
    2036       1.9743
    2037       1.9893
    2038       1.9910
    2039       2.0056
    2040       2.0300
    2041       2.0054
    2042       2.0039
    2043       2.0373
    2044       2.0199
    2045       2.0061
    2046       1.9861
    2047       2.0337
    2048       1.9369
    2049       1.9218
    2050       2.0213
    2051       2.0089
    2052       1.9603
    2053       2.0302
    2054       1.9111
    2055       1.9813
    2056       1.8477
    2057       1.8222
    2058       1.8129
    2059       1.7479
    2060       1.7297
    2061       1.7140
    2062       1.6806
    2063       1.6684
    2064       1.7041
    2065       1.7004
    2066       1.6789
    2067       1.6942
    2068       1.7288
    2069       1.7668
    2070       1.8875
    2071       1.8885
    2072       1.9221
    2073       1.9274
    2074       1.9001
    2075       1.8231
    2076       1.7516
    2077       1.7998
    2078       1.8461
    2079       1.8199
    2080       1.8080
    2081       1.8495
    2082       1.8294
    2083       1.8912
    2084       1.8068
    2085       1.8845
    2086       1.8470
    2087       1.8325
    2088       1.8923
    2089       1.8452
    2090       1.8015
    2091       1.7858
    2092       1.8094
    2093       1.8220
    2094       1.7495
    2095       1.8723
    2096       1.8962
    2097       1.9960
    2098       2.1380
    2099       2.0974
    2100       2.0514
    2101       1.9855
    2102       1.9242
    2103       1.9833
    2104       1.8850
    2105       1.9174
    2106       1.8403
    2107       1.8351
    2108       1.8276
    2109       1.8692
    2110       1.9052
    2111       1.8192
    2112       1.9121
    2113       1.8653
    2114       1.8960
    2115       1.9510
    2116       1.9507
    2117       1.9375
    2118       1.9566
    2119       1.9790
    2120       1.9737
    2121       1.9950
    2122       2.0054
    2123       1.9165
    2124       1.8900
    2125       1.8679
    2126       1.8949
    2127       1.8208
    2128       1.8785
    2129       1.8753
    2130       1.8898
    2131       1.8655
    2132       1.9678
    2133       1.9233
    2134       1.8674
    2135       1.8928
    2136       1.8672
    2137       1.8434
    2138       1.8661
    2139       1.8872
    2140       1.8724
    2141       1.8776
    2142       1.9220
    2143       1.8496
    2144       1.8105
    2145       1.8285
    2146       1.8554
    2147       1.8954
    2148       1.9162
    2149       1.8910
    2150       1.8550
    2151       1.8057
    2152       1.8309
    2153       1.8063
    2154       1.7283
    2155       1.6974
    2156       1.7820
    2157       1.7163
    2158       1.7898
    2159       1.8247
    2160       1.7676
    2161       1.7679
    2162       1.8492
    2163       1.8078
    2164       1.8860
    2165       1.8254
    2166       1.7499
    2167       1.7589
    2168       1.7569
    2169       1.8633
    2170       1.7920
    2171       1.7834
    2172       1.8698
    2173       1.8660
    2174       1.8401
    2175       1.8275
    2176       1.7770
    2177       1.8887
    2178       1.9239
    2179       1.8991
    2180       1.9515
    2181       2.0128
    2182       2.0104
    2183       1.9670
    2184       1.9914
    2185       2.0441
    2186       1.9505
    2187       1.8974
    2188       1.9100
    2189       1.8799
    2190       1.7569
    2191       1.8865
    2192       1.8799
    2193       1.8689
    2194       1.8499
    2195       1.8546
    2196       1.8474
    2197       1.7223
    2198       1.6804
    2199       1.7389
    2200       1.7372
    2201       1.7676
    2202       1.7598
    2203       1.7228
    2204       1.7352
    2205       1.7315
    2206       1.7651
    2207       1.7567
    2208       1.7695
    2209       1.7572
    2210       1.7217
    2211       1.8024
    2212       1.8943
    2213       1.8534
    2214       1.8582
    2215       1.7710
    2216       1.7513
    2217       1.6465
    2218       1.6736
    2219       1.6637
    2220       1.6889
    2221       1.6938
    2222       1.7007
    2223       1.6617
    2224       1.6137
    2225       1.7053
    2226       1.7613
    2227       1.7508
    2228       1.7542
    2229       1.7806
    2230       1.7401
    2231       1.7087
    2232       1.7055
    2233       1.7234
    2234       1.7910
    2235       1.6934
    2236       1.7111
    2237       1.6764
    2238       1.6278
    2239       1.5403
    2240       1.6191
    2241       1.6478
    2242       1.6384
    2243       1.6392
    2244       1.7929
    2245       1.8077
    2246       1.7997
    2247       1.6309
    2248       1.6847
    2249       1.6995
    2250       1.6541
    2251       1.6132
    2252       1.6414
    2253       1.6735
    2254       1.7030
    2255       1.6726
    2256       1.6644
    2257       1.6847
    2258       1.7122
    2259       1.8044
    2260       1.7122
    2261       1.7284
    2262       1.7528
    2263       1.7358
    2264       1.7648
    2265       1.7616
    2266       1.7161
    2267       1.6798
    2268       1.6859
    2269       1.7454
    2270       1.7703
    2271       1.8304
    2272       1.8445
    2273       1.8012
    2274       1.7867
    2275       1.7414
    2276       1.8157
    2277       1.8078
    2278       1.8089
    2279       1.7951
    2280       1.8785
    2281       1.9170
    2282       1.8732
    2283       1.8039
    2284       1.8682
    2285       1.6984
    2286       1.7494
    2287       1.8418
    2288       1.7831
    2289       1.8175
    2290       1.7365
    2291       1.7552
    2292       1.7291
    2293       1.8006
    2294       1.8068
    2295       1.8316
    2296       1.8663
    2297       1.7763
    2298       1.7777
    2299       1.7376
    2300       1.7254
    2301       1.7053
    2302       1.8125
    2303       1.8384
    2304       1.8859
    2305       1.8813
    2306       1.8423
    2307       1.8508
    2308       1.7579
    2309       1.8594
    2310       1.8197
    2311       1.7603
    2312       1.7613
    2313       1.7216
    2314       1.7346
    2315       1.5781
    2316       1.6129
    2317       1.7089
    2318       1.6962
    2319       1.7092
    2320       1.6620
    2321       1.7285
    2322       1.7324
    2323       1.6519
    2324       1.6081
    2325       1.6158
    2326       1.6392
    2327       1.6155
    2328       1.5782
    2329       1.6155
    2330       1.6363
    2331       1.7331
    2332       1.7253
    2333       1.7489
    2334       1.6076
    2335       1.6338
    2336       1.5753
    2337       1.5721
    2338       1.6170
    2339       1.5740
    2340       1.5992
    2341       1.6444
    2342       1.5654
    2343       1.5818
    2344       1.5791
    2345       1.5773
    2346       1.5593
    2347       1.5269
    2348       1.5433
    2349       1.6033
    2350       1.6143
    2351       1.6290
    2352       1.7005
    2353       1.6505
    2354       1.6671
    2355       1.6449
    2356       1.6090
    2357       1.5448
    2358       1.6306
    2359       1.5855
    2360       1.5175
    2361       1.4275
    2362       1.4278
    2363       1.4733
    2364       1.4326
    2365       1.4044
    2366       1.4314
    2367       1.3934
    2368       1.4332
    2369       1.4173
    2370       1.4624
    2371       1.5041
    2372       1.4947
    2373       1.5248
    2374       1.5734
    2375       1.6139
    2376       1.6269
    2377       1.5792
    2378       1.6041
    2379       1.6880
    2380       1.6881
    2381       1.7461
    2382       1.7448
    2383       1.7191
    2384       1.7231
    2385       1.8081
    2386       1.7535
    2387       1.6805
    2388       1.6044
    2389       1.6354
    2390       1.6691
    2391       1.7467
    2392       1.7322
    2393       1.8067
    2394       1.8281
    2395       1.8582
    2396       1.8370
    2397       1.8394
    2398       1.8308
    2399       1.8651
    2400       1.9416
    2401       1.8539
    2402       1.9350
    2403       1.9112
    2404       1.7783
    2405       1.7762
    2406       1.8241
    2407       1.8374
    2408       1.7533
    2409       1.7448
    2410       1.7772
    2411       1.7927
    2412       1.7588
    2413       1.7185
    2414       1.7151
    2415       1.6592
    2416       1.6744
    2417       1.6748
    2418       1.6000
    2419       1.6154
    2420       1.6423
    2421       1.6511
    2422       1.6777
    2423       1.6616
    2424       1.5766
    2425       1.6028
    2426       1.6774
    2427       1.6024
    2428       1.5387
    2429       1.5979
    2430       1.5847
    2431       1.6955
    2432       1.6500
    2433       1.6868
    2434       1.5479
    2435       1.5630
    2436       1.6569
    2437       1.6093
    2438       1.7144
    2439       1.6966
    2440       1.6780
    2441       1.6792
    2442       1.5959
    2443       1.6513
    2444       1.7326
    2445       1.7182
    2446       1.6620
    2447       1.6631
    2448       1.6788
    2449       1.6114
    2450       1.7014
    2451       1.6707
    2452       1.6194
    2453       1.5312
    2454       1.5671
    2455       1.6340
    2456       1.6777
    2457       1.6677
    2458       1.6379
    2459       1.5451
    2460       1.5920
    2461       1.5553
    2462       1.6230
    2463       1.7090
    2464       1.6418
    2465       1.5903
    2466       1.6098
    2467       1.6247
    2468       1.6384
    2469       1.6787
    2470       1.7257
    2471       1.5665
    2472       1.5993
    2473       1.5812
    2474       1.5982
    2475       1.6112
    2476       1.5701
    2477       1.5340
    2478       1.5378
    2479       1.4953
    2480       1.5697
    2481       1.5271
    2482       1.5322
    2483       1.5359
    2484       1.5255
    2485       1.5742
    2486       1.5647
    2487       1.6216
    2488       1.6396
    2489       1.6947
    2490       1.6949
    2491       1.6724
    2492       1.7177
    2493       1.7067
    2494       1.6978
    2495       1.6891
    2496       1.7859
    2497       1.7688
    2498       1.6942
    2499       1.6695
    2500       1.6607
    2501       1.7251
    2502       1.6866
    2503       1.6408
    2504       1.6489
    2505       1.5838
    2506       1.6439
    2507       1.6297
    2508       1.6196
    2509       1.6172
    2510       1.5694
    2511       1.5221
    2512       1.5443
    2513       1.5705
    2514       1.5200
    2515       1.5440
    2516       1.6202
    2517       1.5916
    2518       1.6674
    2519       1.5765
    2520       1.6084
    2521       1.5666
    2522       1.5682
    2523       1.5347
    2524       1.4506
    2525       1.4949
    2526       1.5037
    2527       1.6029
    2528       1.5269
    2529       1.5635
    2530       1.6067
    2531       1.6552
    2532       1.7020
    2533       1.7103
    2534       1.7272
    2535       1.7190
    2536       1.6031
    2537       1.6449
    2538       1.6496
    2539       1.6922
    2540       1.6687
    2541       1.6417
    2542       1.6336
    2543       1.5935
    2544       1.5909
    2545       1.4698
    2546       1.5394
    2547       1.5953
    2548       1.6234
    2549       1.6693
    2550       1.6752
    2551       1.6061
    2552       1.7373
    2553       1.7664
    2554       1.6223
    2555       1.6304
    2556       1.6742
    2557       1.6570
    2558       1.6952
    2559       1.6591
    2560       1.6488
    2561       1.6516
    2562       1.5825
    2563       1.5924
    2564       1.6086
    2565       1.5720
    2566       1.6866
    2567       1.6720
    2568       1.6115
    2569       1.6018
    2570       1.5464
    2571       1.5322
    2572       1.5359
    2573       1.5744
    2574       1.5994
    2575       1.5235
    2576       1.5868
    2577       1.5793
    2578       1.5542
    2579       1.5068
    2580       1.5478
    2581       1.5640
    2582       1.5705
    2583       1.5356
    2584       1.5385
    2585       1.4822
    2586       1.5284
    2587       1.5665
    2588       1.4566
    2589       1.4327
    2590       1.4125
    2591       1.3557
    2592       1.4494
    2593       1.4229
    2594       1.5286
    2595       1.5518
    2596       1.5168
    2597       1.4995
    2598       1.4727
    2599       1.4986
    2600       1.4795
    2601       1.5512
    2602       1.5881
    2603       1.5288
    2604       1.5164
    2605       1.4963
    2606       1.5311
    2607       1.4971
    2608       1.5488
    2609       1.5867
    2610       1.5741
    2611       1.5490
    2612       1.5733
    2613       1.6499
    2614       1.7311
    2615       1.7528
    2616       1.7038
    2617       1.5677
    2618       1.5566
    2619       1.4638
    2620       1.4403
    2621       1.4993
    2622       1.4918
    2623       1.4770
    2624       1.5254
    2625       1.4587
    2626       1.4304
    2627       1.4825
    2628       1.5294
    2629       1.5509
    2630       1.5125
    2631       1.5405
    2632       1.5394
    2633       1.5828
    2634       1.6314
    2635       1.6517
    2636       1.6879
    2637       1.6242
    2638       1.6925
    2639       1.7050
    2640       1.7899
    2641       1.6897
    2642       1.5540
    2643       1.5273
    2644       1.5469
    2645       1.4517
    2646       1.5533
    2647       1.6016
    2648       1.5872
    2649       1.4925
    2650       1.4689
    2651       1.4912
    2652       1.4634
    2653       1.5792
    2654       1.6878
    2655       1.6797
    2656       1.5441
    2657       1.5071
    2658       1.5570
    2659       1.4415
    2660       1.3592
    2661       1.4098
    2662       1.3456
    2663       1.4605
    2664       1.5271
    2665       1.5313
    2666       1.4015
    2667       1.4514
    2668       1.4150
    2669       1.4157
    2670       1.4289
    2671       1.4312
    2672       1.4341
    2673       1.3995
    2674       1.4720
    2675       1.5352
    2676       1.5771
    2677       1.5477
    2678       1.5524
    2679       1.5041
    2680       1.4907
    2681       1.5457
    2682       1.5055
    2683       1.4850
    2684       1.5701
    2685       1.5046
    2686       1.4580
    2687       1.5560
    2688       1.5526
    2689       1.5001
    2690       1.6644
    2691       1.7054
    2692       1.7376
    2693       1.8217
    2694       1.8500
    2695       1.8295
    2696       1.7852
    2697       1.7146
    2698       1.7321
    2699       1.7662
    2700       1.7716
    2701       1.6511
    2702       1.7533
    2703       1.7398
    2704       1.7921
    2705       1.8112
    2706       1.7698
    2707       1.7113
    2708       1.7527
    2709       1.7468
    2710       1.7816
    2711       1.7299
    2712       1.6576
    2713       1.6839
    2714       1.7196
    2715       1.6509
    2716       1.7098
    2717       1.7311
    2718       1.6809
    2719       1.6714
    2720       1.6525
    2721       1.6528
    2722       1.6042
    2723       1.5938
    2724       1.6485
    2725       1.6679
    2726       1.5866
    2727       1.5805
    2728       1.5906
    2729       1.6082
    2730       1.5132
    2731       1.4924
    2732       1.5329
    2733       1.6100
    2734       1.6026
    2735       1.5895
    2736       1.6466
    2737       1.5841
    2738       1.6125
    2739       1.5772
    2740       1.6741
    2741       1.6025
    2742       1.6565
    2743       1.6225
    2744       1.6530
    2745       1.7106
    2746       1.7338
    2747       1.6392
    2748       1.7436
    2749       1.6614
    2750       1.6657
    2751       1.7247
    2752       1.8112
    2753       1.7639
    2754       1.6985
    2755       1.6943
    2756       1.6578
    2757       1.7885
    2758       1.6808
    2759       1.7246
    2760       1.6795
    2761       1.7030
    2762       1.7024
    2763       1.6865
    2764       1.6492
    2765       1.6322
    2766       1.6141
    2767       1.5577
    2768       1.6030
    2769       1.6320
    2770       1.6258
    2771       1.6109
    2772       1.5715
    2773       1.5323
    2774       1.5192
    2775       1.5927
    2776       1.6016
    2777       1.6496
    2778       1.7617
    2779       1.7278
    2780       1.7073
    2781       1.7974
    2782       1.8211
    2783       1.8323
    2784       1.8980
    2785       1.7834
    2786       1.6565
    2787       1.6800
    2788       1.6441
    2789       1.6307
    2790       1.6603
    2791       1.6230
    2792       1.6357
    2793       1.7396
    2794       1.7384
    2795       1.8502
    2796       1.7198
    2797       1.7778
    2798       1.7846
    2799       1.7356
    2800       1.7156
    2801       1.6430
    2802       1.5692
    2803       1.5187
    2804       1.5083
    2805       1.5222
    2806       1.5454
    2807       1.4743
    2808       1.5073
    2809       1.6013
    2810       1.5912
    2811       1.6006
    2812       1.5598
    2813       1.5636
    2814       1.5948
    2815       1.5280
    2816       1.5737
    2817       1.4632
    2818       1.5106
    2819       1.4963
    2820       1.4653
    2821       1.5195
    2822       1.5955
    2823       1.5285
    2824       1.5443
    2825       1.5138
    2826       1.5057
    2827       1.5286
    2828       1.4302
    2829       1.5223
    2830       1.4883
    2831       1.5537
    2832       1.5462
    2833       1.5606
    2834       1.5404
    2835       1.6306
    2836       1.6303
    2837       1.6251
    2838       1.6722
    2839       1.6377
    2840       1.6870
    2841       1.6698
    2842       1.7157
    2843       1.7097
    2844       1.6913
    2845       1.6318
    2846       1.6800
    2847       1.6829
    2848       1.6841
    2849       1.6319
    2850       1.6333
    2851       1.6703
    2852       1.6433
    2853       1.6280
    2854       1.5795
    2855       1.7079
    2856       1.7370
    2857       1.7282
    2858       1.7658
    2859       1.7914
    2860       1.7518
    2861       1.8057
    2862       1.8216
    2863       1.7848
    2864       1.8241
    2865       1.8589
    2866       1.8624
    2867       1.9147
    2868       1.8503
    2869       1.9234
    2870       1.9459
    2871       1.9999
    2872       1.9372
    2873       1.9376
    2874       1.9284
    2875       1.9093
    2876       1.9634
    2877       1.9805
    2878       1.9893
    2879       1.9397
    2880       1.9590
    2881       1.9777
    2882       1.9948
    2883       1.9301
    2884       1.9076
    2885       1.8081
    2886       1.8131
    2887       1.7346
    2888       1.7563
    2889       1.7981
    2890       1.7226
    2891       1.5895
    2892       1.6306
    2893       1.6220
    2894       1.7786
    2895       1.6626
    2896       1.6984
    2897       1.6272
    2898       1.5966
    2899       1.5893
    2900       1.5662
    2901       1.6138
    2902       1.5748
    2903       1.6398
    2904       1.7607
    2905       1.7429
    2906       1.7934
    2907       1.7835
    2908       1.7720
    2909       1.6806
    2910       1.7510
    2911       1.8393
    2912       1.8573
    2913       1.9047
    2914       1.8696
    2915       1.7468
    2916       1.7460
    2917       1.6921
    2918       1.7147
    2919       1.5469
    2920       1.5772
    2921       1.6108
    2922       1.6402
    2923       1.6234
    2924       1.5627
    2925       1.4972
    2926       1.5010
    2927       1.5141
    2928       1.5059
    2929       1.5380
    2930       1.4786
    2931       1.4918
    2932       1.5447
    2933       1.5433
    2934       1.4424
    2935       1.6751
    2936       1.6008
    2937       1.5779
    2938       1.5457
    2939       1.7037
    2940       1.6730
    2941       1.6760
    2942       1.7552
    2943       1.8025
    2944       1.8719
    2945       1.9444
    2946       1.7924
    2947       1.7333
    2948       1.7775
    2949       1.8169
    2950       1.8483
    2951       1.8000
    2952       1.8376
    2953       1.8551
    2954       1.8767
    2955       1.7624
    2956       1.8325
    2957       1.7767
    2958       1.7448
    2959       1.7812
    2960       1.7304
    2961       1.6139
    2962       1.6461
    2963       1.6081
    2964       1.6309
    2965       1.6543
    2966       1.6132
    2967       1.6296
    2968       1.6176
    2969       1.6197
    2970       1.6693
    2971       1.6576
    2972       1.6109
    2973       1.5771
    2974       1.5627
    2975       1.5877
    2976       1.6261
    2977       1.6929
    2978       1.6559
    2979       1.6342
    2980       1.5699
    2981       1.6062
    2982       1.5791
    2983       1.6381
    2984       1.6412
    2985       1.6275
    2986       1.5689
    2987       1.6073
    2988       1.6637
    2989       1.6231
    2990       1.5883
    2991       1.6471
    2992       1.7232
    2993       1.6790
    2994       1.7337
    2995       1.7384
    2996       1.7022
    2997       1.6430
    2998       1.7570
    2999       1.6749
    3000       1.6554
    3001       1.6815
    3002       1.6453
    3003       1.6164
    3004       1.6010
    3005       1.6436
    3006       1.6989
    3007       1.7369
    3008       1.7258
    3009       1.7475
    3010       1.7992
    3011       1.7552
    3012       1.6839
    3013       1.6949
    3014       1.6072
    3015       1.5734
    3016       1.5244
    3017       1.5661
    3018       1.6404
    3019       1.6401
    3020       1.6771
    3021       1.7022
    3022       1.6665
    3023       1.7190
    3024       1.6586
    3025       1.6078
    3026       1.6500
    3027       1.6893
    3028       1.6402
    3029       1.6236
    3030       1.6881
    3031       1.6543
    3032       1.6452
    3033       1.6838
    3034       1.6599
    3035       1.7501
    3036       1.8118
    3037       1.7429
    3038       1.8395
    3039       1.8421
    3040       1.7952
    3041       1.8105
    3042       1.8465
    3043       1.8523
    3044       1.8581
    3045       1.7573
    3046       1.8334
    3047       1.8798
    3048       1.8265
    3049       1.8100
    3050       1.8630
    3051       1.7879
    3052       1.8192
    3053       1.7889
    3054       1.8080
    3055       1.8273
    3056       1.7856
    3057       1.8517
    3058       1.6948
    3059       1.6860
    3060       1.6588
    3061       1.7200
    3062       1.7573
    3063       1.6931
    3064       1.7427
    3065       1.8015
    3066       1.7777
    3067       1.8153
    3068       1.7875
    3069       1.7591
    3070       1.6649
    3071       1.6450
    3072       1.6557
    3073       1.7254
    3074       1.6870
    3075       1.6601
    3076       1.7761
    3077       1.6950
    3078       1.6283
    3079       1.6327
    3080       1.6500
    3081       1.5492
    3082       1.5710
    3083       1.5811
    3084       1.5646
    3085       1.6075
    3086       1.6428
    3087       1.6275
    3088       1.6450
    3089       1.6009
    3090       1.6334
    3091       1.5495
    3092       1.5249
    3093       1.5980
    3094       1.6128
    3095       1.5746
    3096       1.5478
    3097       1.5847
    3098       1.5467
    3099       1.4840
    3100       1.4833
    3101       1.4964
    3102       1.4753
    3103       1.6086
    3104       1.5899
    3105       1.6236
    3106       1.6671
    3107       1.6671
    3108       1.6443
    3109       1.6163
    3110       1.6537
    3111       1.6025
    3112       1.6820
    3113       1.6312
    3114       1.6726
    3115       1.7211
    3116       1.7955
    3117       1.7070
    3118       1.8232
    3119       1.8556
    3120       1.7270
    3121       1.6717
    3122       1.6662
    3123       1.6604
    3124       1.6683
    3125       1.5404
    3126       1.5735
    3127       1.5585
    3128       1.6479
    3129       1.5957
    3130       1.6072
    3131       1.6668
    3132       1.7088
    3133       1.6615
    3134       1.5379
    3135       1.5416
    3136       1.6039
    3137       1.7150
    3138       1.8133
    3139       1.8148
    3140       1.8450
    3141       1.8659
    3142       1.8283
    3143       1.9236
    3144       1.8579
    3145       1.8593
    3146       1.8379
    3147       1.8669
    3148       1.8741
    3149       1.8421
    3150       1.8535
    3151       1.8355
    3152       1.9413
    3153       1.8563
    3154       1.7836
    3155       1.6988
    3156       1.7702
    3157       1.6944
    3158       1.6569
    3159       1.6321
    3160       1.6106
    3161       1.6466
    3162       1.6222
    3163       1.5857
    3164       1.6084
    3165       1.5505
    3166       1.5943
    3167       1.6116
    3168       1.6557
    3169       1.6372
    3170       1.6850
    3171       1.6545
    3172       1.6478
    3173       1.6266
    3174       1.6552
    3175       1.7194
    3176       1.6660
    3177       1.6877
    3178       1.7701
    3179       1.7451
    3180       1.7771
    3181       1.7528
    3182       1.7493
    3183       1.7154
    3184       1.7711
    3185       1.7087
    3186       1.6915
    3187       1.6870
    3188       1.7342
    3189       1.6885
    3190       1.6284
    3191       1.6790
    3192       1.7412
    3193       1.6960
    3194       1.5999
    3195       1.6201
    3196       1.6124
    3197       1.6220
    3198       1.7766
    3199       1.8093
    3200       1.7882
    3201       1.7944
    3202       1.7522
    3203       1.7386
    3204       1.7058
    3205       1.7084
    3206       1.6525
    3207       1.6213
    3208       1.6158
    3209       1.6380
    3210       1.6447
    3211       1.5766
    3212       1.5093
    3213       1.6732
    3214       1.6996
    3215       1.6237
    3216       1.6623
    3217       1.6471
    3218       1.6543
    3219       1.7204
    3220       1.7614
    3221       1.7743
    3222       1.7770
    3223       1.7401
    3224       1.6952
    3225       1.7176
    3226       1.6400
    3227       1.6505
    3228       1.7943
    3229       1.7855
    3230       1.7190
    3231       1.6835
    3232       1.6343
    3233       1.6491
    3234       1.6973
    3235       1.7289
    3236       1.8046
    3237       1.7194
    3238       1.7242
    3239       1.7055
    3240       1.6954
    3241       1.7349
    3242       1.6783
    3243       1.7303
    3244       1.8171
    3245       1.7254
    3246       1.6938
    3247       1.7737
    3248       1.6830
    3249       1.6849
    3250       1.6638
    3251       1.7145
    3252       1.7074
    3253       1.6895
    3254       1.7091
    3255       1.7648
    3256       1.7997
    3257       1.7091
    3258       1.7592
    3259       1.7427
    3260       1.8253
    3261       1.7933
    3262       1.7535
    3263       1.7241
    3264       1.7591
    3265       1.7403
    3266       1.7823
    3267       1.7418
    3268       1.8092
    3269       1.7143
    3270       1.7868
    3271       1.7297
    3272       1.8237
    3273       1.7943
    3274       1.8276
    3275       1.7374
    3276       1.7208
    3277       1.7243
    3278       1.6533
    3279       1.5527
    3280       1.5366
    3281       1.6061
    3282       1.5878
    3283       1.6600
    3284       1.7035
    3285       1.6773
    3286       1.6661
    3287       1.7008
    3288       1.6825
    3289       1.6963
    3290       1.6774
    3291       1.7254
    3292       1.7611
    3293       1.7593
    3294       1.7748
    3295       1.7068
    3296       1.8209
    3297       1.8079
    3298       1.8078
    3299       1.7374
    3300       1.7689
    3301       1.6897
    3302       1.6904
    3303       1.6839
    3304       1.7610
    3305       1.6786
    3306       1.6977
    3307       1.7392
    3308       1.6782
    3309       1.6891
    3310       1.7394
    3311       1.8411
    3312       1.8320
    3313       1.7965
    3314       1.8118
    3315       1.8122
    3316       1.7538
    3317       1.6786
    3318       1.6530
    3319       1.6996
    3320       1.6354
    3321       1.6472
    3322       1.6389
    3323       1.6127
    3324       1.6807
    3325       1.6750
    3326       1.6923
    3327       1.6222
    3328       1.6627
    3329       1.6121
    3330       1.5971
    3331       1.5779
    3332       1.5772
    3333       1.6779
    3334       1.6106
    3335       1.6151
    3336       1.5845
    3337       1.5315
    3338       1.6077
    3339       1.5272
    3340       1.5652
    3341       1.6324
    3342       1.6136
    3343       1.5929
    3344       1.6989
    3345       1.7348
    3346       1.6107
    3347       1.6215
    3348       1.7207
    3349       1.6994
    3350       1.6332
    3351       1.6430
    3352       1.7137
    3353       1.6943
    3354       1.6919
    3355       1.7292
    3356       1.6469
    3357       1.6906
    3358       1.6304
    3359       1.6488
    3360       1.5790
    3361       1.6153
    3362       1.6242
    3363       1.5573
    3364       1.5971
    3365       1.6435
    3366       1.6078
    3367       1.6405
    3368       1.5498
    3369       1.6530
    3370       1.6172
    3371       1.5845
    3372       1.6075
    3373       1.6299
    3374       1.6957
    3375       1.6799
    3376       1.6389
    3377       1.6023
    3378       1.6407
    3379       1.6916
    3380       1.6544
    3381       1.6435
    3382       1.5791
    3383       1.5900
    3384       1.6177
    3385       1.5541
    3386       1.6142
    3387       1.5999
    3388       1.5593
    3389       1.6307
    3390       1.5718
    3391       1.5873
    3392       1.6515
    3393       1.6160
    3394       1.6142
    3395       1.6619
    3396       1.6284
    3397       1.6438
    3398       1.6783
    3399       1.6845
    3400       1.6233
    3401       1.6514
    3402       1.6938
    3403       1.7030
    3404       1.7093
    3405       1.7782
    3406       1.7642
    3407       1.7216
    3408       1.7819
    3409       1.7816
    3410       1.9119
    3411       1.7887
    3412       1.7924
    3413       1.7695
    3414       1.6447
    3415       1.6498
    3416       1.7345
    3417       1.6821
    3418       1.7634
    3419       1.7697
    3420       1.7521
    3421       1.7951
    3422       1.7575
    3423       1.8165
    3424       1.8341
    3425       1.8153
    3426       1.7682
    3427       1.7475
    3428       1.8058
    3429       1.7460
    3430       1.7290
    3431       1.7380
    3432       1.7900
    3433       1.8590
    3434       1.7869
    3435       1.8157
    3436       1.7439
    3437       1.7366
    3438       1.8211
    3439       1.7012
    3440       1.7282
    3441       1.7685
    3442       1.8422
    3443       1.8257
    3444       1.7716
    3445       1.6832
    3446       1.7377
    3447       1.6680
    3448       1.6980
    3449       1.7695
    3450       1.6949
    3451       1.6831
    3452       1.7092
    3453       1.7652
    3454       1.7532
    3455       1.7159
    3456       1.6743
    3457       1.6567
    3458       1.7583
    3459       1.7931
    3460       1.7947
    3461       1.7694
    3462       1.7639
    3463       1.7741
    3464       1.7465
    3465       1.8270
    3466       1.8274
    3467       1.8391
    3468       1.7993
    3469       1.7726
    3470       1.7689
    3471       1.8232
    3472       1.7479
    3473       1.8407
    3474       1.7770
    3475       1.7828
    3476       1.7483
    3477       1.8079
    3478       1.7614
    3479       1.7488
    3480       1.7407
    3481       1.7365
    3482       1.7057
    3483       1.6601
    3484       1.6897
    3485       1.7552
    3486       1.8429
    3487       1.8674
    3488       1.8525
    3489       1.8338
    3490       1.8458
    3491       1.8076
    3492       1.7473
    3493       1.6824
    3494       1.6510
    3495       1.6865
    3496       1.6765
    3497       1.7486
    3498       1.7214
    3499       1.8043
    3500       1.8025
    3501       1.7463
    3502       1.7445
    3503       1.7431
    3504       1.6871
    3505       1.6910
    3506       1.7058
    3507       1.7050
    3508       1.7066
    3509       1.7421
    3510       1.7652
    3511       1.7080
    3512       1.7087
    3513       1.7218
    3514       1.7260
    3515       1.7037
    3516       1.7375
    3517       1.7011
    3518       1.8432
    3519       1.8898
    3520       1.9313
    3521       1.8499
    3522       1.7665
    3523       1.9043
    3524       1.8662
    3525       1.8480
    3526       1.8616
    3527       1.8650
    3528       1.8725
    3529       1.8863
    3530       1.8450
    3531       1.9522
    3532       1.9385
    3533       2.0136
    3534       1.9911
    3535       1.9650
    3536       2.0238
    3537       2.0461
    3538       1.9806
    3539       1.9356
    3540       2.0168
    3541       2.1156
    3542       2.0846
    3543       2.0885
    3544       2.0759
    3545       1.9977
    3546       2.0340
    3547       2.0400
    3548       1.9372
    3549       1.9608
    3550       2.0910
    3551       1.9937
    3552       1.9947
    3553       2.0098
    3554       2.0125
    3555       2.0412
    3556       2.0253
    3557       1.9938
    3558       2.0440
    3559       2.1374
    3560       1.9588
    3561       1.9318
    3562       1.8225
    3563       1.8160
    3564       1.7514
    3565       1.7984
    3566       1.8166
    3567       1.8591
    3568       1.8899
    3569       2.0192
    3570       1.9757
    3571       1.9073
    3572       1.9346
    3573       1.9253
    3574       1.8989
    3575       1.9250
    3576       1.9020
    3577       1.9160
    3578       1.8860
    3579       1.8831
    3580       1.9029
    3581       1.8600
    3582       1.8536
    3583       1.9718
    3584       1.9424
    3585       1.9801
    3586       1.9445
    3587       1.8651
    3588       1.9177
    3589       1.9533
    3590       1.9609
    3591       1.8605
    3592       1.8710
    3593       1.9398
    3594       1.9246
    3595       1.9942
    3596       1.9515
    3597       1.8959
    3598       1.9039
    3599       1.8765
    3600       1.9390
    3601       2.0219
    3602       1.8721
    3603       1.8589
    3604       1.7862
    3605       1.8308
    3606       1.9134
    3607       1.8794
    3608       1.7694
    3609       1.7981
    3610       1.7317
    3611       1.8542
    3612       1.7206
    3613       1.7858
    3614       1.8664
    3615       1.8392
    3616       1.8250
    3617       1.8995
    3618       1.9508
    3619       1.9874
    3620       2.0036
    3621       2.0393
    3622       1.9685
    3623       1.9270
    3624       1.9070
    3625       1.8529
    3626       1.8642
    3627       1.8675
    3628       1.8632
    3629       1.8225
    3630       1.7800
    3631       1.7722
    3632       1.7459
    3633       1.8251
    3634       1.8200
    3635       1.8645
    3636       1.8236
    3637       1.7347
    3638       1.7482
    3639       1.7067
    3640       1.6772
    3641       1.7319
    3642       1.7437
    3643       1.7382
    3644       1.7177
    3645       1.7137
    3646       1.6968
    3647       1.7519
    3648       1.7433
    3649       1.7902
    3650       1.8666
    3651       1.8215
    3652       1.8448
    3653       1.7940
    3654       1.8775
    3655       1.8656
    3656       1.8722
    3657       1.8104
    3658       1.8142
    3659       1.7635
    3660       1.7260
    3661       1.6755
    3662       1.6609
    3663       1.7209
    3664       1.6662
    3665       1.6143
    3666       1.6905
    3667       1.7582
    3668       1.8183
    3669       1.8183
    3670       1.7664
    3671       1.7639
    3672       1.7075
    3673       1.7571
    3674       1.7697
    3675       1.7542
    3676       1.7255
    3677       1.7782
    3678       1.7486
    3679       1.9317
    3680       1.8736
    3681       1.8690
    3682       1.9146
    3683       1.9273
    3684       2.0005
    3685       1.9708
    3686       1.9230
    3687       1.8745
    3688       1.8164
    3689       1.8311
    3690       1.8860
    3691       1.9790
    3692       1.9468
    3693       1.9353
    3694       2.0520
    3695       1.9325
    3696       1.8218
    3697       1.7643
    3698       1.8305
    3699       1.9264
    3700       1.9359
    3701       1.8522
    3702       1.8390
    3703       1.7279
    3704       1.7612
    3705       1.7707
    3706       1.8193
    3707       1.8334
    3708       1.9003
    3709       1.9076
    3710       1.9000
    3711       1.8877
    3712       1.9046
    3713       1.7311
    3714       1.8142
    3715       1.7677
    3716       1.7648
    3717       1.8674
    3718       1.8861
    3719       1.9181
    3720       1.8973
    3721       1.9269
    3722       1.8816
    3723       1.7846
    3724       1.9019
    3725       1.9097
    3726       1.8621
    3727       1.9226
    3728       1.9452
    3729       1.8415
    3730       1.8102
    3731       1.6977
    3732       1.6751
    3733       1.7307
    3734       1.7133
    3735       1.7005
    3736       1.7741
    3737       1.7872
    3738       1.7421
    3739       1.8093
    3740       1.8049
    3741       1.7838
    3742       1.6882
    3743       1.6632
    3744       1.6855
    3745       1.6870
    3746       1.7421
    3747       1.6810
    3748       1.6686
    3749       1.6248
    3750       1.6437
    3751       1.6347
    3752       1.6144
    3753       1.6913
    3754       1.7192
    3755       1.7705
    3756       1.7169
    3757       1.7334
    3758       1.6276
    3759       1.6237
    3760       1.5485
    3761       1.5194
    3762       1.5829
    3763       1.5939
    3764       1.6649
    3765       1.6754
    3766       1.7439
    3767       1.6971
    3768       1.6525
    3769       1.6105
    3770       1.5985
    3771       1.6011
    3772       1.6004
    3773       1.6558
    3774       1.6658
    3775       1.6384
    3776       1.5898
    3777       1.6180
    3778       1.6017
    3779       1.5259
    3780       1.6581
    3781       1.6705
    3782       1.6679
    3783       1.7416
    3784       1.6897
    3785       1.7027
    3786       1.7600
    3787       1.7889
    3788       1.8327
    3789       1.8480
    3790       1.8020
    3791       1.6751
    3792       1.7086
    3793       1.7769
    3794       1.7002
    3795       1.7521
    3796       1.6829
    3797       1.7898
    3798       1.7797
    3799       1.8046
    3800       1.8121
    3801       1.7616
    3802       1.8319
    3803       1.8036
    3804       1.8038
    3805       1.7500
    3806       1.6625
    3807       1.6257
    3808       1.5844
    3809       1.6011
    3810       1.5960
    3811       1.5708
    3812       1.6803
    3813       1.6368
    3814       1.5844
    3815       1.6070
    3816       1.6843
    3817       1.7024
    3818       1.7132
    3819       1.6916
    3820       1.6115
    3821       1.6183
    3822       1.7062
    3823       1.7241
    3824       1.6529
    3825       1.7308
    3826       1.7805
    3827       1.8063
    3828       1.7868
    3829       1.6940
    3830       1.7384
    3831       1.7527
    3832       1.9142
    3833       1.9052
    3834       1.9289
    3835       2.0227
    3836       2.0177
    3837       1.9457
    3838       1.9488
    3839       1.8549
    3840       1.9312
    3841       1.9326
    3842       1.8641
    3843       1.8436
    3844       1.8421
    3845       1.7695
    3846       1.7580
    3847       1.6992
    3848       1.6644
    3849       1.8016
    3850       1.7295
    3851       1.6354
    3852       1.6656
    3853       1.6632
    3854       1.6569
    3855       1.7171
    3856       1.6570
    3857       1.7313
    3858       1.7048
    3859       1.6303
    3860       1.6177
    3861       1.6251
    3862       1.6922
    3863       1.6958
    3864       1.7727
    3865       1.7759
    3866       1.7280
    3867       1.7221
    3868       1.7228
    3869       1.7454
    3870       1.8446
    3871       1.8748
    3872       1.8804
    3873       1.8745
    3874       1.8327
    3875       1.8643
    3876       1.8133
    3877       1.8423
    3878       1.6687
    3879       1.7322
    3880       1.7544
    3881       1.7515
    3882       1.7548
    3883       1.7438
    3884       1.7120
    3885       1.6952
    3886       1.6808
    3887       1.6912
    3888       1.7191
    3889       1.7043
    3890       1.7589
    3891       1.8343
    3892       1.8426
    3893       1.8064
    3894       1.8555
    3895       1.8651
    3896       1.9374
    3897       1.9031
    3898       1.8616
    3899       1.7919
    3900       1.8468
    3901       1.7688
    3902       1.7459
    3903       1.7953
    3904       1.7411
    3905       1.8044
    3906       1.7703
    3907       1.8503
    3908       1.8138
    3909       1.7504
    3910       1.8501
    3911       1.7929
    3912       1.8710
    3913       1.8928
    3914       1.8820
    3915       1.9631
    3916       1.8491
    3917       1.8001
    3918       1.8241
    3919       1.7799
    3920       1.7636
    3921       1.6825
    3922       1.6832
    3923       1.6950
    3924       1.7562
    3925       1.7793
    3926       1.7651
    3927       1.6667
    3928       1.6675
    3929       1.6086
    3930       1.6172
    3931       1.6542
    3932       1.6571
    3933       1.6879
    3934       1.7132
    3935       1.6940
    3936       1.7490
    3937       1.6685
    3938       1.6268
    3939       1.6905
    3940       1.7344
    3941       1.7021
    3942       1.7780
    3943       1.7767
    3944       1.7294
    3945       1.6515
    3946       1.6604
    3947       1.7015
    3948       1.7324
    3949       1.7131
    3950       1.7150
    3951       1.7290
    3952       1.6785
    3953       1.6779
    3954       1.6757
    3955       1.6729
    3956       1.6318
    3957       1.6261
    3958       1.6060
    3959       1.6025
    3960       1.6034
    3961       1.6254
    3962       1.6313
    3963       1.6116
    3964       1.6834
    3965       1.6049
    3966       1.6256
    3967       1.6130
    3968       1.6141
    3969       1.5423
    3970       1.6092
    3971       1.6591
    3972       1.5889
    3973       1.5987
    3974       1.6518
    3975       1.6489
    3976       1.6474
    3977       1.6447
    3978       1.6150
    3979       1.6917
    3980       1.6565
    3981       1.6993
    3982       1.7240
    3983       1.6952
    3984       1.6618
    3985       1.7652
    3986       1.7104
    3987       1.6916
    3988       1.7306
    3989       1.6810
    3990       1.7140
    3991       1.7000
    3992       1.8021
    3993       1.7615
    3994       1.7679
    3995       1.7169
    3996       1.7104
    3997       1.7027
    3998       1.7464
    3999       1.7421
    4000       1.7063
    4001       1.6855
    4002       1.7200
    4003       1.6485
    4004       1.7749
    4005       1.7213
    4006       1.7261
    4007       1.7644
    4008       1.7114
    4009       1.7956
    4010       1.7672
    4011       1.7053
    4012       1.6939
    4013       1.6213
    4014       1.7354
    4015       1.7018
    4016       1.6432
    4017       1.5832
    4018       1.6260
    4019       1.6344
    4020       1.7012
    4021       1.6692
    4022       1.5830
    4023       1.7157
    4024       1.6841
    4025       1.7439
    4026       1.7692
    4027       1.7460
    4028       1.7754
    4029       1.7272
    4030       1.7476
    4031       1.8226
    4032       1.8703
    4033       1.8707
    4034       1.8354
    4035       1.8834
    4036       1.8501
    4037       1.8531
    4038       1.7524
    4039       1.7952
    4040       1.8951
    4041       1.9545
    4042       1.9034
    4043       1.9130
    4044       1.8769
    4045       1.9104
    4046       1.9682
    4047       1.9753
    4048       1.9419
    4049       1.8628
    4050       1.8841
    4051       1.8998
    4052       1.9182
    4053       1.9266
    4054       1.9798
    4055       2.0303
    4056       2.0788
    4057       2.0951
    4058       2.0731
    4059       2.1399
    4060       2.1622
    4061       2.1499
    4062       2.0952
    4063       2.0847
    4064       2.1119
    4065       2.1325
    4066       2.0197
    4067       2.1025
    4068       2.0952
    4069       2.1086
    4070       2.0058
    4071       1.9130
    4072       1.9440
    4073       1.9528
    4074       1.9527
    4075       1.9278
    4076       1.9817
    4077       2.0658
    4078       2.1389
    4079       2.1242
    4080       2.0807
    4081       2.0345
    4082       2.0630
    4083       2.0688
    4084       2.1423
    4085       2.1304
    4086       2.1876
    4087       2.2252
    4088       2.2195
    4089       2.2236
    4090       2.2895
    4091       2.3008
    4092       2.2715
    4093       2.2357
    4094       2.1484
    4095       2.1778
    4096       2.1302
    4097       2.1767
    4098       2.1623
    4099       2.2023
    4100       2.1656
    4101       2.2400
    4102       2.2976
    4103       2.3134
    4104       2.4083
    4105       2.2908
    4106       2.3813
    4107       2.3451
    4108       2.3838
    4109       2.4156
    4110       2.3135
    4111       2.2554
    4112       2.2432
    4113       2.2274
    4114       2.1299
    4115       2.0666
    4116       2.0317
    4117       2.0413
    4118       2.1121
    4119       2.1135
    4120       2.1084
    4121       2.0922
    4122       2.0979
    4123       2.2164
    4124       2.1574
    4125       2.1766
    4126       2.0761
    4127       2.0999
    4128       2.0955
    4129       2.1223
    4130       2.2144
    4131       2.2208
    4132       2.2741
    4133       2.2921
    4134       2.2582
    4135       2.1350
    4136       2.2109
    4137       2.3115
    4138       2.1944
    4139       2.1787
    4140       2.1518
    4141       2.0680
    4142       2.1684
    4143       2.0407
    4144       1.9889
    4145       2.0968
    4146       2.0618
    4147       2.0595
    4148       1.9492
    4149       2.0397
    4150       2.0384
    4151       2.0602
    4152       2.0889
    4153       2.1166
    4154       2.1236
    4155       2.1712
    4156       2.0992
    4157       2.0907
    4158       2.0726
    4159       2.1558
    4160       2.1360
    4161       2.0940
    4162       2.0975
    4163       2.0738
    4164       1.9714
    4165       1.9026
    4166       1.9709
    4167       2.0091
    4168       2.0076
    4169       2.0128
    4170       1.9699
    4171       2.0009
    4172       1.9865
    4173       1.9634
    4174       2.0157
    4175       2.0910
    4176       2.1405
    4177       2.1964
    4178       2.1959
    4179       2.2029
    4180       2.1846
    4181       2.1114
    4182       2.1528
    4183       2.0858
    4184       2.2189
    4185       2.1270
    4186       2.1201
    4187       2.0626
    4188       2.0147
    4189       2.0403
    4190       2.0664
    4191       2.0265
    4192       2.0395
    4193       1.9528
    4194       1.9107
    4195       1.9108
    4196       1.8793
    4197       1.7928
    4198       1.8268
    4199       1.8370
    4200       1.9594
    4201       1.8987
    4202       1.9204
    4203       1.9264
    4204       1.8669
    4205       1.8097
    4206       1.7939
    4207       1.6896
    4208       1.6769
    4209       1.6995
    4210       1.6841
    4211       1.7356
    4212       1.8103
    4213       1.8413
    4214       1.8868
    4215       1.8681
    4216       1.8835
    4217       1.9276
    4218       1.9883
    4219       1.9337
    4220       1.8212
    4221       1.8220
    4222       1.8715
    4223       1.9288
    4224       1.8945
    4225       1.9438
    4226       1.9181
    4227       1.9071
    4228       1.9026
    4229       1.8123
    4230       1.8143
    4231       1.8559
    4232       1.8328
    4233       1.8513
    4234       1.7756
    4235       1.7332
    4236       1.7442
    4237       1.8154
    4238       1.8842
    4239       1.9072
    4240       1.7768
    4241       1.8367
    4242       1.8290
    4243       1.8100
    4244       1.8824
    4245       1.7983
    4246       1.8324
    4247       1.9109
    4248       1.9447
    4249       2.0689
    4250       2.1329
    4251       2.1506
    4252       2.0351
    4253       2.1164
    4254       2.0943
    4255       2.0886
    4256       1.9779
    4257       2.0264
    4258       1.9212
    4259       1.9306
    4260       1.9594
    4261       1.8939
    4262       1.8132
    4263       1.8386
    4264       1.7417
    4265       1.7459
    4266       1.8214
    4267       1.8108
    4268       1.7574
    4269       1.8206
    4270       1.8223
    4271       1.8286
    4272       1.8160
    4273       1.8798
    4274       1.8346
    4275       1.8575
    4276       1.7802
    4277       1.7271
    4278       1.7486
    4279       1.7783
    4280       1.8575
    4281       1.7303
    4282       1.7551
    4283       1.7361
    4284       1.7096
    4285       1.7513
    4286       1.7220
    4287       1.7203
    4288       1.7779
    4289       1.6823
    4290       1.6976
    4291       1.8138
    4292       1.7847
    4293       1.8602
    4294       1.8235
    4295       1.8052
    4296       1.8752
    4297       1.8576
    4298       1.9229
    4299       1.8561
    4300       1.7938
    4301       1.8524
    4302       1.8568
    4303       1.8556
    4304       1.6710
    4305       1.6650
    4306       1.6643
    4307       1.7054
    4308       1.6805
    4309       1.6140
    4310       1.6178
    4311       1.6571
    4312       1.5904
    4313       1.5543
    4314       1.5701
    4315       1.5972
    4316       1.6583
    4317       1.6781
    4318       1.5940
    4319       1.6242
    4320       1.6193
    4321       1.5576
    4322       1.5633
    4323       1.6385
    4324       1.5478
    4325       1.5986
    4326       1.5730
    4327       1.5841
    4328       1.6036
    4329       1.6870
    4330       1.7065
    4331       1.6560
    4332       1.5915
    4333       1.5394
    4334       1.5409
    4335       1.5608
    4336       1.5638
    4337       1.4980
    4338       1.5133
    4339       1.5361
    4340       1.4892
    4341       1.4714
    4342       1.3557
    4343       1.4320
    4344       1.4509
    4345       1.4586
    4346       1.5594
    4347       1.5679
    4348       1.5450
    4349       1.4973
    4350       1.4725
    4351       1.4752
    4352       1.5034
    4353       1.4882
    4354       1.4756
    4355       1.4999
    4356       1.4925
    4357       1.4739
    4358       1.4800
    4359       1.4960
    4360       1.5105
    4361       1.5727
    4362       1.5638
    4363       1.5682
    4364       1.5871
    4365       1.5969
    4366       1.6145
    4367       1.6081
    4368       1.5328
    4369       1.5878
    4370       1.5142
    4371       1.4652
    4372       1.4377
    4373       1.4672
    4374       1.5489
    4375       1.4604
    4376       1.4915
    4377       1.4498
    4378       1.4461
    4379       1.5474
    4380       1.5758
    4381       1.5453
    4382       1.5623
    4383       1.6317
    4384       1.5424
    4385       1.5493
    4386       1.5712
    4387       1.4392
    4388       1.5215
    4389       1.5308
    4390       1.4805
    4391       1.5286
    4392       1.5387
    4393       1.6234
    4394       1.6479
    4395       1.6596
    4396       1.6534
    4397       1.6458
    4398       1.6588
    4399       1.6060
    4400       1.6071
    4401       1.5346
    4402       1.5286
    4403       1.5248
    4404       1.5544
    4405       1.5327
    4406       1.5238
    4407       1.6164
    4408       1.5895
    4409       1.7097
    4410       1.7731
    4411       1.7384
    4412       1.7201
    4413       1.8012
    4414       1.7927
    4415       1.6969
    4416       1.7531
    4417       1.7322
    4418       1.7318
    4419       1.7139
    4420       1.7226
    4421       1.7688
    4422       1.7202
    4423       1.7344
    4424       1.6994
    4425       1.7407
    4426       1.6867
    4427       1.6561
    4428       1.7137
    4429       1.6944
    4430       1.7277
    4431       1.8031
    4432       1.8058
    4433       1.7292
    4434       1.7666
    4435       1.7921
    4436       1.7758
    4437       1.8190
    4438       1.9254
    4439       2.0488
    4440       1.9245
    4441       1.8692
    4442       1.8469
    4443       1.9077
    4444       1.8780
    4445       1.9187
    4446       1.9267
    4447       1.9578
    4448       1.9508
    4449       1.9497
    4450       1.8550
    4451       1.8819
    4452       1.8852
    4453       1.8019
    4454       1.7717
    4455       1.6675
    4456       1.6724
    4457       1.7261
    4458       1.7327
    4459       1.7304
    4460       1.7358
    4461       1.7063
    4462       1.6336
    4463       1.6431
    4464       1.7003
    4465       1.7961
    4466       1.8099
    4467       1.8064
    4468       1.8051
    4469       1.7918
    4470       1.7636
    4471       1.7540
    4472       1.7148
    4473       1.6841
    4474       1.6032
    4475       1.6138
    4476       1.6262
    4477       1.6720
    4478       1.6534
    4479       1.6631
    4480       1.5731
    4481       1.6452
    4482       1.5950
    4483       1.6213
    4484       1.7419
    4485       1.7823
    4486       1.7149
    4487       1.7163
    4488       1.6468
    4489       1.6964
    4490       1.6050
    4491       1.6422
    4492       1.6753
    4493       1.6144
    4494       1.6310
    4495       1.6768
    4496       1.6205
    4497       1.6449
    4498       1.5830
    4499       1.6234
    4500       1.6199
    4501       1.5739
    4502       1.6410
    4503       1.6332
    4504       1.6586
    4505       1.6418
    4506       1.5899
    4507       1.5262
    4508       1.5267
    4509       1.5485
    4510       1.5049
    4511       1.4903
    4512       1.4381
    4513       1.5198
    4514       1.6206
    4515       1.6541
    4516       1.6925
    4517       1.6902
    4518       1.6000
    4519       1.6126
    4520       1.6506
    4521       1.5736
    4522       1.6463
    4523       1.7558
    4524       1.6989
    4525       1.7047
    4526       1.7691
    4527       1.7891
    4528       1.8409
    4529       1.8558
    4530       1.6637
    4531       1.6148
    4532       1.7103
    4533       1.6402
    4534       1.6747
    4535       1.7417
    4536       1.6827
    4537       1.6673
    4538       1.6041
    4539       1.6350
    4540       1.6195
    4541       1.6666
    4542       1.7286
    4543       1.6933
    4544       1.7271
    4545       1.6591
    4546       1.6765
    4547       1.7606
    4548       1.8028
    4549       1.7691
    4550       1.7981
    4551       1.7610
    4552       1.7844
    4553       1.7914
    4554       1.9450
    4555       1.9570
    4556       1.9216
    4557       1.8583
    4558       1.8866
    4559       1.7924
    4560       1.8958
    4561       1.8793
    4562       2.0182
    4563       1.9116
    4564       1.8473
    4565       1.8057
    4566       1.7868
    4567       1.7952
    4568       1.7956
    4569       1.8302
    4570       1.8228
    4571       1.8309
    4572       1.8317
    4573       1.7959
    4574       1.8649
    4575       1.9038
    4576       1.9000
    4577       1.8703
    4578       1.9190
    4579       1.8667
    4580       1.9108
    4581       1.9422
    4582       1.9194
    4583       1.8772
    4584       1.9552
    4585       1.8749
    4586       1.7823
    4587       1.8048
    4588       1.8799
    4589       1.7699
    4590       1.7867
    4591       1.8166
    4592       1.7538
    4593       1.8498
    4594       1.8214
    4595       1.9102
    4596       1.8144
    4597       1.8205
    4598       1.8640
    4599       1.7533
    4600       1.8052
    4601       1.7602
    4602       1.7607
    4603       1.7309
    4604       1.7228
    4605       1.7103
    4606       1.7874
    4607       1.7998
    4608       1.8933
    4609       1.8321
    4610       1.8800
    4611       1.7793
    4612       1.8074
    4613       1.9310
    4614       1.8367
    4615       1.8447
    4616       1.7591
    4617       1.8957
    4618       1.9061
    4619       1.7862
    4620       1.7281
    4621       1.7952
    4622       1.8908
    4623       1.7971
    4624       1.8056
    4625       1.8771
    4626       1.8522
    4627       1.8769
    4628       1.8714
    4629       1.7908
    4630       1.8161
    4631       1.7724
    4632       1.8095
    4633       1.8190
    4634       1.7520
    4635       1.7865
    4636       1.7964
    4637       1.7486
    4638       1.7485
    4639       1.6555
    4640       1.7084
    4641       1.6285
    4642       1.6851
    4643       1.6432
    4644       1.6293
    4645       1.5725
    4646       1.6206
    4647       1.6498
    4648       1.6816
    4649       1.6476
    4650       1.6645
    4651       1.6531
    4652       1.6014
    4653       1.6874
    4654       1.6485
    4655       1.6515
    4656       1.7289
    4657       1.6960
    4658       1.6139
    4659       1.5619
    4660       1.6554
    4661       1.6681
    4662       1.7001
    4663       1.7094
    4664       1.8197
    4665       1.7827
    4666       1.7478
    4667       1.7063
    4668       1.7633
    4669       1.7296
    4670       1.8309
    4671       1.8643
    4672       1.7654
    4673       1.7457
    4674       1.7203
    4675       1.6153
    4676       1.7288
    4677       1.7862
    4678       1.7769
    4679       1.7824
    4680       1.6851
    4681       1.6968
    4682       1.6901
    4683       1.6518
    4684       1.6884
    4685       1.7795
    4686       1.7486
    4687       1.8291
    4688       1.6743
    4689       1.7099
    4690       1.7280
    4691       1.6909
    4692       1.6200
    4693       1.5695
    4694       1.5297
    4695       1.5219
    4696       1.5523
    4697       1.6952
    4698       1.6656
    4699       1.6869
    4700       1.6709
    4701       1.5990
    4702       1.5384
    4703       1.6127
    4704       1.7405
    4705       1.6841
    4706       1.7014
    4707       1.7572
    4708       1.7079
    4709       1.6991
    4710       1.7285
    4711       1.8046
    4712       1.7684
    4713       1.7563
    4714       1.6856
    4715       1.7497
    4716       1.7299
    4717       1.7384
    4718       1.7595
    4719       1.7424
    4720       1.6878
    4721       1.7338
    4722       1.7428
    4723       1.6682
    4724       1.7689
    4725       1.7435
    4726       1.6985
    4727       1.6124
    4728       1.6042
    4729       1.5634
    4730       1.5873
    4731       1.6758
    4732       1.5892
    4733       1.4900
    4734       1.5433
    4735       1.5499
    4736       1.5455
    4737       1.4456
    4738       1.5308
    4739       1.4641
    4740       1.4927
    4741       1.5439
    4742       1.5072
    4743       1.5054
    4744       1.5556
    4745       1.6300
    4746       1.5870
    4747       1.6106
    4748       1.5736
    4749       1.6488
    4750       1.6072
    4751       1.5880
    4752       1.7014
    4753       1.6405
    4754       1.5915
    4755       1.6726
    4756       1.6805
    4757       1.7359
    4758       1.6266
    4759       1.6366
    4760       1.6954
    4761       1.6763
    4762       1.6359
    4763       1.6368
    4764       1.6648
    4765       1.6520
    4766       1.6858
    4767       1.7144
    4768       1.6743
    4769       1.7011
    4770       1.6850
    4771       1.6700
    4772       1.6916
    4773       1.6651
    4774       1.6402
    4775       1.6193
    4776       1.5712
    4777       1.6390
    4778       1.5814
    4779       1.5437
    4780       1.5640
    4781       1.6029
    4782       1.7182
    4783       1.7226
    4784       1.6953
    4785       1.7476
    4786       1.7916
    4787       1.7624
    4788       1.7651
    4789       1.7585
    4790       1.7213
    4791       1.7297
    4792       1.6627
    4793       1.7208
    4794       1.7277
    4795       1.6866
    4796       1.6595
    4797       1.5641
    4798       1.6346
    4799       1.5439
    4800       1.5933
    4801       1.5600
    4802       1.5378
    4803       1.6349
    4804       1.7168
    4805       1.6490
    4806       1.6097
    4807       1.6351
    4808       1.5891
    4809       1.6168
    4810       1.5464
    4811       1.4786
    4812       1.4094
    4813       1.4114
    4814       1.4578
    4815       1.4892
    4816       1.4998
    4817       1.5541
    4818       1.5838
    4819       1.5625
    4820       1.5641
    4821       1.5513
    4822       1.6126
    4823       1.5315
    4824       1.5182
    4825       1.6433
    4826       1.5222
    4827       1.5562
    4828       1.5495
    4829       1.5694
    4830       1.6631
    4831       1.6856
    4832       1.7010
    4833       1.6834
    4834       1.7769
    4835       1.9419
    4836       1.8218
    4837       1.8574
    4838       1.8165
    4839       1.6793
    4840       1.6982
    4841       1.6750
    4842       1.7057
    4843       1.7171
    4844       1.6671
    4845       1.5721
    4846       1.5898
    4847       1.5604
    4848       1.5961
    4849       1.5811
    4850       1.6292
    4851       1.6440
    4852       1.6414
    4853       1.6983
    4854       1.6982
    4855       1.7103
    4856       1.7421
    4857       1.7300
    4858       1.7694
    4859       1.7491
    4860       1.7012
    4861       1.6641
    4862       1.7105
    4863       1.6456
    4864       1.6909
    4865       1.6231
    4866       1.6146
    4867       1.7117
    4868       1.6974
    4869       1.7270
    4870       1.6875
    4871       1.7334
    4872       1.6959
    4873       1.6964
    4874       1.6439
    4875       1.6927
    4876       1.6525
    4877       1.6162
    4878       1.6249
    4879       1.6016
    4880       1.6201
    4881       1.6051
    4882       1.6146
    4883       1.7180
    4884       1.7110
    4885       1.6466
    4886       1.6833
    4887       1.6287
    4888       1.6448
    4889       1.5654
    4890       1.5563
    4891       1.5610
    4892       1.5380
    4893       1.5664
    4894       1.5291
    4895       1.5480
    4896       1.5673
    4897       1.4278
    4898       1.5377
    4899       1.5456
    4900       1.5605
    4901       1.6158
    4902       1.6202
    4903       1.5983
    4904       1.6428
    4905       1.6154
    4906       1.6109
    4907       1.7114
    4908       1.6789
    4909       1.6254
    4910       1.6353
    4911       1.6434
    4912       1.6306
    4913       1.5518
    4914       1.5476
    4915       1.5240
    4916       1.5180
    4917       1.5608
    4918       1.6399
    4919       1.6376
    4920       1.6584
    4921       1.6293
    4922       1.6404
    4923       1.5856
    4924       1.5490
    4925       1.5391
    4926       1.5855
    4927       1.5634
    4928       1.4775
    4929       1.5333
    4930       1.5291
    4931       1.6092
    4932       1.6116
    4933       1.5894
    4934       1.6260
    4935       1.7327
    4936       1.6711
    4937       1.5816
    4938       1.5615
    4939       1.5701
    4940       1.5792
    4941       1.5307
    4942       1.5704
    4943       1.5270
    4944       1.4636
    4945       1.4628
    4946       1.4527
    4947       1.4251
    4948       1.4865
    4949       1.4532
    4950       1.4484
    4951       1.4081
    4952       1.5202
    4953       1.4612
    4954       1.5531
    4955       1.4887
    4956       1.5821
    4957       1.5453
    4958       1.4748
    4959       1.4993
    4960       1.4968
    4961       1.4339
    4962       1.4736
    4963       1.4605
    4964       1.4795
    4965       1.5028
    4966       1.4233
    4967       1.4806
    4968       1.5070
    4969       1.4558
    4970       1.4578
    4971       1.4542
    4972       1.4772
    4973       1.3814
    4974       1.4128
    4975       1.4095
    4976       1.4741
    4977       1.4376
    4978       1.4494
    4979       1.4320
    4980       1.4615
    4981       1.4691
    4982       1.4803
    4983       1.4477
    4984       1.3895
    4985       1.3993
    4986       1.3979
    4987       1.3400
    4988       1.3912
    4989       1.4275
    4990       1.4415
    4991       1.4538
    4992       1.4081
    4993       1.3910
    4994       1.3719
    4995       1.3861
    4996       1.3828
    4997       1.3889
    4998       1.4210
    4999       1.4798
    5000       1.4307
    5001       1.4580
    5002       1.4779
    5003       1.4633
    5004       1.4756
    5005       1.3995
    5006       1.4564
    5007       1.4312
    5008       1.4858
    5009       1.5917
    5010       1.5813
    5011       1.6305
    5012       1.6531
    5013       1.6551
    5014       1.6370
    5015       1.6521
    5016       1.7206
    5017       1.6449
    5018       1.7421
    5019       1.6859
    5020       1.7126
    5021       1.7004
    5022       1.6440
    5023       1.5665
    5024       1.5270
    5025       1.5570
    5026       1.5220
    5027       1.5151
    5028       1.5247
    5029       1.5635
    5030       1.5746
    5031       1.5526
    5032       1.5555
    5033       1.5706
    5034       1.5670
    5035       1.4934
    5036       1.4164
    5037       1.4085
    5038       1.4565
    5039       1.4097
    5040       1.4612
    5041       1.5152
    5042       1.5190
    5043       1.5663
    5044       1.5942
    5045       1.6386
    5046       1.5965
    5047       1.6254
    5048       1.6342
    5049       1.6094
    5050       1.6768
    5051       1.7276
    5052       1.6700
    5053       1.5918
    5054       1.6125
    5055       1.5901
    5056       1.7401
    5057       1.7221
    5058       1.7765
    5059       1.8664
    5060       1.8759
    5061       1.8787
    5062       1.8666
    5063       1.9036
    5064       1.9011
    5065       1.8113
    5066       1.8653
    5067       1.8187
    5068       1.8317
    5069       1.7763
    5070       1.8835
    5071       1.9265
    5072       1.7889
    5073       1.7750
    5074       1.6609
    5075       1.7082
    5076       1.7093
    5077       1.7107
    5078       1.7464
    5079       1.7100
    5080       1.7696
    5081       1.7789
    5082       1.7680
    5083       1.7620
    5084       1.7672
    5085       1.7874
    5086       1.8451
    5087       1.8738
    5088       1.7682
    5089       1.8612
    5090       1.8274
    5091       1.7351
    5092       1.7538
    5093       1.7899
    5094       1.7183
    5095       1.6975
    5096       1.7402
    5097       1.7433
    5098       1.7929
    5099       1.8267
    5100       1.7149
    5101       1.6509
    5102       1.7256
    5103       1.7440
    5104       1.7962
    5105       1.8042
    5106       1.7685
    5107       1.7248
    5108       1.7312
    5109       1.7412
    5110       1.7368
    5111       1.8519
    5112       1.8049
    5113       1.8121
    5114       1.9203
    5115       1.9150
    5116       1.8069
    5117       1.8658
    5118       1.8870
    5119       1.9417
    5120       1.9681
    5121       1.9350
    5122       1.8418
    5123       1.8312
    5124       1.8136
    5125       1.7673
    5126       1.7301
    5127       1.8436
    5128       1.9056
    5129       1.8077
    5130       1.8103
    5131       1.7537
    5132       1.7131
    5133       1.6376
    5134       1.6572
    5135       1.6136
    5136       1.6848
    5137       1.7273
    5138       1.6646
    5139       1.6736
    5140       1.6365
    5141       1.5584
    5142       1.5713
    5143       1.5625
    5144       1.6457
    5145       1.6337
    5146       1.6666
    5147       1.7060
    5148       1.6564
    5149       1.6458
    5150       1.5880
    5151       1.6367
    5152       1.6083
    5153       1.6605
    5154       1.6846
    5155       1.5738
    5156       1.6054
    5157       1.6862
    5158       1.6261
    5159       1.6554
    5160       1.5691
    5161       1.6566
    5162       1.7555
    5163       1.7517
    5164       1.6675
    5165       1.6374
    5166       1.6637
    5167       1.7132
    5168       1.6730
    5169       1.7756
    5170       1.7401
    5171       1.6786
    5172       1.7667
    5173       1.7430
    5174       1.7115
    5175       1.7208
    5176       1.7186
    5177       1.6198
    5178       1.6412
    5179       1.6440
    5180       1.5660
    5181       1.4983
    5182       1.4705
    5183       1.4460
    5184       1.4009
    5185       1.4803
    5186       1.3969
    5187       1.3873
    5188       1.4484
    5189       1.5413
    5190       1.4615
    5191       1.4556
    5192       1.5165
    5193       1.4877
    5194       1.5183
    5195       1.4951
    5196       1.4633
    5197       1.5832
    5198       1.5457
    5199       1.4774
    5200       1.5435
    5201       1.5894
    5202       1.5532
    5203       1.5781
    5204       1.6331
    5205       1.6299
    5206       1.5916
    5207       1.5598
    5208       1.5625
    5209       1.6582
    5210       1.6306
    5211       1.5593
    5212       1.5466
    5213       1.5634
    5214       1.5417
    5215       1.6234
    5216       1.5361
    5217       1.5368
    5218       1.5571
    5219       1.5947
    5220       1.6078
    5221       1.6031
    5222       1.7282
    5223       1.6514
    5224       1.6243
    5225       1.6167
    5226       1.6122
    5227       1.5893
    5228       1.5644
    5229       1.5425
    5230       1.6220
    5231       1.5631
    5232       1.5496
    5233       1.6130
    5234       1.6270
    5235       1.6718
    5236       1.7547
    5237       1.7294
    5238       1.6947
    5239       1.6723
    5240       1.6421
    5241       1.6771
    5242       1.6861
    5243       1.5732
    5244       1.6260
    5245       1.6107
    5246       1.6221
    5247       1.6660
    5248       1.5893
    5249       1.4953
    5250       1.5075
    5251       1.5979
    5252       1.4953
    5253       1.4859
    5254       1.5634
    5255       1.5788
    5256       1.6448
    5257       1.5899
    5258       1.5338
    5259       1.5805
    5260       1.6052
    5261       1.6236
    5262       1.5766
    5263       1.6361
    5264       1.6120
    5265       1.6536
    5266       1.6126
    5267       1.6006
    5268       1.6058
    5269       1.6324
    5270       1.6679
    5271       1.6021
    5272       1.5715
    5273       1.5354
    5274       1.5504
    5275       1.6681
    5276       1.6974
    5277       1.7292
    5278       1.7169
    5279       1.7485
    5280       1.7363
    5281       1.7348
    5282       1.6817
    5283       1.6634
    5284       1.6373
    5285       1.7111
    5286       1.7633
    5287       1.7714
    5288       1.7965
    5289       1.7262
    5290       1.6857
    5291       1.7395
    5292       1.7558
    5293       1.6701
    5294       1.7432
    5295       1.7424
    5296       1.6375
    5297       1.7003
    5298       1.5705
    5299       1.5474
    5300       1.6310
    5301       1.6009
    5302       1.5891
    5303       1.6239
    5304       1.6985
    5305       1.7015
    5306       1.6665
    5307       1.6438
    5308       1.6344
    5309       1.5411
    5310       1.6049
    5311       1.6875
    5312       1.7033
    5313       1.7028
    5314       1.7153
    5315       1.7433
    5316       1.6809
    5317       1.7713
    5318       1.7166
    5319       1.7518
    5320       1.6166
    5321       1.6594
    5322       1.7035
    5323       1.6556
    5324       1.6426
    5325       1.6186
    5326       1.6132
    5327       1.5959
    5328       1.6212
    5329       1.6696
    5330       1.6037
    5331       1.6663
    5332       1.7403
    5333       1.7054
    5334       1.7659
    5335       1.8138
    5336       1.7895
    5337       1.8002
    5338       1.8475
    5339       1.8415
    5340       1.7467
    5341       1.7547
    5342       1.8466
    5343       1.8117
    5344       1.7660
    5345       1.7355
    5346       1.7292
    5347       1.7999
    5348       1.8065
    5349       1.8012
    5350       1.8247
    5351       1.7593
    5352       1.7893
    5353       1.7816
    5354       1.8371
    5355       1.8152
    5356       1.8118
    5357       1.7888
    5358       1.8189
    5359       1.8230
    5360       1.7912
    5361       1.7192
    5362       1.7232
    5363       1.6862
    5364       1.7158
    5365       1.8198
    5366       1.8341
    5367       1.8867
    5368       1.9579
    5369       1.8172
    5370       1.7806
    5371       1.8090
    5372       1.8310
    5373       1.8007
    5374       1.7623
    5375       1.8084
    5376       1.7527
    5377       1.6806
    5378       1.6964
    5379       1.7124
    5380       1.6429
    5381       1.6586
    5382       1.7155
    5383       1.6114
    5384       1.5650
    5385       1.5994
    5386       1.6342
    5387       1.6770
    5388       1.6571
    5389       1.6416
    5390       1.7722
    5391       1.6395
    5392       1.7464
    5393       1.7361
    5394       1.8139
    5395       1.8540
    5396       1.8538
    5397       1.8711
    5398       1.7884
    5399       1.7783
    5400       1.7640
    5401       1.7322
    5402       1.7419
    5403       1.7627
    5404       1.8167
    5405       1.8300
    5406       1.7431
    5407       1.7797
    5408       1.8314
    5409       1.7817
    5410       1.7834
    5411       1.7044
    5412       1.7717
    5413       1.8033
    5414       1.8641
    5415       1.8419
    5416       1.7522
    5417       1.7306
    5418       1.7865
    5419       1.7597
    5420       1.8137
    5421       1.7914
    5422       1.7347
    5423       1.7966
    5424       1.7370
    5425       1.7611
    5426       1.6926
    5427       1.7304
    5428       1.7433
    5429       1.6868
    5430       1.6874
    5431       1.6625
    5432       1.7037
    5433       1.6935
    5434       1.6916
    5435       1.6352
    5436       1.6856
    5437       1.7093
    5438       1.6377
    5439       1.6274
    5440       1.4972
    5441       1.5007
    5442       1.4954
    5443       1.5198
    5444       1.5238
    5445       1.5774
    5446       1.5949
    5447       1.5829
    5448       1.6849
    5449       1.7178
    5450       1.6442
    5451       1.7296
    5452       1.7596
    5453       1.8009
    5454       1.7597
    5455       1.7784
    5456       1.7741
    5457       1.7625
    5458       1.8121
    5459       1.8015
    5460       1.8005
    5461       1.8824
    5462       1.8708
    5463       1.7452
    5464       1.7540
    5465       1.7851
    5466       1.7436
    5467       1.8314
    5468       1.7764
    5469       1.7578
    5470       1.7887
    5471       1.7347
    5472       1.7685
    5473       1.6832
    5474       1.7717
    5475       1.7311
    5476       1.7269
    5477       1.6751
    5478       1.6745
    5479       1.6816
    5480       1.6673
    5481       1.6455
    5482       1.6473
    5483       1.6558
    5484       1.6306
    5485       1.6551
    5486       1.5751
    5487       1.5465
    5488       1.5860
    5489       1.5795
    5490       1.4564
    5491       1.5074
    5492       1.5167
    5493       1.5319
    5494       1.5277
    5495       1.6446
    5496       1.6965
    5497       1.7157
    5498       1.6056
    5499       1.6314
    5500       1.6160
    5501       1.5674
    5502       1.5759
    5503       1.5458
    5504       1.5268
    5505       1.5513
    5506       1.5128
    5507       1.5057
    5508       1.5527
    5509       1.5748
    5510       1.5108
    5511       1.5458
    5512       1.5090
    5513       1.5103
    5514       1.5106
    5515       1.4983
    5516       1.6052
    5517       1.6314
    5518       1.5741
    5519       1.5478
    5520       1.4994
    5521       1.5147
    5522       1.4719
    5523       1.5098
    5524       1.5478
    5525       1.6017
    5526       1.5565
    5527       1.5470
    5528       1.5012
    5529       1.4720
    5530       1.5167
    5531       1.4705
    5532       1.5265
    5533       1.5621
    5534       1.5399
    5535       1.5521
    5536       1.5671
    5537       1.4980
    5538       1.5036
    5539       1.5221
    5540       1.5077
    5541       1.4634
    5542       1.5302
    5543       1.5542
    5544       1.5962
    5545       1.5974
    5546       1.6092
    5547       1.6013
    5548       1.5728
    5549       1.5073
    5550       1.5805
    5551       1.7209
    5552       1.7243
    5553       1.7202
    5554       1.6894
    5555       1.7007
    5556       1.6978
    5557       1.6990
    5558       1.6899
    5559       1.6284
    5560       1.6263
    5561       1.6029
    5562       1.6170
    5563       1.5662
    5564       1.6043
    5565       1.6370
    5566       1.6681
    5567       1.7243
    5568       1.7096
    5569       1.7748
    5570       1.7214
    5571       1.6551
    5572       1.7151
    5573       1.7617
    5574       1.7900
    5575       1.8067
    5576       1.7768
    5577       1.7631
    5578       1.7320
    5579       1.7210
    5580       1.6781
    5581       1.7072
    5582       1.7272
    5583       1.7475
    5584       1.8032
    5585       1.7360
    5586       1.7312
    5587       1.6973
    5588       1.6468
    5589       1.6130
    5590       1.6298
    5591       1.6103
    5592       1.5941
    5593       1.6233
    5594       1.6496
    5595       1.6767
    5596       1.6848
    5597       1.6176
    5598       1.6436
    5599       1.6850
    5600       1.6607
    5601       1.6043
    5602       1.5844
    5603       1.6945
    5604       1.5948
    5605       1.5533
    5606       1.6136
    5607       1.6644
    5608       1.6292
    5609       1.6189
    5610       1.6460
    5611       1.6653
    5612       1.6007
    5613       1.6776
    5614       1.7041
    5615       1.6808
    5616       1.6930
    5617       1.7595
    5618       1.7681
    5619       1.6496
    5620       1.6056
    5621       1.6604
    5622       1.6979
    5623       1.6473
    5624       1.6860
    5625       1.6399
    5626       1.6464
    5627       1.6852
    5628       1.6671
    5629       1.5894
    5630       1.6216
    5631       1.6134
    5632       1.6361
    5633       1.6332
    5634       1.7128
    5635       1.6641
    5636       1.5888
    5637       1.6837
    5638       1.6562
    5639       1.7710
    5640       1.7115
    5641       1.7494
    5642       1.6479
    5643       1.6594
    5644       1.7693
    5645       1.8052
    5646       1.8309
    5647       1.8238
    5648       1.7969
    5649       1.7500
    5650       1.7975
    5651       1.7134
    5652       1.6282
    5653       1.5750
    5654       1.6385
    5655       1.6447
    5656       1.6349
    5657       1.6426
    5658       1.6132
    5659       1.6027
    5660       1.6360
    5661       1.7033
    5662       1.7132
    5663       1.6643
    5664       1.6411
    5665       1.6551
    5666       1.7192
    5667       1.7176
    5668       1.7020
    5669       1.6986
    5670       1.6186
    5671       1.6682
    5672       1.6497
    5673       1.8183
    5674       1.7242
    5675       1.7165
    5676       1.7663
    5677       1.7972
    5678       1.8885
    5679       1.8556
    5680       1.8650
    5681       1.8488
    5682       1.8103
    5683       1.7839
    5684       1.7671
    5685       1.8116
    5686       1.8738
    5687       1.8203
    5688       1.8606
    5689       1.9301
    5690       1.9834
    5691       1.9568
    5692       1.8996
    5693       1.8102
    5694       1.7664
    5695       1.8079
    5696       1.7498
    5697       1.6947
    5698       1.7695
    5699       1.7417
    5700       1.7790
    5701       1.7818
    5702       1.7858
    5703       1.7755
    5704       1.7466
    5705       1.7370
    5706       1.7573
    5707       1.7456
    5708       1.7665
    5709       1.7085
    5710       1.7417
    5711       1.7261
    5712       1.7467
    5713       1.7670
    5714       1.8250
    5715       1.8318
    5716       1.7879
    5717       1.7454
    5718       1.8146
    5719       1.7939
    5720       1.8200
    5721       1.8332
    5722       1.8070
    5723       1.8130
    5724       1.7862
    5725       1.7731
    5726       1.7403
    5727       1.7292
    5728       1.7485
    5729       1.7251
    5730       1.7143
    5731       1.7208
    5732       1.6505
    5733       1.7681
    5734       1.6345
    5735       1.6706
    5736       1.7163
    5737       1.7692
    5738       1.7529
    5739       1.7993
    5740       1.7281
    5741       1.7370
    5742       1.8261
    5743       1.7230
    5744       1.7709
    5745       1.7270
    5746       1.7298
    5747       1.7330
    5748       1.7240
    5749       1.7462
    5750       1.7018
    5751       1.7287
    5752       1.7126
    5753       1.6767
    5754       1.7066
    5755       1.7151
    5756       1.6747
    5757       1.7267
    5758       1.6998
    5759       1.6429
    5760       1.6388
    5761       1.6157
    5762       1.6203
    5763       1.6455
    5764       1.6909
    5765       1.5331
    5766       1.5674
    5767       1.6445
    5768       1.6997
    5769       1.6531
    5770       1.6486
    5771       1.7347
    5772       1.6499
    5773       1.5674
    5774       1.5495
    5775       1.5037
    5776       1.4828
    5777       1.5699
    5778       1.6412
    5779       1.5643
    5780       1.5437
    5781       1.5748
    5782       1.5860
    5783       1.6205
    5784       1.5590
    5785       1.5754
    5786       1.5764
    5787       1.5335
    5788       1.5656
    5789       1.6329
    5790       1.5713
    5791       1.5819
    5792       1.6059
    5793       1.5780
    5794       1.5801
    5795       1.5625
    5796       1.6416
    5797       1.5940
    5798       1.5519
    5799       1.5723
    5800       1.5461
    5801       1.5246
    5802       1.5891
    5803       1.5601
    5804       1.5329
    5805       1.5600
    5806       1.5453
    5807       1.4853
    5808       1.4915
    5809       1.4879
    5810       1.5196
    5811       1.5517
    5812       1.5411
    5813       1.5586
    5814       1.5057
    5815       1.4639
    5816       1.4338
    5817       1.4373
    5818       1.4422
    5819       1.4527
    5820       1.4817
    5821       1.4372
    5822       1.4770
    5823       1.5039
    5824       1.4556
    5825       1.5161
    5826       1.5496
    5827       1.5295
    5828       1.5994
    5829       1.5432
    5830       1.5621
    5831       1.5571
    5832       1.6417
    5833       1.7400
    5834       1.7080
    5835       1.8103
    5836       1.7444
    5837       1.7249
    5838       1.6029
    5839       1.5683
    5840       1.5908
    5841       1.5774
    5842       1.5985
    5843       1.5641
    5844       1.5471
    5845       1.5950
    5846       1.5605
    5847       1.5895
    5848       1.5184
    5849       1.5565
    5850       1.5560
    5851       1.5462
    5852       1.5992
    5853       1.6390
    5854       1.6480
    5855       1.6145
    5856       1.6435
    5857       1.6273
    5858       1.6208
    5859       1.5933
    5860       1.5886
    5861       1.6144
    5862       1.5230
    5863       1.5361
    5864       1.5659
    5865       1.5882
    5866       1.5545
    5867       1.6190
    5868       1.6156
    5869       1.6257
    5870       1.6176
    5871       1.5730
    5872       1.5482
    5873       1.5631
    5874       1.4358
    5875       1.5707
    5876       1.5971
    5877       1.5663
    5878       1.4993
    5879       1.4253
    5880       1.4626
    5881       1.4849
    5882       1.5205
    5883       1.4160
    5884       1.3731
    5885       1.4705
    5886       1.6517
    5887       1.5720
    5888       1.5231
    5889       1.5010
    5890       1.5636
    5891       1.5865
    5892       1.6416
    5893       1.5746
    5894       1.6214
    5895       1.6179
    5896       1.6607
    5897       1.6084
    5898       1.5886
    5899       1.5114
    5900       1.4831
    5901       1.4822
    5902       1.4990
    5903       1.4969
    5904       1.5785
    5905       1.6301
    5906       1.4844
    5907       1.4588
    5908       1.5308
    5909       1.5052
    5910       1.5618
    5911       1.5856
    5912       1.5936
    5913       1.6176
    5914       1.5371
    5915       1.6681
    5916       1.5581
    5917       1.5586
    5918       1.6163
    5919       1.7423
    5920       1.6907
    5921       1.6031
    5922       1.6089
    5923       1.6222
    5924       1.5184
    5925       1.5452
    5926       1.5175
    5927       1.4785
    5928       1.5973
    5929       1.6540
    5930       1.6551
    5931       1.6300
    5932       1.6461
    5933       1.6639
    5934       1.6512
    5935       1.7024
    5936       1.5693
    5937       1.5445
    5938       1.4679
    5939       1.5176
    5940       1.5284
    5941       1.5571
    5942       1.5321
    5943       1.5871
    5944       1.5761
    5945       1.5513
    5946       1.6256
    5947       1.6110
    5948       1.5769
    5949       1.5018
    5950       1.5851
    5951       1.4930
    5952       1.5040
    5953       1.5669
    5954       1.5640
    5955       1.5681
    5956       1.6707
    5957       1.5983
    5958       1.6257
    5959       1.5360
    5960       1.5455
    5961       1.4767
    5962       1.4904
    5963       1.4503
    5964       1.5108
    5965       1.4671
    5966       1.5016
    5967       1.5688
    5968       1.5593
    5969       1.6163
    5970       1.6148
    5971       1.5889
    5972       1.5649
    5973       1.5488
    5974       1.6078
    5975       1.5487
    5976       1.5752
    5977       1.5727
    5978       1.6184
    5979       1.5718
    5980       1.5934
    5981       1.5833
    5982       1.5605
    5983       1.6148
    5984       1.6187
    5985       1.6937
    5986       1.6328
    5987       1.5801
    5988       1.6412
    5989       1.4978
    5990       1.5496
    5991       1.6086
    5992       1.5934
    5993       1.6146
    5994       1.6057
    5995       1.5065
    5996       1.5312
    5997       1.5681
    5998       1.5452
    5999       1.5084
    6000       1.5548
    6001       1.5944
    6002       1.5761
    6003       1.5914
    6004       1.5349
    6005       1.5058
    6006       1.5734
    6007       1.5610
    6008       1.5754
    6009       1.5079
    6010       1.5604
    6011       1.5396
    6012       1.5600
    6013       1.5417
    6014       1.5204
    6015       1.5148
    6016       1.5730
    6017       1.5534
    6018       1.5402
    6019       1.5465
    6020       1.5968
    6021       1.5450
    6022       1.5381
    6023       1.5689
    6024       1.5992
    6025       1.5495
    6026       1.5586
    6027       1.5655
    6028       1.5414
    6029       1.5659
    6030       1.5078
    6031       1.4674
    6032       1.4637
    6033       1.4888
    6034       1.4919
    6035       1.4544
    6036       1.4808
    6037       1.4823
    6038       1.5012
    6039       1.5873
    6040       1.5213
    6041       1.5091
    6042       1.5716
    6043       1.6007
    6044       1.5358
    6045       1.5124
    6046       1.5350
    6047       1.5962
    6048       1.5855
    6049       1.6326
    6050       1.6475
    6051       1.5974
    6052       1.5275
    6053       1.5781
    6054       1.5327
    6055       1.5518
    6056       1.5768
    6057       1.5500
    6058       1.5291
    6059       1.5372
    6060       1.5543
    6061       1.5262
    6062       1.5098
    6063       1.5003
    6064       1.4755
    6065       1.4751
    6066       1.4258
    6067       1.4972
    6068       1.4924
    6069       1.4537
    6070       1.3805
    6071       1.4149
    6072       1.4183
    6073       1.4009
    6074       1.3571
    6075       1.3500
    6076       1.3246
    6077       1.3576
    6078       1.4270
    6079       1.3756
    6080       1.4665
    6081       1.4503
    6082       1.4617
    6083       1.5230
    6084       1.5643
    6085       1.5754
    6086       1.5220
    6087       1.6454
    6088       1.6304
    6089       1.6763
    6090       1.4813
    6091       1.4682
    6092       1.5425
    6093       1.5332
    6094       1.6212
    6095       1.7124
    6096       1.6553
    6097       1.6001
    6098       1.5334
    6099       1.5571
    6100       1.5962
    6101       1.6519
    6102       1.5256
    6103       1.5818
    6104       1.5452
    6105       1.5559
    6106       1.5979
    6107       1.5731
    6108       1.5330
    6109       1.5479
    6110       1.5784
    6111       1.6248
    6112       1.6365
    6113       1.6040
    6114       1.6063
    6115       1.7070
    6116       1.6918
    6117       1.7484
    6118       1.7483
    6119       1.6819
    6120       1.7018
    6121       1.7610
    6122       1.7708
    6123       1.7518
    6124       1.7416
    6125       1.7478
    6126       1.8102
    6127       1.8463
    6128       1.8870
    6129       1.8306
    6130       1.8087
    6131       1.8895
    6132       1.8664
    6133       1.8585
    6134       1.8344
    6135       1.7255
    6136       1.7939
    6137       1.7186
    6138       1.6937
    6139       1.6499
    6140       1.6367
    6141       1.6718
    6142       1.6305
    6143       1.7197
    6144       1.8090
    6145       1.8813
    6146       1.7241
    6147       1.7315
    6148       1.7334
    6149       1.8131
    6150       1.7057
    6151       1.6410
    6152       1.6334
    6153       1.6230
    6154       1.6345
    6155       1.6930
    6156       1.7089
    6157       1.7012
    6158       1.6642
    6159       1.5993
    6160       1.6190
    6161       1.6536
    6162       1.6634
    6163       1.6720
    6164       1.6901
    6165       1.7230
    6166       1.6515
    6167       1.6446
    6168       1.6410
    6169       1.5994
    6170       1.5838
    6171       1.6461
    6172       1.6631
    6173       1.5763
    6174       1.5811
    6175       1.5388
    6176       1.5545
    6177       1.5957
    6178       1.5883
    6179       1.6459
    6180       1.6304
    6181       1.6554
    6182       1.6998
    6183       1.7351
    6184       1.6997
    6185       1.6155
    6186       1.6722
    6187       1.6287
    6188       1.6686
    6189       1.5584
    6190       1.5634
    6191       1.5543
    6192       1.6031
    6193       1.6610
    6194       1.6258
    6195       1.6586
    6196       1.6253
    6197       1.6661
    6198       1.6997
    6199       1.6881
    6200       1.6131
    6201       1.6621
    6202       1.7168
    6203       1.6908
    6204       1.7616
    6205       1.7695
    6206       1.7008
    6207       1.6447
    6208       1.6819
    6209       1.6697
    6210       1.8349
    6211       1.7824
    6212       1.8387
    6213       1.8592
    6214       1.7486
    6215       1.6749
    6216       1.6810
    6217       1.7445
    6218       1.6535
    6219       1.6535
    6220       1.6553
    6221       1.6991
    6222       1.7525
    6223       1.6686
    6224       1.7221
    6225       1.7464
    6226       1.7114
    6227       1.6685
    6228       1.6251
    6229       1.6499
    6230       1.6085
    6231       1.6356
    6232       1.6320
    6233       1.6172
    6234       1.6008
    6235       1.5870
    6236       1.5135
    6237       1.6617
    6238       1.6023
    6239       1.5830
    6240       1.5328
    6241       1.5893
    6242       1.5981
    6243       1.5310
    6244       1.6006
    6245       1.6128
    6246       1.6892
    6247       1.6246
    6248       1.6937
    6249       1.7633
    6250       1.7866
    6251       1.6632
    6252       1.6615
    6253       1.6443
    6254       1.6137
    6255       1.5442
    6256       1.5903
    6257       1.6231
    6258       1.6474
    6259       1.6168
    6260       1.6107
    6261       1.6960
    6262       1.7212
    6263       1.7675
    6264       1.7239
    6265       1.7798
    6266       1.8145
    6267       1.8125
    6268       1.7290
    6269       1.6979
    6270       1.7207
    6271       1.6923
    6272       1.6719
    6273       1.6868
    6274       1.6570
    6275       1.6788
    6276       1.6919
    6277       1.6271
    6278       1.5852
    6279       1.6871
    6280       1.6594
    6281       1.7380
    6282       1.7092
    6283       1.6976
    6284       1.5693
    6285       1.6061
    6286       1.6010
    6287       1.6063
    6288       1.5579
    6289       1.5860
    6290       1.5502
    6291       1.5504
    6292       1.5591
    6293       1.5967
    6294       1.5741
    6295       1.5501
    6296       1.6214
    6297       1.5601
    6298       1.6261
    6299       1.5972
    6300       1.6243
    6301       1.5673
    6302       1.5466
    6303       1.5488
    6304       1.5220
    6305       1.5004
    6306       1.4908
    6307       1.4801
    6308       1.4732
    6309       1.5105
    6310       1.5350
    6311       1.5176
    6312       1.4563
    6313       1.4008
    6314       1.4555
    6315       1.4237
    6316       1.4307
    6317       1.4663
    6318       1.4823
    6319       1.6366
    6320       1.5647
    6321       1.5232
    6322       1.5130
    6323       1.5916
    6324       1.6737
    6325       1.7110
    6326       1.8152
    6327       1.7653
    6328       1.7109
    6329       1.7288
    6330       1.6917
    6331       1.6633
    6332       1.6965
    6333       1.6750
    6334       1.6831
    6335       1.6404
    6336       1.6432
    6337       1.6937
    6338       1.6595
    6339       1.5660
    6340       1.5178
    6341       1.5843
    6342       1.6468
    6343       1.5787
    6344       1.7152
    6345       1.7575
    6346       1.7322
    6347       1.6358
    6348       1.6548
    6349       1.6234
    6350       1.6295
    6351       1.6157
    6352       1.6086
    6353       1.6935
    6354       1.6712
    6355       1.6935
    6356       1.6735
    6357       1.7016
    6358       1.6078
    6359       1.6771
    6360       1.6456
    6361       1.6989
    6362       1.5717
    6363       1.7360
    6364       1.7521
    6365       1.7650
    6366       1.7382
    6367       1.7664
    6368       1.7778
    6369       1.7744
    6370       1.8425
    6371       1.8588
    6372       1.8396
    6373       1.8000
    6374       1.8275
    6375       1.8138
    6376       1.7750
    6377       1.7609
    6378       1.7708
    6379       1.8182
    6380       1.8362
    6381       1.8462
    6382       1.8729
    6383       1.8671
    6384       1.8438
    6385       1.8771
    6386       1.8603
    6387       1.9226
    6388       1.8990
    6389       1.8352
    6390       1.8702
    6391       1.8620
    6392       1.8263
    6393       1.8956
    6394       2.0056
    6395       2.1312
    6396       2.1053
    6397       1.9764
    6398       1.9593
    6399       1.9387
    6400       1.9321
    6401       1.9486
    6402       1.9590
    6403       1.9364
    6404       2.0017
    6405       1.9161
    6406       1.9677
    6407       1.9981
    6408       2.0031
    6409       2.0131
    6410       2.0877
    6411       2.0594
    6412       1.9599
    6413       1.9963
    6414       2.0438
    6415       1.9479
    6416       1.8207
    6417       1.7101
    6418       1.8104
    6419       1.7821
    6420       1.6410
    6421       1.6962
    6422       1.6786
    6423       1.7437
    6424       1.7494
    6425       1.7284
    6426       1.7297
    6427       1.7367
    6428       1.6383
    6429       1.6513
    6430       1.6956
    6431       1.7052
    6432       1.7794
    6433       1.7175
    6434       1.6668
    6435       1.6678
    6436       1.6642
    6437       1.7319
    6438       1.7161
    6439       1.7452
    6440       1.8048
    6441       1.7783
    6442       1.7923
    6443       1.7692
    6444       1.8156
    6445       1.8009
    6446       1.7541
    6447       1.6974
    6448       1.6295
    6449       1.6290
    6450       1.6278
    6451       1.6464
    6452       1.6907
    6453       1.5592
    6454       1.6245
    6455       1.6804
    6456       1.6409
    6457       1.7014
    6458       1.7443
    6459       1.7858
    6460       1.7678
    6461       1.7394
    6462       1.7687
    6463       1.7240
    6464       1.6142
    6465       1.6204
    6466       1.5477
    6467       1.6361
    6468       1.5843
    6469       1.5264
    6470       1.6339
    6471       1.6546
    6472       1.6765
    6473       1.7932
    6474       1.8425
    6475       1.7690
    6476       1.7365
    6477       1.6787
    6478       1.7637
    6479       1.7451
    6480       1.6639
    6481       1.7214
    6482       1.6977
    6483       1.6934
    6484       1.6737
    6485       1.7646
    6486       1.7547
    6487       1.8281
    6488       1.8381
    6489       1.9021
    6490       1.8880
    6491       1.8509
    6492       1.8592
    6493       1.7889
    6494       1.8674
    6495       1.8542
    6496       1.9190
    6497       1.9166
    6498       1.9414
    6499       1.9463
    6500       1.9246
    6501       1.8406
    6502       1.7064
    6503       1.6908
    6504       1.7664
    6505       1.7677
    6506       1.7717
    6507       1.6736
    6508       1.6836
    6509       1.6830
    6510       1.5604
    6511       1.6016
    6512       1.5083
    6513       1.5333
    6514       1.5771
    6515       1.5088
    6516       1.6744
    6517       1.7031
    6518       1.6499
    6519       1.6310
    6520       1.7378
    6521       1.7055
    6522       1.7153
    6523       1.7234
    6524       1.7440
    6525       1.7069
    6526       1.6656
    6527       1.7417
    6528       1.7005
    6529       1.7014
    6530       1.7804
    6531       1.7877
    6532       1.8515
    6533       1.8584
    6534       1.8873
    6535       1.7928
    6536       1.7974
    6537       1.7264
    6538       1.7181
    6539       1.6314
    6540       1.6789
    6541       1.7264
    6542       1.6021
    6543       1.6062
    6544       1.5713
    6545       1.6453
    6546       1.6342
    6547       1.6483
    6548       1.6846
    6549       1.5956
    6550       1.6037
    6551       1.5484
    6552       1.5700
    6553       1.5807
    6554       1.6554
    6555       1.5809
    6556       1.5553
    6557       1.6004
    6558       1.6243
    6559       1.5491
    6560       1.5976
    6561       1.5634
    6562       1.5234
    6563       1.5093
    6564       1.5740
    6565       1.6511
    6566       1.6168
    6567       1.6319
    6568       1.6862
    6569       1.6418
    6570       1.6709
    6571       1.6849
    6572       1.5928
    6573       1.5582
    6574       1.6124
    6575       1.6555
    6576       1.6714
    6577       1.6080
    6578       1.6418
    6579       1.6258
    6580       1.6377
    6581       1.6793
    6582       1.5612
    6583       1.5419
    6584       1.5350
    6585       1.5859
    6586       1.5263
    6587       1.4980
    6588       1.4491
    6589       1.5872
    6590       1.7396
    6591       1.7197
    6592       1.7329
    6593       1.6965
    6594       1.7726
    6595       1.7077
    6596       1.6202
    6597       1.6694
    6598       1.6087
    6599       1.6463
    6600       1.6974
    6601       1.7181
    6602       1.8097
    6603       1.7030
    6604       1.7318
    6605       1.7489
    6606       1.7461
    6607       1.8522
    6608       1.9026
    6609       1.8516
    6610       1.8213
    6611       1.8612
    6612       1.7722
    6613       1.8112
    6614       1.7918
    6615       1.8771
    6616       1.8786
    6617       1.8802
    6618       1.8312
    6619       1.7997
    6620       1.7580
    6621       1.6791
    6622       1.7351
    6623       1.8417
    6624       1.8079
    6625       1.7881
    6626       1.7907
    6627       1.8186
    6628       1.8256
    6629       1.8150
    6630       1.8722
    6631       1.8859
    6632       1.8523
    6633       1.7544
    6634       1.7926
    6635       1.8263
    6636       1.9160
    6637       1.8510
    6638       1.8748
    6639       1.8542
    6640       1.9586
    6641       1.8866
    6642       1.9106
    6643       1.8930
    6644       1.8493
    6645       1.8188
    6646       1.8472
    6647       1.8368
    6648       1.7748
    6649       1.8405
    6650       1.8625
    6651       1.7936
    6652       1.8000
    6653       1.7698
    6654       1.8934
    6655       1.8563
    6656       1.8274
    6657       1.9231
    6658       1.8855
    6659       1.8629
    6660       1.8333
    6661       1.8642
    6662       1.8807
    6663       1.8545
    6664       1.7739
    6665       1.6791
    6666       1.5721
    6667       1.6449
    6668       1.7063
    6669       1.7775
    6670       1.7748
    6671       1.7902
    6672       1.8217
    6673       1.7981
    6674       1.8121
    6675       1.8908
    6676       1.8337
    6677       1.7494
    6678       1.7811
    6679       1.7063
    6680       1.6447
    6681       1.5876
    6682       1.5193
    6683       1.5582
    6684       1.6032
    6685       1.6467
    6686       1.6727
    6687       1.6568
    6688       1.7187
    6689       1.7307
    6690       1.6738
    6691       1.6251
    6692       1.6584
    6693       1.7158
    6694       1.6262
    6695       1.6636
    6696       1.7243
    6697       1.6605
    6698       1.6081
    6699       1.6573
    6700       1.5835
    6701       1.5917
    6702       1.5682
    6703       1.6029
    6704       1.7535
    6705       1.7857
    6706       1.6976
    6707       1.6882
    6708       1.7226
    6709       1.7118
    6710       1.6416
    6711       1.6419
    6712       1.6850
    6713       1.8098
    6714       1.7231
    6715       1.6560
    6716       1.5405
    6717       1.6344
    6718       1.6587
    6719       1.6958
    6720       1.5752
    6721       1.5469
    6722       1.5465
    6723       1.5585
    6724       1.5429
    6725       1.5968
    6726       1.6475
    6727       1.5216
    6728       1.6283
    6729       1.6580
    6730       1.5745
    6731       1.5807
    6732       1.5762
    6733       1.6521
    6734       1.7236
    6735       1.6998
    6736       1.6571
    6737       1.7209
    6738       1.7496
    6739       1.7106
    6740       1.7156
    6741       1.6636
    6742       1.6527
    6743       1.7327
    6744       1.7394
    6745       1.7068
    6746       1.6662
    6747       1.6028
    6748       1.5791
    6749       1.5925
    6750       1.6363
    6751       1.6519
    6752       1.7129
    6753       1.7401
    6754       1.7441
    6755       1.6940
    6756       1.6255
    6757       1.7269
    6758       1.7499
    6759       1.8419
    6760       1.7804
    6761       1.8282
    6762       1.7537
    6763       1.7815
    6764       1.8823
    6765       1.8407
    6766       1.8226
    6767       1.8869
    6768       1.7751
    6769       1.7413
    6770       1.7123
    6771       1.7039
    6772       1.7329
    6773       1.7195
    6774       1.7548
    6775       1.7771
    6776       1.7057
    6777       1.6800
    6778       1.6108
    6779       1.5682
    6780       1.5674
    6781       1.5359
    6782       1.4858
    6783       1.5007
    6784       1.6420
    6785       1.6259
    6786       1.6444
    6787       1.6406
    6788       1.5880
    6789       1.5727
    6790       1.5576
    6791       1.5781
    6792       1.5999
    6793       1.6441
    6794       1.6458
    6795       1.6176
    6796       1.6324
    6797       1.6371
    6798       1.5949
    6799       1.5849
    6800       1.6068
    6801       1.5958
    6802       1.5369
    6803       1.5745
    6804       1.5498
    6805       1.5405
    6806       1.5600
    6807       1.5188
    6808       1.4894
    6809       1.5553
    6810       1.5174
    6811       1.5518
    6812       1.4934
    6813       1.5275
    6814       1.5235
    6815       1.5539
    6816       1.5906
    6817       1.5529
    6818       1.5575
    6819       1.5479
    6820       1.6688
    6821       1.6487
    6822       1.5863
    6823       1.6364
    6824       1.5684
    6825       1.5962
    6826       1.5635
    6827       1.5781
    6828       1.6535
    6829       1.6524
    6830       1.6969
    6831       1.6374
    6832       1.6668
    6833       1.6312
    6834       1.6067
    6835       1.7008
    6836       1.7201
    6837       1.6830
    6838       1.6348
    6839       1.6572
    6840       1.6309
    6841       1.6429
    6842       1.5828
    6843       1.5850
    6844       1.5137
    6845       1.6154
    6846       1.6047
    6847       1.7247
    6848       1.6552
    6849       1.6630
    6850       1.5808
    6851       1.5279
    6852       1.6209
    6853       1.6973
    6854       1.6314
    6855       1.6139
    6856       1.6892
    6857       1.7460
    6858       1.6668
    6859       1.5195
    6860       1.5874
    6861       1.6479
    6862       1.6760
    6863       1.6721
    6864       1.6905
    6865       1.6489
    6866       1.6199
    6867       1.7153
    6868       1.7411
    6869       1.7032
    6870       1.5916
    6871       1.4714
    6872       1.5497
    6873       1.5744
    6874       1.5753
    6875       1.6650
    6876       1.6681
    6877       1.7601
    6878       1.7238
    6879       1.6977
    6880       1.6011
    6881       1.5713
    6882       1.4303
    6883       1.4322
    6884       1.4349
    6885       1.4880
    6886       1.4623
    6887       1.4943
    6888       1.4279
    6889       1.4588
    6890       1.5025
    6891       1.5774
    6892       1.6547
    6893       1.5701
    6894       1.6453
    6895       1.6082
    6896       1.6392
    6897       1.5981
    6898       1.6584
    6899       1.6733
    6900       1.6109
    6901       1.5176
    6902       1.5740
    6903       1.6390
    6904       1.5838
    6905       1.5768
    6906       1.6107
    6907       1.6307
    6908       1.5393
    6909       1.6220
    6910       1.5977
    6911       1.6055
    6912       1.6591
    6913       1.5885
    6914       1.4491
    6915       1.4594
    6916       1.5603
    6917       1.5735
    6918       1.6250
    6919       1.6300
    6920       1.6027
    6921       1.5373
    6922       1.4898
    6923       1.3948
    6924       1.4435
    6925       1.4385
    6926       1.5248
    6927       1.6030
    6928       1.6530
    6929       1.6477
    6930       1.6461
    6931       1.5728
    6932       1.5534
    6933       1.4739
    6934       1.4848
    6935       1.4900
    6936       1.5172
    6937       1.5721
    6938       1.5397
    6939       1.5921
    6940       1.6078
    6941       1.6282
    6942       1.6847
    6943       1.7505
    6944       1.6944
    6945       1.6631
    6946       1.5774
    6947       1.6146
    6948       1.6533
    6949       1.6648
    6950       1.6138
    6951       1.6275
    6952       1.6911
    6953       1.6741
    6954       1.7495
    6955       1.6175
    6956       1.5181
    6957       1.5855
    6958       1.5822
    6959       1.5483
    6960       1.6400
    6961       1.6824
    6962       1.7081
    6963       1.6951
    6964       1.5664
    6965       1.6692
    6966       1.5917
    6967       1.5000
    6968       1.4655
    6969       1.4650
    6970       1.4980
    6971       1.4634
    6972       1.4392
    6973       1.4265
    6974       1.4707
    6975       1.4770
    6976       1.4348
    6977       1.3874
    6978       1.4253
    6979       1.4751
    6980       1.5027
    6981       1.4277
    6982       1.3725
    6983       1.4550
    6984       1.4675
    6985       1.4400
    6986       1.4575
    6987       1.5521
    6988       1.4856
    6989       1.4614
    6990       1.4897
    6991       1.5837
    6992       1.5871
    6993       1.6420
    6994       1.6057
    6995       1.6809
    6996       1.6893
    6997       1.6064
    6998       1.5409
    6999       1.5156
    7000       1.4669
    7001       1.5623
    7002       1.5653
    7003       1.5990
    7004       1.6241
    7005       1.6229
    7006       1.6399
    7007       1.5892
    7008       1.6056
    7009       1.6054
    7010       1.6431
    7011       1.5966
    7012       1.5881
    7013       1.5465
    7014       1.5213
    7015       1.4954
    7016       1.6038
    7017       1.6200
    7018       1.5604
    7019       1.6248
    7020       1.6098
    7021       1.5755
    7022       1.5751
    7023       1.4142
    7024       1.4302
    7025       1.4640
    7026       1.4672
    7027       1.5445
    7028       1.5645
    7029       1.5969
    7030       1.5413
    7031       1.5564
    7032       1.5874
    7033       1.7123
    7034       1.7583
    7035       1.8257
    7036       1.7318
    7037       1.7410
    7038       1.7771
    7039       1.8297
    7040       1.7820
    7041       1.6951
    7042       1.6992
    7043       1.6463
    7044       1.6396
    7045       1.7551
    7046       1.7381
    7047       1.6901
    7048       1.7387
    7049       1.7389
    7050       1.6885
    7051       1.6540
    7052       1.6765
    7053       1.6798
    7054       1.6355
    7055       1.6290
    7056       1.6790
    7057       1.6470
    7058       1.6049
    7059       1.6788
    7060       1.6703
    7061       1.7040
    7062       1.6456
    7063       1.5612
    7064       1.5775
    7065       1.6113
    7066       1.6080
    7067       1.5904
    7068       1.6194
    7069       1.6195
    7070       1.5897
    7071       1.6459
    7072       1.6920
    7073       1.7332
    7074       1.7136
    7075       1.7333
    7076       1.7742
    7077       1.7302
    7078       1.6726
    7079       1.6702
    7080       1.6104
    7081       1.6646
    7082       1.7675
    7083       1.7450
    7084       1.7577
    7085       1.7296
    7086       1.7999
    7087       1.8192
    7088       1.7625
    7089       1.7008
    7090       1.7598
    7091       1.7100
    7092       1.6892
    7093       1.7116
    7094       1.6632
    7095       1.6834
    7096       1.6911
    7097       1.6578
    7098       1.6815
    7099       1.6317
    7100       1.6675
    7101       1.6141
    7102       1.6532
    7103       1.6488
    7104       1.6932
    7105       1.7365
    7106       1.7676
    7107       1.7728
    7108       1.8514
    7109       1.8706
    7110       1.7706
    7111       1.7407
    7112       1.6774
    7113       1.7806
    7114       1.8504
    7115       1.8595
    7116       1.8507
    7117       1.7724
    7118       1.7495
    7119       1.7436
    7120       1.7985
    7121       1.8368
    7122       1.8211
    7123       1.7981
    7124       1.7157
    7125       1.7157
    7126       1.7717
    7127       1.7350
    7128       1.7619
    7129       1.7214
    7130       1.7139
    7131       1.6623
    7132       1.7046
    7133       1.6500
    7134       1.6315
    7135       1.6620
    7136       1.6639
    7137       1.6679
    7138       1.7001
    7139       1.7436
    7140       1.7061
    7141       1.6357
    7142       1.7540
    7143       1.8055
    7144       1.7747
    7145       1.8422
    7146       1.7370
    7147       1.7897
    7148       1.6947
    7149       1.6478
    7150       1.5926
    7151       1.6930
    7152       1.6470
    7153       1.7277
    7154       1.7503
    7155       1.7309
    7156       1.7543
    7157       1.7582
    7158       1.7439
    7159       1.7219
    7160       1.6994
    7161       1.6699
    7162       1.6243
    7163       1.6413
    7164       1.5949
    7165       1.6267
    7166       1.5158
    7167       1.5028
    7168       1.5570
    7169       1.5139
    7170       1.5446
    7171       1.5689
    7172       1.5428
    7173       1.5130
    7174       1.5898
    7175       1.6804
    7176       1.6049
    7177       1.6312
    7178       1.6233
    7179       1.5957
    7180       1.5879
    7181       1.5890
    7182       1.5402
    7183       1.5978
    7184       1.6331
    7185       1.6050
    7186       1.6337
    7187       1.6836
    7188       1.7116
    7189       1.6985
    7190       1.6519
    7191       1.6414
    7192       1.6614
    7193       1.5708
    7194       1.4691
    7195       1.5481
    7196       1.5516
    7197       1.5481
    7198       1.5404
    7199       1.5374
    7200       1.4938
    7201       1.5310
    7202       1.5639
    7203       1.5722
    7204       1.5400
    7205       1.5745
    7206       1.5856
    7207       1.5863
    7208       1.6396
    7209       1.5910
    7210       1.5767
    7211       1.5134
    7212       1.5756
    7213       1.5590
    7214       1.6122
    7215       1.5800
    7216       1.6289
    7217       1.6692
    7218       1.7288
    7219       1.7551
    7220       1.7445
    7221       1.7530
    7222       1.7393
    7223       1.7388
    7224       1.7491
    7225       1.6711
    7226       1.5742
    7227       1.5563
    7228       1.5816
    7229       1.6185
    7230       1.5659
    7231       1.5627
    7232       1.6718
    7233       1.7681
    7234       1.7116
    7235       1.7780
    7236       1.7705
    7237       1.7894
    7238       1.6946
    7239       1.7498
    7240       1.8156
    7241       1.7792
    7242       1.7664
    7243       1.7178
    7244       1.7486
    7245       1.7568
    7246       1.6709
    7247       1.7504
    7248       1.7278
    7249       1.6930
    7250       1.6431
    7251       1.6683
    7252       1.6883
    7253       1.6710
    7254       1.6982
    7255       1.7223
    7256       1.6905
    7257       1.5607
    7258       1.5511
    7259       1.6045
    7260       1.5946
    7261       1.6004
    7262       1.7043
    7263       1.8019
    7264       1.8160
    7265       1.7570
    7266       1.7492
    7267       1.7596
    7268       1.8382
    7269       1.7325
    7270       1.7618
    7271       1.7897
    7272       1.8254
    7273       1.9295
    7274       1.8510
    7275       1.7823
    7276       1.6764
    7277       1.6994
    7278       1.6600
    7279       1.6290
    7280       1.7047
    7281       1.7647
    7282       1.8010
    7283       1.7262
    7284       1.7273
    7285       1.7794
    7286       1.8289
    7287       1.7320
    7288       1.6790
    7289       1.7395
    7290       1.7247
    7291       1.7529
    7292       1.7237
    7293       1.7012
    7294       1.6852
    7295       1.6256
    7296       1.7436
    7297       1.6293
    7298       1.5294
    7299       1.5561
    7300       1.5963
    7301       1.5594
    7302       1.5297
    7303       1.5417
    7304       1.5718
    7305       1.6723
    7306       1.5968
    7307       1.6755
    7308       1.6597
    7309       1.6409
    7310       1.6424
    7311       1.5540
    7312       1.6168
    7313       1.6904
    7314       1.6819
    7315       1.6954
    7316       1.7403
    7317       1.7141
    7318       1.7535
    7319       1.7103
    7320       1.7402
    7321       1.7204
    7322       1.8431
    7323       1.8647
    7324       1.8741
    7325       1.9118
    7326       1.8934
    7327       1.8287
    7328       1.7639
    7329       1.7585
    7330       1.8381
    7331       1.8299
    7332       1.7939
    7333       1.8258
    7334       1.8241
    7335       1.8524
    7336       1.8384
    7337       1.7767
    7338       1.8282
    7339       1.7746
    7340       1.8290
    7341       1.8250
    7342       1.7718
    7343       1.7787
    7344       1.7985
    7345       1.7673
    7346       1.7442
    7347       1.7580
    7348       1.7450
    7349       1.7432
    7350       1.6639
    7351       1.7451
    7352       1.5829
    7353       1.6280
    7354       1.6110
    7355       1.6138
    7356       1.6119
    7357       1.5594
    7358       1.5654
    7359       1.5170
    7360       1.5068
    7361       1.6195
    7362       1.6350
    7363       1.6142
    7364       1.5701
    7365       1.6913
    7366       1.6279
    7367       1.4987
    7368       1.4919
    7369       1.5661
    7370       1.5770
    7371       1.5491
    7372       1.5752
    7373       1.5982
    7374       1.6634
    7375       1.6352
    7376       1.6725
    7377       1.6422
    7378       1.6731
    7379       1.6864
    7380       1.6032
    7381       1.6639
    7382       1.6360
    7383       1.6572
    7384       1.6123
    7385       1.4853
    7386       1.5254
    7387       1.5425
    7388       1.4823
    7389       1.4721
    7390       1.4843
    7391       1.4894
    7392       1.4676
    7393       1.4850
    7394       1.4085
    7395       1.4297
    7396       1.4665
    7397       1.5128
    7398       1.5644
    7399       1.5222
    7400       1.5156
    7401       1.4161
    7402       1.3780
    7403       1.4900
    7404       1.5352
    7405       1.6038
    7406       1.6153
    7407       1.6772
    7408       1.6694
    7409       1.6447
    7410       1.5804
    7411       1.5418
    7412       1.5105
    7413       1.5054
    7414       1.5082
    7415       1.4830
    7416       1.4944
    7417       1.4641
    7418       1.4852
    7419       1.4788
    7420       1.5592
    7421       1.5518
    7422       1.5277
    7423       1.4905
    7424       1.4958
    7425       1.5522
    7426       1.5530
    7427       1.5713
    7428       1.6265
    7429       1.6646
    7430       1.6877
    7431       1.6099
    7432       1.6194
    7433       1.6059
    7434       1.6262
    7435       1.5960
    7436       1.6551
    7437       1.6801
    7438       1.7019
    7439       1.7190
    7440       1.7186
    7441       1.6954
    7442       1.7149
    7443       1.8317
    7444       1.7915
    7445       1.7320
    7446       1.6819
    7447       1.6369
    7448       1.5942
    7449       1.6106
    7450       1.7214
    7451       1.6537
    7452       1.6545
    7453       1.6931
    7454       1.6760
    7455       1.6976
    7456       1.7260
    7457       1.6462
    7458       1.7297
    7459       1.7309
    7460       1.7536
    7461       1.7703
    7462       1.8538
    7463       1.7982
    7464       1.9087
    7465       1.7941
    7466       1.8255
    7467       1.7989
    7468       1.7744
    7469       1.7378
    7470       1.7261
    7471       1.6649
    7472       1.6116
    7473       1.6574
    7474       1.6113
    7475       1.6084
    7476       1.6183
    7477       1.6302
    7478       1.5920
    7479       1.6421
    7480       1.6914
    7481       1.7126
    7482       1.6645
    7483       1.6994
    7484       1.7340
    7485       1.7172
    7486       1.6700
    7487       1.6982
    7488       1.7246
    7489       1.7004
    7490       1.6979
    7491       1.6881
    7492       1.6736
    7493       1.6238
    7494       1.6922
    7495       1.7972
    7496       1.7612
    7497       1.7839
    7498       1.6734
    7499       1.6615
    7500       1.6095
    7501       1.7026
    7502       1.6977
    7503       1.6494
    7504       1.6444
    7505       1.6416
    7506       1.6122
    7507       1.6248
    7508       1.6394
    7509       1.6572
    7510       1.6129
    7511       1.6843
    7512       1.5755
    7513       1.5553
    7514       1.5677
    7515       1.5474
    7516       1.5469
    7517       1.5459
    7518       1.5520
    7519       1.4876
    7520       1.5756
    7521       1.5471
    7522       1.4628
    7523       1.5284
    7524       1.5491
    7525       1.6177
    7526       1.6572
    7527       1.5970
    7528       1.6096
    7529       1.7551
    7530       1.7813
    7531       1.7127
    7532       1.6937
    7533       1.7195
    7534       1.7105
    7535       1.6490
    7536       1.6990
    7537       1.7147
    7538       1.6004
    7539       1.6591
    7540       1.7049
    7541       1.7162
    7542       1.6653
    7543       1.6446
    7544       1.6889
    7545       1.7009
    7546       1.5887
    7547       1.5747
    7548       1.5672
    7549       1.5323
    7550       1.6207
    7551       1.6095
    7552       1.5795
    7553       1.5950
    7554       1.5494
    7555       1.5265
    7556       1.6132
    7557       1.5866
    7558       1.5903
    7559       1.7193
    7560       1.5983
    7561       1.6494
    7562       1.6232
    7563       1.6629
    7564       1.6597
    7565       1.6669
    7566       1.6088
    7567       1.6029
    7568       1.6272
    7569       1.6235
    7570       1.6098
    7571       1.5885
    7572       1.6103
    7573       1.6119
    7574       1.4917
    7575       1.5337
    7576       1.5405
    7577       1.4234
    7578       1.4717
    7579       1.4268
    7580       1.4850
    7581       1.4442
    7582       1.4764
    7583       1.5575
    7584       1.4482
    7585       1.4853
    7586       1.4892
    7587       1.4770
    7588       1.4787
    7589       1.4745
    7590       1.5199
    7591       1.5227
    7592       1.5761
    7593       1.5714
    7594       1.5773
    7595       1.6014
    7596       1.5789
    7597       1.5420
    7598       1.5138
    7599       1.5539
    7600       1.5467
    7601       1.5985
    7602       1.5631
    7603       1.6123
    7604       1.5359
    7605       1.5027
    7606       1.5598
    7607       1.6352
    7608       1.6514
    7609       1.6069
    7610       1.4962
    7611       1.4823
    7612       1.5627
    7613       1.5905
    7614       1.6409
    7615       1.7344
    7616       1.7074
    7617       1.6368
    7618       1.6865
    7619       1.6626
    7620       1.6473
    7621       1.6321
    7622       1.6220
    7623       1.5844
    7624       1.6326
    7625       1.5762
    7626       1.5457
    7627       1.5375
    7628       1.5995
    7629       1.6419
    7630       1.5954
    7631       1.5495
    7632       1.5801
    7633       1.5141
    7634       1.5995
    7635       1.6119
    7636       1.4961
    7637       1.4881
    7638       1.5242
    7639       1.4617
    7640       1.4328
    7641       1.4970
    7642       1.4803
    7643       1.5503
    7644       1.5556
    7645       1.5856
    7646       1.6535
    7647       1.6394
    7648       1.6393
    7649       1.5671
    7650       1.6116
    7651       1.5326
    7652       1.5756
    7653       1.5818
    7654       1.5863
    7655       1.5892
    7656       1.5607
    7657       1.5677
    7658       1.5968
    7659       1.5396
    7660       1.6255
    7661       1.6590
    7662       1.6410
    7663       1.6387
    7664       1.5904
    7665       1.5622
    7666       1.6256
    7667       1.5725
    7668       1.5689
    7669       1.6420
    7670       1.6341
    7671       1.6890
    7672       1.7155
    7673       1.7191
    7674       1.6655
    7675       1.6525
    7676       1.6196
    7677       1.6049
    7678       1.6644
    7679       1.6805
    7680       1.6987
    7681       1.6780
    7682       1.7708
    7683       1.6588
    7684       1.6357
    7685       1.6062
    7686       1.6282
    7687       1.5181
    7688       1.5441
    7689       1.5353
    7690       1.6251
    7691       1.7055
    7692       1.6601
    7693       1.6495
    7694       1.8283
    7695       1.7764
    7696       1.7546
    7697       1.7348
    7698       1.7330
    7699       1.7011
    7700       1.7361
    7701       1.7099
    7702       1.6767
    7703       1.6739
    7704       1.6781
    7705       1.6869
    7706       1.6535
    7707       1.7028
    7708       1.6035
    7709       1.6058
    7710       1.6826
    7711       1.6051
    7712       1.6796
    7713       1.7686
    7714       1.7596
    7715       1.6733
    7716       1.6787
    7717       1.6267
    7718       1.6826
    7719       1.7389
    7720       1.7483
    7721       1.6805
    7722       1.7147
    7723       1.6867
    7724       1.6251
    7725       1.5391
    7726       1.6114
    7727       1.6240
    7728       1.6241
    7729       1.6211
    7730       1.7402
    7731       1.7537
    7732       1.7776
    7733       1.7918
    7734       1.7336
    7735       1.7269
    7736       1.7429
    7737       1.6871
    7738       1.6149
    7739       1.6694
    7740       1.5634
    7741       1.6116
    7742       1.5940
    7743       1.5752
    7744       1.5032
    7745       1.4808
    7746       1.5709
    7747       1.4901
    7748       1.5591
    7749       1.5507
    7750       1.4693
    7751       1.5375
    7752       1.5923
    7753       1.6017
    7754       1.5721
    7755       1.6677
    7756       1.6109
    7757       1.5553
    7758       1.5149
    7759       1.5708
    7760       1.6000
    7761       1.5381
    7762       1.5856
    7763       1.5759
    7764       1.5926
    7765       1.6240
    7766       1.6075
    7767       1.5343
    7768       1.5320
    7769       1.5423
    7770       1.5717
    7771       1.5532
    7772       1.6334
    7773       1.5499
    7774       1.5651
    7775       1.7170
    7776       1.7135
    7777       1.6339
    7778       1.6569
    7779       1.6939
    7780       1.6993
    7781       1.7186
    7782       1.7384
    7783       1.6740
    7784       1.6183
    7785       1.5989
    7786       1.6911
    7787       1.5552
    7788       1.5616
    7789       1.6587
    7790       1.6010
    7791       1.7192
    7792       1.7638
    7793       1.7515
    7794       1.7276
    7795       1.7160
    7796       1.6343
    7797       1.5603
    7798       1.5987
    7799       1.5553
    7800       1.6165
    7801       1.5988
    7802       1.5702
    7803       1.5207
    7804       1.4895
    7805       1.5350
    7806       1.5252
    7807       1.5233
    7808       1.5514
    7809       1.5162
    7810       1.5239
    7811       1.5240
    7812       1.5383
    7813       1.5102
    7814       1.6110
    7815       1.5431
    7816       1.6229
    7817       1.6645
    7818       1.7052
    7819       1.6416
    7820       1.6558
    7821       1.6210
    7822       1.5773
    7823       1.5372
    7824       1.6833
    7825       1.6260
    7826       1.5394
    7827       1.5058
    7828       1.5202
    7829       1.4947
    7830       1.5917
    7831       1.5747
    7832       1.5634
    7833       1.5520
    7834       1.5552
    7835       1.5922
    7836       1.5252
    7837       1.5583
    7838       1.6263
    7839       1.6429
    7840       1.6360
    7841       1.6308
    7842       1.5385
    7843       1.4963
    7844       1.4417
    7845       1.4322
    7846       1.3597
    7847       1.4219
    7848       1.3943
    7849       1.3888
    7850       1.3770
    7851       1.3741
    7852       1.3491
    7853       1.4200
    7854       1.4672
    7855       1.5035
    7856       1.5126
    7857       1.5984
    7858       1.5116
    7859       1.5208
    7860       1.5970
    7861       1.5915
    7862       1.5595
    7863       1.5395
    7864       1.5436
    7865       1.5039
    7866       1.5200
    7867       1.4660
    7868       1.4912
    7869       1.4979
    7870       1.4920
    7871       1.5427
    7872       1.5062
    7873       1.5217
    7874       1.5074
    7875       1.4477
    7876       1.4795
    7877       1.4749
    7878       1.5584
    7879       1.4730
    7880       1.4998
    7881       1.5054
    7882       1.5134
    7883       1.4008
    7884       1.4723
    7885       1.4095
    7886       1.4869
    7887       1.5187
    7888       1.4433
    7889       1.4374
    7890       1.4292
    7891       1.4468
    7892       1.4994
    7893       1.5084
    7894       1.4675
    7895       1.5101
    7896       1.4340
    7897       1.3980
    7898       1.4616
    7899       1.4788
    7900       1.4769
    7901       1.5438
    7902       1.5138
    7903       1.5708
    7904       1.5799
    7905       1.5127
    7906       1.4880
    7907       1.5377
    7908       1.4783
    7909       1.4205
    7910       1.4932
    7911       1.5693
    7912       1.5126
    7913       1.5285
    7914       1.5156
    7915       1.5153
    7916       1.5462
    7917       1.5529
    7918       1.6061
    7919       1.6196
    7920       1.5780
    7921       1.5244
    7922       1.5109
    7923       1.5884
    7924       1.6772
    7925       1.6099
    7926       1.5902
    7927       1.5311
    7928       1.5791
    7929       1.5407
    7930       1.5863
    7931       1.5366
    7932       1.4890
    7933       1.4380
    7934       1.5078
    7935       1.5680
    7936       1.6659
    7937       1.6442
    7938       1.6357
    7939       1.7202
    7940       1.7624
    7941       1.7182
    7942       1.7358
    7943       1.7138
    7944       1.7214
    7945       1.7692
    7946       1.7495
    7947       1.8687
    7948       1.8424
    7949       1.8594
    7950       1.8044
    7951       1.7356
    7952       1.7772
    7953       1.8372
    7954       1.8124
    7955       1.7615
    7956       1.7068
    7957       1.7210
    7958       1.7401
    7959       1.6281
    7960       1.6385
    7961       1.6204
    7962       1.6291
    7963       1.6017
    7964       1.5499
    7965       1.6021
    7966       1.5731
    7967       1.5322
    7968       1.5040
    7969       1.6050
    7970       1.6407
    7971       1.6502
    7972       1.6501
    7973       1.6243
    7974       1.6215
    7975       1.6169
    7976       1.6529
    7977       1.5941
    7978       1.6244
    7979       1.5879
    7980       1.5742
    7981       1.5420
    7982       1.5610
    7983       1.6271
    7984       1.7639
    7985       1.7046
    7986       1.6617
    7987       1.7303
    7988       1.7240
    7989       1.7309
    7990       1.7496
    7991       1.7026
    7992       1.7109
    7993       1.6427
    7994       1.5812
    7995       1.5806
    7996       1.5795
    7997       1.6832
    7998       1.6451
    7999       1.6640
    8000       1.6762
    8001       1.5664
    8002       1.6281
    8003       1.6428
    8004       1.5948
    8005       1.6746
    8006       1.6552
    8007       1.6546
    8008       1.7141
    8009       1.6525
    8010       1.6397
    8011       1.6728
    8012       1.6748
    8013       1.5981
    8014       1.6037
    8015       1.6573
    8016       1.6784
    8017       1.6721
    8018       1.6463
    8019       1.6459
    8020       1.7030
    8021       1.7150
    8022       1.6476
    8023       1.5637
    8024       1.5865
    8025       1.5877
    8026       1.5450
    8027       1.4872
    8028       1.5902
    8029       1.5628
    8030       1.5972
    8031       1.5846
    8032       1.5330
    8033       1.6329
    8034       1.5855
    8035       1.5061
    8036       1.5025
    8037       1.5719
    8038       1.6055
    8039       1.6087
    8040       1.5101
    8041       1.4778
    8042       1.4814
    8043       1.4562
    8044       1.5011
    8045       1.5243
    8046       1.5650
    8047       1.5747
    8048       1.5878
    8049       1.5710
    8050       1.5163
    8051       1.6053
    8052       1.5998
    8053       1.5077
    8054       1.5891
    8055       1.5651
    8056       1.5465
    8057       1.5285
    8058       1.5848
    8059       1.5922
    8060       1.6049
    8061       1.6146
    8062       1.6330
    8063       1.6680
    8064       1.7175
    8065       1.7253
    8066       1.6343
    8067       1.5815
    8068       1.5897
    8069       1.5447
    8070       1.5729
    8071       1.5444
    8072       1.5891
    8073       1.6714
    8074       1.7298
    8075       1.6677
    8076       1.7230
    8077       1.6423
    8078       1.6632
    8079       1.5969
    8080       1.6466
    8081       1.7123
    8082       1.6589
    8083       1.5651
    8084       1.5883
    8085       1.5856
    8086       1.6659
    8087       1.5990
    8088       1.5864
    8089       1.6121
    8090       1.6399
    8091       1.7131
    8092       1.7047
    8093       1.7410
    8094       1.6993
    8095       1.7707
    8096       1.7702
    8097       1.6636
    8098       1.7354
    8099       1.7332
    8100       1.7582
    8101       1.7487
    8102       1.7621
    8103       1.6985
    8104       1.7668
    8105       1.7524
    8106       1.7707
    8107       1.7862
    8108       1.7704
    8109       1.7711
    8110       1.7495
    8111       1.7551
    8112       1.7156
    8113       1.5900
    8114       1.5888
    8115       1.6365
    8116       1.5640
    8117       1.5876
    8118       1.6500
    8119       1.7031
    8120       1.6816
    8121       1.6835
    8122       1.6232
    8123       1.5949
    8124       1.5833
    8125       1.6010
    8126       1.6719
    8127       1.6681
    8128       1.5938
    8129       1.3985
    8130       1.4858
    8131       1.4675
    8132       1.6096
    8133       1.6207
    8134       1.5160
    8135       1.4676
    8136       1.4686
    8137       1.4800
    8138       1.5126
    8139       1.5233
    8140       1.4900
    8141       1.5794
    8142       1.5122
    8143       1.5163
    8144       1.5704
    8145       1.5510
    8146       1.4932
    8147       1.4431
    8148       1.4500
    8149       1.4407
    8150       1.4787
    8151       1.4641
    8152       1.3813
    8153       1.3837
    8154       1.3648
    8155       1.4437
    8156       1.3786
    8157       1.4591
    8158       1.5316
    8159       1.5905
    8160       1.5379
    8161       1.6036
    8162       1.5605
    8163       1.6423
    8164       1.5773
    8165       1.6030
    8166       1.5274
    8167       1.5385
    8168       1.4597
    8169       1.5350
    8170       1.5416
    8171       1.5469
    8172       1.5356
    8173       1.4830
    8174       1.5831
    8175       1.6107
    8176       1.6347
    8177       1.6022
    8178       1.5397
    8179       1.6154
    8180       1.5537
    8181       1.4684
    8182       1.5397
    8183       1.5722
    8184       1.5619
    8185       1.4961
    8186       1.5275
    8187       1.5263
    8188       1.6124
    8189       1.5936
    8190       1.6361
    8191       1.5208
    8192       1.4999
    8193       1.6132
    8194       1.5991
    8195       1.5744
    8196       1.5435
    8197       1.4743
    8198       1.5211
    8199       1.5122
    8200       1.5726
    8201       1.5074
    8202       1.6335
    8203       1.5995
    8204       1.6105
    8205       1.5719
    8206       1.6386
    8207       1.7195
    8208       1.7040
    8209       1.6870
    8210       1.6282
    8211       1.5634
    8212       1.5811
    8213       1.6022
    8214       1.5818
    8215       1.6049
    8216       1.5551
    8217       1.4623
    8218       1.4378
    8219       1.4121
    8220       1.5214
    8221       1.5095
    8222       1.4668
    8223       1.4507
    8224       1.4349
    8225       1.4101
    8226       1.4260
    8227       1.3950
    8228       1.4645
    8229       1.4780
    8230       1.4626
    8231       1.4563
    8232       1.4535
    8233       1.4692
    8234       1.4474
    8235       1.4718
    8236       1.4767
    8237       1.4827
    8238       1.5060
    8239       1.4552
    8240       1.4811
    8241       1.4390
    8242       1.4183
    8243       1.5022
    8244       1.5363
    8245       1.4995
    8246       1.5555
    8247       1.5794
    8248       1.5567
    8249       1.5502
    8250       1.6020
    8251       1.5907
    8252       1.6221
    8253       1.5423
    8254       1.5966
    8255       1.6451
    8256       1.6117
    8257       1.6627
    8258       1.6922
    8259       1.7017
    8260       1.6775
    8261       1.7742
    8262       1.7690
    8263       1.8002
    8264       1.8171
    8265       1.7623
    8266       1.7756
    8267       1.7120
    8268       1.6240
    8269       1.6354
    8270       1.6351
    8271       1.6863
    8272       1.6373
    8273       1.6457
    8274       1.7025
    8275       1.6432
    8276       1.6319
    8277       1.6497
    8278       1.6454
    8279       1.6593
    8280       1.6436
    8281       1.6993
    8282       1.7156
    8283       1.6994
    8284       1.7290
    8285       1.6154
    8286       1.6947
    8287       1.7026
    8288       1.7656
    8289       1.7881
    8290       1.9147
    8291       1.8629
    8292       1.8572
    8293       1.7036
    8294       1.8045
    8295       1.8164
    8296       1.7939
    8297       1.8190
    8298       1.8649
    8299       1.9126
    8300       1.8104
    8301       1.7872
    8302       1.7646
    8303       1.7466
    8304       1.8074
    8305       1.6610
    8306       1.8115
    8307       1.8143
    8308       1.8754
    8309       1.9458
    8310       1.9077
    8311       1.9868
    8312       1.8827
    8313       1.9320
    8314       1.8851
    8315       1.8545
    8316       1.8265
    8317       1.8287
    8318       1.8321
    8319       1.8812
    8320       1.8492
    8321       1.7436
    8322       1.7287
    8323       1.6887
    8324       1.6848
    8325       1.6736
    8326       1.7428
    8327       1.7387
    8328       1.6763
    8329       1.6905
    8330       1.6765
    8331       1.6267
    8332       1.5780
    8333       1.6878
    8334       1.7116
    8335       1.6285
    8336       1.5097
    8337       1.5572
    8338       1.5057
    8339       1.5105
    8340       1.5266
    8341       1.4600
    8342       1.4448
    8343       1.5008
    8344       1.4304
    8345       1.4192
    8346       1.4930
    8347       1.5481
    8348       1.4600
    8349       1.4024
    8350       1.4620
    8351       1.4592
    8352       1.4914
    8353       1.5366
    8354       1.5522
    8355       1.5311
    8356       1.4823
    8357       1.5647
    8358       1.4846
    8359       1.5580
    8360       1.5714
    8361       1.5441
    8362       1.5246
    8363       1.6215
    8364       1.6049
    8365       1.5969
    8366       1.5164
    8367       1.5767
    8368       1.4899
    8369       1.4745
    8370       1.5178
    8371       1.4894
    8372       1.5336
    8373       1.4965
    8374       1.4624
    8375       1.4102
    8376       1.5069
    8377       1.4833
    8378       1.4903
    8379       1.5182
    8380       1.5189
    8381       1.5561
    8382       1.5756
    8383       1.5693
    8384       1.5713
    8385       1.5726
    8386       1.5579
    8387       1.5109
    8388       1.5165
    8389       1.6997
    8390       1.7278
    8391       1.5939
    8392       1.6149
    8393       1.4435
    8394       1.5608
    8395       1.6385
    8396       1.5897
    8397       1.6294
    8398       1.6128
    8399       1.5311
    8400       1.5121
    8401       1.5829
    8402       1.6544
    8403       1.7006
    8404       1.7240
    8405       1.6409
    8406       1.6170
    8407       1.6017
    8408       1.7285
    8409       1.6820
    8410       1.6693
    8411       1.6085
    8412       1.5766
    8413       1.5520
    8414       1.5684
    8415       1.5177
    8416       1.5469
    8417       1.4888
    8418       1.4710
    8419       1.5836
    8420       1.5138
    8421       1.5308
    8422       1.6012
    8423       1.6153
    8424       1.5523
    8425       1.5821
    8426       1.5768
    8427       1.6262
    8428       1.6070
    8429       1.5295
    8430       1.5809
    8431       1.6385
    8432       1.5802
    8433       1.5914
    8434       1.5317
    8435       1.6191
    8436       1.6193
    8437       1.5666
    8438       1.5986
    8439       1.5540
    8440       1.5121
    8441       1.5723
    8442       1.5127
    8443       1.4978
    8444       1.5464
    8445       1.6003
    8446       1.6464
    8447       1.5660
    8448       1.5572
    8449       1.5155
    8450       1.5621
    8451       1.5860
    8452       1.5691
    8453       1.4958
    8454       1.5432
    8455       1.5350
    8456       1.5420
    8457       1.5767
    8458       1.6072
    8459       1.5600
    8460       1.6000
    8461       1.6517
    8462       1.6372
    8463       1.6425
    8464       1.6421
    8465       1.6393
    8466       1.5328
    8467       1.6135
    8468       1.5935
    8469       1.5317
    8470       1.5502
    8471       1.4553
    8472       1.4468
    8473       1.5528
    8474       1.4810
    8475       1.4723
    8476       1.5414
    8477       1.5402
    8478       1.4795
    8479       1.5943
    8480       1.6432
    8481       1.6182
    8482       1.6952
    8483       1.6486
    8484       1.5789
    8485       1.5617
    8486       1.5340
    8487       1.5439
    8488       1.4844
    8489       1.4896
    8490       1.4818
    8491       1.4346
    8492       1.4593
    8493       1.5188
    8494       1.5673
    8495       1.6067
    8496       1.6152
    8497       1.6275
    8498       1.6373
    8499       1.6632
    8500       1.6468
    8501       1.6396
    8502       1.5983
    8503       1.6321
    8504       1.6399
    8505       1.7034
    8506       1.7224
    8507       1.7347
    8508       1.7244
    8509       1.8414
    8510       1.8378
    8511       1.8471
    8512       1.8743
    8513       1.8329
    8514       1.7634
    8515       1.7721
    8516       1.7891
    8517       1.8032
    8518       1.8267
    8519       1.7591
    8520       1.7641
    8521       1.7917
    8522       1.7826
    8523       1.8346
    8524       1.8476
    8525       1.9050
    8526       1.9158
    8527       1.9614
    8528       1.8795
    8529       1.8910
    8530       1.9358
    8531       1.9492
    8532       1.9697
    8533       2.0891
    8534       2.0550
    8535       1.9621
    8536       1.9447
    8537       1.9134
    8538       1.9541
    8539       1.8850
    8540       1.9150
    8541       1.9447
    8542       1.8912
    8543       1.9221
    8544       1.9156
    8545       1.9711
    8546       1.8940
    8547       1.9189
    8548       1.9443
    8549       1.8629
    8550       1.8733
    8551       1.9252
    8552       1.8246
    8553       1.7975
    8554       1.9098
    8555       1.8091
    8556       1.8433
    8557       1.8177
    8558       1.8212
    8559       1.8478
    8560       1.7490
    8561       1.7487
    8562       1.7817
    8563       1.7697
    8564       1.8403
    8565       1.8057
    8566       1.7203
    8567       1.7048
    8568       1.6739
    8569       1.7014
    8570       1.7439
    8571       1.6400
    8572       1.6661
    8573       1.6373
    8574       1.6403
    8575       1.6566
    8576       1.6744
    8577       1.6204
    8578       1.6364
    8579       1.7221
    8580       1.7608
    8581       1.7462
    8582       1.8098
    8583       1.7464
    8584       1.7350
    8585       1.7217
    8586       1.7324
    8587       1.7403
    8588       1.7079
    8589       1.7559
    8590       1.7083
    8591       1.6473
    8592       1.6412
    8593       1.6285
    8594       1.6855
    8595       1.7197
    8596       1.6212
    8597       1.6354
    8598       1.6623
    8599       1.6470
    8600       1.6453
    8601       1.6870
    8602       1.7225
    8603       1.7295
    8604       1.7411
    8605       1.6844
    8606       1.6568
    8607       1.6007
    8608       1.5442
    8609       1.6892
    8610       1.6784
    8611       1.6302
    8612       1.6096
    8613       1.6864
    8614       1.6794
    8615       1.6186
    8616       1.6437
    8617       1.6027
    8618       1.6184
    8619       1.6101
    8620       1.6240
    8621       1.6320
    8622       1.5795
    8623       1.5755
    8624       1.5453
    8625       1.6642
    8626       1.7508
    8627       1.6968
    8628       1.7634
    8629       1.7096
    8630       1.7314
    8631       1.7694
    8632       1.7108
    8633       1.6583
    8634       1.6550
    8635       1.6458
    8636       1.6611
    8637       1.6927
    8638       1.7961
    8639       1.8223
    8640       1.7743
    8641       1.8098
    8642       1.8080
    8643       1.7556
    8644       1.7835
    8645       1.7882
    8646       1.7444
    8647       1.7556
    8648       1.7611
    8649       1.7498
    8650       1.8055
    8651       1.6852
    8652       1.7139
    8653       1.7538
    8654       1.7803
    8655       1.7026
    8656       1.6627
    8657       1.6460
    8658       1.6678
    8659       1.6261
    8660       1.5280
    8661       1.6233
    8662       1.6222
    8663       1.6246
    8664       1.7050
    8665       1.7044
    8666       1.6501
    8667       1.6840
    8668       1.7561
    8669       1.7193
    8670       1.6092
    8671       1.5884
    8672       1.5807
    8673       1.6406
    8674       1.6734
    8675       1.6769
    8676       1.6237
    8677       1.6348
    8678       1.6869
    8679       1.7126
    8680       1.6210
    8681       1.6059
    8682       1.5532
    8683       1.6275
    8684       1.6579
    8685       1.6886
    8686       1.6770
    8687       1.6965
    8688       1.5961
    8689       1.6588
    8690       1.6855
    8691       1.6825
    8692       1.7047
    8693       1.7343
    8694       1.7537
    8695       1.7993
    8696       1.8004
    8697       1.7619
    8698       1.7258
    8699       1.6929
    8700       1.6771
    8701       1.6888
    8702       1.7498
    8703       1.8105
    8704       1.7942
    8705       1.7567
    8706       1.6715
    8707       1.5935
    8708       1.6614
    8709       1.7140
    8710       1.7958
    8711       1.7528
    8712       1.7662
    8713       1.6624
    8714       1.6648
    8715       1.7426
    8716       1.8244
    8717       1.7753
    8718       1.6600
    8719       1.7004
    8720       1.6876
    8721       1.7319
    8722       1.7565
    8723       1.7010
    8724       1.7700
    8725       1.7763
    8726       1.7728
    8727       1.7301
    8728       1.6793
    8729       1.6549
    8730       1.7446
    8731       1.7845
    8732       1.6568
    8733       1.6866
    8734       1.7164
    8735       1.7088
    8736       1.6817
    8737       1.7270
    8738       1.6928
    8739       1.7217
    8740       1.7319
    8741       1.6950
    8742       1.7149
    8743       1.7111
    8744       1.8082
    8745       1.7513
    8746       1.7267
    8747       1.7567
    8748       1.8133
    8749       1.7769
    8750       1.8054
    8751       1.7914
    8752       1.7469
    8753       1.6703
    8754       1.6659
    8755       1.6654
    8756       1.7522
    8757       1.7127
    8758       1.6794
    8759       1.7192
    8760       1.7573
    8761       1.7943
    8762       1.8588
    8763       1.7745
    8764       1.7353
    8765       1.7804
    8766       1.8136
    8767       1.7585
    8768       1.7417
    8769       1.7988
    8770       1.8179
    8771       1.7670
    8772       1.7468
    8773       1.6606
    8774       1.6949
    8775       1.6812
    8776       1.7864
    8777       1.7686
    8778       1.7800
    8779       1.7593
    8780       1.8213
    8781       1.8320
    8782       1.8132
    8783       1.7460
    8784       1.8121
    8785       1.7804
    8786       1.7951
    8787       1.7669
    8788       1.7314
    8789       1.7261
    8790       1.6100
    8791       1.6031
    8792       1.6499
    8793       1.6838
    8794       1.6671
    8795       1.6755
    8796       1.7179
    8797       1.6824
    8798       1.6654
    8799       1.6926
    8800       1.6813
    8801       1.7051
    8802       1.7087
    8803       1.7711
    8804       1.7369
    8805       1.6756
    8806       1.6583
    8807       1.6695
    8808       1.5364
    8809       1.5899
    8810       1.5686
    8811       1.5479
    8812       1.5999
    8813       1.6196
    8814       1.5656
    8815       1.6030
    8816       1.5492
    8817       1.6563
    8818       1.6767
    8819       1.7568
    8820       1.7860
    8821       1.8008
    8822       1.7484
    8823       1.7627
    8824       1.8917
    8825       1.8503
    8826       1.8723
    8827       1.8745
    8828       1.9193
    8829       1.8326
    8830       1.9053
    8831       1.7893
    8832       1.7624
    8833       1.7769
    8834       1.7320
    8835       1.8031
    8836       1.7137
    8837       1.7075
    8838       1.6816
    8839       1.6345
    8840       1.6589
    8841       1.6495
    8842       1.6711
    8843       1.7119
    8844       1.6908
    8845       1.7345
    8846       1.7325
    8847       1.7072
    8848       1.7280
    8849       1.7660
    8850       1.6543
    8851       1.6766
    8852       1.7287
    8853       1.8113
    8854       1.8888
    8855       1.9247
    8856       1.8372
    8857       1.8254
    8858       1.7799
    8859       1.8647
    8860       1.8130
    8861       1.9073
    8862       1.8560
    8863       1.8841
    8864       1.9080
    8865       1.8296
    8866       1.8166
    8867       1.8394
    8868       1.7889
    8869       1.7828
    8870       1.8356
    8871       1.7579
    8872       1.7375
    8873       1.6839
    8874       1.6134
    8875       1.6154
    8876       1.7048
    8877       1.6955
    8878       1.6550
    8879       1.6510
    8880       1.7259
    8881       1.7225
    8882       1.7158
    8883       1.7531
    8884       1.7288
    8885       1.7149
    8886       1.7506
    8887       1.7314
    8888       1.7894
    8889       1.7356
    8890       1.7837
    8891       1.8474
    8892       1.7430
    8893       1.6054
    8894       1.7049
    8895       1.6626
    8896       1.8323
    8897       1.7842
    8898       1.7914
    8899       1.7817
    8900       1.6756
    8901       1.7690
    8902       1.8069
    8903       1.8064
    8904       1.8315
    8905       1.7895
    8906       1.8945
    8907       1.9640
    8908       1.8919
    8909       1.8081
    8910       1.8110
    8911       1.7765
    8912       1.7430
    8913       1.8721
    8914       1.7750
    8915       1.7658
    8916       1.8442
    8917       1.9023
    8918       1.8378
    8919       1.8331
    8920       1.8519
    8921       1.8555
    8922       1.7926
    8923       1.8638
    8924       1.8109
    8925       1.7886
    8926       1.8016
    8927       1.8710
    8928       1.9041
    8929       1.9135
    8930       1.9192
    8931       1.8588
    8932       1.8242
    8933       1.7777
    8934       1.7122
    8935       1.7036
    8936       1.7481
    8937       1.7330
    8938       1.7376
    8939       1.7969
    8940       1.8213
    8941       1.7735
    8942       1.7631
    8943       1.8185
    8944       1.8062
    8945       1.8618
    8946       1.8242
    8947       1.9066
    8948       1.8287
    8949       1.7765
    8950       1.7902
    8951       1.7927
    8952       1.8813
    8953       1.8655
    8954       1.8308
    8955       1.7768
    8956       1.7646
    8957       1.8832
    8958       1.8646
    8959       1.8296
    8960       1.8293
    8961       1.8436
    8962       1.8276
    8963       1.8337
    8964       1.8003
    8965       1.7477
    8966       1.8533
    8967       1.7754
    8968       1.6968
    8969       1.6922
    8970       1.7343
    8971       1.7170
    8972       1.7508
    8973       1.7980
    8974       1.7826
    8975       1.7704
    8976       1.7813
    8977       1.8477
    8978       1.7450
    8979       1.8216
    8980       1.7659
    8981       1.7284
    8982       1.7051
    8983       1.6782
    8984       1.7136
    8985       1.6727
    8986       1.6305
    8987       1.7109
    8988       1.6306
    8989       1.5803
    8990       1.6720
    8991       1.7350
    8992       1.7071
    8993       1.7649
    8994       1.6578
    8995       1.5654
    8996       1.5788
    8997       1.6736
    8998       1.6472
    8999       1.5737
    9000       1.5963
    9001       1.6164
    9002       1.7061
    9003       1.6752
    9004       1.7150
    9005       1.6936
    9006       1.5989
    9007       1.5462
    9008       1.5542
    9009       1.5952
    9010       1.5722
    9011       1.6252
    9012       1.7074
    9013       1.7301
    9014       1.6856
    9015       1.7766
    9016       1.7821
    9017       1.7271
    9018       1.6902
    9019       1.7314
    9020       1.6755
    9021       1.6347
    9022       1.7268
    9023       1.7363
    9024       1.6923
    9025       1.6887
    9026       1.7255
    9027       1.7772
    9028       1.6536
    9029       1.6670
    9030       1.6794
    9031       1.6839
    9032       1.6596
    9033       1.7237
    9034       1.6765
    9035       1.6294
    9036       1.7364
    9037       1.7688
    9038       1.7599
    9039       1.7881
    9040       1.7866
    9041       1.7614
    9042       1.7665
    9043       1.7216
    9044       1.7779
    9045       1.7987
    9046       1.7685
    9047       1.8235
    9048       1.8494
    9049       1.8980
    9050       1.8629
    9051       1.8465
    9052       1.9646
    9053       1.9434
    9054       1.8891
    9055       1.8108
    9056       1.8505
    9057       1.8116
    9058       1.8773
    9059       1.8836
    9060       1.8656
    9061       1.9325
    9062       1.8931
    9063       1.8875
    9064       1.8488
    9065       1.7536
    9066       1.7925
    9067       1.7008
    9068       1.8222
    9069       1.8441
    9070       1.9015
    9071       1.9150
    9072       1.8082
    9073       1.6919
    9074       1.7217
    9075       1.6701
    9076       1.7054
    9077       1.7509
    9078       1.7180
    9079       1.6398
    9080       1.6623
    9081       1.6158
    9082       1.6647
    9083       1.6070
    9084       1.6452
    9085       1.6244
    9086       1.5765
    9087       1.6275
    9088       1.5954
    9089       1.6079
    9090       1.6387
    9091       1.6819
    9092       1.6498
    9093       1.6493
    9094       1.6853
    9095       1.6554
    9096       1.6736
    9097       1.7080
    9098       1.7776
    9099       1.7759
    9100       1.6944
    9101       1.6126
    9102       1.5327
    9103       1.6001
    9104       1.6509
    9105       1.6404
    9106       1.7488
    9107       1.6571
    9108       1.6029
    9109       1.5470
    9110       1.5661
    9111       1.6210
    9112       1.6898
    9113       1.7286
    9114       1.8202
    9115       1.8430
    9116       1.9233
    9117       1.8687
    9118       1.7588
    9119       1.7259
    9120       1.7520
    9121       1.7358
    9122       1.6937
    9123       1.7026
    9124       1.7079
    9125       1.7792
    9126       1.7508
    9127       1.8812
    9128       1.8041
    9129       1.7929
    9130       1.8279
    9131       1.8533
    9132       1.8275
    9133       1.9706
    9134       1.9148
    9135       1.8728
    9136       1.8254
    9137       1.9116
    9138       1.8755
    9139       1.9127
    9140       1.9657
    9141       2.0131
    9142       2.0674
    9143       2.0031
    9144       2.0783
    9145       1.9166
    9146       1.9078
    9147       1.9760
    9148       1.9769
    9149       1.9636
    9150       1.9027
    9151       1.9394
    9152       1.8862
    9153       1.8747
    9154       1.8366
    9155       1.8981
    9156       1.8814
    9157       1.8219
    9158       1.9386
    9159       1.8748
    9160       1.9801
    9161       2.0778
    9162       2.0435
    9163       1.9759
    9164       1.8812
    9165       2.0244
    9166       2.0048
    9167       1.9775
    9168       2.0200
    9169       2.0445
    9170       2.0729
    9171       2.0177
    9172       2.1405
    9173       2.1786
    9174       2.1045
    9175       2.0490
    9176       2.0317
    9177       2.0090
    9178       1.9575
    9179       2.1141
    9180       2.0692
    9181       2.0362
    9182       2.0150
    9183       1.9896
    9184       2.0930
    9185       2.0273
    9186       2.0410
    9187       2.1232
    9188       2.0779
    9189       2.0489
    9190       2.0910
    9191       2.0435
    9192       2.1215
    9193       2.1255
    9194       1.9705
    9195       1.9638
    9196       2.0407
    9197       2.0488
    9198       2.1172
    9199       2.1258
    9200       2.0613
    9201       2.0411
    9202       2.0576
    9203       2.0145
    9204       2.0297
    9205       2.0313
    9206       2.0511
    9207       2.0259
    9208       2.0816
    9209       2.1716
    9210       2.1440
    9211       2.1494
    9212       2.0520
    9213       2.1184
    9214       2.0543
    9215       1.9948
    9216       2.0149
    9217       2.0881
    9218       1.9941
    9219       1.9942
    9220       2.0942
    9221       1.9726
    9222       1.9283
    9223       1.9119
    9224       1.8870
    9225       1.8852
    9226       1.9447
    9227       1.9662
    9228       1.9457
    9229       1.9416
    9230       2.0873
    9231       2.0936
    9232       1.9858
    9233       2.0658
    9234       2.1727
    9235       2.1111
    9236       2.0492
    9237       2.0989
    9238       2.0814
    9239       2.0853
    9240       2.0525
    9241       2.1058
    9242       2.0687
    9243       2.0181
    9244       2.0950
    9245       2.1115
    9246       2.0745
    9247       2.1412
    9248       2.0449
    9249       1.9989
    9250       2.0079
    9251       2.0149
    9252       2.0060
    9253       2.1161
    9254       2.0396
    9255       2.0957
    9256       2.0614
    9257       2.0262
    9258       2.0413
    9259       2.0070
    9260       1.9490
    9261       1.9044
    9262       1.8342
    9263       1.8855
    9264       1.9754
    9265       1.8711
    9266       1.8950
    9267       1.8995
    9268       1.8979
    9269       1.8266
    9270       1.8438
    9271       1.8134
    9272       1.9063
    9273       1.8837
    9274       1.8658
    9275       1.8166
    9276       1.7816
    9277       1.8696
    9278       1.8273
    9279       1.8693
    9280       1.9428
    9281       1.8940
    9282       1.9470
    9283       1.9292
    9284       1.9052
    9285       1.8361
    9286       1.7031
    9287       1.6897
    9288       1.7516
    9289       1.7018
    9290       1.7101
    9291       1.6956
    9292       1.8224
    9293       1.8651
    9294       1.9253
    9295       1.9408
    9296       1.8734
    9297       1.8976
    9298       1.8278
    9299       1.7231
    9300       1.7997
    9301       1.8362
    9302       1.8217
    9303       1.8030
    9304       1.8213
    9305       1.7730
    9306       1.8349
    9307       1.8916
    9308       1.8197
    9309       1.7193
    9310       1.7522
    9311       1.7155
    9312       1.6721
    9313       1.6751
    9314       1.7125
    9315       1.7091
    9316       1.8464
    9317       1.8358
    9318       1.8328
    9319       1.8777
    9320       1.8872
    9321       1.8529
    9322       1.8518
    9323       1.7566
    9324       1.7089
    9325       1.7823
    9326       1.7890
    9327       1.8015
    9328       1.8506
    9329       1.8785
    9330       1.8602
    9331       1.8322
    9332       1.8594
    9333       1.8736
    9334       1.8178
    9335       1.8679
    9336       1.8947
    9337       1.9183
    9338       1.9271
    9339       1.9072
    9340       1.9140
    9341       1.9571
    9342       1.9546
    9343       1.9625
    9344       2.0547
    9345       1.9810
    9346       2.0124
    9347       1.9981
    9348       1.9417
    9349       1.9146
    9350       1.9121
    9351       1.9016
    9352       1.9196
    9353       1.9150
    9354       1.8896
    9355       1.9015
    9356       1.8706
    9357       1.9193
    9358       1.9433
    9359       1.9575
    9360       2.0414
    9361       2.0240
    9362       1.9560
    9363       1.9182
    9364       1.8465
    9365       1.9126
    9366       1.9902
    9367       1.9159
    9368       1.9976
    9369       1.9694
    9370       1.9005
    9371       1.9068
    9372       1.8333
    9373       1.9049
    9374       1.8821
    9375       1.8585
    9376       1.9485
    9377       1.9945
    9378       1.9541
    9379       1.9660
    9380       1.9489
    9381       1.9224
    9382       1.9217
    9383       2.0325
    9384       2.0094
    9385       1.9346
    9386       1.9354
    9387       1.9365
    9388       1.9077
    9389       1.9163
    9390       1.8642
    9391       1.8813
    9392       1.8699
    9393       1.8009
    9394       1.8606
    9395       1.8773
    9396       1.9033
    9397       1.8416
    9398       1.8911
    9399       1.8001
    9400       1.8199
    9401       1.9055
    9402       1.9592
    9403       1.9605
    9404       1.9682
    9405       2.0277
    9406       1.9336
    9407       1.8575
    9408       1.8827
    9409       1.9550
    9410       1.9239
    9411       1.8957
    9412       1.8492
    9413       1.8606
    9414       1.8733
    9415       1.8391
    9416       1.8650
    9417       1.8551
    9418       1.8134
    9419       1.7669
    9420       1.8071
    9421       1.8854
    9422       1.8545
    9423       1.8820
    9424       1.8877
    9425       1.9739
    9426       1.9240
    9427       1.8290
    9428       1.8531
    9429       1.8831
    9430       1.7547
    9431       1.7129
    9432       1.7623
    9433       1.6549
    9434       1.6515
    9435       1.6630
    9436       1.7509
    9437       1.7542
    9438       1.7738
    9439       1.7868
    9440       1.7987
    9441       1.7379
    9442       1.6827
    9443       1.8613
    9444       1.8764
    9445       1.8140
    9446       1.8867
    9447       1.9210
    9448       1.8068
    9449       1.8405
    9450       1.8846
    9451       1.8210
    9452       1.9402
    9453       1.8628
    9454       1.7547
    9455       1.8034
    9456       1.8129
    9457       1.8411
    9458       1.7582
    9459       1.7759
    9460       1.8186
    9461       1.8940
    9462       1.8563
    9463       1.8013
    9464       1.8413
    9465       1.8126
    9466       1.8714
    9467       1.8326
    9468       1.6922
    9469       1.6995
    9470       1.7049
    9471       1.7103
    9472       1.7988
    9473       1.7855
    9474       1.7346
    9475       1.7253
    9476       1.6952
    9477       1.6494
    9478       1.5336
    9479       1.6098
    9480       1.5389
    9481       1.5850
    9482       1.5776
    9483       1.6110
    9484       1.6163
    9485       1.5465
    9486       1.5981
    9487       1.5943
    9488       1.5779
    9489       1.5238
    9490       1.6022
    9491       1.5935
    9492       1.6515
    9493       1.6810
    9494       1.6576
    9495       1.6639
    9496       1.5938
    9497       1.6485
    9498       1.6890
    9499       1.7494
    9500       1.7600
    9501       1.7312
    9502       1.6356
    9503       1.6390
    9504       1.6010
    9505       1.5974
    9506       1.6567
    9507       1.6057
    9508       1.6129
    9509       1.6378
    9510       1.6475
    9511       1.7002
    9512       1.6662
    9513       1.7608
    9514       1.7292
    9515       1.6898
    9516       1.6981
    9517       1.7630
    9518       1.7170
    9519       1.7417
    9520       1.7560
    9521       1.8264
    9522       1.8596
    9523       1.8097
    9524       1.7760
    9525       1.8471
    9526       1.7978
    9527       1.7752
    9528       1.7685
    9529       1.8131
    9530       1.8945
    9531       1.8621
    9532       1.9199
    9533       1.9260
    9534       1.9117
    9535       1.8244
    9536       1.8342
    9537       1.8064
    9538       1.7783
    9539       1.7423
    9540       1.7985
    9541       1.7400
    9542       1.7768
    9543       1.7995
    9544       1.7463
    9545       1.7752
    9546       1.7430
    9547       1.7343
    9548       1.7805
    9549       1.7721
    9550       1.7529
    9551       1.8089
    9552       1.7520
    9553       1.6635
    9554       1.6420
    9555       1.7679
    9556       1.7657
    9557       1.7511
    9558       1.8772
    9559       1.8100
    9560       1.8199
    9561       1.8948
    9562       1.9070
    9563       1.8908
    9564       1.8301
    9565       1.8042
    9566       1.8165
    9567       1.8684
    9568       1.9117
    9569       1.7925
    9570       1.8084
    9571       1.8020
    9572       1.8683
    9573       1.9250
    9574       1.8958
    9575       1.9310
    9576       1.9366
    9577       1.7877
    9578       1.7844
    9579       1.8061
    9580       1.8712
    9581       1.8366
    9582       1.8076
    9583       1.8003
    9584       1.8004
    9585       1.8310
    9586       1.8874
    9587       1.8836
    9588       1.9198
    9589       1.8504
    9590       1.8766
    9591       1.9267
    9592       1.8944
    9593       1.8561
    9594       1.8016
    9595       1.8534
    9596       1.8479
    9597       1.8879
    9598       1.8276
    9599       1.8604
    9600       1.8843
    9601       1.8434
    9602       1.9675
    9603       2.0074
    9604       2.0150
    9605       1.9312
    9606       1.9685
    9607       1.8522
    9608       1.8617
    9609       1.9389
    9610       1.9311
    9611       1.9530
    9612       2.0893
    9613       2.0673
    9614       2.0080
    9615       2.0695
    9616       1.9615
    9617       2.0369
    9618       2.0395
    9619       2.0699
    9620       2.1257
    9621       2.0739
    9622       2.0532
    9623       2.0888
    9624       2.0511
    9625       2.1153
    9626       2.0547
    9627       2.0771
    9628       2.1401
    9629       2.1368
    9630       2.0530
    9631       2.0426
    9632       2.0727
    9633       2.0191
    9634       1.9414
    9635       1.9261
    9636       1.8819
    9637       1.9092
    9638       1.9975
    9639       1.8656
    9640       1.8652
    9641       1.7894
    9642       1.7927
    9643       1.8555
    9644       1.8304
    9645       1.7965
    9646       1.9044
    9647       1.8330
    9648       1.8944
    9649       1.8935
    9650       1.8980
    9651       1.8440
    9652       1.8916
    9653       1.8071
    9654       1.8053
    9655       1.8051
    9656       1.8097
    9657       1.8277
    9658       1.7496
    9659       1.8043
    9660       1.7221
    9661       1.7635
    9662       1.7640
    9663       1.8413
    9664       1.8604
    9665       1.9551
    9666       1.8533
    9667       1.8522
    9668       1.8410
    9669       1.8050
    9670       1.8197
    9671       1.8872
    9672       1.8977
    9673       1.9411
    9674       1.8875
    9675       1.9604
    9676       1.9737
    9677       1.9784
    9678       1.9697
    9679       1.9120
    9680       1.8912
    9681       1.8723
    9682       1.8540
    9683       1.8836
    9684       1.9348
    9685       1.9243
    9686       1.8783
    9687       1.8519
    9688       1.7782
    9689       1.7825
    9690       1.7749
    9691       1.8751
    9692       1.8659
    9693       1.8589
    9694       1.8785
    9695       1.8753
    9696       2.0025
    9697       2.0133
    9698       1.9678
    9699       1.8544
    9700       1.8399
    9701       1.8508
    9702       1.7890
    9703       1.8362
    9704       1.7608
    9705       1.6945
    9706       1.7048
    9707       1.6630
    9708       1.7133
    9709       1.7198
    9710       1.6183
    9711       1.5877
    9712       1.6731
    9713       1.6046
    9714       1.6430
    9715       1.6827
    9716       1.6954
    9717       1.6089
    9718       1.7551
    9719       1.7798
    9720       1.7640
    9721       1.7369
    9722       1.6203
    9723       1.6435
    9724       1.6319
    9725       1.6321
    9726       1.6766
    9727       1.7514
    9728       1.7819
    9729       1.8556
    9730       1.8229
    9731       1.8769
    9732       1.8839
    9733       1.8464
    9734       1.8638
    9735       1.7437
    9736       1.7829
    9737       1.7584
    9738       1.7834
    9739       1.7436
    9740       1.7585
    9741       1.7863
    9742       1.7593
    9743       1.6767
    9744       1.7284
    9745       1.7884
    9746       1.8378
    9747       1.8439
    9748       1.8090
    9749       1.8339
    9750       1.7666
    9751       1.8013
    9752       1.7866
    9753       1.7112
    9754       1.7011
    9755       1.6647
    9756       1.6085
    9757       1.6520
    9758       1.6541
    9759       1.6667
    9760       1.6041
    9761       1.6038
    9762       1.6259
    9763       1.5944
    9764       1.6952
    9765       1.7242
    9766       1.7358
    9767       1.7578
    9768       1.7598
    9769       1.7299
    9770       1.7433
    9771       1.7151
    9772       1.7244
    9773       1.6183
    9774       1.6748
    9775       1.6905
    9776       1.8170
    9777       1.8252
    9778       1.8132
    9779       1.7161
    9780       1.6931
    9781       1.7400
    9782       1.8169
    9783       1.8073
    9784       1.8415
    9785       1.7639
    9786       1.7836
    9787       1.7876
    9788       1.7698
    9789       1.7172
    9790       1.7554
    9791       1.7694
    9792       1.7930
    9793       1.8475
    9794       1.7827
    9795       1.7910
    9796       1.8798
    9797       1.8772
    9798       1.8521
    9799       1.7683
    9800       1.8018
    9801       1.7897
    9802       1.8564
    9803       1.8091
    9804       1.7434
    9805       1.7575
    9806       1.7697
    9807       1.7412
    9808       1.7604
    9809       1.8830
    9810       1.8655
    9811       1.8545
    9812       1.8752
    9813       1.8815
    9814       1.9666
    9815       1.9446
    9816       1.8969
    9817       1.9520
    9818       1.9633
    9819       1.8923
    9820       1.9354
    9821       1.8704
    9822       1.8058
    9823       1.7964
    9824       1.8259
    9825       1.7713
    9826       1.7534
    9827       1.6098
    9828       1.6863
    9829       1.7853
    9830       1.7391
    9831       1.6670
    9832       1.7324
    9833       1.7680
    9834       1.7607
    9835       1.7690
    9836       1.8613
    9837       1.7521
    9838       1.7744
    9839       1.7046
    9840       1.6174
    9841       1.7183
    9842       1.6581
    9843       1.6809
    9844       1.7120
    9845       1.6967
    9846       1.7424
    9847       1.7602
    9848       1.7024
    9849       1.6583
    9850       1.7333
    9851       1.7559
    9852       1.7946
    9853       1.7623
    9854       1.7999
    9855       1.7953
    9856       1.8287
    9857       1.8684
    9858       1.8831
    9859       1.7964
    9860       1.7580
    9861       1.7089
    9862       1.7880
    9863       1.7553
    9864       1.6961
    9865       1.6195
    9866       1.5691
    9867       1.6607
    9868       1.6617
    9869       1.6973
    9870       1.6686
    9871       1.6594
    9872       1.7012
    9873       1.6680
    9874       1.6989
    9875       1.7159
    9876       1.5740
    9877       1.5348
    9878       1.4831
    9879       1.4730
    9880       1.5162
    9881       1.5059
    9882       1.5306
    9883       1.4803
    9884       1.4933
    9885       1.5365
    9886       1.5817
    9887       1.6862
    9888       1.5304
    9889       1.5223
    9890       1.4725
    9891       1.5136
    9892       1.5587
    9893       1.6050
    9894       1.6606
    9895       1.6460
    9896       1.6845
    9897       1.6473
    9898       1.5765
    9899       1.5919
    9900       1.5529
    9901       1.6938
    9902       1.5820
    9903       1.7253
    9904       1.7260
    9905       1.7170
    9906       1.7474
    9907       1.7964
    9908       1.7648
    9909       1.7612
    9910       1.6922
    9911       1.7440
    9912       1.7160
    9913       1.7142
    9914       1.6563
    9915       1.6446
    9916       1.7438
    9917       1.6947
    9918       1.8211
    9919       1.8414
    9920       1.8575
    9921       1.9211
    9922       1.8004
    9923       1.8020
    9924       1.7606
    9925       1.7155
    9926       1.7266
    9927       1.7980
    9928       1.7953
    9929       1.7865
    9930       1.8311
    9931       1.8656
    9932       1.8315
    9933       1.8239
    9934       1.7589
    9935       1.7794
    9936       1.8167
    9937       1.8520
    9938       1.9698
    9939       2.0037
    9940       2.0501
    9941       2.1275
    9942       2.0347
    9943       2.0787
    9944       2.1312
    9945       2.1109
    9946       2.0951
    9947       1.9947
    9948       1.9677
    9949       2.0318
    9950       2.0136
    9951       2.0324
    9952       1.9723
    9953       1.8881
    9954       1.8472
    9955       1.8687
    9956       1.9271
    9957       1.8506
    9958       1.9129
    9959       1.9767
    9960       1.9136
    9961       1.8853
    9962       2.0238
    9963       1.9458
    9964       1.9232
    9965       1.8789
    9966       1.9149
    9967       1.9096
    9968       1.9916
    9969       1.9429
    9970       1.9384
    9971       2.0077
    9972       2.0244
    9973       2.0076
    9974       1.9210
    9975       1.8609
    9976       1.9084
    9977       1.8861
    9978       1.8344
    9979       1.8722
    9980       1.9218
    9981       1.8902
    9982       1.7687
    9983       1.7624
    9984       1.8094
    9985       1.7855
    9986       1.8511
    9987       1.8098
    9988       1.8339
    9989       1.7923
    9990       1.7636
    9991       1.8223
    9992       1.8373
    9993       1.8534
    9994       1.8351
    9995       1.8282
    9996       1.7910
    9997       1.8568
    9998       1.8557
    9999       1.7984
   10000       1.7676
   10001       1.7871
   10002       1.8033
   10003       1.8347
   10004       1.8022
   10005       1.8268
   10006       1.8371
   10007       1.8504
   10008       1.7962
   10009       1.7534
   10010       1.8741
   10011       1.8597
   10012       1.8923
   10013       1.7821
   10014       1.7404
   10015       1.6938
   10016       1.8030
   10017       1.8574
   10018       1.8134
   10019       1.8234
   10020       1.8267
   10021       1.8368
   10022       1.9164
   10023       1.9017
   10024       1.8192
   10025       1.8379
   10026       1.8201
   10027       1.7951
   10028       1.8703
   10029       1.8356
   10030       1.8485
   10031       1.8149
   10032       1.8145
   10033       1.8623
   10034       1.8885
   10035       1.8703
   10036       1.8178
   10037       1.8354
   10038       1.7785
   10039       1.7843
   10040       1.8704
   10041       1.8391
   10042       1.8589
   10043       1.7591
   10044       1.7338
   10045       1.8009
   10046       1.7806
   10047       1.7580
   10048       1.7770
   10049       1.7761
   10050       1.7604
   10051       1.6762
   10052       1.6826
   10053       1.7038
   10054       1.7638
   10055       1.8161
   10056       1.8039
   10057       1.7122
   10058       1.6717
   10059       1.7189
   10060       1.7081
   10061       1.7061
   10062       1.7093
   10063       1.7233
   10064       1.7333
   10065       1.6926
   10066       1.6039
   10067       1.6068
   10068       1.6923
   10069       1.7451
   10070       1.7585
   10071       1.6764
   10072       1.6931
   10073       1.7497
   10074       1.7123
   10075       1.7026
   10076       1.7353
   10077       1.8329
   10078       1.7483
   10079       1.7076
   10080       1.7806
   10081       1.7197
   10082       1.7402
   10083       1.7256
   10084       1.6882
   10085       1.7337
   10086       1.7770
   10087       1.8896
   10088       1.8769
   10089       1.8388
   10090       1.8123
   10091       1.8783
   10092       1.7775
   10093       1.7792
   10094       1.7557
   10095       1.7471
   10096       1.6944
   10097       1.7337
   10098       1.6439
   10099       1.6989
   10100       1.6572
   10101       1.7057
   10102       1.7000
   10103       1.7412
   10104       1.7786
   10105       1.7390
   10106       1.7896
   10107       1.8535
   10108       1.8226
   10109       1.7938
   10110       1.8429
   10111       1.9283
   10112       1.9000
   10113       1.9076
   10114       1.9035
   10115       1.8575
   10116       1.7632
   10117       1.7769
   10118       1.7530
   10119       1.7736
   10120       1.7548
   10121       1.8255
   10122       1.7600
   10123       1.8009
   10124       1.7085
   10125       1.6999
   10126       1.6308
   10127       1.6729
   10128       1.7709
   10129       1.6707
   10130       1.6795
   10131       1.6401
   10132       1.6109
   10133       1.6280
   10134       1.6010
   10135       1.6962
   10136       1.7125
   10137       1.7175
   10138       1.5873
   10139       1.6233
   10140       1.5939
   10141       1.6438
   10142       1.7722
   10143       1.6570
   10144       1.6717
   10145       1.7943
   10146       1.7824
   10147       1.7421
   10148       1.8473
   10149       1.8562
   10150       1.8769
   10151       1.9476
   10152       1.8780
   10153       1.8512
   10154       1.9209
   10155       1.8746
   10156       1.9265
   10157       1.8418
   10158       1.8779
   10159       1.8799
   10160       1.8636
   10161       1.9067
   10162       1.8719
   10163       1.9113
   10164       1.9177
   10165       1.8806
   10166       1.9066
   10167       1.9243
   10168       1.8603
   10169       1.8122
   10170       1.8473
   10171       1.9486
   10172       1.9169
   10173       1.7819
   10174       1.7917
   10175       1.8030
   10176       1.8218
   10177       1.8359
   10178       1.8158
   10179       1.8222
   10180       1.8991
   10181       1.8045
   10182       1.7379
   10183       1.7472
   10184       1.6755
   10185       1.7183
   10186       1.7462
   10187       1.6532
   10188       1.6231
   10189       1.6298
   10190       1.7364
   10191       1.8161
   10192       1.7840
   10193       1.7616
   10194       1.8189
   10195       1.8639
   10196       1.8557
   10197       1.9028
   10198       1.8381
   10199       1.8161
   10200       1.8244
   10201       1.8375
   10202       1.8176
   10203       1.9426
   10204       1.9063
   10205       1.9210
   10206       1.9427
   10207       1.9727
   10208       1.9295
   10209       1.8846
   10210       1.9359
   10211       2.0242
   10212       1.9768
   10213       1.9289
   10214       1.9620
   10215       1.9961
   10216       1.9098
   10217       1.8847
   10218       1.9468
   10219       1.8915
   10220       1.9447
   10221       2.0838
   10222       2.0544
   10223       2.1279
   10224       2.1682
   10225       2.1471
   10226       2.0258
   10227       1.9864
   10228       1.9526
   10229       2.0081
   10230       2.0078
   10231       2.0040
   10232       1.8941
   10233       1.9234
   10234       1.9341
   10235       1.8980
   10236       1.8681
   10237       1.8991
   10238       1.9108
   10239       1.8722
   10240       1.8439
   10241       1.8753
   10242       1.9729
   10243       1.9080
   10244       1.8114
   10245       1.7376
   10246       1.8465
   10247       1.8899
   10248       1.8392
   10249       1.8181
   10250       1.8071
   10251       1.8049
   10252       1.7684
   10253       1.6773
   10254       1.7446
   10255       1.7156
   10256       1.7453
   10257       1.7865
   10258       1.7748
   10259       1.7144
   10260       1.7425
   10261       1.8204
   10262       1.8844
   10263       1.9504
   10264       1.8942
   10265       1.8995
   10266       1.8720
   10267       1.8102
   10268       1.8028
   10269       1.8253
   10270       1.7719
   10271       1.7738
   10272       1.8305
   10273       1.7231
   10274       1.7760
   10275       1.8381
   10276       1.7534
   10277       1.7915
   10278       1.7623
   10279       1.7692
   10280       1.7325
   10281       1.6998
   10282       1.7944
   10283       1.7600
   10284       1.7762
   10285       1.7431
   10286       1.7802
   10287       1.7170
   10288       1.7914
   10289       1.7409
   10290       1.7386
   10291       1.7463
   10292       1.8534
   10293       1.7952
   10294       1.8546
   10295       1.8972
   10296       1.7826
   10297       1.7704
   10298       1.8949
   10299       1.8790
   10300       1.9126
   10301       1.9473
   10302       1.8993
   10303       1.9345
   10304       1.8579
   10305       1.8732
   10306       1.8302
   10307       1.8708
   10308       1.9045
   10309       1.8454
   10310       1.8958
   10311       1.9192
   10312       1.9323
   10313       1.8713
   10314       1.9267
   10315       1.9639
   10316       2.0151
   10317       2.1106
   10318       2.0489
   10319       1.9833
   10320       2.0933
   10321       2.0151
   10322       2.0300
   10323       1.8708
   10324       1.8821
   10325       1.9029
   10326       1.8854
   10327       1.9389
   10328       1.9500
   10329       1.9357
   10330       1.9641
   10331       1.9047
   10332       1.8904
   10333       1.8456
   10334       1.9166
   10335       1.8709
   10336       1.7900
   10337       1.7690
   10338       1.8118
   10339       1.8864
   10340       1.9308
   10341       1.7910
   10342       1.8693
   10343       1.8931
   10344       1.8572
   10345       1.9024
   10346       1.8343
   10347       1.8694
   10348       1.8453
   10349       1.8726
   10350       1.8071
   10351       1.9164
   10352       1.9470
   10353       1.9180
   10354       1.8981
   10355       1.8215
   10356       1.8463
   10357       1.8806
   10358       1.9126
   10359       1.8888
   10360       1.9553
   10361       1.9519
   10362       1.9514
   10363       1.9727
   10364       1.8944
   10365       1.8942
   10366       1.9713
   10367       1.9274
   10368       1.8564
   10369       1.8412
   10370       1.8379
   10371       1.7658
   10372       1.7855
   10373       1.7726
   10374       1.8635
   10375       1.8240
   10376       1.8254
   10377       1.8506
   10378       1.7994
   10379       1.8523
   10380       1.7895
   10381       1.8506
   10382       1.8015
   10383       1.7744
   10384       1.8571
   10385       1.8288
   10386       1.8395
   10387       1.8756
   10388       1.8689
   10389       1.8943
   10390       1.9168
   10391       1.9596
   10392       1.8410
   10393       1.8318
   10394       1.8281
   10395       1.8619
   10396       1.9029
   10397       1.8810
   10398       1.8558
   10399       1.9472
   10400       1.8860
   10401       1.9040
   10402       1.8590
   10403       1.8467
   10404       1.9164
   10405       1.9767
   10406       2.0467
   10407       1.9930
   10408       1.9712
   10409       2.0034
   10410       1.9807
   10411       2.0604
   10412       1.9993
   10413       2.0347
   10414       2.1193
   10415       2.1343
   10416       2.0907
   10417       1.9984
   10418       2.0431
   10419       2.0839
   10420       2.1367
   10421       2.1160
   10422       2.0659
   10423       2.1788
   10424       2.2465
   10425       2.2163
   10426       2.1584
   10427       2.2205
   10428       2.1804
   10429       2.1535
   10430       2.1033
   10431       2.0745
   10432       2.0925
   10433       2.0590
   10434       2.0297
   10435       2.0796
   10436       2.1361
   10437       2.0370
   10438       2.0860
   10439       2.0475
   10440       1.9933
   10441       1.9533
   10442       1.9676
   10443       1.9148
   10444       1.8800
   10445       2.0105
   10446       1.9308
   10447       1.8834
   10448       2.0116
   10449       1.9744
   10450       2.0996
   10451       2.0418
   10452       2.1700
   10453       2.2119
   10454       2.1807
   10455       2.1866
   10456       2.2255
   10457       2.2778
   10458       2.2711
   10459       2.2932
   10460       2.2147
   10461       2.1443
   10462       2.0682
   10463       1.9920
   10464       1.9322
   10465       1.9723
   10466       1.9628
   10467       1.9775
   10468       1.9072
   10469       1.8758
   10470       1.9463
   10471       1.9772
   10472       1.9849
   10473       1.8989
   10474       1.9538
   10475       1.8874
   10476       1.8960
   10477       1.9014
   10478       1.9592
   10479       1.9082
   10480       1.9691
   10481       2.0550
   10482       2.0191
   10483       2.1175
   10484       2.0091
   10485       2.0076
   10486       1.9769
   10487       1.9685
   10488       2.0842
   10489       2.0851
   10490       2.0947
   10491       2.0996
   10492       2.0709
   10493       2.0736
   10494       2.0288
   10495       2.0402
   10496       2.0983
   10497       2.0024
   10498       2.0062
   10499       2.0518
   10500       2.0776
   10501       2.0334
   10502       1.9131
   10503       2.0545
   10504       2.0033
   10505       1.9653
   10506       1.9409
   10507       1.8829
   10508       1.9843
   10509       1.9243
   10510       1.8726
   10511       2.0007
   10512       1.9842
   10513       1.9692
   10514       2.0300
   10515       2.1167
   10516       2.0785
   10517       2.1090
   10518       2.0793
   10519       2.1315
   10520       2.0738
   10521       2.0736
   10522       2.0650
   10523       2.0276
   10524       2.0158
   10525       2.0254
   10526       2.0498
   10527       2.0954
   10528       2.1182
   10529       2.1440
   10530       2.1030
   10531       2.1076
   10532       2.1112
   10533       2.0522
   10534       2.0216
   10535       2.1024
   10536       2.0400
   10537       2.1244
   10538       2.0854
   10539       2.1057
   10540       2.0509
   10541       2.0036
   10542       1.9811
   10543       2.0870
   10544       2.0105
   10545       1.9475
   10546       2.0228
   10547       1.9588
   10548       2.0163
   10549       1.9676
   10550       2.0604
   10551       2.0981
   10552       2.0795
   10553       2.1488
   10554       2.1144
   10555       2.1264
   10556       2.0877
   10557       2.0671
   10558       2.0850
   10559       2.0947
   10560       2.1799
   10561       2.1745
   10562       2.0956
   10563       2.1074
   10564       2.1074
   10565       2.0732
   10566       2.0301
   10567       2.0552
   10568       1.9906
   10569       1.9901
   10570       2.0311
   10571       1.9879
   10572       2.0588
   10573       2.0748
   10574       2.0664
   10575       2.0658
   10576       2.0988
   10577       2.0738
   10578       2.1655
   10579       2.1393
   10580       2.1078
   10581       2.1034
   10582       2.1460
   10583       1.9897
   10584       1.9729
   10585       2.0100
   10586       2.0012
   10587       2.0578
   10588       2.0957
   10589       2.0634
   10590       1.9668
   10591       1.9400
   10592       2.0071
   10593       1.9840
   10594       2.0286
   10595       1.9651
   10596       1.9864
   10597       2.0196
   10598       1.9714
   10599       1.9307
   10600       1.9185
   10601       1.9874
   10602       1.9962
   10603       1.9667
   10604       1.9483
   10605       1.9246
   10606       1.9181
   10607       1.8767
   10608       1.9179
   10609       1.9095
   10610       1.9988
   10611       2.0733
   10612       2.1722
   10613       2.0938
   10614       2.0912
   10615       2.0211
   10616       2.0381
   10617       1.9884
   10618       2.0715
   10619       2.0156
   10620       2.0072
   10621       1.9699
   10622       2.0086
   10623       1.9974
   10624       2.0598
   10625       2.0862
   10626       2.0085
   10627       2.0785
   10628       1.9923
   10629       2.0343
   10630       2.0397
   10631       1.9160
   10632       1.9915
   10633       2.0837
   10634       2.0411
   10635       2.0903
   10636       2.0713
   10637       1.9909
   10638       1.9815
   10639       2.0032
   10640       1.9610
   10641       1.9670
   10642       1.9692
   10643       2.0697
   10644       2.0545
   10645       2.1003
   10646       1.9738
   10647       1.9369
   10648       2.0076
   10649       2.0110
   10650       1.9011
   10651       1.8848
   10652       1.9431
   10653       1.9027
   10654       1.8810
   10655       1.9140
   10656       2.0039
   10657       2.0645
   10658       1.9952
   10659       2.1022
   10660       2.1135
   10661       2.0485
   10662       2.0541
   10663       1.9895
   10664       1.9635
   10665       1.9349
   10666       1.9344
   10667       2.0032
   10668       2.0791
   10669       2.0766
   10670       2.1033
   10671       2.1549
   10672       2.0568
   10673       2.0537
   10674       2.1151
   10675       2.0299
   10676       2.0366
   10677       1.9257
   10678       2.0120
   10679       2.0538
   10680       2.2266
   10681       2.1498
   10682       2.1456
   10683       2.2551
   10684       2.3636
   10685       2.2991
   10686       2.2102
   10687       2.1862
   10688       2.2183
   10689       2.2488
   10690       2.2475
   10691       2.2542
   10692       2.2593
   10693       2.2030
   10694       2.2183
   10695       2.2274
   10696       2.2299
   10697       2.1843
   10698       2.2018
   10699       2.1947
   10700       2.1930
   10701       2.0848
   10702       2.1630
   10703       2.1859
   10704       2.1610
   10705       2.1695
   10706       2.2137
   10707       2.1279
   10708       2.1258
   10709       2.1158
   10710       2.1753
   10711       2.0913
   10712       2.0942
   10713       2.1921
   10714       2.1593
   10715       2.1492
   10716       2.2044
   10717       2.1486
   10718       2.1367
   10719       2.1045
   10720       2.1429
   10721       2.2389
   10722       2.2616
   10723       2.2629
   10724       2.1574
   10725       2.2069
   10726       2.2327
   10727       2.1484
   10728       2.1956
   10729       2.1783
   10730       2.1829
   10731       2.1554
   10732       2.2711
   10733       2.2156
   10734       2.2314
   10735       2.2022
   10736       2.1854
   10737       2.1849
   10738       2.1092
   10739       2.0922
   10740       2.0700
   10741       2.1702
   10742       2.2107
   10743       2.0714
   10744       2.1549
   10745       2.2055
   10746       2.3532
   10747       2.2852
   10748       2.1934
   10749       2.1819
   10750       2.1199
   10751       2.1060
   10752       2.2053
   10753       2.1799
   10754       2.1258
   10755       2.0911
   10756       2.1131
   10757       2.1106
   10758       2.1092
   10759       2.0961
   10760       2.1520
   10761       2.0234
   10762       2.0023
   10763       2.0473
   10764       2.0466
   10765       2.0173
   10766       2.0232
   10767       2.1127
   10768       2.0207
   10769       2.0034
   10770       1.9361
   10771       1.9627
   10772       1.9430
   10773       2.0122
   10774       2.0823
   10775       2.1049
   10776       2.0792
   10777       2.0958
   10778       2.0739
   10779       2.0883
   10780       2.0951
   10781       2.1262
   10782       2.2170
   10783       2.2786
   10784       2.1525
   10785       2.2392
   10786       2.2153
   10787       2.1900
   10788       2.1200
   10789       2.0950
   10790       2.0715
   10791       2.0926
   10792       2.0919
   10793       2.0945
   10794       2.0204
   10795       2.0579
   10796       2.0211
   10797       2.1017
   10798       2.0253
   10799       2.1619
   10800       2.1092
   10801       2.1158
   10802       2.0536
   10803       2.0944
   10804       2.0532
   10805       2.0818
   10806       2.0095
   10807       2.0025
   10808       2.0479
   10809       2.0299
   10810       1.9953
   10811       2.0837
   10812       2.1390
   10813       2.2433
   10814       2.1985
   10815       2.1944
   10816       2.1582
   10817       2.0766
   10818       2.0824
   10819       2.0256
   10820       1.9729
   10821       1.9376
   10822       1.9752
   10823       2.0314
   10824       2.0759
   10825       2.0625
   10826       2.0525
   10827       2.0724
   10828       2.0886
   10829       2.0475
   10830       1.9752
   10831       2.0460
   10832       2.1281
   10833       2.0506
   10834       2.1212
   10835       2.1414
   10836       2.0745
   10837       2.1214
   10838       2.1838
   10839       2.0751
   10840       2.1409
   10841       2.1203
   10842       2.1008
   10843       2.1277
   10844       2.1189
   10845       2.1366
   10846       2.2332
   10847       2.2261
   10848       2.2330
   10849       2.1989
   10850       2.2214
   10851       2.1755
   10852       2.2143
   10853       2.1117
   10854       2.2001
   10855       2.1864
   10856       2.2768
   10857       2.3227
   10858       2.2933
   10859       2.2220
   10860       2.2179
   10861       2.2001
   10862       2.1693
   10863       2.2211
   10864       2.2128
   10865       2.1149
   10866       2.1747
   10867       2.1760
   10868       2.3157
   10869       2.2571
   10870       2.1735
   10871       2.1765
   10872       2.2427
   10873       2.2652
   10874       2.1231
   10875       2.1421
   10876       2.1534
   10877       2.2115
   10878       2.1144
   10879       2.1963
   10880       2.2519
   10881       2.2556
   10882       2.2811
   10883       2.3381
   10884       2.3594
   10885       2.2656
   10886       2.2591
   10887       2.1882
   10888       2.1974
   10889       2.1191
   10890       2.1380
   10891       2.2314
   10892       2.2627
   10893       2.2416
   10894       2.3178
   10895       2.2485
   10896       2.2046
   10897       2.1380
   10898       2.1341
   10899       2.1391
   10900       2.1345
   10901       2.2029
   10902       2.1946
   10903       2.1656
   10904       2.1232
   10905       2.1046
   10906       2.1375
   10907       2.1366
   10908       2.0095
   10909       1.9306
   10910       1.9683
   10911       2.0433
   10912       1.9724
   10913       2.0472
   10914       1.9969
   10915       1.9605
   10916       1.8997
   10917       1.8624
   10918       1.8946
   10919       1.8824
   10920       1.8412
   10921       1.8104
   10922       1.8390
   10923       1.8254
   10924       1.8762
   10925       1.8173
   10926       1.8674
   10927       1.7700
   10928       1.8622
   10929       1.8419
   10930       1.8072
   10931       1.8955
   10932       1.9032
   10933       1.8973
   10934       1.8330
   10935       1.7683
   10936       1.8619
   10937       1.8783
   10938       1.8628
   10939       1.8670
   10940       1.8036
   10941       1.8178
   10942       1.8489
   10943       1.8536
   10944       1.8591
   10945       1.8871
   10946       1.7604
   10947       1.7626
   10948       1.8029
   10949       1.8009
   10950       1.8861
   10951       1.8814
   10952       1.9073
   10953       1.9467
   10954       1.8371
   10955       1.7606
   10956       1.8475
   10957       1.8504
   10958       1.7809
   10959       1.8981
   10960       1.8968
   10961       1.8832
   10962       1.9251
   10963       1.8841
   10964       1.8259
   10965       1.8207
   10966       1.9223
   10967       1.9139
   10968       1.8914
   10969       1.9303
   10970       1.8996
   10971       1.9366
   10972       2.0232
   10973       1.9287
   10974       1.8710
   10975       1.9257
   10976       1.9879
   10977       1.9498
   10978       1.8724
   10979       1.8971
   10980       1.9239
   10981       1.9788
   10982       1.9768
   10983       1.9788
   10984       2.0344
   10985       1.9700
   10986       1.9674
   10987       1.9529
   10988       1.9891
   10989       2.0289
   10990       2.0715
   10991       2.0181
   10992       1.9449
   10993       1.9110
   10994       1.8588
   10995       1.9107
   10996       1.8746
   10997       1.9989
   10998       2.0107
   10999       1.9389
   11000       2.0422
   11001       1.9491
   11002       1.9582
   11003       1.9980
   11004       2.0667
   11005       1.9967
   11006       2.0250
   11007       1.9786
   11008       1.9745
   11009       1.9948
   11010       2.0320
   11011       2.0002
   11012       2.1000
   11013       2.1233
   11014       2.0694
   11015       2.0209
   11016       2.0664
   11017       2.0391
   11018       2.0521
   11019       1.9962
   11020       1.9203
   11021       1.9711
   11022       2.0559
   11023       1.9825
   11024       1.9975
   11025       1.9606
   11026       1.9681
   11027       1.9632
   11028       1.9227
   11029       2.0300
   11030       2.0265
   11031       2.0300
   11032       1.9447
   11033       1.9203
   11034       1.9182
   11035       1.9261
   11036       1.8837
   11037       1.9416
   11038       1.9674
   11039       1.9819
   11040       2.0152
   11041       1.9351
   11042       1.9180
   11043       1.9058
   11044       1.9301
   11045       1.9352
   11046       2.0207
   11047       1.9683
   11048       1.8904
   11049       1.8505
   11050       1.9203
   11051       1.9275
   11052       2.0647
   11053       2.0703
   11054       2.0257
   11055       1.9986
   11056       2.0774
   11057       2.1178
   11058       2.1930
   11059       2.1061
   11060       2.1643
   11061       2.1254
   11062       2.1055
   11063       2.0776
   11064       2.0745
   11065       2.1862
   11066       2.1264
   11067       2.2036
   11068       2.2029
   11069       2.1182
   11070       2.1323
   11071       2.1399
   11072       2.0674
   11073       2.0188
   11074       2.0715
   11075       1.9899
   11076       2.0151
   11077       2.0051
   11078       2.0301
   11079       1.9933
   11080       2.0555
   11081       2.1522
   11082       2.1578
   11083       2.1346
   11084       2.2084
   11085       2.1338
   11086       2.0493
   11087       2.1167
   11088       2.1094
   11089       2.0717
   11090       2.0860
   11091       2.0765
   11092       2.0980
   11093       2.0321
   11094       2.0164
   11095       2.0994
   11096       2.0869
   11097       2.0744
   11098       2.0426
   11099       1.9471
   11100       2.0115
   11101       2.0169
   11102       2.0162
   11103       2.0767
   11104       1.9748
   11105       2.0208
   11106       2.0509
   11107       2.0584
   11108       2.0090
   11109       2.1205
   11110       2.1686
   11111       2.0697
   11112       1.9689
   11113       2.0232
   11114       1.9828
   11115       1.8398
   11116       1.8746
   11117       1.8286
   11118       1.8577
   11119       1.8749
   11120       1.8923
   11121       1.9247
   11122       1.9062
   11123       1.9827
   11124       2.0948
   11125       2.1180
   11126       2.1453
   11127       2.1264
   11128       1.9837
   11129       2.0087
   11130       2.0505
   11131       2.0192
   11132       2.0455
   11133       2.0482
   11134       2.0682
   11135       2.1288
   11136       2.0195
   11137       1.9653
   11138       2.0157
   11139       1.9987
   11140       2.0504
   11141       2.0644
   11142       2.0292
   11143       2.0038
   11144       1.9617
   11145       1.9856
   11146       1.9623
   11147       2.0225
   11148       2.0160
   11149       2.0173
   11150       1.9584
   11151       1.9798
   11152       2.0267
   11153       2.0201
   11154       2.0305
   11155       1.9703
   11156       1.9498
   11157       1.9856
   11158       1.9960
   11159       1.9830
   11160       1.9667
   11161       2.0196
   11162       1.9854
   11163       1.9650
   11164       1.9083
   11165       1.9198
   11166       1.9487
   11167       1.8434
   11168       1.9103
   11169       1.9585
   11170       1.9729
   11171       1.9468
   11172       1.9734
   11173       2.0170
   11174       2.0039
   11175       2.0319
   11176       1.9886
   11177       1.9677
   11178       1.9789
   11179       2.0637
   11180       2.0038
   11181       2.0248
   11182       2.0038
   11183       2.0343
   11184       2.0057
   11185       2.0072
   11186       1.9864
   11187       1.9949
   11188       1.9893
   11189       1.9443
   11190       1.9884
   11191       1.9629
   11192       2.0015
   11193       1.9727
   11194       1.9334
   11195       1.8978
   11196       1.9494
   11197       1.9004
   11198       1.9339
   11199       1.9842
   11200       1.9607
   11201       1.9878
   11202       2.0584
   11203       1.9792
   11204       1.9973
   11205       1.9973
   11206       1.9600
   11207       1.9622
   11208       1.8838
   11209       1.9686
   11210       1.9148
   11211       1.8981
   11212       1.9211
   11213       1.8617
   11214       1.8682
   11215       1.9160
   11216       1.9634
   11217       1.9072
   11218       1.9223
   11219       1.9854
   11220       2.0248
   11221       1.9803
   11222       1.9642
   11223       1.8971
   11224       1.9607
   11225       2.0243
   11226       2.0882
   11227       2.0676
   11228       2.0482
   11229       2.1147
   11230       2.0960
   11231       2.0741
   11232       1.9854
   11233       1.9889
   11234       1.9220
   11235       1.9519
   11236       2.0348
   11237       2.0597
   11238       2.0834
   11239       1.9758
   11240       2.0920
   11241       1.9747
   11242       1.9382
   11243       1.9492
   11244       1.9951
   11245       2.0440
   11246       1.9837
   11247       1.9661
   11248       2.0169
   11249       2.0290
   11250       2.0655
   11251       2.0874
   11252       2.1333
   11253       2.1130
   11254       2.0781
   11255       2.1408
   11256       2.0959
   11257       1.9692
   11258       2.0130
   11259       1.9211
   11260       2.0153
   11261       2.1299
   11262       2.0434
   11263       2.0713
   11264       2.0280
   11265       2.0420
   11266       2.0764
   11267       2.0877
   11268       2.0724
   11269       2.0142
   11270       2.0306
   11271       2.0281
   11272       2.0914
   11273       2.1617
   11274       2.0316
   11275       2.0768
   11276       2.1179
   11277       2.1558
   11278       2.1234
   11279       2.1955
   11280       2.1022
   11281       2.1167
   11282       2.0365
   11283       2.0350
   11284       2.0653
   11285       2.0917
   11286       2.0744
   11287       2.0610
   11288       2.0313
   11289       1.9581
   11290       2.0686
   11291       2.1284
   11292       2.1554
   11293       2.0761
   11294       2.1376
   11295       1.9996
   11296       1.9504
   11297       1.9913
   11298       1.9624
   11299       1.9577
   11300       1.9118
   11301       1.9622
   11302       1.9504
   11303       1.9497
   11304       1.9513
   11305       1.9547
   11306       1.9188
   11307       1.8553
   11308       1.9570
   11309       1.9770
   11310       2.1017
   11311       2.1172
   11312       2.0462
   11313       2.0298
   11314       2.0144
   11315       2.0665
   11316       2.0902
   11317       2.0983
   11318       2.0980
   11319       2.0805
   11320       2.0312
   11321       2.0828
   11322       2.1751
   11323       2.1025
   11324       2.0548
   11325       2.1192
   11326       2.1996
   11327       2.0970
   11328       2.0204
   11329       2.1217
   11330       2.1689
   11331       2.1165
   11332       2.0914
   11333       2.1115
   11334       2.1779
   11335       2.1504
   11336       2.1592
   11337       2.0693
   11338       2.0104
   11339       1.9822
   11340       1.9492
   11341       1.9011
   11342       1.9519
   11343       1.8809
   11344       1.8076
   11345       1.8245
   11346       1.8976
   11347       1.8860
   11348       1.9028
   11349       1.9270
   11350       1.8719
   11351       1.8927
   11352       1.8727
   11353       1.8117
   11354       1.8463
   11355       1.7990
   11356       1.7904
   11357       1.7916
   11358       1.7848
   11359       1.8381
   11360       1.7739
   11361       1.6731
   11362       1.8000
   11363       1.7656
   11364       1.8427
   11365       1.7673
   11366       1.7541
   11367       1.8405
   11368       1.8449
   11369       1.8232
   11370       1.8380
   11371       1.9070
   11372       1.8628
   11373       1.8099
   11374       1.7180
   11375       1.8453
   11376       1.8489
   11377       1.8512
   11378       1.8751
   11379       1.8417
   11380       1.8509
   11381       1.9050
   11382       1.9283
   11383       1.9558
   11384       1.9516
   11385       1.9148
   11386       1.8954
   11387       1.9641
   11388       1.9452
   11389       1.9905
   11390       1.9484
   11391       1.9363
   11392       1.9369
   11393       1.9885
   11394       1.9514
   11395       1.9335
   11396       2.0304
   11397       2.0404
   11398       2.0297
   11399       1.9935
   11400       2.0099
   11401       1.9649
   11402       1.9530
   11403       1.9187
   11404       1.9740
   11405       1.9014
   11406       1.8623
   11407       2.0031
   11408       1.9860
   11409       1.9034
   11410       1.9503
   11411       1.9625
   11412       1.9409
   11413       1.9638
   11414       1.9187
   11415       1.8418
   11416       1.9201
   11417       1.8593
   11418       1.9133
   11419       2.0217
   11420       2.0057
   11421       2.0841
   11422       2.0085
   11423       1.9654
   11424       1.9690
   11425       2.0082
   11426       1.9628
   11427       2.0626
   11428       2.0882
   11429       2.0592
   11430       1.9944
   11431       1.9713
   11432       2.0026
   11433       2.0524
   11434       1.9787
   11435       2.0219
   11436       1.9206
   11437       1.9619
   11438       1.9850
   11439       1.8920
   11440       1.8616
   11441       1.9180
   11442       1.9299
   11443       1.8098
   11444       1.7745
   11445       1.8321
   11446       1.8189
   11447       1.7801
   11448       1.7961
   11449       1.8375
   11450       1.8028
   11451       1.8460
   11452       1.8654
   11453       1.8639
   11454       1.9126
   11455       1.9386
   11456       1.9285
   11457       1.9733
   11458       1.9787
   11459       1.9559
   11460       2.0133
   11461       1.9973
   11462       2.0298
   11463       1.9490
   11464       2.0037
   11465       1.9866
   11466       1.9877
   11467       1.9341
   11468       1.9358
   11469       1.9624
   11470       1.9530
   11471       1.9686
   11472       1.8931
   11473       1.9163
   11474       1.8258
   11475       1.8069
   11476       1.8460
   11477       1.8574
   11478       1.9789
   11479       2.1245
   11480       2.0655
   11481       2.0430
   11482       2.0334
   11483       2.0353
   11484       2.0617
   11485       2.0340
   11486       2.0211
   11487       2.0543
   11488       2.0496
   11489       2.0575
   11490       2.0370
   11491       2.0676
   11492       2.1227
   11493       1.9835
   11494       2.0595
   11495       2.0635
   11496       2.1998
   11497       2.1534
   11498       2.1830
   11499       2.1021
   11500       2.0552
   11501       2.0981
   11502       2.0226
   11503       2.0072
   11504       1.9915
   11505       1.9831
   11506       1.9233
   11507       2.0161
   11508       2.0153
   11509       1.9398
   11510       1.9065
   11511       1.8871
   11512       1.8068
   11513       1.9058
   11514       1.8452
   11515       1.8947
   11516       1.7965
   11517       1.8060
   11518       1.8735
   11519       1.9704
   11520       1.8755
   11521       1.9714
   11522       1.9148
   11523       1.8896
   11524       1.8663
   11525       1.9031
   11526       1.9585
   11527       1.9100
   11528       1.8527
   11529       1.9983
   11530       1.8335
   11531       1.9219
   11532       1.8021
   11533       1.7869
   11534       1.8911
   11535       1.9401
   11536       1.9466
   11537       1.9113
   11538       1.8494
   11539       1.8105
   11540       1.8500
   11541       1.8322
   11542       1.8381
   11543       1.7522
   11544       1.7790
   11545       1.8572
   11546       1.8513
   11547       1.8635
   11548       1.9540
   11549       1.9920
   11550       2.0056
   11551       1.9164
   11552       1.8370
   11553       1.8315
   11554       1.8240
   11555       1.7604
   11556       1.7322
   11557       1.7453
   11558       1.7515
   11559       1.7223
   11560       1.7221
   11561       1.6889
   11562       1.7438
   11563       1.7253
   11564       1.7292
   11565       1.6998
   11566       1.6994
   11567       1.7966
   11568       1.7514
   11569       1.8229
   11570       1.8325
   11571       1.7958
   11572       1.8073
   11573       1.8512
   11574       1.8085
   11575       1.8480
   11576       1.8657
   11577       1.8258
   11578       1.9500
   11579       1.9407
   11580       1.8999
   11581       1.8790
   11582       1.8536
   11583       1.9695
   11584       1.9831
   11585       1.9064
   11586       1.9957
   11587       2.0515
   11588       2.0972
   11589       2.1049
   11590       2.0785
   11591       1.9685
   11592       1.9438
   11593       2.0060
   11594       1.9964
   11595       1.9293
   11596       1.9381
   11597       1.9653
   11598       2.0242
   11599       2.0550
   11600       1.9026
   11601       1.8927
   11602       1.9778
   11603       1.9920
   11604       1.9927
   11605       2.0108
   11606       1.9442
   11607       1.9878
   11608       2.0308
   11609       2.1219
   11610       2.1594
   11611       2.0175
   11612       2.0937
   11613       2.1079
   11614       2.1349
   11615       2.0998
   11616       2.0844
   11617       2.0419
   11618       2.1769
   11619       2.1976
   11620       2.2492
   11621       2.3271
   11622       2.2648
   11623       2.3199
   11624       2.2679
   11625       2.1547
   11626       2.1654
   11627       2.0638
   11628       2.1079
   11629       2.1450
   11630       2.0500
   11631       2.0750
   11632       2.0555
   11633       1.9821
   11634       2.0136
   11635       2.0076
   11636       2.0473
   11637       2.0688
   11638       2.0422
   11639       2.1135
   11640       2.0878
   11641       1.9769
   11642       2.0126
   11643       2.0101
   11644       2.1316
   11645       2.0553
   11646       2.1808
   11647       2.0965
   11648       2.1399
   11649       2.0555
   11650       1.9582
   11651       2.0210
   11652       1.9882
   11653       1.9457
   11654       2.0070
   11655       1.9972
   11656       1.9479
   11657       1.9281
   11658       1.9771
   11659       1.9100
   11660       1.9356
   11661       1.9705
   11662       2.0200
   11663       2.1534
   11664       2.1238
   11665       1.9970
   11666       2.0738
   11667       2.1213
   11668       2.0815
   11669       2.0821
   11670       2.1158
   11671       2.0764
   11672       2.1256
   11673       2.1673
   11674       2.1365
   11675       2.0527
   11676       2.1754
   11677       2.1430
   11678       2.0865
   11679       2.1053
   11680       2.0783
   11681       2.1050
   11682       2.1821
   11683       2.2038
   11684       2.1713
   11685       2.1029
   11686       2.1097
   11687       2.1469
   11688       2.2259
   11689       2.4044
   11690       2.4294
   11691       2.3874
   11692       2.3045
   11693       2.3184
   11694       2.3468
   11695       2.2957
   11696       2.3368
   11697       2.3395
   11698       2.3447
   11699       2.2353
   11700       2.2400
   11701       2.1861
   11702       2.2239
   11703       2.2174
   11704       2.2194
   11705       2.2142
   11706       2.1616
   11707       2.0829
   11708       2.1879
   11709       2.2500
   11710       2.1849
   11711       2.1214
   11712       2.2390
   11713       2.2538
   11714       2.2739
   11715       2.2109
   11716       2.1558
   11717       2.2893
   11718       2.3504
   11719       2.2598
   11720       2.3275
   11721       2.2105
   11722       2.2296
   11723       2.2649
   11724       2.1660
   11725       2.1803
   11726       2.0572
   11727       2.0708
   11728       2.0356
   11729       2.0574
   11730       2.1407
   11731       2.0948
   11732       2.1013
   11733       2.1744
   11734       2.1998
   11735       2.2533
   11736       2.2387
   11737       2.1931
   11738       2.1726
   11739       2.1629
   11740       2.1054
   11741       2.1398
   11742       2.0573
   11743       2.1007
   11744       2.1003
   11745       2.1162
   11746       2.0388
   11747       2.1003
   11748       2.1148
   11749       2.1083
   11750       2.1467
   11751       2.1962
   11752       2.2154
   11753       2.1551
   11754       2.1595
   11755       2.1172
   11756       2.0542
   11757       2.0846
   11758       2.0712
   11759       2.0704
   11760       2.0960
   11761       2.1248
   11762       2.1699
   11763       2.0787
   11764       1.9839
   11765       1.9849
   11766       1.9823
   11767       1.9370
   11768       1.9434
   11769       2.0354
   11770       1.9912
   11771       1.9713
   11772       2.0679
   11773       2.0798
   11774       2.0413
   11775       1.9603
   11776       1.8578
   11777       1.9990
   11778       2.0086
   11779       2.0286
   11780       1.9812
   11781       2.0156
   11782       2.0518
   11783       2.0574
   11784       2.0255
   11785       1.9670
   11786       1.9647
   11787       1.9320
   11788       1.9801
   11789       1.9444
   11790       1.9092
   11791       1.8987
   11792       1.9527
   11793       1.9094
   11794       1.9036
   11795       1.8551
   11796       1.8719
   11797       1.8278
   11798       1.8385
   11799       1.7926
   11800       1.8242
   11801       1.7629
   11802       1.7609
   11803       1.7243
   11804       1.7434
   11805       1.8512
   11806       1.8674
   11807       1.8785
   11808       1.8300
   11809       1.8884
   11810       1.8510
   11811       1.7548
   11812       1.7736
   11813       1.8163
   11814       1.8254
   11815       1.7680
   11816       1.7719
   11817       1.7492
   11818       1.7489
   11819       1.7423
   11820       1.7566
   11821       1.6930
   11822       1.7697
   11823       1.6684
   11824       1.7864
   11825       1.7677
   11826       1.7766
   11827       1.7275
   11828       1.8030
   11829       1.7645
   11830       1.7455
   11831       1.7752
   11832       1.8195
   11833       1.8423
   11834       1.8184
   11835       1.8354
   11836       1.7804
   11837       1.7956
   11838       1.7518
   11839       1.7611
   11840       1.8223
   11841       1.8259
   11842       1.7207
   11843       1.7787
   11844       1.8078
   11845       1.7983
   11846       1.8139
   11847       1.8766
   11848       1.8546
   11849       1.9016
   11850       1.8360
   11851       1.8934
   11852       1.8578
   11853       1.9167
   11854       1.9756
   11855       2.0217
   11856       2.0179
   11857       1.9951
   11858       1.8643
   11859       1.9031
   11860       1.8179
   11861       1.8392
   11862       1.9383
   11863       1.9696
   11864       1.9262
   11865       1.9923
   11866       1.9873
   11867       2.0092
   11868       1.9972
   11869       1.9992
   11870       2.0736
   11871       1.9875
   11872       1.9948
   11873       1.9641
   11874       2.0546
   11875       2.0682
   11876       2.1693
   11877       2.2039
   11878       2.2671
   11879       2.2661
   11880       2.1687
   11881       2.1199
   11882       2.0862
   11883       2.0799
   11884       2.0018
   11885       1.9519
   11886       1.9996
   11887       1.9967
   11888       2.0509
   11889       2.0210
   11890       1.9440
   11891       1.9980
   11892       2.0854
   11893       2.0681
   11894       2.0036
   11895       2.0396
   11896       2.0164
   11897       2.0835
   11898       2.0295
   11899       2.0137
   11900       2.0931
   11901       2.1056
   11902       2.0753
   11903       2.1057
   11904       2.0972
   11905       2.0661
   11906       1.9960
   11907       1.9416
   11908       1.8312
   11909       1.8810
   11910       1.9508
   11911       1.9589
   11912       1.9206
   11913       1.9108
   11914       1.8804
   11915       1.8911
   11916       1.9190
   11917       1.9749
   11918       1.8963
   11919       1.8533
   11920       1.8909
   11921       1.9197
   11922       1.9856
   11923       2.0242
   11924       2.0023
   11925       1.9536
   11926       1.9640
   11927       1.9624
   11928       1.9174
   11929       1.8969
   11930       1.9602
   11931       1.9280
   11932       1.9601
   11933       1.9042
   11934       1.9783
   11935       1.8938
   11936       1.9616
   11937       1.8328
   11938       1.9346
   11939       1.9379
   11940       1.8945
   11941       1.9103
   11942       1.9665
   11943       1.9902
   11944       1.9351
   11945       1.9997
   11946       2.0181
   11947       2.0449
   11948       1.9475
   11949       1.9931
   11950       1.9863
   11951       2.0359
   11952       2.0220
   11953       2.0131
   11954       2.0353
   11955       1.9482
   11956       2.0364
   11957       2.0375
   11958       1.9418
   11959       2.0399
   11960       2.0314
   11961       2.0645
   11962       2.0007
   11963       2.0647
   11964       2.0579
   11965       1.9870
   11966       1.9814
   11967       1.9992
   11968       2.0401
   11969       2.0347
   11970       1.9686
   11971       1.9736
   11972       1.9715
   11973       1.9376
   11974       1.9199
   11975       1.9050
   11976       1.9751
   11977       1.9768
   11978       1.9726
   11979       1.8928
   11980       1.8714
   11981       1.9119
   11982       1.8407
   11983       1.8728
   11984       1.9571
   11985       1.9676
   11986       2.0361
   11987       1.9798
   11988       2.0354
   11989       2.0175
   11990       1.9740
   11991       1.9125
   11992       1.8780
   11993       1.9089
   11994       1.8717
   11995       1.8477
   11996       1.9375
   11997       1.8768
   11998       1.9809
   11999       2.0470
   12000       1.9707
   12001       1.9637
   12002       1.8689
   12003       1.9137
   12004       1.9031
   12005       1.8396
   12006       1.8286
   12007       1.8568
   12008       1.8341
   12009       1.8588
   12010       1.9148
   12011       1.8489
   12012       1.9154
   12013       1.9064
   12014       1.8234
   12015       1.7706
   12016       1.8150
   12017       1.7541
   12018       1.7643
   12019       1.6730
   12020       1.6557
   12021       1.7451
   12022       1.7163
   12023       1.7680
   12024       1.7058
   12025       1.8389
   12026       1.7817
   12027       1.7686
   12028       1.8301
   12029       1.7963
   12030       1.7942
   12031       1.7853
   12032       1.7835
   12033       1.7280
   12034       1.6864
   12035       1.7054
   12036       1.7322
   12037       1.7363
   12038       1.7818
   12039       1.8076
   12040       1.8050
   12041       1.8146
   12042       1.8468
   12043       1.8742
   12044       1.9157
   12045       1.9375
   12046       1.8804
   12047       1.8776
   12048       1.9369
   12049       1.8766
   12050       1.8867
   12051       1.8761
   12052       1.9124
   12053       1.8780
   12054       1.8260
   12055       1.8690
   12056       1.9096
   12057       1.8999
   12058       1.7918
   12059       1.9023
   12060       1.8981
   12061       1.8954
   12062       1.9261
   12063       1.8508
   12064       1.9479
   12065       1.9806
   12066       1.9298
   12067       1.8671
   12068       1.9074
   12069       1.9135
   12070       1.9333
   12071       1.9840
   12072       2.0142
   12073       1.9850
   12074       1.9699
   12075       1.9124
   12076       1.9279
   12077       1.9641
   12078       1.9911
   12079       2.0911
   12080       2.0942
   12081       2.0537
   12082       1.9836
   12083       2.0331
   12084       2.0693
   12085       2.0376
   12086       2.0022
   12087       2.0602
   12088       2.0424
   12089       1.9949
   12090       1.9536
   12091       1.9892
   12092       1.9980
   12093       2.0332
   12094       2.0647
   12095       2.0646
   12096       2.0957
   12097       2.0969
   12098       2.0358
   12099       2.0513
   12100       2.0222
   12101       1.9793
   12102       1.9932
   12103       1.9725
   12104       1.9631
   12105       2.0544
   12106       1.9677
   12107       2.0320
   12108       2.0986
   12109       2.0859
   12110       2.0174
   12111       2.0937
   12112       2.1027
   12113       2.1101
   12114       2.0946
   12115       2.0866
   12116       2.1022
   12117       2.0917
   12118       2.1541
   12119       2.1214
   12120       2.0241
   12121       2.1022
   12122       2.1087
   12123       2.0604
   12124       2.1141
   12125       2.1091
   12126       2.0874
   12127       2.1901
   12128       2.2172
   12129       2.2223
   12130       2.2456
   12131       2.2996
   12132       2.2618
   12133       2.2724
   12134       2.2519
   12135       2.2524
   12136       2.2527
   12137       2.1929
   12138       2.2997
   12139       2.2719
   12140       2.2517
   12141       2.1543
   12142       2.1749
   12143       2.1397
   12144       2.1134
   12145       2.1241
   12146       2.1904
   12147       2.2132
   12148       2.2044
   12149       2.1179
   12150       2.1039
   12151       2.0510
   12152       2.0078
   12153       2.0505
   12154       2.0328
   12155       2.0134
   12156       2.0434
   12157       1.9746
   12158       1.9542
   12159       2.0203
   12160       1.9795
   12161       2.0172
   12162       2.0482
   12163       2.0123
   12164       1.9655
   12165       1.9992
   12166       1.9729
   12167       2.0825
   12168       2.0576
   12169       2.0731
   12170       1.9745
   12171       1.9627
   12172       2.0124
   12173       1.9310
   12174       1.9997
   12175       1.8902
   12176       1.8633
   12177       1.8856
   12178       1.8734
   12179       1.8844
   12180       1.8876
   12181       1.9506
   12182       1.9366
   12183       1.8590
   12184       1.8803
   12185       1.8524
   12186       1.9215
   12187       1.9624
   12188       2.0388
   12189       2.0344
   12190       2.0821
   12191       2.0809
   12192       2.0591
   12193       2.0860
   12194       2.1452
   12195       2.0974
   12196       2.0350
   12197       2.0311
   12198       2.0269
   12199       1.9503
   12200       1.9330
   12201       1.9831
   12202       2.0496
   12203       2.0232
   12204       1.9846
   12205       1.9788
   12206       1.9947
   12207       2.0250
   12208       1.9327
   12209       2.0446
   12210       2.0529
   12211       2.1589
   12212       2.1360
   12213       2.0925
   12214       2.1095
   12215       2.1488
   12216       2.1557
   12217       2.1497
   12218       2.1280
   12219       2.1152
   12220       1.9973
   12221       2.0088
   12222       1.9650
   12223       1.9256
   12224       1.8736
   12225       1.8388
   12226       1.7726
   12227       1.8240
   12228       1.8679
   12229       1.9170
   12230       1.9014
   12231       1.8591
   12232       1.9289
   12233       1.9469
   12234       1.9964
   12235       2.1261
   12236       2.0747
   12237       2.0556
   12238       1.9932
   12239       1.9991
   12240       2.0324
   12241       2.1148
   12242       2.1150
   12243       2.1157
   12244       2.1024
   12245       2.0899
   12246       2.0406
   12247       2.1362
   12248       2.0738
   12249       1.9595
   12250       1.9739
   12251       1.9372
   12252       1.9565
   12253       1.8708
   12254       1.8776
   12255       1.9068
   12256       1.9838
   12257       1.9653
   12258       1.9505
   12259       1.9286
   12260       1.8363
   12261       1.8427
   12262       1.8681
   12263       1.8760
   12264       1.7856
   12265       1.8679
   12266       1.8356
   12267       1.8411
   12268       1.8664
   12269       1.8641
   12270       1.7367
   12271       1.8172
   12272       1.8670
   12273       1.8530
   12274       1.7680
   12275       1.8215
   12276       1.8321
   12277       1.9251
   12278       1.8970
   12279       1.9281
   12280       2.0011
   12281       1.9779
   12282       1.9250
   12283       2.0286
   12284       1.9564
   12285       1.8673
   12286       1.9506
   12287       1.9445
   12288       1.9309
   12289       1.9310
   12290       1.9578
   12291       1.9156
   12292       1.9061
   12293       1.9016
   12294       1.9253
   12295       1.9022
   12296       1.8968
   12297       1.9859
   12298       1.9837
   12299       2.0015
   12300       2.0368
   12301       2.0271
   12302       2.0298
   12303       2.0739
   12304       2.0828
   12305       2.0680
   12306       2.0421
   12307       2.1090
   12308       2.0812
   12309       2.0132
   12310       1.9806
   12311       1.8977
   12312       2.0312
   12313       1.9711
   12314       1.8449
   12315       1.8577
   12316       1.9434
   12317       1.9456
   12318       1.8615
   12319       1.8018
   12320       1.8214
   12321       1.7559
   12322       1.6793
   12323       1.7951
   12324       1.8374
   12325       1.8306
   12326       1.6684
   12327       1.7280
   12328       1.8595
   12329       1.8281
   12330       1.7464
   12331       1.8268
   12332       1.8423
   12333       1.8206
   12334       1.8155
   12335       1.8771
   12336       1.8752
   12337       1.8303
   12338       1.6966
   12339       1.7247
   12340       1.6993
   12341       1.6132
   12342       1.6462
   12343       1.7124
   12344       1.7097
   12345       1.7142
   12346       1.6976
   12347       1.6343
   12348       1.5982
   12349       1.6286
   12350       1.6773
   12351       1.7496
   12352       1.7146
   12353       1.6749
   12354       1.6494
   12355       1.6928
   12356       1.6878
   12357       1.7140
   12358       1.8090
   12359       1.7972
   12360       1.8399
   12361       1.7247
   12362       1.6943
   12363       1.7411
   12364       1.7695
   12365       1.7985
   12366       1.8903
   12367       1.8651
   12368       1.9306
   12369       1.9255
   12370       2.0103
   12371       2.0274
   12372       2.0020
   12373       1.8897
   12374       1.9703
   12375       2.0192
   12376       2.0556
   12377       2.1121
   12378       2.1221
   12379       2.1117
   12380       2.0849
   12381       2.1194
   12382       2.1547
   12383       2.0997
   12384       2.0970
   12385       2.0793
   12386       2.0220
   12387       1.9892
   12388       1.9914
   12389       1.9055
   12390       1.9549
   12391       1.8030
   12392       1.8480
   12393       1.8691
   12394       1.9525
   12395       2.0066
   12396       2.0191
   12397       2.0045
   12398       2.0043
   12399       2.0428
   12400       1.9685
   12401       1.9226
   12402       1.8927
   12403       1.9276
   12404       1.8958
   12405       1.8499
   12406       1.7994
   12407       1.7989
   12408       1.7736
   12409       1.8551
   12410       1.8557
   12411       1.8898
   12412       1.9377
   12413       1.8719
   12414       1.9575
   12415       1.9807
   12416       2.0214
   12417       2.0046
   12418       2.0662
   12419       2.0950
   12420       2.0499
   12421       2.0399
   12422       1.9301
   12423       1.8525
   12424       1.8069
   12425       1.8932
   12426       1.9132
   12427       1.8656
   12428       1.8772
   12429       1.8257
   12430       1.8482
   12431       1.8463
   12432       1.8710
   12433       1.8555
   12434       1.8292
   12435       1.7909
   12436       1.8521
   12437       1.9169
   12438       1.9350
   12439       1.9017
   12440       1.9219
   12441       1.9148
   12442       1.9003
   12443       2.0345
   12444       2.0113
   12445       1.9806
   12446       1.9799
   12447       2.0432
   12448       2.0673
   12449       2.0078
   12450       2.0291
   12451       2.0513
   12452       2.0919
   12453       2.1391
   12454       2.1574
   12455       2.2666
   12456       2.2879
   12457       2.3078
   12458       2.2780
   12459       2.2511
   12460       2.2672
   12461       2.2566
   12462       2.2544
   12463       2.2629
   12464       2.2412
   12465       2.1679
   12466       2.1188
   12467       2.0853
   12468       2.0159
   12469       2.0174
   12470       1.9993
   12471       2.0515
   12472       2.1064
   12473       2.1255
   12474       1.9984
   12475       2.0188
   12476       1.9732
   12477       1.9525
   12478       1.9550
   12479       1.9565
   12480       1.8782
   12481       1.8796
   12482       1.8762
   12483       1.8385
   12484       1.8751
   12485       1.8491
   12486       1.8368
   12487       1.8533
   12488       1.8116
   12489       1.7888
   12490       1.7690
   12491       1.7781
   12492       1.7639
   12493       1.8006
   12494       1.8399
   12495       1.8107
   12496       1.7682
   12497       1.8029
   12498       1.7570
   12499       1.7844
   12500       1.7390
   12501       1.7320
   12502       1.7853
   12503       1.7450
   12504       1.7657
   12505       1.7261
   12506       1.7754
   12507       1.8746
   12508       1.8895
   12509       1.8208
   12510       1.7793
   12511       1.7147
   12512       1.7256
   12513       1.7710
   12514       1.7051
   12515       1.7169
   12516       1.8542
   12517       1.7978
   12518       1.8127
   12519       1.8401
   12520       1.7807
   12521       1.7714
   12522       1.8798
   12523       1.9244
   12524       1.8839
   12525       1.9429
   12526       1.9066
   12527       1.8476
   12528       1.8570
   12529       1.7539
   12530       1.7994
   12531       1.7781
   12532       1.7604
   12533       1.7216
   12534       1.7495
   12535       1.8220
   12536       1.8748
   12537       1.9071
   12538       1.8827
   12539       1.9160
   12540       1.8444
   12541       1.8048
   12542       1.7891
   12543       1.8384
   12544       1.8769
   12545       1.7910
   12546       1.8498
   12547       1.8313
   12548       1.8774
   12549       1.9124
   12550       1.9016
   12551       1.8392
   12552       1.8987
   12553       1.8875
   12554       1.8574
   12555       1.7548
   12556       1.8275
   12557       1.8495
   12558       1.9033
   12559       1.8761
   12560       1.7682
   12561       1.7272
   12562       1.6621
   12563       1.7243
   12564       1.7932
   12565       1.6548
   12566       1.7393
   12567       1.7070
   12568       1.7320
   12569       1.7078
   12570       1.7630
   12571       1.7151
   12572       1.6460
   12573       1.6636
   12574       1.6273
   12575       1.6154
   12576       1.6096
   12577       1.6263
   12578       1.6877
   12579       1.6674
   12580       1.6781
   12581       1.6522
   12582       1.6542
   12583       1.6496
   12584       1.6756
   12585       1.7031
   12586       1.6813
   12587       1.6791
   12588       1.6608
   12589       1.6122
   12590       1.7011
   12591       1.6648
   12592       1.6860
   12593       1.6436
   12594       1.7224
   12595       1.7477
   12596       1.7772
   12597       1.6976
   12598       1.6617
   12599       1.7217
   12600       1.7374
   12601       1.7801
   12602       1.7890
   12603       1.8504
   12604       1.8240
   12605       1.8074
   12606       1.7197
   12607       1.6704
   12608       1.6873
   12609       1.7316
   12610       1.7791
   12611       1.7093
   12612       1.6765
   12613       1.6933
   12614       1.7356
   12615       1.6375
   12616       1.5714
   12617       1.5809
   12618       1.6265
   12619       1.6656
   12620       1.7041
   12621       1.7246
   12622       1.6640
   12623       1.6769
   12624       1.6211
   12625       1.6548
   12626       1.6712
   12627       1.7318
   12628       1.7471
   12629       1.7302
   12630       1.6512
   12631       1.6405
   12632       1.7023
   12633       1.7447
   12634       1.7363
   12635       1.7093
   12636       1.7394
   12637       1.7582
   12638       1.7954
   12639       1.8262
   12640       1.7944
   12641       1.7895
   12642       1.7311
   12643       1.7816
   12644       1.7472
   12645       1.7730
   12646       1.8159
   12647       1.7784
   12648       1.7985
   12649       1.7757
   12650       1.7213
   12651       1.6865
   12652       1.6571
   12653       1.6929
   12654       1.7262
   12655       1.6643
   12656       1.6735
   12657       1.6690
   12658       1.6957
   12659       1.6315
   12660       1.6517
   12661       1.6429
   12662       1.6454
   12663       1.5730
   12664       1.6534
   12665       1.6546
   12666       1.6931
   12667       1.6793
   12668       1.6791
   12669       1.6605
   12670       1.6154
   12671       1.6300
   12672       1.5742
   12673       1.5991
   12674       1.6836
   12675       1.7128
   12676       1.7307
   12677       1.6894
   12678       1.7191
   12679       1.6756
   12680       1.6252
   12681       1.6909
   12682       1.7212
   12683       1.7223
   12684       1.6840
   12685       1.6862
   12686       1.6089
   12687       1.6672
   12688       1.5643
   12689       1.6423
   12690       1.6910
   12691       1.6394
   12692       1.6511
   12693       1.5849
   12694       1.5773
   12695       1.5777
   12696       1.7032
   12697       1.6840
   12698       1.7401
   12699       1.7018
   12700       1.7510
   12701       1.6716
   12702       1.7405
   12703       1.7355
   12704       1.6734
   12705       1.6902
   12706       1.7334
   12707       1.6734
   12708       1.6845
   12709       1.6735
   12710       1.7361
   12711       1.7633
   12712       1.7920
   12713       1.8379
   12714       1.8468
   12715       1.8168
   12716       1.7962
   12717       1.7836
   12718       1.7660
   12719       1.8261
   12720       1.8194
   12721       1.7899
   12722       1.7252
   12723       1.6987
   12724       1.7587
   12725       1.8258
   12726       1.7364
   12727       1.7369
   12728       1.7416
   12729       1.7602
   12730       1.7144
   12731       1.6723
   12732       1.7336
   12733       1.7369
   12734       1.7442
   12735       1.7494
   12736       1.7685
   12737       1.8312
   12738       1.8593
   12739       1.8275
   12740       1.8106
   12741       1.7048
   12742       1.7152
   12743       1.7790
   12744       1.7543
   12745       1.7041
   12746       1.8253
   12747       1.7791
   12748       1.8099
   12749       1.7884
   12750       1.7314
   12751       1.7569
   12752       1.7646
   12753       1.7886
   12754       1.8734
   12755       1.8626
   12756       1.8348
   12757       1.8397
   12758       1.8091
   12759       1.8279
   12760       1.8600
   12761       1.8640
   12762       1.9031
   12763       1.7970
   12764       1.8560
   12765       1.8766
   12766       1.8417
   12767       1.9133
   12768       1.8606
   12769       1.8228
   12770       1.8217
   12771       1.9634
   12772       1.9699
   12773       1.8614
   12774       1.9024
   12775       1.8239
   12776       1.8627
   12777       1.8411
   12778       1.8819
   12779       1.9064
   12780       1.8856
   12781       1.8816
   12782       1.9339
   12783       1.8891
   12784       1.8966
   12785       1.9595
   12786       1.9598
   12787       1.9914
   12788       1.9631
   12789       1.9687
   12790       1.9414
   12791       1.9311
   12792       1.9448
   12793       1.9705
   12794       1.9743
   12795       1.9845
   12796       1.9049
   12797       1.9159
   12798       1.9649
   12799       1.8858
   12800       1.8686
   12801       1.8683
   12802       1.9260
   12803       1.9040
   12804       1.8354
   12805       1.8660
   12806       1.7980
   12807       1.7667
   12808       1.8118
   12809       1.7757
   12810       1.7325
   12811       1.7380
   12812       1.7155
   12813       1.6682
   12814       1.7733
   12815       1.8082
   12816       1.8566
   12817       1.8515
   12818       1.8153
   12819       1.9327
   12820       1.9139
   12821       1.8508
   12822       1.8266
   12823       1.8083
   12824       1.7906
   12825       1.9639
   12826       1.9668
   12827       1.9347
   12828       1.8366
   12829       1.8064
   12830       1.8159
   12831       1.7923
   12832       1.8310
   12833       1.9364
   12834       1.8657
   12835       1.9167
   12836       1.9465
   12837       1.9425
   12838       1.9338
   12839       1.9933
   12840       1.9014
   12841       1.8861
   12842       1.9502
   12843       1.9351
   12844       1.8910
   12845       1.8731
   12846       1.8558
   12847       1.8946
   12848       1.9190
   12849       1.9770
   12850       1.9740
   12851       1.8917
   12852       1.8420
   12853       1.8285
   12854       1.8304
   12855       1.9130
   12856       1.9168
   12857       1.8529
   12858       1.8509
   12859       1.7462
   12860       1.7558
   12861       1.7832
   12862       1.8045
   12863       1.7726
   12864       1.7927
   12865       1.7369
   12866       1.6730
   12867       1.7311
   12868       1.7976
   12869       1.7198
   12870       1.6454
   12871       1.7072
   12872       1.6986
   12873       1.7819
   12874       1.8770
   12875       1.8959
   12876       1.8372
   12877       1.7595
   12878       1.7937
   12879       1.8099
   12880       1.7299
   12881       1.6927
   12882       1.7306
   12883       1.7067
   12884       1.7321
   12885       1.7581
   12886       1.7879
   12887       1.8803
   12888       1.8472
   12889       1.8228
   12890       1.8260
   12891       1.8465
   12892       1.8916
   12893       1.9590
   12894       1.9417
   12895       1.9548
   12896       2.0840
   12897       2.0178
   12898       1.9977
   12899       1.9542
   12900       1.8830
   12901       1.8836
   12902       1.9058
   12903       1.8313
   12904       1.9674
   12905       2.0198
   12906       1.9865
   12907       2.0034
   12908       2.0893
   12909       1.9989
   12910       2.0136
   12911       2.0744
   12912       2.0897
   12913       2.0961
   12914       2.0341
   12915       2.0599
   12916       1.8854
   12917       1.9660
   12918       2.0562
   12919       2.1012
   12920       2.0196
   12921       1.9444
   12922       1.9463
   12923       1.8688
   12924       1.9167
   12925       1.9012
   12926       1.9952
   12927       1.9263
   12928       1.9415
   12929       2.0039
   12930       2.0610
   12931       2.1572
   12932       2.0785
   12933       2.0989
   12934       2.1783
   12935       2.2210
   12936       2.1355
   12937       2.0678
   12938       2.1652
   12939       2.1001
   12940       2.0434
   12941       2.0880
   12942       2.0879
   12943       2.0460
   12944       1.9751
   12945       2.0044
   12946       2.0607
   12947       2.1020
   12948       2.1266
   12949       2.1025
   12950       2.1346
   12951       2.0843
   12952       2.0510
   12953       2.0205
   12954       2.0543
   12955       2.0082
   12956       1.9682
   12957       2.0027
   12958       1.9987
   12959       1.9784
   12960       1.9495
   12961       2.0027
   12962       1.9806
   12963       1.9171
   12964       1.8895
   12965       1.9336
   12966       1.9196
   12967       1.9493
   12968       1.9133
   12969       1.8071
   12970       1.8477
   12971       1.8799
   12972       1.9571
   12973       2.0163
   12974       2.0198
   12975       2.1510
   12976       2.1202
   12977       2.2213
   12978       2.1202
   12979       2.1502
   12980       2.1091
   12981       2.0087
   12982       2.0077
   12983       1.9624
   12984       1.9358
   12985       1.9427
   12986       2.0584
   12987       1.9795
   12988       2.0337
   12989       1.9431
   12990       1.9229
   12991       1.9380
   12992       1.8963
   12993       1.9151
   12994       1.9565
   12995       2.0304
   12996       2.0007
   12997       2.0491
   12998       1.9711
   12999       1.9536
   13000       1.9200
   13001       1.9019
   13002       1.8676
   13003       2.0006
   13004       1.9986
   13005       1.9817
   13006       2.0984
   13007       2.0285
   13008       2.1148
   13009       2.0712
   13010       2.0349
   13011       1.9628
   13012       1.9411
   13013       1.9132
   13014       1.8857
   13015       1.8923
   13016       1.9375
   13017       1.9892
   13018       1.9152
   13019       1.9503
   13020       1.9127
   13021       1.9846
   13022       1.9253
   13023       1.9101
   13024       1.9104
   13025       1.9702
   13026       2.0418
   13027       2.0716
   13028       1.9680
   13029       1.9338
   13030       1.8895
   13031       1.9211
   13032       1.9581
   13033       1.9373
   13034       2.0055
   13035       1.9928
   13036       1.9492
   13037       1.9409
   13038       1.9746
   13039       1.9153
   13040       1.9523
   13041       1.9040
   13042       1.8595
   13043       1.8521
   13044       1.9197
   13045       1.9981
   13046       1.9558
   13047       1.9806
   13048       2.0599
   13049       2.1012
   13050       2.1571
   13051       2.1920
   13052       2.1533
   13053       2.0999
   13054       2.1194
   13055       2.0597
   13056       2.0668
   13057       2.0854
   13058       2.0838
   13059       2.0231
   13060       2.0437
   13061       2.0695
   13062       2.0618
   13063       2.0635
   13064       2.0398
   13065       2.1168
   13066       2.0884
   13067       2.0686
   13068       2.1266
   13069       2.1269
   13070       2.0370
   13071       2.0791
   13072       1.9967
   13073       2.0135
   13074       2.0085
   13075       1.9689
   13076       1.9815
   13077       2.0252
   13078       2.0713
   13079       1.9883
   13080       2.0386
   13081       2.0495
   13082       2.0843
   13083       2.0695
   13084       2.0897
   13085       2.0448
   13086       2.1090
   13087       1.9962
   13088       1.9521
   13089       1.9747
   13090       2.0369
   13091       2.0359
   13092       1.9952
   13093       2.0040
   13094       1.9898
   13095       2.0951
   13096       2.1018
   13097       2.1835
   13098       2.1680
   13099       2.1756
   13100       2.0532
   13101       2.0651
   13102       1.9902
   13103       1.9745
   13104       2.0525
   13105       2.0718
   13106       2.0296
   13107       1.9862
   13108       1.9885
   13109       1.9991
   13110       2.1103
   13111       2.0907
   13112       2.1107
   13113       2.1162
   13114       2.1256
   13115       2.0377
   13116       1.9261
   13117       1.8889
   13118       2.0212
   13119       1.9737
   13120       1.9603
   13121       1.9983
   13122       2.0638
   13123       2.0341
   13124       2.0286
   13125       2.0519
   13126       2.0986
   13127       2.1114
   13128       2.2233
   13129       2.2043
   13130       2.1271
   13131       2.2081
   13132       2.2117
   13133       2.2033
   13134       2.2457
   13135       2.2374
   13136       2.2256
   13137       2.2164
   13138       2.1707
   13139       2.1620
   13140       2.1649
   13141       2.1388
   13142       2.2361
   13143       2.1382
   13144       2.1771
   13145       2.1352
   13146       2.1058
   13147       2.1185
   13148       2.0869
   13149       2.1102
   13150       2.1377
   13151       2.1587
   13152       2.1319
   13153       2.1347
   13154       2.1297
   13155       2.1608
   13156       2.1479
   13157       2.1353
   13158       2.1532
   13159       2.1973
   13160       2.1423
   13161       2.1272
   13162       2.2567
   13163       2.1997
   13164       2.1238
   13165       2.2090
   13166       2.1782
   13167       2.1767
   13168       2.1061
   13169       2.1203
   13170       2.1732
   13171       2.1422
   13172       2.1276
   13173       2.1013
   13174       2.2040
   13175       2.1579
   13176       2.0398
   13177       2.0375
   13178       2.0412
   13179       2.0855
   13180       2.1134
   13181       2.1948
   13182       2.1563
   13183       2.1766
   13184       2.1393
   13185       2.0961
   13186       2.0947
   13187       2.1375
   13188       2.2032
   13189       2.2015
   13190       2.1677
   13191       2.1397
   13192       2.2108
   13193       2.1746
   13194       2.0860
   13195       2.1252
   13196       2.1397
   13197       2.1240
   13198       2.1341
   13199       2.1487
   13200       2.1273
   13201       2.1766
   13202       2.2032
   13203       2.2241
   13204       2.1687
   13205       2.1650
   13206       2.1329
   13207       2.1302
   13208       2.1365
   13209       2.0961
   13210       2.0886
   13211       2.2075
   13212       2.1588
   13213       2.1831
   13214       2.3294
   13215       2.2359
   13216       2.2382
   13217       2.1607
   13218       2.1019
   13219       2.1468
   13220       2.1307
   13221       2.0895
   13222       2.0335
   13223       2.0378
   13224       1.9891
   13225       2.0932
   13226       2.0233
   13227       2.0544
   13228       2.0859
   13229       2.1634
   13230       2.1888
   13231       2.1122
   13232       2.1315
   13233       2.1584
   13234       2.1615
   13235       2.2602
   13236       2.2802
   13237       2.2683
   13238       2.1770
   13239       2.2307
   13240       2.2627
   13241       2.2498
   13242       2.2136
   13243       2.3319
   13244       2.2732
   13245       2.3737
   13246       2.2701
   13247       2.2897
   13248       2.3677
   13249       2.2909
   13250       2.3198
   13251       2.2855
   13252       2.1746
   13253       2.1840
   13254       2.2750
   13255       2.2461
   13256       2.2077
   13257       2.2672
   13258       2.3427
   13259       2.3633
   13260       2.3499
   13261       2.3184
   13262       2.2070
   13263       2.2076
   13264       2.3025
   13265       2.2974
   13266       2.2769
   13267       2.2200
   13268       2.2873
   13269       2.2198
   13270       2.1366
   13271       2.2247
   13272       2.2156
   13273       2.1679
   13274       2.1592
   13275       2.1990
   13276       2.1530
   13277       2.0231
   13278       2.0714
   13279       2.0908
   13280       2.1286
   13281       2.1014
   13282       2.1412
   13283       2.1688
   13284       2.2373
   13285       2.1334
   13286       2.1262
   13287       2.1016
   13288       2.1049
   13289       2.2145
   13290       2.1839
   13291       2.0948
   13292       2.1111
   13293       2.0969
   13294       2.1046
   13295       2.1427
   13296       2.0907
   13297       2.2554
   13298       2.1810
   13299       2.1374
   13300       2.1092
   13301       2.0577
   13302       2.1511
   13303       2.1197
   13304       1.9969
   13305       1.9052
   13306       1.9971
   13307       2.0475
   13308       2.1254
   13309       2.1081
   13310       2.1345
   13311       2.1662
   13312       2.1734
   13313       2.2099
   13314       2.2109
   13315       2.1826
   13316       2.1228
   13317       2.1532
   13318       2.1924
   13319       2.1411
   13320       2.0721
   13321       2.1335
   13322       2.1438
   13323       2.0641
   13324       2.2236
   13325       2.1934
   13326       2.2201
   13327       2.2604
   13328       2.2478
   13329       2.1946
   13330       2.2622
   13331       2.2894
   13332       2.2292
   13333       2.2764
   13334       2.4453
   13335       2.4048
   13336       2.2904
   13337       2.2186
   13338       2.2260
   13339       2.1698
   13340       2.1604
   13341       2.1224
   13342       2.0881
   13343       2.1288
   13344       2.1809
   13345       2.2234
   13346       2.1877
   13347       2.2339
   13348       2.2894
   13349       2.2192
   13350       2.2007
   13351       2.2214
   13352       2.2542
   13353       2.1530
   13354       2.1646
   13355       2.2923
   13356       2.3507
   13357       2.3120
   13358       2.3530
   13359       2.3263
   13360       2.2937
   13361       2.2276
   13362       2.2757
   13363       2.3359
   13364       2.3209
   13365       2.3542
   13366       2.3098
   13367       2.2445
   13368       2.1896
   13369       2.1619
   13370       2.1487
   13371       2.2423
   13372       2.2270
   13373       2.1993
   13374       2.2329
   13375       2.2003
   13376       2.0820
   13377       2.0836
   13378       2.0595
   13379       2.0506
   13380       2.0117
   13381       1.9041
   13382       1.9869
   13383       2.0839
   13384       2.0380
   13385       2.0862
   13386       2.1079
   13387       2.0140
   13388       2.1103
   13389       2.0953
   13390       2.0656
   13391       2.0908
   13392       2.0666
   13393       2.0589
   13394       2.0266
   13395       2.0746
   13396       2.0318
   13397       2.0004
   13398       2.0622
   13399       2.1000
   13400       2.0892
   13401       1.9883
   13402       1.9896
   13403       2.0274
   13404       1.9580
   13405       1.9569
   13406       1.9786
   13407       2.0114
   13408       2.1173
   13409       1.9867
   13410       2.0241
   13411       2.0438
   13412       2.0108
   13413       2.0179
   13414       1.9961
   13415       2.0125
   13416       2.0053
   13417       1.9428
   13418       1.9259
   13419       1.9513
   13420       1.9347
   13421       1.9604
   13422       2.0172
   13423       1.9107
   13424       2.0458
   13425       1.9201
   13426       1.9524
   13427       2.0981
   13428       1.9854
   13429       1.9670
   13430       2.0741
   13431       2.0713
   13432       2.0149
   13433       2.0713
   13434       2.0404
   13435       2.0140
   13436       2.0925
   13437       2.0902
   13438       2.1376
   13439       2.1469
   13440       2.1228
   13441       2.2099
   13442       2.1328
   13443       2.1161
   13444       2.1217
   13445       2.1107
   13446       2.0320
   13447       1.9997
   13448       1.9598
   13449       2.0001
   13450       1.9990
   13451       1.9792
   13452       1.9674
   13453       2.0264
   13454       2.0021
   13455       1.9068
   13456       1.8961
   13457       1.9922
   13458       1.9929
   13459       2.0572
   13460       2.1684
   13461       2.1912
   13462       2.1107
   13463       2.2183
   13464       2.2107
   13465       2.1632
   13466       2.1257
   13467       2.1590
   13468       2.1790
   13469       2.0954
   13470       2.1102
   13471       2.0564
   13472       2.1712
   13473       2.0702
   13474       2.0182
   13475       1.9429
   13476       2.0289
   13477       2.0196
   13478       2.1057
   13479       2.0559
   13480       2.0820
   13481       1.9794
   13482       1.9929
   13483       1.9742
   13484       2.0293
   13485       2.1308
   13486       2.1833
   13487       2.0986
   13488       2.0799
   13489       2.0800
   13490       2.0911
   13491       2.1574
   13492       2.1180
   13493       2.0529
   13494       2.0931
   13495       2.0965
   13496       2.1699
   13497       2.2216
   13498       2.2340
   13499       2.2907
   13500       2.2599
   13501       2.2231
   13502       2.1903
   13503       2.2443
   13504       2.1781
   13505       2.2318
   13506       2.1317
   13507       2.2186
   13508       2.2457
   13509       2.3397
   13510       2.3774
   13511       2.3556
   13512       2.3741
   13513       2.3602
   13514       2.3238
   13515       2.2748
   13516       2.2348
   13517       2.1810
   13518       2.2080
   13519       2.1386
   13520       2.0203
   13521       1.9853
   13522       2.1209
   13523       2.0790
   13524       2.0054
   13525       2.0085
   13526       2.0421
   13527       1.9721
   13528       1.9916
   13529       2.0803
   13530       2.0465
   13531       2.0611
   13532       2.1339
   13533       2.1481
   13534       2.1738
   13535       2.1309
   13536       2.1193
   13537       2.0807
   13538       2.1036
   13539       2.0797
   13540       2.0901
   13541       2.1138
   13542       2.0561
   13543       2.0846
   13544       2.1864
   13545       2.1096
   13546       2.1390
   13547       2.1595
   13548       2.1146
   13549       2.2357
   13550       2.1856
   13551       2.2094
   13552       2.2702
   13553       2.1931
   13554       2.2058
   13555       2.1177
   13556       2.1198
   13557       2.0858
   13558       2.1017
   13559       2.0342
   13560       2.0928
   13561       2.0743
   13562       2.0122
   13563       2.0423
   13564       1.9758
   13565       1.9889
   13566       1.9785
   13567       2.0520
   13568       2.0060
   13569       2.0056
   13570       2.0004
   13571       1.9784
   13572       2.0000
   13573       2.1097
   13574       2.0733
   13575       1.9478
   13576       1.9894
   13577       1.9563
   13578       1.9568
   13579       2.0687
   13580       2.1077
   13581       2.0767
   13582       2.0541
   13583       1.9975
   13584       2.0147
   13585       2.0118
   13586       1.9628
   13587       1.9608
   13588       1.8926
   13589       1.9477
   13590       1.9504
   13591       1.9284
   13592       1.9385
   13593       1.9068
   13594       1.8824
   13595       1.9253
   13596       1.9128
   13597       1.9055
   13598       1.9829
   13599       1.9165
   13600       2.0762
   13601       2.0747
   13602       2.0228
   13603       2.0059
   13604       1.9675
   13605       2.0220
   13606       1.9536
   13607       1.9494
   13608       1.9751
   13609       1.9376
   13610       2.0349
   13611       2.0565
   13612       2.0289
   13613       2.0946
   13614       2.0584
   13615       2.0732
   13616       1.9992
   13617       1.9703
   13618       1.9862
   13619       1.9545
   13620       2.0199
   13621       2.0929
   13622       2.0595
   13623       2.1005
   13624       2.0213
   13625       2.0214
   13626       2.0044
   13627       1.9855
   13628       1.9112
   13629       1.9646
   13630       1.9483
   13631       1.9750
   13632       2.0000
   13633       1.9910
   13634       2.0198
   13635       1.9719
   13636       2.0209
   13637       2.0292
   13638       2.0485
   13639       2.0653
   13640       2.0863
   13641       2.0170
   13642       2.0360
   13643       2.0811
   13644       2.1451
   13645       2.1728
   13646       2.1030
   13647       2.1381
   13648       2.1525
   13649       2.1265
   13650       2.0578
   13651       2.1094
   13652       2.0778
   13653       1.9644
   13654       1.9187
   13655       1.9275
   13656       1.9565
   13657       2.0517
   13658       2.0578
   13659       1.9868
   13660       2.0533
   13661       2.0934
   13662       2.1451
   13663       2.0973
   13664       2.1110
   13665       2.1541
   13666       2.0610
   13667       2.0677
   13668       2.0522
   13669       2.1050
   13670       2.0780
   13671       2.1129
   13672       2.0536
   13673       2.0985
   13674       1.9837
   13675       2.0277
   13676       2.0810
   13677       2.0688
   13678       2.1120
   13679       2.0242
   13680       2.0104
   13681       1.9601
   13682       1.9639
   13683       1.9461
   13684       2.0240
   13685       2.0590
   13686       2.1335
   13687       2.0502
   13688       2.0139
   13689       2.0205
   13690       2.0509
   13691       2.0631
   13692       2.0687
   13693       2.1125
   13694       2.0996
   13695       1.9446
   13696       1.9612
   13697       1.9201
   13698       1.9567
   13699       1.8723
   13700       1.8928
   13701       2.0250
   13702       2.0777
   13703       2.0931
   13704       2.0864
   13705       2.1415
   13706       2.0408
   13707       2.0721
   13708       2.1072
   13709       2.0293
   13710       1.9812
   13711       1.9389
   13712       1.9861
   13713       2.0351
   13714       2.0466
   13715       2.1802
   13716       2.2426
   13717       2.1806
   13718       2.2605
   13719       2.1722
   13720       2.2080
   13721       2.1960
   13722       2.1587
   13723       2.1898
   13724       2.1246
   13725       2.1515
   13726       2.1564
   13727       2.1226
   13728       2.0762
   13729       2.1242
   13730       2.1316
   13731       2.1057
   13732       2.1656
   13733       2.1119
   13734       2.1556
   13735       2.2504
   13736       2.2279
   13737       2.2028
   13738       2.1649
   13739       2.1053
   13740       2.0174
   13741       2.0135
   13742       2.0467
   13743       2.1196
   13744       2.1637
   13745       2.0841
   13746       2.0867
   13747       2.0525
   13748       2.0663
   13749       2.0138
   13750       2.1447
   13751       2.2199
   13752       2.2057
   13753       2.2074
   13754       2.2097
   13755       2.3285
   13756       2.3904
   13757       2.3652
   13758       2.3940
   13759       2.2633
   13760       2.3131
   13761       2.2154
   13762       2.2733
   13763       2.1962
   13764       2.1538
   13765       2.2168
   13766       2.2711
   13767       2.2376
   13768       2.0991
   13769       2.2283
   13770       2.1623
   13771       2.1344
   13772       2.1943
   13773       2.1742
   13774       2.1865
   13775       2.2146
   13776       2.2783
   13777       2.2023
   13778       2.1413
   13779       2.0697
   13780       2.0270
   13781       2.0224
   13782       2.0351
   13783       2.0129
   13784       2.0117
   13785       2.0621
   13786       2.0902
   13787       2.1459
   13788       2.1539
   13789       2.1001
   13790       2.0751
   13791       2.0123
   13792       2.0749
   13793       1.9868
   13794       2.0021
   13795       1.9988
   13796       2.0197
   13797       2.0283
   13798       2.0514
   13799       1.9855
   13800       2.0307
   13801       2.0233
   13802       1.9754
   13803       1.8889
   13804       1.9778
   13805       2.0039
   13806       2.0281
   13807       2.0884
   13808       2.0303
   13809       2.0337
   13810       2.0057
   13811       2.0169
   13812       2.0241
   13813       1.9595
   13814       1.9710
   13815       2.1040
   13816       2.0863
   13817       2.0803
   13818       2.1558
   13819       2.1839
   13820       2.2217
   13821       2.2507
   13822       2.2406
   13823       2.1150
   13824       2.0885
   13825       1.9982
   13826       2.0055
   13827       2.0505
   13828       2.0657
   13829       2.0547
   13830       2.1308
   13831       2.0777
   13832       1.9396
   13833       1.9882
   13834       2.0175
   13835       1.9765
   13836       2.0927
   13837       2.1349
   13838       2.0959
   13839       2.0891
   13840       2.0154
   13841       1.9969
   13842       1.9848
   13843       2.0167
   13844       2.1000
   13845       2.1649
   13846       2.1715
   13847       2.2011
   13848       2.0777
   13849       2.0925
   13850       2.0290
   13851       2.0968
   13852       2.1542
   13853       2.1168
   13854       2.1621
   13855       2.1106
   13856       2.1228
   13857       2.1804
   13858       2.0980
   13859       2.0826
   13860       2.1690
   13861       2.1583
   13862       2.1179
   13863       2.0371
   13864       2.0993
   13865       2.1123
   13866       2.1254
   13867       2.1004
   13868       2.0836
   13869       2.1467
   13870       2.1720
   13871       2.1410
   13872       2.0705
   13873       2.0781
   13874       2.0208
   13875       2.0863
   13876       1.9493
   13877       1.9795
   13878       1.9941
   13879       1.9503
   13880       1.9171
   13881       1.9195
   13882       1.8763
   13883       1.8867
   13884       1.9623
   13885       2.0778
   13886       2.0192
   13887       1.9794
   13888       2.0189
   13889       2.0558
   13890       2.1721
   13891       2.1070
   13892       2.0826
   13893       2.0768
   13894       2.0883
   13895       1.9673
   13896       1.9422
   13897       1.9715
   13898       1.9928
   13899       1.9364
   13900       1.9486
   13901       1.9044
   13902       2.0128
   13903       2.0143
   13904       1.9732
   13905       2.0037
   13906       2.0376
   13907       1.9604
   13908       1.9098
   13909       1.8794
   13910       1.9616
   13911       1.9393
   13912       1.8681
   13913       1.8826
   13914       1.8610
   13915       1.8916
   13916       1.9284
   13917       1.8813
   13918       1.9045
   13919       1.9102
   13920       1.9630
   13921       1.8956
   13922       1.9566
   13923       2.0135
   13924       2.0058
   13925       2.0079
   13926       2.0388
   13927       1.9946
   13928       1.9915
   13929       2.0247
   13930       2.0156
   13931       2.0476
   13932       2.0368
   13933       2.0104
   13934       2.0999
   13935       2.0541
   13936       2.0065
   13937       2.1167
   13938       2.0364
   13939       1.9674
   13940       1.9898
   13941       2.0951
   13942       2.0848
   13943       2.0901
   13944       2.0991
   13945       1.9932
   13946       2.0741
   13947       2.1931
   13948       2.1892
   13949       2.2542
   13950       2.3159
   13951       2.2666
   13952       2.1311
   13953       2.1078
   13954       2.1733
   13955       2.2178
   13956       2.1931
   13957       2.1516
   13958       2.1351
   13959       2.2178
   13960       2.1517
   13961       2.0745
   13962       1.9733
   13963       1.9853
   13964       1.8886
   13965       1.9542
   13966       1.9239
   13967       1.9681
   13968       1.9634
   13969       2.0035
   13970       1.9545
   13971       1.9474
   13972       1.9944
   13973       2.1017
   13974       2.2378
   13975       2.3056
   13976       2.2986
   13977       2.2406
   13978       2.2903
   13979       2.2604
   13980       2.2152
   13981       2.2377
   13982       2.1859
   13983       2.1295
   13984       2.1240
   13985       2.0838
   13986       2.2343
   13987       2.2353
   13988       2.1917
   13989       2.2109
   13990       2.2228
   13991       2.3283
   13992       2.2920
   13993       2.2687
   13994       2.2239
   13995       2.2401
   13996       2.1530
   13997       2.2069
   13998       2.2453
   13999       2.3243
   14000       2.2972
   14001       2.2124
   14002       2.2147
   14003       2.2145
   14004       2.3458
   14005       2.2434
   14006       2.1681
   14007       2.0950
   14008       2.1150
   14009       2.1494
   14010       2.1971
   14011       2.1934
   14012       2.1187
   14013       2.0314
   14014       2.0951
   14015       2.1297
   14016       2.2560
   14017       2.1350
   14018       2.0594
   14019       2.0372
   14020       1.9918
   14021       1.9731
   14022       2.0675
   14023       1.9671
   14024       1.9599
   14025       2.0214
   14026       2.0556
   14027       2.0155
   14028       1.9755
   14029       1.9328
   14030       1.9413
   14031       1.8342
   14032       1.8726
   14033       1.8344
   14034       1.8155
   14035       1.8484
   14036       1.8723
   14037       1.9450
   14038       1.9067
   14039       1.9180
   14040       1.8457
   14041       1.8431
   14042       1.7631
   14043       1.8138
   14044       1.8658
   14045       1.9024
   14046       1.9554
   14047       1.9926
   14048       2.0139
   14049       2.0368
   14050       1.9683
   14051       1.9169
   14052       1.9946
   14053       2.0724
   14054       2.0362
   14055       2.0780
   14056       2.1038
   14057       2.1055
   14058       2.0520
   14059       1.9930
   14060       2.0811
   14061       2.0711
   14062       2.1027
   14063       2.1109
   14064       2.0904
   14065       2.0790
   14066       2.0905
   14067       1.9834
   14068       2.0010
   14069       1.9812
   14070       1.9836
   14071       1.9621
   14072       1.9316
   14073       1.8643
   14074       1.9489
   14075       1.9570
   14076       2.0662
   14077       2.0373
   14078       2.1135
   14079       2.1106
   14080       2.1119
   14081       2.1359
   14082       2.1854
   14083       2.2002
   14084       2.1932
   14085       2.1549
   14086       2.2636
   14087       2.2899
   14088       2.3132
   14089       2.3218
   14090       2.3021
   14091       2.2039
   14092       2.2374
   14093       2.2823
   14094       2.1770
   14095       2.2264
   14096       2.1672
   14097       2.1543
   14098       2.1349
   14099       2.0822
   14100       2.0179
   14101       1.9942
   14102       2.0726
   14103       2.1215
   14104       2.0601
   14105       1.9906
   14106       2.0790
   14107       2.0177
   14108       2.1190
   14109       2.0095
   14110       2.0245
   14111       2.0003
   14112       1.9926
   14113       2.0278
   14114       1.9825
   14115       1.9974
   14116       2.0301
   14117       2.0512
   14118       2.0467
   14119       1.9662
   14120       2.0217
   14121       1.9816
   14122       1.9779
   14123       1.9548
   14124       1.9234
   14125       2.0055
   14126       2.0016
   14127       1.9684
   14128       1.9436
   14129       1.8781
   14130       1.9381
   14131       2.0358
   14132       2.0200
   14133       1.9735
   14134       1.8928
   14135       1.9596
   14136       1.9615
   14137       1.9177
   14138       1.7924
   14139       1.8671
   14140       1.9048
   14141       2.0432
   14142       2.0965
   14143       2.0544
   14144       2.0028
   14145       2.0589
   14146       2.0668
   14147       2.1255
   14148       2.1488
   14149       2.1185
   14150       2.1455
   14151       2.1746
   14152       2.2272
   14153       2.2782
   14154       2.2976
   14155       2.2051
   14156       2.2673
   14157       2.2263
   14158       2.2746
   14159       2.2698
   14160       2.1644
   14161       2.1945
   14162       2.2261
   14163       2.3162
   14164       2.2789
   14165       2.1603
   14166       2.2954
   14167       2.2262
   14168       2.2517
   14169       2.2129
   14170       2.2174
   14171       2.2049
   14172       2.1666
   14173       2.1623
   14174       2.1156
   14175       2.1629
   14176       2.1985
   14177       2.1618
   14178       2.1311
   14179       2.1447
   14180       2.1431
   14181       2.1593
   14182       2.1578
   14183       2.1705
   14184       2.1968
   14185       2.1973
   14186       2.1710
   14187       2.2777
   14188       2.2663
   14189       2.3013
   14190       2.3635
   14191       2.3238
   14192       2.3136
   14193       2.3064
   14194       2.2552
   14195       2.2365
   14196       2.1766
   14197       2.0793
   14198       1.9775
   14199       2.0583
   14200       1.9636
   14201       2.1496
   14202       2.0938
   14203       2.0785
   14204       2.0850
   14205       2.1848
   14206       2.1886
   14207       2.1766
   14208       2.1524
   14209       2.2124
   14210       2.1984
   14211       2.2096
   14212       2.1213
   14213       2.0900
   14214       2.1718
   14215       2.1833
   14216       2.1862
   14217       2.1680
   14218       2.2101
   14219       2.0451
   14220       2.0817
   14221       2.1515
   14222       2.1210
   14223       2.1181
   14224       2.1686
   14225       2.0962
   14226       1.9841
   14227       2.1331
   14228       2.0532
   14229       2.0157
   14230       1.9997
   14231       2.0240
   14232       2.0315
   14233       1.9485
   14234       1.9731
   14235       2.0239
   14236       2.0308
   14237       2.0223
   14238       2.0528
   14239       1.9663
   14240       1.9972
   14241       1.9710
   14242       1.9709
   14243       2.1210
   14244       2.0141
   14245       1.9949
   14246       2.0917
   14247       2.2012
   14248       2.1805
   14249       2.2019
   14250       2.1423
   14251       2.1448
   14252       2.1624
   14253       2.1384
   14254       2.1567
   14255       2.0942
   14256       2.1032
   14257       2.1026
   14258       2.0539
   14259       1.9781
   14260       1.9766
   14261       1.9873
   14262       1.8885
   14263       1.9621
   14264       1.9384
   14265       1.9438
   14266       2.0275
   14267       1.9985
   14268       2.0392
   14269       2.0473
   14270       2.0661
   14271       2.0437
   14272       2.1121
   14273       2.1136
   14274       2.1523
   14275       2.1278
   14276       2.1679
   14277       2.1850
   14278       2.0791
   14279       2.0933
   14280       2.1063
   14281       2.0399
   14282       2.0568
   14283       2.2193
   14284       2.1353
   14285       2.0740
   14286       2.1599
   14287       2.0840
   14288       2.2042
   14289       2.1533
   14290       2.1228
   14291       2.1475
   14292       2.2755
   14293       2.2295
   14294       2.1743
   14295       2.1160
   14296       2.1984
   14297       2.1894
   14298       2.1600
   14299       2.1191
   14300       2.1240
   14301       2.1548
   14302       2.1676
   14303       2.1738
   14304       2.1564
   14305       2.0990
   14306       2.0912
   14307       2.0361
   14308       2.1673
   14309       2.1824
   14310       2.1487
   14311       2.0811
   14312       2.0678
   14313       1.9819
   14314       2.0533
   14315       2.0264
   14316       2.0818
   14317       2.1707
   14318       2.0914
   14319       2.1908
   14320       2.3289
   14321       2.2852
   14322       2.2183
   14323       2.1843
   14324       2.1851
   14325       2.1336
   14326       2.2007
   14327       2.1746
   14328       2.1240
   14329       2.1123
   14330       2.1950
   14331       2.2015
   14332       2.1068
   14333       2.1013
   14334       2.0949
   14335       2.1200
   14336       2.1131
   14337       2.0698
   14338       2.1611
   14339       2.1655
   14340       2.2164
   14341       2.2441
   14342       2.2550
   14343       2.3174
   14344       2.3449
   14345       2.3066
   14346       2.2570
   14347       2.1555
   14348       2.1057
   14349       2.0477
   14350       2.0773
   14351       2.1705
   14352       2.1474
   14353       2.1273
   14354       2.1585
   14355       2.0877
   14356       2.1329
   14357       2.1219
   14358       2.2391
   14359       2.1661
   14360       2.1517
   14361       2.1688
   14362       2.0487
   14363       2.1508
   14364       2.1491
   14365       2.1896
   14366       2.2542
   14367       2.2533
   14368       2.3067
   14369       2.2298
   14370       2.2667
   14371       2.3296
   14372       2.3158
   14373       2.3571
   14374       2.3166
   14375       2.3356
   14376       2.1712
   14377       2.1797
   14378       2.2307
   14379       2.2499
   14380       2.2793
   14381       2.3549
   14382       2.3309
   14383       2.2702
   14384       2.3022
   14385       2.3290
   14386       2.2886
   14387       2.2976
   14388       2.3808
   14389       2.3027
   14390       2.2681
   14391       2.2312
   14392       2.2455
   14393       2.3259
   14394       2.1943
   14395       2.2149
   14396       2.1682
   14397       2.1639
   14398       2.2393
   14399       2.2433
   14400       2.1869
   14401       2.2797
   14402       2.2183
   14403       2.1709
   14404       2.2011
   14405       2.2181
   14406       2.3280
   14407       2.3325
   14408       2.3051
   14409       2.3599
   14410       2.4464
   14411       2.3728
   14412       2.4627
   14413       2.4340
   14414       2.4157
   14415       2.3664
   14416       2.3342
   14417       2.4232
   14418       2.3965
   14419       2.3186
   14420       2.2776
   14421       2.2198
   14422       2.2789
   14423       2.3243
   14424       2.2645
   14425       2.2749
   14426       2.2401
   14427       2.3156
   14428       2.2770
   14429       2.2710
   14430       2.3399
   14431       2.3379
   14432       2.3591
   14433       2.3798
   14434       2.3603
   14435       2.3637
   14436       2.4326
   14437       2.4052
   14438       2.4604
   14439       2.4300
   14440       2.3871
   14441       2.3608
   14442       2.3521
   14443       2.3701
   14444       2.3350
   14445       2.2774
   14446       2.2536
   14447       2.2369
   14448       2.1069
   14449       2.1682
   14450       2.1824
   14451       2.1645
   14452       2.2598
   14453       2.3089
   14454       2.2783
   14455       2.2973
   14456       2.3693
   14457       2.4139
   14458       2.4247
   14459       2.4556
   14460       2.4817
   14461       2.5169
   14462       2.4456
   14463       2.4865
   14464       2.4498
   14465       2.4329
   14466       2.4220
   14467       2.3782
   14468       2.4654
   14469       2.4215
   14470       2.4283
   14471       2.5594
   14472       2.5170
   14473       2.5666
   14474       2.5781
   14475       2.5320
   14476       2.4519
   14477       2.4500
   14478       2.4539
   14479       2.4675
   14480       2.4629
   14481       2.5173
   14482       2.4680
   14483       2.4908
   14484       2.3368
   14485       2.2935
   14486       2.2964
   14487       2.3832
   14488       2.4266
   14489       2.3098
   14490       2.2622
   14491       2.2583
   14492       2.1897
   14493       2.1711
   14494       2.1443
   14495       2.2269
   14496       2.2534
   14497       2.2680
   14498       2.2863
   14499       2.1962
   14500       2.2082
   14501       2.1929
   14502       2.2513
   14503       2.2431
   14504       2.1034
   14505       2.1206
   14506       2.1669
   14507       2.3178
   14508       2.2766
   14509       2.2639
   14510       2.2594
   14511       2.3650
   14512       2.4595
   14513       2.3498
   14514       2.3842
   14515       2.4772
   14516       2.4754
   14517       2.3861
   14518       2.3221
   14519       2.3088
   14520       2.1893
   14521       2.0864
   14522       2.1067
   14523       2.0407
   14524       2.0985
   14525       2.0702
   14526       2.1149
   14527       2.0823
   14528       2.0994
   14529       2.1813
   14530       2.1115
   14531       2.1578
   14532       2.1448
   14533       2.1557
   14534       2.0958
   14535       2.1100
   14536       2.1312
   14537       2.1998
   14538       2.1628
   14539       2.0925
   14540       2.0921
   14541       2.0598
   14542       2.0740
   14543       2.1086
   14544       2.0990
   14545       2.0357
   14546       2.1170
   14547       2.1638
   14548       2.1964
   14549       2.2117
   14550       2.1639
   14551       2.1709
   14552       2.1240
   14553       2.1099
   14554       2.1045
   14555       2.1187
   14556       2.1700
   14557       2.1628
   14558       2.1655
   14559       2.1422
   14560       2.0897
   14561       2.1123
   14562       2.1778
   14563       2.2098
   14564       2.0775
   14565       2.1016
   14566       2.0169
   14567       1.9707
   14568       1.9027
   14569       1.9016
   14570       1.9303
   14571       1.9168
   14572       1.9383
   14573       1.9308
   14574       1.9811
   14575       1.9538
   14576       1.9118
   14577       1.8849
   14578       1.8464
   14579       1.8606
   14580       1.8055
   14581       1.8560
   14582       1.8726
   14583       1.8819
   14584       1.9200
   14585       2.0192
   14586       2.0386
   14587       2.0354
   14588       2.1400
   14589       2.1259
   14590       2.1408
   14591       2.1556
   14592       2.2152
   14593       2.1956
   14594       2.2894
   14595       2.2556
   14596       2.1609
   14597       2.1503
   14598       2.0612
   14599       2.0296
   14600       2.0183
   14601       2.0800
   14602       1.9835
   14603       2.0442
   14604       2.0199
   14605       2.0107
   14606       1.9865
   14607       1.9620
   14608       1.9872
   14609       1.9827
   14610       2.0128
   14611       2.0119
   14612       1.9142
   14613       1.9821
   14614       2.0113
   14615       2.0360
   14616       1.9699
   14617       1.9814
   14618       2.0296
   14619       2.0154
   14620       2.0432
   14621       2.1264
   14622       2.1374
   14623       2.1136
   14624       2.1182
   14625       2.0631
   14626       2.1117
   14627       2.0608
   14628       2.0262
   14629       2.0204
   14630       1.9331
   14631       1.9820
   14632       1.9653
   14633       2.0629
   14634       2.0583
   14635       2.0266
   14636       1.9883
   14637       1.9491
   14638       2.1240
   14639       2.1345
   14640       2.1732
   14641       2.2031
   14642       2.1834
   14643       2.0581
   14644       2.0593
   14645       1.9790
   14646       2.0288
   14647       2.0894
   14648       1.9863
   14649       2.0694
   14650       2.0440
   14651       2.1068
   14652       2.2159
   14653       2.0892
   14654       2.0822
   14655       2.0502
   14656       2.0575
   14657       2.0251
   14658       1.9602
   14659       2.0409
   14660       2.0483
   14661       2.0634
   14662       2.0765
   14663       2.0838
   14664       2.1177
   14665       2.0993
   14666       2.0629
   14667       2.0804
   14668       2.1308
   14669       2.1567
   14670       2.0989
   14671       2.1095
   14672       2.1628
   14673       2.0765
   14674       2.1336
   14675       2.1780
   14676       2.1870
   14677       2.2482
   14678       2.2797
   14679       2.3276
   14680       2.2950
   14681       2.2646
   14682       2.3446
   14683       2.3747
   14684       2.3990
   14685       2.3829
   14686       2.4396
   14687       2.4168
   14688       2.4172
   14689       2.4782
   14690       2.4692
   14691       2.5192
   14692       2.3829
   14693       2.4313
   14694       2.4043
   14695       2.4273
   14696       2.3785
   14697       2.4394
   14698       2.5230
   14699       2.4787
   14700       2.5752
   14701       2.5661
   14702       2.6142
   14703       2.6234
   14704       2.6492
   14705       2.6336
   14706       2.5774
   14707       2.5998
   14708       2.3954
   14709       2.2885
   14710       2.2681
   14711       2.1399
   14712       2.2459
   14713       2.1892
   14714       2.0763
   14715       2.0165
   14716       2.0128
   14717       2.0191
   14718       1.9887
   14719       2.0797
   14720       2.1319
   14721       2.1593
   14722       2.2107
   14723       2.1965
   14724       2.2185
   14725       2.2641
   14726       2.3497
   14727       2.2318
   14728       2.2018
   14729       2.1837
   14730       2.2744
   14731       2.1758
   14732       2.1445
   14733       2.2402
   14734       2.2721
   14735       2.3300
   14736       2.3105
   14737       2.2859
   14738       2.2306
   14739       2.2285
   14740       2.1768
   14741       2.1878
   14742       2.2545
   14743       2.2322
   14744       2.2456
   14745       2.1705
   14746       2.3131
   14747       2.2857
   14748       2.3172
   14749       2.4345
   14750       2.4999
   14751       2.4818
   14752       2.5200
   14753       2.4990
   14754       2.4438
   14755       2.4795
   14756       2.4282
   14757       2.3929
   14758       2.3606
   14759       2.3595
   14760       2.3706
   14761       2.3476
   14762       2.2778
   14763       2.1976
   14764       2.2626
   14765       2.2488
   14766       2.2223
   14767       2.2405
   14768       2.3167
   14769       2.3503
   14770       2.2840
   14771       2.2410
   14772       2.2336
   14773       2.1198
   14774       2.1634
   14775       2.1433
   14776       2.1808
   14777       2.2261
   14778       2.2748
   14779       2.2914
   14780       2.3303
   14781       2.3189
   14782       2.2799
   14783       2.2267
   14784       2.1591
   14785       2.2607
   14786       2.2227
   14787       2.3088
   14788       2.3189
   14789       2.2841
   14790       2.2896
   14791       2.3179
   14792       2.2626
   14793       2.2258
   14794       2.2180
   14795       2.2625
   14796       2.2838
   14797       2.3876
   14798       2.4967
   14799       2.3770
   14800       2.4763
   14801       2.4374
   14802       2.4174
   14803       2.3963
   14804       2.3731
   14805       2.3036
   14806       2.2779
   14807       2.2281
   14808       2.2934
   14809       2.2955
   14810       2.2743
   14811       2.3883
   14812       2.4236
   14813       2.4065
   14814       2.2695
   14815       2.3034
   14816       2.4488
   14817       2.3727
   14818       2.3978
   14819       2.3688
   14820       2.3501
   14821       2.3850
   14822       2.2827
   14823       2.2255
   14824       2.2636
   14825       2.2196
   14826       2.2564
   14827       2.2793
   14828       2.2317
   14829       2.1817
   14830       2.1683
   14831       2.0971
   14832       2.2144
   14833       2.2211
   14834       2.3594
   14835       2.2008
   14836       2.2253
   14837       2.2314
   14838       2.2593
   14839       2.3700
   14840       2.2782
   14841       2.2850
   14842       2.3049
   14843       2.2942
   14844       2.3476
   14845       2.4372
   14846       2.4655
   14847       2.4722
   14848       2.5412
   14849       2.4020
   14850       2.4393
   14851       2.3887
   14852       2.3367
   14853       2.4043
   14854       2.3638
   14855       2.4647
   14856       2.4704
   14857       2.3579
   14858       2.4059
   14859       2.3755
   14860       2.4154
   14861       2.3468
   14862       2.2505
   14863       2.2178
   14864       2.2367
   14865       2.2096
   14866       2.2271
   14867       2.3011
   14868       2.2835
   14869       2.3011
   14870       2.3031
   14871       2.2091
   14872       2.2541
   14873       2.2365
   14874       2.2985
   14875       2.3201
   14876       2.2549
   14877       2.1712
   14878       2.1137
   14879       2.1489
   14880       2.2706
   14881       2.3121
   14882       2.2961
   14883       2.2414
   14884       2.1536
   14885       2.1586
   14886       2.1950
   14887       2.2022
   14888       2.2583
   14889       2.2413
   14890       2.3313
   14891       2.2749
   14892       2.3106
   14893       2.3208
   14894       2.3070
   14895       2.2926
   14896       2.3622
   14897       2.3426
   14898       2.3088
   14899       2.3188
   14900       2.1468
   14901       2.0667
   14902       2.0694
   14903       2.0700
   14904       2.0438
   14905       2.1099
   14906       2.1745
   14907       2.1604
   14908       2.1234
   14909       2.1786
   14910       2.1713
   14911       2.0526
   14912       2.0539
   14913       1.9415
   14914       1.9703
   14915       2.0387
   14916       2.0636
   14917       2.1277
   14918       2.0227
   14919       2.0191
   14920       2.0015
   14921       1.9347
   14922       1.9896
   14923       1.9646
   14924       2.0088
   14925       2.0408
   14926       2.0302
   14927       2.0465
   14928       2.1111
   14929       2.1546
   14930       2.0852
   14931       2.0425
   14932       2.0837
   14933       2.1867
   14934       2.1322
   14935       2.0723
   14936       2.0108
   14937       2.0573
   14938       2.0833
   14939       2.0557
   14940       2.0701
   14941       2.0749
   14942       2.0972
   14943       2.2009
   14944       2.1186
   14945       2.1520
   14946       2.1276
   14947       2.0646
   14948       2.1011
   14949       2.0639
   14950       2.0809
   14951       2.1097
   14952       2.2082
   14953       2.2096
   14954       2.2277
   14955       2.1669
   14956       2.1286
   14957       2.1722
   14958       2.0935
   14959       2.0853
   14960       1.9594
   14961       1.8998
   14962       1.9711
   14963       1.9524
   14964       1.9909
   14965       2.0683
   14966       2.1328
   14967       2.0109
   14968       2.0607
   14969       2.0489
   14970       2.0724
   14971       2.1285
   14972       2.1734
   14973       2.1831
   14974       2.2369
   14975       2.2973
   14976       2.3070
   14977       2.2188
   14978       2.1240
   14979       2.1075
   14980       2.0502
   14981       2.0372
   14982       2.0763
   14983       2.0850
   14984       2.0728
   14985       2.0804
   14986       2.0520
   14987       2.0654
   14988       2.0908
   14989       2.1292
   14990       2.1088
   14991       2.1233
   14992       2.0650
   14993       2.0435
   14994       2.0702
   14995       2.0652
   14996       2.0457
   14997       2.0569
   14998       2.0454
   14999       2.0295
   15000       1.9922
   15001       1.9916
   15002       1.9902
   15003       2.0072
   15004       2.1232
   15005       2.1478
   15006       2.1215
   15007       2.0518
   15008       2.0263
   15009       2.0598
   15010       2.1020
   15011       1.9871
   15012       1.9661
   15013       2.0224
   15014       1.9760
   15015       1.9323
   15016       1.9761
   15017       2.0424
   15018       1.9784
   15019       2.0381
   15020       2.1486
   15021       2.1474
   15022       2.1095
   15023       2.0506
   15024       1.8837
   15025       2.0159
   15026       1.9849
   15027       1.9620
   15028       1.9551
   15029       1.9364
   15030       1.9655
   15031       1.8932
   15032       1.9586
   15033       1.9680
   15034       2.0388
   15035       1.8984
   15036       1.9655
   15037       2.0616
   15038       2.0999
   15039       2.0929
   15040       2.1377
   15041       2.1693
   15042       2.1376
   15043       2.0542
   15044       2.0661
   15045       2.0407
   15046       2.0430
   15047       1.9724
   15048       2.0201
   15049       2.1565
   15050       2.1339
   15051       2.1294
   15052       2.1381
   15053       2.1528
   15054       2.1252
   15055       2.0944
   15056       2.0927
   15057       2.0519
   15058       2.0969
   15059       2.0228
   15060       1.9853
   15061       2.0495
   15062       2.0391
   15063       2.1586
   15064       2.1271
   15065       2.1154
   15066       2.0641
   15067       2.0459
   15068       1.9547
   15069       1.9639
   15070       1.9765
   15071       1.9852
   15072       1.9871
   15073       2.0502
   15074       1.9867
   15075       2.0320
   15076       1.8984
   15077       1.9761
   15078       1.9717
   15079       1.9582
   15080       1.9430
   15081       1.9625
   15082       1.8207
   15083       1.8738
   15084       1.8134
   15085       1.9177
   15086       1.9565
   15087       1.9930
   15088       2.0141
   15089       2.0645
   15090       1.9848
   15091       1.9930
   15092       1.9270
   15093       1.9400
   15094       2.0431
   15095       2.1309
   15096       2.1617
   15097       2.1371
   15098       2.0561
   15099       2.0185
   15100       1.9419
   15101       1.9835
   15102       1.9153
   15103       2.0283
   15104       1.9764
   15105       2.0771
   15106       2.0849
   15107       2.1068
   15108       2.0994
   15109       2.1294
   15110       2.1156
   15111       2.0970
   15112       2.1610
   15113       2.1000
   15114       2.0478
   15115       2.0326
   15116       2.0910
   15117       2.0974
   15118       2.0808
   15119       2.0916
   15120       2.0775
   15121       2.0985
   15122       2.1017
   15123       2.0905
   15124       2.1359
   15125       2.1888
   15126       2.1735
   15127       2.1407
   15128       2.1306
   15129       2.1233
   15130       2.0665
   15131       2.0471
   15132       2.0410
   15133       1.9795
   15134       1.9672
   15135       2.0654
   15136       2.1277
   15137       2.1347
   15138       2.1120
   15139       2.1086
   15140       2.1636
   15141       2.0899
   15142       2.0257
   15143       2.0304
   15144       2.0359
   15145       2.0134
   15146       1.9558
   15147       2.0177
   15148       2.0484
   15149       1.9747
   15150       2.0452
   15151       2.0204
   15152       1.9914
   15153       1.9347
   15154       1.9860
   15155       1.9793
   15156       2.0463
   15157       2.0450
   15158       2.0338
   15159       2.0332
   15160       2.0317
   15161       1.9611
   15162       1.9656
   15163       1.9386
   15164       2.0388
   15165       1.9787
   15166       2.0300
   15167       2.0601
   15168       2.0734
   15169       2.0874
   15170       2.2031
   15171       2.1525
   15172       2.0633
   15173       2.1316
   15174       2.1432
   15175       2.1435
   15176       2.0891
   15177       2.0879
   15178       2.1374
   15179       2.1089
   15180       2.0959
   15181       2.1151
   15182       2.0681
   15183       2.1201
   15184       2.1185
   15185       2.1293
   15186       2.2401
   15187       2.1882
   15188       2.1768
   15189       2.1869
   15190       2.3163
   15191       2.3914
   15192       2.3597
   15193       2.3140
   15194       2.2389
   15195       2.1854
   15196       2.1210
   15197       2.0471
   15198       2.0240
   15199       2.1246
   15200       2.1550
   15201       2.2441
   15202       2.2267
   15203       2.2214
   15204       2.1664
   15205       2.2414
   15206       2.3206
   15207       2.2833
   15208       2.3656
   15209       2.3954
   15210       2.5071
   15211       2.4851
   15212       2.5617
   15213       2.4436
   15214       2.5551
   15215       2.4143
   15216       2.4036
   15217       2.3858
   15218       2.3453
   15219       2.2879
   15220       2.2525
   15221       2.2430
   15222       2.1634
   15223       2.1989
   15224       2.1880
   15225       2.2653
   15226       2.2539
   15227       2.3164
   15228       2.2624
   15229       2.2454
   15230       2.1944
   15231       2.2499
   15232       2.1699
   15233       2.2379
   15234       2.2116
   15235       2.1679
   15236       2.1211
   15237       2.1319
   15238       2.1789
   15239       2.1819
   15240       2.1401
   15241       2.1778
   15242       2.2183
   15243       2.1715
   15244       2.3089
   15245       2.1847
   15246       2.2046
   15247       2.0764
   15248       2.0521
   15249       2.1319
   15250       2.1784
   15251       2.2023
   15252       2.2082
   15253       2.1947
   15254       2.1703
   15255       2.1788
   15256       2.1678
   15257       2.1740
   15258       2.1963
   15259       2.2252
   15260       2.1473
   15261       2.0096
   15262       2.0675
   15263       2.0411
   15264       2.0163
   15265       2.0407
   15266       2.0092
   15267       2.0667
   15268       2.0053
   15269       2.0868
   15270       2.0052
   15271       2.0242
   15272       2.0411
   15273       2.0027
   15274       2.0475
   15275       2.0700
   15276       2.0658
   15277       2.0839
   15278       2.0116
   15279       2.0961
   15280       2.1546
   15281       2.1795
   15282       2.2263
   15283       2.2008
   15284       2.1750
   15285       2.1413
   15286       2.0960
   15287       2.1528
   15288       2.1976
   15289       2.1917
   15290       2.1557
   15291       2.1683
   15292       2.1869
   15293       2.0744
   15294       1.9985
   15295       1.9728
   15296       1.9746
   15297       2.0112
   15298       2.0050
   15299       1.9490
   15300       1.9040
   15301       1.9572
   15302       2.0594
   15303       1.9859
   15304       1.9964
   15305       1.9885
   15306       2.0310
   15307       1.9776
   15308       1.9907
   15309       1.9966
   15310       2.0911
   15311       2.0885
   15312       2.1305
   15313       1.9942
   15314       2.0356
   15315       2.1237
   15316       2.0804
   15317       2.1507
   15318       2.1669
   15319       2.1060
   15320       2.0973
   15321       2.1290
   15322       2.0749
   15323       2.0929
   15324       2.1683
   15325       2.1677
   15326       2.1169
   15327       2.2268
   15328       2.1858
   15329       2.1202
   15330       2.1117
   15331       2.1182
   15332       2.1050
   15333       2.1456
   15334       2.0639
   15335       2.0248
   15336       2.0244
   15337       2.1476
   15338       2.0795
   15339       2.0667
   15340       2.0823
   15341       2.0252
   15342       1.9869
   15343       2.0107
   15344       2.0936
   15345       2.0510
   15346       1.9376
   15347       2.0265
   15348       2.0256
   15349       2.0379
   15350       2.1635
   15351       2.0546
   15352       1.9617
   15353       1.9370
   15354       1.9196
   15355       1.9041
   15356       1.9306
   15357       1.9188
   15358       1.9137
   15359       2.0174
   15360       1.9268
   15361       1.8399
   15362       1.8333
   15363       1.8941
   15364       1.9298
   15365       1.9191
   15366       1.9529
   15367       1.9800
   15368       1.9826
   15369       2.0780
   15370       2.0120
   15371       2.0122
   15372       1.9861
   15373       1.9770
   15374       1.9774
   15375       1.9795
   15376       1.9004
   15377       1.9484
   15378       1.8961
   15379       1.9806
   15380       1.8759
   15381       1.8850
   15382       1.8712
   15383       1.8988
   15384       1.7687
   15385       1.8119
   15386       1.8417
   15387       1.8613
   15388       1.8303
   15389       1.7611
   15390       1.7046
   15391       1.7312
   15392       1.7728
   15393       1.7221
   15394       1.7025
   15395       1.6834
   15396       1.6296
   15397       1.6174
   15398       1.7090
   15399       1.6603
   15400       1.6100
   15401       1.6824
   15402       1.6717
   15403       1.7012
   15404       1.6850
   15405       1.7117
   15406       1.7230
   15407       1.7678
   15408       1.7529
   15409       1.7868
   15410       1.7986
   15411       1.8737
   15412       1.8769
   15413       1.9733
   15414       1.8894
   15415       1.8721
   15416       1.9608
   15417       1.8741
   15418       1.9262
   15419       1.9797
   15420       1.9943
   15421       2.0064
   15422       1.9967
   15423       1.9849
   15424       1.9896
   15425       1.9633
   15426       1.9473
   15427       1.9754
   15428       1.9571
   15429       1.9108
   15430       1.9395
   15431       1.9744
   15432       2.0317
   15433       2.0810
   15434       1.9415
   15435       2.1026
   15436       2.0164
   15437       1.9693
   15438       2.0723
   15439       2.0696
   15440       2.2237
   15441       2.1932
   15442       2.1027
   15443       2.0846
   15444       2.2051
   15445       2.1261
   15446       2.2136
   15447       2.2064
   15448       2.2020
   15449       2.1497
   15450       2.1595
   15451       2.0781
   15452       2.0905
   15453       2.1423
   15454       2.2452
   15455       2.2702
   15456       2.1603
   15457       2.2184
   15458       2.2515
   15459       2.1668
   15460       2.0710
   15461       2.0914
   15462       2.0891
   15463       2.1297
   15464       2.1668
   15465       2.2483
   15466       2.2972
   15467       2.3130
   15468       2.2869
   15469       2.2430
   15470       2.2608
   15471       2.2222
   15472       2.3133
   15473       2.2447
   15474       2.2251
   15475       2.2262
   15476       2.2299
   15477       2.3295
   15478       2.3091
   15479       2.2746
   15480       2.2121
   15481       2.2407
   15482       2.2626
   15483       2.2349
   15484       2.2594
   15485       2.2833
   15486       2.2428
   15487       2.2190
   15488       2.2694
   15489       2.2696
   15490       2.3374
   15491       2.2847
   15492       2.2858
   15493       2.2825
   15494       2.3139
   15495       2.2655
   15496       2.1994
   15497       2.2207
   15498       2.1513
   15499       2.1614
   15500       2.1158
   15501       2.1001
   15502       2.1283
   15503       2.1750
   15504       2.2571
   15505       2.2322
   15506       2.2007
   15507       2.2418
   15508       2.2130
   15509       2.1995
   15510       2.2204
   15511       2.1286
   15512       2.1334
   15513       2.1306
   15514       2.0991
   15515       2.1352
   15516       2.2069
   15517       2.1634
   15518       2.0756
   15519       2.0907
   15520       2.0230
   15521       2.0532
   15522       2.1130
   15523       2.0211
   15524       2.0569
   15525       2.0143
   15526       1.9606
   15527       1.9504
   15528       1.9894
   15529       2.0226
   15530       2.0739
   15531       2.0715
   15532       2.1192
   15533       2.0987
   15534       2.1900
   15535       2.2421
   15536       2.2451
   15537       2.2609
   15538       2.2178
   15539       2.2608
   15540       2.2856
   15541       2.3367
   15542       2.2340
   15543       2.2151
   15544       2.1447
   15545       2.1378
   15546       2.1435
   15547       2.0886
   15548       2.1269
   15549       2.1142
   15550       2.2098
   15551       2.2319
   15552       2.1446
   15553       2.1108
   15554       2.1270
   15555       2.1662
   15556       2.2183
   15557       2.1797
   15558       2.2581
   15559       2.1235
   15560       2.2070
   15561       2.2955
   15562       2.2776
   15563       2.2366
   15564       2.2122
   15565       2.3713
   15566       2.2489
   15567       2.3009
   15568       2.2840
   15569       2.2116
   15570       2.2194
   15571       2.3077
   15572       2.2423
   15573       2.3064
   15574       2.3173
   15575       2.2739
   15576       2.2624
   15577       2.3185
   15578       2.2486
   15579       2.2305
   15580       2.2301
   15581       2.1641
   15582       2.1988
   15583       2.1957
   15584       2.2380
   15585       2.2130
   15586       2.2268
   15587       2.2165
   15588       2.1614
   15589       2.1370
   15590       2.2102
   15591       2.1583
   15592       2.1609
   15593       2.0774
   15594       2.0509
   15595       2.1429
   15596       2.1485
   15597       2.1329
   15598       2.1413
   15599       2.0736
   15600       2.1573
   15601       2.1579
   15602       2.2277
   15603       2.2422
   15604       2.1384
   15605       2.2001
   15606       2.2156
   15607       2.1597
   15608       2.1085
   15609       2.0872
   15610       2.0616
   15611       2.1239
   15612       2.0907
   15613       2.0854
   15614       2.1848
   15615       2.1645
   15616       2.1243
   15617       2.1446
   15618       2.1408
   15619       2.1145
   15620       2.1820
   15621       2.1208
   15622       2.1408
   15623       2.1878
   15624       2.1968
   15625       2.2650
   15626       2.3144
   15627       2.3182
   15628       2.2773
   15629       2.2502
   15630       2.2877
   15631       2.4274
   15632       2.3951
   15633       2.4441
   15634       2.4098
   15635       2.4062
   15636       2.4666
   15637       2.3397
   15638       2.2888
   15639       2.3706
   15640       2.3069
   15641       2.2047
   15642       2.2661
   15643       2.2736
   15644       2.3291
   15645       2.3564
   15646       2.3130
   15647       2.2667
   15648       2.2741
   15649       2.3311
   15650       2.3526
   15651       2.2921
   15652       2.3502
   15653       2.3260
   15654       2.3370
   15655       2.3139
   15656       2.3040
   15657       2.1989
   15658       2.2358
   15659       2.1228
   15660       2.2668
   15661       2.2271
   15662       2.2740
   15663       2.2561
   15664       2.2487
   15665       2.2197
   15666       2.2213
   15667       2.2405
   15668       2.2300
   15669       2.3011
   15670       2.2479
   15671       2.2474
   15672       2.3027
   15673       2.1730
   15674       2.1690
   15675       2.1178
   15676       2.1969
   15677       2.0929
   15678       2.1834
   15679       2.2024
   15680       2.1065
   15681       2.0491
   15682       2.0890
   15683       2.1635
   15684       2.0805
   15685       2.0638
   15686       2.0623
   15687       2.0727
   15688       2.0802
   15689       2.1001
   15690       1.9784
   15691       1.9656
   15692       1.8939
   15693       1.8808
   15694       1.9049
   15695       1.9606
   15696       2.0011
   15697       1.9716
   15698       1.9027
   15699       1.9295
   15700       1.9871
   15701       1.9965
   15702       2.1100
   15703       2.1744
   15704       2.1596
   15705       2.1790
   15706       2.0958
   15707       2.1623
   15708       2.1827
   15709       2.1583
   15710       2.1834
   15711       2.1483
   15712       2.1845
   15713       2.0908
   15714       2.0940
   15715       2.1033
   15716       2.1522
   15717       2.0810
   15718       2.0633
   15719       2.1030
   15720       2.0566
   15721       2.0926
   15722       2.0242
   15723       2.0628
   15724       2.0561
   15725       2.0184
   15726       2.0756
   15727       2.0061
   15728       2.1091
   15729       2.0664
   15730       2.0089
   15731       1.9198
   15732       1.9129
   15733       1.9121
   15734       1.8268
   15735       1.7946
   15736       1.8187
   15737       1.8817
   15738       1.9076
   15739       1.8890
   15740       1.8668
   15741       1.8362
   15742       1.7721
   15743       1.8582
   15744       1.8990
   15745       1.8429
   15746       1.7483
   15747       1.9585
   15748       1.9943
   15749       1.9959
   15750       2.0158
   15751       2.0116
   15752       1.8956
   15753       2.0061
   15754       1.9277
   15755       1.9382
   15756       2.0070
   15757       2.0409
   15758       1.9783
   15759       1.9783
   15760       1.9207
   15761       1.9642
   15762       2.0045
   15763       2.0127
   15764       2.0219
   15765       2.0050
   15766       2.0693
   15767       1.9860
   15768       2.0042
   15769       2.0411
   15770       2.0982
   15771       2.1250
   15772       2.1950
   15773       2.2237
   15774       2.1313
   15775       2.1694
   15776       2.0400
   15777       2.0675
   15778       1.9653
   15779       1.9934
   15780       2.0318
   15781       1.9870
   15782       2.0631
   15783       2.0760
   15784       2.1090
   15785       2.0595
   15786       2.1320
   15787       2.0856
   15788       2.1020
   15789       2.0516
   15790       2.0294
   15791       2.0281
   15792       2.0426
   15793       2.0130
   15794       1.9265
   15795       1.9318
   15796       1.9540
   15797       1.9399
   15798       1.9834
   15799       1.9876
   15800       2.0258
   15801       1.9627
   15802       1.9739
   15803       1.9507
   15804       1.9532
   15805       2.0325
   15806       1.9953
   15807       1.9348
   15808       1.9138
   15809       1.8642
   15810       1.8247
   15811       1.8416
   15812       1.9180
   15813       1.9868
   15814       1.9692
   15815       1.9307
   15816       1.9679
   15817       1.9527
   15818       1.9668
   15819       1.9991
   15820       1.8862
   15821       1.8832
   15822       1.7992
   15823       1.7243
   15824       1.8156
   15825       1.7409
   15826       1.8195
   15827       1.8375
   15828       1.8359
   15829       1.8639
   15830       1.8467
   15831       1.9134
   15832       1.8728
   15833       1.8919
   15834       1.9613
   15835       1.8442
   15836       1.8848
   15837       1.8417
   15838       1.9022
   15839       1.9077
   15840       1.8913
   15841       1.8726
   15842       1.8671
   15843       1.8440
   15844       1.8896
   15845       1.8870
   15846       1.7915
   15847       1.8939
   15848       1.8454
   15849       1.9449
   15850       1.8365
   15851       1.8482
   15852       1.8647
   15853       1.8123
   15854       1.7353
   15855       1.7517
   15856       1.7543
   15857       1.7717
   15858       1.7467
   15859       1.7520
   15860       1.7557
   15861       1.7051
   15862       1.6698
   15863       1.7507
   15864       1.7971
   15865       1.8142
   15866       1.8674
   15867       1.8889
   15868       1.8740
   15869       1.9523
   15870       1.9558
   15871       1.8285
   15872       1.9292
   15873       1.8874
   15874       1.9798
   15875       1.9715
   15876       1.9515
   15877       1.8757
   15878       1.9184
   15879       2.0458
   15880       2.0916
   15881       2.0843
   15882       2.0766
   15883       2.1167
   15884       2.1668
   15885       2.2038
   15886       2.1755
   15887       2.1669
   15888       2.1761
   15889       2.1553
   15890       2.0545
   15891       2.1233
   15892       2.1122
   15893       2.1176
   15894       2.1957
   15895       2.2206
   15896       2.1884
   15897       2.2191
   15898       2.1859
   15899       2.2157
   15900       2.2289
   15901       2.2731
   15902       2.2616
   15903       2.2312
   15904       2.2044
   15905       2.2489
   15906       2.2263
   15907       2.2014
   15908       2.2018
   15909       2.1964
   15910       2.0769
   15911       2.0625
   15912       2.1018
   15913       2.0950
   15914       2.0934
   15915       2.0926
   15916       2.0115
   15917       2.0490
   15918       1.9956
   15919       1.9531
   15920       1.8594
   15921       1.7639
   15922       1.8704
   15923       1.9305
   15924       1.9545
   15925       1.9523
   15926       2.0595
   15927       2.0763
   15928       2.0789
   15929       1.9456
   15930       2.0439
   15931       1.9931
   15932       1.9801
   15933       1.9185
   15934       1.9833
   15935       1.9667
   15936       2.0590
   15937       2.0533
   15938       2.0210
   15939       1.9912
   15940       2.0643
   15941       2.1361
   15942       2.2182
   15943       2.2479
   15944       2.1505
   15945       2.0925
   15946       2.0548
   15947       2.0459
   15948       2.0638
   15949       2.0517
   15950       2.1473
   15951       2.0670
   15952       2.0468
   15953       2.0896
   15954       1.9885
   15955       1.9595
   15956       2.0158
   15957       2.0065
   15958       2.0845
   15959       2.0737
   15960       2.1447
   15961       2.1476
   15962       2.1608
   15963       2.1270
   15964       2.2142
   15965       2.1564
   15966       2.1408
   15967       2.1347
   15968       2.0456
   15969       2.1059
   15970       2.0819
   15971       2.1737
   15972       2.0739
   15973       2.0903
   15974       2.1168
   15975       2.1526
   15976       2.0771
   15977       2.1327
   15978       2.1520
   15979       2.1475
   15980       2.0731
   15981       2.0960
   15982       2.0355
   15983       1.9842
   15984       1.9862
   15985       2.0230
   15986       1.9961
   15987       2.0202
   15988       1.9639
   15989       2.0094
   15990       2.0384
   15991       1.9943
   15992       2.0311
   15993       2.0432
   15994       1.9169
   15995       1.9759
   15996       1.9801
   15997       2.0264
   15998       2.0111
   15999       2.0815
   16000       2.0751
   16001       2.0254
   16002       2.0227
   16003       2.0574
   16004       2.0900
   16005       2.0405
   16006       2.0356
   16007       2.1365
   16008       2.0814
   16009       2.1131
   16010       2.0308
   16011       2.0712
   16012       2.1583
   16013       2.1043
   16014       2.0789
   16015       2.0493
   16016       1.9852
   16017       2.0520
   16018       2.0127
   16019       1.9456
   16020       1.8942
   16021       1.9096
   16022       1.8461
   16023       1.8411
   16024       1.8570
   16025       1.8087
   16026       1.8408
   16027       1.7441
   16028       1.7948
   16029       1.8779
   16030       1.9036
   16031       1.8418
   16032       1.8407
   16033       1.8680
   16034       1.9021
   16035       1.9109
   16036       1.8440
   16037       1.8341
   16038       1.8449
   16039       1.8986
   16040       1.8764
   16041       1.8763
   16042       1.8633
   16043       1.8731
   16044       1.8909
   16045       1.7704
   16046       1.8872
   16047       1.8411
   16048       1.7683
   16049       1.7986
   16050       1.7386
   16051       1.7620
   16052       1.6825
   16053       1.6952
   16054       1.6623
   16055       1.7377
   16056       1.7441
   16057       1.7478
   16058       1.6872
   16059       1.8386
   16060       1.8126
   16061       1.8484
   16062       1.8242
   16063       1.9401
   16064       1.9318
   16065       1.8929
   16066       1.9359
   16067       1.9904
   16068       2.0463
   16069       2.0703
   16070       2.0268
   16071       2.0939
   16072       1.9981
   16073       2.0286
   16074       2.0098
   16075       2.0539
   16076       2.0921
   16077       2.0628
   16078       2.0131
   16079       1.9938
   16080       1.9832
   16081       2.0697
   16082       2.1370
   16083       2.1718
   16084       2.1705
   16085       2.1082
   16086       2.0856
   16087       2.0770
   16088       2.0553
   16089       1.9905
   16090       2.0482
   16091       2.0982
   16092       2.1327
   16093       2.0499
   16094       2.0971
   16095       2.0110
   16096       1.9965
   16097       1.9411
   16098       1.9792
   16099       2.0292
   16100       2.0127
   16101       1.9750
   16102       1.9855
   16103       1.9952
   16104       1.9483
   16105       1.9447
   16106       1.9729
   16107       2.0112
   16108       2.0543
   16109       1.9915
   16110       2.0383
   16111       1.9821
   16112       1.9616
   16113       1.9763
   16114       1.9723
   16115       1.9956
   16116       1.9653
   16117       1.9916
   16118       1.9829
   16119       1.9340
   16120       1.9605
   16121       2.0111
   16122       2.0142
   16123       2.0528
   16124       2.0381
   16125       1.9793
   16126       1.9983
   16127       2.0227
   16128       2.0582
   16129       1.9802
   16130       2.0086
   16131       2.0890
   16132       2.0651
   16133       2.0163
   16134       1.9853
   16135       2.0095
   16136       2.0156
   16137       2.0046
   16138       2.0205
   16139       2.0816
   16140       2.1013
   16141       2.0996
   16142       2.1201
   16143       2.0627
   16144       2.0196
   16145       1.9184
   16146       1.8791
   16147       2.0394
   16148       2.0362
   16149       2.0847
   16150       2.0275
   16151       2.0633
   16152       2.0888
   16153       2.0452
   16154       1.9692
   16155       2.0709
   16156       2.0712
   16157       1.9828
   16158       1.8896
   16159       1.9612
   16160       1.8745
   16161       1.9406
   16162       1.9028
   16163       1.9506
   16164       1.9069
   16165       1.8721
   16166       1.8466
   16167       1.7691
   16168       1.7773
   16169       1.7447
   16170       1.8166
   16171       1.8585
   16172       1.8453
   16173       1.8589
   16174       1.9074
   16175       1.9023
   16176       1.8708
   16177       1.8063
   16178       1.8879
   16179       1.8809
   16180       1.8956
   16181       1.9438
   16182       1.9054
   16183       1.9057
   16184       1.8992
   16185       1.9131
   16186       2.0353
   16187       1.9780
   16188       1.9288
   16189       1.8865
   16190       1.8381
   16191       1.9218
   16192       1.9408
   16193       1.9008
   16194       1.9528
   16195       2.0356
   16196       2.0125
   16197       2.0053
   16198       1.9778
   16199       1.9174
   16200       1.9527
   16201       1.8806
   16202       1.9059
   16203       1.8928
   16204       1.8630
   16205       1.8572
   16206       1.8806
   16207       1.9538
   16208       1.8056
   16209       1.8398
   16210       1.9262
   16211       1.9812
   16212       1.9293
   16213       1.9429
   16214       1.9520
   16215       1.9453
   16216       1.8515
   16217       1.8517
   16218       1.8893
   16219       1.9054
   16220       1.8923
   16221       1.9634
   16222       1.9010
   16223       1.9135
   16224       1.9964
   16225       1.9767
   16226       2.0432
   16227       2.1181
   16228       2.1345
   16229       2.0716
   16230       1.9828
   16231       2.0140
   16232       2.0814
   16233       2.0481
   16234       2.0818
   16235       2.1854
   16236       2.1899
   16237       2.2767
   16238       2.2370
   16239       2.1370
   16240       2.1171
   16241       2.1307
   16242       2.0972
   16243       2.0553
   16244       2.1157
   16245       2.1506
   16246       2.0427
   16247       2.1061
   16248       2.1342
   16249       2.1061
   16250       2.1453
   16251       2.1460
   16252       2.0328
   16253       2.1382
   16254       2.0394
   16255       2.1897
   16256       2.0495
   16257       2.0100
   16258       2.0551
   16259       2.0290
   16260       2.0366
   16261       2.0688
   16262       2.0777
   16263       2.1191
   16264       2.0925
   16265       2.0000
   16266       1.9778
   16267       1.9253
   16268       2.0533
   16269       2.1141
   16270       1.9290
   16271       2.0448
   16272       2.0233
   16273       1.9636
   16274       1.9438
   16275       2.0328
   16276       2.0496
   16277       1.9964
   16278       2.0326
   16279       1.9955
   16280       1.9618
   16281       1.9972
   16282       2.0766
   16283       2.1196
   16284       2.1029
   16285       2.1212
   16286       2.0485
   16287       2.0835
   16288       2.0294
   16289       1.9647
   16290       1.9313
   16291       2.0122
   16292       2.1311
   16293       2.0942
   16294       1.9103
   16295       1.9238
   16296       1.8866
   16297       1.8397
   16298       1.8043
   16299       1.7897
   16300       1.8370
   16301       1.8325
   16302       1.8282
   16303       1.8769
   16304       1.9374
   16305       2.0482
   16306       1.9864
   16307       1.9589
   16308       1.9660
   16309       1.9112
   16310       1.8410
   16311       1.7888
   16312       1.7536
   16313       1.7898
   16314       1.7585
   16315       1.8166
   16316       1.7181
   16317       1.8031
   16318       1.7761
   16319       1.8655
   16320       1.9171
   16321       1.9491
   16322       1.9803
   16323       2.0068
   16324       1.9592
   16325       1.8887
   16326       1.9464
   16327       1.8155
   16328       1.9416
   16329       1.9177
   16330       2.0610
   16331       2.0577
   16332       2.0569
   16333       2.0416
   16334       1.9989
   16335       1.9796
   16336       2.0715
   16337       2.0502
   16338       1.9955
   16339       2.0254
   16340       2.1086
   16341       2.0411
   16342       1.9954
   16343       1.9927
   16344       1.9377
   16345       1.9908
   16346       1.9491
   16347       1.8517
   16348       1.8739
   16349       1.9012
   16350       1.9172
   16351       1.9146
   16352       1.9377
   16353       1.9322
   16354       1.9045
   16355       1.8825
   16356       1.9241
   16357       1.8470
   16358       1.8102
   16359       1.8150
   16360       1.8370
   16361       1.7447
   16362       1.6912
   16363       1.6999
   16364       1.7803
   16365       1.7286
   16366       1.7329
   16367       1.7260
   16368       1.7297
   16369       1.7421
   16370       1.7900
   16371       1.7622
   16372       1.7303
   16373       1.7357
   16374       1.7990
   16375       1.7807
   16376       1.8271
   16377       1.8525
   16378       1.7599
   16379       1.8303
   16380       1.8706
   16381       1.8376
   16382       1.8317
   16383       1.8169
   16384       1.7632
   16385       1.8482
   16386       1.7957
   16387       1.7448
   16388       1.7699
   16389       1.7115
   16390       1.7819
   16391       1.7265
   16392       1.6919
   16393       1.8140
   16394       1.8380
   16395       1.8147
   16396       1.8651
   16397       1.8839
   16398       1.8515
   16399       1.8679
   16400       1.9205
   16401       1.8803
   16402       1.7330
   16403       1.7095
   16404       1.7767
   16405       1.7346
   16406       1.6671
   16407       1.6758
   16408       1.6870
   16409       1.7074
   16410       1.7263
   16411       1.6914
   16412       1.6668
   16413       1.7320
   16414       1.7347
   16415       1.8450
   16416       1.8635
   16417       1.8708
   16418       1.8657
   16419       1.8712
   16420       1.8295
   16421       1.8065
   16422       1.8757
   16423       1.8678
   16424       1.9145
   16425       1.9051
   16426       1.8683
   16427       1.9145
   16428       1.9698
   16429       1.9755
   16430       1.9069
   16431       1.9150
   16432       1.9583
   16433       1.9672
   16434       1.9594
   16435       1.9018
   16436       1.8861
   16437       1.9003
   16438       1.9318
   16439       1.8842
   16440       1.8691
   16441       1.8664
   16442       1.9979
   16443       1.9757
   16444       1.9272
   16445       1.9597
   16446       2.0528
   16447       2.0541
   16448       1.9458
   16449       1.9942
   16450       1.9761
   16451       2.0655
   16452       1.9465
   16453       2.0088
   16454       2.0406
   16455       2.0600
   16456       2.0242
   16457       2.1405
   16458       2.0623
   16459       2.0870
   16460       2.1229
   16461       2.0244
   16462       1.9958
   16463       2.0532
   16464       2.0195
   16465       1.9926
   16466       1.9434
   16467       2.0043
   16468       1.9817
   16469       1.9646
   16470       1.9622
   16471       2.0131
   16472       2.0090
   16473       1.9796
   16474       1.8576
   16475       1.9544
   16476       1.9861
   16477       1.9623
   16478       1.9299
   16479       1.9895
   16480       2.0365
   16481       1.9864
   16482       2.0208
   16483       2.0673
   16484       2.0370
   16485       1.9607
   16486       2.0284
   16487       1.8987
   16488       1.9836
   16489       1.8868
   16490       1.9572
   16491       1.8606
   16492       1.9185
   16493       1.9603
   16494       1.9701
   16495       1.9334
   16496       1.9422
   16497       1.9096
   16498       1.8626
   16499       1.8292
   16500       1.8665
   16501       1.9165
   16502       1.9157
   16503       1.9595
   16504       1.9815
   16505       1.9888
   16506       2.0432
   16507       1.9708
   16508       2.0127
   16509       2.0190
   16510       2.0101
   16511       2.0173
   16512       1.9276
   16513       1.9530
   16514       2.0004
   16515       1.9229
   16516       1.9315
   16517       1.9815
   16518       1.9521
   16519       1.9579
   16520       1.9354
   16521       1.9350
   16522       1.9156
   16523       1.8421
   16524       1.8185
   16525       1.8731
   16526       1.8934
   16527       1.9410
   16528       1.9734
   16529       1.9638
   16530       1.9109
   16531       1.9399
   16532       1.8828
   16533       1.8618
   16534       1.8932
   16535       1.9122
   16536       1.9272
   16537       1.8384
   16538       1.8208
   16539       1.8353
   16540       1.8084
   16541       1.7625
   16542       1.8183
   16543       1.7676
   16544       1.7488
   16545       1.8820
   16546       1.7971
   16547       1.7863
   16548       1.8585
   16549       1.8594
   16550       1.8954
   16551       1.8870
   16552       1.8656
   16553       1.9617
   16554       1.8696
   16555       1.9891
   16556       1.9711
   16557       1.9465
   16558       1.9666
   16559       1.9529
   16560       1.9491
   16561       1.8716
   16562       1.8037
   16563       1.8980
   16564       1.8982
   16565       1.9439
   16566       1.8692
   16567       2.0088
   16568       1.9565
   16569       1.9469
   16570       1.8946
   16571       1.9426
   16572       1.9399
   16573       1.9146
   16574       1.9704
   16575       1.9912
   16576       1.9303
   16577       1.9873
   16578       2.0207
   16579       1.9962
   16580       1.9141
   16581       1.8869
   16582       1.8748
   16583       1.9191
   16584       1.8552
   16585       1.8374
   16586       1.9205
   16587       1.8951
   16588       1.9193
   16589       1.9573
   16590       1.9666
   16591       1.9370
   16592       1.9706
   16593       1.8998
   16594       1.7989
   16595       1.8167
   16596       1.7910
   16597       1.7671
   16598       1.8586
   16599       1.7693
   16600       1.7528
   16601       1.7943
   16602       1.7660
   16603       1.8159
   16604       1.8581
   16605       1.8658
   16606       1.7571
   16607       1.8325
   16608       1.7920
   16609       1.7569
   16610       1.8135
   16611       1.7983
   16612       1.7693
   16613       1.7518
   16614       1.7802
   16615       1.8088
   16616       1.8017
   16617       1.7836
   16618       1.8662
   16619       1.9129
   16620       1.8923
   16621       1.8004
   16622       1.8224
   16623       1.7848
   16624       1.8549
   16625       1.8765
   16626       1.8059
   16627       1.8752
   16628       1.8672
   16629       1.8518
   16630       1.8729
   16631       1.8612
   16632       1.8125
   16633       1.8043
   16634       1.7419
   16635       1.8353
   16636       1.8069
   16637       1.7917
   16638       1.7580
   16639       1.6974
   16640       1.7396
   16641       1.8083
   16642       1.8134
   16643       1.8145
   16644       1.8933
   16645       1.8804
   16646       1.8465
   16647       1.8962
   16648       1.9842
   16649       1.9382
   16650       1.9579
   16651       1.9828
   16652       1.9191
   16653       1.9814
   16654       1.9942
   16655       1.9645
   16656       1.9797
   16657       2.0520
   16658       1.9434
   16659       1.9015
   16660       1.9225
   16661       1.9728
   16662       1.9898
   16663       2.0214
   16664       2.0527
   16665       2.0646
   16666       1.9668
   16667       1.9308
   16668       2.0445
   16669       1.9836
   16670       1.9682
   16671       1.9309
   16672       1.9525
   16673       1.9533
   16674       1.8513
   16675       1.9147
   16676       1.8460
   16677       1.8937
   16678       1.8872
   16679       1.9111
   16680       1.8564
   16681       1.8839
   16682       1.9732
   16683       1.9750
   16684       1.9457
   16685       1.9609
   16686       1.9696
   16687       1.9244
   16688       1.9758
   16689       1.9879
   16690       1.9600
   16691       1.9582
   16692       1.9652
   16693       2.0343
   16694       2.0336
   16695       1.9699
   16696       2.0264
   16697       2.1091
   16698       1.9923
   16699       2.0589
   16700       2.1604
   16701       2.1384
   16702       2.0694
   16703       2.0965
   16704       2.0370
   16705       2.0619
   16706       2.1120
   16707       2.1571
   16708       2.0809
   16709       2.0940
   16710       2.0949
   16711       2.1624
   16712       2.1201
   16713       2.1296
   16714       2.1385
   16715       2.1532
   16716       2.0900
   16717       2.0468
   16718       2.1128
   16719       2.0867
   16720       2.1788
   16721       2.2198
   16722       2.1959
   16723       2.1271
   16724       2.0645
   16725       2.0686
   16726       2.0152
   16727       2.0018
   16728       2.0481
   16729       2.0235
   16730       2.1013
   16731       2.0708
   16732       2.1706
   16733       2.2927
   16734       2.1942
   16735       2.1887
   16736       2.1744
   16737       2.1016
   16738       2.1486
   16739       2.1298
   16740       2.0473
   16741       2.0351
   16742       2.0663
   16743       2.0225
   16744       1.9334
   16745       1.9320
   16746       1.8805
   16747       1.8881
   16748       1.9698
   16749       1.9667
   16750       1.9518
   16751       1.9963
   16752       1.9839
   16753       2.0084
   16754       1.9901
   16755       1.9639
   16756       2.0023
   16757       2.0860
   16758       2.1745
   16759       2.2071
   16760       2.1226
   16761       2.2511
   16762       2.2440
   16763       2.1777
   16764       2.2489
   16765       2.2977
   16766       2.2573
   16767       2.2891
   16768       2.2876
   16769       2.2271
   16770       2.1626
   16771       2.1515
   16772       2.1941
   16773       2.2147
   16774       2.3006
   16775       2.2658
   16776       2.2327
   16777       2.1751
   16778       2.2127
   16779       2.1381
   16780       2.1773
   16781       2.1718
   16782       2.1005
   16783       2.1053
   16784       2.1851
   16785       2.0669
   16786       1.9929
   16787       2.0077
   16788       1.9908
   16789       1.9788
   16790       2.0397
   16791       2.0961
   16792       2.1744
   16793       2.1531
   16794       2.1592
   16795       2.1757
   16796       2.1578
   16797       2.1476
   16798       2.1359
   16799       2.0807
   16800       2.0471
   16801       1.9594
   16802       2.0353
   16803       1.9799
   16804       2.0050
   16805       1.9745
   16806       1.9122
   16807       1.9729
   16808       2.0104
   16809       2.0044
   16810       2.0038
   16811       2.0244
   16812       1.9785
   16813       2.0016
   16814       2.0683
   16815       2.0765
   16816       1.9736
   16817       2.0763
   16818       2.1000
   16819       2.0894
   16820       2.1358
   16821       2.0721
   16822       2.0444
   16823       2.0132
   16824       1.9943
   16825       1.9827
   16826       2.0579
   16827       2.1115
   16828       2.1722
   16829       2.2294
   16830       2.2060
   16831       2.2136
   16832       2.1948
   16833       2.1833
   16834       2.2686
   16835       2.2995
   16836       2.2216
   16837       2.2363
   16838       2.2394
   16839       2.1840
   16840       2.1699
   16841       2.2792
   16842       2.3067
   16843       2.2635
   16844       2.2325
   16845       2.1926
   16846       2.1189
   16847       2.1760
   16848       2.1614
   16849       2.1534
   16850       2.1180
   16851       1.9424
   16852       2.0307
   16853       2.0193
   16854       2.1221
   16855       2.1959
   16856       2.2595
   16857       2.2506
   16858       2.2097
   16859       2.2209
   16860       2.2613
   16861       2.2020
   16862       2.2210
   16863       2.2564
   16864       2.2838
   16865       2.2923
   16866       2.2278
   16867       2.2769
   16868       2.2271
   16869       2.2132
   16870       2.1722
   16871       2.1108
   16872       2.0926
   16873       2.0983
   16874       2.1230
   16875       2.0221
   16876       1.9798
   16877       2.0425
   16878       2.1863
   16879       2.1483
   16880       2.1825
   16881       2.2557
   16882       2.1233
   16883       2.1349
   16884       2.1755
   16885       2.1456
   16886       2.1662
   16887       2.2062
   16888       2.2379
   16889       2.2278
   16890       2.1713
   16891       2.1598
   16892       2.1915
   16893       2.1671
   16894       2.1319
   16895       2.1388
   16896       2.2572
   16897       2.3571
   16898       2.2958
   16899       2.1791
   16900       2.2410
   16901       2.2524
   16902       2.2055
   16903       2.2527
   16904       2.2448
   16905       2.1409
   16906       2.0818
   16907       2.0091
   16908       1.9409
   16909       2.0039
   16910       1.9847
   16911       2.0403
   16912       2.1472
   16913       2.1834
   16914       2.1915
   16915       2.1785
   16916       2.1727
   16917       2.3175
   16918       2.2052
   16919       2.1850
   16920       2.2405
   16921       2.1633
   16922       2.1111
   16923       2.2561
   16924       2.2956
   16925       2.2669
   16926       2.2429
   16927       2.2823
   16928       2.2381
   16929       2.2572
   16930       2.2671
   16931       2.3911
   16932       2.4025
   16933       2.3835
   16934       2.3695
   16935       2.4015
   16936       2.3764
   16937       2.2983
   16938       2.2935
   16939       2.3405
   16940       2.4445
   16941       2.3213
   16942       2.3712
   16943       2.3695
   16944       2.2933
   16945       2.2410
   16946       2.2833
   16947       2.3359
   16948       2.3199
   16949       2.3910
   16950       2.3114
   16951       2.3403
   16952       2.2864
   16953       2.2606
   16954       2.3982
   16955       2.3867
   16956       2.3782
   16957       2.3783
   16958       2.3781
   16959       2.3583
   16960       2.3769
   16961       2.4530
   16962       2.4463
   16963       2.3951
   16964       2.3504
   16965       2.3361
   16966       2.3288
   16967       2.3815
   16968       2.3810
   16969       2.3250
   16970       2.2500
   16971       2.2979
   16972       2.2640
   16973       2.2775
   16974       2.2801
   16975       2.2456
   16976       2.3058
   16977       2.3474
   16978       2.3648
   16979       2.3912
   16980       2.3420
   16981       2.3051
   16982       2.3116
   16983       2.3519
   16984       2.4161
   16985       2.2695
   16986       2.2064
   16987       2.2022
   16988       2.2650
   16989       2.3009
   16990       2.3466
   16991       2.3124
   16992       2.2754
   16993       2.3922
   16994       2.3268
   16995       2.2841
   16996       2.3243
   16997       2.3328
   16998       2.3821
   16999       2.3787
   17000       2.4127
   17001       2.3550
   17002       2.3457
   17003       2.3486
   17004       2.2958
   17005       2.2438
   17006       2.2754
   17007       2.2192
   17008       2.1428
   17009       2.1914
   17010       2.1822
   17011       2.1519
   17012       2.1148
   17013       2.1674
   17014       2.1547
   17015       2.3236
   17016       2.3503
   17017       2.2882
   17018       2.3543
   17019       2.3469
   17020       2.3405
   17021       2.3236
   17022       2.3307
   17023       2.3004
   17024       2.2858
   17025       2.3823
   17026       2.3747
   17027       2.3740
   17028       2.4227
   17029       2.4428
   17030       2.3700
   17031       2.3635
   17032       2.2500
   17033       2.2781
   17034       2.2727
   17035       2.1918
   17036       2.1545
   17037       2.1586
   17038       2.1592
   17039       2.1348
   17040       2.1647
   17041       2.1020
   17042       2.0796
   17043       2.0522
   17044       2.0803
   17045       2.0660
   17046       2.1267
   17047       2.0498
   17048       2.0897
   17049       2.0592
   17050       2.1206
   17051       2.1919
   17052       2.1427
   17053       2.0819
   17054       2.1415
   17055       2.0891
   17056       2.2217
   17057       2.2083
   17058       2.2677
   17059       2.2205
   17060       2.1780
   17061       2.0687
   17062       2.0618
   17063       2.0789
   17064       2.0597
   17065       2.1867
   17066       2.1252
   17067       2.1441
   17068       2.0755
   17069       2.1259
   17070       2.1341
   17071       2.1467
   17072       2.0193
   17073       1.9882
   17074       1.9571
   17075       2.0936
   17076       2.1173
   17077       2.1116
   17078       2.0846
   17079       2.0970
   17080       2.0909
   17081       1.9890
   17082       1.9477
   17083       1.9609
   17084       2.0112
   17085       1.9978
   17086       2.0587
   17087       2.0151
   17088       2.0042
   17089       1.9443
   17090       2.0563
   17091       1.9764
   17092       1.9585
   17093       1.9472
   17094       1.9965
   17095       1.9715
   17096       1.9597
   17097       1.9602
   17098       1.9609
   17099       1.9497
   17100       1.9461
   17101       1.9370
   17102       1.9530
   17103       1.9103
   17104       1.8865
   17105       1.8677
   17106       1.8470
   17107       1.8070
   17108       1.7659
   17109       1.7739
   17110       1.7256
   17111       1.7798
   17112       1.7666
   17113       1.8037
   17114       1.8774
   17115       1.9050
   17116       1.9426
   17117       1.9290
   17118       1.9528
   17119       2.0588
   17120       2.0152
   17121       2.0292
   17122       2.0355
   17123       2.0405
   17124       2.0328
   17125       2.0004
   17126       2.0486
   17127       1.9703
   17128       1.9616
   17129       1.9507
   17130       1.8823
   17131       1.8545
   17132       1.8667
   17133       1.8753
   17134       2.0027
   17135       2.0581
   17136       2.0795
   17137       2.0531
   17138       1.9776
   17139       1.9157
   17140       1.9412
   17141       1.9359
   17142       1.9456
   17143       1.9405
   17144       1.9101
   17145       1.9379
   17146       1.8914
   17147       1.9108
   17148       1.8658
   17149       1.8734
   17150       1.8986
   17151       1.9218
   17152       2.0524
   17153       2.0383
   17154       2.0002
   17155       2.0260
   17156       1.9685
   17157       2.0102
   17158       2.0373
   17159       2.0481
   17160       2.0296
   17161       1.9563
   17162       1.9691
   17163       1.9972
   17164       2.0153
   17165       1.9352
   17166       1.8590
   17167       1.8592
   17168       1.8705
   17169       1.9391
   17170       1.9115
   17171       1.9453
   17172       1.9640
   17173       1.9905
   17174       2.0027
   17175       2.0012
   17176       1.9460
   17177       2.0023
   17178       2.0301
   17179       2.0559
   17180       2.0554
   17181       1.9524
   17182       2.0432
   17183       1.9999
   17184       2.0035
   17185       2.0180
   17186       2.0771
   17187       2.0780
   17188       2.1300
   17189       2.1457
   17190       2.1559
   17191       2.1064
   17192       2.0489
   17193       2.0176
   17194       1.9078
   17195       2.0019
   17196       2.0382
   17197       1.9895
   17198       1.9121
   17199       1.9168
   17200       2.0110
   17201       1.9414
   17202       2.0004
   17203       1.9172
   17204       1.9994
   17205       2.0379
   17206       1.9553
   17207       1.9183
   17208       1.9714
   17209       1.9581
   17210       1.9962
   17211       2.0572
   17212       1.9734
   17213       2.0736
   17214       2.0117
   17215       2.0201
   17216       2.0333
   17217       2.0260
   17218       2.0216
   17219       1.9531
   17220       2.0114
   17221       2.0662
   17222       2.0958
   17223       2.0814
   17224       2.0381
   17225       1.9150
   17226       1.8812
   17227       1.9009
   17228       1.8596
   17229       1.9954
   17230       1.9852
   17231       1.9375
   17232       1.9329
   17233       2.0248
   17234       1.8841
   17235       1.9477
   17236       1.9242
   17237       1.9119
   17238       1.9457
   17239       1.8482
   17240       1.8972
   17241       1.9023
   17242       1.9463
   17243       1.9369
   17244       1.9079
   17245       1.9039
   17246       1.8936
   17247       1.9128
   17248       1.8249
   17249       1.8241
   17250       1.9123
   17251       1.9587
   17252       1.9419
   17253       1.8670
   17254       1.9017
   17255       1.9538
   17256       1.9501
   17257       1.9560
   17258       2.0017
   17259       1.8811
   17260       1.9495
   17261       1.9923
   17262       2.0177
   17263       2.0693
   17264       1.9526
   17265       2.0053
   17266       1.9698
   17267       2.0225
   17268       2.0237
   17269       1.9387
   17270       1.9126
   17271       1.9580
   17272       1.9925
   17273       1.9787
   17274       1.9265
   17275       1.9615
   17276       1.9037
   17277       1.7858
   17278       1.7985
   17279       1.7854
   17280       1.9441
   17281       1.8950
   17282       2.0587
   17283       2.0053
   17284       1.9377
   17285       1.9147
   17286       1.9227
   17287       1.9667
   17288       1.9699
   17289       2.0262
   17290       2.0000
   17291       1.9419
   17292       1.9420
   17293       1.8905
   17294       1.9374
   17295       2.0339
   17296       2.0106
   17297       2.0282
   17298       1.9915
   17299       2.0036
   17300       1.9494
   17301       1.9919
   17302       2.0533
   17303       2.0371
   17304       2.0391
   17305       2.0365
   17306       2.0227
   17307       1.9555
   17308       1.9755
   17309       1.9765
   17310       2.0110
   17311       1.9741
   17312       1.9706
   17313       2.0020
   17314       2.0951
   17315       2.1928
   17316       2.1668
   17317       2.1459
   17318       2.2078
   17319       2.2912
   17320       2.3087
   17321       2.3096
   17322       2.2404
   17323       2.1769
   17324       2.2163
   17325       2.2786
   17326       2.1633
   17327       2.1839
   17328       2.2350
   17329       2.2424
   17330       2.2412
   17331       2.1461
   17332       2.1371
   17333       2.1460
   17334       2.1989
   17335       2.2221
   17336       2.2091
   17337       2.2814
   17338       2.2430
   17339       2.3515
   17340       2.3227
   17341       2.3364
   17342       2.2956
   17343       2.3112
   17344       2.2334
   17345       2.2710
   17346       2.2500
   17347       2.1735
   17348       2.2261
   17349       2.1715
   17350       2.1622
   17351       2.2557
   17352       2.3058
   17353       2.2808
   17354       2.2275
   17355       2.1957
   17356       2.1282
   17357       2.2087
   17358       2.2869
   17359       2.1872
   17360       2.1819
   17361       2.2044
   17362       2.2069
   17363       2.2564
   17364       2.2705
   17365       2.2693
   17366       2.2543
   17367       2.2307
   17368       2.2283
   17369       2.3181
   17370       2.3827
   17371       2.4262
   17372       2.2506
   17373       2.3101
   17374       2.2400
   17375       2.1796
   17376       2.1892
   17377       2.1992
   17378       2.2344
   17379       2.2002
   17380       2.2082
   17381       2.1736
   17382       2.1792
   17383       2.3448
   17384       2.2793
   17385       2.2280
   17386       2.2147
   17387       2.2887
   17388       2.2375
   17389       2.1707
   17390       2.2069
   17391       2.1371
   17392       2.2155
   17393       2.1645
   17394       2.1844
   17395       2.1335
   17396       2.1257
   17397       2.1879
   17398       2.1262
   17399       2.1581
   17400       2.1474
   17401       2.1813
   17402       2.1814
   17403       2.2060
   17404       2.2968
   17405       2.2655
   17406       2.1504
   17407       2.1707
   17408       2.1600
   17409       2.3027
   17410       2.2821
   17411       2.2715
   17412       2.2951
   17413       2.1824
   17414       2.1757
   17415       2.1618
   17416       2.1103
   17417       2.1260
   17418       2.0808
   17419       2.1258
   17420       2.0915
   17421       2.1098
   17422       2.1255
   17423       2.1191
   17424       2.0256
   17425       2.1016
   17426       2.1451
   17427       2.0967
   17428       2.0432
   17429       1.9827
   17430       2.0106
   17431       2.0501
   17432       2.0121
   17433       1.9807
   17434       1.9707
   17435       1.9379
   17436       1.8986
   17437       1.9258
   17438       1.9680
   17439       2.0087
   17440       2.0186
   17441       1.8888
   17442       1.8741
   17443       1.8295
   17444       1.8194
   17445       1.8491
   17446       1.8591
   17447       1.9378
   17448       1.9219
   17449       1.9332
   17450       1.8774
   17451       1.9201
   17452       1.9060
   17453       1.9002
   17454       1.9236
   17455       1.9081
   17456       2.0140
   17457       2.0591
   17458       2.0749
   17459       2.0015
   17460       1.9436
   17461       1.9364
   17462       1.9427
   17463       1.9634
   17464       1.9227
   17465       1.8508
   17466       1.8725
   17467       1.9418
   17468       1.9218
   17469       1.9237
   17470       1.9831
   17471       1.9611
   17472       1.8462
   17473       1.9091
   17474       1.9803
   17475       1.9387
   17476       1.8487
   17477       1.8941
   17478       1.9673
   17479       1.8731
   17480       1.9440
   17481       1.9212
   17482       2.0051
   17483       1.9138
   17484       1.9157
   17485       1.9050
   17486       1.8551
   17487       1.9256
   17488       1.9464
   17489       1.9799
   17490       1.9416
   17491       1.9384
   17492       1.9257
   17493       1.9906
   17494       1.9178
   17495       1.9773
   17496       1.9168
   17497       1.8900
   17498       1.8163
   17499       1.8288
   17500       1.7923
   17501       1.7518
   17502       1.7916
   17503       1.8530
   17504       1.8469
   17505       1.8556
   17506       1.8593
   17507       1.8558
   17508       1.7355
   17509       1.7849
   17510       1.7451
   17511       1.7503
   17512       1.6878
   17513       1.7069
   17514       1.7286
   17515       1.7987
   17516       1.7566
   17517       1.7566
   17518       1.8415
   17519       1.8298
   17520       1.8473
   17521       1.7826
   17522       1.8127
   17523       1.7704
   17524       1.7233
   17525       1.8286
   17526       1.7934
   17527       1.8093
   17528       1.8320
   17529       1.7998
   17530       1.8508
   17531       1.7867
   17532       1.8322
   17533       1.8616
   17534       1.8815
   17535       1.9920
   17536       2.0664
   17537       2.0355
   17538       2.0193
   17539       2.0256
   17540       2.0124
   17541       1.9977
   17542       1.9788
   17543       2.1352
   17544       1.9879
   17545       2.0314
   17546       2.0850
   17547       2.0948
   17548       2.0038
   17549       1.9567
   17550       2.0214
   17551       1.9633
   17552       1.9367
   17553       1.9202
   17554       1.9204
   17555       1.9197
   17556       1.8712
   17557       1.9355
   17558       1.9727
   17559       2.0195
   17560       1.9412
   17561       1.9700
   17562       1.9671
   17563       1.9866
   17564       1.9933
   17565       2.0405
   17566       2.0131
   17567       2.0246
   17568       2.0574
   17569       2.1000
   17570       2.0357
   17571       2.0339
   17572       2.0259
   17573       2.0034
   17574       2.1033
   17575       2.0170
   17576       2.0737
   17577       2.1576
   17578       2.0760
   17579       2.2115
   17580       2.2723
   17581       2.2246
   17582       2.2086
   17583       2.1299
   17584       2.1056
   17585       1.9788
   17586       1.9963
   17587       2.0270
   17588       2.0056
   17589       1.8992
   17590       1.9723
   17591       1.9408
   17592       1.8915
   17593       1.8393
   17594       1.8590
   17595       1.9314
   17596       1.9966
   17597       2.0304
   17598       1.9518
   17599       2.0074
   17600       1.8870
   17601       1.8437
   17602       1.8404
   17603       1.8320
   17604       1.8983
   17605       1.9714
   17606       1.9829
   17607       1.9516
   17608       1.8690
   17609       1.9121
   17610       1.9180
   17611       1.9534
   17612       1.8912
   17613       1.8084
   17614       1.7997
   17615       1.7270
   17616       1.7282
   17617       1.7316
   17618       1.7454
   17619       1.8217
   17620       1.8176
   17621       1.8168
   17622       1.7050
   17623       1.7453
   17624       1.8712
   17625       1.9092
   17626       1.8135
   17627       1.8176
   17628       1.8714
   17629       1.8459
   17630       1.8739
   17631       1.9169
   17632       1.7979
   17633       1.7772
   17634       1.8269
   17635       1.7598
   17636       1.8056
   17637       1.7743
   17638       1.7312
   17639       1.7633
   17640       1.7027
   17641       1.6879
   17642       1.7600
   17643       1.8393
   17644       1.8855
   17645       1.8632
   17646       1.8816
   17647       1.8653
   17648       1.8543
   17649       1.9296
   17650       1.8725
   17651       1.8226
   17652       1.8357
   17653       1.8805
   17654       1.8760
   17655       1.8042
   17656       1.8788
   17657       1.9238
   17658       1.7970
   17659       1.7991
   17660       1.8104
   17661       1.9387
   17662       1.9613
   17663       1.9190
   17664       1.9939
   17665       1.9752
   17666       1.9624
   17667       1.9585
   17668       1.9002
   17669       1.9391
   17670       1.9207
   17671       1.9003
   17672       1.9346
   17673       1.8656
   17674       1.9074
   17675       1.9130
   17676       1.8514
   17677       1.8709
   17678       1.8852
   17679       1.9005
   17680       1.8952
   17681       1.9161
   17682       1.8522
   17683       1.8891
   17684       1.8631
   17685       1.8643
   17686       1.9054
   17687       1.9552
   17688       2.0374
   17689       2.0136
   17690       2.0563
   17691       2.0587
   17692       2.1482
   17693       2.1466
   17694       2.0707
   17695       2.0472
   17696       2.0666
   17697       2.0264
   17698       1.9757
   17699       2.0053
   17700       1.8821
   17701       1.8525
   17702       1.8340
   17703       1.8585
   17704       1.9495
   17705       2.0549
   17706       1.9886
   17707       2.0555
   17708       2.0209
   17709       1.9899
   17710       2.0201
   17711       2.0001
   17712       2.0744
   17713       2.0510
   17714       2.0403
   17715       2.1389
   17716       2.1477
   17717       2.1271
   17718       2.2423
   17719       2.2048
   17720       2.1911
   17721       2.1215
   17722       2.0474
   17723       2.0844
   17724       2.0989
   17725       2.0921
   17726       2.1274
   17727       2.1138
   17728       2.0742
   17729       2.1075
   17730       2.1351
   17731       2.1622
   17732       2.1366
   17733       2.1227
   17734       2.1879
   17735       2.1884
   17736       2.1579
   17737       2.1440
   17738       2.2212
   17739       2.1530
   17740       2.0605
   17741       1.9505
   17742       2.0030
   17743       2.0991
   17744       2.0858
   17745       2.0648
   17746       2.0356
   17747       2.0894
   17748       2.0815
   17749       2.1485
   17750       2.0816
   17751       2.1265
   17752       2.1356
   17753       2.2119
   17754       2.2565
   17755       2.2914
   17756       2.2628
   17757       2.3545
   17758       2.3516
   17759       2.3909
   17760       2.3091
   17761       2.2245
   17762       2.2007
   17763       2.2395
   17764       2.1283
   17765       2.1235
   17766       2.1734
   17767       2.1602
   17768       2.1893
   17769       2.1009
   17770       2.1374
   17771       2.1843
   17772       2.2613
   17773       2.2810
   17774       2.2866
   17775       2.3294
   17776       2.3173
   17777       2.3535
   17778       2.3614
   17779       2.3635
   17780       2.3129
   17781       2.3237
   17782       2.3188
   17783       2.2905
   17784       2.2767
   17785       2.2619
   17786       2.2401
   17787       2.2903
   17788       2.3379
   17789       2.4428
   17790       2.3191
   17791       2.3774
   17792       2.3469
   17793       2.4082
   17794       2.4254
   17795       2.3460
   17796       2.3093
   17797       2.2122
   17798       2.1592
   17799       2.1301
   17800       2.2329
   17801       2.2341
   17802       2.1769
   17803       2.1692
   17804       2.1613
   17805       2.1179
   17806       2.1241
   17807       2.1600
   17808       2.1648
   17809       2.1905
   17810       2.1489
   17811       2.1247
   17812       2.2370
   17813       2.1185
   17814       2.2087
   17815       2.2104
   17816       2.2399
   17817       2.2343
   17818       2.2126
   17819       2.2245
   17820       2.1052
   17821       2.0914
   17822       2.1297
   17823       2.1124
   17824       2.0379
   17825       1.9845
   17826       2.1030
   17827       2.0949
   17828       2.1229
   17829       2.0775
   17830       2.0530
   17831       2.0688
   17832       2.1294
   17833       2.0690
   17834       2.1130
   17835       2.1142
   17836       2.1366
   17837       2.1077
   17838       2.1605
   17839       2.1337
   17840       2.0230
   17841       2.1051
   17842       2.0830
   17843       2.0508
   17844       2.0547
   17845       2.0694
   17846       2.0381
   17847       2.0265
   17848       2.0602
   17849       2.0982
   17850       1.9924
   17851       1.9814
   17852       2.0708
   17853       2.0453
   17854       2.0720
   17855       2.0542
   17856       2.0963
   17857       2.0519
   17858       2.1222
   17859       2.1512
   17860       2.1460
   17861       2.2132
   17862       2.3024
   17863       2.3044
   17864       2.2822
   17865       2.1834
   17866       2.1812
   17867       2.1253
   17868       2.0463
   17869       2.0301
   17870       2.0630
   17871       2.0494
   17872       2.1337
   17873       2.0715
   17874       2.0817
   17875       2.0251
   17876       2.0837
   17877       2.1358
   17878       2.0451
   17879       2.0730
   17880       2.0798
   17881       2.0874
   17882       2.1126
   17883       2.2178
   17884       2.2211
   17885       2.2060
   17886       2.1436
   17887       2.1866
   17888       2.1175
   17889       2.1232
   17890       2.1567
   17891       2.1510
   17892       2.1862
   17893       2.1949
   17894       2.1519
   17895       2.0790
   17896       2.1608
   17897       2.1322
   17898       2.2642
   17899       2.2478
   17900       2.2317
   17901       2.3363
   17902       2.4174
   17903       2.4152
   17904       2.4861
   17905       2.4977
   17906       2.4503
   17907       2.4577
   17908       2.4739
   17909       2.4409
   17910       2.5055
   17911       2.4931
   17912       2.4682
   17913       2.3590
   17914       2.3633
   17915       2.4138
   17916       2.3436
   17917       2.3595
   17918       2.3243
   17919       2.2921
   17920       2.2522
   17921       2.2603
   17922       2.3333
   17923       2.3734
   17924       2.3741
   17925       2.4088
   17926       2.3975
   17927       2.2937
   17928       2.2930
   17929       2.3272
   17930       2.3493
   17931       2.3409
   17932       2.3116
   17933       2.2531
   17934       2.3178
   17935       2.3178
   17936       2.3318
   17937       2.3165
   17938       2.2846
   17939       2.4001
   17940       2.3743
   17941       2.3639
   17942       2.4184
   17943       2.3907
   17944       2.3031
   17945       2.3524
   17946       2.3580
   17947       2.4625
   17948       2.4083
   17949       2.3851
   17950       2.3049
   17951       2.3054
   17952       2.3726
   17953       2.3640
   17954       2.4467
   17955       2.5078
   17956       2.4197
   17957       2.4124
   17958       2.4461
   17959       2.3722
   17960       2.4542
   17961       2.3883
   17962       2.4423
   17963       2.3862
   17964       2.3832
   17965       2.3846
   17966       2.3654
   17967       2.4841
   17968       2.5376
   17969       2.5369
   17970       2.5264
   17971       2.4748
   17972       2.4633
   17973       2.4066
   17974       2.4271
   17975       2.3537
   17976       2.3222
   17977       2.1879
   17978       2.2171
   17979       2.1966
   17980       2.3329
   17981       2.2657
   17982       2.2869
   17983       2.2480
   17984       2.2961
   17985       2.2385
   17986       2.2689
   17987       2.2388
   17988       2.2589
   17989       2.2646
   17990       2.2438
   17991       2.3153
   17992       2.3514
   17993       2.2983
   17994       2.2862
   17995       2.3056
   17996       2.2801
   17997       2.3450
   17998       2.2434
   17999       2.2503
   18000       2.2298
   18001       2.3206
   18002       2.2790
   18003       2.3303
   18004       2.2254
   18005       2.2050
   18006       2.0793
   18007       2.1825
   18008       2.0819
   18009       2.1108
   18010       2.1725
   18011       2.2055
   18012       2.3288
   18013       2.2806
   18014       2.2323
   18015       2.1678
   18016       2.1124
   18017       2.1798
   18018       2.1533
   18019       2.0880
   18020       2.1372
   18021       2.1062
   18022       2.0943
   18023       2.1369
   18024       2.2158
   18025       2.2429
   18026       2.1745
   18027       2.1281
   18028       2.1904
   18029       2.1180
   18030       2.1657
   18031       2.2984
   18032       2.2221
   18033       2.2415
   18034       2.2786
   18035       2.2939
   18036       2.2977
   18037       2.3186
   18038       2.2777
   18039       2.3804
   18040       2.3301
   18041       2.2836
   18042       2.2880
   18043       2.2701
   18044       2.2853
   18045       2.2809
   18046       2.3184
   18047       2.2562
   18048       2.2776
   18049       2.3375
   18050       2.3445
   18051       2.3215
   18052       2.2540
   18053       2.2322
   18054       2.2851
   18055       2.2007
   18056       2.1775
   18057       2.1764
   18058       2.1746
   18059       2.1842
   18060       2.1602
   18061       2.2412
   18062       2.2197
   18063       2.2113
   18064       2.1679
   18065       2.2627
   18066       2.2750
   18067       2.3055
   18068       2.2534
   18069       2.1654
   18070       2.1830
   18071       2.1438
   18072       2.1565
   18073       2.1672
   18074       2.1371
   18075       2.1305
   18076       2.0775
   18077       2.0172
   18078       1.9842
   18079       1.9975
   18080       2.0096
   18081       2.0651
   18082       2.0097
   18083       2.0070
   18084       2.0437
   18085       2.0458
   18086       2.1689
   18087       2.1388
   18088       2.0359
   18089       2.1503
   18090       2.1602
   18091       2.1826
   18092       2.2514
   18093       2.2137
   18094       2.2742
   18095       2.2341
   18096       2.2078
   18097       2.1884
   18098       2.1793
   18099       2.1274
   18100       2.1572
   18101       2.1742
   18102       2.1353
   18103       2.2329
   18104       2.1690
   18105       2.1345
   18106       2.1512
   18107       2.1317
   18108       2.1230
   18109       2.0741
   18110       2.1837
   18111       2.1125
   18112       2.0469
   18113       2.0641
   18114       2.0055
   18115       2.1465
   18116       2.1225
   18117       2.0917
   18118       2.1492
   18119       2.1524
   18120       2.1232
   18121       2.1866
   18122       2.2892
   18123       2.2296
   18124       2.2575
   18125       2.2891
   18126       2.2175
   18127       2.2619
   18128       2.1952
   18129       2.2195
   18130       2.2395
   18131       2.1921
   18132       2.1734
   18133       2.1485
   18134       2.1147
   18135       2.1460
   18136       2.2225
   18137       2.2145
   18138       2.1982
   18139       2.2214
   18140       2.1520
   18141       2.2786
   18142       2.1524
   18143       2.1436
   18144       2.1197
   18145       2.0821
   18146       2.1011
   18147       2.2003
   18148       2.1151
   18149       2.1428
   18150       2.1537
   18151       2.1711
   18152       2.2145
   18153       2.0407
   18154       2.0656
   18155       2.0276
   18156       2.0622
   18157       2.0126
   18158       2.0325
   18159       2.0547
   18160       2.0897
   18161       2.1214
   18162       2.0925
   18163       2.1349
   18164       2.1207
   18165       2.1423
   18166       2.2180
   18167       2.2555
   18168       2.2668
   18169       2.3036
   18170       2.3032
   18171       2.3005
   18172       2.3482
   18173       2.2235
   18174       2.2501
   18175       2.1093
   18176       2.2313
   18177       2.2026
   18178       2.2567
   18179       2.0756
   18180       2.1355
   18181       2.1357
   18182       2.1832
   18183       2.1613
   18184       2.1492
   18185       2.1426
   18186       2.1239
   18187       2.1286
   18188       2.0696
   18189       2.1131
   18190       2.1561
   18191       2.2611
   18192       2.3128
   18193       2.1399
   18194       2.1124
   18195       2.1656
   18196       2.2273
   18197       2.2696
   18198       2.3362
   18199       2.2549
   18200       2.2540
   18201       2.2114
   18202       2.2832
   18203       2.2719
   18204       2.2856
   18205       2.3038
   18206       2.3151
   18207       2.1813
   18208       2.1813
   18209       2.2050
   18210       2.2220
   18211       2.2277
   18212       2.2068
   18213       2.2362
   18214       2.2383
   18215       2.1543
   18216       2.1457
   18217       2.0656
   18218       2.0959
   18219       2.0952
   18220       2.1742
   18221       2.1442
   18222       2.1065
   18223       2.0669
   18224       2.0618
   18225       2.1211
   18226       2.1098
   18227       2.1235
   18228       2.1737
   18229       2.0302
   18230       2.1115
   18231       2.0794
   18232       2.0738
   18233       1.9976
   18234       2.0402
   18235       1.9469
   18236       1.9892
   18237       1.9215
   18238       1.8584
   18239       1.8085
   18240       1.8712
   18241       1.8598
   18242       1.8267
   18243       1.8057
   18244       1.8078
   18245       1.8238
   18246       1.9566
   18247       2.0102
   18248       2.0626
   18249       1.9834
   18250       2.0032
   18251       1.9621
   18252       1.9954
   18253       2.0176
   18254       1.9861
   18255       2.0214
   18256       2.0808
   18257       2.0477
   18258       2.0070
   18259       2.0301
   18260       2.0467
   18261       2.0242
   18262       1.9352
   18263       2.0461
   18264       2.0831
   18265       1.9806
   18266       1.8779
   18267       1.8293
   18268       1.7300
   18269       1.7950
   18270       1.8517
   18271       1.8528
   18272       1.9193
   18273       1.8847
   18274       1.9104
   18275       1.8940
   18276       1.8363
   18277       1.8733
   18278       1.8845
   18279       1.8602
   18280       1.9382
   18281       1.9306
   18282       1.9954
   18283       1.9584
   18284       1.9670
   18285       1.9352
   18286       1.9700
   18287       2.0016
   18288       2.0697
   18289       2.0343
   18290       2.0203
   18291       1.9568
   18292       1.9817
   18293       2.0430
   18294       1.9749
   18295       2.0425
   18296       2.0536
   18297       2.0352
   18298       2.1222
   18299       2.1342
   18300       2.1006
   18301       2.1287
   18302       2.0712
   18303       2.0313
   18304       2.0399
   18305       1.9970
   18306       2.0533
   18307       1.9687
   18308       2.0142
   18309       2.0233
   18310       1.9835
   18311       1.9883
   18312       1.9488
   18313       1.9184
   18314       1.8844
   18315       1.8441
   18316       1.7969
   18317       1.8104
   18318       1.8608
   18319       1.8645
   18320       1.9638
   18321       1.8892
   18322       1.8589
   18323       1.8979
   18324       1.9548
   18325       2.0031
   18326       1.9781
   18327       1.9850
   18328       1.9278
   18329       1.9525
   18330       1.9590
   18331       2.0222
   18332       2.0215
   18333       1.9535
   18334       1.9517
   18335       1.9193
   18336       1.9536
   18337       1.9126
   18338       1.9311
   18339       1.8305
   18340       1.7828
   18341       1.8820
   18342       1.9074
   18343       1.8668
   18344       1.8122
   18345       1.8219
   18346       1.8017
   18347       1.8247
   18348       1.8617
   18349       1.8645
   18350       1.7857
   18351       1.7512
   18352       1.7144
   18353       1.9087
   18354       1.8715
   18355       1.8060
   18356       1.9174
   18357       1.9310
   18358       1.9717
   18359       2.0129
   18360       2.0353
   18361       1.9589
   18362       2.0318
   18363       2.0372
   18364       2.0391
   18365       2.1237
   18366       2.1184
   18367       2.1878
   18368       2.1647
   18369       2.1579
   18370       2.1177
   18371       2.2046
   18372       2.1495
   18373       2.0501
   18374       2.0480
   18375       1.9762
   18376       1.9169
   18377       1.9401
   18378       1.9131
   18379       1.9332
   18380       1.8952
   18381       1.8110
   18382       1.8846
   18383       1.8542
   18384       1.8997
   18385       1.8697
   18386       1.9136
   18387       1.9274
   18388       1.9427
   18389       1.9249
   18390       1.8570
   18391       1.9137
   18392       1.9864
   18393       1.9752
   18394       1.9641
   18395       1.8435
   18396       1.8482
   18397       1.9167
   18398       1.9724
   18399       1.9605
   18400       1.9328
   18401       1.9070
   18402       1.8425
   18403       1.8111
   18404       1.8159
   18405       1.8487
   18406       1.9457
   18407       1.8657
   18408       1.8617
   18409       1.8623
   18410       1.8641
   18411       1.8487
   18412       1.8115
   18413       1.7836
   18414       1.8825
   18415       1.9391
   18416       1.9724
   18417       1.9207
   18418       1.9101
   18419       1.9757
   18420       1.9977
   18421       1.9582
   18422       1.9465
   18423       2.0490
   18424       2.0497
   18425       2.1460
   18426       2.1260
   18427       2.1479
   18428       2.1892
   18429       2.2097
   18430       2.2096
   18431       2.1499
   18432       2.1598
   18433       2.1442
   18434       2.1226
   18435       2.0741
   18436       2.1269
   18437       2.0317
   18438       1.9911
   18439       2.0690
   18440       2.0867
   18441       2.0542
   18442       2.0198
   18443       2.0139
   18444       2.0687
   18445       2.0990
   18446       2.0228
   18447       1.9874
   18448       1.9855
   18449       1.9790
   18450       1.9922
   18451       1.9544
   18452       2.0070
   18453       1.9720
   18454       1.9977
   18455       1.9859
   18456       2.0635
   18457       2.0986
   18458       2.0045
   18459       1.9964
   18460       2.0148
   18461       2.0988
   18462       2.0815
   18463       1.9689
   18464       1.9561
   18465       1.9049
   18466       1.8480
   18467       1.9001
   18468       1.9171
   18469       1.8277
   18470       1.8111
   18471       1.8521
   18472       1.8258
   18473       1.8188
   18474       1.8232
   18475       1.8235
   18476       1.8303
   18477       1.7931
   18478       1.8055
   18479       1.8083
   18480       1.7047
   18481       1.7158
   18482       1.7728
   18483       1.8352
   18484       1.7375
   18485       1.7377
   18486       1.7014
   18487       1.6819
   18488       1.7538
   18489       1.7513
   18490       1.7958
   18491       1.8418
   18492       1.8436
   18493       1.8977
   18494       1.8678
   18495       1.8796
   18496       1.8123
   18497       1.9185
   18498       1.9549
   18499       1.9696
   18500       2.0540
   18501       2.0425
   18502       1.9791
   18503       2.0019
   18504       2.0154
   18505       1.9872
   18506       1.9657
   18507       1.9328
   18508       1.8981
   18509       1.8841
   18510       1.9094
   18511       1.9109
   18512       1.8953
   18513       1.8777
   18514       1.8367
   18515       1.9150
   18516       1.9596
   18517       1.9167
   18518       1.8937
   18519       1.8891
   18520       1.9481
   18521       1.8912
   18522       1.8210
   18523       1.8370
   18524       1.9330
   18525       1.9213
   18526       1.9009
   18527       1.9182
   18528       1.9455
   18529       1.9949
   18530       2.0330
   18531       2.0192
   18532       2.0685
   18533       2.0626
   18534       2.1260
   18535       2.0740
   18536       2.1007
   18537       2.1821
   18538       2.1634
   18539       2.0952
   18540       2.0989
   18541       1.9994
   18542       2.0471
   18543       2.0772
   18544       2.0212
   18545       2.0141
   18546       1.9659
   18547       1.9302
   18548       1.9136
   18549       2.0117
   18550       2.0677
   18551       1.9979
   18552       2.0443
   18553       2.0430
   18554       2.0495
   18555       2.0712
   18556       2.1008
   18557       2.1264
   18558       2.1321
   18559       2.0676
   18560       2.0880
   18561       2.1158
   18562       2.0686
   18563       2.0668
   18564       2.0501
   18565       1.9713
   18566       2.0221
   18567       2.1763
   18568       2.2074
   18569       2.2322
   18570       2.2521
   18571       2.1500
   18572       2.1845
   18573       2.1450
   18574       2.2154
   18575       2.2458
   18576       2.0909
   18577       2.0938
   18578       2.0731
   18579       2.0873
   18580       2.0755
   18581       2.0504
   18582       2.0842
   18583       2.0390
   18584       2.0915
   18585       2.1256
   18586       2.1017
   18587       2.1163
   18588       2.0976
   18589       2.1465
   18590       2.1462
   18591       2.1878
   18592       2.1650
   18593       2.1277
   18594       2.1065
   18595       2.1046
   18596       2.0860
   18597       2.0319
   18598       2.0959
   18599       2.1657
   18600       2.1746
   18601       2.0898
   18602       2.1243
   18603       2.1040
   18604       2.1115
   18605       2.0914
   18606       2.1454
   18607       2.1655
   18608       2.0842
   18609       2.1168
   18610       2.0856
   18611       2.1423
   18612       2.1587
   18613       2.1678
   18614       2.2050
   18615       2.1556
   18616       2.1841
   18617       2.2384
   18618       2.2231
   18619       2.1638
   18620       2.2120
   18621       2.2443
   18622       2.2494
   18623       2.1552
   18624       2.2732
   18625       2.1935
   18626       2.1833
   18627       2.2849
   18628       2.2147
   18629       2.1962
   18630       2.2437
   18631       2.2270
   18632       2.2380
   18633       2.3916
   18634       2.4525
   18635       2.5017
   18636       2.5464
   18637       2.4679
   18638       2.3514
   18639       2.3745
   18640       2.3778
   18641       2.3701
   18642       2.4039
   18643       2.3646
   18644       2.4713
   18645       2.4651
   18646       2.4221
   18647       2.3231
   18648       2.3883
   18649       2.2990
   18650       2.2795
   18651       2.2621
   18652       2.3251
   18653       2.3206
   18654       2.2762
   18655       2.3288
   18656       2.2934
   18657       2.3767
   18658       2.2708
   18659       2.2463
   18660       2.2119
   18661       2.1344
   18662       2.1648
   18663       2.1211
   18664       2.0757
   18665       2.1724
   18666       2.1521
   18667       2.0995
   18668       2.0928
   18669       2.1457
   18670       2.1441
   18671       2.1098
   18672       2.1560
   18673       2.0646
   18674       2.0362
   18675       2.0284
   18676       2.0750
   18677       2.1794
   18678       2.2186
   18679       2.1551
   18680       2.0926
   18681       2.2341
   18682       2.2142
   18683       2.2340
   18684       2.3268
   18685       2.3092
   18686       2.2966
   18687       2.2833
   18688       2.2646
   18689       2.2705
   18690       2.2957
   18691       2.3769
   18692       2.3865
   18693       2.4187
   18694       2.4189
   18695       2.3978
   18696       2.4576
   18697       2.3443
   18698       2.4639
   18699       2.3200
   18700       2.3658
   18701       2.2568
   18702       2.2775
   18703       2.3155
   18704       2.3731
   18705       2.3836
   18706       2.2904
   18707       2.2586
   18708       2.2520
   18709       2.1978
   18710       2.2449
   18711       2.1868
   18712       2.1988
   18713       2.1972
   18714       2.2036
   18715       2.2265
   18716       2.3256
   18717       2.3210
   18718       2.3485
   18719       2.3655
   18720       2.4297
   18721       2.3901
   18722       2.2688
   18723       2.2466
   18724       2.2583
   18725       2.2828
   18726       2.2903
   18727       2.3277
   18728       2.3221
   18729       2.3645
   18730       2.4215
   18731       2.3971
   18732       2.4385
   18733       2.3725
   18734       2.5467
   18735       2.4696
   18736       2.3592
   18737       2.3342
   18738       2.4191
   18739       2.3308
   18740       2.2909
   18741       2.2214
   18742       2.2883
   18743       2.3453
   18744       2.3186
   18745       2.2846
   18746       2.2280
   18747       2.1634
   18748       2.2182
   18749       2.2510
   18750       2.3603
   18751       2.3878
   18752       2.3623
   18753       2.3883
   18754       2.3569
   18755       2.2979
   18756       2.3314
   18757       2.2939
   18758       2.3740
   18759       2.4390
   18760       2.3449
   18761       2.3172
   18762       2.2016
   18763       2.2574
   18764       2.1308
   18765       2.2180
   18766       2.1552
   18767       2.1881
   18768       2.1548
   18769       2.2138
   18770       2.2800
   18771       2.2923
   18772       2.3270
   18773       2.2690
   18774       2.2827
   18775       2.2161
   18776       2.2507
   18777       2.3177
   18778       2.2868
   18779       2.2753
   18780       2.2978
   18781       2.3048
   18782       2.3510
   18783       2.2770
   18784       2.2377
   18785       2.2930
   18786       2.2714
   18787       2.2221
   18788       2.2300
   18789       2.2818
   18790       2.3318
   18791       2.3882
   18792       2.3689
   18793       2.3404
   18794       2.3845
   18795       2.3737
   18796       2.3425
   18797       2.3597
   18798       2.4121
   18799       2.4125
   18800       2.4810
   18801       2.3397
   18802       2.4320
   18803       2.5208
   18804       2.4383
   18805       2.4324
   18806       2.4965
   18807       2.5106
   18808       2.4790
   18809       2.4931
   18810       2.5210
   18811       2.4819
   18812       2.4522
   18813       2.4248
   18814       2.4875
   18815       2.4860
   18816       2.4740
   18817       2.4939
   18818       2.3500
   18819       2.3224
   18820       2.3665
   18821       2.4095
   18822       2.4641
   18823       2.5095
   18824       2.4938
   18825       2.4031
   18826       2.4629
   18827       2.4182
   18828       2.4776
   18829       2.4578
   18830       2.3957
   18831       2.3243
   18832       2.2687
   18833       2.2536
   18834       2.3465
   18835       2.3602
   18836       2.3400
   18837       2.2374
   18838       2.1817
   18839       2.1457
   18840       2.1835
   18841       2.2222
   18842       2.1912
   18843       2.2005
   18844       2.3129
   18845       2.4027
   18846       2.3120
   18847       2.2558
   18848       2.2237
   18849       2.2522
   18850       2.3029
   18851       2.3489
   18852       2.3452
   18853       2.3217
   18854       2.3383
   18855       2.3047
   18856       2.2332
   18857       2.2890
   18858       2.3072
   18859       2.3690
   18860       2.4218
   18861       2.4144
   18862       2.3136
   18863       2.3168
   18864       2.2283
   18865       2.3135
   18866       2.2642
   18867       2.3282
   18868       2.3490
   18869       2.3289
   18870       2.3318
   18871       2.3128
   18872       2.3606
   18873       2.3517
   18874       2.3822
   18875       2.4736
   18876       2.5254
   18877       2.5005
   18878       2.4457
   18879       2.3142
   18880       2.3266
   18881       2.2840
   18882       2.3359
   18883       2.3419
   18884       2.2705
   18885       2.2359
   18886       2.3374
   18887       2.3543
   18888       2.3534
   18889       2.4358
   18890       2.3941
   18891       2.4786
   18892       2.4565
   18893       2.4702
   18894       2.4767
   18895       2.4142
   18896       2.3996
   18897       2.3894
   18898       2.4456
   18899       2.4302
   18900       2.4820
   18901       2.5361
   18902       2.5641
   18903       2.5578
   18904       2.4957
   18905       2.4527
   18906       2.4527
   18907       2.5317
   18908       2.4801
   18909       2.3954
   18910       2.4422
   18911       2.4346
   18912       2.3812
   18913       2.4305
   18914       2.3824
   18915       2.4296
   18916       2.4685
   18917       2.5244
   18918       2.4508
   18919       2.5127
   18920       2.3897
   18921       2.3856
   18922       2.4075
   18923       2.4025
   18924       2.3855
   18925       2.4642
   18926       2.4214
   18927       2.4876
   18928       2.4804
   18929       2.4642
   18930       2.4737
   18931       2.3334
   18932       2.2753
   18933       2.3942
   18934       2.2574
   18935       2.3881
   18936       2.2862
   18937       2.2607
   18938       2.2618
   18939       2.2839
   18940       2.3837
   18941       2.4574
   18942       2.4183
   18943       2.4781
   18944       2.5329
   18945       2.6178
   18946       2.4935
   18947       2.5507
   18948       2.5086
   18949       2.5621
   18950       2.5515
   18951       2.4853
   18952       2.5448
   18953       2.5399
   18954       2.4640
   18955       2.5417
   18956       2.5434
   18957       2.5389
   18958       2.6057
   18959       2.4809
   18960       2.5639
   18961       2.5301
   18962       2.5481
   18963       2.5916
   18964       2.5695
   18965       2.6147
   18966       2.4596
   18967       2.4628
   18968       2.5112
   18969       2.4876
   18970       2.5144
   18971       2.4231
   18972       2.4786
   18973       2.4977
   18974       2.4932
   18975       2.5102
   18976       2.5143
   18977       2.4578
   18978       2.4222
   18979       2.3428
   18980       2.3328
   18981       2.3117
   18982       2.3197
   18983       2.3154
   18984       2.2546
   18985       2.2844
   18986       2.2843
   18987       2.2038
   18988       2.1514
   18989       2.2060
   18990       2.1503
   18991       2.2656
   18992       2.2856
   18993       2.2116
   18994       2.1866
   18995       2.2387
   18996       2.2310
   18997       2.1845
   18998       2.0931
   18999       2.0573
   19000       2.0116
   19001       2.0976
   19002       2.2469
   19003       2.2263
   19004       2.2768
   19005       2.2715
   19006       2.3249
   19007       2.3732
   19008       2.3210
   19009       2.2848
   19010       2.3861
   19011       2.3931
   19012       2.3477
   19013       2.2892
   19014       2.2988
   19015       2.3188
   19016       2.3401
   19017       2.3910
   19018       2.3212
   19019       2.3548
   19020       2.3860
   19021       2.3399
   19022       2.3360
   19023       2.3631
   19024       2.2751
   19025       2.2987
   19026       2.3133
   19027       2.2141
   19028       2.1355
   19029       2.2336
   19030       2.2095
   19031       2.2055
   19032       2.1500
   19033       2.2443
   19034       2.1631
   19035       2.2148
   19036       2.2509
   19037       2.2727
   19038       2.3076
   19039       2.2997
   19040       2.3032
   19041       2.2296
   19042       2.2725
   19043       2.1743
   19044       2.2563
   19045       2.2309
   19046       2.3155
   19047       2.3346
   19048       2.3609
   19049       2.3595
   19050       2.3504
   19051       2.3033
   19052       2.2804
   19053       2.2254
   19054       2.3696
   19055       2.4663
   19056       2.4704
   19057       2.4559
   19058       2.4377
   19059       2.5009
   19060       2.4360
   19061       2.4794
   19062       2.5571
   19063       2.5656
   19064       2.5953
   19065       2.5623
   19066       2.5380
   19067       2.5328
   19068       2.4678
   19069       2.4106
   19070       2.4392
   19071       2.4573
   19072       2.4909
   19073       2.4555
   19074       2.3925
   19075       2.3921
   19076       2.4340
   19077       2.3728
   19078       2.3186
   19079       2.4178
   19080       2.3654
   19081       2.2322
   19082       2.3246
   19083       2.2745
   19084       2.2849
   19085       2.3042
   19086       2.2761
   19087       2.1987
   19088       2.1723
   19089       2.0456
   19090       2.0982
   19091       2.0698
   19092       2.1253
   19093       2.1651
   19094       2.1358
   19095       2.1948
   19096       2.2102
   19097       2.1947
   19098       2.0786
   19099       2.0345
   19100       1.9546
   19101       1.9367
   19102       1.9662
   19103       1.9880
   19104       2.0326
   19105       2.0049
   19106       1.9432
   19107       2.0031
   19108       2.0545
   19109       2.1068
   19110       2.0839
   19111       2.0938
   19112       2.1406
   19113       2.0483
   19114       1.9685
   19115       1.9228
   19116       2.0149
   19117       1.8826
   19118       1.9502
   19119       1.9953
   19120       2.0040
   19121       2.0277
   19122       2.0161
   19123       2.0155
   19124       1.9940
   19125       2.0618
   19126       2.0343
   19127       2.0320
   19128       1.9720
   19129       2.0738
   19130       2.1355
   19131       2.1542
   19132       2.1325
   19133       2.2568
   19134       2.3152
   19135       2.2971
   19136       2.1955
   19137       2.2396
   19138       2.2051
   19139       2.2144
   19140       2.1930
   19141       2.2598
   19142       2.2403
   19143       2.2154
   19144       2.2718
   19145       2.2566
   19146       2.3647
   19147       2.3324
   19148       2.3270
   19149       2.3650
   19150       2.3675
   19151       2.3820
   19152       2.4069
   19153       2.3867
   19154       2.3415
   19155       2.3790
   19156       2.3117
   19157       2.3099
   19158       2.2041
   19159       2.2012
   19160       2.1939
   19161       2.1704
   19162       2.2459
   19163       2.2902
   19164       2.3544
   19165       2.3209
   19166       2.4889
   19167       2.4190
   19168       2.3729
   19169       2.4483
   19170       2.3717
   19171       2.2862
   19172       2.3079
   19173       2.2970
   19174       2.2631
   19175       2.2676
   19176       2.3422
   19177       2.3922
   19178       2.3885
   19179       2.4054
   19180       2.4695
   19181       2.4018
   19182       2.3157
   19183       2.3500
   19184       2.3246
   19185       2.2446
   19186       2.2124
   19187       2.2387
   19188       2.2672
   19189       2.1990
   19190       2.1691
   19191       2.1663
   19192       2.1808
   19193       2.2361
   19194       2.2751
   19195       2.1674
   19196       2.1960
   19197       2.1480
   19198       2.1976
   19199       2.1676
   19200       2.1738
   19201       2.2195
   19202       2.1668
   19203       2.2054
   19204       2.1580
   19205       2.1260
   19206       2.0644
   19207       2.1006
   19208       2.1508
   19209       2.1377
   19210       2.1247
   19211       2.1645
   19212       2.2539
   19213       2.2806
   19214       2.2657
   19215       2.3058
   19216       2.3769
   19217       2.3446
   19218       2.1939
   19219       2.2521
   19220       2.2115
   19221       2.2307
   19222       2.2605
   19223       2.3304
   19224       2.2904
   19225       2.2789
   19226       2.3023
   19227       2.2832
   19228       2.1839
   19229       2.2069
   19230       2.1142
   19231       2.1847
   19232       2.1401
   19233       2.1716
   19234       2.1305
   19235       2.0865
   19236       2.0543
   19237       2.0374
   19238       2.0387
   19239       2.1547
   19240       2.0761
   19241       2.1075
   19242       2.0772
   19243       2.1169
   19244       2.1583
   19245       2.0826
   19246       2.1232
   19247       2.1833
   19248       2.1913
   19249       2.1910
   19250       2.2329
   19251       2.2391
   19252       2.2166
   19253       2.2001
   19254       2.1468
   19255       2.1572
   19256       2.2173
   19257       2.1707
   19258       2.2326
   19259       2.1877
   19260       2.3126
   19261       2.3530
   19262       2.2532
   19263       2.2381
   19264       2.2743
   19265       2.2406
   19266       2.2674
   19267       2.2221
   19268       2.2211
   19269       2.2197
   19270       2.1178
   19271       2.1493
   19272       2.2209
   19273       2.1794
   19274       2.1786
   19275       2.0980
   19276       2.0982
   19277       2.0693
   19278       2.1197
   19279       2.1694
   19280       2.2603
   19281       2.2617
   19282       2.2082
   19283       2.2340
   19284       2.0966
   19285       2.1292
   19286       2.0882
   19287       2.1971
   19288       2.2139
   19289       2.1187
   19290       2.1519
   19291       2.1379
   19292       2.1938
   19293       2.2510
   19294       2.2130
   19295       2.1285
   19296       2.1074
   19297       2.0953
   19298       2.1676
   19299       2.2970
   19300       2.2492
   19301       2.1640
   19302       2.2002
   19303       2.2545
   19304       2.2705
   19305       2.2570
   19306       2.2060
   19307       2.2152
   19308       2.2189
   19309       2.2074
   19310       2.1927
   19311       2.1227
   19312       2.2138
   19313       2.2139
   19314       2.1270
   19315       2.0949
   19316       2.1572
   19317       2.1876
   19318       2.2029
   19319       2.1850
   19320       2.0759
   19321       2.0341
   19322       2.0017
   19323       2.1383
   19324       2.1963
   19325       2.1849
   19326       2.2220
   19327       2.1155
   19328       2.1239
   19329       2.1237
   19330       2.1809
   19331       2.2020
   19332       2.1635
   19333       2.1444
   19334       2.1695
   19335       2.1634
   19336       2.1959
   19337       2.0558
   19338       2.0437
   19339       2.0783
   19340       1.9557
   19341       1.9659
   19342       2.0018
   19343       1.9491
   19344       1.8563
   19345       1.8212
   19346       1.9286
   19347       2.0078
   19348       1.9404
   19349       1.9093
   19350       1.8977
   19351       1.9439
   19352       1.9030
   19353       1.9208
   19354       1.9101
   19355       1.9230
   19356       1.9004
   19357       2.0267
   19358       2.0208
   19359       2.0145
   19360       2.1034
   19361       1.9647
   19362       1.9496
   19363       1.9280
   19364       1.9335
   19365       1.9069
   19366       1.9252
   19367       1.9288
   19368       1.9253
   19369       1.9777
   19370       2.0382
   19371       2.0564
   19372       2.0905
   19373       2.0759
   19374       2.0972
   19375       2.0614
   19376       2.1435
   19377       2.1072
   19378       2.1384
   19379       2.1868
   19380       2.0825
   19381       2.1015
   19382       2.1167
   19383       2.2047
   19384       2.1456
   19385       2.1358
   19386       2.1499
   19387       2.0850
   19388       2.0532
   19389       2.1754
   19390       2.1390
   19391       2.1122
   19392       2.0931
   19393       2.2580
   19394       2.2178
   19395       2.1447
   19396       2.1474
   19397       2.0727
   19398       2.1599
   19399       2.2514
   19400       2.2392
   19401       2.1770
   19402       2.2018
   19403       2.0893
   19404       2.1676
   19405       2.1260
   19406       2.1879
   19407       2.1878
   19408       2.2690
   19409       2.1948
   19410       2.2737
   19411       2.2310
   19412       2.2920
   19413       2.2953
   19414       2.3254
   19415       2.2733
   19416       2.2584
   19417       2.3328
   19418       2.2996
   19419       2.2038
   19420       2.2395
   19421       2.2027
   19422       2.0777
   19423       2.0478
   19424       2.0590
   19425       2.0837
   19426       2.0649
   19427       2.1309
   19428       2.0704
   19429       2.0412
   19430       2.1329
   19431       2.1826
   19432       2.1897
   19433       2.2071
   19434       2.2301
   19435       2.1459
   19436       2.2416
   19437       2.1949
   19438       2.1763
   19439       2.1869
   19440       2.2266
   19441       2.2871
   19442       2.2825
   19443       2.3875
   19444       2.3895
   19445       2.4075
   19446       2.3897
   19447       2.4886
   19448       2.4213
   19449       2.3454
   19450       2.3512
   19451       2.3775
   19452       2.4161
   19453       2.3168
   19454       2.3372
   19455       2.2728
   19456       2.3705
   19457       2.3773
   19458       2.3497
   19459       2.4533
   19460       2.4028
   19461       2.4227
   19462       2.3866
   19463       2.3484
   19464       2.4167
   19465       2.4015
   19466       2.2962
   19467       2.3015
   19468       2.4404
   19469       2.3704
   19470       2.4440
   19471       2.3437
   19472       2.3410
   19473       2.3475
   19474       2.4347
   19475       2.2892
   19476       2.3643
   19477       2.3596
   19478       2.2963
   19479       2.2416
   19480       2.2485
   19481       2.3457
   19482       2.3543
   19483       2.2769
   19484       2.1872
   19485       2.1488
   19486       2.0835
   19487       2.0995
   19488       2.0597
   19489       2.1714
   19490       2.2667
   19491       2.2611
   19492       2.2937
   19493       2.2951
   19494       2.2943
   19495       2.2868
   19496       2.2195
   19497       2.2709
   19498       2.2589
   19499       2.1856
   19500       2.1777
   19501       2.1529
   19502       2.2154
   19503       2.3183
   19504       2.4080
   19505       2.5020
   19506       2.5545
   19507       2.5159
   19508       2.4251
   19509       2.3550
   19510       2.4005
   19511       2.4194
   19512       2.3910
   19513       2.3501
   19514       2.2698
   19515       2.3415
   19516       2.4269
   19517       2.3761
   19518       2.3224
   19519       2.4275
   19520       2.3367
   19521       2.4057
   19522       2.3657
   19523       2.3182
   19524       2.3219
   19525       2.3033
   19526       2.2815
   19527       2.1659
   19528       2.2775
   19529       2.1987
   19530       2.2310
   19531       2.1973
   19532       2.2214
   19533       2.1228
   19534       2.1830
   19535       2.2187
   19536       2.2220
   19537       2.2928
   19538       2.2518
   19539       2.3057
   19540       2.2883
   19541       2.1942
   19542       2.2465
   19543       2.2179
   19544       2.1830
   19545       2.1329
   19546       2.0643
   19547       2.0463
   19548       2.0366
   19549       2.0790
   19550       2.0511
   19551       2.0196
   19552       2.0122
   19553       2.0509
   19554       2.0355
   19555       1.9921
   19556       2.0410
   19557       2.1119
   19558       2.1487
   19559       2.1419
   19560       2.1132
   19561       2.1993
   19562       2.1670
   19563       2.0451
   19564       2.0479
   19565       2.0202
   19566       2.0196
   19567       2.1299
   19568       1.9988
   19569       1.9827
   19570       2.0071
   19571       1.9883
   19572       2.0007
   19573       1.9813
   19574       1.9587
   19575       1.9555
   19576       1.9413
   19577       1.9323
   19578       1.9208
   19579       1.9119
   19580       1.9034
   19581       1.8720
   19582       1.9929
   19583       1.9362
   19584       2.0040
   19585       1.9926
   19586       1.9879
   19587       2.0175
   19588       2.0727
   19589       1.9862
   19590       2.0242
   19591       2.1364
   19592       2.1387
   19593       2.1192
   19594       2.1145
   19595       2.1970
   19596       2.1137
   19597       2.1744
   19598       2.0895
   19599       2.0645
   19600       2.1177
   19601       2.1295
   19602       2.1279
   19603       2.1407
   19604       2.2605
   19605       2.2620
   19606       2.3254
   19607       2.2964
   19608       2.2311
   19609       2.2932
   19610       2.3231
   19611       2.3416
   19612       2.2525
   19613       2.1605
   19614       2.2147
   19615       2.2525
   19616       2.2068
   19617       2.3316
   19618       2.2887
   19619       2.2644
   19620       2.2114
   19621       2.1845
   19622       2.2033
   19623       2.2069
   19624       2.2809
   19625       2.2469
   19626       2.2931
   19627       2.3649
   19628       2.4297
   19629       2.4402
   19630       2.4064
   19631       2.4991
   19632       2.4937
   19633       2.5334
   19634       2.4150
   19635       2.3701
   19636       2.3570
   19637       2.3452
   19638       2.3429
   19639       2.3641
   19640       2.3518
   19641       2.2596
   19642       2.3042
   19643       2.2573
   19644       2.3186
   19645       2.3516
   19646       2.3616
   19647       2.3505
   19648       2.3175
   19649       2.3558
   19650       2.3777
   19651       2.3070
   19652       2.3606
   19653       2.2695
   19654       2.3202
   19655       2.3246
   19656       2.3990
   19657       2.3536
   19658       2.2579
   19659       2.3330
   19660       2.3390
   19661       2.2201
   19662       2.1682
   19663       2.2808
   19664       2.3018
   19665       2.2079
   19666       2.3017
   19667       2.3389
   19668       2.3431
   19669       2.3144
   19670       2.2791
   19671       2.2329
   19672       2.1704
   19673       2.2677
   19674       2.2617
   19675       2.2291
   19676       2.2537
   19677       2.2642
   19678       2.3315
   19679       2.2654
   19680       2.2238
   19681       2.2108
   19682       2.2743
   19683       2.3453
   19684       2.3540
   19685       2.3296
   19686       2.3253
   19687       2.2736
   19688       2.3085
   19689       2.2036
   19690       2.1667
   19691       2.1140
   19692       2.1628
   19693       2.1327
   19694       2.1274
   19695       2.1095
   19696       2.1992
   19697       2.2527
   19698       2.0751
   19699       1.9734
   19700       2.0296
   19701       2.0661
   19702       2.1143
   19703       2.0888
   19704       2.0754
   19705       2.0270
   19706       2.1437
   19707       2.1109
   19708       2.1784
   19709       2.2226
   19710       2.1699
   19711       2.1054
   19712       2.1787
   19713       2.2281
   19714       2.3335
   19715       2.3633
   19716       2.3297
   19717       2.4238
   19718       2.4147
   19719       2.4440
   19720       2.4375
   19721       2.4382
   19722       2.3516
   19723       2.3015
   19724       2.3400
   19725       2.4125
   19726       2.4265
   19727       2.3703
   19728       2.3526
   19729       2.3265
   19730       2.3027
   19731       2.3260
   19732       2.2380
   19733       2.1549
   19734       2.1169
   19735       2.1397
   19736       2.1705
   19737       2.1323
   19738       2.2107
   19739       2.1858
   19740       2.2832
   19741       2.2225
   19742       2.2437
   19743       2.2617
   19744       2.2740
   19745       2.1750
   19746       2.1691
   19747       2.1340
   19748       2.1680
   19749       2.1497
   19750       2.2438
   19751       2.3379
   19752       2.3740
   19753       2.3524
   19754       2.3185
   19755       2.2238
   19756       2.2538
   19757       2.2827
   19758       2.2652
   19759       2.3040
   19760       2.3737
   19761       2.3892
   19762       2.4064
   19763       2.4016
   19764       2.4366
   19765       2.4631
   19766       2.4391
   19767       2.5361
   19768       2.3756
   19769       2.3393
   19770       2.3126
   19771       2.2805
   19772       2.3131
   19773       2.2409
   19774       2.2994
   19775       2.2776
   19776       2.2992
   19777       2.2629
   19778       2.2215
   19779       2.1316
   19780       2.1433
   19781       2.2055
   19782       2.2586
   19783       2.2921
   19784       2.1820
   19785       2.1865
   19786       2.3159
   19787       2.3500
   19788       2.2571
   19789       2.2550
   19790       2.2243
   19791       2.2464
   19792       2.2879
   19793       2.2563
   19794       2.3650
   19795       2.3143
   19796       2.4344
   19797       2.5322
   19798       2.5214
   19799       2.4692
   19800       2.4686
   19801       2.4755
   19802       2.4134
   19803       2.4680
   19804       2.2511
   19805       2.2847
   19806       2.2742
   19807       2.3050
   19808       2.3801
   19809       2.4179
   19810       2.4103
   19811       2.4342
   19812       2.5513
   19813       2.5764
   19814       2.6026
   19815       2.4728
   19816       2.5304
   19817       2.5390
   19818       2.4338
   19819       2.4801
   19820       2.4614
   19821       2.5222
   19822       2.6221
   19823       2.5376
   19824       2.5168
   19825       2.4417
   19826       2.4648
   19827       2.4252
   19828       2.3478
   19829       2.3691
   19830       2.4444
   19831       2.4531
   19832       2.4097
   19833       2.4573
   19834       2.3835
   19835       2.3053
   19836       2.3424
   19837       2.2691
   19838       2.3353
   19839       2.3278
   19840       2.3710
   19841       2.4495
   19842       2.4539
   19843       2.4243
   19844       2.4422
   19845       2.4069
   19846       2.3755
   19847       2.2927
   19848       2.2707
   19849       2.3082
   19850       2.3215
   19851       2.3417
   19852       2.4674
   19853       2.4755
   19854       2.3958
   19855       2.4603
   19856       2.3459
   19857       2.3866
   19858       2.4401
   19859       2.3857
   19860       2.2893
   19861       2.3522
   19862       2.4027
   19863       2.2622
   19864       2.2383
   19865       2.2112
   19866       2.2436
   19867       2.3453
   19868       2.3391
   19869       2.3022
   19870       2.3300
   19871       2.3518
   19872       2.4481
   19873       2.4703
   19874       2.5173
   19875       2.4657
   19876       2.4732
   19877       2.4547
   19878       2.4776
   19879       2.3794
   19880       2.4092
   19881       2.4148
   19882       2.3622
   19883       2.3096
   19884       2.3118
   19885       2.3801
   19886       2.3947
   19887       2.4197
   19888       2.4880
   19889       2.4971
   19890       2.5243
   19891       2.4311
   19892       2.5070
   19893       2.4594
   19894       2.4803
   19895       2.4413
   19896       2.4722
   19897       2.4805
   19898       2.5332
   19899       2.5216
   19900       2.4131
   19901       2.3342
   19902       2.4247
   19903       2.3590
   19904       2.4230
   19905       2.4645
   19906       2.4562
   19907       2.5411
   19908       2.4708
   19909       2.4110
   19910       2.2889
   19911       2.3277
   19912       2.3270
   19913       2.2860
   19914       2.3042
   19915       2.2141
   19916       2.2555
   19917       2.2111
   19918       2.2423
   19919       2.3261
   19920       2.2703
   19921       2.1927
   19922       2.1837
   19923       2.2078
   19924       2.3238
   19925       2.2839
   19926       2.2810
   19927       2.2515
   19928       2.1179
   19929       2.1817
   19930       2.1878
   19931       2.1830
   19932       2.1341
   19933       2.1770
   19934       2.1985
   19935       2.2410
   19936       2.2556
   19937       2.1768
   19938       2.1635
   19939       2.2884
   19940       2.1836
   19941       2.1871
   19942       2.2165
   19943       2.1514
   19944       2.2308
   19945       2.2959
   19946       2.2672
   19947       2.2673
   19948       2.2141
   19949       2.3469
   19950       2.2623
   19951       2.2011
   19952       2.2364
   19953       2.2397
   19954       2.1896
   19955       2.2085
   19956       2.1231
   19957       2.1906
   19958       2.1516
   19959       2.0514
   19960       1.9777
   19961       1.9728
   19962       1.9599
   19963       2.0191
   19964       2.0024
   19965       1.9491
   19966       1.9677
   19967       1.9674
   19968       1.9749
   19969       1.9022
   19970       1.9908
   19971       1.9910
   19972       2.0504
   19973       2.0220
   19974       2.1045
   19975       2.1552
   19976       2.1171
   19977       2.0739
   19978       2.0708
   19979       2.1237
   19980       2.1027
   19981       2.1415
   19982       2.1704
   19983       2.1771
   19984       2.0745
   19985       2.0664
   19986       2.2150
   19987       2.3058
   19988       2.1831
   19989       2.1472
   19990       2.1970
   19991       2.2144
   19992       2.1717
   19993       2.0916
   19994       2.1547
   19995       2.2017
   19996       2.2251
   19997       2.1297
   19998       2.1407
   19999       2.1593
   20000       2.0901
   20001       2.1035
   20002       2.1105
   20003       2.1776
   20004       2.1374
   20005       2.1004
   20006       2.1420
   20007       2.2195
   20008       2.2501
   20009       2.1698
   20010       2.1306
   20011       2.1341
   20012       2.1396
   20013       2.1512
   20014       2.0651
   20015       2.0037
   20016       2.0281
   20017       2.0939
   20018       2.0929
   20019       2.2437
   20020       2.2488
   20021       2.2449
   20022       2.2817
   20023       2.3290
   20024       2.3646
   20025       2.2761
   20026       2.2714
   20027       2.3165
   20028       2.3529
   20029       2.3064
   20030       2.3156
   20031       2.2803
   20032       2.3144
   20033       2.2584
   20034       2.2416
   20035       2.2552
   20036       2.3713
   20037       2.3861
   20038       2.2797
   20039       2.2415
   20040       2.1523
   20041       2.2897
   20042       2.3058
   20043       2.3966
   20044       2.3805
   20045       2.3778
   20046       2.3465
   20047       2.4453
   20048       2.3832
   20049       2.3577
   20050       2.3629
   20051       2.3604
   20052       2.3724
   20053       2.3356
   20054       2.3544
   20055       2.2335
   20056       2.2333
   20057       2.2048
   20058       2.2170
   20059       2.1873
   20060       2.1920
   20061       2.1801
   20062       2.2307
   20063       2.2623
   20064       2.2251
   20065       2.1138
   20066       2.0327
   20067       2.1060
   20068       2.0342
   20069       2.0428
   20070       1.9700
   20071       1.9742
   20072       1.9278
   20073       1.9225
   20074       2.0326
   20075       2.0383
   20076       1.9878
   20077       1.8846
   20078       1.9210
   20079       1.9161
   20080       2.0116
   20081       2.0251
   20082       2.0665
   20083       1.9929
   20084       1.8970
   20085       1.9291
   20086       1.9391
   20087       1.9706
   20088       2.0478
   20089       2.0034
   20090       2.0535
   20091       2.0972
   20092       2.0888
   20093       2.1251
   20094       2.1433
   20095       2.1300
   20096       2.1616
   20097       2.1185
   20098       2.2408
   20099       2.1839
   20100       2.1939
   20101       2.0979
   20102       2.1498
   20103       2.1445
   20104       2.2192
   20105       2.2981
   20106       2.2155
   20107       2.2214
   20108       2.2077
   20109       2.1695
   20110       2.1330
   20111       2.1674
   20112       2.1203
   20113       2.1258
   20114       2.0507
   20115       2.0642
   20116       2.0040
   20117       1.9999
   20118       2.0436
   20119       2.0279
   20120       1.9547
   20121       1.9600
   20122       2.0050
   20123       1.9611
   20124       2.0737
   20125       2.0572
   20126       2.0395
   20127       2.0977
   20128       2.0519
   20129       2.1098
   20130       2.0697
   20131       2.0230
   20132       2.0100
   20133       2.0432
   20134       1.9674
   20135       2.0784
   20136       2.0792
   20137       2.0606
   20138       2.0337
   20139       2.0108
   20140       2.0006
   20141       2.0427
   20142       2.0204
   20143       1.9623
   20144       1.9724
   20145       1.9847
   20146       2.0167
   20147       2.0428
   20148       1.9680
   20149       1.9329
   20150       2.0129
   20151       2.0699
   20152       1.9941
   20153       1.9629
   20154       2.0226
   20155       2.0410
   20156       2.0454
   20157       2.0760
   20158       2.0446
   20159       1.9090
   20160       1.8731
   20161       1.8847
   20162       1.9049
   20163       1.9224
   20164       1.9096
   20165       1.9942
   20166       1.8965
   20167       1.9717
   20168       2.0521
   20169       2.0372
   20170       2.0820
   20171       2.1324
   20172       2.0936
   20173       2.1544
   20174       2.1566
   20175       2.1074
   20176       2.1123
   20177       2.1374
   20178       2.1146
   20179       2.0910
   20180       2.1377
   20181       2.1715
   20182       2.1961
   20183       2.1961
   20184       2.1403
   20185       2.1484
   20186       2.1101
   20187       2.1078
   20188       2.1739
   20189       2.1547
   20190       2.1262
   20191       2.1617
   20192       2.0840
   20193       2.0368
   20194       2.0389
   20195       2.1033
   20196       2.0985
   20197       2.0970
   20198       2.1545
   20199       2.2088
   20200       2.2318
   20201       2.2359
   20202       2.1981
   20203       2.2244
   20204       2.1896
   20205       2.1676
   20206       2.2213
   20207       2.2630
   20208       2.2999
   20209       2.2451
   20210       2.2628
   20211       2.1590
   20212       2.1707
   20213       2.1669
   20214       2.1190
   20215       2.0789
   20216       2.1073
   20217       2.1392
   20218       1.9965
   20219       2.0965
   20220       2.1411
   20221       2.0771
   20222       2.0754
   20223       2.1279
   20224       2.1554
   20225       2.1402
   20226       2.0489
   20227       2.1063
   20228       2.1421
   20229       2.1652
   20230       2.0860
   20231       2.1861
   20232       2.1641
   20233       2.1622
   20234       2.1176
   20235       2.1048
   20236       2.1080
   20237       2.1090
   20238       2.1169
   20239       2.1380
   20240       2.1019
   20241       2.0810
   20242       2.1234
   20243       2.2006
   20244       2.2280
   20245       2.1880
   20246       2.2358
   20247       2.1984
   20248       2.3333
   20249       2.2842
   20250       2.2780
   20251       2.3605
   20252       2.2792
   20253       2.2755
   20254       2.3602
   20255       2.2760
   20256       2.2295
   20257       2.1733
   20258       2.2217
   20259       2.3213
   20260       2.3655
   20261       2.3275
   20262       2.3473
   20263       2.2967
   20264       2.3249
   20265       2.3111
   20266       2.3396
   20267       2.2739
   20268       2.4118
   20269       2.3446
   20270       2.3294
   20271       2.4161
   20272       2.3830
   20273       2.3430
   20274       2.2811
   20275       2.2667
   20276       2.2465
   20277       2.2187
   20278       2.2914
   20279       2.3400
   20280       2.3556
   20281       2.4403
   20282       2.3317
   20283       2.3828
   20284       2.2531
   20285       2.1664
   20286       2.1275
   20287       2.1715
   20288       2.1387
   20289       2.1675
   20290       2.2264
   20291       2.1673
   20292       2.0875
   20293       2.0935
   20294       2.1266
   20295       2.1355
   20296       2.1098
   20297       2.1167
   20298       2.0239
   20299       1.9709
   20300       2.0447
   20301       1.9655
   20302       2.0932
   20303       2.1538
   20304       2.1468
   20305       2.2188
   20306       2.1445
   20307       2.0957
   20308       2.2433
   20309       2.2880
   20310       2.2212
   20311       2.3007
   20312       2.3099
   20313       2.3369
   20314       2.3388
   20315       2.2846
   20316       2.2853
   20317       2.3636
   20318       2.4638
   20319       2.4617
   20320       2.4742
   20321       2.3331
   20322       2.3431
   20323       2.4317
   20324       2.4923
   20325       2.4377
   20326       2.4393
   20327       2.5120
   20328       2.5366
   20329       2.4928
   20330       2.4737
   20331       2.3888
   20332       2.4249
   20333       2.4321
   20334       2.3263
   20335       2.3192
   20336       2.3416
   20337       2.2433
   20338       2.1661
   20339       2.2542
   20340       2.3580
   20341       2.3434
   20342       2.4129
   20343       2.4566
   20344       2.3629
   20345       2.3165
   20346       2.2091
   20347       2.3025
   20348       2.3770
   20349       2.3542
   20350       2.3869
   20351       2.4098
   20352       2.3800
   20353       2.2875
   20354       2.4042
   20355       2.3271
   20356       2.3172
   20357       2.2756
   20358       2.3321
   20359       2.3166
   20360       2.2444
   20361       2.2556
   20362       2.2720
   20363       2.4126
   20364       2.3877
   20365       2.2388
   20366       2.2869
   20367       2.1926
   20368       2.3768
   20369       2.2529
   20370       2.2229
   20371       2.2188
   20372       2.2025
   20373       2.2191
   20374       2.1978
   20375       2.2508
   20376       2.2491
   20377       2.2933
   20378       2.4212
   20379       2.4168
   20380       2.3958
   20381       2.3769
   20382       2.3670
   20383       2.3599
   20384       2.2831
   20385       2.3127
   20386       2.3983
   20387       2.5395
   20388       2.5247
   20389       2.5835
   20390       2.4680
   20391       2.4463
   20392       2.5100
   20393       2.4278
   20394       2.3494
   20395       2.3131
   20396       2.4134
   20397       2.4969
   20398       2.4460
   20399       2.3544
   20400       2.4535
   20401       2.5031
   20402       2.4374
   20403       2.3679
   20404       2.3713
   20405       2.4223
   20406       2.3839
   20407       2.3987
   20408       2.3293
   20409       2.3537
   20410       2.3177
   20411       2.3864
   20412       2.3422
   20413       2.2467
   20414       2.1847
   20415       2.2768
   20416       2.2047
   20417       2.1189
   20418       2.1542
   20419       2.1761
   20420       2.1553
   20421       2.1076
   20422       2.0910
   20423       2.1121
   20424       2.1291
   20425       2.1459
   20426       2.1879
   20427       2.1039
   20428       2.0790
   20429       2.1335
   20430       2.0439
   20431       2.0396
   20432       1.9800
   20433       2.0482
   20434       2.1508
   20435       2.1556
   20436       2.1373
   20437       2.2057
   20438       2.2211
   20439       2.2623
   20440       2.2347
   20441       2.2215
   20442       2.3011
   20443       2.2768
   20444       2.2096
   20445       2.3152
   20446       2.1918
   20447       2.2566
   20448       2.2416
   20449       2.1825
   20450       2.1991
   20451       2.1769
   20452       2.1925
   20453       2.1654
   20454       2.1746
   20455       2.1558
   20456       2.0411
   20457       2.0864
   20458       1.9889
   20459       2.0547
   20460       2.0235
   20461       2.0516
   20462       2.0320
   20463       2.0503
   20464       2.0106
   20465       2.0467
   20466       2.0272
   20467       2.0088
   20468       2.0324
   20469       2.0717
   20470       1.9876
   20471       2.0455
   20472       2.0398
   20473       2.0865
   20474       2.1735
   20475       2.2234
   20476       2.2147
   20477       2.2241
   20478       2.1923
   20479       2.1428
   20480       2.1913
   20481       2.3031
   20482       2.3503
   20483       2.4061
   20484       2.4429
   20485       2.3814
   20486       2.4395
   20487       2.4032
   20488       2.4551
   20489       2.5272
   20490       2.4313
   20491       2.4595
   20492       2.3467
   20493       2.2950
   20494       2.2342
   20495       2.2718
   20496       2.2296
   20497       2.2368
   20498       2.1921
   20499       2.1879
   20500       2.1600
   20501       2.1890
   20502       2.0935
   20503       2.0339
   20504       2.1032
   20505       2.0915
   20506       2.1428
   20507       2.2373
   20508       2.2432
   20509       2.2354
   20510       2.1795
   20511       2.2558
   20512       2.2741
   20513       2.2648
   20514       2.3291
   20515       2.4580
   20516       2.4582
   20517       2.4234
   20518       2.3910
   20519       2.2849
   20520       2.3404
   20521       2.3396
   20522       2.3989
   20523       2.4177
   20524       2.4237
   20525       2.3092
   20526       2.3119
   20527       2.3409
   20528       2.3907
   20529       2.4055
   20530       2.3210
   20531       2.4249
   20532       2.5243
   20533       2.5036
   20534       2.5011
   20535       2.4935
   20536       2.5041
   20537       2.5002
   20538       2.4012
   20539       2.3576
   20540       2.3471
   20541       2.4119
   20542       2.5004
   20543       2.5182
   20544       2.5380
   20545       2.4702
   20546       2.4215
   20547       2.4982
   20548       2.4425
   20549       2.3975
   20550       2.3727
   20551       2.3278
   20552       2.2206
   20553       2.2631
   20554       2.3034
   20555       2.2650
   20556       2.1806
   20557       2.1638
   20558       2.2080
   20559       2.1877
   20560       2.1319
   20561       2.2245
   20562       2.2452
   20563       2.2676
   20564       2.3285
   20565       2.3552
   20566       2.2998
   20567       2.2101
   20568       2.1760
   20569       2.2082
   20570       2.1921
   20571       2.1848
   20572       2.2023
   20573       2.0904
   20574       2.1023
   20575       2.0434
   20576       2.0577
   20577       2.0318
   20578       2.0687
   20579       2.0196
   20580       1.9562
   20581       2.0375
   20582       2.0540
   20583       2.0674
   20584       2.0427
   20585       2.0552
   20586       2.0526
   20587       2.1211
   20588       2.1537
   20589       2.1788
   20590       2.1405
   20591       2.1213
   20592       2.1439
   20593       2.0541
   20594       2.1023
   20595       2.1973
   20596       2.2687
   20597       2.3272
   20598       2.3233
   20599       2.2592
   20600       2.1637
   20601       2.1327
   20602       2.1574
   20603       2.1231
   20604       2.1157
   20605       2.0739
   20606       2.0974
   20607       2.0710
   20608       2.0923
   20609       2.0861
   20610       2.0808
   20611       2.1716
   20612       2.1037
   20613       2.1252
   20614       2.1149
   20615       2.1303
   20616       2.1641
   20617       2.1801
   20618       2.0422
   20619       2.1000
   20620       2.0187
   20621       2.1273
   20622       2.0960
   20623       2.1227
   20624       2.0724
   20625       2.0703
   20626       2.0703
   20627       2.0886
   20628       2.1165
   20629       2.1370
   20630       2.1538
   20631       2.0155
   20632       2.0725
   20633       2.2395
   20634       2.2716
   20635       2.2757
   20636       2.3466
   20637       2.2582
   20638       2.3172
   20639       2.2904
   20640       2.2313
   20641       2.2899
   20642       2.3326
   20643       2.2796
   20644       2.3171
   20645       2.2751
   20646       2.2505
   20647       2.2251
   20648       2.2776
   20649       2.3214
   20650       2.3497
   20651       2.4004
   20652       2.3855
   20653       2.4116
   20654       2.3876
   20655       2.3650
   20656       2.3294
   20657       2.3396
   20658       2.3466
   20659       2.3987
   20660       2.3604
   20661       2.3159
   20662       2.3431
   20663       2.3141
   20664       2.2982
   20665       2.3300
   20666       2.2535
   20667       2.3647
   20668       2.4311
   20669       2.3625
   20670       2.4427
   20671       2.3769
   20672       2.4534
   20673       2.4396
   20674       2.3428
   20675       2.3705
   20676       2.3026
   20677       2.2782
   20678       2.2471
   20679       2.2481
   20680       2.3343
   20681       2.3451
   20682       2.4055
   20683       2.4261
   20684       2.4189
   20685       2.3701
   20686       2.2749
   20687       2.2408
   20688       2.2860
   20689       2.2955
   20690       2.3800
   20691       2.4276
   20692       2.3355
   20693       2.3015
   20694       2.3694
   20695       2.3730
   20696       2.3773
   20697       2.4313
   20698       2.4198
   20699       2.3726
   20700       2.3609
   20701       2.2853
   20702       2.2192
   20703       2.3170
   20704       2.1760
   20705       2.2505
   20706       2.2381
   20707       2.2949
   20708       2.3449
   20709       2.3274
   20710       2.3968
   20711       2.3469
   20712       2.3778
   20713       2.4090
   20714       2.4429
   20715       2.3740
   20716       2.3618
   20717       2.4139
   20718       2.3312
   20719       2.3054
   20720       2.2551
   20721       2.2292
   20722       2.1511
   20723       2.2076
   20724       2.1787
   20725       2.1472
   20726       2.1137
   20727       2.0731
   20728       1.9947
   20729       2.0817
   20730       2.1361
   20731       2.2285
   20732       2.2300
   20733       2.2771
   20734       2.2097
   20735       2.1817
   20736       2.2824
   20737       2.2741
   20738       2.2716
   20739       2.2991
   20740       2.3670
   20741       2.2492
   20742       2.2269
   20743       2.3628
   20744       2.3421
   20745       2.3784
   20746       2.3572
   20747       2.3101
   20748       2.2369
   20749       2.2893
   20750       2.2742
   20751       2.2908
   20752       2.3408
   20753       2.2882
   20754       2.2463
   20755       2.2560
   20756       2.3023
   20757       2.1955
   20758       2.2432
   20759       2.2341
   20760       2.2502
   20761       2.2438
   20762       2.2632
   20763       2.2654
   20764       2.2734
   20765       2.2106
   20766       2.1601
   20767       2.1948
   20768       2.2522
   20769       2.3034
   20770       2.2971
   20771       2.2993
   20772       2.2947
   20773       2.2211
   20774       2.1556
   20775       2.1883
   20776       2.1807
   20777       2.1461
   20778       2.1900
   20779       2.2663
   20780       2.2956
   20781       2.2525
   20782       2.2338
   20783       2.2969
   20784       2.3090
   20785       2.2888
   20786       2.3511
   20787       2.3627
   20788       2.3187
   20789       2.3259
   20790       2.2858
   20791       2.2052
   20792       2.2686
   20793       2.2981
   20794       2.3163
   20795       2.4635
   20796       2.4032
   20797       2.4075
   20798       2.4827
   20799       2.4243
   20800       2.4072
   20801       2.3589
   20802       2.3253
   20803       2.2670
   20804       2.3535
   20805       2.3758
   20806       2.4472
   20807       2.3755
   20808       2.4652
   20809       2.3825
   20810       2.4072
   20811       2.3699
   20812       2.3002
   20813       2.3778
   20814       2.3310
   20815       2.2886
   20816       2.2862
   20817       2.2875
   20818       2.3226
   20819       2.3316
   20820       2.4009
   20821       2.4050
   20822       2.3849
   20823       2.3878
   20824       2.3816
   20825       2.4025
   20826       2.4319
   20827       2.4706
   20828       2.5003
   20829       2.5509
   20830       2.4552
   20831       2.4147
   20832       2.4351
   20833       2.4546
   20834       2.3796
   20835       2.3435
   20836       2.3761
   20837       2.3102
   20838       2.2574
   20839       2.3337
   20840       2.3198
   20841       2.4988
   20842       2.4445
   20843       2.4131
   20844       2.3725
   20845       2.4101
   20846       2.4709
   20847       2.5245
   20848       2.4583
   20849       2.4967
   20850       2.4640
   20851       2.5484
   20852       2.6203
   20853       2.5019
   20854       2.5444
   20855       2.5995
   20856       2.6211
   20857       2.5690
   20858       2.6171
   20859       2.6495
   20860       2.6101
   20861       2.4951
   20862       2.5772
   20863       2.5556
   20864       2.5623
   20865       2.5128
   20866       2.5218
   20867       2.5412
   20868       2.6256
   20869       2.6298
   20870       2.6121
   20871       2.6045
   20872       2.6114
   20873       2.5547
   20874       2.5519
   20875       2.6249
   20876       2.6214
   20877       2.6228
   20878       2.7415
   20879       2.7481
   20880       2.7762
   20881       2.7994
   20882       2.7219
   20883       2.7126
   20884       2.6810
   20885       2.6414
   20886       2.5326
   20887       2.5395
   20888       2.4696
   20889       2.3888
   20890       2.3451
   20891       2.4853
   20892       2.3175
   20893       2.2417
   20894       2.3137
   20895       2.3494
   20896       2.3268
   20897       2.2761
   20898       2.2301
   20899       2.2682
   20900       2.2148
   20901       2.2663
   20902       2.3047
   20903       2.3231
   20904       2.3777
   20905       2.3154
   20906       2.3255
   20907       2.3955
   20908       2.3691
   20909       2.3004
   20910       2.3090
   20911       2.1982
   20912       2.2803
   20913       2.2127
   20914       2.1240
   20915       2.1826
   20916       2.1570
   20917       2.2535
   20918       2.2453
   20919       2.2521
   20920       2.1857
   20921       2.0970
   20922       2.1853
   20923       2.3185
   20924       2.2983
   20925       2.3545
   20926       2.4075
   20927       2.3236
   20928       2.4203
   20929       2.3751
   20930       2.4236
   20931       2.4254
   20932       2.4716
   20933       2.5469
   20934       2.5449
   20935       2.5435
   20936       2.6432
   20937       2.5851
   20938       2.6112
   20939       2.5376
   20940       2.5808
   20941       2.4939
   20942       2.4911
   20943       2.4603
   20944       2.4783
   20945       2.4285
   20946       2.4399
   20947       2.5152
   20948       2.3910
   20949       2.3787
   20950       2.3413
   20951       2.3585
   20952       2.3223
   20953       2.3498
   20954       2.2578
   20955       2.2020
   20956       2.2209
   20957       2.2080
   20958       2.2212
   20959       2.2338
   20960       2.2056
   20961       2.1695
   20962       2.1406
   20963       2.1234
   20964       2.1286
   20965       2.1131
   20966       2.1755
   20967       2.1653
   20968       2.1295
   20969       2.0214
   20970       2.0959
   20971       2.1527
   20972       2.1833
   20973       2.3143
   20974       2.2523
   20975       2.2463
   20976       2.2290
   20977       2.2510
   20978       2.2764
   20979       2.2796
   20980       2.2049
   20981       2.1846
   20982       2.1341
   20983       2.2240
   20984       2.2497
   20985       2.2268
   20986       2.2833
   20987       2.2840
   20988       2.3147
   20989       2.3125
   20990       2.2009
   20991       2.2570
   20992       2.2003
   20993       2.3324
   20994       2.2998
   20995       2.2227
   20996       2.2929
   20997       2.2359
   20998       2.3031
   20999       2.4036
   21000       2.3527
   21001       2.3404
   21002       2.3271
   21003       2.3533
   21004       2.3721
   21005       2.3421
   21006       2.3817
   21007       2.3555
   21008       2.4233
   21009       2.4230
   21010       2.3606
   21011       2.4735
   21012       2.4621
   21013       2.3855
   21014       2.3110
   21015       2.3154
   21016       2.3461
   21017       2.3548
   21018       2.4324
   21019       2.3563
   21020       2.3712
   21021       2.4152
   21022       2.3880
   21023       2.3634
   21024       2.4383
   21025       2.5075
   21026       2.5157
   21027       2.4714
   21028       2.5841
   21029       2.6630
   21030       2.5380
   21031       2.5894
   21032       2.5821
   21033       2.5087
   21034       2.5198
   21035       2.6336
   21036       2.5845
   21037       2.5784
   21038       2.6425
   21039       2.6525
   21040       2.7108
   21041       2.6254
   21042       2.5902
   21043       2.6589
   21044       2.6279
   21045       2.6910
   21046       2.6051
   21047       2.5832
   21048       2.6323
   21049       2.6355
   21050       2.6164
   21051       2.5042
   21052       2.5504
   21053       2.5470
   21054       2.5783
   21055       2.5041
   21056       2.5227
   21057       2.5229
   21058       2.5177
   21059       2.4793
   21060       2.5259
   21061       2.5925
   21062       2.6357
   21063       2.7168
   21064       2.6765
   21065       2.8022
   21066       2.7916
   21067       2.8827
   21068       2.8815
   21069       2.8958
   21070       2.8585
   21071       2.8593
   21072       2.8837
   21073       2.7937
   21074       2.7961
   21075       2.7308
   21076       2.7676
   21077       2.7356
   21078       2.7882
   21079       2.7961
   21080       2.8897
   21081       2.8569
   21082       2.8464
   21083       2.8361
   21084       2.8072
   21085       2.8426
   21086       2.8272
   21087       2.7924
   21088       2.8173
   21089       2.8679
   21090       2.8194
   21091       2.8124
   21092       2.8757
   21093       3.0114
   21094       2.9241
   21095       2.9095
   21096       2.8288
   21097       2.8282
   21098       2.7699
   21099       2.8546
   21100       2.7805
   21101       2.8039
   21102       2.7978
   21103       2.7454
   21104       2.7853
   21105       2.7672
   21106       2.6985
   21107       2.7578
   21108       2.6823
   21109       2.6267
   21110       2.5368
   21111       2.6152
   21112       2.6111
   21113       2.5541
   21114       2.5318
   21115       2.5250
   21116       2.4668
   21117       2.5563
   21118       2.6246
   21119       2.5968
   21120       2.5182
   21121       2.5545
   21122       2.4540
   21123       2.5039
   21124       2.5324
   21125       2.4767
   21126       2.4395
   21127       2.4283
   21128       2.3746
   21129       2.3272
   21130       2.3754
   21131       2.3346
   21132       2.4226
   21133       2.4544
   21134       2.4820
   21135       2.4819
   21136       2.5282
   21137       2.5461
   21138       2.5043
   21139       2.4623
   21140       2.3978
   21141       2.4796
   21142       2.4150
   21143       2.4529
   21144       2.4460
   21145       2.4262
   21146       2.3785
   21147       2.3353
   21148       2.4151
   21149       2.3616
   21150       2.4269
   21151       2.3702
   21152       2.3803
   21153       2.3693
   21154       2.4174
   21155       2.4693
   21156       2.4634
   21157       2.5542
   21158       2.5390
   21159       2.5275
   21160       2.5559
   21161       2.3978
   21162       2.4884
   21163       2.5527
   21164       2.5119
   21165       2.3750
   21166       2.3541
   21167       2.4233
   21168       2.4925
   21169       2.3985
   21170       2.5175
   21171       2.3777
   21172       2.5093
   21173       2.6142
   21174       2.6186
   21175       2.6120
   21176       2.6409
   21177       2.6469
   21178       2.6659
   21179       2.7553
   21180       2.6515
   21181       2.6788
   21182       2.5757
   21183       2.5260
   21184       2.6119
   21185       2.6712
   21186       2.7090
   21187       2.6279
   21188       2.5850
   21189       2.6599
   21190       2.7133
   21191       2.8549
   21192       2.8012
   21193       2.6705
   21194       2.6131
   21195       2.6196
   21196       2.7290
   21197       2.7079
   21198       2.6563
   21199       2.6690
   21200       2.7141
   21201       2.7768
   21202       2.7028
   21203       2.6333
   21204       2.6138
   21205       2.6084
   21206       2.5892
   21207       2.6421
   21208       2.7161
   21209       2.6976
   21210       2.6662
   21211       2.7108
   21212       2.8105
   21213       2.7237
   21214       2.6345
   21215       2.8043
   21216       2.8483
   21217       2.8264
   21218       2.7140
   21219       2.7057
   21220       2.7944
   21221       2.7684
   21222       2.8813
   21223       2.8621
   21224       2.8693
   21225       2.9307
   21226       2.8536
   21227       2.9076
   21228       2.7920
   21229       2.6866
   21230       2.7059
   21231       2.6484
   21232       2.6280
   21233       2.6495
   21234       2.6214
   21235       2.6591
   21236       2.6694
   21237       2.6815
   21238       2.7288
   21239       2.5785
   21240       2.5774
   21241       2.5602
   21242       2.5569
   21243       2.3784
   21244       2.3231
   21245       2.3329
   21246       2.4523
   21247       2.4474
   21248       2.4952
   21249       2.3731
   21250       2.4936
   21251       2.4513
   21252       2.3428
   21253       2.3885
   21254       2.4414
   21255       2.4732
   21256       2.4686
   21257       2.4127
   21258       2.4388
   21259       2.5796
   21260       2.5118
   21261       2.6006
   21262       2.5365
   21263       2.4486
   21264       2.5510
   21265       2.5105
   21266       2.4587
   21267       2.5135
   21268       2.4762
   21269       2.5020
   21270       2.5442
   21271       2.5823
   21272       2.5978
   21273       2.5843
   21274       2.7120
   21275       2.6966
   21276       2.6155
   21277       2.6576
   21278       2.5991
   21279       2.7167
   21280       2.6902
   21281       2.5871
   21282       2.5703
   21283       2.6206
   21284       2.6591
   21285       2.6130
   21286       2.6190
   21287       2.6502
   21288       2.5774
   21289       2.6171
   21290       2.5819
   21291       2.5629
   21292       2.5623
   21293       2.5442
   21294       2.4222
   21295       2.4426
   21296       2.4381
   21297       2.4752
   21298       2.4322
   21299       2.3417
   21300       2.4131
   21301       2.3861
   21302       2.3979
   21303       2.4393
   21304       2.4278
   21305       2.4883
   21306       2.4634
   21307       2.4038
   21308       2.4480
   21309       2.3721
   21310       2.5308
   21311       2.5124
   21312       2.4584
   21313       2.4810
   21314       2.5239
   21315       2.4758
   21316       2.4595
   21317       2.4316
   21318       2.4760
   21319       2.4318
   21320       2.4612
   21321       2.5499
   21322       2.4463
   21323       2.4949
   21324       2.4458
   21325       2.5750
   21326       2.5187
   21327       2.4063
   21328       2.3634
   21329       2.3097
   21330       2.3570
   21331       2.3870
   21332       2.2549
   21333       2.3297
   21334       2.3324
   21335       2.4167
   21336       2.5560
   21337       2.6170
   21338       2.5641
   21339       2.5598
   21340       2.6436
   21341       2.5881
   21342       2.5329
   21343       2.4828
   21344       2.4382
   21345       2.4595
   21346       2.5262
   21347       2.4194
   21348       2.4450
   21349       2.4710
   21350       2.5360
   21351       2.4496
   21352       2.5102
   21353       2.5056
   21354       2.5273
   21355       2.5596
   21356       2.5665
   21357       2.5016
   21358       2.5684
   21359       2.5895
   21360       2.6917
   21361       2.6927
   21362       2.6660
   21363       2.6281
   21364       2.6782
   21365       2.6505
   21366       2.6901
   21367       2.5909
   21368       2.5544
   21369       2.5068
   21370       2.5286
   21371       2.5432
   21372       2.5153
   21373       2.5008
   21374       2.3970
   21375       2.4243
   21376       2.4275
   21377       2.4408
   21378       2.4451
   21379       2.4328
   21380       2.5475
   21381       2.5552
   21382       2.4849
   21383       2.4392
   21384       2.4359
   21385       2.4706
   21386       2.4030
   21387       2.4153
   21388       2.3336
   21389       2.2303
   21390       2.1698
   21391       2.2485
   21392       2.1793
   21393       2.1680
   21394       2.1055
   21395       2.1638
   21396       2.2657
   21397       2.2505
   21398       2.2331
   21399       2.3353
   21400       2.3368
   21401       2.3503
   21402       2.3323
   21403       2.3939
   21404       2.4547
   21405       2.3208
   21406       2.2820
   21407       2.2488
   21408       2.2977
   21409       2.3132
   21410       2.2826
   21411       2.3187
   21412       2.3044
   21413       2.2565
   21414       2.3671
   21415       2.3270
   21416       2.3733
   21417       2.4221
   21418       2.4225
   21419       2.2834
   21420       2.3344
   21421       2.5452
   21422       2.4718
   21423       2.4012
   21424       2.4501
   21425       2.4642
   21426       2.3763
   21427       2.2722
   21428       2.3086
   21429       2.2540
   21430       2.3689
   21431       2.3963
   21432       2.4795
   21433       2.4682
   21434       2.4385
   21435       2.4931
   21436       2.4628
   21437       2.4007
   21438       2.4425
   21439       2.4444
   21440       2.4144
   21441       2.4350
   21442       2.3656
   21443       2.3985
   21444       2.3908
   21445       2.4273
   21446       2.3322
   21447       2.2906
   21448       2.2908
   21449       2.1258
   21450       2.2035
   21451       2.1856
   21452       2.1133
   21453       2.1233
   21454       2.1199
   21455       2.1427
   21456       2.0963
   21457       2.0732
   21458       2.1042
   21459       2.1327
   21460       2.1250
   21461       2.1932
   21462       2.2776
   21463       2.2449
   21464       2.2817
   21465       2.2405
   21466       2.2078
   21467       2.1556
   21468       2.1738
   21469       2.3034
   21470       2.4205
   21471       2.3866
   21472       2.3550
   21473       2.3356
   21474       2.3532
   21475       2.3159
   21476       2.2429
   21477       2.3277
   21478       2.2431
   21479       2.2926
   21480       2.3341
   21481       2.3411
   21482       2.3038
   21483       2.2755
   21484       2.3393
   21485       2.3252
   21486       2.3349
   21487       2.3311
   21488       2.3562
   21489       2.4049
   21490       2.3868
   21491       2.3304
   21492       2.3613
   21493       2.3811
   21494       2.2924
   21495       2.3641
   21496       2.3463
   21497       2.4227
   21498       2.4071
   21499       2.3142
   21500       2.3387
   21501       2.3504
   21502       2.4235
   21503       2.4172
   21504       2.4158
   21505       2.5070
   21506       2.4239
   21507       2.4265
   21508       2.4221
   21509       2.4004
   21510       2.3714
   21511       2.4146
   21512       2.4044
   21513       2.4402
   21514       2.4798
   21515       2.4881
   21516       2.4185
   21517       2.4730
   21518       2.3920
   21519       2.3586
   21520       2.4496
   21521       2.3278
   21522       2.2499
   21523       2.3297
   21524       2.2757
   21525       2.2937
   21526       2.2959
   21527       2.3138
   21528       2.3211
   21529       2.2982
   21530       2.2594
   21531       2.0827
   21532       2.2333
   21533       2.1842
   21534       2.1921
   21535       2.2111
   21536       2.3287
   21537       2.2868
   21538       2.2955
   21539       2.3388
   21540       2.2546
   21541       2.2874
   21542       2.2403
   21543       2.3187
   21544       2.3252
   21545       2.2436
   21546       2.2422
   21547       2.4158
   21548       2.4254
   21549       2.4404
   21550       2.4452
   21551       2.4232
   21552       2.3625
   21553       2.2784
   21554       2.3453
   21555       2.4344
   21556       2.3325
   21557       2.3171
   21558       2.2028
   21559       2.2472
   21560       2.3131
   21561       2.2605
   21562       2.3417
   21563       2.3152
   21564       2.3539
   21565       2.3733
   21566       2.4821
   21567       2.4579
   21568       2.4882
   21569       2.5324
   21570       2.5048
   21571       2.6247
   21572       2.5647
   21573       2.4430
   21574       2.5260
   21575       2.6146
   21576       2.5856
   21577       2.6467
   21578       2.6577
   21579       2.6354
   21580       2.6663
   21581       2.6557
   21582       2.6814
   21583       2.6794
   21584       2.6199
   21585       2.6617
   21586       2.6970
   21587       2.7202
   21588       2.6214
   21589       2.5860
   21590       2.5390
   21591       2.4236
   21592       2.4841
   21593       2.5855
   21594       2.6532
   21595       2.6042
   21596       2.5615
   21597       2.6641
   21598       2.6265
   21599       2.4917
   21600       2.5275
   21601       2.5533
   21602       2.6347
   21603       2.5849
   21604       2.6072
   21605       2.5403
   21606       2.5408
   21607       2.4376
   21608       2.4798
   21609       2.4249
   21610       2.3774
   21611       2.4143
   21612       2.4322
   21613       2.5127
   21614       2.5329
   21615       2.5517
   21616       2.5599
   21617       2.4282
   21618       2.3640
   21619       2.3067
   21620       2.2880
   21621       2.3626
   21622       2.3446
   21623       2.3284
   21624       2.3887
   21625       2.4410
   21626       2.3965
   21627       2.4410
   21628       2.4941
   21629       2.4540
   21630       2.4232
   21631       2.4713
   21632       2.4154
   21633       2.4142
   21634       2.3387
   21635       2.4042
   21636       2.3876
   21637       2.3378
   21638       2.4135
   21639       2.3846
   21640       2.3353
   21641       2.3895
   21642       2.4131
   21643       2.4008
   21644       2.3292
   21645       2.3349
   21646       2.3300
   21647       2.3176
   21648       2.3259
   21649       2.3679
   21650       2.4263
   21651       2.3678
   21652       2.3781
   21653       2.4217
   21654       2.3770
   21655       2.3075
   21656       2.2203
   21657       2.2894
   21658       2.3018
   21659       2.2939
   21660       2.2476
   21661       2.1621
   21662       2.0883
   21663       2.0789
   21664       2.1134
   21665       2.0896
   21666       2.1579
   21667       2.1640
   21668       2.2688
   21669       2.2282
   21670       2.3088
   21671       2.3577
   21672       2.2894
   21673       2.2681
   21674       2.3518
   21675       2.2752
   21676       2.2821
   21677       2.2115
   21678       2.2866
   21679       2.2309
   21680       2.2972
   21681       2.2850
   21682       2.2665
   21683       2.2649
   21684       2.3337
   21685       2.3009
   21686       2.2037
   21687       2.3071
   21688       2.4539
   21689       2.3666
   21690       2.3369
   21691       2.3005
   21692       2.3429
   21693       2.3189
   21694       2.3021
   21695       2.3477
   21696       2.3175
   21697       2.2682
   21698       2.1862
   21699       2.3166
   21700       2.3749
   21701       2.3771
   21702       2.4952
   21703       2.4838
   21704       2.4105
   21705       2.4620
   21706       2.5185
   21707       2.4962
   21708       2.4663
   21709       2.4304
   21710       2.4354
   21711       2.4319
   21712       2.5375
   21713       2.3868
   21714       2.3617
   21715       2.4141
   21716       2.3820
   21717       2.3481
   21718       2.4297
   21719       2.4506
   21720       2.3952
   21721       2.4402
   21722       2.4161
   21723       2.4057
   21724       2.4729
   21725       2.4431
   21726       2.4252
   21727       2.4060
   21728       2.3700
   21729       2.2960
   21730       2.3119
   21731       2.3039
   21732       2.2451
   21733       2.2481
   21734       2.3346
   21735       2.5006
   21736       2.5062
   21737       2.5730
   21738       2.5211
   21739       2.4912
   21740       2.4642
   21741       2.3884
   21742       2.3885
   21743       2.3545
   21744       2.2606
   21745       2.2828
   21746       2.2941
   21747       2.2517
   21748       2.2650
   21749       2.2969
   21750       2.1720
   21751       2.2729
   21752       2.3504
   21753       2.3565
   21754       2.3248
   21755       2.3384
   21756       2.3167
   21757       2.2909
   21758       2.3567
   21759       2.3503
   21760       2.3026
   21761       2.3094
   21762       2.3425
   21763       2.3121
   21764       2.4068
   21765       2.3576
   21766       2.3607
   21767       2.2976
   21768       2.2379
   21769       2.3220
   21770       2.3128
   21771       2.2933
   21772       2.2626
   21773       2.1987
   21774       2.2045
   21775       2.2091
   21776       2.3170
   21777       2.3312
   21778       2.3469
   21779       2.2526
   21780       2.2193
   21781       2.2052
   21782       2.2378
   21783       2.1512
   21784       2.1988
   21785       2.1415
   21786       2.1500
   21787       2.1304
   21788       2.1556
   21789       2.1857
   21790       2.2739
   21791       2.3400
   21792       2.3783
   21793       2.3937
   21794       2.3599
   21795       2.3147
   21796       2.3238
   21797       2.3392
   21798       2.3505
   21799       2.3748
   21800       2.3131
   21801       2.2458
   21802       2.2343
   21803       2.3226
   21804       2.2645
   21805       2.2513
   21806       2.3326
   21807       2.2775
   21808       2.3588
   21809       2.3719
   21810       2.3840
   21811       2.3023
   21812       2.3184
   21813       2.3952
   21814       2.4598
   21815       2.3612
   21816       2.2591
   21817       2.2588
   21818       2.1790
   21819       2.2289
   21820       2.1806
   21821       2.1973
   21822       2.2020
   21823       2.2396
   21824       2.2608
   21825       2.2494
   21826       2.2658
   21827       2.2721
   21828       2.2632
   21829       2.3046
   21830       2.2472
   21831       2.1665
   21832       2.2373
   21833       2.2003
   21834       2.1705
   21835       2.2026
   21836       2.1895
   21837       2.2992
   21838       2.2749
   21839       2.2915
   21840       2.3565
   21841       2.3245
   21842       2.3071
   21843       2.3109
   21844       2.2991
   21845       2.1885
   21846       2.1353
   21847       2.0380
   21848       2.1105
   21849       2.0908
   21850       2.0838
   21851       2.1385
   21852       2.2087
   21853       2.3171
   21854       2.2842
   21855       2.3342
   21856       2.3933
   21857       2.4622
   21858       2.5332
   21859       2.4957
   21860       2.4546
   21861       2.3766
   21862       2.3981
   21863       2.4110
   21864       2.5018
   21865       2.6010
   21866       2.4747
   21867       2.4444
   21868       2.4618
   21869       2.5053
   21870       2.4261
   21871       2.4135
   21872       2.4268
   21873       2.4947
   21874       2.5177
   21875       2.5462
   21876       2.5042
   21877       2.4796
   21878       2.4331
   21879       2.4789
   21880       2.5039
   21881       2.5184
   21882       2.4960
   21883       2.5175
   21884       2.4562
   21885       2.4520
   21886       2.3781
   21887       2.3970
   21888       2.4963
   21889       2.3304
   21890       2.4232
   21891       2.4954
   21892       2.5055
   21893       2.4872
   21894       2.4353
   21895       2.4785
   21896       2.5219
   21897       2.4907
   21898       2.5257
   21899       2.4961
   21900       2.4618
   21901       2.3840
   21902       2.3714
   21903       2.4060
   21904       2.4528
   21905       2.5063
   21906       2.4931
   21907       2.6137
   21908       2.5455
   21909       2.5984
   21910       2.5510
   21911       2.6373
   21912       2.6425
   21913       2.6553
   21914       2.6233
   21915       2.5480
   21916       2.6531
   21917       2.5654
   21918       2.5849
   21919       2.5468
   21920       2.4359
   21921       2.4763
   21922       2.4781
   21923       2.4982
   21924       2.5148
   21925       2.4190
   21926       2.4613
   21927       2.4257
   21928       2.4980
   21929       2.5324
   21930       2.5845
   21931       2.5010
   21932       2.5205
   21933       2.4764
   21934       2.5127
   21935       2.5576
   21936       2.5965
   21937       2.5896
   21938       2.5264
   21939       2.4940
   21940       2.5062
   21941       2.4762
   21942       2.5641
   21943       2.5337
   21944       2.4629
   21945       2.5676
   21946       2.4746
   21947       2.4496
   21948       2.4945
   21949       2.5409
   21950       2.4500
   21951       2.4379
   21952       2.4870
   21953       2.4167
   21954       2.5272
   21955       2.5416
   21956       2.5868
   21957       2.5952
   21958       2.5437
   21959       2.5314
   21960       2.6043
   21961       2.5632
   21962       2.5740
   21963       2.6280
   21964       2.5904
   21965       2.7359
   21966       2.7595
   21967       2.7561
   21968       2.8466
   21969       2.7984
   21970       2.8003
   21971       2.8229
   21972       2.7808
   21973       2.7173
   21974       2.6444
   21975       2.6001
   21976       2.6984
   21977       2.7787
   21978       2.7219
   21979       2.6256
   21980       2.6646
   21981       2.6619
   21982       2.6320
   21983       2.6924
   21984       2.6006
   21985       2.7558
   21986       2.5807
   21987       2.4755
   21988       2.4773
   21989       2.4628
   21990       2.3944
   21991       2.4740
   21992       2.4428
   21993       2.4685
   21994       2.4638
   21995       2.4730
   21996       2.3832
   21997       2.4142
   21998       2.5215
   21999       2.4451
   22000       2.5172
   22001       2.4994
   22002       2.4780
   22003       2.5472
   22004       2.4430
   22005       2.5645
   22006       2.4691
   22007       2.4490
   22008       2.4529
   22009       2.3993
   22010       2.3940
   22011       2.4381
   22012       2.4044
   22013       2.4460
   22014       2.5780
   22015       2.5033
   22016       2.4196
   22017       2.4632
   22018       2.3476
   22019       2.3624
   22020       2.4271
   22021       2.3909
   22022       2.3097
   22023       2.3807
   22024       2.4673
   22025       2.4410
   22026       2.3964
   22027       2.3654
   22028       2.3404
   22029       2.4713
   22030       2.4910
   22031       2.5230
   22032       2.5106
   22033       2.5038
   22034       2.4115
   22035       2.4709
   22036       2.3198
   22037       2.3975
   22038       2.3938
   22039       2.3370
   22040       2.4474
   22041       2.4340
   22042       2.4295
   22043       2.5205
   22044       2.4868
   22045       2.4223
   22046       2.5029
   22047       2.3805
   22048       2.3714
   22049       2.3992
   22050       2.3289
   22051       2.4551
   22052       2.4203
   22053       2.4220
   22054       2.5085
   22055       2.4347
   22056       2.3708
   22057       2.3710
   22058       2.3394
   22059       2.3589
   22060       2.3184
   22061       2.3802
   22062       2.2922
   22063       2.2770
   22064       2.2007
   22065       2.2177
   22066       2.2328
   22067       2.2213
   22068       2.2942
   22069       2.2664
   22070       2.2016
   22071       2.3255
   22072       2.2961
   22073       2.2418
   22074       2.2391
   22075       2.2504
   22076       2.2398
   22077       2.2711
   22078       2.2475
   22079       2.2272
   22080       2.2363
   22081       2.2075
   22082       2.2539
   22083       2.2623
   22084       2.2427
   22085       2.2130
   22086       2.2474
   22087       2.2276
   22088       2.2410
   22089       2.2164
   22090       2.2085
   22091       2.2129
   22092       2.2781
   22093       2.2121
   22094       2.2527
   22095       2.2788
   22096       2.2890
   22097       2.2732
   22098       2.2990
   22099       2.3567
   22100       2.3730
   22101       2.4098
   22102       2.4388
   22103       2.4046
   22104       2.3938
   22105       2.4802
   22106       2.4292
   22107       2.4371
   22108       2.3688
   22109       2.3986
   22110       2.4066
   22111       2.3467
   22112       2.3093
   22113       2.3529
   22114       2.2802
   22115       2.2654
   22116       2.3009
   22117       2.2838
   22118       2.2780
   22119       2.2989
   22120       2.3115
   22121       2.2253
   22122       2.2470
   22123       2.1550
   22124       2.1454
   22125       2.2039
   22126       2.2708
   22127       2.1665
   22128       2.2107
   22129       2.2392
   22130       2.1062
   22131       2.1003
   22132       2.1143
   22133       2.0947
   22134       2.1199
   22135       2.1670
   22136       2.1189
   22137       2.0232
   22138       2.0329
   22139       2.0501
   22140       2.1345
   22141       2.1885
   22142       2.0807
   22143       2.1772
   22144       2.1870
   22145       2.1035
   22146       2.1517
   22147       2.2085
   22148       2.1290
   22149       2.1815
   22150       2.1906
   22151       2.2190
   22152       2.1742
   22153       2.1577
   22154       2.1569
   22155       2.2167
   22156       2.1506
   22157       2.1521
   22158       2.0584
   22159       2.0329
   22160       2.0101
   22161       2.0049
   22162       1.9988
   22163       1.9997
   22164       2.0308
   22165       2.0262
   22166       2.0378
   22167       2.0561
   22168       1.9612
   22169       1.9892
   22170       2.0020
   22171       2.0235
   22172       2.0197
   22173       1.9856
   22174       1.9823
   22175       2.0010
   22176       2.0866
   22177       2.0826
   22178       2.1443
   22179       2.0861
   22180       2.0980
   22181       2.0399
   22182       2.0910
   22183       2.0340
   22184       2.0736
   22185       2.1280
   22186       2.0683
   22187       2.0568
   22188       2.0954
   22189       2.1786
   22190       2.1191
   22191       2.1587
   22192       2.0982
   22193       2.1499
   22194       2.0929
   22195       2.0783
   22196       2.0305
   22197       1.9640
   22198       1.9526
   22199       2.0253
   22200       1.9607
   22201       1.9539
   22202       1.9528
   22203       1.9776
   22204       1.9257
   22205       1.9732
   22206       1.9561
   22207       2.0652
   22208       1.9794
   22209       1.9817
   22210       1.9739
   22211       1.9622
   22212       1.9321
   22213       1.9649
   22214       2.0030
   22215       2.0281
   22216       1.9592
   22217       1.9929
   22218       1.9943
   22219       1.9052
   22220       1.9235
   22221       1.9619
   22222       2.0099
   22223       2.0192
   22224       2.0167
   22225       2.0236
   22226       2.0308
   22227       2.0442
   22228       2.0082
   22229       2.0017
   22230       2.0208
   22231       2.1099
   22232       2.1507
   22233       2.0491
   22234       2.0371
   22235       2.0126
   22236       1.9695
   22237       1.8696
   22238       1.9277
   22239       1.9645
   22240       1.9980
   22241       2.0498
   22242       2.0656
   22243       1.9453
   22244       1.9281
   22245       2.0855
   22246       2.0696
   22247       2.0876
   22248       1.9510
   22249       2.0665
   22250       2.0773
   22251       2.0956
   22252       2.0499
   22253       2.0697
   22254       2.0591
   22255       2.0366
   22256       1.9434
   22257       2.0543
   22258       2.0437
   22259       2.0655
   22260       2.0889
   22261       2.0742
   22262       2.0321
   22263       1.9959
   22264       1.9533
   22265       1.9367
   22266       1.8906
   22267       2.0094
   22268       2.0153
   22269       2.0037
   22270       1.9635
   22271       2.0363
   22272       2.1083
   22273       1.9877
   22274       2.0737
   22275       2.1111
   22276       2.1209
   22277       2.0836
   22278       2.1525
   22279       2.1754
   22280       2.1202
   22281       2.1574
   22282       2.1670
   22283       2.1977
   22284       2.1504
   22285       2.1470
   22286       2.0557
   22287       2.0250
   22288       2.0750
   22289       2.1425
   22290       2.1281
   22291       2.0198
   22292       1.9296
   22293       1.9803
   22294       2.0128
   22295       2.0333
   22296       2.0336
   22297       2.1288
   22298       2.1383
   22299       2.2117
   22300       2.1831
   22301       2.1831
   22302       2.1779
   22303       2.1636
   22304       2.1103
   22305       2.0744
   22306       2.1109
   22307       2.1077
   22308       2.1324
   22309       2.1713
   22310       2.2355
   22311       2.2297
   22312       2.2881
   22313       2.1897
   22314       2.1828
   22315       2.2622
   22316       2.2291
   22317       2.2174
   22318       2.1966
   22319       2.2003
   22320       2.1641
   22321       2.1914
   22322       2.1868
   22323       2.1570
   22324       2.1601
   22325       2.1426
   22326       2.1887
   22327       2.1620
   22328       2.1904
   22329       2.1241
   22330       2.1409
   22331       2.0641
   22332       2.1055
   22333       2.1882
   22334       2.1415
   22335       2.2092
   22336       2.2968
   22337       2.2755
   22338       2.3280
   22339       2.2803
   22340       2.3083
   22341       2.3112
   22342       2.2994
   22343       2.2891
   22344       2.3937
   22345       2.3656
   22346       2.3813
   22347       2.4663
   22348       2.4219
   22349       2.4207
   22350       2.3959
   22351       2.4507
   22352       2.4706
   22353       2.4909
   22354       2.5360
   22355       2.3789
   22356       2.3874
   22357       2.4100
   22358       2.3236
   22359       2.2696
   22360       2.3126
   22361       2.3031
   22362       2.3358
   22363       2.2974
   22364       2.2660
   22365       2.2551
   22366       2.1767
   22367       2.2189
   22368       2.2375
   22369       2.2502
   22370       2.2612
   22371       2.1866
   22372       2.2059
   22373       2.2677
   22374       2.2842
   22375       2.1155
   22376       2.1778
   22377       2.0944
   22378       2.1316
   22379       2.2356
   22380       2.1580
   22381       2.1801
   22382       2.0991
   22383       2.1810
   22384       2.1846
   22385       2.1642
   22386       2.1055
   22387       2.0805
   22388       2.0212
   22389       2.0196
   22390       2.1297
   22391       2.0874
   22392       2.0926
   22393       2.1933
   22394       2.0861
   22395       2.1557
   22396       2.2096
   22397       2.2075
   22398       2.1558
   22399       2.2057
   22400       2.2422
   22401       2.2817
   22402       2.1652
   22403       2.1242
   22404       2.1949
   22405       2.1235
   22406       2.1092
   22407       2.1492
   22408       2.1830
   22409       2.1791
   22410       2.1476
   22411       2.1882
   22412       2.3155
   22413       2.3639
   22414       2.2580
   22415       2.2825
   22416       2.1890
   22417       2.2476
   22418       2.2933
   22419       2.3573
   22420       2.4377
   22421       2.4517
   22422       2.5688
   22423       2.5403
   22424       2.5178
   22425       2.4790
   22426       2.5409
   22427       2.4878
   22428       2.4788
   22429       2.3758
   22430       2.3921
   22431       2.4549
   22432       2.3857
   22433       2.4298
   22434       2.4946
   22435       2.5886
   22436       2.4690
   22437       2.4517
   22438       2.4022
   22439       2.4173
   22440       2.3936
   22441       2.3923
   22442       2.3286
   22443       2.3020
   22444       2.3992
   22445       2.3197
   22446       2.3416
   22447       2.2592
   22448       2.3081
   22449       2.2832
   22450       2.2714
   22451       2.2089
   22452       2.1559
   22453       2.1587
   22454       2.3101
   22455       2.4169
   22456       2.3401
   22457       2.2603
   22458       2.2199
   22459       2.2733
   22460       2.2598
   22461       2.2525
   22462       2.2856
   22463       2.2482
   22464       2.2547
   22465       2.2712
   22466       2.1819
   22467       2.1955
   22468       2.1462
   22469       2.0887
   22470       2.1110
   22471       2.1565
   22472       2.2043
   22473       2.1163
   22474       2.1034
   22475       2.1063
   22476       2.0893
   22477       2.0976
   22478       2.1135
   22479       2.1263
   22480       2.0474
   22481       2.0652
   22482       2.0445
   22483       2.0608
   22484       2.0364
   22485       2.0698
   22486       2.0404
   22487       2.1049
   22488       2.1246
   22489       2.1311
   22490       2.1219
   22491       2.1022
   22492       2.2079
   22493       2.1528
   22494       2.1162
   22495       2.1597
   22496       2.1243
   22497       2.2446
   22498       2.2278
   22499       2.2336
   22500       2.2602
   22501       2.2832
   22502       2.3060
   22503       2.2498
   22504       2.3489
   22505       2.3357
   22506       2.3252
   22507       2.3159
   22508       2.2450
   22509       2.1882
   22510       2.1947
   22511       2.1933
   22512       2.1652
   22513       2.2042
   22514       2.2145
   22515       2.1641
   22516       2.1497
   22517       2.1210
   22518       2.1037
   22519       2.0426
   22520       2.0191
   22521       2.0274
   22522       2.0804
   22523       2.0745
   22524       1.9495
   22525       1.9898
   22526       2.0120
   22527       2.0594
   22528       2.1422
   22529       2.1450
   22530       2.0984
   22531       2.0245
   22532       2.0267
   22533       1.9388
   22534       1.9164
   22535       1.9616
   22536       1.9516
   22537       1.8850
   22538       1.9482
   22539       1.9606
   22540       1.9772
   22541       1.9962
   22542       1.9404
   22543       1.9417
   22544       1.9619
   22545       1.9339
   22546       1.9369
   22547       1.8342
   22548       1.9909
   22549       2.0537
   22550       2.0036
   22551       2.0521
   22552       2.1102
   22553       2.0284
   22554       1.9524
   22555       1.9665
   22556       2.0000
   22557       2.0710
   22558       2.0803
   22559       2.1027
   22560       2.0698
   22561       1.9689
   22562       2.0626
   22563       2.0644
   22564       2.0474
   22565       1.9911
   22566       2.0255
   22567       2.0654
   22568       2.1661
   22569       2.1482
   22570       2.1280
   22571       2.1070
   22572       2.1031
   22573       2.1716
   22574       2.1673
   22575       2.2842
   22576       2.2108
   22577       2.1352
   22578       2.1879
   22579       2.1834
   22580       2.1777
   22581       2.2055
   22582       2.2003
   22583       2.1405
   22584       2.1153
   22585       2.0245
   22586       2.0446
   22587       2.0662
   22588       2.0432
   22589       2.1309
   22590       2.1803
   22591       2.1832
   22592       2.1602
   22593       2.1555
   22594       2.1391
   22595       2.0915
   22596       2.1143
   22597       2.1147
   22598       2.1502
   22599       2.1983
   22600       2.1464
   22601       2.0216
   22602       2.1642
   22603       2.1411
   22604       2.0847
   22605       2.1225
   22606       2.0928
   22607       2.0847
   22608       1.9831
   22609       2.1055
   22610       2.0137
   22611       1.9643
   22612       1.9769
   22613       1.9730
   22614       1.9684
   22615       1.8528
   22616       1.8830
   22617       1.9216
   22618       1.9144
   22619       1.9037
   22620       1.8992
   22621       1.9045
   22622       1.9191
   22623       1.9824
   22624       1.9944
   22625       2.0525
   22626       2.0102
   22627       2.0008
   22628       2.0186
   22629       2.0037
   22630       1.9387
   22631       1.9417
   22632       1.9725
   22633       1.9402
   22634       1.9032
   22635       1.9676
   22636       1.8693
   22637       1.8202
   22638       1.8010
   22639       1.7201
   22640       1.7168
   22641       1.7662
   22642       1.7666
   22643       1.7968
   22644       1.8058
   22645       1.7988
   22646       1.8896
   22647       1.8513
   22648       1.8606
   22649       1.8503
   22650       1.8580
   22651       1.8997
   22652       1.8958
   22653       1.8574
   22654       1.8245
   22655       1.7762
   22656       1.8395
   22657       1.9056
   22658       1.9605
   22659       1.9515
   22660       1.8991
   22661       1.9309
   22662       1.8850
   22663       1.9330
   22664       1.9208
   22665       1.9441
   22666       1.9705
   22667       1.8810
   22668       1.8563
   22669       1.9062
   22670       2.0026
   22671       2.0080
   22672       1.9612
   22673       2.1291
   22674       1.9763
   22675       2.0025
   22676       1.9268
   22677       1.9897
   22678       1.9531
   22679       1.9405
   22680       1.9111
   22681       1.8912
   22682       1.9534
   22683       1.9440
   22684       1.9283
   22685       1.8346
   22686       1.8310
   22687       1.7766
   22688       1.7179
   22689       1.8235
   22690       1.8243
   22691       1.8496
   22692       1.8324
   22693       1.9123
   22694       1.9245
   22695       1.8852
   22696       1.9730
   22697       1.9276
   22698       1.9823
   22699       1.9684
   22700       1.8515
   22701       1.9360
   22702       1.9694
   22703       2.0281
   22704       1.9150
   22705       1.9859
   22706       2.0923
   22707       2.0720
   22708       1.9982
   22709       2.0098
   22710       2.0319
   22711       2.0666
   22712       2.1185
   22713       2.1448
   22714       2.1695
   22715       2.1622
   22716       2.0467
   22717       2.0405
   22718       1.9896
   22719       2.0045
   22720       1.9437
   22721       1.9404
   22722       1.9455
   22723       2.0197
   22724       2.0244
   22725       1.9658
   22726       1.9779
   22727       1.9579
   22728       2.0333
   22729       2.0894
   22730       2.0324
   22731       1.9550
   22732       1.9654
   22733       1.8988
   22734       2.0282
   22735       1.9867
   22736       1.9909
   22737       2.0620
   22738       2.0699
   22739       2.0402
   22740       2.1338
   22741       2.0870
   22742       2.0395
   22743       2.0516
   22744       2.0892
   22745       2.1243
   22746       2.1491
   22747       2.0604
   22748       2.0115
   22749       2.0052
   22750       2.0435
   22751       2.0887
   22752       2.0693
   22753       2.0726
   22754       1.9891
   22755       1.9731
   22756       1.9790
   22757       1.9642
   22758       2.0138
   22759       1.9946
   22760       2.0037
   22761       2.0331
   22762       2.1160
   22763       1.9590
   22764       1.9871
   22765       1.9652
   22766       1.9909
   22767       1.9245
   22768       1.9035
   22769       1.8745
   22770       1.8534
   22771       1.8172
   22772       1.8449
   22773       1.8423
   22774       1.8009
   22775       1.8010
   22776       1.7754
   22777       1.7799
   22778       1.8070
   22779       1.8253
   22780       1.8460
   22781       1.8419
   22782       1.8771
   22783       1.8208
   22784       1.7958
   22785       1.8283
   22786       1.8514
   22787       1.8390
   22788       1.8258
   22789       1.8113
   22790       1.9156
   22791       1.9525
   22792       1.8537
   22793       1.8220
   22794       1.8553
   22795       1.8107
   22796       1.7807
   22797       1.7910
   22798       1.7815
   22799       1.8091
   22800       1.8773
   22801       1.9203
   22802       1.9330
   22803       1.8926
   22804       1.8510
   22805       1.8327
   22806       1.8082
   22807       1.8141
   22808       1.7379
   22809       1.8265
   22810       1.7784
   22811       1.8385
   22812       1.8999
   22813       1.8621
   22814       1.8398
   22815       1.8516
   22816       1.8649
   22817       1.9208
   22818       1.8931
   22819       1.8189
   22820       1.9370
   22821       1.9462
   22822       1.8577
   22823       1.8175
   22824       1.9154
   22825       1.8720
   22826       1.9567
   22827       1.9056
   22828       1.9501
   22829       1.9686
   22830       1.9515
   22831       1.9451
   22832       1.9066
   22833       1.9396
   22834       1.9651
   22835       2.0360
   22836       2.0874
   22837       2.0461
   22838       1.9906
   22839       2.0762
   22840       2.1255
   22841       2.1192
   22842       2.0842
   22843       2.0528
   22844       2.0855
   22845       2.0496
   22846       2.0168
   22847       2.0021
   22848       1.9737
   22849       1.9654
   22850       1.9247
   22851       1.9101
   22852       1.9445
   22853       1.9723
   22854       2.0185
   22855       1.9841
   22856       2.0545
   22857       1.9378
   22858       1.9949
   22859       1.9686
   22860       1.9727
   22861       1.9319
   22862       2.0240
   22863       2.0101
   22864       2.0453
   22865       2.0235
   22866       2.0253
   22867       2.0504
   22868       2.0145
   22869       2.0707
   22870       2.1112
   22871       2.0682
   22872       2.0979
   22873       2.1188
   22874       2.1936
   22875       2.1497
   22876       2.1180
   22877       2.1027
   22878       2.2150
   22879       2.0771
   22880       2.0428
   22881       2.0863
   22882       2.0177
   22883       2.0496
   22884       2.0678
   22885       2.1263
   22886       2.0799
   22887       2.2064
   22888       2.2313
   22889       2.1493
   22890       2.2997
   22891       2.2353
   22892       2.2971
   22893       2.2715
   22894       2.1896
   22895       2.1287
   22896       2.2334
   22897       2.2010
   22898       2.2500
   22899       2.2086
   22900       2.2569
   22901       2.1436
   22902       2.1101
   22903       2.1470
   22904       2.1497
   22905       2.2119
   22906       2.1874
   22907       2.1506
   22908       2.1282
   22909       2.1642
   22910       2.1474
   22911       2.1774
   22912       2.1832
   22913       2.1824
   22914       2.1323
   22915       2.2438
   22916       2.2854
   22917       2.2607
   22918       2.2789
   22919       2.2040
   22920       2.1617
   22921       2.1401
   22922       2.1689
   22923       2.0993
   22924       2.1590
   22925       2.1507
   22926       2.1986
   22927       2.2434
   22928       2.1509
   22929       2.1643
   22930       2.1446
   22931       2.1123
   22932       2.2268
   22933       2.1543
   22934       2.2284
   22935       2.1033
   22936       2.0416
   22937       2.1214
   22938       2.1223
   22939       2.1730
   22940       2.1398
   22941       2.1724
   22942       2.2311
   22943       2.1844
   22944       2.2019
   22945       2.1915
   22946       2.1729
   22947       2.2276
   22948       2.2813
   22949       2.3505
   22950       2.3170
   22951       2.3328
   22952       2.3256
   22953       2.2967
   22954       2.3361
   22955       2.2340
   22956       2.3385
   22957       2.3181
   22958       2.2944
   22959       2.1791
   22960       2.2001
   22961       2.0556
   22962       2.0749
   22963       2.0700
   22964       2.0481
   22965       2.0926
   22966       2.0699
   22967       2.0589
   22968       1.9899
   22969       1.9606
   22970       1.9264
   22971       1.9582
   22972       2.0052
   22973       1.9093
   22974       1.9942
   22975       1.9823
   22976       2.0180
   22977       1.9778
   22978       2.0119
   22979       1.9964
   22980       2.0376
   22981       2.1090
   22982       2.0151
   22983       2.0289
   22984       2.0922
   22985       2.0833
   22986       2.0443
   22987       1.9320
   22988       2.0052
   22989       2.0039
   22990       1.9594
   22991       1.9727
   22992       2.0024
   22993       1.9304
   22994       2.0445
   22995       2.1606
   22996       2.1335
   22997       2.1922
   22998       2.1889
   22999       2.1576
   23000       2.1069
   23001       2.0687
   23002       2.1522
   23003       2.1213
   23004       2.0841
   23005       2.0396
   23006       2.1361
   23007       2.1311
   23008       2.1512
   23009       2.0951
   23010       2.0730
   23011       2.1094
   23012       2.0641
   23013       2.0622
   23014       2.0757
   23015       2.1299
   23016       2.0794
   23017       2.2281
   23018       2.1299
   23019       2.0901
   23020       2.1642
   23021       2.0672
   23022       1.9116
   23023       1.9979
   23024       2.1179
   23025       2.1496
   23026       2.1863
   23027       2.1641
   23028       2.1495
   23029       1.9858
   23030       2.0401
   23031       1.9864
   23032       2.1026
   23033       2.0726
   23034       2.0857
   23035       2.0670
   23036       2.0885
   23037       2.0773
   23038       2.1576
   23039       2.1040
   23040       2.0912
   23041       2.1932
   23042       2.2301
   23043       2.2351
   23044       2.2539
   23045       2.2367
   23046       2.2627
   23047       2.2855
   23048       2.2367
   23049       2.2252
   23050       2.2731
   23051       2.1476
   23052       2.0888
   23053       2.1848
   23054       2.1377
   23055       2.1445
   23056       2.1799
   23057       2.0929
   23058       2.0435
   23059       2.0163
   23060       2.0485
   23061       2.1266
   23062       2.1581
   23063       2.1708
   23064       2.1400
   23065       2.1056
   23066       2.1092
   23067       2.0356
   23068       1.9926
   23069       2.0793
   23070       2.1416
   23071       2.0767
   23072       2.2086
   23073       2.1893
   23074       2.2727
   23075       2.1387
   23076       2.0767
   23077       2.1077
   23078       2.0889
   23079       2.1726
   23080       2.1978
   23081       2.1604
   23082       2.1750
   23083       2.1627
   23084       2.1723
   23085       2.2085
   23086       2.2389
   23087       2.1869
   23088       2.2305
   23089       2.3115
   23090       2.3042
   23091       2.1658
   23092       2.1573
   23093       2.1520
   23094       2.1853
   23095       2.2521
   23096       2.2368
   23097       2.2483
   23098       2.2361
   23099       2.2733
   23100       2.2136
   23101       2.2733
   23102       2.2622
   23103       2.2340
   23104       2.2740
   23105       2.2312
   23106       2.2353
   23107       2.1776
   23108       2.2195
   23109       2.2548
   23110       2.2389
   23111       2.2223
   23112       2.2805
   23113       2.2757
   23114       2.1837
   23115       2.2369
   23116       2.2695
   23117       2.2972
   23118       2.2844
   23119       2.2629
   23120       2.2856
   23121       2.1654
   23122       2.1972
   23123       2.1379
   23124       2.1948
   23125       2.1943
   23126       2.1908
   23127       2.2111
   23128       2.1477
   23129       2.1787
   23130       2.1225
   23131       2.0837
   23132       2.1882
   23133       2.1727
   23134       2.1638
   23135       2.1507
   23136       2.1185
   23137       2.0950
   23138       2.1403
   23139       2.1641
   23140       2.1614
   23141       2.1638
   23142       2.1598
   23143       2.0992
   23144       2.1705
   23145       2.1916
   23146       2.2191
   23147       2.2704
   23148       2.2057
   23149       2.1741
   23150       2.1965
   23151       2.1396
   23152       2.1756
   23153       2.0230
   23154       2.1147
   23155       2.1620
   23156       2.2363
   23157       2.2398
   23158       2.1832
   23159       2.1702
   23160       2.1577
   23161       2.0178
   23162       1.9647
   23163       1.9915
   23164       2.0114
   23165       1.9938
   23166       1.9614
   23167       1.9059
   23168       1.8126
   23169       1.8150
   23170       1.8433
   23171       1.8081
   23172       1.8782
   23173       1.8472
   23174       1.8639
   23175       1.8185
   23176       1.8767
   23177       1.9625
   23178       2.0147
   23179       1.9846
   23180       2.0516
   23181       2.0112
   23182       1.9943
   23183       2.0130
   23184       2.0020
   23185       1.9752
   23186       1.9849
   23187       2.0737
   23188       2.0916
   23189       2.0459
   23190       2.0872
   23191       2.0412
   23192       2.0944
   23193       2.1211
   23194       2.2052
   23195       2.1355
   23196       2.0330
   23197       2.0550
   23198       1.9918
   23199       2.0229
   23200       1.9393
   23201       2.0488
   23202       2.0794
   23203       2.0917
   23204       2.0254
   23205       2.0321
   23206       1.9947
   23207       1.8987
   23208       1.8954
   23209       1.9839
   23210       2.0009
   23211       2.0494
   23212       2.0863
   23213       2.1096
   23214       2.0992
   23215       2.1021
   23216       2.1882
   23217       2.0719
   23218       2.0363
   23219       2.0634
   23220       2.0751
   23221       2.0310
   23222       2.0176
   23223       1.9781
   23224       1.9155
   23225       1.9858
   23226       1.9013
   23227       1.9645
   23228       1.8820
   23229       1.9745
   23230       1.9487
   23231       1.8824
   23232       1.9323
   23233       1.8649
   23234       1.8110
   23235       1.8428
   23236       1.9567
   23237       1.9812
   23238       2.0054
   23239       1.9571
   23240       1.9516
   23241       1.9613
   23242       1.9593
   23243       2.0383
   23244       2.0015
   23245       1.9760
   23246       1.9833
   23247       1.9953
   23248       1.9948
   23249       2.0560
   23250       2.1256
   23251       2.0932
   23252       2.0485
   23253       2.1349
   23254       2.0633
   23255       2.0877
   23256       2.0651
   23257       2.0404
   23258       2.0757
   23259       2.0966
   23260       2.0456
   23261       1.9794
   23262       2.0722
   23263       2.1228
   23264       2.0358
   23265       2.1248
   23266       2.1276
   23267       2.0905
   23268       2.1615
   23269       2.1287
   23270       2.1347
   23271       2.0502
   23272       2.0845
   23273       2.0921
   23274       2.0337
   23275       1.9822
   23276       2.1200
   23277       2.1175
   23278       2.1128
   23279       2.1193
   23280       2.1453
   23281       2.1307
   23282       2.1251
   23283       2.1089
   23284       1.9910
   23285       1.9945
   23286       2.1418
   23287       2.0432
   23288       2.0002
   23289       2.0111
   23290       1.9750
   23291       2.0742
   23292       2.0626
   23293       2.0799
   23294       1.9946
   23295       2.0399
   23296       1.9585
   23297       2.0026
   23298       1.9969
   23299       1.9084
   23300       1.8531
   23301       1.9042
   23302       1.8503
   23303       1.8917
   23304       1.9580
   23305       1.8928
   23306       1.8824
   23307       1.8448
   23308       1.8116
   23309       1.8420
   23310       1.9164
   23311       1.9008
   23312       1.8811
   23313       1.8903
   23314       1.9442
   23315       1.9364
   23316       1.9730
   23317       2.0130
   23318       1.9925
   23319       2.0371
   23320       1.9763
   23321       1.9463
   23322       1.9602
   23323       1.9523
   23324       2.0344
   23325       2.0208
   23326       2.0335
   23327       2.0246
   23328       2.0496
   23329       2.0663
   23330       2.0501
   23331       2.0334
   23332       2.1118
   23333       2.1144
   23334       2.0996
   23335       2.1211
   23336       2.1690
   23337       2.1413
   23338       2.1674
   23339       2.1152
   23340       2.1035
   23341       2.1575
   23342       2.0746
   23343       2.1956
   23344       2.0683
   23345       2.1074
   23346       2.0381
   23347       2.0566
   23348       2.0294
   23349       1.9581
   23350       2.0350
   23351       2.0186
   23352       2.0096
   23353       2.0896
   23354       2.0449
   23355       2.0010
   23356       2.0576
   23357       2.0241
   23358       2.1199
   23359       2.0582
   23360       1.9813
   23361       1.9704
   23362       1.9834
   23363       2.0458
   23364       1.9183
   23365       1.9539
   23366       1.9756
   23367       1.9641
   23368       2.0135
   23369       2.0452
   23370       2.0246
   23371       2.0201
   23372       2.0006
   23373       2.0769
   23374       2.0319
   23375       2.0287
   23376       1.9962
   23377       1.9550
   23378       2.0160
   23379       2.0081
   23380       2.0441
   23381       2.0239
   23382       2.0164
   23383       2.0275
   23384       1.9609
   23385       1.9579
   23386       1.9643
   23387       1.9216
   23388       1.9954
   23389       2.0125
   23390       1.9635
   23391       2.0381
   23392       2.0304
   23393       2.0189
   23394       2.0362
   23395       2.0757
   23396       2.0620
   23397       2.1200
   23398       2.1415
   23399       2.1570
   23400       2.1190
   23401       2.1792
   23402       2.1402
   23403       2.1389
   23404       2.1400
   23405       2.2016
   23406       2.1081
   23407       2.0925
   23408       2.1651
   23409       2.1156
   23410       2.1809
   23411       2.2009
   23412       2.0982
   23413       2.2156
   23414       2.1631
   23415       2.2414
   23416       2.2293
   23417       2.1881
   23418       2.1449
   23419       2.1926
   23420       2.2639
   23421       2.3124
   23422       2.3773
   23423       2.3703
   23424       2.3602
   23425       2.3821
   23426       2.3926
   23427       2.4657
   23428       2.4593
   23429       2.4657
   23430       2.4697
   23431       2.4943
   23432       2.4991
   23433       2.4760
   23434       2.4531
   23435       2.3677
   23436       2.3778
   23437       2.3743
   23438       2.4054
   23439       2.4758
   23440       2.4675
   23441       2.4335
   23442       2.5524
   23443       2.5115
   23444       2.5029
   23445       2.5677
   23446       2.5179
   23447       2.4673
   23448       2.4218
   23449       2.3351
   23450       2.2496
   23451       2.2415
   23452       2.2530
   23453       2.2292
   23454       2.2799
   23455       2.2827
   23456       2.2294
   23457       2.2889
   23458       2.3460
   23459       2.3238
   23460       2.3138
   23461       2.2476
   23462       2.3463
   23463       2.3290
   23464       2.3476
   23465       2.3802
   23466       2.2920
   23467       2.1888
   23468       2.1717
   23469       2.2083
   23470       2.2282
   23471       2.1793
   23472       2.1848
   23473       2.1591
   23474       2.0858
   23475       2.1184
   23476       2.0793
   23477       2.0717
   23478       2.1286
   23479       2.1421
   23480       2.2100
   23481       2.1758
   23482       2.1769
   23483       2.1929
   23484       2.2987
   23485       2.2531
   23486       2.3602
   23487       2.3143
   23488       2.3778
   23489       2.4114
   23490       2.3294
   23491       2.2452
   23492       2.1739
   23493       2.2312
   23494       2.1170
   23495       2.0844
   23496       2.1132
   23497       2.2368
   23498       2.1972
   23499       2.2247
   23500       2.2222
   23501       2.1381
   23502       2.1269
   23503       2.1353
   23504       2.1783
   23505       2.1545
   23506       2.0949
   23507       2.0890
   23508       2.1453
   23509       2.2194
   23510       2.2520
   23511       2.2030
   23512       2.2020
   23513       2.2187
   23514       2.2026
   23515       2.1880
   23516       2.2212
   23517       2.1277
   23518       2.0893
   23519       2.1224
   23520       2.0768
   23521       2.0715
   23522       2.1219
   23523       2.1300
   23524       2.1503
   23525       2.2593
   23526       2.2742
   23527       2.3041
   23528       2.4014
   23529       2.3352
   23530       2.2987
   23531       2.3550
   23532       2.2925
   23533       2.3337
   23534       2.3317
   23535       2.3438
   23536       2.2379
   23537       2.1634
   23538       2.1357
   23539       2.1972
   23540       2.1273
   23541       2.1335
   23542       2.0935
   23543       2.0950
   23544       2.1149
   23545       2.1427
   23546       2.1561
   23547       2.1579
   23548       2.2169
   23549       2.1912
   23550       2.1912
   23551       2.3332
   23552       2.3719
   23553       2.3440
   23554       2.3174
   23555       2.3238
   23556       2.4511
   23557       2.3225
   23558       2.2946
   23559       2.3288
   23560       2.4150
   23561       2.3540
   23562       2.4101
   23563       2.2946
   23564       2.3503
   23565       2.3802
   23566       2.3694
   23567       2.2934
   23568       2.3279
   23569       2.3316
   23570       2.3563
   23571       2.2986
   23572       2.3062
   23573       2.3931
   23574       2.3512
   23575       2.3197
   23576       2.2825
   23577       2.2916
   23578       2.2876
   23579       2.2867
   23580       2.2995
   23581       2.3584
   23582       2.3758
   23583       2.4003
   23584       2.3470
   23585       2.4044
   23586       2.3924
   23587       2.4241
   23588       2.4848
   23589       2.4938
   23590       2.3773
   23591       2.3098
   23592       2.3171
   23593       2.3221
   23594       2.2327
   23595       2.2718
   23596       2.2230
   23597       2.2565
   23598       2.3181
   23599       2.2664
   23600       2.1822
   23601       2.1944
   23602       2.2401
   23603       2.2109
   23604       2.2462
   23605       2.1787
   23606       2.2193
   23607       2.2878
   23608       2.2926
   23609       2.2170
   23610       2.2503
   23611       2.2680
   23612       2.2776
   23613       2.2818
   23614       2.3491
   23615       2.2975
   23616       2.3077
   23617       2.3257
   23618       2.3189
   23619       2.3762
   23620       2.2756
   23621       2.1867
   23622       2.1354
   23623       2.1223
   23624       2.0866
   23625       2.0363
   23626       1.9779
   23627       2.0396
   23628       2.0382
   23629       2.0271
   23630       2.0065
   23631       2.0598
   23632       2.0990
   23633       2.0507
   23634       2.1208
   23635       2.2319
   23636       2.2751
   23637       2.2553
   23638       2.1998
   23639       2.2232
   23640       2.1988
   23641       2.1445
   23642       2.1543
   23643       2.1263
   23644       2.0787
   23645       2.1722
   23646       2.2688
   23647       2.1561
   23648       2.1570
   23649       2.2149
   23650       2.2028
   23651       2.2426
   23652       2.3342
   23653       2.3390
   23654       2.2684
   23655       2.3774
   23656       2.4386
   23657       2.4557
   23658       2.3817
   23659       2.3542
   23660       2.3871
   23661       2.3489
   23662       2.2980
   23663       2.3898
   23664       2.2524
   23665       2.2444
   23666       2.2560
   23667       2.2632
   23668       2.2864
   23669       2.1029
   23670       2.1026
   23671       2.0666
   23672       2.1148
   23673       2.0754
   23674       2.0375
   23675       2.0897
   23676       2.1155
   23677       2.1048
   23678       2.0768
   23679       2.0505
   23680       2.0892
   23681       2.1248
   23682       2.1606
   23683       2.1579
   23684       2.0382
   23685       1.9864
   23686       1.9760
   23687       2.1150
   23688       2.1042
   23689       2.1076
   23690       2.0681
   23691       2.0693
   23692       2.1466
   23693       2.1560
   23694       2.1505
   23695       2.0772
   23696       2.1095
   23697       2.1512
   23698       2.0902
   23699       2.0714
   23700       2.1346
   23701       2.1281
   23702       2.1382
   23703       2.0954
   23704       2.1069
   23705       2.1404
   23706       2.1475
   23707       2.1701
   23708       2.1575
   23709       2.1987
   23710       2.2399
   23711       2.1499
   23712       2.1442
   23713       2.0818
   23714       2.0223
   23715       2.0661
   23716       2.0945
   23717       2.1936
   23718       2.2103
   23719       2.1759
   23720       2.1507
   23721       2.0604
   23722       2.0725
   23723       2.0280
   23724       1.9950
   23725       1.9447
   23726       1.9738
   23727       1.9562
   23728       2.0267
   23729       2.0251
   23730       1.9868
   23731       2.0532
   23732       2.0655
   23733       2.0927
   23734       2.0678
   23735       2.0595
   23736       1.9797
   23737       2.1055
   23738       2.0597
   23739       2.1017
   23740       2.1428
   23741       2.1493
   23742       2.0602
   23743       2.0923
   23744       2.1309
   23745       2.1165
   23746       2.1490
   23747       2.0650
   23748       2.1318
   23749       2.1187
   23750       2.1000
   23751       2.1041
   23752       2.1648
   23753       2.1332
   23754       2.0923
   23755       2.0974
   23756       2.0824
   23757       2.0135
   23758       2.0073
   23759       2.0618
   23760       2.1031
   23761       2.0636
   23762       1.9899
   23763       2.0081
   23764       2.0059
   23765       1.9455
   23766       1.9737
   23767       1.8833
   23768       1.9351
   23769       1.9117
   23770       1.9098
   23771       1.9305
   23772       1.9689
   23773       1.8809
   23774       1.9168
   23775       1.8741
   23776       1.8544
   23777       1.9048
   23778       1.8824
   23779       1.9299
   23780       1.8773
   23781       1.9513
   23782       1.9299
   23783       1.9225
   23784       1.8894
   23785       1.9605
   23786       1.9531
   23787       2.0228
   23788       1.9511
   23789       1.9121
   23790       1.9892
   23791       2.0175
   23792       2.0278
   23793       1.9645
   23794       2.0257
   23795       2.0013
   23796       1.9179
   23797       2.0305
   23798       2.0320
   23799       1.9969
   23800       1.9777
   23801       1.9880
   23802       1.9717
   23803       1.9465
   23804       1.9992
   23805       1.9912
   23806       1.9278
   23807       1.8809
   23808       1.9166
   23809       1.9012
   23810       1.9394
   23811       1.9926
   23812       1.9943
   23813       1.9913
   23814       1.9618
   23815       1.9979
   23816       2.0729
   23817       2.1482
   23818       2.0837
   23819       2.0843
   23820       2.0300
   23821       2.0225
   23822       2.0225
   23823       1.9917
   23824       1.9967
   23825       2.0052
   23826       1.9837
   23827       1.9934
   23828       1.9389
   23829       1.9643
   23830       1.9743
   23831       1.9926
   23832       2.0869
   23833       2.0590
   23834       2.0934
   23835       1.9933
   23836       1.9862
   23837       1.9430
   23838       2.0055
   23839       2.0516
   23840       2.0823
   23841       2.0244
   23842       2.0360
   23843       1.9435
   23844       2.0097
   23845       2.0134
   23846       2.0038
   23847       2.0026
   23848       2.0598
   23849       2.0828
   23850       2.1316
   23851       2.1106
   23852       2.1144
   23853       2.1148
   23854       2.0981
   23855       2.0971
   23856       2.0994
   23857       2.0259
   23858       2.0278
   23859       2.0588
   23860       2.0270
   23861       2.0572
   23862       2.0709
   23863       2.1635
   23864       2.1914
   23865       2.1128
   23866       2.0865
   23867       2.1867
   23868       2.1320
   23869       2.0889
   23870       2.0551
   23871       2.0921
   23872       2.1193
   23873       2.0635
   23874       2.1093
   23875       2.0365
   23876       2.0833
   23877       2.1162
   23878       2.0375
   23879       2.0867
   23880       2.1046
   23881       2.0624
   23882       2.1178
   23883       2.0814
   23884       2.0777
   23885       2.0727
   23886       2.0547
   23887       2.0347
   23888       1.9906
   23889       2.1338
   23890       2.1391
   23891       2.1629
   23892       2.2001
   23893       2.2137
   23894       2.1282
   23895       2.1686
   23896       2.0962
   23897       2.0529
   23898       2.1819
   23899       2.1556
   23900       2.1991
   23901       2.2299
   23902       2.2026
   23903       2.1462
   23904       2.2412
   23905       2.2903
   23906       2.2683
   23907       2.2263
   23908       2.1635
   23909       2.1508
   23910       2.1327
   23911       2.1851
   23912       2.1806
   23913       2.1537
   23914       2.0637
   23915       2.0141
   23916       2.1480
   23917       2.2006
   23918       2.1753
   23919       2.1935
   23920       2.0726
   23921       2.2168
   23922       2.2066
   23923       2.2534
   23924       2.1660
   23925       2.2359
   23926       2.2143
   23927       2.1300
   23928       2.1199
   23929       2.0426
   23930       2.0060
   23931       2.0298
   23932       2.0821
   23933       2.0290
   23934       1.9605
   23935       1.9884
   23936       2.0174
   23937       2.0638
   23938       2.0502
   23939       2.0764
   23940       2.0601
   23941       2.0388
   23942       2.0620
   23943       2.0927
   23944       2.1015
   23945       2.1641
   23946       2.1618
   23947       2.1645
   23948       2.1021
   23949       2.1228
   23950       2.1349
   23951       2.0971
   23952       2.1973
   23953       2.2440
   23954       2.1938
   23955       2.2794
   23956       2.1844
   23957       2.2537
   23958       2.1945
   23959       2.1598
   23960       2.1625
   23961       2.1298
   23962       2.1329
   23963       2.1376
   23964       2.1595
   23965       2.1636
   23966       2.2047
   23967       2.2017
   23968       2.1307
   23969       2.0942
   23970       2.0316
   23971       2.1078
   23972       2.1537
   23973       2.1879
   23974       2.1756
   23975       2.2052
   23976       2.1875
   23977       2.1563
   23978       2.1081
   23979       2.0711
   23980       2.1446
   23981       2.0547
   23982       2.1165
   23983       2.0991
   23984       2.1655
   23985       2.0892
   23986       2.0776
   23987       2.1352
   23988       2.2844
   23989       2.2620
   23990       2.2585
   23991       2.2164
   23992       2.2366
   23993       2.1465
   23994       2.1780
   23995       2.2686
   23996       2.2920
   23997       2.2481
   23998       2.2817
   23999       2.2221
   24000       2.2140
   24001       2.2066
   24002       2.2451
   24003       2.3267
   24004       2.2935
   24005       2.2762
   24006       2.1841
   24007       2.1978
   24008       2.1673
   24009       2.1198
   24010       2.1493
   24011       2.0790
   24012       2.1231
   24013       2.1906
   24014       2.1246
   24015       2.1978
   24016       2.2482
   24017       2.1907
   24018       2.1771
   24019       2.1974
   24020       2.2010
   24021       2.1955
   24022       2.1549
   24023       2.1746
   24024       2.1580
   24025       2.0830
   24026       2.0285
   24027       2.0134
   24028       2.0483
   24029       2.0794
   24030       2.1179
   24031       2.1694
   24032       2.1509
   24033       2.1432
   24034       2.0946
   24035       2.1787
   24036       2.0979
   24037       2.1025
   24038       2.0593
   24039       2.0933
   24040       2.0620
   24041       2.0968
   24042       2.0649
   24043       2.0923
   24044       2.0846
   24045       2.1062
   24046       2.1106
   24047       2.0662
   24048       2.0518
   24049       1.9739
   24050       2.1045
   24051       2.0947
   24052       1.9968
   24053       2.0337
   24054       2.0055
   24055       1.8997
   24056       1.9252
   24057       2.0503
   24058       2.1233
   24059       2.0665
   24060       2.1205
   24061       2.1249
   24062       2.2476
   24063       2.2302
   24064       2.1398
   24065       2.1575
   24066       2.1486
   24067       2.1848
   24068       2.2152
   24069       2.2115
   24070       2.2809
   24071       2.2853
   24072       2.2103
   24073       2.1852
   24074       2.1565
   24075       2.0939
   24076       2.1822
   24077       2.1194
   24078       2.0716
   24079       2.0740
   24080       2.0581
   24081       2.0201
   24082       1.9112
   24083       2.0240
   24084       1.9796
   24085       2.0378
   24086       2.0993
   24087       2.1326
   24088       2.1245
   24089       1.9972
   24090       2.0679
   24091       2.0345
   24092       1.9931
   24093       2.0164
   24094       2.0259
   24095       2.0238
   24096       2.0205
   24097       1.9729
   24098       2.0064
   24099       2.0579
   24100       1.9961
   24101       1.8952
   24102       1.9850
   24103       2.0522
   24104       1.9942
   24105       1.9951
   24106       1.9355
   24107       1.9696
   24108       2.0160
   24109       2.0084
   24110       2.0927
   24111       2.0520
   24112       2.0162
   24113       2.0769
   24114       2.0903
   24115       2.0508
   24116       2.0218
   24117       2.0484
   24118       2.1170
   24119       2.1029
   24120       2.1047
   24121       2.0331
   24122       2.0960
   24123       2.0728
   24124       2.0150
   24125       1.9783
   24126       2.0035
   24127       2.0466
   24128       1.9910
   24129       2.0196
   24130       1.9942
   24131       1.9826
   24132       1.9783
   24133       1.9905
   24134       2.0378
   24135       2.0117
   24136       1.9813
   24137       2.0533
   24138       2.0337
   24139       2.0339
   24140       1.9840
   24141       2.0957
   24142       2.0347
   24143       2.1033
   24144       2.1240
   24145       2.0299
   24146       2.1008
   24147       2.0771
   24148       2.0457
   24149       2.0457
   24150       2.0497
   24151       2.0729
   24152       2.1825
   24153       2.2454
   24154       2.1843
   24155       2.2502
   24156       2.2285
   24157       2.2057
   24158       2.2434
   24159       2.2149
   24160       2.2719
   24161       2.2391
   24162       2.1714
   24163       2.1634
   24164       2.0827
   24165       2.1070
   24166       2.0471
   24167       2.2048
   24168       2.1622
   24169       2.1712
   24170       2.1421
   24171       2.1257
   24172       2.1382
   24173       2.1860
   24174       2.1853
   24175       2.1651
   24176       2.1596
   24177       2.1841
   24178       2.1991
   24179       2.1276
   24180       2.0430
   24181       2.0341
   24182       2.0443
   24183       2.0346
   24184       2.0462
   24185       2.0638
   24186       1.9184
   24187       1.9330
   24188       1.9953
   24189       1.9517
   24190       1.9858
   24191       1.9040
   24192       1.9391
   24193       1.9365
   24194       1.9262
   24195       2.0301
   24196       1.9984
   24197       2.0808
   24198       2.0589
   24199       2.0949
   24200       2.0314
   24201       2.0163
   24202       2.0499
   24203       2.1102
   24204       2.1103
   24205       2.1054
   24206       2.1474
   24207       2.1623
   24208       2.1144
   24209       2.2091
   24210       2.2464
   24211       2.2153
   24212       2.2783
   24213       2.1762
   24214       2.1717
   24215       2.1836
   24216       2.1962
   24217       2.2432
   24218       2.1398
   24219       2.1473
   24220       2.1381
   24221       2.0873
   24222       2.0757
   24223       2.0358
   24224       1.9211
   24225       1.9709
   24226       2.1500
   24227       2.0987
   24228       2.0639
   24229       2.1726
   24230       2.1552
   24231       2.1508
   24232       2.2141
   24233       2.1195
   24234       2.0153
   24235       2.0157
   24236       2.0275
   24237       2.0992
   24238       2.0580
   24239       2.1224
   24240       2.0717
   24241       2.0946
   24242       2.0744
   24243       2.1695
   24244       2.0565
   24245       1.9954
   24246       2.0206
   24247       1.9767
   24248       2.0773
   24249       2.0211
   24250       1.8992
   24251       1.9550
   24252       1.9940
   24253       2.0333
   24254       2.0621
   24255       2.1334
   24256       2.0906
   24257       2.1003
   24258       2.0948
   24259       2.1399
   24260       2.1145
   24261       2.0871
   24262       2.0911
   24263       2.1381
   24264       2.1520
   24265       2.1609
   24266       2.1223
   24267       2.1306
   24268       2.1592
   24269       2.1181
   24270       2.0621
   24271       2.0091
   24272       2.0515
   24273       2.1222
   24274       2.0293
   24275       1.9452
   24276       2.0503
   24277       1.9990
   24278       2.0493
   24279       2.0829
   24280       2.1795
   24281       2.0850
   24282       2.0361
   24283       2.0841
   24284       2.0648
   24285       2.0407
   24286       2.0717
   24287       2.1025
   24288       2.0817
   24289       2.0558
   24290       2.0531
   24291       2.0180
   24292       2.0156
   24293       1.9655
   24294       1.9282
   24295       1.9879
   24296       2.0402
   24297       1.9763
   24298       2.0330
   24299       2.0545
   24300       2.0928
   24301       2.0654
   24302       2.0947
   24303       2.0072
   24304       1.9416
   24305       1.9568
   24306       2.0508
   24307       2.1056
   24308       2.1037
   24309       1.9752
   24310       1.9754
   24311       1.9190
   24312       1.9884
   24313       1.9380
   24314       1.9270
   24315       1.9925
   24316       1.9899
   24317       2.0469
   24318       2.1353
   24319       2.1980
   24320       2.1614
   24321       2.1442
   24322       2.0890
   24323       2.1484
   24324       2.1057
   24325       2.1542
   24326       2.0891
   24327       2.1055
   24328       2.1210
   24329       2.1283
   24330       2.0522
   24331       2.0446
   24332       2.0398
   24333       2.0667
   24334       2.0426
   24335       2.0416
   24336       2.0315
   24337       1.9947
   24338       2.0264
   24339       2.1199
   24340       2.0627
   24341       2.0536
   24342       2.1498
   24343       2.1037
   24344       2.0605
   24345       2.0251
   24346       2.1205
   24347       2.1288
   24348       2.0952
   24349       2.1530
   24350       2.0605
   24351       2.0021
   24352       2.0577
   24353       1.9493
   24354       1.9498
   24355       1.9916
   24356       1.9780
   24357       1.9481
   24358       1.9942
   24359       2.0319
   24360       2.0396
   24361       2.0784
   24362       2.0037
   24363       2.0353
   24364       2.0983
   24365       2.0671
   24366       2.0987
   24367       2.0025
   24368       1.9794
   24369       2.0584
   24370       2.0934
   24371       2.0861
   24372       2.0341
   24373       1.9957
   24374       2.0125
   24375       2.0785
   24376       2.0323
   24377       2.0050
   24378       2.0291
   24379       1.9868
   24380       2.0383
   24381       1.9866
   24382       2.0481
   24383       2.0529
   24384       2.0004
   24385       2.0799
   24386       1.9785
   24387       2.0230
   24388       2.1147
   24389       2.1908
   24390       2.2268
   24391       2.0988
   24392       2.0498
   24393       2.0577
   24394       2.0753
   24395       2.0763
   24396       2.0574
   24397       2.0154
   24398       2.0169
   24399       1.9271
   24400       2.0172
   24401       2.0041
   24402       1.9445
   24403       1.9680
   24404       1.9231
   24405       1.8243
   24406       1.8621
   24407       1.8530
   24408       1.9015
   24409       1.8734
   24410       1.9194
   24411       1.9626
   24412       1.9692
   24413       1.9965
   24414       2.0275
   24415       2.0651
   24416       2.1216
   24417       2.1450
   24418       2.1904
   24419       2.0542
   24420       2.0771
   24421       2.0948
   24422       2.2221
   24423       2.2379
   24424       2.1836
   24425       2.1654
   24426       2.1031
   24427       2.1951
   24428       2.0714
   24429       2.1361
   24430       2.1278
   24431       2.1804
   24432       2.1004
   24433       2.1546
   24434       2.0885
   24435       2.0708
   24436       1.9937
   24437       1.9813
   24438       1.9849
   24439       2.0385
   24440       2.0652
   24441       2.1351
   24442       2.1886
   24443       2.1843
   24444       2.2969
   24445       2.2449
   24446       2.1516
   24447       2.0684
   24448       2.0798
   24449       2.1235
   24450       2.1341
   24451       2.0501
   24452       2.1206
   24453       2.1392
   24454       2.0819
   24455       2.1198
   24456       1.9568
   24457       1.9382
   24458       1.9293
   24459       2.0021
   24460       2.0571
   24461       2.0327
   24462       2.0779
   24463       2.0935
   24464       2.0844
   24465       2.0204
   24466       2.1035
   24467       2.0861
   24468       2.1519
   24469       2.1425
   24470       2.1514
   24471       2.2255
   24472       2.2426
   24473       2.3098
   24474       2.2602
   24475       2.3135
   24476       2.2358
   24477       2.3434
   24478       2.3432
   24479       2.3542
   24480       2.2960
   24481       2.2241
   24482       2.2563
   24483       2.2371
   24484       2.1535
   24485       2.0847
   24486       2.1042
   24487       2.1068
   24488       2.1001
   24489       2.1358
   24490       2.1520
   24491       2.1336
   24492       2.2090
   24493       2.3018
   24494       2.2580
   24495       2.2013
   24496       2.2214
   24497       2.2186
   24498       2.2097
   24499       2.2647
   24500       2.1411
   24501       2.1821
   24502       2.2043
   24503       2.2076
   24504       2.2892
   24505       2.1998
   24506       2.2617
   24507       2.3004
   24508       2.3083
   24509       2.3354
   24510       2.4779
   24511       2.2991
   24512       2.3137
   24513       2.2811
   24514       2.2381
   24515       2.2122
   24516       2.2350
   24517       2.1956
   24518       2.0954
   24519       2.0359
   24520       2.0482
   24521       2.0138
   24522       1.9987
   24523       1.9518
   24524       1.9285
   24525       2.0098
   24526       1.9433
   24527       1.8735
   24528       1.8190
   24529       1.7520
   24530       1.7739
   24531       1.7792
   24532       1.7824
   24533       1.7778
   24534       1.7248
   24535       1.7116
   24536       1.7574
   24537       1.8053
   24538       1.8078
   24539       1.8505
   24540       1.7821
   24541       1.8637
   24542       1.9002
   24543       1.8709
   24544       1.8448
   24545       1.9567
   24546       1.9555
   24547       1.9252
   24548       1.9620
   24549       1.8305
   24550       1.9662
   24551       1.9646
   24552       1.8336
   24553       1.8938
   24554       1.9365
   24555       1.8540
   24556       1.8230
   24557       1.8158
   24558       1.8458
   24559       1.8841
   24560       1.9067
   24561       1.9368
   24562       1.8793
   24563       1.8823
   24564       1.9319
   24565       1.9239
   24566       1.8705
   24567       1.9053
   24568       1.9458
   24569       1.8439
   24570       1.8258
   24571       1.8176
   24572       1.8564
   24573       1.9339
   24574       1.9706
   24575       1.8857
   24576       1.8392
   24577       1.8062
   24578       1.8968
   24579       1.8597
   24580       1.8886
   24581       1.9863
   24582       1.9929
   24583       2.0613
   24584       2.0153
   24585       1.8732
   24586       1.8995
   24587       1.9742
   24588       1.9468
   24589       1.9076
   24590       1.9995
   24591       1.9961
   24592       1.9023
   24593       1.9259
   24594       1.9442
   24595       1.9226
   24596       1.9707
   24597       2.0289
   24598       2.0735
   24599       2.0430
   24600       1.9749
   24601       1.9866
   24602       1.9443
   24603       1.8578
   24604       1.9111
   24605       1.8934
   24606       1.9138
   24607       1.9160
   24608       1.9464
   24609       1.8978
   24610       1.9247
   24611       1.9609
   24612       1.9237
   24613       1.9389
   24614       1.9060
   24615       1.9182
   24616       1.9781
   24617       2.0096
   24618       1.9259
   24619       1.9598
   24620       1.9430
   24621       1.8676
   24622       1.8406
   24623       1.8455
   24624       1.9088
   24625       1.7827
   24626       1.7348
   24627       1.6953
   24628       1.7226
   24629       1.7284
   24630       1.7335
   24631       1.7147
   24632       1.7286
   24633       1.7581
   24634       1.8572
   24635       1.8896
   24636       1.8874
   24637       1.9662
   24638       2.0397
   24639       1.9900
   24640       1.9657
   24641       1.9724
   24642       1.9299
   24643       1.9743
   24644       1.9369
   24645       2.0537
   24646       1.9516
   24647       1.9615
   24648       2.0288
   24649       1.9887
   24650       2.0783
   24651       2.0530
   24652       2.0642
   24653       2.0727
   24654       2.0612
   24655       2.1081
   24656       2.0628
   24657       2.0697
   24658       1.9774
   24659       1.9923
   24660       1.9937
   24661       2.0417
   24662       2.0661
   24663       2.1467
   24664       2.1220
   24665       2.0772
   24666       1.9925
   24667       2.0299
   24668       2.0696
   24669       1.9546
   24670       1.9835
   24671       2.0429
   24672       1.9865
   24673       2.0113
   24674       1.9989
   24675       2.0230
   24676       2.0412
   24677       2.0808
   24678       2.0026
   24679       1.9324
   24680       2.0253
   24681       2.0243
   24682       2.0332
   24683       2.0401
   24684       1.9612
   24685       1.9990
   24686       1.9839
   24687       1.9843
   24688       1.9751
   24689       2.0365
   24690       2.0201
   24691       1.9979
   24692       2.0749
   24693       2.0664
   24694       2.0939
   24695       2.1796
   24696       2.0628
   24697       2.0317
   24698       2.0469
   24699       1.9811
   24700       2.0218
   24701       2.0377
   24702       2.0211
   24703       2.0373
   24704       2.0888
   24705       1.9878
   24706       1.8794
   24707       1.8971
   24708       1.9783
   24709       1.9509
   24710       1.9516
   24711       1.9523
   24712       1.9554
   24713       2.0374
   24714       2.1183
   24715       2.0908
   24716       2.1371
   24717       2.1389
   24718       2.1603
   24719       2.1458
   24720       2.0672
   24721       2.0208
   24722       2.0775
   24723       2.0826
   24724       2.0775
   24725       1.9423
   24726       2.0327
   24727       1.9982
   24728       1.9854
   24729       1.9841
   24730       1.9839
   24731       1.9516
   24732       1.9616
   24733       1.9217
   24734       1.9992
   24735       2.0883
   24736       2.0556
   24737       2.0599
   24738       2.0742
   24739       2.0438
   24740       1.9890
   24741       1.9990
   24742       2.0487
   24743       2.0801
   24744       2.1818
   24745       2.0809
   24746       2.0079
   24747       2.1155
   24748       2.0443
   24749       2.0373
   24750       2.0213
   24751       1.9262
   24752       2.0373
   24753       2.0407
   24754       1.9579
   24755       2.0444
   24756       2.0340
   24757       1.9788
   24758       2.1182
   24759       2.0454
   24760       2.0382
   24761       2.0282
   24762       2.0492
   24763       2.0469
   24764       2.0035
   24765       1.9940
   24766       2.0210
   24767       1.9677
   24768       1.9877
   24769       1.9678
   24770       1.9090
   24771       1.8770
   24772       1.8445
   24773       1.8436
   24774       1.8962
   24775       1.9103
   24776       2.0319
   24777       2.0121
   24778       2.0311
   24779       1.9914
   24780       1.9495
   24781       1.9333
   24782       1.8841
   24783       1.8805
   24784       1.9114
   24785       1.8938
   24786       1.9072
   24787       1.9838
   24788       1.9100
   24789       1.9444
   24790       1.9256
   24791       2.0033
   24792       2.0248
   24793       2.0031
   24794       1.9529
   24795       1.9257
   24796       1.8977
   24797       1.9321
   24798       1.9177
   24799       1.8498
   24800       1.9281
   24801       1.9643
   24802       1.9437
   24803       1.9514
   24804       1.8943
   24805       1.9026
   24806       1.8867
   24807       1.8581
   24808       1.8710
   24809       1.8077
   24810       1.9188
   24811       1.9731
   24812       1.8528
   24813       1.8767
   24814       1.8234
   24815       1.8297
   24816       1.8445
   24817       1.7832
   24818       1.7402
   24819       1.7761
   24820       1.7385
   24821       1.7339
   24822       1.8119
   24823       1.8437
   24824       1.8266
   24825       1.8018
   24826       1.7564
   24827       1.7437
   24828       1.7918
   24829       1.8039
   24830       1.8161
   24831       1.8250
   24832       1.8571
   24833       1.8625
   24834       1.8907
   24835       1.8821
   24836       1.8543
   24837       1.9039
   24838       1.8476
   24839       1.8568
   24840       1.8576
   24841       1.8398
   24842       1.8224
   24843       1.8285
   24844       1.8712
   24845       1.8729
   24846       1.9022
   24847       1.8472
   24848       1.8189
   24849       1.8554
   24850       1.8176
   24851       1.8216
   24852       1.8138
   24853       1.8536
   24854       1.8803
   24855       1.8845
   24856       1.9689
   24857       1.9070
   24858       1.8196
   24859       1.8512
   24860       1.8689
   24861       1.8980
   24862       1.8664
   24863       1.8915
   24864       1.8996
   24865       1.8759
   24866       1.8355
   24867       1.8612
   24868       1.9025
   24869       1.8968
   24870       1.8944
   24871       1.9321
   24872       1.8678
   24873       1.8971
   24874       1.9064
   24875       1.8491
   24876       1.8718
   24877       1.8889
   24878       1.9670
   24879       2.0023
   24880       1.9228
   24881       1.9293
   24882       1.9170
   24883       1.8937
   24884       1.9666
   24885       1.9891
   24886       1.9625
   24887       1.9641
   24888       1.9830
   24889       2.0501
   24890       1.9982
   24891       1.9236
   24892       2.0711
   24893       2.1349
   24894       2.1064
   24895       1.9896
   24896       2.0256
   24897       2.0094
   24898       1.9932
   24899       1.9684
   24900       1.9881
   24901       1.9697
   24902       2.0019
   24903       1.9512
   24904       1.9295
   24905       1.9914
   24906       2.0137
   24907       2.0146
   24908       2.0168
   24909       1.9998
   24910       1.9766
   24911       1.9959
   24912       1.9616
   24913       1.8799
   24914       1.8959
   24915       1.8977
   24916       1.8851
   24917       1.8501
   24918       1.7458
   24919       1.8528
   24920       1.8289
   24921       1.8457
   24922       1.8102
   24923       1.7945
   24924       1.7824
   24925       1.7635
   24926       1.8082
   24927       1.8009
   24928       1.7424
   24929       1.8114
   24930       1.8150
   24931       1.9509
   24932       1.7058
   24933       1.7431
   24934       1.6926
   24935       1.7046
   24936       1.7809
   24937       1.8258
   24938       1.7996
   24939       1.7735
   24940       1.7638
   24941       1.8763
   24942       1.8062
   24943       1.8335
   24944       1.8093
   24945       1.8169
   24946       1.8262
   24947       1.8705
   24948       1.9692
   24949       1.8994
   24950       1.8262
   24951       1.8902
   24952       1.9436
   24953       1.9311
   24954       1.9217
   24955       1.9435
   24956       1.9353
   24957       1.9412
   24958       1.9004
   24959       1.8480
   24960       1.8154
   24961       1.7890
   24962       1.7844
   24963       1.6799
   24964       1.7258
   24965       1.7539
   24966       1.7460
   24967       1.7399
   24968       1.7432
   24969       1.7509
   24970       1.7845
   24971       1.7495
   24972       1.7349
   24973       1.7460
   24974       1.8275
   24975       1.8610
   24976       1.8652
   24977       1.8385
   24978       1.7363
   24979       1.7906
   24980       1.7772
   24981       1.7946
   24982       1.8660
   24983       1.9483
   24984       1.9171
   24985       2.0120
   24986       1.9881
   24987       1.9950
   24988       1.9129
   24989       1.8960
   24990       1.8810
   24991       1.8987
   24992       1.9578
   24993       1.9254
   24994       2.0364
   24995       1.9511
   24996       1.9646
   24997       1.9961
   24998       1.9215
   24999       1.9373
   25000       1.9322
