1110.972000   -3.617791
1110.973000   -3.608954
1110.974000   -3.602585
1110.975000   -3.596172
1110.976000   -3.585554
1110.977000   -3.566227
1110.978000   -3.536082
1110.979000   -3.498043
1110.980000   -3.459915
1110.981000   -3.431163
1110.982000   -3.419135
1110.983000   -3.426557
1110.984000   -3.450489
1110.985000   -3.482674
1110.986000   -3.512003
1110.987000   -3.529537
1110.988000   -3.533467
1110.989000   -3.529195
1110.990000   -3.524821
1110.991000   -3.526882
1110.992000   -3.538560
1110.993000   -3.559529
1110.994000   -3.586422
1110.995000   -3.613438
1110.996000   -3.633365
1110.997000   -3.639665
1110.998000   -3.629555
1110.999000   -3.605976
1111.000000   -3.576251
1111.001000   -3.548585
1111.001000   -3.548585
1111.002000   -3.529101
1111.003000   -3.520456
1111.004000   -3.521669
1111.005000   -3.528757
1111.006000   -3.536239
1111.007000   -3.539434
1111.008000   -3.536677
1111.009000   -3.529887
1111.010000   -3.523141
1111.011000   -3.520537
1111.012000   -3.524655
1111.013000   -3.535907
1111.014000   -3.552417
1111.015000   -3.570216
1111.016000   -3.584006
1111.017000   -3.588859
1111.018000   -3.582571
1111.019000   -3.567147
1111.020000   -3.547971
1111.021000   -3.531431
1111.022000   -3.522824
1111.023000   -3.525310
1111.024000   -3.539637
1111.025000   -3.564076
1111.026000   -3.594313
1111.027000   -3.623564
1111.028000   -3.643658
1111.029000   -3.647669
1111.030000   -3.633201
1111.031000   -3.603577
1111.032000   -3.565774
1111.033000   -3.527398
1111.034000   -3.494737
1111.035000   -3.471960
1111.036000   -3.460754
1111.037000   -3.460000
1111.038000   -3.465526
1111.039000   -3.470449
1111.040000   -3.467027
1111.041000   -3.450491
1111.042000   -3.422653
1111.043000   -3.391356
1111.044000   -3.366179
1111.045000   -3.354365
1111.046000   -3.358843
1111.047000   -3.377874
1111.048000   -3.405749
1111.049000   -3.434612
1111.050000   -3.457589
1111.051000   -3.471991
1111.052000   -3.480139
1111.053000   -3.487044
1111.054000   -3.497306
1111.055000   -3.513323
1111.056000   -3.534944
1111.057000   -3.559765
1111.058000   -3.583446
1111.059000   -3.600129
1111.060000   -3.603595
1111.061000   -3.589624
1111.062000   -3.558562
1111.063000   -3.515765
1111.064000   -3.469370
1111.065000   -3.427538
1111.066000   -3.396787
1111.067000   -3.381230
1111.068000   -3.381990
1111.069000   -3.396496
1111.070000   -3.418060
1111.071000   -3.437007
1111.072000   -3.444691
1111.073000   -3.438782
1111.074000   -3.424390
1111.075000   -3.409763
1111.076000   -3.401742
1111.077000   -3.403951
1111.078000   -3.416747
1111.079000   -3.437543
1111.080000   -3.461099
1111.081000   -3.480306
1111.082000   -3.488346
1111.083000   -3.482048
1111.084000   -3.464103
1111.085000   -3.441768
1111.086000   -3.423382
1111.087000   -3.415410
1111.088000   -3.420828
1111.089000   -3.438311
1111.090000   -3.461963
1111.091000   -3.482263
1111.092000   -3.489470
1111.093000   -3.479039
1111.094000   -3.454508
1111.095000   -3.424777
1111.096000   -3.399376
1111.097000   -3.385521
1111.098000   -3.387041
1111.099000   -3.403937
1111.100000   -3.431720
1111.101000   -3.460773
1111.102000   -3.477589
1111.103000   -3.471097
1111.104000   -3.441923
1111.105000   -3.403004
1111.106000   -3.370233
1111.107000   -3.354930
1111.108000   -3.361966
1111.109000   -3.390527
1111.110000   -3.435365
1111.111000   -3.487943
1111.112000   -3.537862
1111.113000   -3.575393
1111.114000   -3.594932
1111.115000   -3.597093
1111.116000   -3.587245
1111.117000   -3.572101
1111.118000   -3.557243
1111.119000   -3.546293
1111.120000   -3.540914
1111.121000   -3.540878
1111.122000   -3.544030
1111.123000   -3.546499
1111.124000   -3.543850
1111.125000   -3.533440
1111.126000   -3.516535
1111.127000   -3.498189
1111.128000   -3.484861
1111.129000   -3.481715
1111.130000   -3.490900
1111.131000   -3.510864
1111.132000   -3.536385
1111.133000   -3.559481
1111.134000   -3.571815
1111.135000   -3.568458
1111.136000   -3.550627
1111.137000   -3.524702
1111.138000   -3.498756
1111.139000   -3.479805
1111.140000   -3.472694
1111.141000   -3.479849
1111.142000   -3.501133
1111.143000   -3.533490
1111.144000   -3.570595
1111.145000   -3.603231
1111.146000   -3.621577
1111.147000   -3.619793
1111.148000   -3.599628
1111.149000   -3.568752
1111.150000   -3.536026
1111.151000   -3.508369
1111.152000   -3.490132
1111.153000   -3.483780
1111.154000   -3.490559
1111.155000   -3.510541
1111.156000   -3.541877
1111.157000   -3.579503
1111.158000   -3.614348
1111.159000   -3.635179
1111.160000   -3.634665
1111.161000   -3.615493
1111.162000   -3.588493
1111.163000   -3.565417
1111.164000   -3.554379
1111.165000   -3.559053
1111.166000   -3.579326
1111.167000   -3.611936
1111.168000   -3.650686
1111.169000   -3.686789
1111.170000   -3.710622
1111.171000   -3.715643
1111.172000   -3.702304
1111.173000   -3.677639
1111.174000   -3.650986
1111.175000   -3.630237
1111.176000   -3.620228
1111.177000   -3.622338
1111.178000   -3.634246
1111.179000   -3.649724
1111.180000   -3.659400
1111.181000   -3.654070
1111.182000   -3.630421
1111.183000   -3.593888
1111.184000   -3.555075
1111.185000   -3.524261
1111.186000   -3.508278
1111.187000   -3.509419
1111.188000   -3.524817
1111.189000   -3.545797
1111.190000   -3.558654
1111.191000   -3.550371
1111.192000   -3.518877
1111.193000   -3.476218
1111.194000   -3.439643
1111.195000   -3.422467
1111.196000   -3.430846
1111.197000   -3.463603
1111.198000   -3.512756
1111.199000   -3.564903
1111.200000   -3.605376
1111.201000   -3.625708
1111.202000   -3.628477
1111.203000   -3.623381
1111.204000   -3.620089
1111.205000   -3.624707
1111.206000   -3.639387
1111.207000   -3.662789
1111.208000   -3.690199
1111.209000   -3.713594
1111.210000   -3.723200
1111.211000   -3.712293
1111.212000   -3.682662
1111.213000   -3.644006
1111.214000   -3.607935
1111.215000   -3.583372
1111.216000   -3.575219
1111.217000   -3.584481
1111.218000   -3.608346
1111.219000   -3.639915
1111.220000   -3.668520
1111.221000   -3.682631
1111.222000   -3.675970
1111.223000   -3.652035
1111.224000   -3.621443
1111.225000   -3.595690
1111.226000   -3.583174
1111.227000   -3.587931
1111.228000   -3.609343
1111.229000   -3.641946
1111.230000   -3.675836
1111.231000   -3.699386
1111.232000   -3.705166
1111.233000   -3.694820
1111.234000   -3.676943
1111.235000   -3.660931
1111.236000   -3.653262
1111.237000   -3.656888
1111.238000   -3.671721
1111.239000   -3.694889
1111.240000   -3.720426
1111.241000   -3.739067
1111.242000   -3.739802
1111.243000   -3.714961
1111.244000   -3.666513
1111.245000   -3.606172
1111.246000   -3.548975
1111.247000   -3.507648
1111.248000   -3.490252
1111.249000   -3.499600
1111.250000   -3.533007
1111.251000   -3.581861
1111.252000   -3.631912
1111.253000   -3.666669
1111.254000   -3.675507
1111.255000   -3.660749
1111.256000   -3.634361
1111.257000   -3.609123
1111.258000   -3.593659
1111.259000   -3.591838
1111.260000   -3.603912
1111.261000   -3.627769
1111.262000   -3.659796
1111.263000   -3.695351
1111.264000   -3.729024
1111.265000   -3.755105
1111.266000   -3.768748
1111.267000   -3.767548
1111.268000   -3.752407
1111.269000   -3.726898
1111.270000   -3.695731
1111.271000   -3.663480
1111.272000   -3.634002
1111.273000   -3.610299
1111.274000   -3.594439
1111.275000   -3.587300
1111.276000   -3.588121
1111.277000   -3.594061
1111.278000   -3.600192
1111.279000   -3.600601
1111.280000   -3.590989
1111.281000   -3.571545
1111.282000   -3.547365
1111.283000   -3.525729
1111.284000   -3.512808
1111.285000   -3.511876
1111.286000   -3.523095
1111.287000   -3.544124
1111.288000   -3.570960
1111.289000   -3.598755
1111.290000   -3.622616
1111.291000   -3.638533
1111.292000   -3.644292
1111.293000   -3.640006
1111.294000   -3.627913
1111.295000   -3.611543
1111.296000   -3.594711
1111.297000   -3.580660
1111.298000   -3.571418
1111.299000   -3.567318
1111.300000   -3.566807
1111.301000   -3.566852
1111.302000   -3.564233
1111.303000   -3.557407
1111.304000   -3.547704
1111.305000   -3.538841
1111.306000   -3.535155
1111.307000   -3.539831
1111.308000   -3.553757
1111.309000   -3.575030
1111.310000   -3.599047
1111.311000   -3.619437
1111.312000   -3.630171
1111.313000   -3.628364
1111.314000   -3.615867
1111.315000   -3.598143
1111.316000   -3.581483
1111.317000   -3.570629
1111.318000   -3.567632
1111.319000   -3.571642
1111.320000   -3.579342
1111.321000   -3.586000
1111.322000   -3.587214
1111.323000   -3.580851
1111.324000   -3.568004
1111.325000   -3.552238
1111.326000   -3.537798
1111.327000   -3.527944
1111.328000   -3.523947
1111.329000   -3.524748
1111.330000   -3.527212
1111.331000   -3.527111
1111.332000   -3.520935
1111.333000   -3.507896
1111.334000   -3.490686
1111.335000   -3.474236
1111.336000   -3.463501
1111.337000   -3.461755
1111.338000   -3.469858
1111.339000   -3.486228
1111.340000   -3.507174
1111.341000   -3.527514
1111.342000   -3.541717
1111.343000   -3.545583
1111.344000   -3.537823
1111.345000   -3.520398
1111.346000   -3.497311
1111.347000   -3.472923
1111.348000   -3.450826
1111.349000   -3.433507
1111.350000   -3.422433
1111.351000   -3.418176
1111.352000   -3.420391
1111.353000   -3.427753
1111.354000   -3.438102
1111.355000   -3.448983
1111.356000   -3.458478
1111.357000   -3.465848
1111.358000   -3.471559
1111.359000   -3.476732
1111.360000   -3.482410
1111.361000   -3.489005
1111.362000   -3.496041
1111.363000   -3.502212
1111.364000   -3.505743
1111.365000   -3.505031
1111.366000   -3.499376
1111.367000   -3.489482
1111.368000   -3.477429
1111.369000   -3.465996
1111.370000   -3.457610
1111.371000   -3.453359
1111.372000   -3.452478
1111.373000   -3.452574
1111.374000   -3.450661
1111.375000   -3.444677
1111.376000   -3.434704
1111.377000   -3.423067
1111.378000   -3.413333
1111.379000   -3.408894
1111.380000   -3.411824
1111.381000   -3.422283
1111.382000   -3.438448
1111.383000   -3.456888
1111.384000   -3.473378
1111.385000   -3.484124
1111.386000   -3.487098
1111.387000   -3.482775
1111.388000   -3.473698
1111.389000   -3.463152
1111.390000   -3.453828
1111.391000   -3.447107
1111.392000   -3.443050
1111.393000   -3.440825
1111.394000   -3.439242
1111.395000   -3.437164
1111.396000   -3.433696
1111.397000   -3.428191
1111.398000   -3.420262
1111.399000   -3.409901
1111.400000   -3.397719
1111.401000   -3.385129
1111.402000   -3.374266
1111.403000   -3.367558
1111.404000   -3.367079
1111.405000   -3.373923
1111.406000   -3.387837
1111.407000   -3.407306
1111.408000   -3.430140
1111.409000   -3.454358
1111.410000   -3.478907
1111.411000   -3.503800
1111.412000   -3.529697
1111.413000   -3.557209
1111.414000   -3.586245
1111.415000   -3.615496
1111.416000   -3.642124
1111.417000   -3.661857
1111.418000   -3.669774
1111.419000   -3.662012
1111.420000   -3.637906
1111.421000   -3.601161
1111.422000   -3.559017
1111.423000   -3.520051
1111.424000   -3.491949
1111.425000   -3.479910
1111.426000   -3.485657
1111.427000   -3.506763
1111.428000   -3.536414
1111.429000   -3.564347
1111.430000   -3.580175
1111.431000   -3.578739
1111.432000   -3.563277
1111.433000   -3.542843
1111.434000   -3.527103
1111.435000   -3.522935
1111.436000   -3.533430
1111.437000   -3.558104
1111.438000   -3.593415
1111.439000   -3.633373
1111.440000   -3.670612
1111.441000   -3.698328
1111.442000   -3.712666
1111.443000   -3.714047
1111.444000   -3.706181
1111.445000   -3.693808
1111.446000   -3.680972
1111.447000   -3.670397
1111.448000   -3.663486
1111.449000   -3.660371
1111.450000   -3.659780
1111.451000   -3.658875
1111.452000   -3.653600
1111.453000   -3.640084
1111.454000   -3.616976
1111.455000   -3.587291
1111.456000   -3.557967
1111.457000   -3.537255
1111.458000   -3.531727
1111.459000   -3.544229
1111.460000   -3.573025
1111.461000   -3.612147
1111.462000   -3.653254
1111.463000   -3.689005
1111.464000   -3.716277
1111.465000   -3.736621
1111.466000   -3.753867
1111.467000   -3.771459
1111.468000   -3.791158
1111.469000   -3.812892
1111.470000   -3.835024
1111.471000   -3.854617
1111.472000   -3.867598
1111.473000   -3.869099
1111.474000   -3.854551
1111.475000   -3.821836
1111.476000   -3.773439
1111.477000   -3.716476
1111.478000   -3.660316
1111.479000   -3.613785
1111.480000   -3.583360
1111.481000   -3.572243
1111.482000   -3.579704
1111.483000   -3.600521
1111.484000   -3.624986
1111.485000   -3.640814
1111.486000   -3.638320
1111.487000   -3.616595
1111.488000   -3.584157
1111.489000   -3.553277
1111.490000   -3.534416
1111.491000   -3.533843
1111.492000   -3.553278
1111.493000   -3.590022
1111.494000   -3.637036
1111.495000   -3.683506
1111.496000   -3.717442
1111.497000   -3.731060
1111.498000   -3.725178
1111.499000   -3.707491
1111.500000   -3.687120
1111.501000   -3.670978
1111.501000   -3.670978
1111.502000   -3.662735
1111.503000   -3.662704
1111.504000   -3.667541
1111.505000   -3.669903
1111.506000   -3.659502
1111.507000   -3.627645
1111.508000   -3.574312
1111.509000   -3.510429
1111.510000   -3.452034
1111.511000   -3.413085
1111.512000   -3.401413
1111.513000   -3.416941
1111.514000   -3.450738
1111.515000   -3.485757
1111.516000   -3.503016
1111.517000   -3.494386
1111.518000   -3.469139
1111.519000   -3.444650
1111.520000   -3.434965
1111.521000   -3.446816
1111.522000   -3.479842
1111.523000   -3.527530
1111.524000   -3.578242
1111.525000   -3.617726
1111.526000   -3.634932
1111.527000   -3.628818
1111.528000   -3.608355
1111.529000   -3.585699
1111.530000   -3.570376
1111.531000   -3.567295
1111.532000   -3.576648
1111.533000   -3.594034
1111.534000   -3.610650
1111.535000   -3.614947
1111.536000   -3.597785
1111.537000   -3.559173
1111.538000   -3.508995
1111.539000   -3.460737
1111.540000   -3.425551
1111.541000   -3.409879
1111.542000   -3.414962
1111.543000   -3.436581
1111.544000   -3.464927
1111.545000   -3.486279
1111.546000   -3.489107
1111.547000   -3.472389
1111.548000   -3.446442
1111.549000   -3.424910
1111.550000   -3.417690
1111.551000   -3.428735
1111.552000   -3.456440
1111.553000   -3.494743
1111.554000   -3.534629
1111.555000   -3.566587
1111.556000   -3.584166
1111.557000   -3.586784
1111.558000   -3.579168
1111.559000   -3.568069
1111.560000   -3.559445
1111.561000   -3.557390
1111.562000   -3.564012
1111.563000   -3.579322
1111.564000   -3.600741
1111.565000   -3.622514
1111.566000   -3.636117
1111.567000   -3.633267
1111.568000   -3.611073
1111.569000   -3.574604
1111.570000   -3.533856
1111.571000   -3.499147
1111.572000   -3.478455
1111.573000   -3.476476
1111.574000   -3.493969
1111.575000   -3.526589
1111.576000   -3.563482
1111.577000   -3.587771
1111.578000   -3.583649
1111.579000   -3.549553
1111.580000   -3.500497
1111.581000   -3.455674
1111.582000   -3.429056
1111.583000   -3.427522
1111.584000   -3.452003
1111.585000   -3.498670
1111.586000   -3.559389
1111.587000   -3.621942
1111.588000   -3.671317
1111.589000   -3.694219
1111.590000   -3.686352
1111.591000   -3.654624
1111.592000   -3.611035
1111.593000   -3.566283
1111.594000   -3.527640
1111.595000   -3.499490
1111.596000   -3.484348
1111.597000   -3.483244
1111.598000   -3.495091
1111.599000   -3.515308
1111.600000   -3.534992
1111.601000   -3.543148
1111.602000   -3.533356
1111.603000   -3.509518
1111.604000   -3.482894
1111.605000   -3.464670
1111.606000   -3.461853
1111.607000   -3.476740
1111.608000   -3.507540
1111.609000   -3.548775
1111.610000   -3.591390
1111.611000   -3.623758
1111.612000   -3.635324
1111.613000   -3.622342
1111.614000   -3.590488
1111.615000   -3.551091
1111.616000   -3.515791
1111.617000   -3.493645
1111.618000   -3.490117
1111.619000   -3.506438
1111.620000   -3.538439
1111.621000   -3.575271
1111.622000   -3.600386
1111.623000   -3.599040
1111.624000   -3.570272
1111.625000   -3.527864
1111.626000   -3.489100
1111.627000   -3.466765
1111.628000   -3.467445
1111.629000   -3.492096
1111.630000   -3.536088
1111.631000   -3.588174
1111.632000   -3.630012
1111.633000   -3.641235
1111.634000   -3.614263
1111.635000   -3.562775
1111.636000   -3.509593
1111.637000   -3.473042
1111.638000   -3.463166
1111.639000   -3.482437
1111.640000   -3.526718
1111.641000   -3.585294
1111.642000   -3.641299
1111.643000   -3.676261
1111.644000   -3.680825
1111.645000   -3.661851
1111.646000   -3.635133
1111.647000   -3.614552
1111.648000   -3.608065
1111.649000   -3.618198
1111.650000   -3.643325
1111.651000   -3.678184
1111.652000   -3.713747
1111.653000   -3.737945
1111.654000   -3.739654
1111.655000   -3.715709
1111.656000   -3.673753
1111.657000   -3.626974
1111.658000   -3.587645
1111.659000   -3.564420
1111.660000   -3.561967
1111.661000   -3.580850
1111.662000   -3.616609
1111.663000   -3.658350
1111.664000   -3.689077
1111.665000   -3.692194
1111.666000   -3.664231
1111.667000   -3.618576
1111.668000   -3.574262
1111.669000   -3.546061
1111.670000   -3.542044
1111.671000   -3.564535
1111.672000   -3.611400
1111.673000   -3.676502
1111.674000   -3.749525
1111.675000   -3.816281
1111.676000   -3.861259
1111.677000   -3.873647
1111.678000   -3.853584
1111.679000   -3.811048
1111.680000   -3.758998
1111.681000   -3.708467
1111.682000   -3.667280
1111.683000   -3.640401
1111.684000   -3.630446
1111.685000   -3.637585
1111.686000   -3.658670
1111.687000   -3.686233
1111.688000   -3.709088
1111.689000   -3.716456
1111.690000   -3.704829
1111.691000   -3.680638
1111.692000   -3.655097
1111.693000   -3.637823
1111.694000   -3.634131
1111.695000   -3.645203
1111.696000   -3.669211
1111.697000   -3.702304
1111.698000   -3.739142
1111.699000   -3.773142
1111.700000   -3.797128
1111.701000   -3.805081
1111.702000   -3.794650
1111.703000   -3.768729
1111.704000   -3.734523
1111.705000   -3.700803
1111.706000   -3.675212
1111.707000   -3.662484
1111.708000   -3.663427
1111.709000   -3.674481
1111.710000   -3.688261
1111.711000   -3.695904
1111.712000   -3.691278
1111.713000   -3.674528
1111.714000   -3.651633
1111.715000   -3.630727
1111.716000   -3.618577
1111.717000   -3.618639
1111.718000   -3.630251
1111.719000   -3.648309
1111.720000   -3.663616
1111.721000   -3.665222
1111.722000   -3.646000
1111.723000   -3.608509
1111.724000   -3.564467
1111.725000   -3.528080
1111.726000   -3.510120
1111.727000   -3.515463
1111.728000   -3.542890
1111.729000   -3.585832
1111.730000   -3.633867
1111.731000   -3.675450
1111.732000   -3.701780
1111.733000   -3.710093
1111.734000   -3.703645
1111.735000   -3.688610
1111.736000   -3.670864
1111.737000   -3.654436
1111.738000   -3.641283
1111.739000   -3.631596
1111.740000   -3.624173
1111.741000   -3.616894
1111.742000   -3.607525
1111.743000   -3.594932
1111.744000   -3.580153
1111.745000   -3.566421
1111.746000   -3.557927
1111.747000   -3.558182
1111.748000   -3.568863
1111.749000   -3.589351
1111.750000   -3.616732
1111.751000   -3.646095
1111.752000   -3.671225
1111.753000   -3.685972
1111.754000   -3.686218
1111.755000   -3.671489
1111.756000   -3.645078
1111.757000   -3.612724
1111.758000   -3.580904
1111.759000   -3.555493
1111.760000   -3.540708
1111.761000   -3.538053
1111.762000   -3.545324
1111.763000   -3.556224
1111.764000   -3.561675
1111.765000   -3.553837
1111.766000   -3.531296
1111.767000   -3.500598
1111.768000   -3.472289
1111.769000   -3.455737
1111.770000   -3.456150
1111.771000   -3.473763
1111.772000   -3.504218
1111.773000   -3.539806
1111.774000   -3.571726
1111.775000   -3.593215
1111.776000   -3.602245
1111.777000   -3.601765
1111.778000   -3.597312
1111.779000   -3.594028
1111.780000   -3.594784
1111.781000   -3.599569
1111.782000   -3.605704
1111.783000   -3.608674
1111.784000   -3.603683
1111.785000   -3.587882
1111.786000   -3.562263
1111.787000   -3.531698
1111.788000   -3.502958
1111.789000   -3.482207
1111.790000   -3.473272
1111.791000   -3.476950
1111.792000   -3.491038
1111.793000   -3.510872
1111.794000   -3.530433
1111.795000   -3.544053
1111.796000   -3.548280
1111.797000   -3.542840
1111.798000   -3.530078
1111.799000   -3.513499
1111.800000   -3.496532
1111.801000   -3.481966
1111.802000   -3.471790
1111.803000   -3.467026
1111.804000   -3.467308
1111.805000   -3.470367
1111.806000   -3.471972
1111.807000   -3.467086
1111.808000   -3.452481
1111.809000   -3.429408
1111.810000   -3.403722
1111.811000   -3.383102
1111.812000   -3.373710
1111.813000   -3.378104
1111.814000   -3.394534
1111.815000   -3.417321
1111.816000   -3.438463
1111.817000   -3.450598
1111.818000   -3.450250
1111.819000   -3.439080
1111.820000   -3.422310
1111.821000   -3.406036
1111.822000   -3.395187
1111.823000   -3.392244
1111.824000   -3.396393
1111.825000   -3.403039
1111.826000   -3.404477
1111.827000   -3.393182
1111.828000   -3.367409
1111.829000   -3.334093
1111.830000   -3.305147
1111.831000   -3.291231
1111.832000   -3.297985
1111.833000   -3.325152
1111.834000   -3.367369
1111.835000   -3.415976
1111.836000   -3.461568
1111.837000   -3.496699
1111.838000   -3.517758
1111.839000   -3.525004
1111.840000   -3.521059
1111.841000   -3.509156
1111.842000   -3.492039
1111.843000   -3.471672
1111.844000   -3.449537
1111.845000   -3.427188
1111.846000   -3.406777
1111.847000   -3.391167
1111.848000   -3.383489
1111.849000   -3.386152
1111.850000   -3.399837
1111.851000   -3.423025
1111.852000   -3.452353
1111.853000   -3.483632
1111.854000   -3.513004
1111.855000   -3.537672
1111.856000   -3.555982
1111.857000   -3.567039
1111.858000   -3.570208
1111.859000   -3.564798
1111.860000   -3.550135
1111.861000   -3.526114
1111.862000   -3.494057
1111.863000   -3.457379
1111.864000   -3.421458
1111.865000   -3.392464
1111.866000   -3.375505
1111.867000   -3.372717
1111.868000   -3.382027
1111.869000   -3.397389
1111.870000   -3.411227
1111.871000   -3.418674
1111.872000   -3.420576
1111.873000   -3.422319
1111.874000   -3.429940
1111.875000   -3.447073
1111.876000   -3.473930
1111.877000   -3.507615
1111.878000   -3.543093
1111.879000   -3.574551
1111.880000   -3.597017
1111.881000   -3.607851
1111.882000   -3.607517
1111.883000   -3.599212
1111.884000   -3.587530
1111.885000   -3.576830
1111.886000   -3.569926
1111.887000   -3.567403
1111.888000   -3.567666
1111.889000   -3.567777
1111.890000   -3.565035
1111.891000   -3.558649
1111.892000   -3.550396
1111.893000   -3.543749
1111.894000   -3.542222
1111.895000   -3.548008
1111.896000   -3.561387
1111.897000   -3.580751
1111.898000   -3.602896
1111.899000   -3.623470
1111.900000   -3.637687
1111.901000   -3.641524
1111.902000   -3.633187
1111.903000   -3.614101
1111.904000   -3.588586
1111.905000   -3.562421
1111.906000   -3.541272
1111.907000   -3.529631
1111.908000   -3.530215
1111.909000   -3.543563
1111.910000   -3.567639
1111.911000   -3.597670
1111.912000   -3.626759
1111.913000   -3.647863
1111.914000   -3.656764
1111.915000   -3.653958
1111.916000   -3.643788
1111.917000   -3.631822
1111.918000   -3.622629
1111.919000   -3.618716
1111.920000   -3.620250
1111.921000   -3.625120
1111.922000   -3.629339
1111.923000   -3.628060
1111.924000   -3.617360
1111.925000   -3.596287
1111.926000   -3.567814
1111.927000   -3.537834
1111.928000   -3.512891
1111.929000   -3.497959
1111.930000   -3.494916
1111.931000   -3.501885
1111.932000   -3.513653
1111.933000   -3.523647
1111.934000   -3.527386
1111.935000   -3.525372
1111.936000   -3.522674
1111.937000   -3.525645
1111.938000   -3.538761
1111.939000   -3.563207
1111.940000   -3.596915
1111.941000   -3.635281
1111.942000   -3.672096
1111.943000   -3.700629
1111.944000   -3.715000
1111.945000   -3.711788
1111.946000   -3.691239
1111.947000   -3.657247
1111.948000   -3.616099
1111.949000   -3.574883
1111.950000   -3.540180
1111.951000   -3.517069
1111.952000   -3.508183
1111.953000   -3.512845
1111.954000   -3.526725
1111.955000   -3.542860
1111.956000   -3.554589
1111.957000   -3.559176
1111.958000   -3.559063
1111.959000   -3.559591
1111.960000   -3.565657
1111.961000   -3.579729
1111.962000   -3.601380
1111.963000   -3.627566
1111.964000   -3.653166
1111.965000   -3.671901
1111.966000   -3.678029
1111.967000   -3.668744
1111.968000   -3.646061
1111.969000   -3.616569
1111.970000   -3.589074
1111.971000   -3.571726
1111.972000   -3.569836
1111.973000   -3.584612
1111.974000   -3.612510
1111.975000   -3.645348
1111.976000   -3.672121
1111.977000   -3.683344
1111.978000   -3.675978
1111.979000   -3.654348
1111.980000   -3.626413
1111.981000   -3.599787
1111.982000   -3.579963
1111.983000   -3.570229
1111.984000   -3.572187
1111.985000   -3.586053
1111.986000   -3.610467
1111.987000   -3.641766
1111.988000   -3.673020
1111.989000   -3.694156
1111.990000   -3.695320
1111.991000   -3.673511
1111.992000   -3.636356
1111.993000   -3.597626
1111.994000   -3.570111
1111.995000   -3.561920
1111.996000   -3.575958
1111.997000   -3.610570
1111.998000   -3.660063
1111.999000   -3.714908
1112.000000   -3.762361
1112.001000   -3.789018
1112.001000   -3.789018
1112.002000   -3.786327
1112.003000   -3.755645
1112.004000   -3.707036
1112.005000   -3.653560
1112.006000   -3.606912
1112.007000   -3.575734
1112.008000   -3.565037
1112.009000   -3.575414
1112.010000   -3.601558
1112.011000   -3.630841
1112.012000   -3.644952
1112.013000   -3.629578
1112.014000   -3.587477
1112.015000   -3.536569
1112.016000   -3.496258
1112.017000   -3.479437
1112.018000   -3.491288
1112.019000   -3.529922
1112.020000   -3.586551
1112.021000   -3.645547
1112.022000   -3.687247
1112.023000   -3.697350
1112.024000   -3.677771
1112.025000   -3.643919
1112.026000   -3.612770
1112.027000   -3.596134
1112.028000   -3.599703
1112.029000   -3.623595
1112.030000   -3.662213
1112.031000   -3.703314
1112.032000   -3.728679
1112.033000   -3.721650
1112.034000   -3.680929
1112.035000   -3.622931
1112.036000   -3.568783
1112.037000   -3.534307
1112.038000   -3.527603
1112.039000   -3.549106
1112.040000   -3.591015
1112.041000   -3.636321
1112.042000   -3.661518
1112.043000   -3.649747
1112.044000   -3.606187
1112.045000   -3.552705
1112.046000   -3.510811
1112.047000   -3.493578
1112.048000   -3.504930
1112.049000   -3.540128
1112.050000   -3.585381
1112.051000   -3.618678
1112.052000   -3.618004
1112.053000   -3.578515
1112.054000   -3.518266
1112.055000   -3.462937
1112.056000   -3.431932
1112.057000   -3.434635
1112.058000   -3.470568
1112.059000   -3.529311
1112.060000   -3.590707
1112.061000   -3.630357
1112.062000   -3.634962
1112.063000   -3.613386
1112.064000   -3.585980
1112.065000   -3.569400
1112.066000   -3.572011
1112.067000   -3.595117
1112.068000   -3.634589
1112.069000   -3.681236
1112.070000   -3.720728
1112.071000   -3.736048
1112.072000   -3.716023
1112.073000   -3.665027
1112.074000   -3.600493
1112.075000   -3.541746
1112.076000   -3.503115
1112.077000   -3.492409
1112.078000   -3.511050
1112.079000   -3.553795
1112.080000   -3.608207
1112.081000   -3.656236
1112.082000   -3.681434
1112.083000   -3.679588
1112.084000   -3.659848
1112.085000   -3.634888
1112.086000   -3.613628
1112.087000   -3.600179
1112.088000   -3.595415
1112.089000   -3.598597
1112.090000   -3.608277
1112.091000   -3.622589
1112.092000   -3.639017
1112.093000   -3.653852
1112.094000   -3.661968
1112.095000   -3.657891
1112.096000   -3.638650
1112.097000   -3.606739
1112.098000   -3.569942
1112.099000   -3.537927
1112.100000   -3.518725
1112.101000   -3.516993
1112.102000   -3.533796
1112.103000   -3.566931
1112.104000   -3.611153
1112.105000   -3.658256
1112.106000   -3.697594
1112.107000   -3.718154
1112.108000   -3.712832
1112.109000   -3.682734
1112.110000   -3.637137
1112.111000   -3.589094
1112.112000   -3.550903
1112.113000   -3.531467
1112.114000   -3.534897
1112.115000   -3.559312
1112.116000   -3.595665
1112.117000   -3.628212
1112.118000   -3.640214
1112.119000   -3.625318
1112.120000   -3.593106
1112.121000   -3.560889
1112.122000   -3.543334
1112.123000   -3.548408
1112.124000   -3.577178
1112.125000   -3.624214
1112.126000   -3.677730
1112.127000   -3.720957
1112.128000   -3.737859
1112.129000   -3.723188
1112.130000   -3.686845
1112.131000   -3.646249
1112.132000   -3.616832
1112.133000   -3.607820
1112.134000   -3.621469
1112.135000   -3.652892
1112.136000   -3.689828
1112.137000   -3.714439
1112.138000   -3.711070
1112.139000   -3.678132
1112.140000   -3.629954
1112.141000   -3.585784
1112.142000   -3.560201
1112.143000   -3.559934
1112.144000   -3.583490
1112.145000   -3.620973
1112.146000   -3.654929
1112.147000   -3.666264
1112.148000   -3.646922
1112.149000   -3.606978
1112.150000   -3.565742
1112.151000   -3.539634
1112.152000   -3.537319
1112.153000   -3.559352
1112.154000   -3.598587
1112.155000   -3.640732
1112.156000   -3.667416
1112.157000   -3.665019
1112.158000   -3.634951
1112.159000   -3.592562
1112.160000   -3.556149
1112.161000   -3.538936
1112.162000   -3.546745
1112.163000   -3.577911
1112.164000   -3.623482
1112.165000   -3.668504
1112.166000   -3.697162
1112.167000   -3.702067
1112.168000   -3.689247
1112.169000   -3.672090
1112.170000   -3.662543
1112.171000   -3.667269
1112.172000   -3.687462
1112.173000   -3.719474
1112.174000   -3.755224
1112.175000   -3.782958
1112.176000   -3.790203
1112.177000   -3.770143
1112.178000   -3.727267
1112.179000   -3.675363
1112.180000   -3.630225
1112.181000   -3.604137
1112.182000   -3.603605
1112.183000   -3.628641
1112.184000   -3.672441
1112.185000   -3.721919
1112.186000   -3.761110
1112.187000   -3.778715
1112.188000   -3.774677
1112.189000   -3.757872
1112.190000   -3.738534
1112.191000   -3.723783
1112.192000   -3.717095
1112.193000   -3.719318
1112.194000   -3.729433
1112.195000   -3.744486
1112.196000   -3.758864
1112.197000   -3.763863
1112.198000   -3.749533
1112.199000   -3.710400
1112.200000   -3.651708
1112.201000   -3.588341
1112.202000   -3.537234
1112.203000   -3.510988
1112.204000   -3.515220
1112.205000   -3.548064
1112.206000   -3.600372
1112.207000   -3.656995
1112.208000   -3.700961
1112.209000   -3.721007
1112.210000   -3.717344
1112.211000   -3.699168
1112.212000   -3.677657
1112.213000   -3.661519
1112.214000   -3.655956
1112.215000   -3.662976
1112.216000   -3.681517
1112.217000   -3.706928
1112.218000   -3.730426
1112.219000   -3.740291
1112.220000   -3.727117
1112.221000   -3.691292
1112.222000   -3.643994
1112.223000   -3.600163
1112.224000   -3.571862
1112.225000   -3.565669
1112.226000   -3.582374
1112.227000   -3.617075
1112.228000   -3.659243
1112.229000   -3.693999
1112.230000   -3.706908
1112.231000   -3.692129
1112.232000   -3.656633
1112.233000   -3.614980
1112.234000   -3.581401
1112.235000   -3.565694
1112.236000   -3.572190
1112.237000   -3.599507
1112.238000   -3.640070
1112.239000   -3.680136
1112.240000   -3.702901
1112.241000   -3.697240
1112.242000   -3.666174
1112.243000   -3.623920
1112.244000   -3.586024
1112.245000   -3.563449
1112.246000   -3.561352
1112.247000   -3.579344
1112.248000   -3.611379
1112.249000   -3.645418
1112.250000   -3.665129
1112.251000   -3.657005
1112.252000   -3.620673
1112.253000   -3.570080
1112.254000   -3.523538
1112.255000   -3.495073
1112.256000   -3.491674
1112.257000   -3.513309
1112.258000   -3.553228
1112.259000   -3.598402
1112.260000   -3.631997
1112.261000   -3.640231
1112.262000   -3.620854
1112.263000   -3.583731
1112.264000   -3.542950
1112.265000   -3.510181
1112.266000   -3.492590
1112.267000   -3.493010
1112.268000   -3.510219
1112.269000   -3.538617
1112.270000   -3.567970
1112.271000   -3.585298
1112.272000   -3.580985
1112.273000   -3.555941
1112.274000   -3.520998
1112.275000   -3.489169
1112.276000   -3.469794
1112.277000   -3.467182
1112.278000   -3.481485
1112.279000   -3.509779
1112.280000   -3.546561
1112.281000   -3.583843
1112.282000   -3.611744
1112.283000   -3.620829
1112.284000   -3.606461
1112.285000   -3.572038
1112.286000   -3.527308
1112.287000   -3.483691
1112.288000   -3.450788
1112.289000   -3.435093
1112.290000   -3.439857
1112.291000   -3.465026
1112.292000   -3.506813
1112.293000   -3.557128
1112.294000   -3.603892
1112.295000   -3.633906
1112.296000   -3.638722
1112.297000   -3.619504
1112.298000   -3.585378
1112.299000   -3.547781
1112.300000   -3.516481
1112.301000   -3.498213
1112.302000   -3.496381
1112.303000   -3.510628
1112.304000   -3.535931
1112.305000   -3.562023
1112.306000   -3.575484
1112.307000   -3.567017
1112.308000   -3.539714
1112.309000   -3.507500
1112.310000   -3.485613
1112.311000   -3.483868
1112.312000   -3.505057
1112.313000   -3.545691
1112.314000   -3.597332
1112.315000   -3.648291
1112.316000   -3.686331
1112.317000   -3.702681
1112.318000   -3.695581
1112.319000   -3.670194
1112.320000   -3.635111
1112.321000   -3.598855
1112.322000   -3.568128
1112.323000   -3.547205
1112.324000   -3.537515
1112.325000   -3.537004
1112.326000   -3.539813
1112.327000   -3.537673
1112.328000   -3.524171
1112.329000   -3.499667
1112.330000   -3.471611
1112.331000   -3.449838
1112.332000   -3.441888
1112.333000   -3.451014
1112.334000   -3.476118
1112.335000   -3.512380
1112.336000   -3.552167
1112.337000   -3.586490
1112.338000   -3.607506
1112.339000   -3.611556
1112.340000   -3.600680
1112.341000   -3.581146
1112.342000   -3.560494
1112.343000   -3.545257
1112.344000   -3.539876
1112.345000   -3.546221
1112.346000   -3.563266
1112.347000   -3.586889
1112.348000   -3.610306
1112.349000   -3.625901
1112.350000   -3.628569
1112.351000   -3.618583
1112.352000   -3.601252
1112.353000   -3.583837
1112.354000   -3.572547
1112.355000   -3.570982
1112.356000   -3.579664
1112.357000   -3.596092
1112.358000   -3.615208
1112.359000   -3.630607
1112.360000   -3.636789
1112.361000   -3.631801
1112.362000   -3.618319
1112.363000   -3.602056
1112.364000   -3.588959
1112.365000   -3.583126
1112.366000   -3.586002
1112.367000   -3.596377
1112.368000   -3.610726
1112.369000   -3.623735
1112.370000   -3.629373
1112.371000   -3.622806
1112.372000   -3.602709
1112.373000   -3.572331
1112.374000   -3.538282
1112.375000   -3.508064
1112.376000   -3.487878
1112.377000   -3.481214
1112.378000   -3.487936
1112.379000   -3.503782
1112.380000   -3.520740
1112.381000   -3.529317
1112.382000   -3.523047
1112.383000   -3.502559
1112.384000   -3.475178
1112.385000   -3.450603
1112.386000   -3.436759
1112.387000   -3.437608
1112.388000   -3.452361
1112.389000   -3.475440
1112.390000   -3.497566
1112.391000   -3.509073
1112.392000   -3.505334
1112.393000   -3.490226
1112.394000   -3.473676
1112.395000   -3.466018
1112.396000   -3.473955
1112.397000   -3.499129
1112.398000   -3.538119
1112.399000   -3.583188
1112.400000   -3.624146
1112.401000   -3.651856
1112.402000   -3.662261
1112.403000   -3.657721
1112.404000   -3.644581
1112.405000   -3.629783
1112.406000   -3.618861
1112.407000   -3.615190
1112.408000   -3.619630
1112.409000   -3.630116
1112.410000   -3.641514
1112.411000   -3.646696
1112.412000   -3.639781
1112.413000   -3.620415
1112.414000   -3.595057
1112.415000   -3.573520
1112.416000   -3.564281
1112.417000   -3.571765
1112.418000   -3.595750
1112.419000   -3.631944
1112.420000   -3.673141
1112.421000   -3.710771
1112.422000   -3.736851
1112.423000   -3.745984
1112.424000   -3.736680
1112.425000   -3.711415
1112.426000   -3.675522
1112.427000   -3.635711
1112.428000   -3.598788
1112.429000   -3.570655
1112.430000   -3.555354
1112.431000   -3.554020
1112.432000   -3.564032
1112.433000   -3.579109
1112.434000   -3.591399
1112.435000   -3.595699
1112.436000   -3.592887
1112.437000   -3.588970
1112.438000   -3.590937
1112.439000   -3.603431
1112.440000   -3.627650
1112.441000   -3.661668
1112.442000   -3.701159
1112.443000   -3.740123
1112.444000   -3.771773
1112.445000   -3.789986
1112.446000   -3.791325
1112.447000   -3.776700
1112.448000   -3.751296
1112.449000   -3.722678
1112.450000   -3.698390
1112.451000   -3.684099
1112.452000   -3.682461
1112.453000   -3.692432
1112.454000   -3.709108
1112.455000   -3.724683
1112.456000   -3.731345
1112.457000   -3.725480
1112.458000   -3.709908
1112.459000   -3.691845
1112.460000   -3.678939
1112.461000   -3.676516
1112.462000   -3.686525
1112.463000   -3.707373
1112.464000   -3.734131
1112.465000   -3.759250
1112.466000   -3.774496
1112.467000   -3.774318
1112.468000   -3.758913
1112.469000   -3.734081
1112.470000   -3.707986
1112.471000   -3.687818
1112.472000   -3.678105
1112.473000   -3.680247
1112.474000   -3.692502
1112.475000   -3.710129
1112.476000   -3.726069
1112.477000   -3.732988
1112.478000   -3.726735
1112.479000   -3.709015
1112.480000   -3.686525
1112.481000   -3.667411
1112.482000   -3.658121
1112.483000   -3.661944
1112.484000   -3.678754
1112.485000   -3.705286
1112.486000   -3.735785
1112.487000   -3.763287
1112.488000   -3.781718
1112.489000   -3.788180
1112.490000   -3.783887
1112.491000   -3.773025
1112.492000   -3.760655
1112.493000   -3.751116
1112.494000   -3.747307
1112.495000   -3.750449
1112.496000   -3.759936
1112.497000   -3.773200
1112.498000   -3.785907
1112.499000   -3.792941
1112.500000   -3.790313
1112.501000   -3.777150
1112.501000   -3.777150
1112.502000   -3.756260
1112.503000   -3.732783
1112.504000   -3.712116
1112.505000   -3.698373
1112.506000   -3.693708
1112.507000   -3.698220
1112.508000   -3.710083
1112.509000   -3.725637
1112.510000   -3.739520
1112.511000   -3.745277
1112.512000   -3.737094
1112.513000   -3.712550
1112.514000   -3.674575
1112.515000   -3.630583
1112.516000   -3.589511
1112.517000   -3.559140
1112.518000   -3.544733
1112.519000   -3.548663
1112.520000   -3.570285
1112.521000   -3.605664
1112.522000   -3.647385
1112.523000   -3.685347
1112.524000   -3.709580
1112.525000   -3.714619
1112.526000   -3.701966
1112.527000   -3.678101
1112.528000   -3.650684
1112.529000   -3.626239
1112.530000   -3.609535
1112.531000   -3.603497
1112.532000   -3.608775
1112.533000   -3.622827
1112.534000   -3.639102
1112.535000   -3.647923
1112.536000   -3.641009
1112.537000   -3.618118
1112.538000   -3.588536
1112.539000   -3.565184
1112.540000   -3.558234
1112.541000   -3.572395
1112.542000   -3.606880
1112.543000   -3.656336
1112.544000   -3.712032
1112.545000   -3.763502
1112.546000   -3.801002
1112.547000   -3.818478
1112.548000   -3.815441
1112.549000   -3.796150
1112.550000   -3.766954
1112.551000   -3.733942
1112.552000   -3.701857
1112.553000   -3.673887
1112.554000   -3.651681
1112.555000   -3.635257
1112.556000   -3.622908
1112.557000   -3.611606
1112.558000   -3.598335
1112.559000   -3.581995
1112.560000   -3.564443
1112.561000   -3.549630
1112.562000   -3.541576
1112.563000   -3.542670
1112.564000   -3.552940
1112.565000   -3.570087
1112.566000   -3.589941
1112.567000   -3.607206
1112.568000   -3.616614
1112.569000   -3.614488
1112.570000   -3.600202
1112.571000   -3.576685
1112.572000   -3.549541
1112.573000   -3.525318
1112.574000   -3.509716
1112.575000   -3.506188
1112.576000   -3.515010
1112.577000   -3.532908
1112.578000   -3.553625
1112.579000   -3.569887
1112.580000   -3.576529
1112.581000   -3.572898
1112.582000   -3.562479
1112.583000   -3.550381
1112.584000   -3.540991
1112.585000   -3.536890
1112.586000   -3.538752
1112.587000   -3.545623
1112.588000   -3.555283
1112.589000   -3.564631
1112.590000   -3.570217
1112.591000   -3.569094
1112.592000   -3.559893
1112.593000   -3.543578
1112.594000   -3.523251
1112.595000   -3.503042
1112.596000   -3.486813
1112.597000   -3.477309
1112.598000   -3.475871
1112.599000   -3.482472
1112.600000   -3.495848
1112.601000   -3.513577
1112.602000   -3.532156
1112.603000   -3.547308
1112.604000   -3.554836
1112.605000   -3.552006
1112.606000   -3.538798
1112.607000   -3.518086
1112.608000   -3.494587
1112.609000   -3.473285
1112.610000   -3.458067
1112.611000   -3.450778
1112.612000   -3.450652
1112.613000   -3.454192
1112.614000   -3.455836
1112.615000   -3.449920
1112.616000   -3.433657
1112.617000   -3.409254
1112.618000   -3.383116
1112.619000   -3.362792
1112.620000   -3.353964
1112.621000   -3.358698
1112.622000   -3.374901
1112.623000   -3.396908
1112.624000   -3.417531
1112.625000   -3.431467
1112.626000   -3.438145
1112.627000   -3.441423
1112.628000   -3.446602
1112.629000   -3.457577
1112.630000   -3.475512
1112.631000   -3.498708
1112.632000   -3.522982
1112.633000   -3.542400
1112.634000   -3.550569
1112.635000   -3.542813
1112.636000   -3.518545
1112.637000   -3.482059
1112.638000   -3.440904
1112.639000   -3.403232
1112.640000   -3.375646
1112.641000   -3.361849
1112.642000   -3.361808
1112.643000   -3.371459
1112.644000   -3.383730
1112.645000   -3.391866
1112.646000   -3.393803
1112.647000   -3.393370
1112.648000   -3.396905
1112.649000   -3.409130
1112.650000   -3.431320
1112.651000   -3.461376
1112.652000   -3.494594
1112.653000   -3.524568
1112.654000   -3.544409
1112.655000   -3.548691
1112.656000   -3.535809
1112.657000   -3.509091
1112.658000   -3.475504
1112.659000   -3.443058
1112.660000   -3.418592
1112.661000   -3.406356
1112.662000   -3.407073
1112.663000   -3.417385
1112.664000   -3.430404
1112.665000   -3.438567
1112.666000   -3.438322
1112.667000   -3.432563
1112.668000   -3.428074
1112.669000   -3.431166
1112.670000   -3.445167
1112.671000   -3.469897
1112.672000   -3.501916
1112.673000   -3.535018
1112.674000   -3.561371
1112.675000   -3.574040
1112.676000   -3.570422
1112.677000   -3.553944
1112.678000   -3.532169
1112.679000   -3.513285
1112.680000   -3.503563
1112.681000   -3.506206
1112.682000   -3.520904
1112.683000   -3.543717
1112.684000   -3.567758
1112.685000   -3.585521
1112.686000   -3.592682
1112.687000   -3.590522
1112.688000   -3.584461
1112.689000   -3.580545
1112.690000   -3.582941
1112.691000   -3.593014
1112.692000   -3.609222
1112.693000   -3.627362
1112.694000   -3.641354
1112.695000   -3.645126
1112.696000   -3.635539
1112.697000   -3.614549
1112.698000   -3.588453
1112.699000   -3.564873
1112.700000   -3.550017
1112.701000   -3.547354
1112.702000   -3.557392
1112.703000   -3.577971
1112.704000   -3.604761
1112.705000   -3.632035
1112.706000   -3.653920
1112.707000   -3.666090
1112.708000   -3.667130
1112.709000   -3.658619
1112.710000   -3.643931
1112.711000   -3.626871
1112.712000   -3.610903
1112.713000   -3.598942
1112.714000   -3.593264
1112.715000   -3.595173
1112.716000   -3.604336
1112.717000   -3.618054
1112.718000   -3.631097
1112.719000   -3.637042
1112.720000   -3.631366
1112.721000   -3.614449
1112.722000   -3.591558
1112.723000   -3.569974
1112.724000   -3.556088
1112.725000   -3.553861
1112.726000   -3.564301
1112.727000   -3.585245
1112.728000   -3.611298
1112.729000   -3.634493
1112.730000   -3.646693
1112.731000   -3.643730
1112.732000   -3.628193
1112.733000   -3.607587
1112.734000   -3.589963
1112.735000   -3.580857
1112.736000   -3.582275
1112.737000   -3.592738
1112.738000   -3.607652
1112.739000   -3.619991
1112.740000   -3.621942
1112.741000   -3.608063
1112.742000   -3.578637
1112.743000   -3.540039
1112.744000   -3.501614
1112.745000   -3.471958
1112.746000   -3.456678
1112.747000   -3.457466
1112.748000   -3.471783
1112.749000   -3.493157
1112.750000   -3.512907
1112.751000   -3.523952
1112.752000   -3.524799
1112.753000   -3.519724
1112.754000   -3.515023
1112.755000   -3.515442
1112.756000   -3.522941
1112.757000   -3.537080
1112.758000   -3.555829
1112.759000   -3.576085
1112.760000   -3.593775
1112.761000   -3.603913
1112.762000   -3.601311
1112.763000   -3.582523
1112.764000   -3.548340
1112.765000   -3.504661
1112.766000   -3.460637
1112.767000   -3.425668
1112.768000   -3.407029
1112.769000   -3.408621
1112.770000   -3.430458
1112.771000   -3.468577
1112.772000   -3.515385
1112.773000   -3.560900
1112.774000   -3.595308
1112.775000   -3.612299
1112.776000   -3.611194
1112.777000   -3.596111
1112.778000   -3.573285
1112.779000   -3.548844
1112.780000   -3.527821
1112.781000   -3.513940
1112.782000   -3.509535
1112.783000   -3.515122
1112.784000   -3.528635
1112.785000   -3.544920
1112.786000   -3.556774
1112.787000   -3.558576
1112.788000   -3.550450
1112.789000   -3.538271
1112.790000   -3.529493
1112.791000   -3.529485
1112.792000   -3.540346
1112.793000   -3.561156
1112.794000   -3.588431
1112.795000   -3.616343
1112.796000   -3.637122
1112.797000   -3.642672
1112.798000   -3.628147
1112.799000   -3.595562
1112.800000   -3.553532
1112.801000   -3.513262
1112.802000   -3.484586
1112.803000   -3.473657
1112.804000   -3.481721
1112.805000   -3.504178
1112.806000   -3.530503
1112.807000   -3.547549
1112.808000   -3.547870
1112.809000   -3.535732
1112.810000   -3.522473
1112.811000   -3.518206
1112.812000   -3.528160
1112.813000   -3.552514
1112.814000   -3.586823
1112.815000   -3.622136
1112.816000   -3.645885
1112.817000   -3.646101
1112.818000   -3.619200
1112.819000   -3.573467
1112.820000   -3.523349
1112.821000   -3.482224
1112.822000   -3.458946
1112.823000   -3.456683
1112.824000   -3.471902
1112.825000   -3.493335
1112.826000   -3.503844
1112.827000   -3.490374
1112.828000   -3.456342
1112.829000   -3.418846
1112.830000   -3.395203
1112.831000   -3.395535
1112.832000   -3.421800
1112.833000   -3.468305
1112.834000   -3.522178
1112.835000   -3.565782
1112.836000   -3.584790
1112.837000   -3.578395
1112.838000   -3.558560
1112.839000   -3.539630
1112.840000   -3.531488
1112.841000   -3.538266
1112.842000   -3.558741
1112.843000   -3.586369
1112.844000   -3.609311
1112.845000   -3.612982
1112.846000   -3.588245
1112.847000   -3.539845
1112.848000   -3.483480
1112.849000   -3.435825
1112.850000   -3.408499
1112.851000   -3.406515
1112.852000   -3.427907
1112.853000   -3.463174
1112.854000   -3.496079
1112.855000   -3.510160
1112.856000   -3.500928
1112.857000   -3.479509
1112.858000   -3.462040
1112.859000   -3.459935
1112.860000   -3.477564
1112.861000   -3.513240
1112.862000   -3.560434
1112.863000   -3.608597
1112.864000   -3.644600
1112.865000   -3.656689
1112.866000   -3.640842
1112.867000   -3.603469
1112.868000   -3.556769
1112.869000   -3.512670
1112.870000   -3.479968
1112.871000   -3.463925
1112.872000   -3.466257
1112.873000   -3.484453
1112.874000   -3.510792
1112.875000   -3.532856
1112.876000   -3.538600
1112.877000   -3.524976
1112.878000   -3.500075
1112.879000   -3.475648
1112.880000   -3.460244
1112.881000   -3.457701
1112.882000   -3.468394
1112.883000   -3.490718
1112.884000   -3.521658
1112.885000   -3.556244
1112.886000   -3.586545
1112.887000   -3.601890
1112.888000   -3.592575
1112.889000   -3.556701
1112.890000   -3.503241
1112.891000   -3.446967
1112.892000   -3.401735
1112.893000   -3.377298
1112.894000   -3.378618
1112.895000   -3.405980
1112.896000   -3.454980
1112.897000   -3.516236
1112.898000   -3.575666
1112.899000   -3.617207
1112.900000   -3.629663
1112.901000   -3.613517
1112.902000   -3.579236
1112.903000   -3.539612
1112.904000   -3.504794
1112.905000   -3.481353
1112.906000   -3.472961
1112.907000   -3.480885
1112.908000   -3.503555
1112.909000   -3.535375
1112.910000   -3.565953
1112.911000   -3.582284
1112.912000   -3.576027
1112.913000   -3.550638
1112.914000   -3.518716
1112.915000   -3.493436
1112.916000   -3.483565
1112.917000   -3.492844
1112.918000   -3.520930
1112.919000   -3.563961
1112.920000   -3.614239
1112.921000   -3.659865
1112.922000   -3.686430
1112.923000   -3.683135
1112.924000   -3.650737
1112.925000   -3.601782
1112.926000   -3.552765
1112.927000   -3.517598
1112.928000   -3.505261
1112.929000   -3.519533
1112.930000   -3.558781
1112.931000   -3.615085
1112.932000   -3.673567
1112.933000   -3.714904
1112.934000   -3.724735
1112.935000   -3.704687
1112.936000   -3.669668
1112.937000   -3.635918
1112.938000   -3.614545
1112.939000   -3.611066
1112.940000   -3.626912
1112.941000   -3.660538
1112.942000   -3.707418
1112.943000   -3.759116
1112.944000   -3.802833
1112.945000   -3.824281
1112.946000   -3.815883
1112.947000   -3.783573
1112.948000   -3.742263
1112.949000   -3.706470
1112.950000   -3.685742
1112.951000   -3.684609
1112.952000   -3.704013
1112.953000   -3.742292
1112.954000   -3.795138
1112.955000   -3.854721
1112.956000   -3.909040
1112.957000   -3.943666
1112.958000   -3.947909
1112.959000   -3.922247
1112.960000   -3.877859
1112.961000   -3.829072
1112.962000   -3.787707
1112.963000   -3.761538
1112.964000   -3.754743
1112.965000   -3.768426
1112.966000   -3.800511
1112.967000   -3.845016
1112.968000   -3.891272
1112.969000   -3.924913
1112.970000   -3.933106
1112.971000   -3.912669
1112.972000   -3.872390
1112.973000   -3.826293
1112.974000   -3.786464
1112.975000   -3.760400
1112.976000   -3.751461
1112.977000   -3.759969
1112.978000   -3.783753
1112.979000   -3.817929
1112.980000   -3.854377
1112.981000   -3.882287
1112.982000   -3.891460
1112.983000   -3.877886
1112.984000   -3.846627
1112.985000   -3.808368
1112.986000   -3.773813
1112.987000   -3.750634
1112.988000   -3.743041
1112.989000   -3.752320
1112.990000   -3.777137
1112.991000   -3.813302
1112.992000   -3.853351
1112.993000   -3.886902
1112.994000   -3.903092
1112.995000   -3.895311
1112.996000   -3.865275
1112.997000   -3.822002
1112.998000   -3.776918
1112.999000   -3.739745
1113.000000   -3.716777
1113.001000   -3.710784
1113.001000   -3.710784
1113.002000   -3.721502
1113.003000   -3.746197
1113.004000   -3.780125
1113.005000   -3.816947
1113.006000   -3.849410
1113.007000   -3.870604
1113.008000   -3.875784
1113.009000   -3.863954
1113.010000   -3.838056
1113.011000   -3.803586
1113.012000   -3.766802
1113.013000   -3.733536
1113.014000   -3.708694
1113.015000   -3.695995
1113.016000   -3.697534
1113.017000   -3.713048
1113.018000   -3.739050
1113.019000   -3.768443
1113.020000   -3.791487
1113.021000   -3.798883
1113.022000   -3.786160
1113.023000   -3.755934
1113.024000   -3.715777
1113.025000   -3.674265
1113.026000   -3.638361
1113.027000   -3.612574
1113.028000   -3.599104
1113.029000   -3.598133
1113.030000   -3.607783
1113.031000   -3.623619
1113.032000   -3.638367
1113.033000   -3.643273
1113.034000   -3.632072
1113.035000   -3.605486
1113.036000   -3.571274
1113.037000   -3.539518
1113.038000   -3.518169
1113.039000   -3.511396
1113.040000   -3.519877
1113.041000   -3.541528
1113.042000   -3.571837
1113.043000   -3.603734
1113.044000   -3.627752
1113.045000   -3.633778
1113.046000   -3.615190
1113.047000   -3.573172
1113.048000   -3.516717
1113.049000   -3.458385
1113.050000   -3.410098
1113.051000   -3.380835
1113.052000   -3.375411
1113.053000   -3.393360
1113.054000   -3.427748
1113.055000   -3.465134
1113.056000   -3.489375
1113.057000   -3.490575
1113.058000   -3.471782
1113.059000   -3.444562
1113.060000   -3.420253
1113.061000   -3.405828
1113.062000   -3.403870
1113.063000   -3.413812
1113.064000   -3.432906
1113.065000   -3.456584
1113.066000   -3.478461
1113.067000   -3.490837
1113.068000   -3.486959
1113.069000   -3.465051
1113.070000   -3.430637
1113.071000   -3.393949
1113.072000   -3.365066
1113.073000   -3.350848
1113.074000   -3.354247
1113.075000   -3.374750
1113.076000   -3.409038
1113.077000   -3.451480
1113.078000   -3.494515
1113.079000   -3.529428
1113.080000   -3.548208
1113.081000   -3.546426
1113.082000   -3.525419
1113.083000   -3.491811
1113.084000   -3.454891
1113.085000   -3.423928
1113.086000   -3.406386
1113.087000   -3.406660
1113.088000   -3.424912
1113.089000   -3.455964
1113.090000   -3.489156
1113.091000   -3.511197
1113.092000   -3.513450
1113.093000   -3.498248
1113.094000   -3.476074
1113.095000   -3.457959
1113.096000   -3.451217
1113.097000   -3.458840
1113.098000   -3.479992
1113.099000   -3.510081
1113.100000   -3.540230
1113.101000   -3.557492
1113.102000   -3.548943
1113.103000   -3.511028
1113.104000   -3.454715
1113.105000   -3.398357
1113.106000   -3.358115
1113.107000   -3.343868
1113.108000   -3.358414
1113.109000   -3.397140
1113.110000   -3.447438
1113.111000   -3.489912
1113.112000   -3.506263
1113.113000   -3.492719
1113.114000   -3.462354
1113.115000   -3.432798
1113.116000   -3.416765
1113.117000   -3.420180
1113.118000   -3.442984
1113.119000   -3.479583
1113.120000   -3.518743
1113.121000   -3.545074
1113.122000   -3.545935
1113.123000   -3.521540
1113.124000   -3.485183
1113.125000   -3.452906
1113.126000   -3.435968
1113.127000   -3.439346
1113.128000   -3.462490
1113.129000   -3.500002
1113.130000   -3.541985
1113.131000   -3.575278
1113.132000   -3.587735
1113.133000   -3.575141
1113.134000   -3.544022
1113.135000   -3.506682
1113.136000   -3.474938
1113.137000   -3.457267
1113.138000   -3.458345
1113.139000   -3.479052
1113.140000   -3.516113
1113.141000   -3.561574
1113.142000   -3.603449
1113.143000   -3.629659
1113.144000   -3.634928
1113.145000   -3.623842
1113.146000   -3.606012
1113.147000   -3.590027
1113.148000   -3.581163
1113.149000   -3.581728
1113.150000   -3.591966
1113.151000   -3.610569
1113.152000   -3.634642
1113.153000   -3.659222
1113.154000   -3.676831
1113.155000   -3.678495
1113.156000   -3.657885
1113.157000   -3.616986
1113.158000   -3.566805
1113.159000   -3.521588
1113.160000   -3.492925
1113.161000   -3.487229
1113.162000   -3.505425
1113.163000   -3.543380
1113.164000   -3.592628
1113.165000   -3.641698
1113.166000   -3.678815
1113.167000   -3.696007
1113.168000   -3.692217
1113.169000   -3.672524
1113.170000   -3.644576
1113.171000   -3.615664
1113.172000   -3.591578
1113.173000   -3.576387
1113.174000   -3.572158
1113.175000   -3.578203
1113.176000   -3.590171
1113.177000   -3.600123
1113.178000   -3.599465
1113.179000   -3.584902
1113.180000   -3.561902
1113.181000   -3.541034
1113.182000   -3.531879
1113.183000   -3.539762
1113.184000   -3.565153
1113.185000   -3.603983
1113.186000   -3.648053
1113.187000   -3.686019
1113.188000   -3.706344
1113.189000   -3.702762
1113.190000   -3.678382
1113.191000   -3.643506
1113.192000   -3.609851
1113.193000   -3.586565
1113.194000   -3.578743
1113.195000   -3.586934
1113.196000   -3.606739
1113.197000   -3.628870
1113.198000   -3.641519
1113.199000   -3.636640
1113.200000   -3.615934
1113.201000   -3.588854
1113.202000   -3.565598
1113.203000   -3.552860
1113.204000   -3.553095
1113.205000   -3.564975
1113.206000   -3.583731
1113.207000   -3.601429
1113.208000   -3.608376
1113.209000   -3.597297
1113.210000   -3.568721
1113.211000   -3.531542
1113.212000   -3.497677
1113.213000   -3.476786
1113.214000   -3.474053
1113.215000   -3.489864
1113.216000   -3.520062
1113.217000   -3.556523
1113.218000   -3.588941
1113.219000   -3.608760
1113.220000   -3.613593
1113.221000   -3.607588
1113.222000   -3.597446
1113.223000   -3.588716
1113.224000   -3.584511
1113.225000   -3.585622
1113.226000   -3.590749
1113.227000   -3.596422
1113.228000   -3.597111
1113.229000   -3.586747
1113.230000   -3.562292
1113.231000   -3.526811
1113.232000   -3.488329
1113.233000   -3.455727
1113.234000   -3.435681
1113.235000   -3.431662
1113.236000   -3.443912
1113.237000   -3.469474
1113.238000   -3.502124
1113.239000   -3.532888
1113.240000   -3.552373
1113.241000   -3.555095
1113.242000   -3.542599
1113.243000   -3.521790
1113.244000   -3.500682
1113.245000   -3.485617
1113.246000   -3.480452
1113.247000   -3.486495
1113.248000   -3.502336
1113.249000   -3.523499
1113.250000   -3.542581
1113.251000   -3.551160
1113.252000   -3.544064
1113.253000   -3.523043
1113.254000   -3.495604
1113.255000   -3.470530
1113.256000   -3.454516
1113.257000   -3.450970
1113.258000   -3.459951
1113.259000   -3.478291
1113.260000   -3.499813
1113.261000   -3.516371
1113.262000   -3.520788
1113.263000   -3.511057
1113.264000   -3.492048
1113.265000   -3.472475
1113.266000   -3.460398
1113.267000   -3.460675
1113.268000   -3.474529
1113.269000   -3.500042
1113.270000   -3.532802
1113.271000   -3.566564
1113.272000   -3.594265
1113.273000   -3.609797
1113.274000   -3.610203
1113.275000   -3.596791
1113.276000   -3.574137
1113.277000   -3.548052
1113.278000   -3.524091
1113.279000   -3.506879
1113.280000   -3.499777
1113.281000   -3.504377
1113.282000   -3.519715
1113.283000   -3.541590
1113.284000   -3.562939
1113.285000   -3.576462
1113.286000   -3.579004
1113.287000   -3.573806
1113.288000   -3.567966
1113.289000   -3.568211
1113.290000   -3.578524
1113.291000   -3.599788
1113.292000   -3.630256
1113.293000   -3.666018
1113.294000   -3.701288
1113.295000   -3.728831
1113.296000   -3.741278
1113.297000   -3.733845
1113.298000   -3.707216
1113.299000   -3.667722
1113.300000   -3.624380
1113.301000   -3.585629
1113.302000   -3.557561
1113.303000   -3.543307
1113.304000   -3.542780
1113.305000   -3.552413
1113.306000   -3.565275
1113.307000   -3.572643
1113.308000   -3.567817
1113.309000   -3.550245
1113.310000   -3.525710
1113.311000   -3.502444
1113.312000   -3.487346
1113.313000   -3.484367
1113.314000   -3.494289
1113.315000   -3.514877
1113.316000   -3.541094
1113.317000   -3.565834
1113.318000   -3.582082
1113.319000   -3.586342
1113.320000   -3.580775
1113.321000   -3.571580
1113.322000   -3.565405
1113.323000   -3.566902
1113.324000   -3.578016
1113.325000   -3.598069
1113.326000   -3.623847
1113.327000   -3.649607
1113.328000   -3.667633
1113.329000   -3.670422
1113.330000   -3.654445
1113.331000   -3.622532
1113.332000   -3.582215
1113.333000   -3.542085
1113.334000   -3.509334
1113.335000   -3.488745
1113.336000   -3.482191
1113.337000   -3.488014
1113.338000   -3.500432
1113.339000   -3.510149
1113.340000   -3.508017
1113.341000   -3.491194
1113.342000   -3.465492
1113.343000   -3.440704
1113.344000   -3.424995
1113.345000   -3.422663
1113.346000   -3.434200
1113.347000   -3.456887
1113.348000   -3.485169
1113.349000   -3.511110
1113.350000   -3.525979
1113.351000   -3.523845
1113.352000   -3.505303
1113.353000   -3.477097
1113.354000   -3.447949
1113.355000   -3.425007
1113.356000   -3.412504
1113.357000   -3.411583
1113.358000   -3.420258
1113.359000   -3.433325
1113.360000   -3.442911
1113.361000   -3.441047
1113.362000   -3.424260
1113.363000   -3.396316
1113.364000   -3.365781
1113.365000   -3.341422
1113.366000   -3.329376
1113.367000   -3.332282
1113.368000   -3.349158
1113.369000   -3.375393
1113.370000   -3.403270
1113.371000   -3.424176
1113.372000   -3.432865
1113.373000   -3.430641
1113.374000   -3.423671
1113.375000   -3.418615
1113.376000   -3.419909
1113.377000   -3.429315
1113.378000   -3.446364
1113.379000   -3.468696
1113.380000   -3.492023
1113.381000   -3.510046
1113.382000   -3.515355
1113.383000   -3.502356
1113.384000   -3.471264
1113.385000   -3.429184
1113.386000   -3.386840
1113.387000   -3.354465
1113.388000   -3.339322
1113.389000   -3.344712
1113.390000   -3.369521
1113.391000   -3.407883
1113.392000   -3.449554
1113.393000   -3.482483
1113.394000   -3.498220
1113.395000   -3.496455
1113.396000   -3.483448
1113.397000   -3.466842
1113.398000   -3.452419
1113.399000   -3.443444
1113.400000   -3.440930
1113.401000   -3.443644
1113.402000   -3.447671
1113.403000   -3.446370
1113.404000   -3.432598
1113.405000   -3.404064
1113.406000   -3.367125
1113.407000   -3.333595
1113.408000   -3.314407
1113.409000   -3.315904
1113.410000   -3.338944
1113.411000   -3.379074
1113.412000   -3.427121
1113.413000   -3.471011
1113.414000   -3.499914
1113.415000   -3.509469
1113.416000   -3.503273
1113.417000   -3.489110
1113.418000   -3.474643
1113.419000   -3.465472
1113.420000   -3.464724
1113.421000   -3.472809
1113.422000   -3.486813
1113.423000   -3.500105
1113.424000   -3.503996
1113.425000   -3.493225
1113.426000   -3.471530
1113.427000   -3.449787
1113.428000   -3.439031
1113.429000   -3.445871
1113.430000   -3.471411
1113.431000   -3.511575
1113.432000   -3.557798
1113.433000   -3.598493
1113.434000   -3.622484
1113.435000   -3.624120
1113.436000   -3.605927
1113.437000   -3.576005
1113.438000   -3.543564
1113.439000   -3.516199
1113.440000   -3.498850
1113.441000   -3.493164
1113.442000   -3.496705
1113.443000   -3.502535
1113.444000   -3.501173
1113.445000   -3.486764
1113.446000   -3.463141
1113.447000   -3.441622
1113.448000   -3.433380
1113.449000   -3.444647
1113.450000   -3.475788
1113.451000   -3.521892
1113.452000   -3.573766
1113.453000   -3.619664
1113.454000   -3.648706
1113.455000   -3.655501
1113.456000   -3.642339
1113.457000   -3.616702
1113.458000   -3.587247
1113.459000   -3.561333
1113.460000   -3.544017
1113.461000   -3.537464
1113.462000   -3.540204
1113.463000   -3.546481
1113.464000   -3.547168
1113.465000   -3.534435
1113.466000   -3.508603
1113.467000   -3.479332
1113.468000   -3.459243
1113.469000   -3.457477
1113.470000   -3.477173
1113.471000   -3.515412
1113.472000   -3.564200
1113.473000   -3.612443
1113.474000   -3.649537
1113.475000   -3.669754
1113.476000   -3.674146
1113.477000   -3.668177
1113.478000   -3.657985
1113.479000   -3.648165
1113.480000   -3.641183
1113.481000   -3.637486
1113.482000   -3.635645
1113.483000   -3.632495
1113.484000   -3.623750
1113.485000   -3.605749
1113.486000   -3.578140
1113.487000   -3.545423
1113.488000   -3.515557
1113.489000   -3.496681
1113.490000   -3.494263
1113.491000   -3.509613
1113.492000   -3.539552
1113.493000   -3.577134
1113.494000   -3.613625
1113.495000   -3.641661
1113.496000   -3.658142
1113.497000   -3.664676
1113.498000   -3.665479
1113.499000   -3.664854
1113.500000   -3.665778
1113.501000   -3.669488
1113.501000   -3.669488
1113.502000   -3.675451
1113.503000   -3.681336
1113.504000   -3.683056
1113.505000   -3.675425
1113.506000   -3.654098
1113.507000   -3.618556
1113.508000   -3.573930
1113.509000   -3.529610
1113.510000   -3.495702
1113.511000   -3.479769
1113.512000   -3.484882
1113.513000   -3.508796
1113.514000   -3.544107
1113.515000   -3.580017
1113.516000   -3.606358
1113.517000   -3.618380
1113.518000   -3.618252
1113.519000   -3.612066
1113.520000   -3.605991
1113.521000   -3.604318
1113.522000   -3.609061
1113.523000   -3.620002
1113.524000   -3.634534
1113.525000   -3.647296
1113.526000   -3.650436
1113.527000   -3.636152
1113.528000   -3.602010
1113.529000   -3.554884
1113.530000   -3.508265
1113.531000   -3.475786
1113.532000   -3.466662
1113.533000   -3.483979
1113.534000   -3.524487
1113.535000   -3.579105
1113.536000   -3.634640
1113.537000   -3.677765
1113.538000   -3.700585
1113.539000   -3.703504
1113.540000   -3.692538
1113.541000   -3.674746
1113.542000   -3.655684
1113.543000   -3.638992
1113.544000   -3.626714
1113.545000   -3.619301
1113.546000   -3.615059
1113.547000   -3.609557
1113.548000   -3.596447
1113.549000   -3.571221
1113.550000   -3.536185
1113.551000   -3.501052
1113.552000   -3.477818
1113.553000   -3.475256
1113.554000   -3.496436
1113.555000   -3.538648
1113.556000   -3.594557
1113.557000   -3.654126
1113.558000   -3.707146
1113.559000   -3.745860
1113.560000   -3.766648
1113.561000   -3.769923
1113.562000   -3.758678
1113.563000   -3.736920
1113.564000   -3.708704
1113.565000   -3.677660
1113.566000   -3.646733
1113.567000   -3.617964
1113.568000   -3.592350
1113.569000   -3.570047
1113.570000   -3.551084
1113.571000   -3.536250
1113.572000   -3.527498
1113.573000   -3.527416
1113.574000   -3.538064
1113.575000   -3.559920
1113.576000   -3.591475
1113.577000   -3.629572
1113.578000   -3.670198
1113.579000   -3.709351
1113.580000   -3.743612
1113.581000   -3.770322
1113.582000   -3.787438
1113.583000   -3.793306
1113.584000   -3.786617
1113.585000   -3.766681
1113.586000   -3.734068
1113.587000   -3.691344
1113.588000   -3.643440
1113.589000   -3.597189
1113.590000   -3.559990
1113.591000   -3.538028
1113.592000   -3.534585
1113.593000   -3.548888
1113.594000   -3.575868
1113.595000   -3.607391
1113.596000   -3.635244
1113.597000   -3.654696
1113.598000   -3.665907
1113.599000   -3.672158
1113.600000   -3.677103
1113.601000   -3.683209
1113.602000   -3.691512
1113.603000   -3.701954
1113.604000   -3.713667
1113.605000   -3.724962
1113.606000   -3.733080
1113.607000   -3.734109
1113.608000   -3.723805
1113.609000   -3.699764
1113.610000   -3.663948
1113.611000   -3.623122
1113.612000   -3.586452
1113.613000   -3.562310
1113.614000   -3.556167
1113.615000   -3.569743
1113.616000   -3.600898
1113.617000   -3.643861
1113.618000   -3.689982
1113.619000   -3.729513
1113.620000   -3.754584
1113.621000   -3.762184
1113.622000   -3.754784
1113.623000   -3.738208
1113.624000   -3.718912
1113.625000   -3.702350
1113.626000   -3.692358
1113.627000   -3.690864
1113.628000   -3.697427
1113.629000   -3.708564
1113.630000   -3.717483
1113.631000   -3.715584
1113.632000   -3.696832
1113.633000   -3.662811
1113.634000   -3.622936
1113.635000   -3.589319
1113.636000   -3.571549
1113.637000   -3.574191
1113.638000   -3.596261
1113.639000   -3.631548
1113.640000   -3.669746
1113.641000   -3.699153
1113.642000   -3.711147
1113.643000   -3.704048
1113.644000   -3.682808
1113.645000   -3.655204
1113.646000   -3.628360
1113.647000   -3.607173
1113.648000   -3.593895
1113.649000   -3.587917
1113.650000   -3.585450
1113.651000   -3.579721
1113.652000   -3.563188
1113.653000   -3.532554
1113.654000   -3.492957
1113.655000   -3.455990
1113.656000   -3.433532
1113.657000   -3.433034
1113.658000   -3.455881
1113.659000   -3.497642
1113.660000   -3.549395
1113.661000   -3.600175
1113.662000   -3.640464
1113.663000   -3.665319
1113.664000   -3.674887
1113.665000   -3.672232
1113.666000   -3.660847
1113.667000   -3.643418
1113.668000   -3.621647
1113.669000   -3.596460
1113.670000   -3.568189
1113.671000   -3.536729
1113.672000   -3.501995
1113.673000   -3.464885
1113.674000   -3.428360
1113.675000   -3.397537
1113.676000   -3.378193
1113.677000   -3.374518
1113.678000   -3.387483
1113.679000   -3.414519
1113.680000   -3.450452
1113.681000   -3.489253
1113.682000   -3.525759
1113.683000   -3.556583
1113.684000   -3.580000
1113.685000   -3.595324
1113.686000   -3.602312
1113.687000   -3.600798
1113.688000   -3.590463
1113.689000   -3.570717
1113.690000   -3.540844
1113.691000   -3.500714
1113.692000   -3.452096
1113.693000   -3.399811
1113.694000   -3.351448
1113.695000   -3.315275
1113.696000   -3.297407
1113.697000   -3.299608
1113.698000   -3.318500
1113.699000   -3.346587
1113.700000   -3.375329
1113.701000   -3.399153
1113.702000   -3.417470
1113.703000   -3.433130
1113.704000   -3.449437
1113.705000   -3.468271
1113.706000   -3.489542
1113.707000   -3.511210
1113.708000   -3.529395
1113.709000   -3.538731
1113.710000   -3.533618
1113.711000   -3.510878
1113.712000   -3.472650
1113.713000   -3.426743
1113.714000   -3.383664
1113.715000   -3.352851
1113.716000   -3.340079
1113.717000   -3.346064
1113.718000   -3.365879
1113.719000   -3.389740
1113.720000   -3.406584
1113.721000   -3.410368
1113.722000   -3.403835
1113.723000   -3.395330
1113.724000   -3.392933
1113.725000   -3.401216
1113.726000   -3.420634
1113.727000   -3.447883
1113.728000   -3.476509
1113.729000   -3.498099
1113.730000   -3.504939
1113.731000   -3.493898
1113.732000   -3.468598
1113.733000   -3.437421
1113.734000   -3.409405
1113.735000   -3.391245
1113.736000   -3.385975
1113.737000   -3.392498
1113.738000   -3.405628
1113.739000   -3.417361
1113.740000   -3.420565
1113.741000   -3.413855
1113.742000   -3.402826
1113.743000   -3.396043
1113.744000   -3.400342
1113.745000   -3.418644
1113.746000   -3.449742
1113.747000   -3.488826
1113.748000   -3.528344
1113.749000   -3.559671
1113.750000   -3.576005
1113.751000   -3.575361
1113.752000   -3.561123
1113.753000   -3.539668
1113.754000   -3.517461
1113.755000   -3.499386
1113.756000   -3.488138
1113.757000   -3.483949
1113.758000   -3.484376
1113.759000   -3.484707
1113.760000   -3.479980
1113.761000   -3.468480
1113.762000   -3.453819
1113.763000   -3.443044
1113.764000   -3.442749
1113.765000   -3.456414
1113.766000   -3.483647
1113.767000   -3.520522
1113.768000   -3.560414
1113.769000   -3.595355
1113.770000   -3.618157
1113.771000   -3.624794
1113.772000   -3.615604
1113.773000   -3.594458
1113.774000   -3.566855
1113.775000   -3.538292
1113.776000   -3.513281
1113.777000   -3.494710
1113.778000   -3.483226
1113.779000   -3.476889
1113.780000   -3.471829
1113.781000   -3.464564
1113.782000   -3.455016
1113.783000   -3.447386
1113.784000   -3.447721
1113.785000   -3.460613
1113.786000   -3.487414
1113.787000   -3.526149
1113.788000   -3.572342
1113.789000   -3.620069
1113.790000   -3.662967
1113.791000   -3.695140
1113.792000   -3.712035
1113.793000   -3.711244
1113.794000   -3.693032
1113.795000   -3.660330
1113.796000   -3.618182
1113.797000   -3.572860
1113.798000   -3.530975
1113.799000   -3.498645
1113.800000   -3.480593
1113.801000   -3.479139
1113.802000   -3.493268
1113.803000   -3.518350
1113.804000   -3.547262
1113.805000   -3.573202
1113.806000   -3.592785
1113.807000   -3.606786
1113.808000   -3.618148
1113.809000   -3.629639
1113.810000   -3.642795
1113.811000   -3.657871
1113.812000   -3.673994
1113.813000   -3.689038
1113.814000   -3.699253
1113.815000   -3.699227
1113.816000   -3.683224
1113.817000   -3.648501
1113.818000   -3.598736
1113.819000   -3.543865
1113.820000   -3.496148
1113.821000   -3.465967
1113.822000   -3.459321
1113.823000   -3.476603
1113.824000   -3.511954
1113.825000   -3.553585
1113.826000   -3.586899
1113.827000   -3.601550
1113.828000   -3.597828
1113.829000   -3.584846
1113.830000   -3.573348
1113.831000   -3.570962
1113.832000   -3.581122
1113.833000   -3.603449
1113.834000   -3.634163
1113.835000   -3.666301
1113.836000   -3.690529
1113.837000   -3.697949
1113.838000   -3.684995
1113.839000   -3.656353
1113.840000   -3.622138
1113.841000   -3.592666
1113.842000   -3.575319
1113.843000   -3.573851
1113.844000   -3.588668
1113.845000   -3.617064
1113.846000   -3.653230
1113.847000   -3.688621
1113.848000   -3.713787
1113.849000   -3.722230
1113.850000   -3.713977
1113.851000   -3.694975
1113.852000   -3.673149
1113.853000   -3.655201
1113.854000   -3.645514
1113.855000   -3.646206
1113.856000   -3.657296
1113.857000   -3.676554
1113.858000   -3.699163
1113.859000   -3.717853
1113.860000   -3.724639
1113.861000   -3.714665
1113.862000   -3.689716
1113.863000   -3.657506
1113.864000   -3.627526
1113.865000   -3.607482
1113.866000   -3.601828
1113.867000   -3.611657
1113.868000   -3.634963
1113.869000   -3.666879
1113.870000   -3.700092
1113.871000   -3.726058
1113.872000   -3.737561
1113.873000   -3.731829
1113.874000   -3.711672
1113.875000   -3.683465
1113.876000   -3.654125
1113.877000   -3.629169
1113.878000   -3.611980
1113.879000   -3.603532
1113.880000   -3.602079
1113.881000   -3.603006
1113.882000   -3.599746
1113.883000   -3.586840
1113.884000   -3.564177
1113.885000   -3.538410
1113.886000   -3.519586
1113.887000   -3.516333
1113.888000   -3.532924
1113.889000   -3.568478
1113.890000   -3.617483
1113.891000   -3.671303
1113.892000   -3.720646
1113.893000   -3.758487
1113.894000   -3.781994
1113.895000   -3.792174
1113.896000   -3.791934
1113.897000   -3.784295
1113.898000   -3.771514
1113.899000   -3.754887
1113.900000   -3.734806
1113.901000   -3.710903
1113.902000   -3.682455
1113.903000   -3.649227
1113.904000   -3.612660
1113.905000   -3.576555
1113.906000   -3.546374
1113.907000   -3.527349
1113.908000   -3.522502
1113.909000   -3.531524
1113.910000   -3.550858
1113.911000   -3.575049
1113.912000   -3.598926
1113.913000   -3.619432
1113.914000   -3.635997
1113.915000   -3.649586
1113.916000   -3.661425
1113.917000   -3.672090
1113.918000   -3.681025
1113.919000   -3.686328
1113.920000   -3.684817
1113.921000   -3.672765
1113.922000   -3.647638
1113.923000   -3.610438
1113.924000   -3.566925
1113.925000   -3.526256
1113.926000   -3.497820
1113.927000   -3.488174
1113.928000   -3.499118
1113.929000   -3.526995
1113.930000   -3.563336
1113.931000   -3.597387
1113.932000   -3.620456
1113.933000   -3.629727
1113.934000   -3.628199
1113.935000   -3.621376
1113.936000   -3.614219
1113.937000   -3.609932
1113.938000   -3.610026
1113.939000   -3.614749
1113.940000   -3.623351
1113.941000   -3.634046
1113.942000   -3.643798
1113.943000   -3.648421
1113.944000   -3.643602
1113.945000   -3.627058
1113.946000   -3.600603
1113.947000   -3.570112
1113.948000   -3.543193
1113.949000   -3.526490
1113.950000   -3.524010
1113.951000   -3.536515
1113.952000   -3.561486
1113.953000   -3.593450
1113.954000   -3.624813
1113.955000   -3.647625
1113.956000   -3.656219
1113.957000   -3.649517
1113.958000   -3.631211
1113.959000   -3.607730
1113.960000   -3.585743
1113.961000   -3.570467
1113.962000   -3.564790
1113.963000   -3.568785
1113.964000   -3.579402
1113.965000   -3.590645
1113.966000   -3.595026
1113.967000   -3.586840
1113.968000   -3.565869
1113.969000   -3.538049
1113.970000   -3.512254
1113.971000   -3.496393
1113.972000   -3.495202
1113.973000   -3.509628
1113.974000   -3.536977
1113.975000   -3.571458
1113.976000   -3.605298
1113.977000   -3.630829
1113.978000   -3.643244
1113.979000   -3.642364
1113.980000   -3.631900
1113.981000   -3.617076
1113.982000   -3.602629
1113.983000   -3.591970
1113.984000   -3.587037
1113.985000   -3.588217
1113.986000   -3.594029
1113.987000   -3.600796
1113.988000   -3.603114
1113.989000   -3.596057
1113.990000   -3.578688
1113.991000   -3.555776
1113.992000   -3.535529
1113.993000   -3.525681
1113.994000   -3.530983
1113.995000   -3.552487
1113.996000   -3.587726
1113.997000   -3.631146
1113.998000   -3.674771
1113.999000   -3.709677
1114.000000   -3.728645
1114.001000   -3.728851
1114.001000   -3.728851
1114.002000   -3.712459
1114.003000   -3.684702
1114.004000   -3.651418
1114.005000   -3.617519
1114.006000   -3.586367
1114.007000   -3.559508
1114.008000   -3.536538
1114.009000   -3.515371
1114.010000   -3.493484
1114.011000   -3.470170
1114.012000   -3.448302
1114.013000   -3.433630
1114.014000   -3.431983
1114.015000   -3.446603
1114.016000   -3.476914
1114.017000   -3.518728
1114.018000   -3.565521
1114.019000   -3.610292
1114.020000   -3.647435
1114.021000   -3.673888
1114.022000   -3.689087
1114.023000   -3.694048
1114.024000   -3.690331
1114.025000   -3.679362
1114.026000   -3.662166
1114.027000   -3.639466
1114.028000   -3.612076
1114.029000   -3.581476
1114.030000   -3.550271
1114.031000   -3.522123
1114.032000   -3.500963
1114.033000   -3.489813
1114.034000   -3.489833
1114.035000   -3.500006
1114.036000   -3.517610
1114.037000   -3.539273
1114.038000   -3.562144
1114.039000   -3.584565
1114.040000   -3.605975
1114.041000   -3.626293
1114.042000   -3.645269
1114.043000   -3.662084
1114.044000   -3.675272
1114.045000   -3.682872
1114.046000   -3.682801
1114.047000   -3.673449
1114.048000   -3.654403
1114.049000   -3.627029
1114.050000   -3.594532
1114.051000   -3.561363
1114.052000   -3.532228
1114.053000   -3.511100
1114.054000   -3.500427
1114.055000   -3.500621
1114.056000   -3.509861
1114.057000   -3.524387
1114.058000   -3.539486
1114.059000   -3.551066
1114.060000   -3.557138
1114.061000   -3.558241
1114.062000   -3.556614
1114.063000   -3.554891
1114.064000   -3.555134
1114.065000   -3.558407
1114.066000   -3.564729
1114.067000   -3.573177
1114.068000   -3.582076
1114.069000   -3.589316
1114.070000   -3.592886
1114.071000   -3.591551
1114.072000   -3.585419
1114.073000   -3.576077
1114.074000   -3.566136
1114.075000   -3.558407
1114.076000   -3.555076
1114.077000   -3.557154
1114.078000   -3.564285
1114.079000   -3.574925
1114.080000   -3.586825
1114.081000   -3.597699
1114.082000   -3.605879
1114.083000   -3.610684
1114.084000   -3.612370
1114.085000   -3.611736
1114.086000   -3.609648
1114.087000   -3.606693
1114.088000   -3.603013
1114.089000   -3.598298
1114.090000   -3.591878
1114.091000   -3.582935
1114.092000   -3.570875
1114.093000   -3.555802
1114.094000   -3.538926
1114.095000   -3.522594
1114.096000   -3.509800
1114.097000   -3.503338
1114.098000   -3.504933
1114.099000   -3.514693
1114.100000   -3.531015
1114.101000   -3.550968
1114.102000   -3.571046
1114.103000   -3.588032
1114.104000   -3.599660
1114.105000   -3.604817
1114.106000   -3.603348
1114.107000   -3.595708
1114.108000   -3.582630
1114.109000   -3.564885
1114.110000   -3.543115
1114.111000   -3.517777
1114.112000   -3.489300
1114.113000   -3.458555
1114.114000   -3.427501
1114.115000   -3.399558
1114.116000   -3.379157
1114.117000   -3.370493
1114.118000   -3.376095
1114.119000   -3.395942
1114.120000   -3.427500
1114.121000   -3.466632
1114.122000   -3.508992
1114.123000   -3.551166
1114.124000   -3.591008
1114.125000   -3.627231
1114.126000   -3.658803
1114.127000   -3.684518
1114.128000   -3.702714
1114.129000   -3.711127
1114.130000   -3.706960
1114.131000   -3.687481
1114.132000   -3.651402
1114.133000   -3.600752
1114.134000   -3.541948
1114.135000   -3.484714
1114.136000   -3.439214
1114.137000   -3.413039
1114.138000   -3.409015
1114.139000   -3.424094
1114.140000   -3.449766
1114.141000   -3.474957
1114.142000   -3.491480
1114.143000   -3.498177
1114.144000   -3.499459
1114.145000   -3.500727
1114.146000   -3.505462
1114.147000   -3.514692
1114.148000   -3.527548
1114.149000   -3.541833
1114.150000   -3.554312
1114.151000   -3.560893
1114.152000   -3.557275
1114.153000   -3.540678
1114.154000   -3.512296
1114.155000   -3.478383
1114.156000   -3.448237
1114.157000   -3.430609
1114.158000   -3.430968
1114.159000   -3.450300
1114.160000   -3.485065
1114.161000   -3.528063
1114.162000   -3.570270
1114.163000   -3.603621
1114.164000   -3.623711
1114.165000   -3.630646
1114.166000   -3.627666
1114.167000   -3.619095
1114.168000   -3.608959
1114.169000   -3.600386
1114.170000   -3.595302
1114.171000   -3.594060
1114.172000   -3.595022
1114.173000   -3.594617
1114.174000   -3.588654
1114.175000   -3.575057
1114.176000   -3.556167
1114.177000   -3.538117
1114.178000   -3.527815
1114.179000   -3.530272
1114.180000   -3.547433
1114.181000   -3.578078
1114.182000   -3.618071
1114.183000   -3.660750
1114.184000   -3.697817
1114.185000   -3.721409
1114.186000   -3.727210
1114.187000   -3.716441
1114.188000   -3.694696
1114.189000   -3.668947
1114.190000   -3.645214
1114.191000   -3.627546
1114.192000   -3.617685
1114.193000   -3.614830
1114.194000   -3.615457
1114.195000   -3.613856
1114.196000   -3.604450
1114.197000   -3.585637
1114.198000   -3.561822
1114.199000   -3.541117
1114.200000   -3.531127
1114.201000   -3.536159
1114.202000   -3.556367
1114.203000   -3.587980
1114.204000   -3.624188
1114.205000   -3.656896
1114.206000   -3.679524
1114.207000   -3.689703
1114.208000   -3.689695
1114.209000   -3.684235
1114.210000   -3.677934
1114.211000   -3.673832
1114.212000   -3.673006
1114.213000   -3.674600
1114.214000   -3.675977
1114.215000   -3.673174
1114.216000   -3.662186
1114.217000   -3.641153
1114.218000   -3.612138
1114.219000   -3.580765
1114.220000   -3.553944
1114.221000   -3.537505
1114.222000   -3.534779
1114.223000   -3.546009
1114.224000   -3.568232
1114.225000   -3.595649
1114.226000   -3.620922
1114.227000   -3.637656
1114.228000   -3.643024
1114.229000   -3.638452
1114.230000   -3.627851
1114.231000   -3.615259
1114.232000   -3.603401
1114.233000   -3.593155
1114.234000   -3.583444
1114.235000   -3.571371
1114.236000   -3.552948
1114.237000   -3.524943
1114.238000   -3.487554
1114.239000   -3.445869
1114.240000   -3.408322
1114.241000   -3.383284
1114.242000   -3.376126
1114.243000   -3.387786
1114.244000   -3.414601
1114.245000   -3.449295
1114.246000   -3.483284
1114.247000   -3.509870
1114.248000   -3.526557
1114.249000   -3.534748
1114.250000   -3.537605
1114.251000   -3.538112
1114.252000   -3.538094
1114.253000   -3.537804
1114.254000   -3.535617
1114.255000   -3.527884
1114.256000   -3.509656
1114.257000   -3.477238
1114.258000   -3.431966
1114.259000   -3.381698
1114.260000   -3.337883
1114.261000   -3.311029
1114.262000   -3.307616
1114.263000   -3.328843
1114.264000   -3.370386
1114.265000   -3.422965
1114.266000   -3.474503
1114.267000   -3.514465
1114.268000   -3.538350
1114.269000   -3.548271
1114.270000   -3.549356
1114.271000   -3.546174
1114.272000   -3.541320
1114.273000   -3.535406
1114.274000   -3.527382
1114.275000   -3.514764
1114.276000   -3.494071
1114.277000   -3.462207
1114.278000   -3.419056
1114.279000   -3.369518
1114.280000   -3.322515
1114.281000   -3.287507
1114.282000   -3.271157
1114.283000   -3.275510
1114.284000   -3.297519
1114.285000   -3.329735
1114.286000   -3.362495
1114.287000   -3.387573
1114.288000   -3.401526
1114.289000   -3.406040
1114.290000   -3.405385
1114.291000   -3.403758
1114.292000   -3.404056
1114.293000   -3.407693
1114.294000   -3.414710
1114.295000   -3.423800
1114.296000   -3.432359
1114.297000   -3.437051
1114.298000   -3.435290
1114.299000   -3.427161
1114.300000   -3.416082
1114.301000   -3.407290
1114.302000   -3.405488
1114.303000   -3.413277
1114.304000   -3.430733
1114.305000   -3.455671
1114.306000   -3.484200
1114.307000   -3.511405
1114.308000   -3.532253
1114.309000   -3.542727
1114.310000   -3.540928
1114.311000   -3.527606
1114.312000   -3.505831
1114.313000   -3.479987
1114.314000   -3.454648
1114.315000   -3.433664
1114.316000   -3.419515
1114.317000   -3.412918
1114.318000   -3.412689
1114.319000   -3.416075
1114.320000   -3.419796
1114.321000   -3.421640
1114.322000   -3.421690
1114.323000   -3.422145
1114.324000   -3.425922
1114.325000   -3.435175
1114.326000   -3.450487
1114.327000   -3.470749
1114.328000   -3.493430
1114.329000   -3.515102
1114.330000   -3.532188
1114.331000   -3.541924
1114.332000   -3.543266
1114.333000   -3.537236
1114.334000   -3.526474
1114.335000   -3.514275
1114.336000   -3.503665
1114.337000   -3.496751
1114.338000   -3.494319
1114.339000   -3.495625
1114.340000   -3.498454
1114.341000   -3.499750
1114.342000   -3.496969
1114.343000   -3.489671
1114.344000   -3.480153
1114.345000   -3.472474
1114.346000   -3.470687
1114.347000   -3.477404
1114.348000   -3.493110
1114.349000   -3.516085
1114.350000   -3.542760
1114.351000   -3.568564
1114.352000   -3.589248
1114.353000   -3.602292
1114.354000   -3.607531
1114.355000   -3.606614
1114.356000   -3.601832
1114.357000   -3.595126
1114.358000   -3.587519
1114.359000   -3.578877
1114.360000   -3.567910
1114.361000   -3.552600
1114.362000   -3.531296
1114.363000   -3.504294
1114.364000   -3.474805
1114.365000   -3.448251
1114.366000   -3.430277
1114.367000   -3.424740
1114.368000   -3.432478
1114.369000   -3.450927
1114.370000   -3.474698
1114.371000   -3.497350
1114.372000   -3.514010
1114.373000   -3.523296
1114.374000   -3.527032
1114.375000   -3.528352
1114.376000   -3.529920
1114.377000   -3.532972
1114.378000   -3.536964
1114.379000   -3.539564
1114.380000   -3.537182
1114.381000   -3.526512
1114.382000   -3.507004
1114.383000   -3.482519
1114.384000   -3.460239
1114.385000   -3.447621
1114.386000   -3.449685
1114.387000   -3.467629
1114.388000   -3.498597
1114.389000   -3.536474
1114.390000   -3.573921
1114.391000   -3.605302
1114.392000   -3.628784
1114.393000   -3.645927
1114.394000   -3.659547
1114.395000   -3.671863
1114.396000   -3.683627
1114.397000   -3.693918
1114.398000   -3.700241
1114.399000   -3.699002
1114.400000   -3.686779
1114.401000   -3.662502
1114.402000   -3.629293
1114.403000   -3.594040
1114.404000   -3.564812
1114.405000   -3.548051
1114.406000   -3.546862
1114.407000   -3.560342
1114.408000   -3.583701
1114.409000   -3.609414
1114.410000   -3.629881
1114.411000   -3.640872
1114.412000   -3.643172
1114.413000   -3.640938
1114.414000   -3.638737
1114.415000   -3.639587
1114.416000   -3.644378
1114.417000   -3.652020
1114.418000   -3.659880
1114.419000   -3.664462
1114.420000   -3.662556
1114.421000   -3.652768
1114.422000   -3.636643
1114.423000   -3.618385
1114.424000   -3.603241
1114.425000   -3.595679
1114.426000   -3.598240
1114.427000   -3.611163
1114.428000   -3.632535
1114.429000   -3.658760
1114.430000   -3.685334
1114.431000   -3.707930
1114.432000   -3.723582
1114.433000   -3.731433
1114.434000   -3.732631
1114.435000   -3.729561
1114.436000   -3.724961
1114.437000   -3.721292
1114.438000   -3.720319
1114.439000   -3.722741
1114.440000   -3.727844
1114.441000   -3.733353
1114.442000   -3.735837
1114.443000   -3.731918
1114.444000   -3.719977
1114.445000   -3.701332
1114.446000   -3.679923
1114.447000   -3.660803
1114.448000   -3.648493
1114.449000   -3.645924
1114.450000   -3.653980
1114.451000   -3.671443
1114.452000   -3.695159
1114.453000   -3.720501
1114.454000   -3.742260
1114.455000   -3.756045
1114.456000   -3.759715
1114.457000   -3.753982
1114.458000   -3.741742
1114.459000   -3.726741
1114.460000   -3.712448
1114.461000   -3.701518
1114.462000   -3.695628
1114.463000   -3.695363
1114.464000   -3.699963
1114.465000   -3.707039
1114.466000   -3.712699
1114.467000   -3.712648
1114.468000   -3.704341
1114.469000   -3.688963
1114.470000   -3.671443
1114.471000   -3.658330
1114.472000   -3.655244
1114.473000   -3.665227
1114.474000   -3.688171
1114.475000   -3.720949
1114.476000   -3.758020
1114.477000   -3.792599
1114.478000   -3.818345
1114.479000   -3.831167
1114.480000   -3.830251
1114.481000   -3.817753
1114.482000   -3.797518
1114.483000   -3.773722
1114.484000   -3.749929
1114.485000   -3.728602
1114.486000   -3.710908
1114.487000   -3.696746
1114.488000   -3.685052
1114.489000   -3.674499
1114.490000   -3.664488
1114.491000   -3.655876
1114.492000   -3.650857
1114.493000   -3.651954
1114.494000   -3.660804
1114.495000   -3.677416
1114.496000   -3.700118
1114.497000   -3.725990
1114.498000   -3.751475
1114.499000   -3.772922
1114.500000   -3.786976
1114.501000   -3.790882
1114.501000   -3.790882
1114.502000   -3.782837
1114.503000   -3.762433
1114.504000   -3.731092
1114.505000   -3.692246
1114.506000   -3.651036
1114.507000   -3.613507
1114.508000   -3.585403
1114.509000   -3.570834
1114.510000   -3.571059
1114.511000   -3.583796
1114.512000   -3.603598
1114.513000   -3.623742
1114.514000   -3.639199
1114.515000   -3.648747
1114.516000   -3.654484
1114.517000   -3.659623
1114.518000   -3.666664
1114.519000   -3.676674
1114.520000   -3.689233
1114.521000   -3.702461
1114.522000   -3.712988
1114.523000   -3.716129
1114.524000   -3.706904
1114.525000   -3.682396
1114.526000   -3.644501
1114.527000   -3.600459
1114.528000   -3.560192
1114.529000   -3.532714
1114.530000   -3.523697
1114.531000   -3.534448
1114.532000   -3.561796
1114.533000   -3.598718
1114.534000   -3.636087
1114.535000   -3.665683
1114.536000   -3.683280
1114.537000   -3.689468
1114.538000   -3.687694
1114.539000   -3.681688
1114.540000   -3.674058
1114.541000   -3.666049
1114.542000   -3.657780
1114.543000   -3.648489
1114.544000   -3.636694
1114.545000   -3.620471
1114.546000   -3.598211
1114.547000   -3.569850
1114.548000   -3.537848
1114.549000   -3.506936
1114.550000   -3.482558
1114.551000   -3.469029
1114.552000   -3.468260
1114.553000   -3.479303
1114.554000   -3.498565
1114.555000   -3.520621
1114.556000   -3.539565
1114.557000   -3.550676
1114.558000   -3.551793
1114.559000   -3.543666
1114.560000   -3.529202
1114.561000   -3.512231
1114.562000   -3.496454
1114.563000   -3.484760
1114.564000   -3.478821
1114.565000   -3.478835
1114.566000   -3.483456
1114.567000   -3.490004
1114.568000   -3.495107
1114.569000   -3.495750
1114.570000   -3.490408
1114.571000   -3.479630
1114.572000   -3.465688
1114.573000   -3.451587
1114.574000   -3.440059
1114.575000   -3.432980
1114.576000   -3.431227
1114.577000   -3.434787
1114.578000   -3.442931
1114.579000   -3.454312
1114.580000   -3.467032
1114.581000   -3.478766
1114.582000   -3.487099
1114.583000   -3.490103
1114.584000   -3.486967
1114.585000   -3.478348
1114.586000   -3.466213
1114.587000   -3.453265
1114.588000   -3.442237
1114.589000   -3.435228
1114.590000   -3.433133
1114.591000   -3.435176
1114.592000   -3.438716
1114.593000   -3.439689
1114.594000   -3.434095
1114.595000   -3.420332
1114.596000   -3.400828
1114.597000   -3.381326
1114.598000   -3.368256
1114.599000   -3.366151
1114.600000   -3.376204
1114.601000   -3.396012
1114.602000   -3.420288
1114.603000   -3.442458
1114.604000   -3.456926
1114.605000   -3.461112
1114.606000   -3.456061
1114.607000   -3.445348
1114.608000   -3.433284
1114.609000   -3.423462
1114.610000   -3.417934
1114.611000   -3.416863
1114.612000   -3.418587
1114.613000   -3.420256
1114.614000   -3.419314
1114.615000   -3.415399
1114.616000   -3.411262
1114.617000   -3.411614
1114.618000   -3.420790
1114.619000   -3.440916
1114.620000   -3.471355
1114.621000   -3.509162
1114.622000   -3.550043
1114.623000   -3.589327
1114.624000   -3.622721
1114.625000   -3.646759
1114.626000   -3.659027
1114.627000   -3.658339
1114.628000   -3.644927
1114.629000   -3.620646
1114.630000   -3.589019
1114.631000   -3.554991
1114.632000   -3.524261
1114.633000   -3.502274
1114.634000   -3.493052
1114.635000   -3.498049
1114.636000   -3.515396
1114.637000   -3.540043
1114.638000   -3.565328
1114.639000   -3.585826
1114.640000   -3.599703
1114.641000   -3.608558
1114.642000   -3.615327
1114.643000   -3.622324
1114.644000   -3.630346
1114.645000   -3.638450
1114.646000   -3.643958
1114.647000   -3.642673
1114.648000   -3.629822
1114.649000   -3.602336
1114.650000   -3.561765
1114.651000   -3.515267
1114.652000   -3.473179
1114.653000   -3.445233
1114.654000   -3.437639
1114.655000   -3.451528
1114.656000   -3.482441
1114.657000   -3.521140
1114.658000   -3.556807
1114.659000   -3.582453
1114.660000   -3.598437
1114.661000   -3.610260
1114.662000   -3.623829
1114.663000   -3.642693
1114.664000   -3.667487
1114.665000   -3.696090
1114.666000   -3.723726
1114.667000   -3.743243
1114.668000   -3.746844
1114.669000   -3.730198
1114.670000   -3.696435
1114.671000   -3.655220
1114.672000   -3.617799
1114.673000   -3.592927
1114.674000   -3.585158
1114.675000   -3.594256
1114.676000   -3.614823
1114.677000   -3.636796
1114.678000   -3.648931
1114.679000   -3.645805
1114.680000   -3.631917
1114.681000   -3.617429
1114.682000   -3.611412
1114.683000   -3.618706
1114.684000   -3.639669
1114.685000   -3.670680
1114.686000   -3.704625
1114.687000   -3.731999
1114.688000   -3.743950
1114.689000   -3.736920
1114.690000   -3.714736
1114.691000   -3.685630
1114.692000   -3.657798
1114.693000   -3.637004
1114.694000   -3.625978
1114.695000   -3.624279
1114.696000   -3.628048
1114.697000   -3.630222
1114.698000   -3.622778
1114.699000   -3.601781
1114.700000   -3.571456
1114.701000   -3.542114
1114.702000   -3.524387
1114.703000   -3.525214
1114.704000   -3.546519
1114.705000   -3.585174
1114.706000   -3.633513
1114.707000   -3.680859
1114.708000   -3.717043
1114.709000   -3.737054
1114.710000   -3.742780
1114.711000   -3.740036
1114.712000   -3.734607
1114.713000   -3.730272
1114.714000   -3.728453
1114.715000   -3.728283
1114.716000   -3.726627
1114.717000   -3.718459
1114.718000   -3.698656
1114.719000   -3.665557
1114.720000   -3.623658
1114.721000   -3.582086
1114.722000   -3.550390
1114.723000   -3.535422
1114.724000   -3.540132
1114.725000   -3.563415
1114.726000   -3.600291
1114.727000   -3.642469
1114.728000   -3.679920
1114.729000   -3.703914
1114.730000   -3.710396
1114.731000   -3.700844
1114.732000   -3.680064
1114.733000   -3.653467
1114.734000   -3.625615
1114.735000   -3.599817
1114.736000   -3.578021
1114.737000   -3.560509
1114.738000   -3.545478
1114.739000   -3.529230
1114.740000   -3.508072
1114.741000   -3.481699
1114.742000   -3.455006
1114.743000   -3.435867
1114.744000   -3.431074
1114.745000   -3.443688
1114.746000   -3.472443
1114.747000   -3.512451
1114.748000   -3.556552
1114.749000   -3.597010
1114.750000   -3.627321
1114.751000   -3.643601
1114.752000   -3.645010
1114.753000   -3.633205
1114.754000   -3.611421
1114.755000   -3.583709
1114.756000   -3.554492
1114.757000   -3.528188
1114.758000   -3.508715
1114.759000   -3.498760
1114.760000   -3.498981
1114.761000   -3.507485
1114.762000   -3.520160
1114.763000   -3.532268
1114.764000   -3.540801
1114.765000   -3.545868
1114.766000   -3.549937
1114.767000   -3.555933
1114.768000   -3.565809
1114.769000   -3.580055
1114.770000   -3.597707
1114.771000   -3.616384
1114.772000   -3.632243
1114.773000   -3.640139
1114.774000   -3.634663
1114.775000   -3.612619
1114.776000   -3.575832
1114.777000   -3.531477
1114.778000   -3.489250
1114.779000   -3.457942
1114.780000   -3.443390
1114.781000   -3.447632
1114.782000   -3.468550
1114.783000   -3.499788
1114.784000   -3.531474
1114.785000   -3.552987
1114.786000   -3.557961
1114.787000   -3.547705
1114.788000   -3.529151
1114.789000   -3.510191
1114.790000   -3.496776
1114.791000   -3.492156
1114.792000   -3.496873
1114.793000   -3.508527
1114.794000   -3.521336
1114.795000   -3.526558
1114.796000   -3.515731
1114.797000   -3.486708
1114.798000   -3.446681
1114.799000   -3.407937
1114.800000   -3.381634
1114.801000   -3.374543
1114.802000   -3.388237
1114.803000   -3.418907
1114.804000   -3.457412
1114.805000   -3.490903
1114.806000   -3.508242
1114.807000   -3.507361
1114.808000   -3.496089
1114.809000   -3.485322
1114.810000   -3.483199
1114.811000   -3.493601
1114.812000   -3.516651
1114.813000   -3.549284
1114.814000   -3.585436
1114.815000   -3.616452
1114.816000   -3.633120
1114.817000   -3.630064
1114.818000   -3.609382
1114.819000   -3.578971
1114.820000   -3.547785
1114.821000   -3.522788
1114.822000   -3.508100
1114.823000   -3.504822
1114.824000   -3.510645
1114.825000   -3.519394
1114.826000   -3.522000
1114.827000   -3.511026
1114.828000   -3.486932
1114.829000   -3.458588
1114.830000   -3.437146
1114.831000   -3.430654
1114.832000   -3.442223
1114.833000   -3.469922
1114.834000   -3.506980
1114.835000   -3.542548
1114.836000   -3.564699
1114.837000   -3.566430
1114.838000   -3.550166
1114.839000   -3.525224
1114.840000   -3.501728
1114.841000   -3.486951
1114.842000   -3.484393
1114.843000   -3.493699
1114.844000   -3.510515
1114.845000   -3.526786
1114.846000   -3.533383
1114.847000   -3.525826
1114.848000   -3.508251
1114.849000   -3.490233
1114.850000   -3.480700
1114.851000   -3.484744
1114.852000   -3.503164
1114.853000   -3.532786
1114.854000   -3.566744
1114.855000   -3.595369
1114.856000   -3.609214
1114.857000   -3.604138
1114.858000   -3.583967
1114.859000   -3.557422
1114.860000   -3.533241
1114.861000   -3.517517
1114.862000   -3.512909
1114.863000   -3.518293
1114.864000   -3.528400
1114.865000   -3.534531
1114.866000   -3.528524
1114.867000   -3.509226
1114.868000   -3.484265
1114.869000   -3.464445
1114.870000   -3.457876
1114.871000   -3.467828
1114.872000   -3.492648
1114.873000   -3.526023
1114.874000   -3.557754
1114.875000   -3.576639
1114.876000   -3.576292
1114.877000   -3.559303
1114.878000   -3.534438
1114.879000   -3.510782
1114.880000   -3.494461
1114.881000   -3.487829
1114.882000   -3.489297
1114.883000   -3.493256
1114.884000   -3.491176
1114.885000   -3.475901
1114.886000   -3.447798
1114.887000   -3.415604
1114.888000   -3.390553
1114.889000   -3.380861
1114.890000   -3.389771
1114.891000   -3.415447
1114.892000   -3.451380
1114.893000   -3.487685
1114.894000   -3.514744
1114.895000   -3.528606
1114.896000   -3.532815
1114.897000   -3.534418
1114.898000   -3.539333
1114.899000   -3.550521
1114.900000   -3.567832
1114.901000   -3.588076
1114.902000   -3.605086
1114.903000   -3.610738
1114.904000   -3.598483
1114.905000   -3.568096
1114.906000   -3.526301
1114.907000   -3.482485
1114.908000   -3.444683
1114.909000   -3.417922
1114.910000   -3.403640
1114.911000   -3.399135
1114.912000   -3.397275
1114.913000   -3.388556
1114.914000   -3.367518
1114.915000   -3.338463
1114.916000   -3.312539
1114.917000   -3.300223
1114.918000   -3.307054
1114.919000   -3.332831
1114.920000   -3.371946
1114.921000   -3.414318
1114.922000   -3.448106
1114.923000   -3.464971
1114.924000   -3.464504
1114.925000   -3.452848
1114.926000   -3.437659
1114.927000   -3.424727
1114.928000   -3.417044
1114.929000   -3.414809
1114.930000   -3.415566
1114.931000   -3.414752
1114.932000   -3.407671
1114.933000   -3.393112
1114.934000   -3.375723
1114.935000   -3.363952
1114.936000   -3.365527
1114.937000   -3.384366
1114.938000   -3.419766
1114.939000   -3.467078
1114.940000   -3.519203
1114.941000   -3.568571
1114.942000   -3.609066
1114.943000   -3.637166
1114.944000   -3.651782
1114.945000   -3.653314
1114.946000   -3.642774
1114.947000   -3.621415
1114.948000   -3.590821
1114.949000   -3.553278
1114.950000   -3.512100
1114.951000   -3.471625
1114.952000   -3.436693
1114.953000   -3.411666
1114.954000   -3.399333
1114.955000   -3.400132
1114.956000   -3.412102
1114.957000   -3.431709
1114.958000   -3.455219
1114.959000   -3.479833
1114.960000   -3.503956
1114.961000   -3.526722
1114.962000   -3.547396
1114.963000   -3.565070
1114.964000   -3.578665
1114.965000   -3.587067
1114.966000   -3.589244
1114.967000   -3.584345
1114.968000   -3.571852
1114.969000   -3.551927
1114.970000   -3.525971
1114.971000   -3.497073
1114.972000   -3.469833
1114.973000   -3.449344
1114.974000   -3.439776
1114.975000   -3.443184
1114.976000   -3.458947
1114.977000   -3.483932
1114.978000   -3.513344
1114.979000   -3.542075
1114.980000   -3.566120
1114.981000   -3.583443
1114.982000   -3.593910
1114.983000   -3.598601
1114.984000   -3.599035
1114.985000   -3.596647
1114.986000   -3.592493
1114.987000   -3.587091
1114.988000   -3.580382
1114.989000   -3.571895
1114.990000   -3.561243
1114.991000   -3.548836
1114.992000   -3.536366
1114.993000   -3.526608
1114.994000   -3.522541
1114.995000   -3.526307
1114.996000   -3.538493
1114.997000   -3.557917
1114.998000   -3.581864
1114.999000   -3.606678
1115.000000   -3.628601
1115.001000   -3.644653
1115.001000   -3.644653
1115.002000   -3.653267
1115.003000   -3.654439
1115.004000   -3.649383
1115.005000   -3.639909
1115.006000   -3.627810
1115.007000   -3.614440
1115.008000   -3.600568
1115.009000   -3.586484
1115.010000   -3.572300
1115.011000   -3.558310
1115.012000   -3.545243
1115.013000   -3.534266
1115.014000   -3.526703
1115.015000   -3.523582
1115.016000   -3.525262
1115.017000   -3.531290
1115.018000   -3.540549
1115.019000   -3.551600
1115.020000   -3.563062
1115.021000   -3.573860
1115.022000   -3.583279
1115.023000   -3.590841
1115.024000   -3.596124
1115.025000   -3.598642
1115.026000   -3.597870
1115.027000   -3.593395
1115.028000   -3.585117
1115.029000   -3.573376
1115.030000   -3.558950
1115.031000   -3.542895
1115.032000   -3.526318
1115.033000   -3.510181
1115.034000   -3.495275
1115.035000   -3.482360
1115.036000   -3.472381
1115.037000   -3.466564
1115.038000   -3.466239
1115.039000   -3.472446
1115.040000   -3.485468
1115.041000   -3.504506
1115.042000   -3.527633
1115.043000   -3.552055
1115.044000   -3.574628
1115.045000   -3.592465
1115.046000   -3.603431
1115.047000   -3.606392
1115.048000   -3.601188
1115.049000   -3.588432
1115.050000   -3.569276
1115.051000   -3.545256
1115.052000   -3.518244
1115.053000   -3.490486
1115.054000   -3.464568
1115.055000   -3.443220
1115.056000   -3.428884
1115.057000   -3.423164
1115.058000   -3.426352
1115.059000   -3.437293
1115.060000   -3.453749
1115.061000   -3.473155
1115.062000   -3.493404
1115.063000   -3.513233
1115.064000   -3.532093
1115.065000   -3.549752
1115.066000   -3.565904
1115.067000   -3.579887
1115.068000   -3.590526
1115.069000   -3.596126
1115.070000   -3.594759
1115.071000   -3.584953
1115.072000   -3.566739
1115.073000   -3.542537
1115.074000   -3.517121
1115.075000   -3.496403
1115.076000   -3.485572
1115.077000   -3.487486
1115.078000   -3.501841
1115.079000   -3.525314
1115.080000   -3.552728
1115.081000   -3.578988
1115.082000   -3.600887
1115.083000   -3.617699
1115.084000   -3.630383
1115.085000   -3.640314
1115.086000   -3.648267
1115.087000   -3.653878
1115.088000   -3.655458
1115.089000   -3.650158
1115.090000   -3.634747
1115.091000   -3.607316
1115.092000   -3.569431
1115.093000   -3.527063
1115.094000   -3.489054
1115.095000   -3.464081
1115.096000   -3.457985
1115.097000   -3.472323
1115.098000   -3.503919
1115.099000   -3.545366
1115.100000   -3.587056
1115.101000   -3.620987
1115.102000   -3.644202
1115.103000   -3.658741
1115.104000   -3.668617
1115.105000   -3.677131
1115.106000   -3.685853
1115.107000   -3.694669
1115.108000   -3.701980
1115.109000   -3.704742
1115.110000   -3.698660
1115.111000   -3.679355
1115.112000   -3.645016
1115.113000   -3.599168
1115.114000   -3.550555
1115.115000   -3.509824
1115.116000   -3.485788
1115.117000   -3.483127
1115.118000   -3.501445
1115.119000   -3.535173
1115.120000   -3.574599
1115.121000   -3.608979
1115.122000   -3.631423
1115.123000   -3.641940
1115.124000   -3.645535
1115.125000   -3.647996
1115.126000   -3.653357
1115.127000   -3.663410
1115.128000   -3.677980
1115.129000   -3.695080
1115.130000   -3.710744
1115.131000   -3.719029
1115.132000   -3.713237
1115.133000   -3.689149
1115.134000   -3.648651
1115.135000   -3.599887
1115.136000   -3.553637
1115.137000   -3.519517
1115.138000   -3.503853
1115.139000   -3.508786
1115.140000   -3.531719
1115.141000   -3.564915
1115.142000   -3.596317
1115.143000   -3.613733
1115.144000   -3.612112
1115.145000   -3.596857
1115.146000   -3.578697
1115.147000   -3.567017
1115.148000   -3.567088
1115.149000   -3.580083
1115.150000   -3.603789
1115.151000   -3.633089
1115.152000   -3.660298
1115.153000   -3.676261
1115.154000   -3.673360
1115.155000   -3.649876
1115.156000   -3.611635
1115.157000   -3.568724
1115.158000   -3.531009
1115.159000   -3.505698
1115.160000   -3.496661
1115.161000   -3.504320
1115.162000   -3.525426
1115.163000   -3.552944
1115.164000   -3.577146
1115.165000   -3.589210
1115.166000   -3.586187
1115.167000   -3.572292
1115.168000   -3.555038
1115.169000   -3.541034
1115.170000   -3.534351
1115.171000   -3.536563
1115.172000   -3.547080
1115.173000   -3.563096
1115.174000   -3.579203
1115.175000   -3.587484
1115.176000   -3.579668
1115.177000   -3.552231
1115.178000   -3.510556
1115.179000   -3.466639
1115.180000   -3.433033
1115.181000   -3.418719
1115.182000   -3.427715
1115.183000   -3.458970
1115.184000   -3.506542
1115.185000   -3.560223
1115.186000   -3.607627
1115.187000   -3.638592
1115.188000   -3.649774
1115.189000   -3.644716
1115.190000   -3.629776
1115.191000   -3.610729
1115.192000   -3.591695
1115.193000   -3.575246
1115.194000   -3.562575
1115.195000   -3.553201
1115.196000   -3.544330
1115.197000   -3.530808
1115.198000   -3.507401
1115.199000   -3.473817
1115.200000   -3.437540
1115.201000   -3.410086
1115.202000   -3.400956
1115.203000   -3.414356
1115.204000   -3.448762
1115.205000   -3.497864
1115.206000   -3.552228
1115.207000   -3.601729
1115.208000   -3.638473
1115.209000   -3.658944
1115.210000   -3.663894
1115.211000   -3.656414
1115.212000   -3.639993
1115.213000   -3.617531
1115.214000   -3.591104
1115.215000   -3.562080
1115.216000   -3.531338
1115.217000   -3.499636
1115.218000   -3.468183
1115.219000   -3.439252
1115.220000   -3.416265
1115.221000   -3.402981
1115.222000   -3.402175
1115.223000   -3.414588
1115.224000   -3.438623
1115.225000   -3.470836
1115.226000   -3.506932
1115.227000   -3.542823
1115.228000   -3.575316
1115.229000   -3.602244
1115.230000   -3.622199
1115.231000   -3.634194
1115.232000   -3.637436
1115.233000   -3.631307
1115.234000   -3.615558
1115.235000   -3.590705
1115.236000   -3.558458
1115.237000   -3.521909
1115.238000   -3.485227
1115.239000   -3.452855
1115.240000   -3.428510
1115.241000   -3.414276
1115.242000   -3.410100
1115.243000   -3.413912
1115.244000   -3.422516
1115.245000   -3.432989
1115.246000   -3.443824
1115.247000   -3.455073
1115.248000   -3.467537
1115.249000   -3.481790
1115.250000   -3.497612
1115.251000   -3.513886
1115.252000   -3.528779
1115.253000   -3.540048
1115.254000   -3.545472
1115.255000   -3.543389
1115.256000   -3.533291
1115.257000   -3.516213
1115.258000   -3.494684
1115.259000   -3.472204
1115.260000   -3.452485
1115.261000   -3.438716
1115.262000   -3.432961
1115.263000   -3.435772
1115.264000   -3.446058
1115.265000   -3.461372
1115.266000   -3.478671
1115.267000   -3.495377
1115.268000   -3.510231
1115.269000   -3.523408
1115.270000   -3.535918
1115.271000   -3.548799
1115.272000   -3.562558
1115.273000   -3.576936
1115.274000   -3.590898
1115.275000   -3.602754
1115.276000   -3.610407
1115.277000   -3.611765
1115.278000   -3.605379
1115.279000   -3.591173
1115.280000   -3.570925
1115.281000   -3.548109
1115.282000   -3.527070
1115.283000   -3.511906
1115.284000   -3.505500
1115.285000   -3.508938
1115.286000   -3.521342
1115.287000   -3.540143
1115.288000   -3.561755
1115.289000   -3.582539
1115.290000   -3.599719
1115.291000   -3.611853
1115.292000   -3.618696
1115.293000   -3.620689
1115.294000   -3.618455
1115.295000   -3.612494
1115.296000   -3.603061
1115.297000   -3.590153
1115.298000   -3.573585
1115.299000   -3.553224
1115.300000   -3.529473
1115.301000   -3.503860
1115.302000   -3.479356
1115.303000   -3.459997
1115.304000   -3.449820
1115.305000   -3.451624
1115.306000   -3.466091
1115.307000   -3.491585
1115.308000   -3.524667
1115.309000   -3.561131
1115.310000   -3.597168
1115.311000   -3.630113
1115.312000   -3.658523
1115.313000   -3.681724
1115.314000   -3.699258
1115.315000   -3.710476
1115.316000   -3.714352
1115.317000   -3.709514
1115.318000   -3.694594
1115.319000   -3.669004
1115.320000   -3.633995
1115.321000   -3.593385
1115.322000   -3.553219
1115.323000   -3.520355
1115.324000   -3.500631
1115.325000   -3.497278
1115.326000   -3.509927
1115.327000   -3.534467
1115.328000   -3.564193
1115.329000   -3.592452
1115.330000   -3.615621
1115.331000   -3.633986
1115.332000   -3.649993
1115.333000   -3.666056
1115.334000   -3.683456
1115.335000   -3.702107
1115.336000   -3.720494
1115.337000   -3.735455
1115.338000   -3.742073
1115.339000   -3.734548
1115.340000   -3.708963
1115.341000   -3.666846
1115.342000   -3.615850
1115.343000   -3.566467
1115.344000   -3.528334
1115.345000   -3.508244
1115.346000   -3.509258
1115.347000   -3.530072
1115.348000   -3.564388
1115.349000   -3.601208
1115.350000   -3.627944
1115.351000   -3.637032
1115.352000   -3.630495
1115.353000   -3.616671
1115.354000   -3.604010
1115.355000   -3.598018
1115.356000   -3.600975
1115.357000   -3.612420
1115.358000   -3.629360
1115.359000   -3.646132
1115.360000   -3.654781
1115.361000   -3.647479
1115.362000   -3.621329
1115.363000   -3.581456
1115.364000   -3.538301
1115.365000   -3.502408
1115.366000   -3.481320
1115.367000   -3.478737
1115.368000   -3.494536
1115.369000   -3.524780
1115.370000   -3.561739
1115.371000   -3.594890
1115.372000   -3.614238
1115.373000   -3.615529
1115.374000   -3.602489
1115.375000   -3.583296
1115.376000   -3.565840
1115.377000   -3.555571
1115.378000   -3.555348
1115.379000   -3.565770
1115.380000   -3.585140
1115.381000   -3.608956
1115.382000   -3.629534
1115.383000   -3.637248
1115.384000   -3.624978
1115.385000   -3.593583
1115.386000   -3.551961
1115.387000   -3.511596
1115.388000   -3.481952
1115.389000   -3.468854
1115.390000   -3.474300
1115.391000   -3.496385
1115.392000   -3.528972
1115.393000   -3.561845
1115.394000   -3.583100
1115.395000   -3.585060
1115.396000   -3.569454
1115.397000   -3.545087
1115.398000   -3.521443
1115.399000   -3.505060
1115.400000   -3.499056
1115.401000   -3.503736
1115.402000   -3.516990
1115.403000   -3.534153
1115.404000   -3.547774
1115.405000   -3.548748
1115.406000   -3.530547
1115.407000   -3.494783
1115.408000   -3.451453
1115.409000   -3.413233
1115.410000   -3.390300
1115.411000   -3.388292
1115.412000   -3.408034
1115.413000   -3.445657
1115.414000   -3.492805
1115.415000   -3.537794
1115.416000   -3.569182
1115.417000   -3.581327
1115.418000   -3.576941
1115.419000   -3.563562
1115.420000   -3.548680
1115.421000   -3.537552
1115.422000   -3.533104
1115.423000   -3.536297
1115.424000   -3.546008
1115.425000   -3.558376
1115.426000   -3.566449
1115.427000   -3.561939
1115.428000   -3.540439
1115.429000   -3.506454
1115.430000   -3.471611
1115.431000   -3.448088
1115.432000   -3.443939
1115.433000   -3.461778
1115.434000   -3.499105
1115.435000   -3.549091
1115.436000   -3.601799
1115.437000   -3.646395
1115.438000   -3.674407
1115.439000   -3.682634
1115.440000   -3.673323
1115.441000   -3.651733
1115.442000   -3.623583
1115.443000   -3.593727
1115.444000   -3.565788
1115.445000   -3.542110
1115.446000   -3.523633
1115.447000   -3.509694
1115.448000   -3.498164
1115.449000   -3.486515
1115.450000   -3.473718
1115.451000   -3.461639
1115.452000   -3.454403
1115.453000   -3.456150
1115.454000   -3.469024
1115.455000   -3.492441
1115.456000   -3.523513
1115.457000   -3.558042
1115.458000   -3.591537
1115.459000   -3.619936
1115.460000   -3.639990
1115.461000   -3.649436
1115.462000   -3.647128
1115.463000   -3.633193
1115.464000   -3.609178
1115.465000   -3.578051
1115.466000   -3.543897
1115.467000   -3.511317
1115.468000   -3.484587
1115.469000   -3.466721
1115.470000   -3.458698
1115.471000   -3.459135
1115.472000   -3.464810
1115.473000   -3.472200
1115.474000   -3.479398
1115.475000   -3.487037
1115.476000   -3.497496
1115.477000   -3.513197
1115.478000   -3.535250
1115.479000   -3.562856
1115.480000   -3.593277
1115.481000   -3.622189
1115.482000   -3.644457
1115.483000   -3.655478
1115.484000   -3.652863
1115.485000   -3.637522
1115.486000   -3.613315
1115.487000   -3.585510
1115.488000   -3.559112
1115.489000   -3.537739
1115.490000   -3.523056
1115.491000   -3.514603
1115.492000   -3.510041
1115.493000   -3.506079
1115.494000   -3.500118
1115.495000   -3.491917
1115.496000   -3.483911
1115.497000   -3.479868
1115.498000   -3.482942
1115.499000   -3.494382
1115.500000   -3.513182
1115.501000   -3.536463
1115.501000   -3.536463
1115.502000   -3.560222
1115.503000   -3.580272
1115.504000   -3.593187
1115.505000   -3.597051
1115.506000   -3.591712
1115.507000   -3.578518
1115.508000   -3.559755
1115.509000   -3.538098
1115.510000   -3.516221
1115.511000   -3.496534
1115.512000   -3.480955
1115.513000   -3.470682
1115.514000   -3.466038
1115.515000   -3.466524
1115.516000   -3.471201
1115.517000   -3.479256
1115.518000   -3.490396
1115.519000   -3.504762
1115.520000   -3.522487
1115.521000   -3.543250
1115.522000   -3.566064
1115.523000   -3.589270
1115.524000   -3.610616
1115.525000   -3.627372
1115.526000   -3.636518
1115.527000   -3.635090
1115.528000   -3.620800
1115.529000   -3.592973
1115.530000   -3.553500
1115.531000   -3.507175
1115.532000   -3.460925
1115.533000   -3.422212
1115.534000   -3.397330
1115.535000   -3.390082
1115.536000   -3.401021
1115.537000   -3.427284
1115.538000   -3.463144
1115.539000   -3.501432
1115.540000   -3.535588
1115.541000   -3.561471
1115.542000   -3.577821
1115.543000   -3.585304
1115.544000   -3.585260
1115.545000   -3.578994
1115.546000   -3.567634
1115.547000   -3.552200
1115.548000   -3.533594
1115.549000   -3.512422
1115.550000   -3.488839
1115.551000   -3.462801
1115.552000   -3.434983
1115.553000   -3.407882
1115.554000   -3.386006
1115.555000   -3.374598
1115.556000   -3.377639
1115.557000   -3.396324
1115.558000   -3.428539
1115.559000   -3.469362
1115.560000   -3.512383
1115.561000   -3.551431
1115.562000   -3.582083
1115.563000   -3.602283
1115.564000   -3.611971
1115.565000   -3.612278
1115.566000   -3.604821
1115.567000   -3.591255
1115.568000   -3.573057
1115.569000   -3.551498
1115.570000   -3.527823
1115.571000   -3.503615
1115.572000   -3.481138
1115.573000   -3.463315
1115.574000   -3.453184
1115.575000   -3.452981
1115.576000   -3.463326
1115.577000   -3.482882
1115.578000   -3.508642
1115.579000   -3.536718
1115.580000   -3.563337
1115.581000   -3.585629
1115.582000   -3.601915
1115.583000   -3.611523
1115.584000   -3.614384
1115.585000   -3.610635
1115.586000   -3.600383
1115.587000   -3.583722
1115.588000   -3.561080
1115.589000   -3.533806
1115.590000   -3.504670
1115.591000   -3.477799
1115.592000   -3.457873
1115.593000   -3.448834
1115.594000   -3.452664
1115.595000   -3.468690
1115.596000   -3.493688
1115.597000   -3.522906
1115.598000   -3.551712
1115.599000   -3.577094
1115.600000   -3.598169
1115.601000   -3.615552
1115.602000   -3.630338
1115.603000   -3.643298
1115.604000   -3.654478
1115.605000   -3.663051
1115.606000   -3.667380
1115.607000   -3.665351
1115.608000   -3.655142
1115.609000   -3.636351
1115.610000   -3.610978
1115.611000   -3.583437
1115.612000   -3.559362
1115.613000   -3.543896
1115.614000   -3.540300
1115.615000   -3.549237
1115.616000   -3.568738
1115.617000   -3.594799
1115.618000   -3.622609
1115.619000   -3.648103
1115.620000   -3.669156
1115.621000   -3.685714
1115.622000   -3.698940
1115.623000   -3.710137
1115.624000   -3.720056
1115.625000   -3.728664
1115.626000   -3.735195
1115.627000   -3.738290
1115.628000   -3.736216
1115.629000   -3.727251
1115.630000   -3.710319
1115.631000   -3.685751
1115.632000   -3.655759
1115.633000   -3.624198
1115.634000   -3.595649
1115.635000   -3.574213
1115.636000   -3.562441
1115.637000   -3.560608
1115.638000   -3.566504
1115.639000   -3.576021
1115.640000   -3.584699
1115.641000   -3.589771
1115.642000   -3.591348
1115.643000   -3.591802
1115.644000   -3.594067
1115.645000   -3.600190
1115.646000   -3.610669
1115.647000   -3.624348
1115.648000   -3.638515
1115.649000   -3.649152
1115.650000   -3.651576
1115.651000   -3.641781
1115.652000   -3.618377
1115.653000   -3.584011
1115.654000   -3.544985
1115.655000   -3.509232
1115.656000   -3.483938
1115.657000   -3.473718
1115.658000   -3.479498
1115.659000   -3.498077
1115.660000   -3.522703
1115.661000   -3.545427
1115.662000   -3.561016
1115.663000   -3.569577
1115.664000   -3.575223
1115.665000   -3.582569
1115.666000   -3.594317
1115.667000   -3.610650
1115.668000   -3.629586
1115.669000   -3.647515
1115.670000   -3.659685
1115.671000   -3.660873
1115.672000   -3.646736
1115.673000   -3.615943
1115.674000   -3.571832
1115.675000   -3.521819
1115.676000   -3.474820
1115.677000   -3.438573
1115.678000   -3.417894
1115.679000   -3.413801
1115.680000   -3.423165
1115.681000   -3.439056
1115.682000   -3.452576
1115.683000   -3.456527
1115.684000   -3.448945
1115.685000   -3.433144
1115.686000   -3.414615
1115.687000   -3.398171
1115.688000   -3.386855
1115.689000   -3.381909
1115.690000   -3.382944
1115.691000   -3.387892
1115.692000   -3.392905
1115.693000   -3.392920
1115.694000   -3.383703
1115.695000   -3.364946
1115.696000   -3.341673
1115.697000   -3.321994
1115.698000   -3.313341
1115.699000   -3.319983
1115.700000   -3.342361
1115.701000   -3.377493
1115.702000   -3.419841
1115.703000   -3.462412
1115.704000   -3.498055
1115.705000   -3.520871
1115.706000   -3.527493
1115.707000   -3.517749
1115.708000   -3.494407
1115.709000   -3.462205
1115.710000   -3.426745
1115.711000   -3.393572
1115.712000   -3.367482
1115.713000   -3.351924
1115.714000   -3.348402
1115.715000   -3.355950
1115.716000   -3.371005
1115.717000   -3.388183
1115.718000   -3.402179
1115.719000   -3.410056
1115.720000   -3.412186
1115.721000   -3.411125
1115.722000   -3.409791
1115.723000   -3.410332
1115.724000   -3.413802
1115.725000   -3.420086
1115.726000   -3.427660
1115.727000   -3.433289
1115.728000   -3.432257
1115.729000   -3.420064
1115.730000   -3.395590
1115.731000   -3.363307
1115.732000   -3.331903
1115.733000   -3.310552
1115.734000   -3.305846
1115.735000   -3.320239
1115.736000   -3.351439
1115.737000   -3.392385
1115.738000   -3.432439
1115.739000   -3.461096
1115.740000   -3.473518
1115.741000   -3.472965
1115.742000   -3.467346
1115.743000   -3.464316
1115.744000   -3.468784
1115.745000   -3.482397
1115.746000   -3.503585
1115.747000   -3.527567
1115.748000   -3.546903
1115.749000   -3.553885
1115.750000   -3.545106
1115.751000   -3.524526
1115.752000   -3.501157
1115.753000   -3.484107
1115.754000   -3.479432
1115.755000   -3.489299
1115.756000   -3.512092
1115.757000   -3.542698
1115.758000   -3.573222
1115.759000   -3.595134
1115.760000   -3.603242
1115.761000   -3.598859
1115.762000   -3.588630
1115.763000   -3.580400
1115.764000   -3.580062
1115.765000   -3.590408
1115.766000   -3.611029
1115.767000   -3.638427
1115.768000   -3.666349
1115.769000   -3.687164
1115.770000   -3.695014
1115.771000   -3.689291
1115.772000   -3.674957
1115.773000   -3.659331
1115.774000   -3.648733
1115.775000   -3.646945
1115.776000   -3.654922
1115.777000   -3.670767
1115.778000   -3.689707
1115.779000   -3.704636
1115.780000   -3.708357
1115.781000   -3.697529
1115.782000   -3.675233
1115.783000   -3.649178
1115.784000   -3.627628
1115.785000   -3.616589
1115.786000   -3.618825
1115.787000   -3.633709
1115.788000   -3.657236
1115.789000   -3.682349
1115.790000   -3.700420
1115.791000   -3.704642
1115.792000   -3.693910
1115.793000   -3.673499
1115.794000   -3.651794
1115.795000   -3.636523
1115.796000   -3.632741
1115.797000   -3.642203
1115.798000   -3.663217
1115.799000   -3.690735
1115.800000   -3.717135
1115.801000   -3.734599
1115.802000   -3.738932
1115.803000   -3.732064
1115.804000   -3.720518
1115.805000   -3.711566
1115.806000   -3.710403
1115.807000   -3.719086
1115.808000   -3.736487
1115.809000   -3.758545
1115.810000   -3.778754
1115.811000   -3.789372
1115.812000   -3.783946
1115.813000   -3.760554
1115.814000   -3.723285
1115.815000   -3.680383
1115.816000   -3.640857
1115.817000   -3.611914
1115.818000   -3.597693
1115.819000   -3.598724
1115.820000   -3.611693
1115.821000   -3.629696
1115.822000   -3.643770
1115.823000   -3.646349
1115.824000   -3.635192
1115.825000   -3.614213
1115.826000   -3.590447
1115.827000   -3.570500
1115.828000   -3.558788
1115.829000   -3.557208
1115.830000   -3.565214
1115.831000   -3.579715
1115.832000   -3.594929
1115.833000   -3.603020
1115.834000   -3.596736
1115.835000   -3.573848
1115.836000   -3.539731
1115.837000   -3.504879
1115.838000   -3.479967
1115.839000   -3.472315
1115.840000   -3.484493
1115.841000   -3.514126
1115.842000   -3.554256
1115.843000   -3.594548
1115.844000   -3.624128
1115.845000   -3.635877
1115.846000   -3.629503
1115.847000   -3.610532
1115.848000   -3.586573
1115.849000   -3.564300
1115.850000   -3.548245
1115.851000   -3.540675
1115.852000   -3.541748
1115.853000   -3.549604
1115.854000   -3.560480
1115.855000   -3.569243
1115.856000   -3.570871
1115.857000   -3.562688
1115.858000   -3.545910
1115.859000   -3.525017
1115.860000   -3.505504
1115.861000   -3.491852
1115.862000   -3.486681
1115.863000   -3.490819
1115.864000   -3.503667
1115.865000   -3.523389
1115.866000   -3.546746
1115.867000   -3.568803
1115.868000   -3.583186
1115.869000   -3.583771
1115.870000   -3.567858
1115.871000   -3.538627
1115.872000   -3.504262
1115.873000   -3.474495
1115.874000   -3.457421
1115.875000   -3.457746
1115.876000   -3.475989
1115.877000   -3.507994
1115.878000   -3.544840
1115.879000   -3.574326
1115.880000   -3.585579
1115.881000   -3.575455
1115.882000   -3.550376
1115.883000   -3.521411
1115.884000   -3.498647
1115.885000   -3.488622
1115.886000   -3.493840
1115.887000   -3.512748
1115.888000   -3.539600
1115.889000   -3.564887
1115.890000   -3.578037
1115.891000   -3.573195
1115.892000   -3.553813
1115.893000   -3.530167
1115.894000   -3.512905
1115.895000   -3.508959
1115.896000   -3.520654
1115.897000   -3.546130
1115.898000   -3.579901
1115.899000   -3.613543
1115.900000   -3.637451
1115.901000   -3.644502
1115.902000   -3.634016
1115.903000   -3.612019
1115.904000   -3.587496
1115.905000   -3.568493
1115.906000   -3.560175
1115.907000   -3.564172
1115.908000   -3.578262
1115.909000   -3.596238
1115.910000   -3.608993
1115.911000   -3.608268
1115.912000   -3.592050
1115.913000   -3.566330
1115.914000   -3.541042
1115.915000   -3.524921
1115.916000   -3.522895
1115.917000   -3.535442
1115.918000   -3.558616
1115.919000   -3.584458
1115.920000   -3.602763
1115.921000   -3.605363
1115.922000   -3.591269
1115.923000   -3.567428
1115.924000   -3.544089
1115.925000   -3.529910
1115.926000   -3.529744
1115.927000   -3.544161
1115.928000   -3.569413
1115.929000   -3.597627
1115.930000   -3.618231
1115.931000   -3.622066
1115.932000   -3.606986
1115.933000   -3.579401
1115.934000   -3.549875
1115.935000   -3.527956
1115.936000   -3.519524
1115.937000   -3.525881
1115.938000   -3.543348
1115.939000   -3.563359
1115.940000   -3.574556
1115.941000   -3.568517
1115.942000   -3.546246
1115.943000   -3.518047
1115.944000   -3.496837
1115.945000   -3.492118
1115.946000   -3.507509
1115.947000   -3.540375
1115.948000   -3.582343
1115.949000   -3.621034
1115.950000   -3.644243
1115.951000   -3.645996
1115.952000   -3.629527
1115.953000   -3.603842
1115.954000   -3.578248
1115.955000   -3.559297
1115.956000   -3.550074
1115.957000   -3.550386
1115.958000   -3.557144
1115.959000   -3.565029
1115.960000   -3.568012
1115.961000   -3.561928
