534.741000   1.413021
534.742000   1.405684
534.743000   1.399140
534.744000   1.393705
534.745000   1.389726
534.746000   1.387496
534.747000   1.387140
534.748000   1.388535
534.749000   1.391351
534.750000   1.395130
534.751000   1.399348
534.752000   1.403470
534.753000   1.407018
534.754000   1.409641
534.755000   1.411149
534.756000   1.411476
534.757000   1.410571
534.758000   1.408325
534.759000   1.404635
534.760000   1.399500
534.761000   1.393084
534.762000   1.385733
534.763000   1.377975
534.764000   1.370479
534.765000   1.363952
534.766000   1.358941
534.767000   1.355673
534.768000   1.354063
534.769000   1.353862
534.770000   1.354765
534.771000   1.356455
534.772000   1.358643
534.773000   1.361115
534.774000   1.363760
534.775000   1.366546
534.776000   1.369425
534.777000   1.372232
534.778000   1.374717
534.779000   1.376646
534.780000   1.377881
534.781000   1.378408
534.782000   1.378352
534.783000   1.377991
534.784000   1.377727
534.785000   1.377967
534.786000   1.378917
534.787000   1.380485
534.788000   1.382413
534.789000   1.384452
534.790000   1.386463
534.791000   1.388420
534.792000   1.390405
534.793000   1.392600
534.794000   1.395260
534.795000   1.398633
534.796000   1.402858
534.797000   1.407935
534.798000   1.413804
534.799000   1.420421
534.800000   1.427767
534.801000   1.435825
534.802000   1.444560
534.803000   1.453909
534.804000   1.463770
534.805000   1.473946
534.806000   1.484073
534.807000   1.493631
534.808000   1.502053
534.809000   1.508835
534.810000   1.513606
534.811000   1.516180
534.812000   1.516592
534.813000   1.515103
534.814000   1.512147
534.815000   1.508216
534.816000   1.503773
534.817000   1.499237
534.818000   1.495002
534.819000   1.491359
534.820000   1.488435
534.821000   1.486194
534.822000   1.484503
534.823000   1.483183
534.824000   1.482023
534.825000   1.480767
534.826000   1.479134
534.827000   1.476906
534.828000   1.473995
534.829000   1.470467
534.830000   1.466517
534.831000   1.462431
534.832000   1.458570
534.833000   1.455374
534.834000   1.453286
534.835000   1.452604
534.836000   1.453388
534.837000   1.455525
534.838000   1.458821
534.839000   1.463062
534.840000   1.468083
534.841000   1.473819
534.842000   1.480327
534.843000   1.487694
534.844000   1.495873
534.845000   1.504576
534.846000   1.513350
534.847000   1.521752
534.848000   1.529452
534.849000   1.536258
534.850000   1.542115
534.851000   1.547106
534.852000   1.551439
534.853000   1.555391
534.854000   1.559175
534.855000   1.562818
534.856000   1.566137
534.857000   1.568799
534.858000   1.570424
534.859000   1.570702
534.860000   1.569484
534.861000   1.566823
534.862000   1.562957
534.863000   1.558205
534.864000   1.552805
534.865000   1.546814
534.866000   1.540199
534.867000   1.532973
534.868000   1.525269
534.869000   1.517326
534.870000   1.509494
534.871000   1.502252
534.872000   1.496144
534.873000   1.491592
534.874000   1.488671
534.875000   1.487109
534.876000   1.486483
534.877000   1.486435
534.878000   1.486772
534.879000   1.487421
534.880000   1.488312
534.881000   1.489310
534.882000   1.490251
534.883000   1.490979
534.884000   1.491334
534.885000   1.491178
534.886000   1.490473
534.887000   1.489338
534.888000   1.488036
534.889000   1.486924
534.890000   1.486339
534.891000   1.486489
534.892000   1.487366
534.893000   1.488681
534.894000   1.489863
534.895000   1.490223
534.896000   1.489181
534.897000   1.486421
534.898000   1.481968
534.899000   1.476184
534.900000   1.469698
534.901000   1.463214
534.902000   1.457287
534.903000   1.452193
534.904000   1.447983
534.905000   1.444658
534.906000   1.442283
534.907000   1.440980
534.908000   1.440873
534.909000   1.442047
534.910000   1.444527
534.911000   1.448248
534.912000   1.452963
534.913000   1.458154
534.914000   1.463124
534.915000   1.467217
534.916000   1.469975
534.917000   1.471175
534.918000   1.470822
534.919000   1.469147
534.920000   1.466589
534.921000   1.463702
534.922000   1.460955
534.923000   1.458580
534.924000   1.456628
534.925000   1.455108
534.926000   1.454053
534.927000   1.453544
534.928000   1.453735
534.929000   1.454868
534.930000   1.457231
534.931000   1.461042
534.932000   1.466315
534.933000   1.472876
534.934000   1.480490
534.935000   1.488938
534.936000   1.497985
534.937000   1.507313
534.938000   1.516561
534.939000   1.525438
534.940000   1.533829
534.941000   1.541720
534.942000   1.549024
534.943000   1.555489
534.944000   1.560769
534.945000   1.564515
534.946000   1.566440
534.947000   1.566388
534.948000   1.564408
534.949000   1.560780
534.950000   1.555918
534.951000   1.550168
534.952000   1.543696
534.953000   1.536595
534.954000   1.529039
534.955000   1.521319
534.956000   1.513818
534.957000   1.506987
534.958000   1.501341
534.959000   1.497431
534.960000   1.495732
534.961000   1.496473
534.962000   1.499586
534.963000   1.504801
534.964000   1.511750
534.965000   1.520018
534.966000   1.529183
534.967000   1.538867
534.968000   1.548793
534.969000   1.558772
534.970000   1.568594
534.971000   1.577923
534.972000   1.586346
534.973000   1.593516
534.974000   1.599223
534.975000   1.603402
534.976000   1.606152
534.977000   1.607750
534.978000   1.608624
534.979000   1.609200
534.980000   1.609678
534.981000   1.609969
534.982000   1.609843
534.983000   1.609090
534.984000   1.607586
534.985000   1.605296
534.986000   1.602267
534.987000   1.598594
534.988000   1.594369
534.989000   1.589545
534.990000   1.583832
534.991000   1.576755
534.992000   1.567854
534.993000   1.556852
534.994000   1.543724
534.995000   1.528687
534.996000   1.512147
534.997000   1.494624
534.998000   1.476609
534.999000   1.458393
535.000000   1.439999
535.001000   1.421320
535.001000   1.421320
535.002000   1.402280
535.003000   1.382894
535.004000   1.363267
535.005000   1.343601
535.006000   1.324200
535.007000   1.305440
535.008000   1.287665
535.009000   1.271075
535.010000   1.255717
535.011000   1.241633
535.012000   1.228968
535.013000   1.217942
535.014000   1.208775
535.015000   1.201667
535.016000   1.196829
535.017000   1.194446
535.018000   1.194542
535.019000   1.196882
535.020000   1.201052
535.021000   1.206645
535.022000   1.213367
535.023000   1.221024
535.024000   1.229468
535.025000   1.238561
535.026000   1.248172
535.027000   1.258171
535.028000   1.268355
535.029000   1.278425
535.030000   1.288091
535.031000   1.297192
535.032000   1.305728
535.033000   1.313826
535.034000   1.321710
535.035000   1.329643
535.036000   1.337867
535.037000   1.346515
535.038000   1.355537
535.039000   1.364765
535.040000   1.374035
535.041000   1.383265
535.042000   1.392443
535.043000   1.401623
535.044000   1.410924
535.045000   1.420524
535.046000   1.430607
535.047000   1.441203
535.048000   1.452093
535.049000   1.462890
535.050000   1.473203
535.051000   1.482718
535.052000   1.491197
535.053000   1.498491
535.054000   1.504563
535.055000   1.509491
535.056000   1.513387
535.057000   1.516294
535.058000   1.518200
535.059000   1.519153
535.060000   1.519323
535.061000   1.518993
535.062000   1.518551
535.063000   1.518493
535.064000   1.519425
535.065000   1.521999
535.066000   1.526748
535.067000   1.533890
535.068000   1.543294
535.069000   1.554593
535.070000   1.567302
535.071000   1.580898
535.072000   1.594877
535.073000   1.608799
535.074000   1.622296
535.075000   1.635012
535.076000   1.646454
535.077000   1.655985
535.078000   1.663000
535.079000   1.667120
535.080000   1.668258
535.081000   1.666627
535.082000   1.662713
535.083000   1.657228
535.084000   1.650995
535.085000   1.644768
535.086000   1.639059
535.087000   1.634108
535.088000   1.629962
535.089000   1.626552
535.090000   1.623752
535.091000   1.621439
535.092000   1.619554
535.093000   1.618138
535.094000   1.617291
535.095000   1.617040
535.096000   1.617224
535.097000   1.617552
535.098000   1.617775
535.099000   1.617789
535.100000   1.617663
535.101000   1.617656
535.102000   1.618192
535.103000   1.619788
535.104000   1.622854
535.105000   1.627457
535.106000   1.633289
535.107000   1.639858
535.108000   1.646678
535.109000   1.653343
535.110000   1.659549
535.111000   1.665105
535.112000   1.669925
535.113000   1.673999
535.114000   1.677323
535.115000   1.679856
535.116000   1.681576
535.117000   1.682582
535.118000   1.683126
535.119000   1.683574
535.120000   1.684335
535.121000   1.685774
535.122000   1.688142
535.123000   1.691490
535.124000   1.695566
535.125000   1.699784
535.126000   1.703369
535.127000   1.705582
535.128000   1.705835
535.129000   1.703736
535.130000   1.699083
535.131000   1.691870
535.132000   1.682275
535.133000   1.670559
535.134000   1.656935
535.135000   1.641569
535.136000   1.624720
535.137000   1.606812
535.138000   1.588395
535.139000   1.570048
535.140000   1.552313
535.141000   1.535650
535.142000   1.520410
535.143000   1.506785
535.144000   1.494792
535.145000   1.484353
535.146000   1.475379
535.147000   1.467788
535.148000   1.461490
535.149000   1.456389
535.150000   1.452420
535.151000   1.449595
535.152000   1.447976
535.153000   1.447537
535.154000   1.448039
535.155000   1.449092
535.156000   1.450321
535.157000   1.451460
535.158000   1.452370
535.159000   1.453046
535.160000   1.453614
535.161000   1.454292
535.162000   1.455238
535.163000   1.456396
535.164000   1.457508
535.165000   1.458266
535.166000   1.458396
535.167000   1.457648
535.168000   1.455796
535.169000   1.452681
535.170000   1.448282
535.171000   1.442733
535.172000   1.436241
535.173000   1.428977
535.174000   1.421024
535.175000   1.412403
535.176000   1.403077
535.177000   1.392969
535.178000   1.381998
535.179000   1.370161
535.180000   1.357584
535.181000   1.344453
535.182000   1.330852
535.183000   1.316699
535.184000   1.301860
535.185000   1.286307
535.186000   1.270179
535.187000   1.253763
535.188000   1.237458
535.189000   1.221751
535.190000   1.207159
535.191000   1.194080
535.192000   1.182677
535.193000   1.172954
535.194000   1.164920
535.195000   1.158679
535.196000   1.154444
535.197000   1.152520
535.198000   1.153235
535.199000   1.156835
535.200000   1.163392
535.201000   1.172760
535.202000   1.184613
535.203000   1.198552
535.204000   1.214187
535.205000   1.231176
535.206000   1.249247
535.207000   1.268213
535.208000   1.287989
535.209000   1.308527
535.210000   1.329651
535.211000   1.350878
535.212000   1.371478
535.213000   1.390707
535.214000   1.408004
535.215000   1.423060
535.216000   1.435830
535.217000   1.446512
535.218000   1.455491
535.219000   1.463213
535.220000   1.470032
535.221000   1.476154
535.222000   1.481677
535.223000   1.486659
535.224000   1.491156
535.225000   1.495264
535.226000   1.499147
535.227000   1.503043
535.228000   1.507220
535.229000   1.511837
535.230000   1.516798
535.231000   1.521754
535.232000   1.526261
535.233000   1.529918
535.234000   1.532442
535.235000   1.533702
535.236000   1.533738
535.237000   1.532752
535.238000   1.531039
535.239000   1.528866
535.240000   1.526409
535.241000   1.523813
535.242000   1.521264
535.243000   1.519005
535.244000   1.517312
535.245000   1.516467
535.246000   1.516750
535.247000   1.518393
535.248000   1.521493
535.249000   1.525920
535.250000   1.531351
535.251000   1.537409
535.252000   1.543771
535.253000   1.550195
535.254000   1.556522
535.255000   1.562670
535.256000   1.568633
535.257000   1.574446
535.258000   1.580100
535.259000   1.585498
535.260000   1.590518
535.261000   1.595108
535.262000   1.599320
535.263000   1.603293
535.264000   1.607222
535.265000   1.611311
535.266000   1.615693
535.267000   1.620330
535.268000   1.624960
535.269000   1.629183
535.270000   1.632609
535.271000   1.634958
535.272000   1.636080
535.273000   1.635957
535.274000   1.634694
535.275000   1.632515
535.276000   1.629699
535.277000   1.626470
535.278000   1.622938
535.279000   1.619150
535.280000   1.615188
535.281000   1.611188
535.282000   1.607327
535.283000   1.603793
535.284000   1.600755
535.285000   1.598320
535.286000   1.596432
535.287000   1.594806
535.288000   1.593008
535.289000   1.590634
535.290000   1.587428
535.291000   1.583314
535.292000   1.578392
535.293000   1.572944
535.294000   1.567429
535.295000   1.562402
535.296000   1.558354
535.297000   1.555575
535.298000   1.554169
535.299000   1.554147
535.300000   1.555483
535.301000   1.558152
535.302000   1.562146
535.303000   1.567494
535.304000   1.574219
535.305000   1.582219
535.306000   1.591127
535.307000   1.600315
535.308000   1.609047
535.309000   1.616652
535.310000   1.622635
535.311000   1.626748
535.312000   1.629040
535.313000   1.629851
535.314000   1.629683
535.315000   1.628991
535.316000   1.628041
535.317000   1.626959
535.318000   1.625837
535.319000   1.624804
535.320000   1.624031
535.321000   1.623739
535.322000   1.624186
535.323000   1.625624
535.324000   1.628220
535.325000   1.631981
535.326000   1.636727
535.327000   1.642136
535.328000   1.647819
535.329000   1.653387
535.330000   1.658520
535.331000   1.663042
535.332000   1.666955
535.333000   1.670397
535.334000   1.673478
535.335000   1.676129
535.336000   1.678106
535.337000   1.679124
535.338000   1.678987
535.339000   1.677653
535.340000   1.675288
535.341000   1.672244
535.342000   1.668998
535.343000   1.666034
535.344000   1.663752
535.345000   1.662448
535.346000   1.662335
535.347000   1.663569
535.348000   1.666227
535.349000   1.670285
535.350000   1.675609
535.351000   1.681953
535.352000   1.688943
535.353000   1.696022
535.354000   1.702437
535.355000   1.707339
535.356000   1.709975
535.357000   1.709865
535.358000   1.706868
535.359000   1.701151
535.360000   1.693103
535.361000   1.683275
535.362000   1.672316
535.363000   1.660890
535.364000   1.649626
535.365000   1.639124
535.366000   1.629954
535.367000   1.622620
535.368000   1.617509
535.369000   1.614856
535.370000   1.614732
535.371000   1.617038
535.372000   1.621490
535.373000   1.627592
535.374000   1.634662
535.375000   1.641904
535.376000   1.648528
535.377000   1.653847
535.378000   1.657346
535.379000   1.658747
535.380000   1.658022
535.381000   1.655374
535.382000   1.651127
535.383000   1.645642
535.384000   1.639305
535.385000   1.632555
535.386000   1.625887
535.387000   1.619813
535.388000   1.614812
535.389000   1.611294
535.390000   1.609549
535.391000   1.609676
535.392000   1.611538
535.393000   1.614805
535.394000   1.619052
535.395000   1.623850
535.396000   1.628797
535.397000   1.633541
535.398000   1.637813
535.399000   1.641466
535.400000   1.644459
535.401000   1.646795
535.402000   1.648438
535.403000   1.649299
535.404000   1.649270
535.405000   1.648254
535.406000   1.646169
535.407000   1.642962
535.408000   1.638614
535.409000   1.633155
535.410000   1.626634
535.411000   1.619069
535.412000   1.610437
535.413000   1.600716
535.414000   1.589954
535.415000   1.578303
535.416000   1.566046
535.417000   1.553589
535.418000   1.541427
535.419000   1.530067
535.420000   1.519931
535.421000   1.511278
535.422000   1.504225
535.423000   1.498777
535.424000   1.494842
535.425000   1.492275
535.426000   1.490963
535.427000   1.490861
535.428000   1.491971
535.429000   1.494275
535.430000   1.497692
535.431000   1.502068
535.432000   1.507190
535.433000   1.512792
535.434000   1.518564
535.435000   1.524220
535.436000   1.529588
535.437000   1.534642
535.438000   1.539458
535.439000   1.544105
535.440000   1.548536
535.441000   1.552583
535.442000   1.556029
535.443000   1.558699
535.444000   1.560473
535.445000   1.561312
535.446000   1.561286
535.447000   1.560572
535.448000   1.559391
535.449000   1.557929
535.450000   1.556307
535.451000   1.554624
535.452000   1.552979
535.453000   1.551425
535.454000   1.549927
535.455000   1.548419
535.456000   1.546902
535.457000   1.545433
535.458000   1.544019
535.459000   1.542514
535.460000   1.540644
535.461000   1.538105
535.462000   1.534647
535.463000   1.530074
535.464000   1.524201
535.465000   1.516881
535.466000   1.508081
535.467000   1.497895
535.468000   1.486497
535.469000   1.474096
535.470000   1.460960
535.471000   1.447466
535.472000   1.434115
535.473000   1.421463
535.474000   1.409961
535.475000   1.399856
535.476000   1.391234
535.477000   1.384072
535.478000   1.378254
535.479000   1.373625
535.480000   1.370093
535.481000   1.367708
535.482000   1.366665
535.483000   1.367213
535.484000   1.369510
535.485000   1.373567
535.486000   1.379330
535.487000   1.386723
535.488000   1.395650
535.489000   1.405983
535.490000   1.417586
535.491000   1.430321
535.492000   1.444037
535.493000   1.458518
535.494000   1.473374
535.495000   1.487967
535.496000   1.501475
535.497000   1.513033
535.498000   1.521889
535.499000   1.527563
535.500000   1.529938
535.501000   1.529274
535.501000   1.529274
535.502000   1.526150
535.503000   1.521326
535.504000   1.515571
535.505000   1.509580
535.506000   1.503972
535.507000   1.499285
535.508000   1.495972
535.509000   1.494385
535.510000   1.494754
535.511000   1.497164
535.512000   1.501583
535.513000   1.507896
535.514000   1.515878
535.515000   1.525090
535.516000   1.534821
535.517000   1.544204
535.518000   1.552419
535.519000   1.558842
535.520000   1.563115
535.521000   1.565172
535.522000   1.565258
535.523000   1.563911
535.524000   1.561821
535.525000   1.559584
535.526000   1.557516
535.527000   1.555688
535.528000   1.554085
535.529000   1.552707
535.530000   1.551598
535.531000   1.550857
535.532000   1.550650
535.533000   1.551207
535.534000   1.552755
535.535000   1.555420
535.536000   1.559123
535.537000   1.563571
535.538000   1.568344
535.539000   1.573055
535.540000   1.577485
535.541000   1.581619
535.542000   1.585632
535.543000   1.589800
535.544000   1.594328
535.545000   1.599224
535.546000   1.604328
535.547000   1.609437
535.548000   1.614350
535.549000   1.618844
535.550000   1.622713
535.551000   1.625856
535.552000   1.628309
535.553000   1.630190
535.554000   1.631593
535.555000   1.632503
535.556000   1.632811
535.557000   1.632389
535.558000   1.631180
535.559000   1.629242
535.560000   1.626730
535.561000   1.623847
535.562000   1.620806
535.563000   1.617797
535.564000   1.614894
535.565000   1.612017
535.566000   1.609037
535.567000   1.605901
535.568000   1.602708
535.569000   1.599719
535.570000   1.597308
535.571000   1.595877
535.572000   1.595718
535.573000   1.596899
535.574000   1.599238
535.575000   1.602424
535.576000   1.606168
535.577000   1.610289
535.578000   1.614731
535.579000   1.619543
535.580000   1.624828
535.581000   1.630689
535.582000   1.637131
535.583000   1.643967
535.584000   1.650811
535.585000   1.657166
535.586000   1.662548
535.587000   1.666561
535.588000   1.668933
535.589000   1.669531
535.590000   1.668365
535.591000   1.665566
535.592000   1.661293
535.593000   1.655637
535.594000   1.648610
535.595000   1.640246
535.596000   1.630702
535.597000   1.620283
535.598000   1.609423
535.599000   1.598646
535.600000   1.588510
535.601000   1.579537
535.602000   1.572113
535.603000   1.566441
535.604000   1.562572
535.605000   1.560478
535.606000   1.560081
535.607000   1.561253
535.608000   1.563809
535.609000   1.567507
535.610000   1.572076
535.611000   1.577241
535.612000   1.582705
535.613000   1.588102
535.614000   1.592997
535.615000   1.596952
535.616000   1.599580
535.617000   1.600587
535.618000   1.599823
535.619000   1.597342
535.620000   1.593418
535.621000   1.588457
535.622000   1.582834
535.623000   1.576809
535.624000   1.570585
535.625000   1.564393
535.626000   1.558511
535.627000   1.553244
535.628000   1.548920
535.629000   1.545908
535.630000   1.544617
535.631000   1.545405
535.632000   1.548419
535.633000   1.553452
535.634000   1.559955
535.635000   1.567148
535.636000   1.574150
535.637000   1.580086
535.638000   1.584214
535.639000   1.586033
535.640000   1.585349
535.641000   1.582193
535.642000   1.576648
535.643000   1.568711
535.644000   1.558323
535.645000   1.545506
535.646000   1.530505
535.647000   1.513844
535.648000   1.496294
535.649000   1.478773
535.650000   1.462199
535.651000   1.447327
535.652000   1.434704
535.653000   1.424722
535.654000   1.417619
535.655000   1.413395
535.656000   1.411855
535.657000   1.412736
535.658000   1.415782
535.659000   1.420738
535.660000   1.427307
535.661000   1.435118
535.662000   1.443771
535.663000   1.452932
535.664000   1.462355
535.665000   1.471766
535.666000   1.480803
535.667000   1.489147
535.668000   1.496660
535.669000   1.503333
535.670000   1.509079
535.671000   1.513595
535.672000   1.516465
535.673000   1.517376
535.674000   1.516303
535.675000   1.513589
535.676000   1.509904
535.677000   1.506008
535.678000   1.502475
535.679000   1.499666
535.680000   1.497855
535.681000   1.497267
535.682000   1.498090
535.683000   1.500475
535.684000   1.504514
535.685000   1.510204
535.686000   1.517426
535.687000   1.525948
535.688000   1.535451
535.689000   1.545493
535.690000   1.555390
535.691000   1.564178
535.692000   1.570811
535.693000   1.574450
535.694000   1.574601
535.695000   1.571132
535.696000   1.564230
535.697000   1.554342
535.698000   1.542096
535.699000   1.528175
535.700000   1.513217
535.701000   1.497814
535.702000   1.482532
535.703000   1.467835
535.704000   1.454066
535.705000   1.441517
535.706000   1.430479
535.707000   1.421213
535.708000   1.413882
535.709000   1.408462
535.710000   1.404712
535.711000   1.402267
535.712000   1.400780
535.713000   1.400014
535.714000   1.399813
535.715000   1.400009
535.716000   1.400442
535.717000   1.401078
535.718000   1.402023
535.719000   1.403372
535.720000   1.405105
535.721000   1.407139
535.722000   1.409416
535.723000   1.411948
535.724000   1.414815
535.725000   1.418160
535.726000   1.422161
535.727000   1.426980
535.728000   1.432693
535.729000   1.439237
535.730000   1.446460
535.731000   1.454200
535.732000   1.462343
535.733000   1.470838
535.734000   1.479733
535.735000   1.489214
535.736000   1.499611
535.737000   1.511296
535.738000   1.524447
535.739000   1.538855
535.740000   1.553974
535.741000   1.569125
535.742000   1.583673
535.743000   1.597107
535.744000   1.609096
535.745000   1.619505
535.746000   1.628368
535.747000   1.635776
535.748000   1.641705
535.749000   1.645963
535.750000   1.648287
535.751000   1.648483
535.752000   1.646509
535.753000   1.642502
535.754000   1.636765
535.755000   1.629721
535.756000   1.621833
535.757000   1.613489
535.758000   1.604939
535.759000   1.596365
535.760000   1.588003
535.761000   1.580102
535.762000   1.572802
535.763000   1.566157
535.764000   1.560281
535.765000   1.555415
535.766000   1.551838
535.767000   1.549693
535.768000   1.548865
535.769000   1.549054
535.770000   1.549920
535.771000   1.551170
535.772000   1.552560
535.773000   1.553908
535.774000   1.555146
535.775000   1.556324
535.776000   1.557464
535.777000   1.558399
535.778000   1.558778
535.779000   1.558247
535.780000   1.556589
535.781000   1.553791
535.782000   1.550076
535.783000   1.545894
535.784000   1.541813
535.785000   1.538312
535.786000   1.535589
535.787000   1.533558
535.788000   1.532021
535.789000   1.530829
535.790000   1.529954
535.791000   1.529467
535.792000   1.529505
535.793000   1.530246
535.794000   1.531888
535.795000   1.534590
535.796000   1.538343
535.797000   1.542848
535.798000   1.547546
535.799000   1.551794
535.800000   1.555054
535.801000   1.556981
535.802000   1.557435
535.803000   1.556463
535.804000   1.554239
535.805000   1.550955
535.806000   1.546712
535.807000   1.541553
535.808000   1.535591
535.809000   1.529057
535.810000   1.522217
535.811000   1.515269
535.812000   1.508341
535.813000   1.501576
535.814000   1.495144
535.815000   1.489158
535.816000   1.483582
535.817000   1.478246
535.818000   1.472946
535.819000   1.467526
535.820000   1.461926
535.821000   1.456200
535.822000   1.450510
535.823000   1.445075
535.824000   1.440061
535.825000   1.435431
535.826000   1.430886
535.827000   1.426014
535.828000   1.420505
535.829000   1.414257
535.830000   1.407382
535.831000   1.400174
535.832000   1.393045
535.833000   1.386423
535.834000   1.380600
535.835000   1.375632
535.836000   1.371395
535.837000   1.367695
535.838000   1.364343
535.839000   1.361173
535.840000   1.358059
535.841000   1.354933
535.842000   1.351824
535.843000   1.348831
535.844000   1.346027
535.845000   1.343355
535.846000   1.340642
535.847000   1.337698
535.848000   1.334384
535.849000   1.330644
535.850000   1.326527
535.851000   1.322222
535.852000   1.318041
535.853000   1.314313
535.854000   1.311223
535.855000   1.308799
535.856000   1.307050
535.857000   1.306088
535.858000   1.306142
535.859000   1.307523
535.860000   1.310574
535.861000   1.315630
535.862000   1.322928
535.863000   1.332466
535.864000   1.343871
535.865000   1.356439
535.866000   1.369302
535.867000   1.381593
535.868000   1.392552
535.869000   1.401590
535.870000   1.408311
535.871000   1.412508
535.872000   1.414120
535.873000   1.413144
535.874000   1.409612
535.875000   1.403690
535.876000   1.395779
535.877000   1.386512
535.878000   1.376679
535.879000   1.367136
535.880000   1.358717
535.881000   1.352148
535.882000   1.347920
535.883000   1.346181
535.884000   1.346760
535.885000   1.349304
535.886000   1.353404
535.887000   1.358656
535.888000   1.364707
535.889000   1.371305
535.890000   1.378348
535.891000   1.385850
535.892000   1.393808
535.893000   1.402040
535.894000   1.410201
535.895000   1.417940
535.896000   1.425027
535.897000   1.431382
535.898000   1.437059
535.899000   1.442219
535.900000   1.447095
535.901000   1.451904
535.902000   1.456750
535.903000   1.461580
535.904000   1.466236
535.905000   1.470517
535.906000   1.474220
535.907000   1.477177
535.908000   1.479295
535.909000   1.480602
535.910000   1.481261
535.911000   1.481549
535.912000   1.481806
535.913000   1.482380
535.914000   1.483566
535.915000   1.485508
535.916000   1.488165
535.917000   1.491375
535.918000   1.494967
535.919000   1.498817
535.920000   1.502853
535.921000   1.506997
535.922000   1.511093
535.923000   1.514917
535.924000   1.518255
535.925000   1.520963
535.926000   1.522962
535.927000   1.524237
535.928000   1.524878
535.929000   1.525127
535.930000   1.525331
535.931000   1.525810
535.932000   1.526747
535.933000   1.528194
535.934000   1.530165
535.935000   1.532692
535.936000   1.535828
535.937000   1.539614
535.938000   1.544058
535.939000   1.549154
535.940000   1.554903
535.941000   1.561305
535.942000   1.568362
535.943000   1.576097
535.944000   1.584558
535.945000   1.593793
535.946000   1.603806
535.947000   1.614536
535.948000   1.625853
535.949000   1.637564
535.950000   1.649377
535.951000   1.660842
535.952000   1.671359
535.953000   1.680285
535.954000   1.687060
535.955000   1.691281
535.956000   1.692738
535.957000   1.691422
535.958000   1.687505
535.959000   1.681279
535.960000   1.673073
535.961000   1.663209
535.962000   1.652051
535.963000   1.640057
535.964000   1.627765
535.965000   1.615747
535.966000   1.604543
535.967000   1.594614
535.968000   1.586295
535.969000   1.579743
535.970000   1.574881
535.971000   1.571379
535.972000   1.568726
535.973000   1.566343
535.974000   1.563676
535.975000   1.560252
535.976000   1.555727
535.977000   1.549923
535.978000   1.542819
535.979000   1.534465
535.980000   1.524839
535.981000   1.513802
535.982000   1.501236
535.983000   1.487193
535.984000   1.471947
535.985000   1.455973
535.986000   1.439884
535.987000   1.424352
535.988000   1.410012
535.989000   1.397337
535.990000   1.386557
535.991000   1.377689
535.992000   1.370619
535.993000   1.365174
535.994000   1.361162
535.995000   1.358405
535.996000   1.356767
535.997000   1.356185
535.998000   1.356641
535.999000   1.358068
536.000000   1.360246
536.001000   1.362795
536.001000   1.362795
536.002000   1.365273
536.003000   1.367300
536.004000   1.368626
536.005000   1.369176
536.006000   1.369037
536.007000   1.368412
536.008000   1.367489
536.009000   1.366278
536.010000   1.364579
536.011000   1.362122
536.012000   1.358727
536.013000   1.354377
536.014000   1.349217
536.015000   1.343535
536.016000   1.337732
536.017000   1.332261
536.018000   1.327528
536.019000   1.323781
536.020000   1.321084
536.021000   1.319367
536.022000   1.318493
536.023000   1.318273
536.024000   1.318494
536.025000   1.318947
536.026000   1.319459
536.027000   1.319890
536.028000   1.320070
536.029000   1.319745
536.030000   1.318628
536.031000   1.316503
536.032000   1.313281
536.033000   1.309016
536.034000   1.303912
536.035000   1.298335
536.036000   1.292799
536.037000   1.287850
536.038000   1.283896
536.039000   1.281133
536.040000   1.279618
536.041000   1.279381
536.042000   1.280463
536.043000   1.282916
536.044000   1.286783
536.045000   1.292076
536.046000   1.298730
536.047000   1.306527
536.048000   1.315058
536.049000   1.323813
536.050000   1.332324
536.051000   1.340259
536.052000   1.347437
536.053000   1.353811
536.054000   1.359448
536.055000   1.364505
536.056000   1.369137
536.057000   1.373363
536.058000   1.377015
536.059000   1.379847
536.060000   1.381661
536.061000   1.382367
536.062000   1.381980
536.063000   1.380605
536.064000   1.378414
536.065000   1.375615
536.066000   1.372392
536.067000   1.368850
536.068000   1.365058
536.069000   1.361138
536.070000   1.357318
536.071000   1.353926
536.072000   1.351368
536.073000   1.350116
536.074000   1.350678
536.075000   1.353505
536.076000   1.358822
536.077000   1.366558
536.078000   1.376442
536.079000   1.388154
536.080000   1.401412
536.081000   1.415985
536.082000   1.431701
536.083000   1.448419
536.084000   1.465980
536.085000   1.484097
536.086000   1.502269
536.087000   1.519855
536.088000   1.536235
536.089000   1.550950
536.090000   1.563758
536.091000   1.574654
536.092000   1.583836
536.093000   1.591623
536.094000   1.598300
536.095000   1.603974
536.096000   1.608534
536.097000   1.611770
536.098000   1.613500
536.099000   1.613640
536.100000   1.612221
536.101000   1.609381
536.102000   1.605347
536.103000   1.600398
536.104000   1.594761
536.105000   1.588491
536.106000   1.581434
536.107000   1.573349
536.108000   1.564054
536.109000   1.553531
536.110000   1.541974
536.111000   1.529784
536.112000   1.517516
536.113000   1.505745
536.114000   1.494883
536.115000   1.485092
536.116000   1.476375
536.117000   1.468704
536.118000   1.462107
536.119000   1.456693
536.120000   1.452648
536.121000   1.450214
536.122000   1.449635
536.123000   1.451082
536.124000   1.454578
536.125000   1.459989
536.126000   1.467088
536.127000   1.475603
536.128000   1.485254
536.129000   1.495772
536.130000   1.506915
536.131000   1.518463
536.132000   1.530184
536.133000   1.541767
536.134000   1.552809
536.135000   1.562914
536.136000   1.571799
536.137000   1.579277
536.138000   1.585214
536.139000   1.589545
536.140000   1.592345
536.141000   1.593834
536.142000   1.594308
536.143000   1.594030
536.144000   1.593226
536.145000   1.592141
536.146000   1.591058
536.147000   1.590239
536.148000   1.589826
536.149000   1.589811
536.150000   1.590063
536.151000   1.590368
536.152000   1.590419
536.153000   1.589805
536.154000   1.588083
536.155000   1.584903
536.156000   1.580107
536.157000   1.573751
536.158000   1.566068
536.159000   1.557387
536.160000   1.548059
536.161000   1.538391
536.162000   1.528563
536.163000   1.518594
536.164000   1.508442
536.165000   1.498117
536.166000   1.487739
536.167000   1.477538
536.168000   1.467849
536.169000   1.459064
536.170000   1.451526
536.171000   1.445414
536.172000   1.440687
536.173000   1.437158
536.174000   1.434591
536.175000   1.432751
536.176000   1.431427
536.177000   1.430458
536.178000   1.429789
536.179000   1.429495
536.180000   1.429749
536.181000   1.430645
536.182000   1.432018
536.183000   1.433434
536.184000   1.434338
536.185000   1.434221
536.186000   1.432742
536.187000   1.429799
536.188000   1.425550
536.189000   1.420359
536.190000   1.414629
536.191000   1.408612
536.192000   1.402362
536.193000   1.395842
536.194000   1.389025
536.195000   1.381954
536.196000   1.374791
536.197000   1.367841
536.198000   1.361528
536.199000   1.356294
536.200000   1.352423
536.201000   1.349930
536.202000   1.348579
536.203000   1.348001
536.204000   1.347812
536.205000   1.347686
536.206000   1.347401
536.207000   1.346870
536.208000   1.346150
536.209000   1.345385
536.210000   1.344680
536.211000   1.344048
536.212000   1.343463
536.213000   1.342973
536.214000   1.342753
536.215000   1.343117
536.216000   1.344500
536.217000   1.347392
536.218000   1.352221
536.219000   1.359169
536.220000   1.368081
536.221000   1.378549
536.222000   1.390092
536.223000   1.402279
536.224000   1.414783
536.225000   1.427395
536.226000   1.440015
536.227000   1.452595
536.228000   1.465035
536.229000   1.477072
536.230000   1.488268
536.231000   1.498130
536.232000   1.506255
536.233000   1.512422
536.234000   1.516602
536.235000   1.518933
536.236000   1.519660
536.237000   1.519057
536.238000   1.517304
536.239000   1.514414
536.240000   1.510279
536.241000   1.504800
536.242000   1.497969
536.243000   1.489886
536.244000   1.480758
536.245000   1.470878
536.246000   1.460598
536.247000   1.450261
536.248000   1.440132
536.249000   1.430408
536.250000   1.421315
536.251000   1.413158
536.252000   1.406264
536.253000   1.400916
536.254000   1.397314
536.255000   1.395580
536.256000   1.395736
536.257000   1.397670
536.258000   1.401136
536.259000   1.405830
536.260000   1.411487
536.261000   1.417908
536.262000   1.424927
536.263000   1.432374
536.264000   1.440096
536.265000   1.448010
536.266000   1.456103
536.267000   1.464351
536.268000   1.472670
536.269000   1.480976
536.270000   1.489258
536.271000   1.497595
536.272000   1.506131
536.273000   1.515034
536.274000   1.524473
536.275000   1.534576
536.276000   1.545365
536.277000   1.556732
536.278000   1.568492
536.279000   1.580463
536.280000   1.592485
536.281000   1.604388
536.282000   1.615982
536.283000   1.627066
536.284000   1.637461
536.285000   1.647002
536.286000   1.655476
536.287000   1.662600
536.288000   1.668069
536.289000   1.671638
536.290000   1.673167
536.291000   1.672654
536.292000   1.670262
536.293000   1.666348
536.294000   1.661417
536.295000   1.655992
536.296000   1.650460
536.297000   1.645053
536.298000   1.639918
536.299000   1.635183
536.300000   1.630991
536.301000   1.627534
536.302000   1.625095
536.303000   1.624048
536.304000   1.624753
536.305000   1.627372
536.306000   1.631747
536.307000   1.637472
536.308000   1.644035
536.309000   1.650937
536.310000   1.657753
536.311000   1.664185
536.312000   1.670060
536.313000   1.675275
536.314000   1.679682
536.315000   1.683002
536.316000   1.684840
536.317000   1.684800
536.318000   1.682596
536.319000   1.678121
536.320000   1.671483
536.321000   1.663012
536.322000   1.653201
536.323000   1.642584
536.324000   1.631543
536.325000   1.620189
536.326000   1.608417
536.327000   1.596075
536.328000   1.583122
536.329000   1.569710
536.330000   1.556201
536.331000   1.543126
536.332000   1.531076
536.333000   1.520538
536.334000   1.511749
536.335000   1.504700
536.336000   1.499268
536.337000   1.495353
536.338000   1.492945
536.339000   1.492130
536.340000   1.493071
536.341000   1.495941
536.342000   1.500816
536.343000   1.507542
536.344000   1.515682
536.345000   1.524613
536.346000   1.533696
536.347000   1.542402
536.348000   1.550360
536.349000   1.557358
536.350000   1.563320
536.351000   1.568271
536.352000   1.572268
536.353000   1.575335
536.354000   1.577474
536.355000   1.578741
536.356000   1.579322
536.357000   1.579541
536.358000   1.579824
536.359000   1.580623
536.360000   1.582325
536.361000   1.585153
536.362000   1.589082
536.363000   1.593847
536.364000   1.599060
536.365000   1.604348
536.366000   1.609388
536.367000   1.613880
536.368000   1.617517
536.369000   1.620006
536.370000   1.621108
536.371000   1.620620
536.372000   1.618340
536.373000   1.614097
536.374000   1.607865
536.375000   1.599828
536.376000   1.590353
536.377000   1.579876
536.378000   1.568813
536.379000   1.557497
536.380000   1.546139
536.381000   1.534816
536.382000   1.523506
536.383000   1.512207
536.384000   1.501020
536.385000   1.490149
536.386000   1.479856
536.387000   1.470423
536.388000   1.462149
536.389000   1.455351
536.390000   1.450327
536.391000   1.447266
536.392000   1.446192
536.393000   1.447017
536.394000   1.449602
536.395000   1.453790
536.396000   1.459418
536.397000   1.466334
536.398000   1.474412
536.399000   1.483519
536.400000   1.493421
536.401000   1.503737
536.402000   1.514000
536.403000   1.523756
536.404000   1.532623
536.405000   1.540318
536.406000   1.546708
536.407000   1.551848
536.408000   1.555993
536.409000   1.559510
536.410000   1.562729
536.411000   1.565835
536.412000   1.568862
536.413000   1.571717
536.414000   1.574206
536.415000   1.576087
536.416000   1.577168
536.417000   1.577392
536.418000   1.576807
536.419000   1.575440
536.420000   1.573178
536.421000   1.569813
536.422000   1.565172
536.423000   1.559197
536.424000   1.551972
536.425000   1.543701
536.426000   1.534716
536.427000   1.525443
536.428000   1.516283
536.429000   1.507426
536.430000   1.498809
536.431000   1.490234
536.432000   1.481518
536.433000   1.472595
536.434000   1.463549
536.435000   1.454570
536.436000   1.445862
536.437000   1.437561
536.438000   1.429687
536.439000   1.422140
536.440000   1.414786
536.441000   1.407553
536.442000   1.400492
536.443000   1.393799
536.444000   1.387800
536.445000   1.382902
536.446000   1.379490
536.447000   1.377799
536.448000   1.377788
536.449000   1.379138
536.450000   1.381382
536.451000   1.384054
536.452000   1.386783
536.453000   1.389348
536.454000   1.391700
536.455000   1.393912
536.456000   1.396060
536.457000   1.398048
536.458000   1.399570
536.459000   1.400259
536.460000   1.399874
536.461000   1.398390
536.462000   1.395999
536.463000   1.393085
536.464000   1.390156
536.465000   1.387731
536.466000   1.386135
536.467000   1.385329
536.468000   1.384932
536.469000   1.384426
536.470000   1.383357
536.471000   1.381435
536.472000   1.378565
536.473000   1.374837
536.474000   1.370491
536.475000   1.365851
536.476000   1.361179
536.477000   1.356567
536.478000   1.351976
536.479000   1.347373
536.480000   1.342839
536.481000   1.338592
536.482000   1.334955
536.483000   1.332313
536.484000   1.331034
536.485000   1.331352
536.486000   1.333261
536.487000   1.336566
536.488000   1.341021
536.489000   1.346395
536.490000   1.352473
536.491000   1.359069
536.492000   1.366047
536.493000   1.373326
536.494000   1.380858
536.495000   1.388564
536.496000   1.396310
536.497000   1.403959
536.498000   1.411422
536.499000   1.418636
536.500000   1.425522
536.501000   1.432008
536.501000   1.432008
536.502000   1.438070
536.503000   1.443726
536.504000   1.448940
536.505000   1.453504
536.506000   1.457048
536.507000   1.459207
536.508000   1.459754
536.509000   1.458640
536.510000   1.455946
536.511000   1.451834
536.512000   1.446533
536.513000   1.440323
536.514000   1.433477
536.515000   1.426219
536.516000   1.418782
536.517000   1.411489
536.518000   1.404762
536.519000   1.399073
536.520000   1.394887
536.521000   1.392615
536.522000   1.392578
536.523000   1.394949
536.524000   1.399699
536.525000   1.406615
536.526000   1.415358
536.527000   1.425526
536.528000   1.436689
536.529000   1.448434
536.530000   1.460430
536.531000   1.472484
536.532000   1.484537
536.533000   1.496567
536.534000   1.508450
536.535000   1.519954
536.536000   1.530829
536.537000   1.540886
536.538000   1.550014
536.539000   1.558191
536.540000   1.565485
536.541000   1.572014
536.542000   1.577845
536.543000   1.582879
536.544000   1.586865
536.545000   1.589528
536.546000   1.590669
536.547000   1.590199
536.548000   1.588131
536.549000   1.584566
536.550000   1.579698
536.551000   1.573785
536.552000   1.567072
536.553000   1.559669
536.554000   1.551525
536.555000   1.542500
536.556000   1.532440
536.557000   1.521249
536.558000   1.508952
536.559000   1.495752
536.560000   1.482012
536.561000   1.468116
536.562000   1.454281
536.563000   1.440508
536.564000   1.426731
536.565000   1.412980
536.566000   1.399444
536.567000   1.386468
536.568000   1.374541
536.569000   1.364273
536.570000   1.356322
536.571000   1.351225
536.572000   1.349212
536.573000   1.350167
536.574000   1.353739
536.575000   1.359475
536.576000   1.366922
536.577000   1.375687
536.578000   1.385459
536.579000   1.396002
536.580000   1.407091
536.581000   1.418420
536.582000   1.429575
536.583000   1.440093
536.584000   1.449477
536.585000   1.457203
536.586000   1.462823
536.587000   1.466119
536.588000   1.467166
536.589000   1.466267
536.590000   1.463780
536.591000   1.459971
536.592000   1.455029
536.593000   1.449176
536.594000   1.442698
536.595000   1.435854
536.596000   1.428811
536.597000   1.421711
536.598000   1.414746
536.599000   1.408127
536.600000   1.401972
536.601000   1.396227
536.602000   1.390739
536.603000   1.385387
536.604000   1.380163
536.605000   1.375165
536.606000   1.370551
536.607000   1.366513
536.608000   1.363265
536.609000   1.360914
536.610000   1.359281
536.611000   1.357928
536.612000   1.356386
536.613000   1.354360
536.614000   1.351820
536.615000   1.348997
536.616000   1.346292
536.617000   1.344088
536.618000   1.342590
536.619000   1.341792
536.620000   1.341572
536.621000   1.341830
536.622000   1.342566
536.623000   1.343878
536.624000   1.345943
536.625000   1.348974
536.626000   1.353155
536.627000   1.358528
536.628000   1.364870
536.629000   1.371655
536.630000   1.378145
536.631000   1.383588
536.632000   1.387385
536.633000   1.389162
536.634000   1.388782
536.635000   1.386352
536.636000   1.382212
536.637000   1.376857
536.638000   1.370745
536.639000   1.364153
536.640000   1.357242
536.641000   1.350225
536.642000   1.343465
536.643000   1.337466
536.644000   1.332806
536.645000   1.330062
536.646000   1.329712
536.647000   1.332005
536.648000   1.336873
536.649000   1.343991
536.650000   1.352962
536.651000   1.363423
536.652000   1.375041
536.653000   1.387519
536.654000   1.400623
536.655000   1.414207
536.656000   1.428180
536.657000   1.442397
536.658000   1.456563
536.659000   1.470278
536.660000   1.483173
536.661000   1.494995
536.662000   1.505607
536.663000   1.514941
536.664000   1.522959
536.665000   1.529628
536.666000   1.534861
536.667000   1.538444
536.668000   1.540072
536.669000   1.539504
536.670000   1.536699
536.671000   1.531865
536.672000   1.525442
536.673000   1.518065
536.674000   1.510515
536.675000   1.503612
536.676000   1.498039
536.677000   1.494162
536.678000   1.492024
536.679000   1.491500
536.680000   1.492426
536.681000   1.494659
536.682000   1.498100
536.683000   1.502713
536.684000   1.508505
536.685000   1.515415
536.686000   1.523146
536.687000   1.531143
536.688000   1.538770
536.689000   1.545479
536.690000   1.550879
536.691000   1.554776
536.692000   1.557197
536.693000   1.558395
536.694000   1.558799
536.695000   1.558891
536.696000   1.559084
536.697000   1.559701
536.698000   1.561009
536.699000   1.563221
536.700000   1.566448
536.701000   1.570669
536.702000   1.575772
536.703000   1.581632
536.704000   1.588141
536.705000   1.595160
536.706000   1.602465
536.707000   1.609795
536.708000   1.616948
536.709000   1.623820
536.710000   1.630414
536.711000   1.636831
536.712000   1.643291
536.713000   1.650156
536.714000   1.657831
536.715000   1.666579
536.716000   1.676421
536.717000   1.687191
536.718000   1.698618
536.719000   1.710359
536.720000   1.722039
536.721000   1.733301
536.722000   1.743820
536.723000   1.753259
536.724000   1.761168
536.725000   1.766979
536.726000   1.770127
536.727000   1.770191
536.728000   1.766972
536.729000   1.760501
536.730000   1.751043
536.731000   1.739079
536.732000   1.725249
536.733000   1.710192
536.734000   1.694346
536.735000   1.677868
536.736000   1.660745
536.737000   1.642949
536.738000   1.624537
536.739000   1.605702
536.740000   1.586781
536.741000   1.568235
536.742000   1.550558
536.743000   1.534149
536.744000   1.519223
536.745000   1.505862
536.746000   1.494110
536.747000   1.484010
536.748000   1.475624
536.749000   1.469073
536.750000   1.464586
536.751000   1.462476
536.752000   1.462990
536.753000   1.466103
536.754000   1.471447
536.755000   1.478464
536.756000   1.486592
536.757000   1.495358
536.758000   1.504387
536.759000   1.513391
536.760000   1.522155
536.761000   1.530490
536.762000   1.538114
536.763000   1.544570
536.764000   1.549333
536.765000   1.552010
536.766000   1.552489
536.767000   1.550976
536.768000   1.547970
536.769000   1.544168
536.770000   1.540287
536.771000   1.536830
536.772000   1.533886
536.773000   1.531152
536.774000   1.528175
536.775000   1.524561
536.776000   1.520071
536.777000   1.514611
536.778000   1.508210
536.779000   1.500999
536.780000   1.493179
536.781000   1.484931
536.782000   1.476276
536.783000   1.467042
536.784000   1.457003
536.785000   1.446043
536.786000   1.434231
536.787000   1.421830
536.788000   1.409256
536.789000   1.397015
536.790000   1.385569
536.791000   1.375117
536.792000   1.365492
536.793000   1.356326
536.794000   1.347300
536.795000   1.338268
536.796000   1.329283
536.797000   1.320599
536.798000   1.312640
536.799000   1.305932
536.800000   1.300961
536.801000   1.298029
536.802000   1.297214
536.803000   1.298440
536.804000   1.301526
536.805000   1.306211
536.806000   1.312197
536.807000   1.319204
536.808000   1.326992
536.809000   1.335313
536.810000   1.343811
536.811000   1.351982
536.812000   1.359313
536.813000   1.365452
536.814000   1.370249
536.815000   1.373710
536.816000   1.375974
536.817000   1.377351
536.818000   1.378330
536.819000   1.379471
536.820000   1.381227
536.821000   1.383871
536.822000   1.387587
536.823000   1.392546
536.824000   1.398897
536.825000   1.406716
536.826000   1.415985
536.827000   1.426624
536.828000   1.438512
536.829000   1.451420
536.830000   1.464964
536.831000   1.478677
536.832000   1.492150
536.833000   1.505109
536.834000   1.517439
536.835000   1.529185
536.836000   1.540557
536.837000   1.551907
536.838000   1.563630
536.839000   1.575983
536.840000   1.588964
536.841000   1.602362
536.842000   1.615859
536.843000   1.629089
536.844000   1.641680
536.845000   1.653320
536.846000   1.663815
536.847000   1.673087
536.848000   1.681077
536.849000   1.687631
536.850000   1.692516
536.851000   1.695534
536.852000   1.696586
536.853000   1.695699
536.854000   1.693038
536.855000   1.688924
536.856000   1.683844
536.857000   1.678384
536.858000   1.673043
536.859000   1.668053
536.860000   1.663375
536.861000   1.658824
536.862000   1.654168
536.863000   1.649195
536.864000   1.643768
536.865000   1.637870
536.866000   1.631589
536.867000   1.625019
536.868000   1.618116
536.869000   1.610683
536.870000   1.602521
536.871000   1.593571
536.872000   1.583987
536.873000   1.574137
536.874000   1.564562
536.875000   1.555900
536.876000   1.548749
536.877000   1.543486
536.878000   1.540122
536.879000   1.538357
536.880000   1.537771
536.881000   1.537986
536.882000   1.538741
536.883000   1.539908
536.884000   1.541472
536.885000   1.543488
536.886000   1.545985
536.887000   1.548825
536.888000   1.551630
536.889000   1.553891
536.890000   1.555157
536.891000   1.555163
536.892000   1.553864
536.893000   1.551419
536.894000   1.548143
536.895000   1.544422
536.896000   1.540544
536.897000   1.536529
536.898000   1.532145
536.899000   1.527110
536.900000   1.521259
536.901000   1.514580
536.902000   1.507194
536.903000   1.499322
536.904000   1.491259
536.905000   1.483323
536.906000   1.475720
536.907000   1.468413
536.908000   1.461153
536.909000   1.453670
536.910000   1.445803
536.911000   1.437517
536.912000   1.428876
536.913000   1.420043
536.914000   1.411270
536.915000   1.402771
536.916000   1.394510
536.917000   1.386147
536.918000   1.377271
536.919000   1.367642
536.920000   1.357247
536.921000   1.346244
536.922000   1.334865
536.923000   1.323371
536.924000   1.312066
536.925000   1.301255
536.926000   1.291156
536.927000   1.281888
536.928000   1.273570
536.929000   1.266389
536.930000   1.260586
536.931000   1.256394
536.932000   1.253978
536.933000   1.253402
536.934000   1.254611
536.935000   1.257344
536.936000   1.261046
536.937000   1.264979
536.938000   1.268441
536.939000   1.270913
536.940000   1.272103
536.941000   1.271969
536.942000   1.270727
536.943000   1.268831
536.944000   1.266845
536.945000   1.265174
536.946000   1.263900
536.947000   1.262914
536.948000   1.262107
536.949000   1.261438
536.950000   1.260933
536.951000   1.260699
536.952000   1.260960
536.953000   1.262034
536.954000   1.264216
536.955000   1.267621
536.956000   1.272157
536.957000   1.277641
536.958000   1.283876
536.959000   1.290694
536.960000   1.297984
536.961000   1.305742
536.962000   1.314118
536.963000   1.323400
536.964000   1.333837
536.965000   1.345382
536.966000   1.357665
536.967000   1.370197
536.968000   1.382541
536.969000   1.394370
536.970000   1.405523
536.971000   1.416051
536.972000   1.426234
536.973000   1.436445
536.974000   1.446887
536.975000   1.457500
536.976000   1.468121
536.977000   1.478649
536.978000   1.489080
536.979000   1.499481
536.980000   1.509975
536.981000   1.520769
536.982000   1.532158
536.983000   1.544392
536.984000   1.557445
536.985000   1.570903
536.986000   1.584083
536.987000   1.596206
536.988000   1.606526
536.989000   1.614448
536.990000   1.619630
536.991000   1.622058
536.992000   1.622007
536.993000   1.619822
536.994000   1.615709
536.995000   1.609772
536.996000   1.602200
536.997000   1.593367
536.998000   1.583826
536.999000   1.574280
537.000000   1.565556
537.001000   1.558540
537.001000   1.558540
537.002000   1.554016
537.003000   1.552420
537.004000   1.553717
537.005000   1.557502
537.006000   1.563172
537.007000   1.570043
537.008000   1.577453
537.009000   1.584848
537.010000   1.591850
537.011000   1.598265
537.012000   1.604027
537.013000   1.609065
537.014000   1.613267
537.015000   1.616576
537.016000   1.619065
537.017000   1.620939
537.018000   1.622544
537.019000   1.624377
537.020000   1.627030
537.021000   1.631026
537.022000   1.636573
537.023000   1.643444
537.024000   1.651153
537.025000   1.659232
537.026000   1.667340
537.027000   1.675191
537.028000   1.682458
537.029000   1.688807
537.030000   1.693999
537.031000   1.697918
537.032000   1.700476
537.033000   1.701569
537.034000   1.701158
537.035000   1.699380
537.036000   1.696532
537.037000   1.692970
537.038000   1.688953
537.039000   1.684535
537.040000   1.679540
537.041000   1.673548
537.042000   1.665884
537.043000   1.655767
537.044000   1.642581
537.045000   1.626040
537.046000   1.606215
537.047000   1.583502
537.048000   1.558570
537.049000   1.532277
537.050000   1.505542
537.051000   1.479207
537.052000   1.453945
537.053000   1.430309
537.054000   1.408790
537.055000   1.389757
537.056000   1.373383
537.057000   1.359633
537.058000   1.348344
537.059000   1.339303
537.060000   1.332230
537.061000   1.326656
537.062000   1.321875
537.063000   1.317107
537.064000   1.311683
537.065000   1.305139
537.066000   1.297239
537.067000   1.287992
537.068000   1.277683
537.069000   1.266865
537.070000   1.256198
537.071000   1.246159
537.072000   1.236918
537.073000   1.228452
537.074000   1.220689
537.075000   1.213572
537.076000   1.207092
537.077000   1.201332
537.078000   1.196498
537.079000   1.192896
537.080000   1.190815
537.081000   1.190397
537.082000   1.191586
537.083000   1.194191
537.084000   1.197947
537.085000   1.202594
537.086000   1.207957
537.087000   1.214024
537.088000   1.220974
537.089000   1.229100
537.090000   1.238532
537.091000   1.248985
537.092000   1.259824
537.093000   1.270313
537.094000   1.279801
537.095000   1.287813
537.096000   1.294100
537.097000   1.298667
537.098000   1.301723
537.099000   1.303557
537.100000   1.304384
537.101000   1.304358
537.102000   1.303663
537.103000   1.302558
537.104000   1.301342
537.105000   1.300314
537.106000   1.299765
537.107000   1.299986
537.108000   1.301238
537.109000   1.303636
537.110000   1.307023
537.111000   1.310997
537.112000   1.315097
537.113000   1.318964
537.114000   1.322399
537.115000   1.325359
537.116000   1.327953
537.117000   1.330429
537.118000   1.333078
537.119000   1.336050
537.120000   1.339249
537.121000   1.342458
537.122000   1.345517
537.123000   1.348394
537.124000   1.351169
537.125000   1.354011
537.126000   1.357149
537.127000   1.360832
537.128000   1.365213
537.129000   1.370240
537.130000   1.375690
537.131000   1.381333
537.132000   1.387062
537.133000   1.392908
537.134000   1.398972
537.135000   1.405351
537.136000   1.412114
537.137000   1.419313
537.138000   1.426970
537.139000   1.434984
537.140000   1.443110
537.141000   1.451069
537.142000   1.458660
537.143000   1.465809
537.144000   1.472575
537.145000   1.479136
537.146000   1.485777
537.147000   1.492801
537.148000   1.500335
537.149000   1.508222
537.150000   1.516153
537.151000   1.523873
537.152000   1.531267
537.153000   1.538347
537.154000   1.545216
537.155000   1.552025
537.156000   1.558927
537.157000   1.566014
537.158000   1.573262
537.159000   1.580523
537.160000   1.587616
537.161000   1.594390
537.162000   1.600736
537.163000   1.606557
537.164000   1.611741
537.165000   1.616133
537.166000   1.619523
537.167000   1.621596
537.168000   1.621880
537.169000   1.619817
537.170000   1.614959
537.171000   1.607120
537.172000   1.596424
537.173000   1.583288
537.174000   1.568383
537.175000   1.552552
537.176000   1.536673
537.177000   1.521447
537.178000   1.507252
537.179000   1.494233
537.180000   1.482490
537.181000   1.472173
537.182000   1.463491
537.183000   1.456701
537.184000   1.452079
537.185000   1.449863
537.186000   1.450120
537.187000   1.452621
537.188000   1.456864
537.189000   1.462237
537.190000   1.468159
537.191000   1.474141
537.192000   1.479826
537.193000   1.485033
537.194000   1.489786
537.195000   1.494281
537.196000   1.498707
537.197000   1.503023
537.198000   1.506949
537.199000   1.510134
537.200000   1.512301
537.201000   1.513296
537.202000   1.513101
537.203000   1.511852
537.204000   1.509832
537.205000   1.507368
537.206000   1.504636
537.207000   1.501547
537.208000   1.497877
537.209000   1.493476
537.210000   1.488377
537.211000   1.482812
537.212000   1.477188
537.213000   1.472074
537.214000   1.468122
537.215000   1.465901
537.216000   1.465639
537.217000   1.467103
537.218000   1.469716
537.219000   1.472745
537.220000   1.475436
537.221000   1.477117
537.222000   1.477268
537.223000   1.475573
537.224000   1.471922
537.225000   1.466295
537.226000   1.458625
537.227000   1.448783
537.228000   1.436700
537.229000   1.422482
537.230000   1.406489
537.231000   1.389349
537.232000   1.371916
537.233000   1.355156
537.234000   1.339957
537.235000   1.326906
537.236000   1.316184
537.237000   1.307691
537.238000   1.301217
537.239000   1.296529
537.240000   1.293429
537.241000   1.291811
537.242000   1.291699
537.243000   1.293214
537.244000   1.296470
537.245000   1.301417
537.246000   1.307825
537.247000   1.315415
537.248000   1.323973
537.249000   1.333380
537.250000   1.343578
537.251000   1.354586
537.252000   1.366500
537.253000   1.379401
537.254000   1.393167
537.255000   1.407377
537.256000   1.421460
537.257000   1.434907
537.258000   1.447385
537.259000   1.458729
537.260000   1.468907
537.261000   1.477984
537.262000   1.486135
537.263000   1.493646
537.264000   1.500813
537.265000   1.507830
537.266000   1.514775
537.267000   1.521668
537.268000   1.528513
537.269000   1.535307
537.270000   1.542075
537.271000   1.548897
537.272000   1.555875
537.273000   1.562969
537.274000   1.569809
537.275000   1.575791
537.276000   1.580370
537.277000   1.583259
537.278000   1.584445
537.279000   1.584137
537.280000   1.582711
537.281000   1.580651
537.282000   1.578453
537.283000   1.576469
537.284000   1.574838
537.285000   1.573562
537.286000   1.572619
537.287000   1.571979
537.288000   1.571598
537.289000   1.571424
537.290000   1.571423
537.291000   1.571596
537.292000   1.571901
537.293000   1.572120
537.294000   1.571852
537.295000   1.570697
537.296000   1.568422
537.297000   1.565008
537.298000   1.560641
537.299000   1.555698
537.300000   1.550737
537.301000   1.546395
537.302000   1.543170
537.303000   1.541241
537.304000   1.540550
537.305000   1.540999
537.306000   1.542535
537.307000   1.545151
537.308000   1.548870
537.309000   1.553731
537.310000   1.559769
537.311000   1.566928
537.312000   1.574956
537.313000   1.583390
537.314000   1.591681
537.315000   1.599316
537.316000   1.605885
537.317000   1.611131
537.318000   1.614987
537.319000   1.617612
537.320000   1.619351
537.321000   1.620554
537.322000   1.621344
537.323000   1.621575
537.324000   1.620987
537.325000   1.619352
537.326000   1.616530
537.327000   1.612503
537.328000   1.607398
537.329000   1.601486
537.330000   1.595116
537.331000   1.588557
537.332000   1.581912
537.333000   1.575195
537.334000   1.568438
537.335000   1.561726
537.336000   1.555201
537.337000   1.549079
537.338000   1.543665
537.339000   1.539339
537.340000   1.536451
537.341000   1.535161
537.342000   1.535374
537.343000   1.536811
537.344000   1.539110
537.345000   1.541877
537.346000   1.544725
537.347000   1.547336
537.348000   1.549508
537.349000   1.551141
537.350000   1.552112
537.351000   1.552130
537.352000   1.550789
537.353000   1.547770
537.354000   1.542965
537.355000   1.536480
537.356000   1.528613
537.357000   1.519835
537.358000   1.510734
537.359000   1.501852
537.360000   1.493511
537.361000   1.485797
537.362000   1.478728
537.363000   1.472383
537.364000   1.466881
537.365000   1.462287
537.366000   1.458554
537.367000   1.455567
537.368000   1.453196
537.369000   1.451303
537.370000   1.449679
537.371000   1.448051
537.372000   1.446196
537.373000   1.444036
537.374000   1.441637
537.375000   1.439141
537.376000   1.436739
537.377000   1.434716
537.378000   1.433421
537.379000   1.433048
537.380000   1.433456
537.381000   1.434308
537.382000   1.435354
537.383000   1.436565
537.384000   1.438123
537.385000   1.440334
537.386000   1.443543
537.387000   1.448065
537.388000   1.454068
537.389000   1.461432
537.390000   1.469756
537.391000   1.478543
537.392000   1.487346
537.393000   1.495801
537.394000   1.503609
537.395000   1.510508
537.396000   1.516232
537.397000   1.520446
537.398000   1.522655
537.399000   1.522211
537.400000   1.518528
537.401000   1.511350
537.402000   1.500839
537.403000   1.487526
537.404000   1.472216
537.405000   1.455896
537.406000   1.439645
537.407000   1.424459
537.408000   1.411026
537.409000   1.399634
537.410000   1.390324
537.411000   1.383066
537.412000   1.377822
537.413000   1.374586
537.414000   1.373412
537.415000   1.374460
537.416000   1.377959
537.417000   1.383993
537.418000   1.392262
537.419000   1.402126
537.420000   1.412857
537.421000   1.423841
537.422000   1.434654
537.423000   1.445095
537.424000   1.455200
537.425000   1.465201
537.426000   1.475369
537.427000   1.485796
537.428000   1.496313
537.429000   1.506594
537.430000   1.516283
537.431000   1.525039
537.432000   1.532567
537.433000   1.538647
537.434000   1.543176
537.435000   1.546162
537.436000   1.547667
537.437000   1.547740
537.438000   1.546408
537.439000   1.543734
537.440000   1.539814
537.441000   1.534733
537.442000   1.528585
537.443000   1.521562
537.444000   1.514037
537.445000   1.506528
537.446000   1.499502
537.447000   1.493157
537.448000   1.487428
537.449000   1.482143
537.450000   1.477138
537.451000   1.472298
537.452000   1.467586
537.453000   1.463054
537.454000   1.458810
537.455000   1.454879
537.456000   1.451049
537.457000   1.446908
537.458000   1.442056
537.459000   1.436270
537.460000   1.429545
537.461000   1.422077
537.462000   1.414232
537.463000   1.406500
537.464000   1.399399
537.465000   1.393329
537.466000   1.388476
537.467000   1.384867
537.468000   1.382497
537.469000   1.381396
537.470000   1.381620
537.471000   1.383228
537.472000   1.386251
537.473000   1.390676
537.474000   1.396395
537.475000   1.403108
537.476000   1.410318
537.477000   1.417452
537.478000   1.423968
537.479000   1.429409
537.480000   1.433458
537.481000   1.436007
537.482000   1.437186
537.483000   1.437290
537.484000   1.436592
537.485000   1.435198
537.486000   1.433119
537.487000   1.430463
537.488000   1.427507
537.489000   1.424622
537.490000   1.422154
537.491000   1.420374
537.492000   1.419494
537.493000   1.419651
537.494000   1.420798
537.495000   1.422651
537.496000   1.424790
537.497000   1.426818
537.498000   1.428458
537.499000   1.429605
537.500000   1.430352
537.501000   1.430966
537.501000   1.430966
537.502000   1.431769
537.503000   1.432929
537.504000   1.434287
537.505000   1.435450
537.506000   1.436058
537.507000   1.435947
537.508000   1.435169
537.509000   1.433955
537.510000   1.432692
537.511000   1.431883
537.512000   1.432043
537.513000   1.433486
537.514000   1.436172
537.515000   1.439775
537.516000   1.443904
537.517000   1.448244
537.518000   1.452611
537.519000   1.456950
537.520000   1.461345
537.521000   1.466029
537.522000   1.471326
537.523000   1.477459
537.524000   1.484346
537.525000   1.491640
537.526000   1.498898
537.527000   1.505752
537.528000   1.512004
537.529000   1.517669
537.530000   1.522969
537.531000   1.528275
537.532000   1.533925
537.533000   1.539982
537.534000   1.546191
537.535000   1.552124
537.536000   1.557289
537.537000   1.561215
537.538000   1.563575
537.539000   1.564286
537.540000   1.563484
537.541000   1.561434
537.542000   1.558378
537.543000   1.554484
537.544000   1.549923
537.545000   1.544903
537.546000   1.539517
537.547000   1.533666
537.548000   1.527215
537.549000   1.520176
537.550000   1.512742
537.551000   1.505200
537.552000   1.497774
537.553000   1.490543
537.554000   1.483533
537.555000   1.476868
537.556000   1.470770
537.557000   1.465404
537.558000   1.460825
537.559000   1.457136
537.560000   1.454585
537.561000   1.453430
537.562000   1.453710
537.563000   1.455221
537.564000   1.457707
537.565000   1.461028
537.566000   1.465217
537.567000   1.470425
537.568000   1.476821
537.569000   1.484517
537.570000   1.493546
537.571000   1.503793
537.572000   1.514912
537.573000   1.526392
537.574000   1.537714
537.575000   1.548445
537.576000   1.558277
537.577000   1.567054
537.578000   1.574779
537.579000   1.581571
537.580000   1.587523
537.581000   1.592556
537.582000   1.596434
537.583000   1.598946
537.584000   1.600062
537.585000   1.599935
537.586000   1.598846
537.587000   1.597162
537.588000   1.595320
537.589000   1.593789
537.590000   1.592944
537.591000   1.592925
537.592000   1.593606
537.593000   1.594698
537.594000   1.595849
537.595000   1.596705
537.596000   1.596963
537.597000   1.596416
537.598000   1.595014
537.599000   1.592843
537.600000   1.590011
537.601000   1.586487
537.602000   1.582087
537.603000   1.576609
537.604000   1.569932
537.605000   1.562061
537.606000   1.553159
537.607000   1.543566
537.608000   1.533776
537.609000   1.524356
537.610000   1.515772
537.611000   1.508259
537.612000   1.501857
537.613000   1.496530
537.614000   1.492231
537.615000   1.488882
537.616000   1.486381
537.617000   1.484644
537.618000   1.483659
537.619000   1.483462
537.620000   1.484037
537.621000   1.485255
537.622000   1.486947
537.623000   1.489006
537.624000   1.491388
537.625000   1.494050
537.626000   1.496924
537.627000   1.499963
537.628000   1.503180
537.629000   1.506562
537.630000   1.509934
537.631000   1.512929
537.632000   1.515138
537.633000   1.516257
537.634000   1.516168
537.635000   1.514936
537.636000   1.512772
537.637000   1.509989
537.638000   1.506951
537.639000   1.503970
537.640000   1.501194
537.641000   1.498654
537.642000   1.496414
537.643000   1.494668
537.644000   1.493756
537.645000   1.494108
537.646000   1.496160
537.647000   1.500255
537.648000   1.506577
537.649000   1.515061
537.650000   1.525356
537.651000   1.536930
537.652000   1.549215
537.653000   1.561691
537.654000   1.573914
537.655000   1.585517
537.656000   1.596199
537.657000   1.605692
537.658000   1.613665
537.659000   1.619621
537.660000   1.622928
537.661000   1.623042
537.662000   1.619690
537.663000   1.612925
537.664000   1.603074
537.665000   1.590664
537.666000   1.576328
537.667000   1.560715
537.668000   1.544407
537.669000   1.527860
537.670000   1.511448
537.671000   1.495539
537.672000   1.480540
537.673000   1.466860
537.674000   1.454858
537.675000   1.444822
537.676000   1.436977
537.677000   1.431478
537.678000   1.428304
537.679000   1.427105
537.680000   1.427240
537.681000   1.428012
537.682000   1.428871
537.683000   1.429496
537.684000   1.429814
537.685000   1.430000
537.686000   1.430426
537.687000   1.431512
537.688000   1.433506
537.689000   1.436414
537.690000   1.440139
537.691000   1.444612
537.692000   1.449829
537.693000   1.455822
537.694000   1.462644
537.695000   1.470359
537.696000   1.479026
537.697000   1.488630
537.698000   1.498972
537.699000   1.509630
537.700000   1.520041
537.701000   1.529621
537.702000   1.537867
537.703000   1.544458
537.704000   1.549331
537.705000   1.552724
537.706000   1.555112
537.707000   1.556991
537.708000   1.558619
537.709000   1.559998
537.710000   1.561050
537.711000   1.561755
537.712000   1.562201
537.713000   1.562586
537.714000   1.563214
537.715000   1.564450
537.716000   1.566599
537.717000   1.569704
537.718000   1.573456
537.719000   1.577311
537.720000   1.580683
537.721000   1.583066
537.722000   1.584095
537.723000   1.583599
537.724000   1.581630
537.725000   1.578436
537.726000   1.574346
537.727000   1.569600
537.728000   1.564295
537.729000   1.558469
537.730000   1.552179
537.731000   1.545538
537.732000   1.538727
537.733000   1.532009
537.734000   1.525726
537.735000   1.520223
537.736000   1.515686
537.737000   1.512012
537.738000   1.508895
537.739000   1.506041
537.740000   1.503293
537.741000   1.500633
537.742000   1.498147
537.743000   1.496020
537.744000   1.494553
537.745000   1.494092
537.746000   1.494867
537.747000   1.496878
537.748000   1.499989
537.749000   1.504066
537.750000   1.509031
537.751000   1.514847
537.752000   1.521498
537.753000   1.528972
537.754000   1.537245
537.755000   1.546183
537.756000   1.555407
537.757000   1.564305
537.758000   1.572220
537.759000   1.578636
537.760000   1.583258
537.761000   1.586044
537.762000   1.587215
537.763000   1.587238
537.764000   1.586705
537.765000   1.586101
537.766000   1.585644
537.767000   1.585402
537.768000   1.585464
537.769000   1.585989
537.770000   1.587168
537.771000   1.589189
537.772000   1.592215
537.773000   1.596365
537.774000   1.601662
537.775000   1.607955
537.776000   1.614923
537.777000   1.622151
537.778000   1.629212
537.779000   1.635684
537.780000   1.641193
537.781000   1.645463
537.782000   1.648388
537.783000   1.650050
537.784000   1.650604
537.785000   1.650060
537.786000   1.648204
537.787000   1.644727
537.788000   1.639391
537.789000   1.632109
537.790000   1.622978
537.791000   1.612292
537.792000   1.600526
537.793000   1.588235
537.794000   1.575885
537.795000   1.563733
537.796000   1.551879
537.797000   1.540387
537.798000   1.529350
537.799000   1.518885
537.800000   1.509109
537.801000   1.500139
537.802000   1.492090
537.803000   1.485014
537.804000   1.478775
537.805000   1.473010
537.806000   1.467280
537.807000   1.461250
537.808000   1.454741
537.809000   1.447684
537.810000   1.440085
537.811000   1.432043
537.812000   1.423775
537.813000   1.415561
537.814000   1.407639
537.815000   1.400173
537.816000   1.393308
537.817000   1.387231
537.818000   1.382157
537.819000   1.378299
537.820000   1.375841
537.821000   1.374943
537.822000   1.375725
537.823000   1.378172
537.824000   1.382037
537.825000   1.386869
537.826000   1.392191
537.827000   1.397645
537.828000   1.403034
537.829000   1.408293
537.830000   1.413462
537.831000   1.418658
537.832000   1.424013
537.833000   1.429538
537.834000   1.435065
537.835000   1.440346
537.836000   1.445183
537.837000   1.449474
537.838000   1.453182
537.839000   1.456294
537.840000   1.458770
537.841000   1.460515
537.842000   1.461319
537.843000   1.460818
537.844000   1.458570
537.845000   1.454229
537.846000   1.447669
537.847000   1.438997
537.848000   1.428498
537.849000   1.416571
537.850000   1.403682
537.851000   1.390331
537.852000   1.376966
537.853000   1.363884
537.854000   1.351249
537.855000   1.339203
537.856000   1.327947
537.857000   1.317748
537.858000   1.308920
537.859000   1.301805
537.860000   1.296749
537.861000   1.294022
537.862000   1.293675
537.863000   1.295470
537.864000   1.298986
537.865000   1.303793
537.866000   1.309537
537.867000   1.315969
537.868000   1.322973
537.869000   1.330572
537.870000   1.338913
537.871000   1.348133
537.872000   1.358201
537.873000   1.368889
537.874000   1.379895
537.875000   1.390948
537.876000   1.401852
537.877000   1.412486
537.878000   1.422801
537.879000   1.432795
537.880000   1.442448
537.881000   1.451611
537.882000   1.459946
537.883000   1.467007
537.884000   1.472378
537.885000   1.475757
537.886000   1.477008
537.887000   1.476209
537.888000   1.473693
537.889000   1.470018
537.890000   1.465830
537.891000   1.461649
537.892000   1.457740
537.893000   1.454165
537.894000   1.450902
537.895000   1.447916
537.896000   1.445188
537.897000   1.442748
537.898000   1.440699
537.899000   1.439185
537.900000   1.438271
537.901000   1.437806
537.902000   1.437427
537.903000   1.436727
537.904000   1.435418
537.905000   1.433417
537.906000   1.430846
537.907000   1.428011
537.908000   1.425333
537.909000   1.423253
537.910000   1.422062
537.911000   1.421794
537.912000   1.422304
537.913000   1.423429
537.914000   1.425078
537.915000   1.427249
537.916000   1.430016
537.917000   1.433496
537.918000   1.437801
537.919000   1.442954
537.920000   1.448799
537.921000   1.454970
537.922000   1.460983
537.923000   1.466375
537.924000   1.470793
537.925000   1.474051
537.926000   1.476157
537.927000   1.477325
537.928000   1.477935
537.929000   1.478399
537.930000   1.478964
537.931000   1.479652
537.932000   1.480374
537.933000   1.481050
537.934000   1.481661
537.935000   1.482261
537.936000   1.482980
537.937000   1.484002
537.938000   1.485510
537.939000   1.487578
537.940000   1.490085
537.941000   1.492782
537.942000   1.495439
537.943000   1.497923
537.944000   1.500178
537.945000   1.502180
537.946000   1.503932
537.947000   1.505483
537.948000   1.506886
537.949000   1.508086
537.950000   1.508892
537.951000   1.509099
537.952000   1.508643
537.953000   1.507646
537.954000   1.506380
537.955000   1.505189
537.956000   1.504414
537.957000   1.504359
537.958000   1.505241
537.959000   1.507101
537.960000   1.509792
537.961000   1.513088
537.962000   1.516794
537.963000   1.520793
537.964000   1.525059
537.965000   1.529660
537.966000   1.534741
537.967000   1.540446
537.968000   1.546748
537.969000   1.553350
537.970000   1.559806
537.971000   1.565758
537.972000   1.571050
537.973000   1.575719
537.974000   1.579963
537.975000   1.584105
537.976000   1.588539
537.977000   1.593620
537.978000   1.599481
537.979000   1.605929
537.980000   1.612547
537.981000   1.618878
537.982000   1.624516
537.983000   1.629152
537.984000   1.632591
537.985000   1.634786
537.986000   1.635842
537.987000   1.635927
537.988000   1.635115
537.989000   1.633301
537.990000   1.630298
537.991000   1.625967
537.992000   1.620278
537.993000   1.613356
537.994000   1.605502
537.995000   1.597202
537.996000   1.589075
537.997000   1.581714
537.998000   1.575472
537.999000   1.570404
538.000000   1.566373
538.001000   1.563147
538.001000   1.563147
538.002000   1.560442
538.003000   1.557990
538.004000   1.555629
538.005000   1.553358
538.006000   1.551307
538.007000   1.549588
538.008000   1.548149
538.009000   1.546785
538.010000   1.545284
538.011000   1.543494
538.012000   1.541337
538.013000   1.538851
538.014000   1.536219
538.015000   1.533748
538.016000   1.531743
538.017000   1.530312
538.018000   1.529272
538.019000   1.528270
538.020000   1.526960
538.021000   1.525067
538.022000   1.522353
538.023000   1.518624
538.024000   1.513806
538.025000   1.508002
538.026000   1.501418
538.027000   1.494230
538.028000   1.486549
538.029000   1.478512
538.030000   1.470356
538.031000   1.462393
538.032000   1.454922
538.033000   1.448210
538.034000   1.442535
538.035000   1.438205
538.036000   1.435440
538.037000   1.434241
538.038000   1.434402
538.039000   1.435658
538.040000   1.437797
538.041000   1.440694
538.042000   1.444321
538.043000   1.448740
538.044000   1.454091
538.045000   1.460553
538.046000   1.468230
538.047000   1.477056
538.048000   1.486832
538.049000   1.497322
538.050000   1.508313
538.051000   1.519616
538.052000   1.531077
538.053000   1.542589
538.054000   1.554097
538.055000   1.565537
538.056000   1.576708
538.057000   1.587183
538.058000   1.596361
538.059000   1.603608
538.060000   1.608371
538.061000   1.610253
538.062000   1.609057
538.063000   1.604806
538.064000   1.597733
538.065000   1.588195
538.066000   1.576569
538.067000   1.563202
538.068000   1.548445
538.069000   1.532656
538.070000   1.516152
538.071000   1.499236
538.072000   1.482262
538.073000   1.465678
538.074000   1.449966
538.075000   1.435508
538.076000   1.422458
538.077000   1.410762
538.078000   1.400286
538.079000   1.390936
538.080000   1.382728
538.081000   1.375797
538.082000   1.370338
538.083000   1.366531
538.084000   1.364527
538.085000   1.364394
538.086000   1.366041
538.087000   1.369251
538.088000   1.373768
538.089000   1.379355
538.090000   1.385840
538.091000   1.393159
538.092000   1.401400
538.093000   1.410759
538.094000   1.421345
538.095000   1.432968
538.096000   1.445143
538.097000   1.457288
538.098000   1.468887
538.099000   1.479548
538.100000   1.489012
538.101000   1.497153
538.102000   1.503994
538.103000   1.509691
538.104000   1.514447
538.105000   1.518381
538.106000   1.521382
538.107000   1.523011
538.108000   1.522656
538.109000   1.519844
538.110000   1.514419
538.111000   1.506551
538.112000   1.496647
538.113000   1.485207
538.114000   1.472673
538.115000   1.459376
538.116000   1.445612
538.117000   1.431723
538.118000   1.418058
538.119000   1.404854
538.120000   1.392255
538.121000   1.380429
538.122000   1.369586
538.123000   1.359854
538.124000   1.351163
538.125000   1.343266
538.126000   1.335913
538.127000   1.329011
538.128000   1.322707
538.129000   1.317304
538.130000   1.313046
538.131000   1.310024
538.132000   1.308269
538.133000   1.307773
538.134000   1.308465
538.135000   1.310256
538.136000   1.313128
538.137000   1.317191
538.138000   1.322713
538.139000   1.330080
538.140000   1.339650
538.141000   1.351537
538.142000   1.365503
538.143000   1.381015
538.144000   1.397382
538.145000   1.413905
538.146000   1.429981
538.147000   1.445145
538.148000   1.459106
538.149000   1.471770
538.150000   1.483180
538.151000   1.493343
538.152000   1.502071
538.153000   1.509030
538.154000   1.513930
538.155000   1.516671
538.156000   1.517360
538.157000   1.516276
538.158000   1.513833
538.159000   1.510553
538.160000   1.507028
538.161000   1.503790
538.162000   1.501069
538.163000   1.498640
538.164000   1.495990
538.165000   1.492654
538.166000   1.488422
538.167000   1.483369
538.168000   1.477838
538.169000   1.472407
538.170000   1.467812
538.171000   1.464769
538.172000   1.463724
538.173000   1.464740
538.174000   1.467643
538.175000   1.472274
538.176000   1.478587
538.177000   1.486608
538.178000   1.496370
538.179000   1.507858
538.180000   1.520946
538.181000   1.535349
538.182000   1.550638
538.183000   1.566250
538.184000   1.581437
538.185000   1.595348
538.186000   1.607257
538.187000   1.616718
538.188000   1.623597
538.189000   1.628012
538.190000   1.630230
538.191000   1.630565
538.192000   1.629343
538.193000   1.626909
538.194000   1.623563
538.195000   1.619510
538.196000   1.614959
538.197000   1.610218
538.198000   1.605676
538.199000   1.601677
538.200000   1.598383
538.201000   1.595723
538.202000   1.593492
538.203000   1.591501
538.204000   1.589681
538.205000   1.588045
538.206000   1.586582
538.207000   1.585272
538.208000   1.584179
538.209000   1.583412
538.210000   1.582990
538.211000   1.582815
538.212000   1.582751
538.213000   1.582705
538.214000   1.582668
538.215000   1.582709
538.216000   1.582933
538.217000   1.583418
538.218000   1.584173
538.219000   1.585134
538.220000   1.586190
538.221000   1.587234
538.222000   1.588195
538.223000   1.589037
538.224000   1.589748
538.225000   1.590357
538.226000   1.590950
538.227000   1.591675
538.228000   1.592662
538.229000   1.593891
538.230000   1.595134
538.231000   1.596030
538.232000   1.596216
538.233000   1.595430
538.234000   1.593589
538.235000   1.590808
538.236000   1.587363
538.237000   1.583566
538.238000   1.579591
538.239000   1.575410
538.240000   1.570892
538.241000   1.565948
538.242000   1.560598
538.243000   1.554964
538.244000   1.549244
538.245000   1.543661
538.246000   1.538401
538.247000   1.533511
538.248000   1.528821
538.249000   1.523993
538.250000   1.518658
538.251000   1.512543
538.252000   1.505531
538.253000   1.497689
538.254000   1.489263
538.255000   1.480628
538.256000   1.472141
538.257000   1.463990
538.258000   1.456161
538.259000   1.448573
538.260000   1.441222
538.261000   1.434225
538.262000   1.427814
538.263000   1.422315
538.264000   1.418134
538.265000   1.415711
538.266000   1.415412
538.267000   1.417374
538.268000   1.421450
538.269000   1.427317
538.270000   1.434615
538.271000   1.443034
538.272000   1.452347
538.273000   1.462441
538.274000   1.473328
538.275000   1.485110
538.276000   1.497864
538.277000   1.511527
538.278000   1.525806
538.279000   1.540136
538.280000   1.553791
538.281000   1.566081
538.282000   1.576500
538.283000   1.584750
538.284000   1.590683
538.285000   1.594186
538.286000   1.595108
538.287000   1.593332
538.288000   1.588903
538.289000   1.582058
538.290000   1.573119
538.291000   1.562455
538.292000   1.550553
538.293000   1.538042
538.294000   1.525603
538.295000   1.513798
538.296000   1.502983
538.297000   1.493359
538.298000   1.485094
538.299000   1.478407
538.300000   1.473501
538.301000   1.470433
538.302000   1.469090
538.303000   1.469306
538.304000   1.470870
538.305000   1.473447
538.306000   1.476599
538.307000   1.479916
538.308000   1.483134
538.309000   1.486180
538.310000   1.489170
538.311000   1.492345
538.312000   1.495990
538.313000   1.500340
538.314000   1.505476
538.315000   1.511297
538.316000   1.517592
538.317000   1.524148
538.318000   1.530799
538.319000   1.537453
538.320000   1.544112
538.321000   1.550867
538.322000   1.557792
538.323000   1.564770
538.324000   1.571385
538.325000   1.577048
538.326000   1.581230
538.327000   1.583611
538.328000   1.584125
538.329000   1.582956
538.330000   1.580515
538.331000   1.577371
538.332000   1.574088
538.333000   1.570992
538.334000   1.568025
538.335000   1.564831
538.336000   1.560962
538.337000   1.556036
538.338000   1.549814
538.339000   1.542234
538.340000   1.533423
538.341000   1.523673
538.342000   1.513348
538.343000   1.502730
538.344000   1.491930
538.345000   1.480960
538.346000   1.469868
538.347000   1.458833
538.348000   1.448168
538.349000   1.438287
538.350000   1.429649
538.351000   1.422676
538.352000   1.417634
538.353000   1.414552
538.354000   1.413286
538.355000   1.413659
538.356000   1.415519
538.357000   1.418748
538.358000   1.423268
538.359000   1.429053
538.360000   1.436113
538.361000   1.444432
538.362000   1.453897
538.363000   1.464318
538.364000   1.475551
538.365000   1.487574
538.366000   1.500420
538.367000   1.514043
538.368000   1.528282
538.369000   1.542938
538.370000   1.557822
538.371000   1.572704
538.372000   1.587248
538.373000   1.601055
538.374000   1.613761
538.375000   1.625087
538.376000   1.634838
538.377000   1.642872
538.378000   1.649098
538.379000   1.653505
538.380000   1.656170
538.381000   1.657186
538.382000   1.656587
538.383000   1.654388
538.384000   1.650652
538.385000   1.645524
538.386000   1.639236
538.387000   1.632118
538.388000   1.624584
538.389000   1.617029
538.390000   1.609672
538.391000   1.602471
538.392000   1.595223
538.393000   1.587742
538.394000   1.579951
538.395000   1.571901
538.396000   1.563753
538.397000   1.555775
538.398000   1.548336
538.399000   1.541848
538.400000   1.536638
538.401000   1.532807
538.402000   1.530187
538.403000   1.528438
538.404000   1.527197
538.405000   1.526172
538.406000   1.525184
538.407000   1.524180
538.408000   1.523228
538.409000   1.522468
538.410000   1.522049
538.411000   1.522084
538.412000   1.522648
538.413000   1.523722
538.414000   1.525207
538.415000   1.527023
538.416000   1.529208
538.417000   1.531921
538.418000   1.535358
538.419000   1.539617
538.420000   1.544609
538.421000   1.550108
538.422000   1.555868
538.423000   1.561693
538.424000   1.567393
538.425000   1.572730
538.426000   1.577476
538.427000   1.581482
538.428000   1.584654
538.429000   1.586857
538.430000   1.587885
538.431000   1.587556
538.432000   1.585833
538.433000   1.582887
538.434000   1.579064
538.435000   1.574786
538.436000   1.570431
538.437000   1.566262
538.438000   1.562393
538.439000   1.558779
538.440000   1.555268
538.441000   1.551720
538.442000   1.548068
538.443000   1.544354
538.444000   1.540731
538.445000   1.537444
538.446000   1.534746
538.447000   1.532740
538.448000   1.531257
538.449000   1.529909
538.450000   1.528271
538.451000   1.526031
538.452000   1.523037
538.453000   1.519285
538.454000   1.514892
538.455000   1.510065
538.456000   1.505052
538.457000   1.500062
538.458000   1.495210
538.459000   1.490519
538.460000   1.485934
538.461000   1.481344
538.462000   1.476676
538.463000   1.471989
538.464000   1.467495
538.465000   1.463499
538.466000   1.460291
538.467000   1.458014
538.468000   1.456642
538.469000   1.456063
538.470000   1.456164
538.471000   1.456820
538.472000   1.457848
538.473000   1.459049
538.474000   1.460303
538.475000   1.461557
538.476000   1.462710
538.477000   1.463524
538.478000   1.463693
538.479000   1.462995
538.480000   1.461398
538.481000   1.459048
538.482000   1.456162
538.483000   1.452906
538.484000   1.449380
538.485000   1.445687
538.486000   1.441918
538.487000   1.438113
538.488000   1.434260
538.489000   1.430340
538.490000   1.426371
538.491000   1.422445
538.492000   1.418765
538.493000   1.415632
538.494000   1.413328
538.495000   1.411975
538.496000   1.411457
538.497000   1.411483
538.498000   1.411735
538.499000   1.411978
538.500000   1.412107
538.501000   1.412169
538.501000   1.412169
538.502000   1.412387
538.503000   1.413144
538.504000   1.414861
538.505000   1.417776
538.506000   1.421797
538.507000   1.426581
538.508000   1.431698
538.509000   1.436718
538.510000   1.441230
538.511000   1.444854
538.512000   1.447276
538.513000   1.448307
538.514000   1.447896
538.515000   1.446045
538.516000   1.442647
538.517000   1.437404
538.518000   1.429970
538.519000   1.420199
538.520000   1.408259
538.521000   1.394629
538.522000   1.380019
538.523000   1.365277
538.524000   1.351255
538.525000   1.338672
538.526000   1.328028
538.527000   1.319571
538.528000   1.313302
538.529000   1.309102
538.530000   1.306870
538.531000   1.306576
538.532000   1.308241
538.533000   1.311881
538.534000   1.317431
538.535000   1.324723
538.536000   1.333545
538.537000   1.343705
538.538000   1.354979
538.539000   1.367069
538.540000   1.379729
538.541000   1.392888
538.542000   1.406644
538.543000   1.421151
538.544000   1.436492
538.545000   1.452648
538.546000   1.469585
538.547000   1.487323
538.548000   1.505929
538.549000   1.525436
538.550000   1.545799
538.551000   1.566927
538.552000   1.588714
538.553000   1.611005
538.554000   1.633528
538.555000   1.655909
538.556000   1.677740
538.557000   1.698682
538.558000   1.718527
538.559000   1.737181
538.560000   1.754593
538.561000   1.770671
538.562000   1.785285
538.563000   1.798254
538.564000   1.809319
538.565000   1.818198
538.566000   1.824691
538.567000   1.828750
538.568000   1.830492
538.569000   1.830178
538.570000   1.828175
538.571000   1.824902
538.572000   1.820745
538.573000   1.815966
538.574000   1.810687
538.575000   1.804966
538.576000   1.798886
538.577000   1.792602
538.578000   1.786331
538.579000   1.780345
538.580000   1.774950
538.581000   1.770448
538.582000   1.767031
538.583000   1.764695
538.584000   1.763243
538.585000   1.762411
538.586000   1.761973
538.587000   1.761803
538.588000   1.761900
538.589000   1.762392
538.590000   1.763508
538.591000   1.765485
538.592000   1.768423
538.593000   1.772200
538.594000   1.776562
538.595000   1.781267
538.596000   1.786167
538.597000   1.791189
538.598000   1.796291
538.599000   1.801463
538.600000   1.806719
538.601000   1.812055
538.602000   1.817372
538.603000   1.822480
538.604000   1.827175
538.605000   1.831315
538.606000   1.834832
538.607000   1.837693
538.608000   1.839874
538.609000   1.841376
538.610000   1.842229
538.611000   1.842427
538.612000   1.841823
538.613000   1.840121
538.614000   1.836962
538.615000   1.832051
538.616000   1.825244
538.617000   1.816589
538.618000   1.806320
538.619000   1.794756
538.620000   1.782165
538.621000   1.768659
538.622000   1.754200
538.623000   1.738729
538.624000   1.722292
538.625000   1.705096
538.626000   1.687496
538.627000   1.669965
538.628000   1.653025
538.629000   1.637146
538.630000   1.622634
538.631000   1.609574
538.632000   1.597873
538.633000   1.587353
538.634000   1.577824
538.635000   1.569096
538.636000   1.560993
538.637000   1.553370
538.638000   1.546171
538.639000   1.539436
538.640000   1.533231
538.641000   1.527497
538.642000   1.522004
538.643000   1.516485
538.644000   1.510796
538.645000   1.504973
538.646000   1.499210
538.647000   1.493821
538.648000   1.489189
538.649000   1.485677
538.650000   1.483507
538.651000   1.482675
538.652000   1.482985
538.653000   1.484119
538.654000   1.485685
538.655000   1.487248
538.656000   1.488368
538.657000   1.488655
538.658000   1.487804
538.659000   1.485590
538.660000   1.481801
538.661000   1.476221
538.662000   1.468688
538.663000   1.459195
538.664000   1.447880
538.665000   1.434968
538.666000   1.420748
538.667000   1.405636
538.668000   1.390183
538.669000   1.374980
538.670000   1.360537
538.671000   1.347243
538.672000   1.335419
538.673000   1.325350
538.674000   1.317291
538.675000   1.311459
538.676000   1.308038
538.677000   1.307179
538.678000   1.308954
538.679000   1.313263
538.680000   1.319730
538.681000   1.327746
538.682000   1.336604
538.683000   1.345654
538.684000   1.354394
538.685000   1.362534
538.686000   1.370017
538.687000   1.376980
538.688000   1.383626
538.689000   1.390048
538.690000   1.396162
538.691000   1.401798
538.692000   1.406828
538.693000   1.411247
538.694000   1.415193
538.695000   1.418942
538.696000   1.422849
538.697000   1.427264
538.698000   1.432408
538.699000   1.438265
538.700000   1.444596
538.701000   1.451057
538.702000   1.457327
538.703000   1.463161
538.704000   1.468409
538.705000   1.473049
538.706000   1.477190
538.707000   1.481007
538.708000   1.484600
538.709000   1.487902
538.710000   1.490739
538.711000   1.492994
538.712000   1.494733
538.713000   1.496250
538.714000   1.498025
538.715000   1.500604
538.716000   1.504451
538.717000   1.509832
538.718000   1.516776
538.719000   1.525109
538.720000   1.534518
538.721000   1.544642
538.722000   1.555129
538.723000   1.565697
538.724000   1.576195
538.725000   1.586649
538.726000   1.597223
538.727000   1.608035
538.728000   1.618977
538.729000   1.629732
538.730000   1.639943
538.731000   1.649350
538.732000   1.657835
538.733000   1.665399
538.734000   1.672140
538.735000   1.678250
538.736000   1.684005
538.737000   1.689718
538.738000   1.695622
538.739000   1.701696
538.740000   1.707621
538.741000   1.712960
538.742000   1.717342
538.743000   1.720507
538.744000   1.722282
538.745000   1.722567
538.746000   1.721361
538.747000   1.718785
538.748000   1.715100
538.749000   1.710631
538.750000   1.705552
538.751000   1.699720
538.752000   1.692843
538.753000   1.684712
538.754000   1.675291
538.755000   1.664706
538.756000   1.653204
538.757000   1.641087
538.758000   1.628678
538.759000   1.616354
538.760000   1.604504
538.761000   1.593280
538.762000   1.582529
538.763000   1.572087
538.764000   1.562014
538.765000   1.552593
538.766000   1.544181
538.767000   1.537068
538.768000   1.531432
538.769000   1.527423
538.770000   1.525243
538.771000   1.525042
538.772000   1.526679
538.773000   1.529737
538.774000   1.533788
538.775000   1.538495
538.776000   1.543541
538.777000   1.548543
538.778000   1.553060
538.779000   1.556706
538.780000   1.559284
538.781000   1.560867
538.782000   1.561735
538.783000   1.562151
538.784000   1.562213
538.785000   1.561942
538.786000   1.561383
538.787000   1.560580
538.788000   1.559567
538.789000   1.558397
538.790000   1.557191
538.791000   1.556169
538.792000   1.555664
538.793000   1.556068
538.794000   1.557630
538.795000   1.560237
538.796000   1.563415
538.797000   1.566503
538.798000   1.568825
538.799000   1.569793
538.800000   1.568974
538.801000   1.566118
538.802000   1.561189
538.803000   1.554386
538.804000   1.546086
538.805000   1.536662
538.806000   1.526231
538.807000   1.514624
538.808000   1.501600
538.809000   1.487048
538.810000   1.471052
538.811000   1.453859
538.812000   1.435816
538.813000   1.417337
538.814000   1.398882
538.815000   1.380931
538.816000   1.363924
538.817000   1.348176
538.818000   1.333823
538.819000   1.320884
538.820000   1.309371
538.821000   1.299337
538.822000   1.290867
538.823000   1.284062
538.824000   1.279026
538.825000   1.275851
538.826000   1.274561
538.827000   1.275070
538.828000   1.277170
538.829000   1.280533
538.830000   1.284741
538.831000   1.289380
538.832000   1.294135
538.833000   1.298844
538.834000   1.303470
538.835000   1.308023
538.836000   1.312483
538.837000   1.316747
538.838000   1.320668
538.839000   1.324113
538.840000   1.326988
538.841000   1.329240
538.842000   1.330859
538.843000   1.331910
538.844000   1.332530
538.845000   1.332854
538.846000   1.332920
538.847000   1.332657
538.848000   1.331962
538.849000   1.330811
538.850000   1.329351
538.851000   1.327940
538.852000   1.327093
538.853000   1.327325
538.854000   1.328992
538.855000   1.332257
538.856000   1.337173
538.857000   1.343771
538.858000   1.352081
538.859000   1.362117
538.860000   1.373850
538.861000   1.387202
538.862000   1.402056
538.863000   1.418266
538.864000   1.435602
538.865000   1.453663
538.866000   1.471830
538.867000   1.489352
538.868000   1.505495
538.869000   1.519651
538.870000   1.531397
538.871000   1.540539
538.872000   1.547123
538.873000   1.551401
538.874000   1.553701
538.875000   1.554279
538.876000   1.553277
538.877000   1.550802
538.878000   1.547025
538.879000   1.542237
538.880000   1.536839
538.881000   1.531300
538.882000   1.526090
538.883000   1.521622
538.884000   1.518185
538.885000   1.515926
538.886000   1.514862
538.887000   1.514907
538.888000   1.515861
538.889000   1.517416
538.890000   1.519214
538.891000   1.520913
538.892000   1.522238
538.893000   1.522984
538.894000   1.523002
538.895000   1.522191
538.896000   1.520527
538.897000   1.518107
538.898000   1.515132
538.899000   1.511877
538.900000   1.508679
538.901000   1.505944
538.902000   1.504120
538.903000   1.503629
538.904000   1.504800
538.905000   1.507857
538.906000   1.512966
538.907000   1.520279
538.908000   1.529914
538.909000   1.541879
538.910000   1.555990
538.911000   1.571871
538.912000   1.588991
538.913000   1.606692
538.914000   1.624220
538.915000   1.640807
538.916000   1.655765
538.917000   1.668567
538.918000   1.678861
538.919000   1.686425
538.920000   1.691092
538.921000   1.692733
538.922000   1.691291
538.923000   1.686804
538.924000   1.679405
538.925000   1.669334
538.926000   1.656952
538.927000   1.642738
538.928000   1.627278
538.929000   1.611231
538.930000   1.595262
538.931000   1.579909
538.932000   1.565449
538.933000   1.551883
538.934000   1.539043
538.935000   1.526753
538.936000   1.514936
538.937000   1.503671
538.938000   1.493209
538.939000   1.483964
538.940000   1.476435
538.941000   1.471035
538.942000   1.467937
538.943000   1.467056
538.944000   1.468177
538.945000   1.471067
538.946000   1.475516
538.947000   1.481343
538.948000   1.488395
538.949000   1.496545
538.950000   1.505669
538.951000   1.515574
538.952000   1.525896
538.953000   1.536082
538.954000   1.545473
538.955000   1.553457
538.956000   1.559598
538.957000   1.563704
538.958000   1.565858
538.959000   1.566402
538.960000   1.565849
538.961000   1.564724
538.962000   1.563402
538.963000   1.562045
538.964000   1.560694
538.965000   1.559392
538.966000   1.558255
538.967000   1.557473
538.968000   1.557272
538.969000   1.557853
538.970000   1.559318
538.971000   1.561604
538.972000   1.564480
538.973000   1.567605
538.974000   1.570599
538.975000   1.573133
538.976000   1.574999
538.977000   1.576137
538.978000   1.576621
538.979000   1.576593
538.980000   1.576184
538.981000   1.575453
538.982000   1.574424
538.983000   1.573136
538.984000   1.571666
538.985000   1.570130
538.986000   1.568690
538.987000   1.567552
538.988000   1.566929
538.989000   1.566969
538.990000   1.567689
538.991000   1.568972
538.992000   1.570629
538.993000   1.572458
538.994000   1.574266
538.995000   1.575868
538.996000   1.577106
538.997000   1.577873
538.998000   1.578094
538.999000   1.577666
539.000000   1.576406
539.001000   1.574067
539.001000   1.574067
539.002000   1.570418
539.003000   1.565306
539.004000   1.558674
539.005000   1.550561
539.006000   1.541093
539.007000   1.530460
539.008000   1.518865
539.009000   1.506461
539.010000   1.493332
539.011000   1.479542
539.012000   1.465190
539.013000   1.450427
539.014000   1.435454
539.015000   1.420517
539.016000   1.405898
539.017000   1.391891
539.018000   1.378737
539.019000   1.366577
539.020000   1.355467
539.021000   1.345449
539.022000   1.336611
539.023000   1.329096
539.024000   1.323078
539.025000   1.318735
539.026000   1.316219
539.027000   1.315629
539.028000   1.316961
539.029000   1.320057
539.030000   1.324629
539.031000   1.330313
539.032000   1.336736
539.033000   1.343568
539.034000   1.350576
539.035000   1.357642
539.036000   1.364746
539.037000   1.371875
539.038000   1.378929
539.039000   1.385719
539.040000   1.392042
539.041000   1.397767
539.042000   1.402870
539.043000   1.407442
539.044000   1.411689
539.045000   1.415925
539.046000   1.420522
539.047000   1.425824
539.048000   1.431998
539.049000   1.438940
539.050000   1.446303
539.051000   1.453641
539.052000   1.460526
539.053000   1.466616
539.054000   1.471668
539.055000   1.475547
539.056000   1.478204
539.057000   1.479617
539.058000   1.479722
539.059000   1.478353
539.060000   1.475260
539.061000   1.470194
539.062000   1.463032
539.063000   1.453840
539.064000   1.442882
539.065000   1.430575
539.066000   1.417422
539.067000   1.403929
539.068000   1.390536
539.069000   1.377597
539.070000   1.365352
539.071000   1.353903
539.072000   1.343266
539.073000   1.333480
539.074000   1.324682
539.075000   1.317102
539.076000   1.310999
539.077000   1.306580
539.078000   1.303980
539.079000   1.303308
539.080000   1.304689
539.081000   1.308260
539.082000   1.314119
539.083000   1.322318
539.084000   1.332889
539.085000   1.345834
539.086000   1.361055
539.087000   1.378288
539.088000   1.397121
539.089000   1.417067
539.090000   1.437619
539.091000   1.458222
539.092000   1.478241
539.093000   1.496990
539.094000   1.513831
539.095000   1.528239
539.096000   1.539807
539.097000   1.548269
539.098000   1.553569
539.099000   1.555920
539.100000   1.555811
539.101000   1.553919
539.102000   1.550946
539.103000   1.547488
539.104000   1.543985
539.105000   1.540719
539.106000   1.537777
539.107000   1.535023
539.108000   1.532193
539.109000   1.529026
539.110000   1.525374
539.111000   1.521245
539.112000   1.516784
539.113000   1.512198
539.114000   1.507674
539.115000   1.503323
539.116000   1.499159
539.117000   1.495145
539.118000   1.491276
539.119000   1.487634
539.120000   1.484384
539.121000   1.481744
539.122000   1.479961
539.123000   1.479269
539.124000   1.479824
539.125000   1.481594
539.126000   1.484299
539.127000   1.487450
539.128000   1.490493
539.129000   1.492926
539.130000   1.494381
539.131000   1.494685
539.132000   1.493902
539.133000   1.492353
539.134000   1.490519
539.135000   1.488797
539.136000   1.487283
539.137000   1.485826
539.138000   1.484262
539.139000   1.482553
539.140000   1.480803
539.141000   1.479216
539.142000   1.478063
539.143000   1.477631
539.144000   1.478145
539.145000   1.479647
539.146000   1.481934
539.147000   1.484611
539.148000   1.487215
539.149000   1.489325
539.150000   1.490635
539.151000   1.490995
539.152000   1.490446
539.153000   1.489227
539.154000   1.487699
539.155000   1.486197
539.156000   1.484916
539.157000   1.483899
539.158000   1.483118
539.159000   1.482555
539.160000   1.482272
539.161000   1.482438
539.162000   1.483330
539.163000   1.485281
539.164000   1.488572
539.165000   1.493318
539.166000   1.499455
539.167000   1.506799
539.168000   1.515104
539.169000   1.524069
539.170000   1.533380
539.171000   1.542766
539.172000   1.552035
539.173000   1.561029
539.174000   1.569511
539.175000   1.577085
539.176000   1.583260
539.177000   1.587579
539.178000   1.589680
539.179000   1.589296
539.180000   1.586279
539.181000   1.580664
539.182000   1.572682
539.183000   1.562683
539.184000   1.551022
539.185000   1.538009
539.186000   1.523953
539.187000   1.509214
539.188000   1.494213
539.189000   1.479400
539.190000   1.465222
539.191000   1.452106
539.192000   1.440425
539.193000   1.430425
539.194000   1.422148
539.195000   1.415444
539.196000   1.410078
539.197000   1.405840
539.198000   1.402611
539.199000   1.400388
539.200000   1.399274
539.201000   1.399425
539.202000   1.400970
539.203000   1.403912
539.204000   1.408084
539.205000   1.413218
539.206000   1.419057
539.207000   1.425440
539.208000   1.432342
539.209000   1.439855
539.210000   1.448160
539.211000   1.457454
539.212000   1.467860
539.213000   1.479360
539.214000   1.491797
539.215000   1.504952
539.216000   1.518615
539.217000   1.532622
539.218000   1.546867
539.219000   1.561295
539.220000   1.575891
539.221000   1.590643
539.222000   1.605475
539.223000   1.620179
539.224000   1.634418
539.225000   1.647813
539.226000   1.660018
539.227000   1.670765
539.228000   1.679864
539.229000   1.687202
539.230000   1.692736
539.231000   1.696440
539.232000   1.698231
539.233000   1.697928
539.234000   1.695331
539.235000   1.690337
539.236000   1.683009
539.237000   1.673593
539.238000   1.662481
539.239000   1.650164
539.240000   1.637158
539.241000   1.623934
539.242000   1.610869
539.243000   1.598233
539.244000   1.586213
539.245000   1.574939
539.246000   1.564497
539.247000   1.554941
539.248000   1.546319
539.249000   1.538701
539.250000   1.532186
539.251000   1.526859
539.252000   1.522691
539.253000   1.519489
539.254000   1.516972
539.255000   1.514912
539.256000   1.513201
539.257000   1.511851
539.258000   1.510966
539.259000   1.510716
539.260000   1.511308
539.261000   1.512942
539.262000   1.515755
539.263000   1.519794
539.264000   1.525001
539.265000   1.531218
539.266000   1.538238
539.267000   1.545859
539.268000   1.553918
539.269000   1.562300
539.270000   1.570909
539.271000   1.579622
539.272000   1.588268
539.273000   1.596653
539.274000   1.604589
539.275000   1.611866
539.276000   1.618267
539.277000   1.623653
539.278000   1.628061
539.279000   1.631723
539.280000   1.634966
539.281000   1.638074
539.282000   1.641207
539.283000   1.644430
539.284000   1.647800
539.285000   1.651386
539.286000   1.655231
539.287000   1.659314
539.288000   1.663584
539.289000   1.667990
539.290000   1.672448
539.291000   1.676786
539.292000   1.680760
539.293000   1.684142
539.294000   1.686818
539.295000   1.688822
539.296000   1.690295
539.297000   1.691420
539.298000   1.692371
539.299000   1.693305
539.300000   1.694323
539.301000   1.695436
539.302000   1.696579
539.303000   1.697678
539.304000   1.698713
539.305000   1.699757
539.306000   1.700956
539.307000   1.702474
539.308000   1.704402
539.309000   1.706714
539.310000   1.709255
539.311000   1.711782
539.312000   1.714045
539.313000   1.715868
539.314000   1.717189
539.315000   1.718056
539.316000   1.718609
539.317000   1.719033
539.318000   1.719508
539.319000   1.720131
539.320000   1.720871
539.321000   1.721595
539.322000   1.722121
539.323000   1.722278
539.324000   1.721908
539.325000   1.720884
539.326000   1.719116
539.327000   1.716582
539.328000   1.713327
539.329000   1.709424
539.330000   1.704902
539.331000   1.699727
539.332000   1.693852
539.333000   1.687272
539.334000   1.680067
539.335000   1.672397
539.336000   1.664507
539.337000   1.656711
539.338000   1.649372
539.339000   1.642834
539.340000   1.637356
539.341000   1.633076
539.342000   1.630023
539.343000   1.628143
539.344000   1.627326
539.345000   1.627437
539.346000   1.628346
539.347000   1.629931
539.348000   1.632073
539.349000   1.634608
539.350000   1.637308
539.351000   1.639902
539.352000   1.642117
539.353000   1.643690
539.354000   1.644383
539.355000   1.644048
539.356000   1.642673
539.357000   1.640383
539.358000   1.637376
539.359000   1.633838
539.360000   1.629910
539.361000   1.625715
539.362000   1.621379
539.363000   1.617016
539.364000   1.612663
539.365000   1.608242
539.366000   1.603558
539.367000   1.598335
539.368000   1.592230
539.369000   1.584832
539.370000   1.575723
539.371000   1.564578
539.372000   1.551256
539.373000   1.535869
539.374000   1.518808
539.375000   1.500719
539.376000   1.482378
539.377000   1.464510
539.378000   1.447644
539.379000   1.432093
539.380000   1.418045
539.381000   1.405669
539.382000   1.395157
539.383000   1.386745
539.384000   1.380701
539.385000   1.377311
539.386000   1.376807
539.387000   1.379225
539.388000   1.384263
539.389000   1.391289
539.390000   1.399534
539.391000   1.408270
539.392000   1.416919
539.393000   1.425082
539.394000   1.432552
539.395000   1.439309
539.396000   1.445486
539.397000   1.451287
539.398000   1.456859
539.399000   1.462163
539.400000   1.466970
539.401000   1.471005
539.402000   1.474102
539.403000   1.476251
539.404000   1.477565
539.405000   1.478215
539.406000   1.478367
539.407000   1.478141
539.408000   1.477616
539.409000   1.476844
539.410000   1.475802
539.411000   1.474328
539.412000   1.472232
539.413000   1.469448
539.414000   1.466070
539.415000   1.462306
539.416000   1.458387
539.417000   1.454500
539.418000   1.450797
539.419000   1.447431
539.420000   1.444557
539.421000   1.442211
539.422000   1.440219
539.423000   1.438285
539.424000   1.436153
539.425000   1.433662
539.426000   1.430723
539.427000   1.427273
539.428000   1.423304
539.429000   1.418926
539.430000   1.414413
539.431000   1.410129
539.432000   1.406361
539.433000   1.403245
539.434000   1.400876
539.435000   1.399389
539.436000   1.398924
539.437000   1.399570
539.438000   1.401355
539.439000   1.404289
539.440000   1.408409
539.441000   1.413765
539.442000   1.420309
539.443000   1.427802
539.444000   1.435874
539.445000   1.444125
539.446000   1.452185
539.447000   1.459724
539.448000   1.466489
539.449000   1.472349
539.450000   1.477342
539.451000   1.481653
539.452000   1.485525
539.453000   1.489153
539.454000   1.492670
539.455000   1.496182
539.456000   1.499772
539.457000   1.503472
539.458000   1.507282
539.459000   1.511207
539.460000   1.515302
539.461000   1.519703
539.462000   1.524592
539.463000   1.530106
539.464000   1.536227
539.465000   1.542741
539.466000   1.549270
539.467000   1.555380
539.468000   1.560721
539.469000   1.565128
539.470000   1.568664
539.471000   1.571632
539.472000   1.574486
539.473000   1.577646
539.474000   1.581305
539.475000   1.585388
539.476000   1.589687
539.477000   1.594000
539.478000   1.598198
539.479000   1.602215
539.480000   1.606029
539.481000   1.609642
539.482000   1.613084
539.483000   1.616368
539.484000   1.619403
539.485000   1.621925
539.486000   1.623539
539.487000   1.623868
539.488000   1.622677
539.489000   1.619927
539.490000   1.615772
539.491000   1.610558
539.492000   1.604812
539.493000   1.599173
539.494000   1.594237
539.495000   1.590378
539.496000   1.587733
539.497000   1.586341
539.498000   1.586273
539.499000   1.587666
539.500000   1.590681
539.501000   1.595453
539.501000   1.595453
539.502000   1.602051
539.503000   1.610441
539.504000   1.620456
539.505000   1.631766
539.506000   1.643844
539.507000   1.655975
539.508000   1.667338
539.509000   1.677134
539.510000   1.684684
539.511000   1.689480
539.512000   1.691208
539.513000   1.689737
539.514000   1.685081
539.515000   1.677350
539.516000   1.666768
539.517000   1.653689
539.518000   1.638556
539.519000   1.621850
539.520000   1.604110
539.521000   1.585983
539.522000   1.568220
539.523000   1.551589
539.524000   1.536753
539.525000   1.524203
539.526000   1.514301
539.527000   1.507343
539.528000   1.503560
539.529000   1.503037
539.530000   1.505683
539.531000   1.511295
539.532000   1.519635
539.533000   1.530408
539.534000   1.543166
539.535000   1.557244
539.536000   1.571813
539.537000   1.586003
539.538000   1.599017
539.539000   1.610179
539.540000   1.618915
539.541000   1.624734
539.542000   1.627292
539.543000   1.626453
539.544000   1.622241
539.545000   1.614763
539.546000   1.604234
539.547000   1.591028
539.548000   1.575695
539.549000   1.558953
539.550000   1.541684
539.551000   1.524908
539.552000   1.509673
539.553000   1.496822
539.554000   1.486819
539.555000   1.479807
539.556000   1.475766
539.557000   1.474592
539.558000   1.476097
539.559000   1.480002
539.560000   1.485955
539.561000   1.493576
539.562000   1.502484
539.563000   1.512239
539.564000   1.522229
539.565000   1.531598
539.566000   1.539333
539.567000   1.544519
539.568000   1.546554
539.569000   1.545219
539.570000   1.540635
539.571000   1.533187
539.572000   1.523404
539.573000   1.511851
539.574000   1.499121
539.575000   1.485905
539.576000   1.472995
539.577000   1.461145
539.578000   1.450893
539.579000   1.442551
539.580000   1.436320
539.581000   1.432337
539.582000   1.430609
539.583000   1.430933
539.584000   1.432913
539.585000   1.436103
539.586000   1.440154
539.587000   1.444887
539.588000   1.450229
539.589000   1.456058
539.590000   1.462160
539.591000   1.468282
539.592000   1.474100
539.593000   1.479166
539.594000   1.482997
539.595000   1.485234
539.596000   1.485731
539.597000   1.484585
539.598000   1.482123
539.599000   1.478843
539.600000   1.475290
539.601000   1.471861
539.602000   1.468693
539.603000   1.465734
539.604000   1.462901
539.605000   1.460164
539.606000   1.457554
539.607000   1.455150
539.608000   1.453084
539.609000   1.451554
539.610000   1.450802
539.611000   1.451011
539.612000   1.452154
539.613000   1.453944
539.614000   1.455952
539.615000   1.457773
539.616000   1.459140
539.617000   1.459958
539.618000   1.460300
539.619000   1.460354
539.620000   1.460314
539.621000   1.460273
539.622000   1.460229
539.623000   1.460183
539.624000   1.460203
539.625000   1.460410
539.626000   1.460984
539.627000   1.462185
539.628000   1.464346
539.629000   1.467813
539.630000   1.472844
539.631000   1.479528
539.632000   1.487763
539.633000   1.497317
539.634000   1.507909
539.635000   1.519226
539.636000   1.530902
539.637000   1.542487
539.638000   1.553522
539.639000   1.563612
539.640000   1.572415
539.641000   1.579511
539.642000   1.584364
539.643000   1.586464
539.644000   1.585526
539.645000   1.581603
539.646000   1.575074
539.647000   1.566515
539.648000   1.556527
539.649000   1.545672
539.650000   1.534471
539.651000   1.523408
539.652000   1.512954
539.653000   1.503582
539.654000   1.495756
539.655000   1.489898
539.656000   1.486367
539.657000   1.485446
539.658000   1.487290
539.659000   1.491836
539.660000   1.498735
539.661000   1.507372
539.662000   1.516978
539.663000   1.526781
539.664000   1.536125
539.665000   1.544543
539.666000   1.551828
539.667000   1.558108
539.668000   1.563820
539.669000   1.569464
539.670000   1.575216
539.671000   1.580823
539.672000   1.585881
539.673000   1.590122
539.674000   1.593479
539.675000   1.596035
539.676000   1.597964
539.677000   1.599495
539.678000   1.600865
539.679000   1.602260
539.680000   1.603755
539.681000   1.605256
539.682000   1.606464
539.683000   1.606947
539.684000   1.606294
539.685000   1.604216
539.686000   1.600590
539.687000   1.595480
539.688000   1.589128
539.689000   1.581870
539.690000   1.574026
539.691000   1.565866
539.692000   1.557598
539.693000   1.549299
539.694000   1.540963
539.695000   1.532671
539.696000   1.524700
539.697000   1.517474
539.698000   1.511387
539.699000   1.506591
539.700000   1.502981
539.701000   1.500411
539.702000   1.498858
539.703000   1.498406
539.704000   1.499107
539.705000   1.500938
539.706000   1.503899
539.707000   1.508047
539.708000   1.513387
539.709000   1.519753
539.710000   1.526818
539.711000   1.534204
539.712000   1.541574
539.713000   1.548673
539.714000   1.555313
539.715000   1.561289
539.716000   1.566327
539.717000   1.570104
539.718000   1.572251
539.719000   1.572332
539.720000   1.569932
539.721000   1.564811
539.722000   1.557002
539.723000   1.546838
539.724000   1.534936
539.725000   1.522149
539.726000   1.509406
539.727000   1.497420
539.728000   1.486448
539.729000   1.476391
539.730000   1.467071
