562.511000  3.042243
562.512000  3.029276
562.513000  3.015542
562.514000  3.001879
562.515000  2.989164
562.516000  2.978163
562.517000  2.969381
562.518000  2.963027
562.519000  2.959088
562.520000  2.957428
562.521000  2.957849
562.522000  2.960145
562.523000  2.964133
562.524000  2.969672
562.525000  2.976622
562.526000  2.984739
562.527000  2.993582
562.528000  3.002539
562.529000  3.010946
562.530000  3.018203
562.531000  3.023841
562.532000  3.027558
562.533000  3.029246
562.534000  3.028996
562.535000  3.027072
562.536000  3.023822
562.537000  3.019569
562.538000  3.014557
562.539000  3.008984
562.540000  3.003057
562.541000  2.997027
562.542000  2.991187
562.543000  2.985867
562.544000  2.981417
562.545000  2.978195
562.546000  2.976553
562.547000  2.976807
562.548000  2.979198
562.549000  2.983834
562.550000  2.990676
562.551000  2.999590
562.552000  3.010408
562.553000  3.022943
562.554000  3.036946
562.555000  3.052050
562.556000  3.067729
562.557000  3.083337
562.558000  3.098214
562.559000  3.111806
562.560000  3.123751
562.561000  3.133821
562.562000  3.141801
562.563000  3.147474
562.564000  3.150727
562.565000  3.151595
562.566000  3.150250
562.567000  3.147000
562.568000  3.142292
562.569000  3.136683
562.570000  3.130815
562.571000  3.125393
562.572000  3.121171
562.573000  3.118851
562.574000  3.118907
562.575000  3.121485
562.576000  3.126513
562.577000  3.133806
562.578000  3.143097
562.579000  3.154034
562.580000  3.166175
562.581000  3.179000
562.582000  3.191922
562.583000  3.204315
562.584000  3.215527
562.585000  3.224920
562.586000  3.231929
562.587000  3.236086
562.588000  3.236980
562.589000  3.234360
562.590000  3.228343
562.591000  3.219440
562.592000  3.208443
562.593000  3.196252
562.594000  3.183734
562.595000  3.171623
562.596000  3.160485
562.597000  3.150733
562.598000  3.142673
562.599000  3.136554
562.600000  3.132563
562.601000  3.130724
562.602000  3.130813
562.603000  3.132419
562.604000  3.135037
562.605000  3.138116
562.606000  3.141106
562.607000  3.143542
562.608000  3.145156
562.609000  3.145985
562.610000  3.146399
562.611000  3.146924
562.612000  3.147952
562.613000  3.149674
562.614000  3.152240
562.615000  3.155822
562.616000  3.160601
562.617000  3.166732
562.618000  3.174308
562.619000  3.183328
562.620000  3.193679
562.621000  3.205149
562.622000  3.217457
562.623000  3.230275
562.624000  3.243183
562.625000  3.255559
562.626000  3.266615
562.627000  3.275598
562.628000  3.281979
562.629000  3.285529
562.630000  3.286327
562.631000  3.284739
562.632000  3.281361
562.633000  3.276918
562.634000  3.272140
562.635000  3.267609
562.636000  3.263653
562.637000  3.260392
562.638000  3.257883
562.639000  3.256175
562.640000  3.255309
562.641000  3.255277
562.642000  3.255999
562.643000  3.257324
562.644000  3.259059
562.645000  3.261039
562.646000  3.263164
562.647000  3.265294
562.648000  3.267122
562.649000  3.268287
562.650000  3.268588
562.651000  3.268039
562.652000  3.266807
562.653000  3.265135
562.654000  3.263294
562.655000  3.261597
562.656000  3.260432
562.657000  3.260227
562.658000  3.261299
562.659000  3.263760
562.660000  3.267649
562.661000  3.273044
562.662000  3.280019
562.663000  3.288562
562.664000  3.298536
562.665000  3.309719
562.666000  3.321891
562.667000  3.334948
562.668000  3.348905
562.669000  3.363618
562.670000  3.378543
562.671000  3.392964
562.672000  3.406259
562.673000  3.417948
562.674000  3.427700
562.675000  3.435382
562.676000  3.441120
562.677000  3.445384
562.678000  3.448968
562.679000  3.452682
562.680000  3.456879
562.681000  3.461491
562.682000  3.466341
562.683000  3.471263
562.684000  3.476137
562.685000  3.480924
562.686000  3.485674
562.687000  3.490571
562.688000  3.495972
562.689000  3.502392
562.690000  3.510263
562.691000  3.519604
562.692000  3.530022
562.693000  3.540957
562.694000  3.551845
562.695000  3.562168
562.696000  3.571465
562.697000  3.579354
562.698000  3.585601
562.699000  3.590207
562.700000  3.593409
562.701000  3.595341
562.702000  3.595595
562.703000  3.593388
562.704000  3.588102
562.705000  3.579545
562.706000  3.567938
562.707000  3.553808
562.708000  3.537900
562.709000  3.521128
562.710000  3.504523
562.711000  3.489114
562.712000  3.475741
562.713000  3.464904
562.714000  3.456799
562.715000  3.451502
562.716000  3.449046
562.717000  3.449415
562.718000  3.452511
562.719000  3.458140
562.720000  3.466019
562.721000  3.475786
562.722000  3.487002
562.723000  3.499176
562.724000  3.511653
562.725000  3.523480
562.726000  3.533639
562.727000  3.541441
562.728000  3.546672
562.729000  3.549549
562.730000  3.550591
562.731000  3.550473
562.732000  3.549899
562.733000  3.549532
562.734000  3.549953
562.735000  3.551609
562.736000  3.554786
562.737000  3.559617
562.738000  3.566096
562.739000  3.574076
562.740000  3.583259
562.741000  3.593192
562.742000  3.603280
562.743000  3.612865
562.744000  3.621364
562.745000  3.628418
562.746000  3.633956
562.747000  3.638047
562.748000  3.640737
562.749000  3.642146
562.750000  3.642622
562.751000  3.642662
562.752000  3.642736
562.753000  3.643186
562.754000  3.644211
562.755000  3.645885
562.756000  3.648202
562.757000  3.651115
562.758000  3.654578
562.759000  3.658541
562.760000  3.662915
562.761000  3.667541
562.762000  3.672208
562.763000  3.676711
562.764000  3.680912
562.765000  3.684768
562.766000  3.688341
562.767000  3.691815
562.768000  3.695476
562.769000  3.699633
562.770000  3.704472
562.771000  3.709922
562.772000  3.715655
562.773000  3.721216
562.774000  3.726148
562.775000  3.730070
562.776000  3.732709
562.777000  3.733902
562.778000  3.733601
562.779000  3.731846
562.780000  3.728741
562.781000  3.724443
562.782000  3.719171
562.783000  3.713235
562.784000  3.707014
562.785000  3.700923
562.786000  3.695377
562.787000  3.690751
562.788000  3.687334
562.789000  3.685283
562.790000  3.684585
562.791000  3.685065
562.792000  3.686438
562.793000  3.688382
562.794000  3.690587
562.795000  3.692789
562.796000  3.694782
562.797000  3.696418
562.798000  3.697610
562.799000  3.698315
562.800000  3.698552
562.801000  3.698433
562.802000  3.698187
562.803000  3.698154
562.804000  3.698729
562.805000  3.700295
562.806000  3.703149
562.807000  3.707435
562.808000  3.713096
562.809000  3.719861
562.810000  3.727298
562.811000  3.734899
562.812000  3.742159
562.813000  3.748615
562.814000  3.753867
562.815000  3.757573
562.816000  3.759440
562.817000  3.759228
562.818000  3.756753
562.819000  3.751917
562.820000  3.744756
562.821000  3.735483
562.822000  3.724497
562.823000  3.712338
562.824000  3.699612
562.825000  3.686913
562.826000  3.674761
562.827000  3.663553
562.828000  3.653532
562.829000  3.644787
562.830000  3.637287
562.831000  3.630920
562.832000  3.625537
562.833000  3.620978
562.834000  3.617088
562.835000  3.613719
562.836000  3.610722
562.837000  3.607922
562.838000  3.605120
562.839000  3.602104
562.840000  3.598678
562.841000  3.594686
562.842000  3.590013
562.843000  3.584580
562.844000  3.578353
562.845000  3.571350
562.846000  3.563665
562.847000  3.555465
562.848000  3.546979
562.849000  3.538496
562.850000  3.530341
562.851000  3.522853
562.852000  3.516361
562.853000  3.511180
562.854000  3.507596
562.855000  3.505841
562.856000  3.506038
562.857000  3.508129
562.858000  3.511825
562.859000  3.516613
562.860000  3.521827
562.861000  3.526753
562.862000  3.530749
562.863000  3.533334
562.864000  3.534236
562.865000  3.533362
562.866000  3.530737
562.867000  3.526432
562.868000  3.520534
562.869000  3.513150
562.870000  3.504431
562.871000  3.494578
562.872000  3.483825
562.873000  3.472413
562.874000  3.460545
562.875000  3.448347
562.876000  3.435845
562.877000  3.422996
562.878000  3.409733
562.879000  3.396020
562.880000  3.381882
562.881000  3.367404
562.882000  3.352732
562.883000  3.338069
562.884000  3.323659
562.885000  3.309770
562.886000  3.296670
562.887000  3.284622
562.888000  3.273884
562.889000  3.264713
562.890000  3.257358
562.891000  3.252000
562.892000  3.248660
562.893000  3.247156
562.894000  3.247166
562.895000  3.248301
562.896000  3.250165
562.897000  3.252393
562.898000  3.254684
562.899000  3.256822
562.900000  3.258698
562.901000  3.260323
562.902000  3.261814
562.903000  3.263297
562.904000  3.264782
562.905000  3.266184
562.906000  3.267451
562.907000  3.268636
562.908000  3.269856
562.909000  3.271220
562.910000  3.272755
562.911000  3.274379
562.912000  3.275952
562.913000  3.277363
562.914000  3.278519
562.915000  3.279121
562.916000  3.278588
562.917000  3.276376
562.918000  3.272258
562.919000  3.266351
562.920000  3.259019
562.921000  3.250773
562.922000  3.242172
562.923000  3.233748
562.924000  3.225949
562.925000  3.219137
562.926000  3.213594
562.927000  3.209528
562.928000  3.207028
562.929000  3.206056
562.930000  3.206468
562.931000  3.208026
562.932000  3.210397
562.933000  3.213137
562.934000  3.215711
562.935000  3.217538
562.936000  3.218091
562.937000  3.217039
562.938000  3.214359
562.939000  3.210232
562.940000  3.204711
562.941000  3.197739
562.942000  3.189520
562.943000  3.180590
562.944000  3.171629
562.945000  3.163262
562.946000  3.155958
562.947000  3.150007
562.948000  3.145567
562.949000  3.142737
562.950000  3.141634
562.951000  3.142403
562.952000  3.145093
562.953000  3.149562
562.954000  3.155561
562.955000  3.162784
562.956000  3.170886
562.957000  3.179479
562.958000  3.188170
562.959000  3.196627
562.960000  3.204691
562.961000  3.212462
562.962000  3.220157
562.963000  3.227593
562.964000  3.234098
562.965000  3.239024
562.966000  3.242001
562.967000  3.242922
562.968000  3.241889
562.969000  3.239167
562.970000  3.235139
562.971000  3.230259
562.972000  3.225014
562.973000  3.219905
562.974000  3.215431
562.975000  3.212013
562.976000  3.209942
562.977000  3.209404
562.978000  3.210518
562.979000  3.213318
562.980000  3.217727
562.981000  3.223540
562.982000  3.230431
562.983000  3.237999
562.984000  3.245891
562.985000  3.253939
562.986000  3.262158
562.987000  3.270489
562.988000  3.278677
562.989000  3.286491
562.990000  3.293889
562.991000  3.300968
562.992000  3.307852
562.993000  3.314612
562.994000  3.321232
562.995000  3.327638
562.996000  3.333737
562.997000  3.339467
562.998000  3.344830
562.999000  3.349856
563.000000  3.354498
563.001000  3.358617
563.002000  3.362064
563.003000  3.364723
563.004000  3.366488
563.005000  3.367250
563.006000  3.366906
563.007000  3.365371
563.008000  3.362600
563.009000  3.358606
563.010000  3.353489
563.011000  3.347472
563.011000  3.347472
563.012000  3.340901
563.013000  3.334171
563.014000  3.327565
563.015000  3.321238
563.016000  3.315341
563.017000  3.310088
563.018000  3.305710
563.019000  3.302394
563.020000  3.300231
563.021000  3.299202
563.022000  3.299183
563.023000  3.300006
563.024000  3.301515
563.025000  3.303566
563.026000  3.305945
563.027000  3.308401
563.028000  3.310766
563.029000  3.313002
563.030000  3.315141
563.031000  3.317203
563.032000  3.319134
563.033000  3.320792
563.034000  3.321993
563.035000  3.322610
563.036000  3.322679
563.037000  3.322405
563.038000  3.322045
563.039000  3.321838
563.040000  3.322071
563.041000  3.323087
563.042000  3.325179
563.043000  3.328477
563.044000  3.332900
563.045000  3.338161
563.046000  3.343825
563.047000  3.349415
563.048000  3.354527
563.049000  3.358907
563.050000  3.362368
563.051000  3.364591
563.052000  3.365119
563.053000  3.363550
563.054000  3.359670
563.055000  3.353462
563.056000  3.345080
563.057000  3.334824
563.058000  3.323102
563.059000  3.310416
563.060000  3.297336
563.061000  3.284473
563.062000  3.272402
563.063000  3.261629
563.064000  3.252621
563.065000  3.245825
563.066000  3.241620
563.067000  3.240253
563.068000  3.241803
563.069000  3.246156
563.070000  3.253012
563.071000  3.261925
563.072000  3.272378
563.073000  3.283845
563.074000  3.295771
563.075000  3.307472
563.076000  3.318146
563.077000  3.327058
563.078000  3.333704
563.079000  3.337858
563.080000  3.339541
563.081000  3.338973
563.082000  3.336528
563.083000  3.332687
563.084000  3.327968
563.085000  3.322863
563.086000  3.317785
563.087000  3.313086
563.088000  3.309094
563.089000  3.306139
563.090000  3.304533
563.091000  3.304540
563.092000  3.306321
563.093000  3.309904
563.094000  3.315173
563.095000  3.321910
563.096000  3.329848
563.097000  3.338697
563.098000  3.348128
563.099000  3.357779
563.100000  3.367330
563.101000  3.376582
563.102000  3.385489
563.103000  3.394141
563.104000  3.402739
563.105000  3.411548
563.106000  3.420852
563.107000  3.430898
563.108000  3.441842
563.109000  3.453731
563.110000  3.466511
563.111000  3.480065
563.112000  3.494235
563.113000  3.508821
563.114000  3.523572
563.115000  3.538178
563.116000  3.552297
563.117000  3.565613
563.118000  3.577897
563.119000  3.589040
563.120000  3.598974
563.121000  3.607556
563.122000  3.614534
563.123000  3.619649
563.124000  3.622730
563.125000  3.623739
563.126000  3.622767
563.127000  3.620019
563.128000  3.615791
563.129000  3.610440
563.130000  3.604326
563.131000  3.597749
563.132000  3.590911
563.133000  3.583932
563.134000  3.576891
563.135000  3.569861
563.136000  3.562905
563.137000  3.556066
563.138000  3.549346
563.139000  3.542720
563.140000  3.536178
563.141000  3.529801
563.142000  3.523784
563.143000  3.518403
563.144000  3.513913
563.145000  3.510495
563.146000  3.508259
563.147000  3.507266
563.148000  3.507533
563.149000  3.509085
563.150000  3.512003
563.151000  3.516459
563.152000  3.522690
563.153000  3.530932
563.154000  3.541345
563.155000  3.553977
563.156000  3.568746
563.157000  3.585432
563.158000  3.603663
563.159000  3.622918
563.160000  3.642546
563.161000  3.661805
563.162000  3.679905
563.163000  3.696076
563.164000  3.709611
563.165000  3.719873
563.166000  3.726256
563.167000  3.728184
563.168000  3.725178
563.169000  3.716978
563.170000  3.703637
563.171000  3.685571
563.172000  3.663536
563.173000  3.638559
563.174000  3.611820
563.175000  3.584491
563.176000  3.557586
563.177000  3.531912
563.178000  3.508107
563.179000  3.486704
563.180000  3.468154
563.181000  3.452814
563.182000  3.440927
563.183000  3.432604
563.184000  3.427818
563.185000  3.426380
563.186000  3.427902
563.187000  3.431770
563.188000  3.437197
563.189000  3.443360
563.190000  3.449552
563.191000  3.455267
563.192000  3.460228
563.193000  3.464373
563.194000  3.467797
563.195000  3.470648
563.196000  3.472984
563.197000  3.474683
563.198000  3.475495
563.199000  3.475184
563.200000  3.473626
563.201000  3.470832
563.202000  3.466924
563.203000  3.462100
563.204000  3.456607
563.205000  3.450707
563.206000  3.444636
563.207000  3.438579
563.208000  3.432647
563.209000  3.426902
563.210000  3.421381
563.211000  3.416149
563.212000  3.411338
563.213000  3.407168
563.214000  3.403926
563.215000  3.401899
563.216000  3.401294
563.217000  3.402183
563.218000  3.404494
563.219000  3.408007
563.220000  3.412358
563.221000  3.417124
563.222000  3.421941
563.223000  3.426582
563.224000  3.430935
563.225000  3.434919
563.226000  3.438384
563.227000  3.441079
563.228000  3.442697
563.229000  3.442958
563.230000  3.441671
563.231000  3.438730
563.232000  3.434098
563.233000  3.427830
563.234000  3.420096
563.235000  3.411144
563.236000  3.401253
563.237000  3.390718
563.238000  3.379883
563.239000  3.369175
563.240000  3.359116
563.241000  3.350306
563.242000  3.343342
563.243000  3.338715
563.244000  3.336705
563.245000  3.337384
563.246000  3.340673
563.247000  3.346390
563.248000  3.354275
563.249000  3.363983
563.250000  3.375057
563.251000  3.386949
563.252000  3.399058
563.253000  3.410798
563.254000  3.421638
563.255000  3.431110
563.256000  3.438791
563.257000  3.444318
563.258000  3.447459
563.259000  3.448183
563.260000  3.446684
563.261000  3.443341
563.262000  3.438629
563.263000  3.432999
563.264000  3.426758
563.265000  3.420029
563.266000  3.412830
563.267000  3.405207
563.268000  3.397296
563.269000  3.389277
563.270000  3.381346
563.271000  3.373740
563.272000  3.366758
563.273000  3.360715
563.274000  3.355878
563.275000  3.352446
563.276000  3.350590
563.277000  3.350476
563.278000  3.352258
563.279000  3.356039
563.280000  3.361822
563.281000  3.369455
563.282000  3.378564
563.283000  3.388523
563.284000  3.398509
563.285000  3.407653
563.286000  3.415210
563.287000  3.420655
563.288000  3.423718
563.289000  3.424388
563.290000  3.422880
563.291000  3.419574
563.292000  3.414907
563.293000  3.409291
563.294000  3.403080
563.295000  3.396567
563.296000  3.389969
563.297000  3.383405
563.298000  3.376875
563.299000  3.370251
563.300000  3.363284
563.301000  3.355597
563.302000  3.346707
563.303000  3.336094
563.304000  3.323324
563.305000  3.308162
563.306000  3.290626
563.307000  3.270956
563.308000  3.249566
563.309000  3.227030
563.310000  3.204078
563.311000  3.181519
563.312000  3.160110
563.313000  3.140454
563.314000  3.123010
563.315000  3.108142
563.316000  3.096172
563.317000  3.087397
563.318000  3.082096
563.319000  3.080507
563.320000  3.082777
563.321000  3.088905
563.322000  3.098706
563.323000  3.111812
563.324000  3.127706
563.325000  3.145761
563.326000  3.165273
563.327000  3.185499
563.328000  3.205716
563.329000  3.225272
563.330000  3.243586
563.331000  3.260071
563.332000  3.274031
563.333000  3.284674
563.334000  3.291222
563.335000  3.293057
563.336000  3.289820
563.337000  3.281462
563.338000  3.268267
563.339000  3.250824
563.340000  3.229954
563.341000  3.206589
563.342000  3.181685
563.343000  3.156186
563.344000  3.131016
563.345000  3.107039
563.346000  3.085022
563.347000  3.065646
563.348000  3.049530
563.349000  3.037234
563.350000  3.029192
563.351000  3.025642
563.352000  3.026612
563.353000  3.031969
563.354000  3.041455
563.355000  3.054659
563.356000  3.070990
563.357000  3.089693
563.358000  3.109909
563.359000  3.130702
563.360000  3.151038
563.361000  3.169791
563.362000  3.185836
563.363000  3.198196
563.364000  3.206175
563.365000  3.209433
563.366000  3.207993
563.367000  3.202207
563.368000  3.192686
563.369000  3.180207
563.370000  3.165616
563.371000  3.149760
563.372000  3.133496
563.373000  3.117726
563.374000  3.103427
563.375000  3.091621
563.376000  3.083288
563.377000  3.079244
563.378000  3.080006
563.379000  3.085697
563.380000  3.095987
563.381000  3.110134
563.382000  3.127124
563.383000  3.145863
563.384000  3.165325
563.385000  3.184636
563.386000  3.203102
563.387000  3.220190
563.388000  3.235447
563.389000  3.248383
563.390000  3.258424
563.391000  3.265002
563.392000  3.267720
563.393000  3.266472
563.394000  3.261472
563.395000  3.253220
563.396000  3.242434
563.397000  3.229953
563.398000  3.216639
563.399000  3.203270
563.400000  3.190462
563.401000  3.178623
563.402000  3.167951
563.403000  3.158481
563.404000  3.150162
563.405000  3.142953
563.406000  3.136896
563.407000  3.132136
563.408000  3.128875
563.409000  3.127273
563.410000  3.127338
563.411000  3.128918
563.412000  3.131769
563.413000  3.135630
563.414000  3.140275
563.415000  3.145556
563.416000  3.151429
563.417000  3.157941
563.418000  3.165172
563.419000  3.173131
563.420000  3.181665
563.421000  3.190460
563.422000  3.199102
563.423000  3.207158
563.424000  3.214222
563.425000  3.219955
563.426000  3.224127
563.427000  3.226654
563.428000  3.227590
563.429000  3.227088
563.430000  3.225359
563.431000  3.222682
563.432000  3.219425
563.433000  3.216054
563.434000  3.213103
563.435000  3.211144
563.436000  3.210747
563.437000  3.212422
563.438000  3.216525
563.439000  3.223164
563.440000  3.232155
563.441000  3.243062
563.442000  3.255265
563.443000  3.268042
563.444000  3.280650
563.445000  3.292401
563.446000  3.302733
563.447000  3.311225
563.448000  3.317564
563.449000  3.321474
563.450000  3.322731
563.451000  3.321241
563.452000  3.317126
563.453000  3.310741
563.454000  3.302645
563.455000  3.293550
563.456000  3.284240
563.457000  3.275462
563.458000  3.267783
563.459000  3.261525
563.460000  3.256819
563.461000  3.253704
563.462000  3.252188
563.463000  3.252235
563.464000  3.253737
563.465000  3.256515
563.466000  3.260335
563.467000  3.264917
563.468000  3.269913
563.469000  3.274884
563.470000  3.279338
563.471000  3.282801
563.472000  3.284875
563.473000  3.285260
563.474000  3.283750
563.475000  3.280234
563.476000  3.274696
563.477000  3.267193
563.478000  3.257810
563.479000  3.246628
563.480000  3.233755
563.481000  3.219398
563.482000  3.203891
563.483000  3.187683
563.484000  3.171315
563.485000  3.155394
563.486000  3.140589
563.487000  3.127587
563.488000  3.117011
563.489000  3.109319
563.490000  3.104746
563.491000  3.103314
563.492000  3.104870
563.493000  3.109132
563.494000  3.115731
563.495000  3.124245
563.496000  3.134202
563.497000  3.145049
563.498000  3.156094
563.499000  3.166514
563.500000  3.175444
563.501000  3.182083
563.502000  3.185768
563.503000  3.186046
563.504000  3.182752
563.505000  3.176041
563.506000  3.166341
563.507000  3.154221
563.508000  3.140256
563.509000  3.125010
563.510000  3.109102
563.511000  3.093251
563.511000  3.093251
563.512000  3.078244
563.513000  3.064859
563.514000  3.053809
563.515000  3.045722
563.516000  3.041081
563.517000  3.040121
563.518000  3.042758
563.519000  3.048618
563.520000  3.057164
563.521000  3.067805
563.522000  3.079981
563.523000  3.093220
563.524000  3.107162
563.525000  3.121542
563.526000  3.136091
563.527000  3.150411
563.528000  3.163953
563.529000  3.176109
563.530000  3.186344
563.531000  3.194284
563.532000  3.199765
563.533000  3.202855
563.534000  3.203838
563.535000  3.203138
563.536000  3.201187
563.537000  3.198279
563.538000  3.194533
563.539000  3.189968
563.540000  3.184626
563.541000  3.178655
563.542000  3.172342
563.543000  3.166115
563.544000  3.160489
563.545000  3.155970
563.546000  3.152918
563.547000  3.151455
563.548000  3.151488
563.549000  3.152805
563.550000  3.155180
563.551000  3.158434
563.552000  3.162459
563.553000  3.167194
563.554000  3.172579
563.555000  3.178474
563.556000  3.184583
563.557000  3.190460
563.558000  3.195595
563.559000  3.199528
563.560000  3.201889
563.561000  3.202412
563.562000  3.200965
563.563000  3.197598
563.564000  3.192547
563.565000  3.186180
563.566000  3.178912
563.567000  3.171154
563.568000  3.163324
563.569000  3.155856
563.570000  3.149187
563.571000  3.143730
563.572000  3.139851
563.573000  3.137851
563.574000  3.137949
563.575000  3.140222
563.576000  3.144536
563.577000  3.150516
563.578000  3.157612
563.579000  3.165208
563.580000  3.172722
563.581000  3.179681
563.582000  3.185767
563.583000  3.190832
563.584000  3.194834
563.585000  3.197720
563.586000  3.199340
563.587000  3.199495
563.588000  3.198067
563.589000  3.195111
563.590000  3.190868
563.591000  3.185734
563.592000  3.180212
563.593000  3.174866
563.594000  3.170244
563.595000  3.166775
563.596000  3.164668
563.597000  3.163864
563.598000  3.164079
563.599000  3.164890
563.600000  3.165838
563.601000  3.166527
563.602000  3.166699
563.603000  3.166276
563.604000  3.165341
563.605000  3.164052
563.606000  3.162516
563.607000  3.160746
563.608000  3.158725
563.609000  3.156498
563.610000  3.154226
563.611000  3.152184
563.612000  3.150722
563.613000  3.150208
563.614000  3.150956
563.615000  3.153128
563.616000  3.156673
563.617000  3.161365
563.618000  3.166922
563.619000  3.173121
563.620000  3.179831
563.621000  3.187015
563.622000  3.194725
563.623000  3.203088
563.624000  3.212269
563.625000  3.222401
563.626000  3.233512
563.627000  3.245527
563.628000  3.258328
563.629000  3.271800
563.630000  3.285824
563.631000  3.300246
563.632000  3.314870
563.633000  3.329453
563.634000  3.343684
563.635000  3.357147
563.636000  3.369301
563.637000  3.379542
563.638000  3.387316
563.639000  3.392232
563.640000  3.394105
563.641000  3.392963
563.642000  3.389019
563.643000  3.382630
563.644000  3.374234
563.645000  3.364252
563.646000  3.353043
563.647000  3.340928
563.648000  3.328261
563.649000  3.315463
563.650000  3.303010
563.651000  3.291396
563.652000  3.281080
563.653000  3.272427
563.654000  3.265645
563.655000  3.260721
563.656000  3.257425
563.657000  3.255410
563.658000  3.254336
563.659000  3.253965
563.660000  3.254175
563.661000  3.254955
563.662000  3.256376
563.663000  3.258556
563.664000  3.261593
563.665000  3.265471
563.666000  3.269995
563.667000  3.274837
563.668000  3.279631
563.669000  3.284039
563.670000  3.287787
563.671000  3.290692
563.672000  3.292690
563.673000  3.293851
563.674000  3.294333
563.675000  3.294289
563.676000  3.293802
563.677000  3.292919
563.678000  3.291742
563.679000  3.290486
563.680000  3.289477
563.681000  3.289124
563.682000  3.289873
563.683000  3.292142
563.684000  3.296228
563.685000  3.302218
563.686000  3.309950
563.687000  3.319084
563.688000  3.329200
563.689000  3.339872
563.690000  3.350700
563.691000  3.361339
563.692000  3.371514
563.693000  3.381003
563.694000  3.389560
563.695000  3.396827
563.696000  3.402323
563.697000  3.405576
563.698000  3.406284
563.699000  3.404413
563.700000  3.400203
563.701000  3.394132
563.702000  3.386841
563.703000  3.379044
563.704000  3.371399
563.705000  3.364431
563.706000  3.358558
563.707000  3.354151
563.708000  3.351565
563.709000  3.351095
563.710000  3.352936
563.711000  3.357144
563.712000  3.363633
563.713000  3.372188
563.714000  3.382451
563.715000  3.393878
563.716000  3.405748
563.717000  3.417259
563.718000  3.427655
563.719000  3.436319
563.720000  3.442851
563.721000  3.447112
563.722000  3.449248
563.723000  3.449624
563.724000  3.448644
563.725000  3.446593
563.726000  3.443650
563.727000  3.440035
563.728000  3.436090
563.729000  3.432263
563.730000  3.429052
563.731000  3.426954
563.732000  3.426430
563.733000  3.427861
563.734000  3.431444
563.735000  3.437069
563.736000  3.444311
563.737000  3.452559
563.738000  3.461186
563.739000  3.469654
563.740000  3.477572
563.741000  3.484720
563.742000  3.491063
563.743000  3.496746
563.744000  3.501999
563.745000  3.506988
563.746000  3.511723
563.747000  3.516133
563.748000  3.520193
563.749000  3.524005
563.750000  3.527792
563.751000  3.531871
563.752000  3.536611
563.753000  3.542375
563.754000  3.549397
563.755000  3.557656
563.756000  3.566866
563.757000  3.576625
563.758000  3.586582
563.759000  3.596472
563.760000  3.606094
563.761000  3.615320
563.762000  3.624140
563.763000  3.632651
563.764000  3.640944
563.765000  3.648981
563.766000  3.656573
563.767000  3.663510
563.768000  3.669673
563.769000  3.675040
563.770000  3.679603
563.771000  3.683312
563.772000  3.686106
563.773000  3.687970
563.774000  3.688875
563.775000  3.688655
563.776000  3.686999
563.777000  3.683593
563.778000  3.678238
563.779000  3.670908
563.780000  3.661754
563.781000  3.651111
563.782000  3.639486
563.783000  3.627467
563.784000  3.615555
563.785000  3.604018
563.786000  3.592955
563.787000  3.582483
563.788000  3.572845
563.789000  3.564417
563.790000  3.557679
563.791000  3.553186
563.792000  3.551540
563.793000  3.553276
563.794000  3.558677
563.795000  3.567665
563.796000  3.579886
563.797000  3.594830
563.798000  3.611867
563.799000  3.630288
563.800000  3.649372
563.801000  3.668449
563.802000  3.686920
563.803000  3.704153
563.804000  3.719377
563.805000  3.731741
563.806000  3.740524
563.807000  3.745268
563.808000  3.745799
563.809000  3.742228
563.810000  3.734980
563.811000  3.724788
563.812000  3.712560
563.813000  3.699139
563.814000  3.685156
563.815000  3.671109
563.816000  3.657440
563.817000  3.644534
563.818000  3.632672
563.819000  3.622020
563.820000  3.612664
563.821000  3.604628
563.822000  3.597815
563.823000  3.591900
563.824000  3.586353
563.825000  3.580603
563.826000  3.574180
563.827000  3.566772
563.828000  3.558221
563.829000  3.548522
563.830000  3.537814
563.831000  3.526358
563.832000  3.514435
563.833000  3.502225
563.834000  3.489764
563.835000  3.477027
563.836000  3.464027
563.837000  3.450845
563.838000  3.437652
563.839000  3.424721
563.840000  3.412442
563.841000  3.401303
563.842000  3.391776
563.843000  3.384141
563.844000  3.378432
563.845000  3.374584
563.846000  3.372583
563.847000  3.372464
563.848000  3.374236
563.849000  3.377840
563.850000  3.383177
563.851000  3.390131
563.852000  3.398505
563.853000  3.407903
563.854000  3.417695
563.855000  3.427133
563.856000  3.435498
563.857000  3.442180
563.858000  3.446689
563.859000  3.448669
563.860000  3.447930
563.861000  3.444485
563.862000  3.438501
563.863000  3.430134
563.864000  3.419412
563.865000  3.406328
563.866000  3.391016
563.867000  3.373828
563.868000  3.355316
563.869000  3.336176
563.870000  3.317201
563.871000  3.299216
563.872000  3.282961
563.873000  3.268923
563.874000  3.257269
563.875000  3.247986
563.876000  3.241042
563.877000  3.236441
563.878000  3.234223
563.879000  3.234448
563.880000  3.237205
563.881000  3.242601
563.882000  3.250673
563.883000  3.261234
563.884000  3.273800
563.885000  3.287696
563.886000  3.302190
563.887000  3.316566
563.888000  3.330169
563.889000  3.342450
563.890000  3.353016
563.891000  3.361642
563.892000  3.368170
563.893000  3.372346
563.894000  3.373795
563.895000  3.372199
563.896000  3.367458
563.897000  3.359740
563.898000  3.349492
563.899000  3.337447
563.900000  3.324581
563.901000  3.311991
563.902000  3.300704
563.903000  3.291464
563.904000  3.284704
563.905000  3.280645
563.906000  3.279371
563.907000  3.280823
563.908000  3.284779
563.909000  3.290880
563.910000  3.298697
563.911000  3.307795
563.912000  3.317687
563.913000  3.327694
563.914000  3.336921
563.915000  3.344443
563.916000  3.349486
563.917000  3.351529
563.918000  3.350341
563.919000  3.346010
563.920000  3.338938
563.921000  3.329764
563.922000  3.319213
563.923000  3.307920
563.924000  3.296404
563.925000  3.285188
563.926000  3.274878
563.927000  3.266139
563.928000  3.259626
563.929000  3.255912
563.930000  3.255449
563.931000  3.258543
563.932000  3.265251
563.933000  3.275242
563.934000  3.287767
563.935000  3.301853
563.936000  3.316501
563.937000  3.330782
563.938000  3.343881
563.939000  3.355156
563.940000  3.364195
563.941000  3.370831
563.942000  3.375036
563.943000  3.376778
563.944000  3.375985
563.945000  3.372674
563.946000  3.367046
563.947000  3.359490
563.948000  3.350540
563.949000  3.340841
563.950000  3.331113
563.951000  3.322070
563.952000  3.314219
563.953000  3.307698
563.954000  3.302376
563.955000  3.298106
563.956000  3.294874
563.957000  3.292834
563.958000  3.292290
563.959000  3.293681
563.960000  3.297509
563.961000  3.304163
563.962000  3.313700
563.963000  3.325852
563.964000  3.340235
563.965000  3.356495
563.966000  3.374313
563.967000  3.393352
563.968000  3.413227
563.969000  3.433495
563.970000  3.453630
563.971000  3.472954
563.972000  3.490624
563.973000  3.505748
563.974000  3.517559
563.975000  3.525520
563.976000  3.529372
563.977000  3.529171
563.978000  3.525325
563.979000  3.518582
563.980000  3.509890
563.981000  3.500139
563.982000  3.490020
563.983000  3.480118
563.984000  3.471048
563.985000  3.463466
563.986000  3.458003
563.987000  3.455218
563.988000  3.455563
563.989000  3.459361
563.990000  3.466701
563.991000  3.477306
563.992000  3.490501
563.993000  3.505349
563.994000  3.520825
563.995000  3.535932
563.996000  3.549761
563.997000  3.561549
563.998000  3.570717
563.999000  3.576908
564.000000  3.579927
564.001000  3.579600
564.002000  3.575718
564.003000  3.568184
564.004000  3.557187
564.005000  3.543235
564.006000  3.527099
564.007000  3.509712
564.008000  3.492095
564.009000  3.475279
564.010000  3.460179
564.011000  3.447438
564.011000  3.447438
564.012000  3.437382
564.013000  3.430126
564.014000  3.425685
564.015000  3.424020
564.016000  3.425046
564.017000  3.428659
564.018000  3.434758
564.019000  3.443226
564.020000  3.453813
564.021000  3.465968
564.022000  3.478858
564.023000  3.491596
564.024000  3.503457
564.025000  3.513964
564.026000  3.522883
564.027000  3.530202
564.028000  3.536080
564.029000  3.540758
564.030000  3.544406
564.031000  3.547025
564.032000  3.548503
564.033000  3.548772
564.034000  3.547870
564.035000  3.545935
564.036000  3.543160
564.037000  3.539773
564.038000  3.536031
564.039000  3.532188
564.040000  3.528393
564.041000  3.524595
564.042000  3.520615
564.043000  3.516308
564.044000  3.511654
564.045000  3.506759
564.046000  3.501854
564.047000  3.497291
564.048000  3.493529
564.049000  3.491011
564.050000  3.489941
564.051000  3.490139
564.052000  3.491168
564.053000  3.492568
564.054000  3.493989
564.055000  3.495216
564.056000  3.496143
564.057000  3.496753
564.058000  3.497090
564.059000  3.497212
564.060000  3.497083
564.061000  3.496515
564.062000  3.495238
564.063000  3.493013
564.064000  3.489699
564.065000  3.485265
564.066000  3.479809
564.067000  3.473572
564.068000  3.466950
564.069000  3.460420
564.070000  3.454379
564.071000  3.449005
564.072000  3.444279
564.073000  3.440118
564.074000  3.436492
564.075000  3.433469
564.076000  3.431219
564.077000  3.429983
564.078000  3.430017
564.079000  3.431488
564.080000  3.434354
564.081000  3.438346
564.082000  3.443093
564.083000  3.448257
564.084000  3.453578
564.085000  3.458829
564.086000  3.463780
564.087000  3.468241
564.088000  3.472116
564.089000  3.475353
564.090000  3.477801
564.091000  3.479158
564.092000  3.479051
564.093000  3.477172
564.094000  3.473372
564.095000  3.467708
564.096000  3.460465
564.097000  3.452137
564.098000  3.443353
564.099000  3.434738
564.100000  3.426798
564.101000  3.419919
564.102000  3.414450
564.103000  3.410739
564.104000  3.409117
564.105000  3.409852
564.106000  3.413117
564.107000  3.418949
564.108000  3.427202
564.109000  3.437458
564.110000  3.448983
564.111000  3.460823
564.112000  3.471972
564.113000  3.481520
564.114000  3.488749
564.115000  3.493198
564.116000  3.494718
564.117000  3.493478
564.118000  3.489884
564.119000  3.484401
564.120000  3.477409
564.121000  3.469227
564.122000  3.460209
564.123000  3.450793
564.124000  3.441494
564.125000  3.432884
564.126000  3.425577
564.127000  3.420175
564.128000  3.417164
564.129000  3.416790
564.130000  3.419037
564.131000  3.423701
564.132000  3.430463
564.133000  3.438924
564.134000  3.448603
564.135000  3.458959
564.136000  3.469420
564.137000  3.479411
564.138000  3.488335
564.139000  3.495519
564.140000  3.500252
564.141000  3.501953
564.142000  3.500323
564.143000  3.495387
564.144000  3.487459
564.145000  3.477117
564.146000  3.465150
564.147000  3.452436
564.148000  3.439761
564.149000  3.427718
564.150000  3.416733
564.151000  3.407178
564.152000  3.399445
564.153000  3.393968
564.154000  3.391161
564.155000  3.391297
564.156000  3.394435
564.157000  3.400455
564.158000  3.409076
564.159000  3.419818
564.160000  3.432025
564.161000  3.444954
564.162000  3.457864
564.163000  3.470089
564.164000  3.481107
564.165000  3.490592
564.166000  3.498388
564.167000  3.504370
564.168000  3.508325
564.169000  3.509978
564.170000  3.509107
564.171000  3.505632
564.172000  3.499632
564.173000  3.491325
564.174000  3.481054
564.175000  3.469286
564.176000  3.456615
564.177000  3.443722
564.178000  3.431239
564.179000  3.419588
564.180000  3.408996
564.181000  3.399684
564.182000  3.392018
564.183000  3.386504
564.184000  3.383700
564.185000  3.384114
564.186000  3.388127
564.187000  3.395908
564.188000  3.407334
564.189000  3.421950
564.190000  3.439039
564.191000  3.457702
564.192000  3.476910
564.193000  3.495643
564.194000  3.513047
564.195000  3.528509
564.196000  3.541625
564.197000  3.552102
564.198000  3.559610
564.199000  3.563702
564.200000  3.563902
564.201000  3.559902
564.202000  3.551717
564.203000  3.539708
564.204000  3.524489
564.205000  3.506835
564.206000  3.487654
564.207000  3.467962
564.208000  3.448746
564.209000  3.430780
564.210000  3.414548
564.211000  3.400319
564.212000  3.388240
564.213000  3.378415
564.214000  3.370974
564.215000  3.366125
564.216000  3.364115
564.217000  3.365062
564.218000  3.368805
564.219000  3.374919
564.220000  3.382853
564.221000  3.392090
564.222000  3.402206
564.223000  3.412864
564.224000  3.423787
564.225000  3.434773
564.226000  3.445714
564.227000  3.456567
564.228000  3.467261
564.229000  3.477608
564.230000  3.487337
564.231000  3.496154
564.232000  3.503822
564.233000  3.510225
564.234000  3.515396
564.235000  3.519513
564.236000  3.522857
564.237000  3.525738
564.238000  3.528385
564.239000  3.530886
564.240000  3.533275
564.241000  3.535654
564.242000  3.538157
564.243000  3.540758
564.244000  3.543279
564.245000  3.545633
564.246000  3.547971
564.247000  3.550600
564.248000  3.553777
564.249000  3.557501
564.250000  3.561499
564.251000  3.565389
564.252000  3.568858
564.253000  3.571775
564.254000  3.574199
564.255000  3.576275
564.256000  3.578112
564.257000  3.579800
564.258000  3.581433
564.259000  3.583008
564.260000  3.584401
564.261000  3.585465
564.262000  3.586118
564.263000  3.586377
564.264000  3.586397
564.265000  3.586517
564.266000  3.587196
564.267000  3.588800
564.268000  3.591433
564.269000  3.594972
564.270000  3.599197
564.271000  3.603873
564.272000  3.608748
564.273000  3.613525
564.274000  3.617868
564.275000  3.621457
564.276000  3.624101
564.277000  3.625797
564.278000  3.626643
564.279000  3.626578
564.280000  3.625271
564.281000  3.622328
564.282000  3.617525
564.283000  3.610882
564.284000  3.602628
564.285000  3.593165
564.286000  3.583047
564.287000  3.572951
564.288000  3.563554
564.289000  3.555371
564.290000  3.548676
564.291000  3.543551
564.292000  3.540002
564.293000  3.538041
564.294000  3.537689
564.295000  3.538957
564.296000  3.541837
564.297000  3.546284
564.298000  3.552142
564.299000  3.559055
564.300000  3.566488
564.301000  3.573895
564.302000  3.580834
564.303000  3.586945
564.304000  3.591891
564.305000  3.595403
564.306000  3.597389
564.307000  3.597976
564.308000  3.597417
564.309000  3.595943
564.310000  3.593690
564.311000  3.590744
564.312000  3.587188
564.313000  3.583113
564.314000  3.578620
564.315000  3.573841
564.316000  3.568962
564.317000  3.564229
564.318000  3.559876
564.319000  3.556008
564.320000  3.552570
564.321000  3.549438
564.322000  3.546521
564.323000  3.543766
564.324000  3.541125
564.325000  3.538527
564.326000  3.535875
564.327000  3.533056
564.328000  3.529903
564.329000  3.526149
564.330000  3.521478
564.331000  3.515672
564.332000  3.508688
564.333000  3.500637
564.334000  3.491742
564.335000  3.482341
564.336000  3.472887
564.337000  3.463886
564.338000  3.455769
564.339000  3.448750
564.340000  3.442807
564.341000  3.437785
564.342000  3.433510
564.343000  3.429861
564.344000  3.426821
564.345000  3.424478
564.346000  3.422960
564.347000  3.422339
564.348000  3.422596
564.349000  3.423617
564.350000  3.425236
564.351000  3.427326
564.352000  3.429857
564.353000  3.432902
564.354000  3.436624
564.355000  3.441264
564.356000  3.447117
564.357000  3.454393
564.358000  3.463033
564.359000  3.472640
564.360000  3.482641
564.361000  3.492485
564.362000  3.501730
564.363000  3.510034
564.364000  3.517136
564.365000  3.522844
564.366000  3.527007
564.367000  3.529421
564.368000  3.529706
564.369000  3.527352
564.370000  3.521935
564.371000  3.513295
564.372000  3.501577
564.373000  3.487198
564.374000  3.470801
564.375000  3.453206
564.376000  3.435298
564.377000  3.417848
564.378000  3.401353
564.379000  3.386060
564.380000  3.372112
564.381000  3.359641
564.382000  3.348793
564.383000  3.339718
564.384000  3.332570
564.385000  3.327507
564.386000  3.324642
564.387000  3.323951
564.388000  3.325189
564.389000  3.327922
564.390000  3.331661
564.391000  3.335976
564.392000  3.340535
564.393000  3.345136
564.394000  3.349719
564.395000  3.354379
564.396000  3.359321
564.397000  3.364714
564.398000  3.370518
564.399000  3.376466
564.400000  3.382240
564.401000  3.387660
564.402000  3.392734
564.403000  3.397627
564.404000  3.402597
564.405000  3.407934
564.406000  3.413879
564.407000  3.420514
564.408000  3.427693
564.409000  3.435111
564.410000  3.442430
564.411000  3.449292
564.412000  3.455272
564.413000  3.459971
564.414000  3.463148
564.415000  3.464779
564.416000  3.464994
564.417000  3.463936
564.418000  3.461615
564.419000  3.457897
564.420000  3.452642
564.421000  3.445839
564.422000  3.437642
564.423000  3.428327
564.424000  3.418261
564.425000  3.407939
564.426000  3.398001
564.427000  3.389088
564.428000  3.381662
564.429000  3.375955
564.430000  3.372075
564.431000  3.370112
564.432000  3.370201
564.433000  3.372549
564.434000  3.377416
564.435000  3.385034
564.436000  3.395479
564.437000  3.408560
564.438000  3.423756
564.439000  3.440257
564.440000  3.457116
564.441000  3.473400
564.442000  3.488274
564.443000  3.501054
564.444000  3.511248
564.445000  3.518581
564.446000  3.522969
564.447000  3.524400
564.448000  3.522806
564.449000  3.518099
564.450000  3.510355
564.451000  3.499918
564.452000  3.487391
564.453000  3.473571
564.454000  3.459383
564.455000  3.445815
564.456000  3.433814
564.457000  3.424129
564.458000  3.417133
564.459000  3.412827
564.460000  3.411008
564.461000  3.411420
564.462000  3.413788
564.463000  3.417790
564.464000  3.423070
564.465000  3.429321
564.466000  3.436344
564.467000  3.443969
564.468000  3.451895
564.469000  3.459614
564.470000  3.466530
564.471000  3.472102
564.472000  3.475924
564.473000  3.477742
564.474000  3.477482
564.475000  3.475279
564.476000  3.471481
564.477000  3.466554
564.478000  3.460892
564.479000  3.454702
564.480000  3.448070
564.481000  3.441107
564.482000  3.434013
564.483000  3.427080
564.484000  3.420673
564.485000  3.415231
564.486000  3.411234
564.487000  3.409098
564.488000  3.408979
564.489000  3.410685
564.490000  3.413794
564.491000  3.417818
564.492000  3.422290
564.493000  3.426814
564.494000  3.431124
564.495000  3.435130
564.496000  3.438904
564.497000  3.442538
564.498000  3.445934
564.499000  3.448749
564.500000  3.450562
564.501000  3.451024
564.502000  3.449925
564.503000  3.447209
564.504000  3.443012
564.505000  3.437691
564.506000  3.431791
564.507000  3.425859
564.508000  3.420230
564.509000  3.415009
564.510000  3.410244
564.511000  3.406053
564.511000  3.406053
564.512000  3.402636
564.513000  3.400236
564.514000  3.399113
564.515000  3.399534
564.516000  3.401713
564.517000  3.405675
564.518000  3.411122
564.519000  3.417529
564.520000  3.424373
564.521000  3.431215
564.522000  3.437658
564.523000  3.443346
564.524000  3.448061
564.525000  3.451781
564.526000  3.454650
564.527000  3.456839
564.528000  3.458358
564.529000  3.459049
564.530000  3.458744
564.531000  3.457389
564.532000  3.455024
564.533000  3.451706
564.534000  3.447507
564.535000  3.442584
564.536000  3.437218
564.537000  3.431729
564.538000  3.426284
564.539000  3.420799
564.540000  3.415052
564.541000  3.408852
564.542000  3.402116
564.543000  3.394908
564.544000  3.387450
564.545000  3.380074
564.546000  3.373086
564.547000  3.366670
564.548000  3.360855
564.549000  3.355558
564.550000  3.350694
564.551000  3.346260
564.552000  3.342332
564.553000  3.339026
564.554000  3.336468
564.555000  3.334777
564.556000  3.334060
564.557000  3.334375
564.558000  3.335660
564.559000  3.337669
564.560000  3.340043
564.561000  3.342427
564.562000  3.344524
564.563000  3.346113
564.564000  3.347065
564.565000  3.347400
564.566000  3.347346
564.567000  3.347295
564.568000  3.347582
564.569000  3.348272
564.570000  3.349229
564.571000  3.350357
564.572000  3.351704
564.573000  3.353431
564.574000  3.355740
564.575000  3.358812
564.576000  3.362779
564.577000  3.367680
564.578000  3.373374
564.579000  3.379484
564.580000  3.385495
564.581000  3.390896
564.582000  3.395231
564.583000  3.398134
564.584000  3.399358
564.585000  3.398822
564.586000  3.396626
564.587000  3.392990
564.588000  3.388099
564.589000  3.381996
564.590000  3.374665
564.591000  3.366207
564.592000  3.356910
564.593000  3.347200
564.594000  3.337578
564.595000  3.328608
564.596000  3.320924
564.597000  3.315139
564.598000  3.311650
564.599000  3.310503
564.600000  3.311491
564.601000  3.314336
564.602000  3.318779
564.603000  3.324592
564.604000  3.331573
564.605000  3.339556
564.606000  3.348417
564.607000  3.357988
564.608000  3.367923
564.609000  3.377669
564.610000  3.386612
564.611000  3.394249
564.612000  3.400261
564.613000  3.404523
564.614000  3.407098
564.615000  3.408229
564.616000  3.408305
564.617000  3.407748
564.618000  3.406857
564.619000  3.405763
564.620000  3.404544
564.621000  3.403325
564.622000  3.402309
564.623000  3.401776
564.624000  3.402082
564.625000  3.403629
564.626000  3.406805
564.627000  3.411813
564.628000  3.418509
564.629000  3.426417
564.630000  3.434949
564.631000  3.443580
564.632000  3.451913
564.633000  3.459665
564.634000  3.466661
564.635000  3.472850
564.636000  3.478290
564.637000  3.483035
564.638000  3.487014
564.639000  3.490043
564.640000  3.491963
564.641000  3.492728
564.642000  3.492414
564.643000  3.491210
564.644000  3.489414
564.645000  3.487438
564.646000  3.485760
564.647000  3.484795
564.648000  3.484733
564.649000  3.485526
564.650000  3.487009
564.651000  3.489004
564.652000  3.491372
564.653000  3.494039
564.654000  3.497011
564.655000  3.500379
564.656000  3.504276
564.657000  3.508799
564.658000  3.513938
564.659000  3.519571
564.660000  3.525498
564.661000  3.531479
564.662000  3.537272
564.663000  3.542698
564.664000  3.547691
564.665000  3.552299
564.666000  3.556654
564.667000  3.560864
564.668000  3.564838
564.669000  3.568213
564.670000  3.570473
564.671000  3.571145
564.672000  3.569936
564.673000  3.566796
564.674000  3.561940
564.675000  3.555827
564.676000  3.549081
564.677000  3.542338
564.678000  3.536075
564.679000  3.530580
564.680000  3.526058
564.681000  3.522722
564.682000  3.520811
564.683000  3.520607
564.684000  3.522419
564.685000  3.526564
564.686000  3.533285
564.687000  3.542647
564.688000  3.554460
564.689000  3.568309
564.690000  3.583653
564.691000  3.599900
564.692000  3.616439
564.693000  3.632660
564.694000  3.647986
564.695000  3.661904
564.696000  3.673988
564.697000  3.683870
564.698000  3.691192
564.699000  3.695631
564.700000  3.696987
564.701000  3.695241
564.702000  3.690569
564.703000  3.683370
564.704000  3.674294
564.705000  3.664221
564.706000  3.654179
564.707000  3.645155
564.708000  3.637871
564.709000  3.632710
564.710000  3.629841
564.711000  3.629355
564.712000  3.631320
564.713000  3.635770
564.714000  3.642699
564.715000  3.652053
564.716000  3.663690
564.717000  3.677273
564.718000  3.692154
564.719000  3.707406
564.720000  3.722041
564.721000  3.735201
564.722000  3.746259
564.723000  3.754858
564.724000  3.760910
564.725000  3.764511
564.726000  3.765819
564.727000  3.764980
564.728000  3.762133
564.729000  3.757455
564.730000  3.751198
564.731000  3.743704
564.732000  3.735378
564.733000  3.726648
564.734000  3.717958
564.735000  3.709768
564.736000  3.702557
564.737000  3.696767
564.738000  3.692656
564.739000  3.690191
564.740000  3.689125
564.741000  3.689122
564.742000  3.689832
564.743000  3.690908
564.744000  3.692061
564.745000  3.693128
564.746000  3.694112
564.747000  3.695089
564.748000  3.695969
564.749000  3.696378
564.750000  3.695832
564.751000  3.693964
564.752000  3.690593
564.753000  3.685702
564.754000  3.679418
564.755000  3.671991
564.756000  3.663761
564.757000  3.655084
564.758000  3.646204
564.759000  3.637195
564.760000  3.628027
564.761000  3.618660
564.762000  3.609072
564.763000  3.599259
564.764000  3.589240
564.765000  3.579095
564.766000  3.568989
564.767000  3.559158
564.768000  3.549760
564.769000  3.540738
564.770000  3.531853
564.771000  3.522851
564.772000  3.513584
564.773000  3.504072
564.774000  3.494536
564.775000  3.485381
564.776000  3.477152
564.777000  3.470404
564.778000  3.465512
564.779000  3.462560
564.780000  3.461436
564.781000  3.461966
564.782000  3.463973
564.783000  3.467256
564.784000  3.471585
564.785000  3.476699
564.786000  3.482327
564.787000  3.488164
564.788000  3.493783
564.789000  3.498586
564.790000  3.501928
564.791000  3.503318
564.792000  3.502493
564.793000  3.499344
564.794000  3.493859
564.795000  3.486201
564.796000  3.476788
564.797000  3.466254
564.798000  3.455264
564.799000  3.444365
564.800000  3.433991
564.801000  3.424571
564.802000  3.416539
564.803000  3.410271
564.804000  3.406020
564.805000  3.403911
564.806000  3.403980
564.807000  3.406209
564.808000  3.410480
564.809000  3.416465
564.810000  3.423601
564.811000  3.431197
564.812000  3.438574
564.813000  3.445152
564.814000  3.450486
564.815000  3.454286
564.816000  3.456479
564.817000  3.457281
564.818000  3.457122
564.819000  3.456413
564.820000  3.455389
564.821000  3.454196
564.822000  3.453000
564.823000  3.452003
564.824000  3.451423
564.825000  3.451478
564.826000  3.452397
564.827000  3.454407
564.828000  3.457662
564.829000  3.462082
564.830000  3.467269
564.831000  3.472584
564.832000  3.477316
564.833000  3.480791
564.834000  3.482454
564.835000  3.481937
564.836000  3.479133
564.837000  3.474231
564.838000  3.467668
564.839000  3.459932
564.840000  3.451375
564.841000  3.442259
564.842000  3.432940
564.843000  3.423935
564.844000  3.415853
564.845000  3.409298
564.846000  3.404790
564.847000  3.402731
564.848000  3.403382
564.849000  3.406781
564.850000  3.412628
564.851000  3.420305
564.852000  3.429044
564.853000  3.438063
564.854000  3.446623
564.855000  3.454059
564.856000  3.459826
564.857000  3.463553
564.858000  3.465082
564.859000  3.464380
564.860000  3.461363
564.861000  3.455855
564.862000  3.447790
564.863000  3.437363
564.864000  3.425016
564.865000  3.411349
564.866000  3.397054
564.867000  3.382877
564.868000  3.369591
564.869000  3.357899
564.870000  3.348274
564.871000  3.340883
564.872000  3.335663
564.873000  3.332408
564.874000  3.330782
564.875000  3.330344
564.876000  3.330597
564.877000  3.331092
564.878000  3.331510
564.879000  3.331623
564.880000  3.331112
564.881000  3.329505
564.882000  3.326345
564.883000  3.321379
564.884000  3.314619
564.885000  3.306330
564.886000  3.297011
564.887000  3.287353
564.888000  3.278146
564.889000  3.270079
564.890000  3.263507
564.891000  3.258423
564.892000  3.254630
564.893000  3.251896
564.894000  3.250003
564.895000  3.248746
564.896000  3.247920
564.897000  3.247342
564.898000  3.246889
564.899000  3.246470
564.900000  3.245875
564.901000  3.244716
564.902000  3.242592
564.903000  3.239260
564.904000  3.234725
564.905000  3.229248
564.906000  3.223320
564.907000  3.217599
564.908000  3.212809
564.909000  3.209582
564.910000  3.208270
564.911000  3.208914
564.912000  3.211378
564.913000  3.215447
564.914000  3.220844
564.915000  3.227245
564.916000  3.234318
564.917000  3.241778
564.918000  3.249397
564.919000  3.256885
564.920000  3.263716
564.921000  3.269148
564.922000  3.272468
564.923000  3.273209
564.924000  3.271222
564.925000  3.266678
564.926000  3.260043
564.927000  3.252051
564.928000  3.243600
564.929000  3.235537
564.930000  3.228403
564.931000  3.222447
564.932000  3.217835
564.933000  3.214770
564.934000  3.213483
564.935000  3.214183
564.936000  3.217039
564.937000  3.222183
564.938000  3.229688
564.939000  3.239457
564.940000  3.251068
564.941000  3.263834
564.942000  3.276999
564.943000  3.289870
564.944000  3.301886
564.945000  3.312652
564.946000  3.321987
564.947000  3.329944
564.948000  3.336754
564.949000  3.342620
564.950000  3.347524
564.951000  3.351324
564.952000  3.353964
564.953000  3.355557
564.954000  3.356353
564.955000  3.356680
564.956000  3.356916
564.957000  3.357478
564.958000  3.358760
564.959000  3.360976
564.960000  3.364050
564.961000  3.367695
564.962000  3.371583
564.963000  3.375411
564.964000  3.378932
564.965000  3.381971
564.966000  3.384472
564.967000  3.386543
564.968000  3.388409
564.969000  3.390227
564.970000  3.391909
564.971000  3.393202
564.972000  3.393891
564.973000  3.393899
564.974000  3.393314
564.975000  3.392379
564.976000  3.391471
564.977000  3.391065
564.978000  3.391598
564.979000  3.393255
564.980000  3.395855
564.981000  3.399004
564.982000  3.402305
564.983000  3.405444
564.984000  3.408188
564.985000  3.410388
564.986000  3.412014
564.987000  3.413197
564.988000  3.414158
564.989000  3.415001
564.990000  3.415565
564.991000  3.415565
564.992000  3.414823
564.993000  3.413363
564.994000  3.411410
564.995000  3.409334
564.996000  3.407614
564.997000  3.406800
564.998000  3.407425
564.999000  3.409779
565.000000  3.413752
565.001000  3.418947
565.002000  3.424916
565.003000  3.431279
565.004000  3.437765
565.005000  3.444222
565.006000  3.450639
565.007000  3.457138
565.008000  3.463879
565.009000  3.470807
565.010000  3.477492
565.011000  3.483300
565.011000  3.483300
565.012000  3.487697
565.013000  3.490402
565.014000  3.491398
565.015000  3.490903
565.016000  3.489337
565.017000  3.487285
565.018000  3.485347
565.019000  3.483878
565.020000  3.482850
565.021000  3.482034
565.022000  3.481239
565.023000  3.480387
565.024000  3.479485
565.025000  3.478585
565.026000  3.477774
565.027000  3.477169
565.028000  3.476851
565.029000  3.476707
565.030000  3.476372
565.031000  3.475397
565.032000  3.473458
565.033000  3.470434
565.034000  3.466396
565.035000  3.461567
565.036000  3.456287
565.037000  3.451004
565.038000  3.446218
565.039000  3.442292
565.040000  3.439315
565.041000  3.437182
565.042000  3.435775
565.043000  3.435034
565.044000  3.434972
565.045000  3.435671
565.046000  3.437306
565.047000  3.440135
565.048000  3.444394
565.049000  3.450082
565.050000  3.456832
565.051000  3.464073
565.052000  3.471268
565.053000  3.478032
565.054000  3.484171
565.055000  3.489689
565.056000  3.494807
565.057000  3.499923
565.058000  3.505464
565.059000  3.511599
565.060000  3.518080
565.061000  3.524432
565.062000  3.530234
565.063000  3.535223
565.064000  3.539284
565.065000  3.542411
565.066000  3.544705
565.067000  3.546365
565.068000  3.547614
565.069000  3.548501
565.070000  3.548768
565.071000  3.547999
565.072000  3.545826
565.073000  3.541990
565.074000  3.536333
565.075000  3.528829
565.076000  3.519644
565.077000  3.509152
565.078000  3.497842
565.079000  3.486085
565.080000  3.473956
565.081000  3.461362
565.082000  3.448278
565.083000  3.434804
565.084000  3.421102
565.085000  3.407363
565.086000  3.393886
565.087000  3.381142
565.088000  3.369688
565.089000  3.359900
565.090000  3.351765
565.091000  3.344994
565.092000  3.339268
565.093000  3.334364
565.094000  3.330157
565.095000  3.326581
565.096000  3.323578
565.097000  3.321101
565.098000  3.319108
565.099000  3.317435
565.100000  3.315698
565.101000  3.313455
565.102000  3.310392
565.103000  3.306378
565.104000  3.301435
565.105000  3.295698
565.106000  3.289409
565.107000  3.282921
565.108000  3.276606
565.109000  3.270628
565.110000  3.264824
565.111000  3.258852
565.112000  3.252372
565.113000  3.245112
565.114000  3.236883
565.115000  3.227604
565.116000  3.217353
565.117000  3.206369
565.118000  3.194949
565.119000  3.183249
565.120000  3.171252
565.121000  3.158936
565.122000  3.146404
565.123000  3.133901
565.124000  3.121780
565.125000  3.110476
565.126000  3.100499
565.127000  3.092403
565.128000  3.086641
565.129000  3.083361
565.130000  3.082343
565.131000  3.083180
565.132000  3.085446
565.133000  3.088744
565.134000  3.092698
565.135000  3.096964
565.136000  3.101285
565.137000  3.105534
565.138000  3.109633
565.139000  3.113362
565.140000  3.116337
565.141000  3.118210
565.142000  3.118827
565.143000  3.118234
565.144000  3.116620
565.145000  3.114259
565.146000  3.111483
565.147000  3.108642
565.148000  3.105969
565.149000  3.103448
565.150000  3.100875
565.151000  3.098063
565.152000  3.094927
565.153000  3.091459
565.154000  3.087715
565.155000  3.083842
565.156000  3.080139
565.157000  3.077028
565.158000  3.074837
565.159000  3.073569
565.160000  3.072978
565.161000  3.072816
565.162000  3.072940
565.163000  3.073311
565.164000  3.073964
565.165000  3.075030
565.166000  3.076757
565.167000  3.079455
565.168000  3.083291
565.169000  3.088169
565.170000  3.093845
565.171000  3.100091
565.172000  3.106758
565.173000  3.113808
565.174000  3.121329
565.175000  3.129544
565.176000  3.138799
565.177000  3.149444
565.178000  3.161551
565.179000  3.174755
565.180000  3.188434
565.181000  3.202003
565.182000  3.215024
565.183000  3.227204
565.184000  3.238387
565.185000  3.248599
565.186000  3.258077
565.187000  3.267136
565.188000  3.275905
565.189000  3.284203
565.190000  3.291698
565.191000  3.298065
565.192000  3.303040
565.193000  3.306429
565.194000  3.308143
565.195000  3.308263
565.196000  3.307065
565.197000  3.304895
565.198000  3.301864
565.199000  3.297674
565.200000  3.291793
565.201000  3.283759
565.202000  3.273358
565.203000  3.260666
565.204000  3.246045
565.205000  3.230119
565.206000  3.213713
565.207000  3.197669
565.208000  3.182599
565.209000  3.168855
565.210000  3.156727
565.211000  3.146520
565.212000  3.138459
565.213000  3.132676
565.214000  3.129294
565.215000  3.128498
565.216000  3.130500
565.217000  3.135382
565.218000  3.142897
565.219000  3.152453
565.220000  3.163349
565.221000  3.174998
565.222000  3.186940
565.223000  3.198737
565.224000  3.209918
565.225000  3.220131
565.226000  3.229288
565.227000  3.237469
565.228000  3.244633
565.229000  3.250525
565.230000  3.254875
565.231000  3.257603
565.232000  3.258866
565.233000  3.259028
565.234000  3.258576
565.235000  3.258023
565.236000  3.257818
565.237000  3.258216
565.238000  3.259099
565.239000  3.260027
565.240000  3.260525
565.241000  3.260285
565.242000  3.259225
565.243000  3.257491
565.244000  3.255463
565.245000  3.253721
565.246000  3.252895
565.247000  3.253395
565.248000  3.255175
565.249000  3.257827
565.250000  3.260872
565.251000  3.263921
565.252000  3.266694
565.253000  3.269022
565.254000  3.270877
565.255000  3.272399
565.256000  3.273830
565.257000  3.275253
565.258000  3.276362
565.259000  3.276588
565.260000  3.275430
565.261000  3.272660
565.262000  3.268368
565.263000  3.262932
565.264000  3.256984
565.265000  3.251363
565.266000  3.246973
565.267000  3.244505
565.268000  3.244183
565.269000  3.245856
565.270000  3.249219
565.271000  3.253934
565.272000  3.259686
565.273000  3.266233
565.274000  3.273459
565.275000  3.281378
565.276000  3.290019
565.277000  3.299127
565.278000  3.308009
565.279000  3.315809
565.280000  3.321879
565.281000  3.325925
565.282000  3.327956
565.283000  3.328247
565.284000  3.327336
565.285000  3.325969
565.286000  3.324865
565.287000  3.324377
565.288000  3.324418
565.289000  3.324723
565.290000  3.325069
565.291000  3.325350
565.292000  3.325553
565.293000  3.325732
565.294000  3.325981
565.295000  3.326391
565.296000  3.326916
565.297000  3.327182
565.298000  3.326534
565.299000  3.324325
565.300000  3.320129
565.301000  3.313812
565.302000  3.305524
565.303000  3.295685
565.304000  3.284968
565.305000  3.274189
565.306000  3.264026
565.307000  3.254758
565.308000  3.246365
565.309000  3.238815
565.310000  3.232185
565.311000  3.226633
565.312000  3.222341
565.313000  3.219493
565.314000  3.218278
565.315000  3.218874
565.316000  3.221349
565.317000  3.225535
565.318000  3.231040
565.319000  3.237360
565.320000  3.243937
565.321000  3.250174
565.322000  3.255481
565.323000  3.259368
565.324000  3.261540
565.325000  3.261899
565.326000  3.260358
565.327000  3.256599
565.328000  3.250157
565.329000  3.240731
565.330000  3.228374
565.331000  3.213490
565.332000  3.196758
565.333000  3.179080
565.334000  3.161539
565.335000  3.145292
565.336000  3.131314
565.337000  3.120186
565.338000  3.112124
565.339000  3.107128
565.340000  3.105043
565.341000  3.105581
565.342000  3.108372
565.343000  3.113027
565.344000  3.119201
565.345000  3.126575
565.346000  3.134692
565.347000  3.142800
565.348000  3.149951
565.349000  3.155278
565.350000  3.158176
565.351000  3.158368
565.352000  3.155927
565.353000  3.151282
565.354000  3.145180
565.355000  3.138526
565.356000  3.132054
565.357000  3.126095
565.358000  3.120719
565.359000  3.115981
565.360000  3.112028
565.361000  3.109109
565.362000  3.107581
565.363000  3.107907
565.364000  3.110583
565.365000  3.115927
565.366000  3.123842
565.367000  3.133875
565.368000  3.145449
565.369000  3.157981
565.370000  3.170894
565.371000  3.183673
565.372000  3.195989
565.373000  3.207660
565.374000  3.218310
565.375000  3.227095
565.376000  3.233001
565.377000  3.235295
565.378000  3.233718
565.379000  3.228496
565.380000  3.220293
565.381000  3.210119
565.382000  3.199132
565.383000  3.188316
565.384000  3.178295
565.385000  3.169484
565.386000  3.162278
565.387000  3.157081
565.388000  3.154270
565.389000  3.154161
565.390000  3.157020
565.391000  3.163064
565.392000  3.172353
565.393000  3.184573
565.394000  3.198968
565.395000  3.214580
565.396000  3.230500
565.397000  3.245934
565.398000  3.260189
565.399000  3.272712
565.400000  3.283206
565.401000  3.291693
565.402000  3.298370
565.403000  3.303345
565.404000  3.306596
565.405000  3.308168
565.406000  3.308301
565.407000  3.307424
565.408000  3.306095
565.409000  3.304951
565.410000  3.304673
565.411000  3.305905
565.412000  3.309094
565.413000  3.314293
565.414000  3.321120
565.415000  3.328893
565.416000  3.336774
565.417000  3.343900
565.418000  3.349500
565.419000  3.352994
565.420000  3.354065
565.421000  3.352658
565.422000  3.348820
565.423000  3.342502
565.424000  3.333563
565.425000  3.321971
565.426000  3.307922
565.427000  3.291825
565.428000  3.274248
565.429000  3.255893
565.430000  3.237575
565.431000  3.220149
565.432000  3.204341
565.433000  3.190568
565.434000  3.178947
565.435000  3.169482
565.436000  3.162219
565.437000  3.157288
565.438000  3.154832
565.439000  3.154876
565.440000  3.157290
565.441000  3.161892
565.442000  3.168465
565.443000  3.176626
565.444000  3.185837
565.445000  3.195563
565.446000  3.205400
565.447000  3.215097
565.448000  3.224541
565.449000  3.233752
565.450000  3.242885
565.451000  3.252168
565.452000  3.261715
565.453000  3.271339
565.454000  3.280595
565.455000  3.288976
565.456000  3.296031
565.457000  3.301409
565.458000  3.304894
565.459000  3.306465
565.460000  3.306338
565.461000  3.304908
565.462000  3.302538
565.463000  3.299354
565.464000  3.295302
565.465000  3.290363
565.466000  3.284671
565.467000  3.278541
565.468000  3.272439
565.469000  3.266949
565.470000  3.262719
565.471000  3.260314
565.472000  3.259986
565.473000  3.261579
565.474000  3.264700
565.475000  3.268909
565.476000  3.273782
565.477000  3.278926
565.478000  3.284023
565.479000  3.288883
565.480000  3.293442
565.481000  3.297613
565.482000  3.301106
565.483000  3.303471
565.484000  3.304340
565.485000  3.303563
565.486000  3.301193
565.487000  3.297442
565.488000  3.292672
565.489000  3.287393
565.490000  3.282180
565.491000  3.277507
565.492000  3.273619
565.493000  3.270581
565.494000  3.268404
565.495000  3.267103
565.496000  3.266709
565.497000  3.267277
565.498000  3.268906
565.499000  3.271741
565.500000  3.275909
565.501000  3.281372
565.502000  3.287867
565.503000  3.295028
565.504000  3.302542
565.505000  3.310209
565.506000  3.317932
565.507000  3.325700
565.508000  3.333562
565.509000  3.341590
565.510000  3.349791
565.511000  3.358011
565.511000  3.358011
565.512000  3.365940
565.513000  3.373215
565.514000  3.379506
565.515000  3.384536
565.516000  3.388092
565.517000  3.390056
565.518000  3.390457
565.519000  3.389483
565.520000  3.387401
565.521000  3.384416
565.522000  3.380627
565.523000  3.376133
565.524000  3.371146
565.525000  3.366014
565.526000  3.361176
565.527000  3.357105
565.528000  3.354266
565.529000  3.353064
565.530000  3.353769
565.531000  3.356394
565.532000  3.360662
565.533000  3.366109
565.534000  3.372201
565.535000  3.378407
565.536000  3.384230
565.537000  3.389252
565.538000  3.393168
565.539000  3.395794
565.540000  3.396985
565.541000  3.396516
565.542000  3.394071
565.543000  3.389380
565.544000  3.382345
565.545000  3.373069
565.546000  3.361845
565.547000  3.349137
565.548000  3.335566
565.549000  3.321855
565.550000  3.308688
565.551000  3.296530
565.552000  3.285568
565.553000  3.275830
565.554000  3.267290
565.555000  3.259934
565.556000  3.253799
565.557000  3.249018
565.558000  3.245830
565.559000  3.244535
565.560000  3.245362
565.561000  3.248304
565.562000  3.253108
565.563000  3.259430
565.564000  3.266951
565.565000  3.275398
565.566000  3.284545
565.567000  3.294246
565.568000  3.304476
565.569000  3.315296
565.570000  3.326688
565.571000  3.338355
565.572000  3.349714
565.573000  3.360079
565.574000  3.368846
565.575000  3.375572
565.576000  3.379975
565.577000  3.381926
565.578000  3.381470
565.579000  3.378815
565.580000  3.374207
565.581000  3.367796
565.582000  3.359682
565.583000  3.350057
565.584000  3.339282
565.585000  3.327875
565.586000  3.316448
565.587000  3.305636
565.588000  3.296038
565.589000  3.288125
565.590000  3.282113
565.591000  3.277908
565.592000  3.275213
565.593000  3.273679
565.594000  3.272990
565.595000  3.272891
565.596000  3.273203
565.597000  3.273861
565.598000  3.274909
565.599000  3.276406
565.600000  3.278229
565.601000  3.280036
565.602000  3.281462
565.603000  3.282316
565.604000  3.282633
565.605000  3.282647
565.606000  3.282742
565.607000  3.283414
565.608000  3.285183
565.609000  3.288425
565.610000  3.293209
565.611000  3.299323
565.612000  3.306444
565.613000  3.314261
565.614000  3.322520
565.615000  3.331055
565.616000  3.339809
565.617000  3.348856
565.618000  3.358346
565.619000  3.368346
565.620000  3.378713
565.621000  3.389167
565.622000  3.399473
565.623000  3.409528
565.624000  3.419358
565.625000  3.429087
565.626000  3.438907
565.627000  3.449026
565.628000  3.459547
565.629000  3.470313
565.630000  3.480887
565.631000  3.490750
565.632000  3.499474
565.633000  3.506776
565.634000  3.512489
565.635000  3.516537
565.636000  3.518945
565.637000  3.519844
565.638000  3.519383
565.639000  3.517633
565.640000  3.514624
565.641000  3.510473
565.642000  3.505437
565.643000  3.499883
565.644000  3.494239
565.645000  3.488983
565.646000  3.484645
565.647000  3.481744
565.648000  3.480598
565.649000  3.481205
565.650000  3.483324
565.651000  3.486636
565.652000  3.490824
565.653000  3.495612
565.654000  3.500795
565.655000  3.506270
565.656000  3.512019
565.657000  3.517970
565.658000  3.523840
565.659000  3.529173
565.660000  3.533579
565.661000  3.536881
565.662000  3.539123
565.663000  3.540515
565.664000  3.541380
565.665000  3.542107
565.666000  3.543086
565.667000  3.544581
565.668000  3.546601
565.669000  3.548885
565.670000  3.551030
565.671000  3.552607
565.672000  3.553234
565.673000  3.552626
565.674000  3.550648
565.675000  3.547357
565.676000  3.542980
565.677000  3.537743
565.678000  3.531674
565.679000  3.524654
565.680000  3.516649
565.681000  3.507847
565.682000  3.498652
565.683000  3.489614
565.684000  3.481365
565.685000  3.474561
565.686000  3.469784
565.687000  3.467420
565.688000  3.467571
565.689000  3.470096
565.690000  3.474709
565.691000  3.481030
565.692000  3.488602
565.693000  3.496898
565.694000  3.505352
565.695000  3.513400
565.696000  3.520493
565.697000  3.526000
565.698000  3.529137
565.699000  3.529069
565.700000  3.525143
565.701000  3.517059
565.702000  3.504932
565.703000  3.489292
565.704000  3.471028
565.705000  3.451285
565.706000  3.431248
565.707000  3.411901
565.708000  3.393930
565.709000  3.377836
565.710000  3.364024
565.711000  3.352806
565.712000  3.344363
565.713000  3.338735
565.714000  3.335845
565.715000  3.335515
565.716000  3.337425
565.717000  3.341038
565.718000  3.345628
565.719000  3.350396
565.720000  3.354594
565.721000  3.357617
565.722000  3.359083
565.723000  3.358902
565.724000  3.357271
565.725000  3.354511
565.726000  3.350820
565.727000  3.346230
565.728000  3.340790
565.729000  3.334703
565.730000  3.328315
565.731000  3.322084
565.732000  3.316548
565.733000  3.312287
565.734000  3.309815
565.735000  3.309427
565.736000  3.311166
565.737000  3.314929
565.738000  3.320554
565.739000  3.327846
565.740000  3.336567
565.741000  3.346450
565.742000  3.357218
565.743000  3.368571
565.744000  3.380079
565.745000  3.391085
565.746000  3.400768
565.747000  3.408326
565.748000  3.413111
565.749000  3.414699
565.750000  3.412917
565.751000  3.407860
565.752000  3.399880
565.753000  3.389498
565.754000  3.377261
565.755000  3.363656
565.756000  3.349139
565.757000  3.334188
565.758000  3.319298
565.759000  3.304955
565.760000  3.291625
565.761000  3.279782
565.762000  3.269911
565.763000  3.262436
565.764000  3.257560
565.765000  3.255169
565.766000  3.254918
565.767000  3.256394
565.768000  3.259219
565.769000  3.263095
565.770000  3.267836
565.771000  3.273382
565.772000  3.279778
565.773000  3.287036
565.774000  3.294939
565.775000  3.303025
565.776000  3.310781
565.777000  3.317832
565.778000  3.324015
565.779000  3.329388
565.780000  3.334212
565.781000  3.338914
565.782000  3.343995
565.783000  3.349878
565.784000  3.356742
565.785000  3.364507
565.786000  3.372938
565.787000  3.381736
565.788000  3.390580
565.789000  3.399157
565.790000  3.407188
565.791000  3.414464
565.792000  3.420844
565.793000  3.426149
565.794000  3.430039
565.795000  3.432022
565.796000  3.431635
565.797000  3.428602
565.798000  3.422926
565.799000  3.414904
565.800000  3.405105
565.801000  3.394295
565.802000  3.383305
565.803000  3.372823
565.804000  3.363259
565.805000  3.354820
565.806000  3.347646
565.807000  3.341887
565.808000  3.337687
565.809000  3.335162
565.810000  3.334390
565.811000  3.335401
565.812000  3.338161
565.813000  3.342496
565.814000  3.348030
565.815000  3.354247
565.816000  3.360636
565.817000  3.366783
565.818000  3.372413
565.819000  3.377398
565.820000  3.381759
565.821000  3.385662
565.822000  3.389341
565.823000  3.392929
565.824000  3.396331
565.825000  3.399297
565.826000  3.401578
565.827000  3.402985
565.828000  3.403393
565.829000  3.402737
565.830000  3.401027
565.831000  3.398363
565.832000  3.394874
565.833000  3.390565
565.834000  3.385226
565.835000  3.378554
565.836000  3.370339
565.837000  3.360564
565.838000  3.349425
565.839000  3.337328
565.840000  3.324888
565.841000  3.312882
565.842000  3.302105
565.843000  3.293115
565.844000  3.286104
565.845000  3.281032
565.846000  3.277814
565.847000  3.276380
565.848000  3.276670
565.849000  3.278627
565.850000  3.282209
565.851000  3.287367
565.852000  3.293937
565.853000  3.301472
565.854000  3.309221
565.855000  3.316329
565.856000  3.322038
565.857000  3.325787
565.858000  3.327219
565.859000  3.326172
565.860000  3.322680
565.861000  3.316976
565.862000  3.309393
565.863000  3.300168
565.864000  3.289354
565.865000  3.276968
565.866000  3.263158
565.867000  3.248265
565.868000  3.232789
565.869000  3.217352
565.870000  3.202646
565.871000  3.189377
565.872000  3.178111
565.873000  3.169084
565.874000  3.162143
565.875000  3.156893
565.876000  3.152875
565.877000  3.149659
565.878000  3.146888
565.879000  3.144329
565.880000  3.141908
565.881000  3.139717
565.882000  3.137896
565.883000  3.136439
565.884000  3.135135
565.885000  3.133741
565.886000  3.132139
565.887000  3.130388
565.888000  3.128693
565.889000  3.127367
565.890000  3.126788
565.891000  3.127347
565.892000  3.129331
565.893000  3.132804
565.894000  3.137591
565.895000  3.143407
565.896000  3.149975
565.897000  3.157067
565.898000  3.164524
565.899000  3.172288
565.900000  3.180433
565.901000  3.189159
565.902000  3.198668
565.903000  3.208941
565.904000  3.219678
565.905000  3.230469
565.906000  3.240962
565.907000  3.250910
565.908000  3.260171
565.909000  3.268718
565.910000  3.276643
565.911000  3.284103
565.912000  3.291170
565.913000  3.297662
565.914000  3.303177
565.915000  3.307273
565.916000  3.309589
565.917000  3.309902
565.918000  3.308160
565.919000  3.304507
565.920000  3.299293
565.921000  3.292973
565.922000  3.285909
565.923000  3.278201
565.924000  3.269756
565.925000  3.260461
565.926000  3.250295
565.927000  3.239398
565.928000  3.228104
565.929000  3.216940
565.930000  3.206519
565.931000  3.197280
565.932000  3.189270
565.933000  3.182252
565.934000  3.175983
565.935000  3.170334
565.936000  3.165302
565.937000  3.160986
565.938000  3.157584
565.939000  3.155387
565.940000  3.154699
565.941000  3.155675
565.942000  3.158206
565.943000  3.161988
565.944000  3.166656
565.945000  3.171873
565.946000  3.177360
565.947000  3.182923
565.948000  3.188484
565.949000  3.194100
565.950000  3.199884
565.951000  3.205811
565.952000  3.211598
565.953000  3.216831
565.954000  3.221169
565.955000  3.224442
565.956000  3.226654
565.957000  3.227964
565.958000  3.228671
565.959000  3.229150
565.960000  3.229742
565.961000  3.230624
565.962000  3.231779
565.963000  3.233064
565.964000  3.234293
565.965000  3.235258
565.966000  3.235756
565.967000  3.235610
565.968000  3.234701
565.969000  3.232974
565.970000  3.230375
565.971000  3.226751
565.972000  3.221812
565.973000  3.215247
565.974000  3.206844
565.975000  3.196569
565.976000  3.184576
565.977000  3.171208
565.978000  3.156976
565.979000  3.142492
565.980000  3.128332
565.981000  3.114905
565.982000  3.102460
565.983000  3.091194
565.984000  3.081329
565.985000  3.073106
565.986000  3.066772
565.987000  3.062562
565.988000  3.060702
565.989000  3.061373
565.990000  3.064610
565.991000  3.070219
565.992000  3.077816
565.993000  3.086944
565.994000  3.097164
565.995000  3.108092
565.996000  3.119423
565.997000  3.130957
565.998000  3.142610
565.999000  3.154335
566.000000  3.165966
566.001000  3.177134
566.002000  3.187390
566.003000  3.196385
566.004000  3.203968
566.005000  3.210184
566.006000  3.215256
566.007000  3.219542
566.008000  3.223478
566.009000  3.227472
566.010000  3.231785
566.011000  3.236523
566.011000  3.236523
566.012000  3.241733
566.013000  3.247482
566.014000  3.253865
566.015000  3.260986
566.016000  3.268948
566.017000  3.277869
566.018000  3.287865
566.019000  3.298960
566.020000  3.310949
566.021000  3.323371
566.022000  3.335657
566.023000  3.347279
566.024000  3.357833
566.025000  3.367061
566.026000  3.374864
566.027000  3.381294
566.028000  3.386487
566.029000  3.390521
566.030000  3.393308
566.031000  3.394644
566.032000  3.394356
566.033000  3.392401
566.034000  3.388899
566.035000  3.384137
566.036000  3.378562
566.037000  3.372736
566.038000  3.367230
566.039000  3.362455
566.040000  3.358558
566.041000  3.355472
566.042000  3.353056
566.043000  3.351195
566.044000  3.349845
566.045000  3.349032
566.046000  3.348844
566.047000  3.349384
566.048000  3.350656
566.049000  3.352456
566.050000  3.354392
566.051000  3.356039
566.052000  3.357078
566.053000  3.357356
566.054000  3.356914
566.055000  3.355974
566.056000  3.354907
566.057000  3.354132
566.058000  3.353961
566.059000  3.354489
566.060000  3.355649
566.061000  3.357356
566.062000  3.359613
566.063000  3.362522
566.064000  3.366250
566.065000  3.370979
566.066000  3.376864
566.067000  3.383992
566.068000  3.392299
566.069000  3.401534
566.070000  3.411334
566.071000  3.421352
566.072000  3.431323
566.073000  3.441094
566.074000  3.450624
566.075000  3.459980
566.076000  3.469277
566.077000  3.478551
566.078000  3.487638
566.079000  3.496209
566.080000  3.503922
566.081000  3.510542
566.082000  3.515968
566.083000  3.520220
566.084000  3.523418
566.085000  3.525752
566.086000  3.527423
566.087000  3.528547
566.088000  3.529084
566.089000  3.528904
566.090000  3.527888
566.091000  3.525973
566.092000  3.523139
566.093000  3.519399
566.094000  3.514812
566.095000  3.509498
566.096000  3.503584
566.097000  3.497094
566.098000  3.489897
566.099000  3.481824
566.100000  3.472813
566.101000  3.462971
566.102000  3.452575
566.103000  3.442037
566.104000  3.431844
566.105000  3.422499
566.106000  3.414426
566.107000  3.407855
566.108000  3.402808
566.109000  3.399214
566.110000  3.397010
566.111000  3.396172
566.112000  3.396722
566.113000  3.398749
566.114000  3.402401
566.115000  3.407808
566.116000  3.414888
566.117000  3.423218
566.118000  3.432158
566.119000  3.441075
566.120000  3.449502
566.121000  3.457190
566.122000  3.464129
566.123000  3.470554
566.124000  3.476880
566.125000  3.483521
566.126000  3.490662
566.127000  3.498217
566.128000  3.505951
566.129000  3.513610
566.130000  3.520991
566.131000  3.527984
566.132000  3.534591
566.133000  3.540894
566.134000  3.546938
566.135000  3.552572
566.136000  3.557423
566.137000  3.561051
566.138000  3.563091
566.139000  3.563271
566.140000  3.561418
566.141000  3.557482
566.142000  3.551587
566.143000  3.543991
566.144000  3.534926
566.145000  3.524441
566.146000  3.512439
566.147000  3.498864
566.148000  3.483836
566.149000  3.467683
566.150000  3.450917
566.151000  3.434191
566.152000  3.418253
566.153000  3.403859
566.154000  3.391616
566.155000  3.381867
566.156000  3.374713
566.157000  3.370136
566.158000  3.368071
566.159000  3.368424
566.160000  3.371080
566.161000  3.375932
566.162000  3.382887
566.163000  3.391833
566.164000  3.402503
566.165000  3.414365
566.166000  3.426689
566.167000  3.438713
566.168000  3.449765
566.169000  3.459316
566.170000  3.467029
566.171000  3.472790
566.172000  3.476713
566.173000  3.479051
566.174000  3.480029
566.175000  3.479756
566.176000  3.478307
566.177000  3.475848
566.178000  3.472673
566.179000  3.469160
566.180000  3.465709
566.181000  3.462693
566.182000  3.460433
566.183000  3.459112
566.184000  3.458648
566.185000  3.458671
566.186000  3.458674
566.187000  3.458194
566.188000  3.456900
566.189000  3.454616
566.190000  3.451329
566.191000  3.447167
566.192000  3.442346
566.193000  3.437054
566.194000  3.431300
566.195000  3.424933
566.196000  3.417810
566.197000  3.409930
566.198000  3.401447
566.199000  3.392637
566.200000  3.383867
566.201000  3.375580
566.202000  3.368220
566.203000  3.362080
566.204000  3.357168
566.205000  3.353278
566.206000  3.350162
566.207000  3.347626
566.208000  3.345576
566.209000  3.344028
566.210000  3.343126
566.211000  3.343133
566.212000  3.344347
566.213000  3.346924
566.214000  3.350776
566.215000  3.355641
566.216000  3.361198
566.217000  3.367093
566.218000  3.372988
566.219000  3.378651
566.220000  3.384008
566.221000  3.389105
566.222000  3.393946
566.223000  3.398276
566.224000  3.401561
566.225000  3.403225
566.226000  3.402885
566.227000  3.400448
566.228000  3.396093
566.229000  3.390201
566.230000  3.383289
566.231000  3.375950
566.232000  3.368702
566.233000  3.361808
566.234000  3.355303
566.235000  3.349155
566.236000  3.343381
566.237000  3.338075
566.238000  3.333404
566.239000  3.329600
566.240000  3.326920
566.241000  3.325542
566.242000  3.325433
566.243000  3.326325
566.244000  3.327871
566.245000  3.329764
566.246000  3.331781
566.247000  3.333808
566.248000  3.335870
566.249000  3.338151
566.250000  3.340895
566.251000  3.344135
566.252000  3.347531
566.253000  3.350487
566.254000  3.352354
566.255000  3.352560
566.256000  3.350683
566.257000  3.346516
566.258000  3.340088
566.259000  3.331628
566.260000  3.321418
566.261000  3.309653
566.262000  3.296470
566.263000  3.282064
566.264000  3.266737
566.265000  3.250878
566.266000  3.234942
566.267000  3.219443
566.268000  3.204936
566.269000  3.191939
566.270000  3.180739
566.271000  3.171254
566.272000  3.163126
566.273000  3.155936
566.274000  3.149331
566.275000  3.143080
566.276000  3.137094
566.277000  3.131458
566.278000  3.126420
566.279000  3.122294
566.280000  3.119279
566.281000  3.117366
566.282000  3.116448
566.283000  3.116464
566.284000  3.117449
566.285000  3.119508
566.286000  3.122781
566.287000  3.127411
566.288000  3.133516
566.289000  3.141117
566.290000  3.150015
566.291000  3.159740
566.292000  3.169662
566.293000  3.179124
566.294000  3.187518
566.295000  3.194325
566.296000  3.199161
566.297000  3.201839
566.298000  3.202404
566.299000  3.201066
566.300000  3.198017
566.301000  3.193311
566.302000  3.186930
566.303000  3.178909
566.304000  3.169366
566.305000  3.158504
566.306000  3.146612
566.307000  3.134086
566.308000  3.121407
566.309000  3.109032
566.310000  3.097227
566.311000  3.085983
566.312000  3.075102
566.313000  3.064350
566.314000  3.053556
566.315000  3.042650
566.316000  3.031682
566.317000  3.020839
566.318000  3.010417
566.319000  3.000726
566.320000  2.991902
566.321000  2.983800
566.322000  2.976118
566.323000  2.968620
566.324000  2.961270
566.325000  2.954258
566.326000  2.947979
566.327000  2.942963
566.328000  2.939764
566.329000  2.938804
566.330000  2.940239
566.331000  2.943955
566.332000  2.949697
566.333000  2.957176
566.334000  2.966114
566.335000  2.976258
566.336000  2.987416
566.337000  2.999485
566.338000  3.012418
566.339000  3.026070
566.340000  3.040035
566.341000  3.053690
566.342000  3.066379
566.343000  3.077564
566.344000  3.086905
566.345000  3.094311
566.346000  3.099953
566.347000  3.104172
566.348000  3.107272
566.349000  3.109327
566.350000  3.110247
566.351000  3.109967
566.352000  3.108552
566.353000  3.106195
566.354000  3.103189
566.355000  3.099891
566.356000  3.096664
566.357000  3.093766
566.358000  3.091218
566.359000  3.088788
566.360000  3.086107
566.361000  3.082797
566.362000  3.078544
566.363000  3.073144
566.364000  3.066548
566.365000  3.058897
566.366000  3.050488
566.367000  3.041640
566.368000  3.032541
566.369000  3.023276
566.370000  3.013969
566.371000  3.004881
566.372000  2.996403
566.373000  2.989022
566.374000  2.983298
566.375000  2.979822
566.376000  2.979122
566.377000  2.981501
566.378000  2.986944
566.379000  2.995179
566.380000  3.005790
566.381000  3.018270
566.382000  3.032062
566.383000  3.046598
566.384000  3.061360
566.385000  3.075904
566.386000  3.089770
566.387000  3.102346
566.388000  3.112877
566.389000  3.120657
566.390000  3.125228
566.391000  3.126483
566.392000  3.124703
566.393000  3.120520
566.394000  3.114772
566.395000  3.108236
566.396000  3.101423
566.397000  3.094624
566.398000  3.088096
566.399000  3.082153
566.400000  3.077162
566.401000  3.073512
566.402000  3.071579
566.403000  3.071693
566.404000  3.074055
566.405000  3.078614
566.406000  3.085008
566.407000  3.092662
566.408000  3.100933
566.409000  3.109238
566.410000  3.117140
566.411000  3.124406
566.412000  3.131018
566.413000  3.137109
566.414000  3.142774
566.415000  3.147870
566.416000  3.152039
566.417000  3.154907
566.418000  3.156255
566.419000  3.156069
566.420000  3.154518
566.421000  3.151918
566.422000  3.148691
566.423000  3.145300
566.424000  3.142122
566.425000  3.139333
566.426000  3.136921
566.427000  3.134795
566.428000  3.132847
566.429000  3.130983
566.430000  3.129168
566.431000  3.127488
566.432000  3.126185
566.433000  3.125613
566.434000  3.126090
566.435000  3.127750
566.436000  3.130543
566.437000  3.134349
566.438000  3.139043
566.439000  3.144509
566.440000  3.150635
566.441000  3.157346
566.442000  3.164624
566.443000  3.172484
566.444000  3.180859
566.445000  3.189499
566.446000  3.198028
566.447000  3.206093
566.448000  3.213468
566.449000  3.220072
566.450000  3.225962
566.451000  3.231318
566.452000  3.236414
566.453000  3.241533
566.454000  3.246847
566.455000  3.252367
566.456000  3.258039
566.457000  3.263831
566.458000  3.269746
566.459000  3.275785
566.460000  3.281941
566.461000  3.288217
566.462000  3.294623
566.463000  3.301108
566.464000  3.307436
566.465000  3.313174
566.466000  3.317826
566.467000  3.320993
566.468000  3.322439
566.469000  3.322100
566.470000  3.320074
566.471000  3.316619
566.472000  3.312121
566.473000  3.306974
566.474000  3.301424
566.475000  3.295543
566.476000  3.289327
566.477000  3.282786
566.478000  3.275963
566.479000  3.268940
566.480000  3.261858
566.481000  3.254919
566.482000  3.248327
566.483000  3.242150
566.484000  3.236242
566.485000  3.230332
566.486000  3.224186
566.487000  3.217697
566.488000  3.210907
566.489000  3.203992
566.490000  3.197246
566.491000  3.191022
566.492000  3.185641
566.493000  3.181250
566.494000  3.177765
566.495000  3.174961
566.496000  3.172633
566.497000  3.170683
566.498000  3.169171
566.499000  3.168322
566.500000  3.168517
566.501000  3.170226
566.502000  3.173877
566.503000  3.179673
566.504000  3.187524
566.505000  3.197149
566.506000  3.208204
566.507000  3.220334
566.508000  3.233184
566.509000  3.246398
566.510000  3.259634
566.511000  3.272564
566.511000  3.272564
566.512000  3.284824
566.513000  3.295910
566.514000  3.305175
566.515000  3.311999
566.516000  3.315958
566.517000  3.316912
566.518000  3.314993
566.519000  3.310561
566.520000  3.304152
566.521000  3.296390
566.522000  3.287866
566.523000  3.279003
566.524000  3.270040
566.525000  3.261129
566.526000  3.252421
566.527000  3.244086
566.528000  3.236266
566.529000  3.229042
566.530000  3.222437
566.531000  3.216440
566.532000  3.211001
566.533000  3.205942
566.534000  3.200935
566.535000  3.195616
566.536000  3.189758
566.537000  3.183349
566.538000  3.176558
566.539000  3.169667
566.540000  3.163026
566.541000  3.157038
566.542000  3.152118
566.543000  3.148593
566.544000  3.146655
566.545000  3.146376
566.546000  3.147757
566.547000  3.150720
566.548000  3.155113
566.549000  3.160709
566.550000  3.167242
566.551000  3.174430
566.552000  3.181971
566.553000  3.189482
566.554000  3.196470
566.555000  3.202424
566.556000  3.206946
566.557000  3.209834
566.558000  3.211119
566.559000  3.211058
566.560000  3.210106
566.561000  3.208830
566.562000  3.207779
566.563000  3.207349
566.564000  3.207748
566.565000  3.209057
566.566000  3.211310
566.567000  3.214520
566.568000  3.218694
566.569000  3.223841
566.570000  3.229971
566.571000  3.237068
566.572000  3.245006
566.573000  3.253476
566.574000  3.261996
566.575000  3.270031
566.576000  3.277108
566.577000  3.282881
566.578000  3.287164
566.579000  3.289943
566.580000  3.291369
566.581000  3.291700
566.582000  3.291189
566.583000  3.290004
566.584000  3.288262
566.585000  3.286117
566.586000  3.283786
566.587000  3.281511
566.588000  3.279520
566.589000  3.278023
566.590000  3.277205
566.591000  3.277179
566.592000  3.277890
566.593000  3.279093
566.594000  3.280462
566.595000  3.281714
566.596000  3.282677
566.597000  3.283280
566.598000  3.283525
566.599000  3.283475
566.600000  3.283227
566.601000  3.282854
566.602000  3.282307
566.603000  3.281408
566.604000  3.279960
566.605000  3.277877
566.606000  3.275211
566.607000  3.272141
566.608000  3.268936
566.609000  3.265935
566.610000  3.263510
566.611000  3.261989
566.612000  3.261571
566.613000  3.262317
566.614000  3.264211
566.615000  3.267217
566.616000  3.271291
566.617000  3.276391
566.618000  3.282494
566.619000  3.289601
566.620000  3.297700
566.621000  3.306663
566.622000  3.316202
566.623000  3.325970
566.624000  3.335700
566.625000  3.345265
566.626000  3.354634
566.627000  3.363820
566.628000  3.372828
566.629000  3.381631
566.630000  3.390135
566.631000  3.398165
566.632000  3.405514
566.633000  3.412014
566.634000  3.417575
566.635000  3.422192
566.636000  3.425938
566.637000  3.428972
566.638000  3.431535
566.639000  3.433894
566.640000  3.436223
566.641000  3.438495
566.642000  3.440527
566.643000  3.442103
566.644000  3.443082
566.645000  3.443432
566.646000  3.443231
566.647000  3.442661
566.648000  3.441979
566.649000  3.441442
566.650000  3.441170
566.651000  3.441076
566.652000  3.440938
566.653000  3.440532
566.654000  3.439706
566.655000  3.438391
566.656000  3.436607
566.657000  3.434477
566.658000  3.432223
566.659000  3.430132
566.660000  3.428455
566.661000  3.427308
566.662000  3.426658
566.663000  3.426396
566.664000  3.426411
566.665000  3.426620
566.666000  3.426996
566.667000  3.427598
566.668000  3.428589
566.669000  3.430218
566.670000  3.432681
566.671000  3.435972
566.672000  3.439875
566.673000  3.444118
566.674000  3.448524
566.675000  3.453062
566.676000  3.457844
566.677000  3.463108
566.678000  3.469162
566.679000  3.476282
566.680000  3.484576
566.681000  3.493896
566.682000  3.503888
566.683000  3.514113
566.684000  3.524124
566.685000  3.533481
566.686000  3.541758
566.687000  3.548558
566.688000  3.553561
566.689000  3.556540
566.690000  3.557310
566.691000  3.555650
566.692000  3.551323
566.693000  3.544200
566.694000  3.534351
566.695000  3.522072
566.696000  3.507876
566.697000  3.492452
566.698000  3.476602
566.699000  3.461123
566.700000  3.446653
566.701000  3.433578
566.702000  3.422074
566.703000  3.412194
566.704000  3.403925
566.705000  3.397208
566.706000  3.391952
566.707000  3.388058
566.708000  3.385421
566.709000  3.383890
566.710000  3.383180
566.711000  3.382865
566.712000  3.382473
566.713000  3.381612
566.714000  3.380030
566.715000  3.377624
566.716000  3.374432
566.717000  3.370620
566.718000  3.366448
566.719000  3.362185
566.720000  3.358022
566.721000  3.354052
566.722000  3.350325
566.723000  3.346897
566.724000  3.343839
566.725000  3.341235
566.726000  3.339186
566.727000  3.337817
566.728000  3.337247
566.729000  3.337531
566.730000  3.338579
566.731000  3.340147
566.732000  3.341914
566.733000  3.343590
566.734000  3.344978
566.735000  3.346016
566.736000  3.346792
566.737000  3.347526
566.738000  3.348505
566.739000  3.349965
566.740000  3.351971
566.741000  3.354395
566.742000  3.357006
566.743000  3.359580
566.744000  3.361955
566.745000  3.364044
566.746000  3.365820
566.747000  3.367296
566.748000  3.368495
566.749000  3.369394
566.750000  3.369855
566.751000  3.369637
566.752000  3.368491
566.753000  3.366269
566.754000  3.362968
566.755000  3.358742
566.756000  3.353890
566.757000  3.348811
566.758000  3.343930
566.759000  3.339590
566.760000  3.335955
566.761000  3.333007
566.762000  3.330641
566.763000  3.328763
566.764000  3.327337
566.765000  3.326381
566.766000  3.325957
566.767000  3.326150
566.768000  3.327031
566.769000  3.328578
566.770000  3.330609
566.771000  3.332809
566.772000  3.334830
566.773000  3.336374
566.774000  3.337242
566.775000  3.337346
566.776000  3.336717
566.777000  3.335510
566.778000  3.333971
566.779000  3.332357
566.780000  3.330848
566.781000  3.329529
566.782000  3.328440
566.783000  3.327616
566.784000  3.327126
566.785000  3.327072
566.786000  3.327565
566.787000  3.328673
566.788000  3.330369
566.789000  3.332492
566.790000  3.334808
566.791000  3.337095
566.792000  3.339199
566.793000  3.341005
566.794000  3.342408
566.795000  3.343340
566.796000  3.343810
566.797000  3.343899
566.798000  3.343686
566.799000  3.343196
566.800000  3.342405
566.801000  3.341319
566.802000  3.340017
566.803000  3.338648
566.804000  3.337403
566.805000  3.336496
566.806000  3.336173
566.807000  3.336677
566.808000  3.338173
566.809000  3.340679
566.810000  3.344050
566.811000  3.348019
566.812000  3.352252
566.813000  3.356402
566.814000  3.360169
566.815000  3.363355
566.816000  3.365859
566.817000  3.367608
566.818000  3.368471
566.819000  3.368229
566.820000  3.366645
566.821000  3.363554
566.822000  3.358916
566.823000  3.352843
566.824000  3.345583
566.825000  3.337485
566.826000  3.328928
566.827000  3.320220
566.828000  3.311520
566.829000  3.302859
566.830000  3.294217
566.831000  3.285578
566.832000  3.276955
566.833000  3.268406
566.834000  3.260070
566.835000  3.252187
566.836000  3.245033
566.837000  3.238799
566.838000  3.233517
566.839000  3.229101
566.840000  3.225458
566.841000  3.222564
566.842000  3.220514
566.843000  3.219517
566.844000  3.219857
566.845000  3.221819
566.846000  3.225590
566.847000  3.231178
566.848000  3.238400
566.849000  3.246964
566.850000  3.256563
566.851000  3.266931
566.852000  3.277857
566.853000  3.289171
566.854000  3.300718
566.855000  3.312316
566.856000  3.323692
566.857000  3.334439
566.858000  3.344024
566.859000  3.351861
566.860000  3.357410
566.861000  3.360270
566.862000  3.360230
566.863000  3.357271
566.864000  3.351545
566.865000  3.343313
566.866000  3.332871
566.867000  3.320509
566.868000  3.306533
566.869000  3.291334
566.870000  3.275394
566.871000  3.259248
566.872000  3.243490
566.873000  3.228789
566.874000  3.215858
566.875000  3.205353
566.876000  3.197761
566.877000  3.193335
566.878000  3.192115
566.879000  3.193970
566.880000  3.198635
566.881000  3.205737
566.882000  3.214808
566.883000  3.225303
566.884000  3.236623
566.885000  3.248166
566.886000  3.259363
566.887000  3.269693
566.888000  3.278716
566.889000  3.286098
566.890000  3.291623
566.891000  3.295196
566.892000  3.296847
566.893000  3.296734
566.894000  3.295113
566.895000  3.292296
566.896000  3.288578
566.897000  3.284218
566.898000  3.279441
566.899000  3.274460
566.900000  3.269489
566.901000  3.264751
566.902000  3.260488
566.903000  3.256960
566.904000  3.254415
566.905000  3.253024
566.906000  3.252820
566.907000  3.253693
566.908000  3.255463
566.909000  3.257951
566.910000  3.261008
566.911000  3.264524
566.912000  3.268428
566.913000  3.272688
566.914000  3.277285
566.915000  3.282159
566.916000  3.287139
566.917000  3.291946
566.918000  3.296242
566.919000  3.299713
566.920000  3.302115
566.921000  3.303302
566.922000  3.303229
566.923000  3.301930
566.924000  3.299477
566.925000  3.295921
566.926000  3.291257
566.927000  3.285435
566.928000  3.278438
566.929000  3.270346
566.930000  3.261373
566.931000  3.251860
566.932000  3.242255
566.933000  3.233040
566.934000  3.224639
566.935000  3.217308
566.936000  3.211083
566.937000  3.205816
566.938000  3.201291
566.939000  3.197319
566.940000  3.193800
566.941000  3.190732
566.942000  3.188194
566.943000  3.186313
566.944000  3.185189
566.945000  3.184815
566.946000  3.185025
566.947000  3.185524
566.948000  3.185968
566.949000  3.186038
566.950000  3.185481
566.951000  3.184132
566.952000  3.181934
566.953000  3.178949
566.954000  3.175326
566.955000  3.171253
566.956000  3.166899
566.957000  3.162410
566.958000  3.157907
566.959000  3.153501
566.960000  3.149290
566.961000  3.145377
566.962000  3.141877
566.963000  3.138914
566.964000  3.136589
566.965000  3.134948
566.966000  3.133988
566.967000  3.133705
566.968000  3.134141
566.969000  3.135390
566.970000  3.137582
566.971000  3.140856
566.972000  3.145352
566.973000  3.151202
566.974000  3.158486
566.975000  3.167177
566.976000  3.177129
566.977000  3.188113
566.978000  3.199872
566.979000  3.212156
566.980000  3.224729
566.981000  3.237360
566.982000  3.249817
566.983000  3.261849
566.984000  3.273163
566.985000  3.283396
566.986000  3.292119
566.987000  3.298898
566.988000  3.303364
566.989000  3.305272
566.990000  3.304541
566.991000  3.301278
566.992000  3.295763
566.993000  3.288392
566.994000  3.279578
566.995000  3.269664
566.996000  3.258895
566.997000  3.247463
566.998000  3.235555
566.999000  3.223377
567.000000  3.211165
567.001000  3.199183
567.002000  3.187718
567.003000  3.177052
567.004000  3.167403
567.005000  3.158887
567.006000  3.151528
567.007000  3.145324
567.008000  3.140310
567.009000  3.136598
567.010000  3.134391
567.011000  3.133974
567.011000  3.133974
567.012000  3.135676
567.013000  3.139788
567.014000  3.146450
567.015000  3.155576
567.016000  3.166872
567.017000  3.179903
567.018000  3.194155
567.019000  3.209068
567.020000  3.224065
567.021000  3.238573
567.022000  3.252049
567.023000  3.263984
567.024000  3.273902
567.025000  3.281378
567.026000  3.286087
567.027000  3.287870
567.028000  3.286761
567.029000  3.282981
567.030000  3.276899
567.031000  3.269001
567.032000  3.259849
567.033000  3.250040
567.034000  3.240136
567.035000  3.230614
567.036000  3.221871
567.037000  3.214239
567.038000  3.207977
567.039000  3.203244
567.040000  3.200091
567.041000  3.198493
567.042000  3.198393
567.043000  3.199717
567.044000  3.202333
567.045000  3.206037
567.046000  3.210594
567.047000  3.215810
567.048000  3.221564
567.049000  3.227797
567.050000  3.234489
567.051000  3.241625
567.052000  3.249164
567.053000  3.256984
567.054000  3.264821
567.055000  3.272257
567.056000  3.278769
567.057000  3.283805
567.058000  3.286857
567.059000  3.287523
567.060000  3.285553
567.061000  3.280888
567.062000  3.273660
567.063000  3.264148
567.064000  3.252705
567.065000  3.239718
567.066000  3.225609
567.067000  3.210842
567.068000  3.195905
567.069000  3.181295
567.070000  3.167498
567.071000  3.154983
567.072000  3.144159
567.073000  3.135315
567.074000  3.128558
567.075000  3.123807
567.076000  3.120835
567.077000  3.119360
567.078000  3.119116
567.079000  3.119908
567.080000  3.121624
567.081000  3.124232
567.082000  3.127745
567.083000  3.132163
567.084000  3.137400
567.085000  3.143294
567.086000  3.149695
567.087000  3.156559
567.088000  3.163976
567.089000  3.172123
567.090000  3.181185
567.091000  3.191284
567.092000  3.202454
567.093000  3.214638
567.094000  3.227669
567.095000  3.241248
567.096000  3.254951
567.097000  3.268266
567.098000  3.280638
567.099000  3.291523
567.100000  3.300430
567.101000  3.306979
567.102000  3.310945
567.103000  3.312250
567.104000  3.310903
567.105000  3.306964
567.106000  3.300619
567.107000  3.292263
567.108000  3.282513
567.109000  3.272126
567.110000  3.261894
567.111000  3.252560
567.112000  3.244757
567.113000  3.238958
567.114000  3.235425
567.115000  3.234217
567.116000  3.235240
567.117000  3.238306
567.118000  3.243142
567.119000  3.249400
567.120000  3.256669
567.121000  3.264517
567.122000  3.272513
567.123000  3.280217
567.124000  3.287149
567.125000  3.292808
567.126000  3.296770
567.127000  3.298803
567.128000  3.298919
567.129000  3.297351
567.130000  3.294500
567.131000  3.290895
567.132000  3.287154
567.133000  3.283890
567.134000  3.281577
567.135000  3.280485
567.136000  3.280727
567.137000  3.282345
567.138000  3.285378
567.139000  3.289912
567.140000  3.296085
567.141000  3.304038
567.142000  3.313837
567.143000  3.325369
567.144000  3.338299
567.145000  3.352123
567.146000  3.366288
567.147000  3.380309
567.148000  3.393845
567.149000  3.406745
567.150000  3.419051
567.151000  3.430953
567.152000  3.442653
567.153000  3.454206
567.154000  3.465450
567.155000  3.476090
567.156000  3.485819
567.157000  3.494410
567.158000  3.501723
567.159000  3.507710
567.160000  3.512389
567.161000  3.515810
567.162000  3.517977
567.163000  3.518766
567.164000  3.517920
567.165000  3.515176
567.166000  3.510401
567.167000  3.503675
567.168000  3.495284
567.169000  3.485672
567.170000  3.475368
567.171000  3.464917
567.172000  3.454763
567.173000  3.445164
567.174000  3.436249
567.175000  3.428175
567.176000  3.421209
567.177000  3.415707
567.178000  3.412017
567.179000  3.410389
567.180000  3.410908
567.181000  3.413458
567.182000  3.417674
567.183000  3.422946
567.184000  3.428521
567.185000  3.433658
567.186000  3.437741
567.187000  3.440317
567.188000  3.441106
567.189000  3.439996
567.190000  3.437018
567.191000  3.432284
567.192000  3.425885
567.193000  3.417859
567.194000  3.408270
567.195000  3.397306
567.196000  3.385309
567.197000  3.372752
567.198000  3.360195
567.199000  3.348258
567.200000  3.337568
567.201000  3.328673
567.202000  3.321917
567.203000  3.317413
567.204000  3.315137
567.205000  3.315034
567.206000  3.317081
567.207000  3.321297
567.208000  3.327726
567.209000  3.336410
567.210000  3.347335
567.211000  3.360351
567.212000  3.375081
567.213000  3.390940
567.214000  3.407244
567.215000  3.423325
567.216000  3.438613
567.217000  3.452693
567.218000  3.465347
567.219000  3.476560
567.220000  3.486434
567.221000  3.495016
567.222000  3.502126
567.223000  3.507398
567.224000  3.510452
567.225000  3.511057
567.226000  3.509197
567.227000  3.505074
567.228000  3.499086
567.229000  3.491750
567.230000  3.483573
567.231000  3.474887
567.232000  3.465763
567.233000  3.456069
567.234000  3.445584
567.235000  3.434096
567.236000  3.421477
567.237000  3.407730
567.238000  3.393024
567.239000  3.377682
567.240000  3.362070
567.241000  3.346437
567.242000  3.330834
567.243000  3.315206
567.244000  3.299543
567.245000  3.283976
567.246000  3.268803
567.247000  3.254466
567.248000  3.241491
567.249000  3.230387
567.250000  3.221519
567.251000  3.215014
567.252000  3.210775
567.253000  3.208589
567.254000  3.208211
567.255000  3.209404
567.256000  3.211943
567.257000  3.215614
567.258000  3.220198
567.259000  3.225433
567.260000  3.230948
567.261000  3.236243
567.262000  3.240778
567.263000  3.244115
567.264000  3.246013
567.265000  3.246411
567.266000  3.245394
567.267000  3.243184
567.268000  3.240152
567.269000  3.236778
567.270000  3.233553
567.271000  3.230887
567.272000  3.229096
567.273000  3.228438
567.274000  3.229119
567.275000  3.231254
567.276000  3.234838
567.277000  3.239759
567.278000  3.245822
567.279000  3.252738
567.280000  3.260065
567.281000  3.267198
567.282000  3.273470
567.283000  3.278288
567.284000  3.281206
567.285000  3.281936
567.286000  3.280334
567.287000  3.276402
567.288000  3.270283
567.289000  3.262207
567.290000  3.252410
567.291000  3.241102
567.292000  3.228504
567.293000  3.214874
567.294000  3.200497
567.295000  3.185652
567.296000  3.170598
567.297000  3.155582
567.298000  3.140848
567.299000  3.126618
567.300000  3.113068
567.301000  3.100344
567.302000  3.088599
567.303000  3.078012
567.304000  3.068793
567.305000  3.061188
567.306000  3.055482
567.307000  3.052012
567.308000  3.051144
567.309000  3.053190
567.310000  3.058300
567.311000  3.066403
567.312000  3.077245
567.313000  3.090465
567.314000  3.105647
567.315000  3.122348
567.316000  3.140106
567.317000  3.158443
567.318000  3.176852
567.319000  3.194772
567.320000  3.211574
567.321000  3.226587
567.322000  3.239199
567.323000  3.248964
567.324000  3.255669
567.325000  3.259364
567.326000  3.260348
567.327000  3.259121
567.328000  3.256291
567.329000  3.252437
567.330000  3.247969
567.331000  3.243088
567.332000  3.237879
567.333000  3.232470
567.334000  3.227128
567.335000  3.222276
567.336000  3.218460
567.337000  3.216281
567.338000  3.216297
567.339000  3.218905
567.340000  3.224236
567.341000  3.232152
567.342000  3.242358
567.343000  3.254522
567.344000  3.268343
567.345000  3.283564
567.346000  3.299971
567.347000  3.317358
567.348000  3.335475
567.349000  3.353941
567.350000  3.372184
567.351000  3.389465
567.352000  3.405001
567.353000  3.418079
567.354000  3.428131
567.355000  3.434786
567.356000  3.437919
567.357000  3.437676
567.358000  3.434456
567.359000  3.428821
567.360000  3.421367
567.361000  3.412670
567.362000  3.403312
567.363000  3.393893
567.364000  3.385033
567.365000  3.377342
567.366000  3.371395
567.367000  3.367702
567.368000  3.366657
567.369000  3.368458
567.370000  3.373058
567.371000  3.380188
567.372000  3.389408
567.373000  3.400124
567.374000  3.411625
567.375000  3.423148
567.376000  3.433984
567.377000  3.443570
567.378000  3.451511
567.379000  3.457519
567.380000  3.461375
567.381000  3.462952
567.382000  3.462285
567.383000  3.459593
567.384000  3.455259
567.385000  3.449780
567.386000  3.443748
567.387000  3.437818
567.388000  3.432640
567.389000  3.428749
567.390000  3.426485
567.391000  3.425980
567.392000  3.427188
567.393000  3.429927
567.394000  3.433934
567.395000  3.438929
567.396000  3.444666
567.397000  3.450928
567.398000  3.457456
567.399000  3.463866
567.400000  3.469643
567.401000  3.474258
567.402000  3.477311
567.403000  3.478615
567.404000  3.478218
567.405000  3.476372
567.406000  3.473474
567.407000  3.469966
567.408000  3.466218
567.409000  3.462439
567.410000  3.458674
567.411000  3.454868
567.412000  3.450943
567.413000  3.446856
567.414000  3.442629
567.415000  3.438352
567.416000  3.434153
567.417000  3.430119
567.418000  3.426213
567.419000  3.422233
567.420000  3.417877
567.421000  3.412872
567.422000  3.407081
567.423000  3.400548
567.424000  3.393512
567.425000  3.386389
567.426000  3.379703
567.427000  3.373998
567.428000  3.369714
567.429000  3.367138
567.430000  3.366427
567.431000  3.367674
567.432000  3.370938
567.433000  3.376237
567.434000  3.383518
567.435000  3.392614
567.436000  3.403191
567.437000  3.414713
567.438000  3.426445
567.439000  3.437538
567.440000  3.447183
567.441000  3.454734
567.442000  3.459748
567.443000  3.461982
567.444000  3.461382
567.445000  3.458097
567.446000  3.452463
567.447000  3.444934
567.448000  3.435990
567.449000  3.426082
567.450000  3.415641
567.451000  3.405103
567.452000  3.394894
567.453000  3.385416
567.454000  3.377015
567.455000  3.369958
567.456000  3.364402
567.457000  3.360342
567.458000  3.357584
567.459000  3.355772
567.460000  3.354442
567.461000  3.353093
567.462000  3.351252
567.463000  3.348547
567.464000  3.344774
567.465000  3.339933
567.466000  3.334210
567.467000  3.327891
567.468000  3.321257
567.469000  3.314526
567.470000  3.307831
567.471000  3.301246
567.472000  3.294829
567.473000  3.288686
567.474000  3.283013
567.475000  3.278100
567.476000  3.274271
567.477000  3.271807
567.478000  3.270876
567.479000  3.271507
567.480000  3.273610
567.481000  3.277004
567.482000  3.281473
567.483000  3.286828
567.484000  3.292939
567.485000  3.299719
567.486000  3.307032
567.487000  3.314568
567.488000  3.321775
567.489000  3.327901
567.490000  3.332135
567.491000  3.333760
567.492000  3.332289
567.493000  3.327524
567.494000  3.319575
567.495000  3.308816
567.496000  3.295798
567.497000  3.281163
567.498000  3.265562
567.499000  3.249636
567.500000  3.234011
567.501000  3.219297
567.502000  3.206086
567.503000  3.194929
567.504000  3.186296
567.505000  3.180524
567.506000  3.177756
567.507000  3.177906
567.508000  3.180694
567.509000  3.185725
567.510000  3.192577
567.511000  3.200842
567.511000  3.200842
567.512000  3.210139
567.513000  3.220107
567.514000  3.230400
567.515000  3.240664
567.516000  3.250515
567.517000  3.259537
567.518000  3.267313
567.519000  3.273499
567.520000  3.277868
567.521000  3.280321
567.522000  3.280870
567.523000  3.279603
567.524000  3.276645
567.525000  3.272126
567.526000  3.266158
567.527000  3.258851
567.528000  3.250361
567.529000  3.240923
567.530000  3.230846
567.531000  3.220464
567.532000  3.210105
567.533000  3.200077
567.534000  3.190689
567.535000  3.182246
567.536000  3.175015
567.537000  3.169195
567.538000  3.164906
567.539000  3.162200
567.540000  3.161074
567.541000  3.161469
567.542000  3.163281
567.543000  3.166384
567.544000  3.170640
567.545000  3.175893
567.546000  3.181936
567.547000  3.188512
567.548000  3.195330
567.549000  3.202101
567.550000  3.208566
567.551000  3.214526
567.552000  3.219871
567.553000  3.224590
567.554000  3.228758
567.555000  3.232474
567.556000  3.235792
567.557000  3.238675
567.558000  3.241018
567.559000  3.242717
567.560000  3.243746
567.561000  3.244218
567.562000  3.244405
567.563000  3.244724
567.564000  3.245666
567.565000  3.247689
567.566000  3.251137
567.567000  3.256189
567.568000  3.262874
567.569000  3.271090
567.570000  3.280643
567.571000  3.291294
567.572000  3.302804
567.573000  3.314941
567.574000  3.327446
567.575000  3.339951
567.576000  3.351959
567.577000  3.362887
567.578000  3.372164
567.579000  3.379317
567.580000  3.384035
567.581000  3.386203
567.582000  3.385910
567.583000  3.383405
567.584000  3.379043
567.585000  3.373220
567.586000  3.366355
567.587000  3.358907
567.588000  3.351370
567.589000  3.344247
567.590000  3.338009
567.591000  3.333053
567.592000  3.329674
567.593000  3.328019
567.594000  3.328062
567.595000  3.329611
567.596000  3.332359
567.597000  3.335953
567.598000  3.340017
567.599000  3.344160
567.600000  3.347979
567.601000  3.351084
567.602000  3.353130
567.603000  3.353834
567.604000  3.352970
567.605000  3.350371
567.606000  3.345964
567.607000  3.339809
567.608000  3.332123
567.609000  3.323269
567.610000  3.313724
567.611000  3.304036
567.612000  3.294764
567.613000  3.286407
567.614000  3.279356
567.615000  3.273886
567.616000  3.270190
567.617000  3.268373
567.618000  3.268429
567.619000  3.270222
567.620000  3.273508
567.621000  3.277972
567.622000  3.283257
567.623000  3.288966
567.624000  3.294672
567.625000  3.299945
567.626000  3.304397
567.627000  3.307697
567.628000  3.309550
567.629000  3.309688
567.630000  3.307878
567.631000  3.303950
567.632000  3.297800
567.633000  3.289386
567.634000  3.278741
567.635000  3.266019
567.636000  3.251532
567.637000  3.235744
567.638000  3.219249
567.639000  3.202721
567.640000  3.186862
567.641000  3.172334
567.642000  3.159690
567.643000  3.149329
567.644000  3.141493
567.645000  3.136317
567.646000  3.133885
567.647000  3.134280
567.648000  3.137598
567.649000  3.143927
567.650000  3.153279
567.651000  3.165495
567.652000  3.180172
567.653000  3.196648
567.654000  3.214077
567.655000  3.231542
567.656000  3.248175
567.657000  3.263248
567.658000  3.276239
567.659000  3.286857
567.660000  3.295033
567.661000  3.300850
567.662000  3.304455
567.663000  3.305984
567.664000  3.305560
567.665000  3.303345
567.666000  3.299600
567.667000  3.294735
567.668000  3.289305
567.669000  3.283969
567.670000  3.279409
567.671000  3.276250
567.672000  3.274974
567.673000  3.275878
567.674000  3.279064
567.675000  3.284474
567.676000  3.291954
567.677000  3.301305
567.678000  3.312339
567.679000  3.324881
567.680000  3.338743
567.681000  3.353655
567.682000  3.369208
567.683000  3.384879
567.684000  3.400116
567.685000  3.414441
567.686000  3.427503
567.687000  3.439087
567.688000  3.449099
567.689000  3.457552
567.690000  3.464530
567.691000  3.470145
567.692000  3.474504
567.693000  3.477700
567.694000  3.479843
567.695000  3.481067
567.696000  3.481538
567.697000  3.481434
567.698000  3.480935
567.699000  3.480202
567.700000  3.479345
567.701000  3.478393
567.702000  3.477305
567.703000  3.476038
567.704000  3.474620
567.705000  3.473177
567.706000  3.471911
567.707000  3.471048
567.708000  3.470778
567.709000  3.471201
567.710000  3.472290
567.711000  3.473893
567.712000  3.475773
567.713000  3.477669
567.714000  3.479343
567.715000  3.480600
567.716000  3.481277
567.717000  3.481230
567.718000  3.480320
567.719000  3.478401
567.720000  3.475307
567.721000  3.470862
567.722000  3.464912
567.723000  3.457386
567.724000  3.448338
567.725000  3.437969
567.726000  3.426637
567.727000  3.414858
567.728000  3.403280
567.729000  3.392618
567.730000  3.383528
567.731000  3.376480
567.732000  3.371710
567.733000  3.369278
567.734000  3.369144
567.735000  3.371217
567.736000  3.375377
567.737000  3.381455
567.738000  3.389200
567.739000  3.398214
567.740000  3.407897
567.741000  3.417420
567.742000  3.425797
567.743000  3.432039
567.744000  3.435312
567.745000  3.435056
567.746000  3.431044
567.747000  3.423383
567.748000  3.412471
567.749000  3.398879
567.750000  3.383193
567.751000  3.365891
567.752000  3.347347
567.753000  3.327918
567.754000  3.308033
567.755000  3.288233
567.756000  3.269164
567.757000  3.251545
567.758000  3.236093
567.759000  3.223421
567.760000  3.213930
567.761000  3.207762
567.762000  3.204820
567.763000  3.204841
567.764000  3.207457
567.765000  3.212246
567.766000  3.218774
567.767000  3.226651
567.768000  3.235535
567.769000  3.245085
567.770000  3.254885
567.771000  3.264399
567.772000  3.273033
567.773000  3.280233
567.774000  3.285582
567.775000  3.288843
567.776000  3.289968
567.777000  3.289071
567.778000  3.286391
567.779000  3.282251
567.780000  3.277008
567.781000  3.271030
567.782000  3.264681
567.783000  3.258324
567.784000  3.252321
567.785000  3.247012
567.786000  3.242696
567.787000  3.239604
567.788000  3.237881
567.789000  3.237581
567.790000  3.238680
567.791000  3.241078
567.792000  3.244609
567.793000  3.249060
567.794000  3.254184
567.795000  3.259730
567.796000  3.265472
567.797000  3.271242
567.798000  3.276925
567.799000  3.282418
567.800000  3.287581
567.801000  3.292235
567.802000  3.296209
567.803000  3.299394
567.804000  3.301779
567.805000  3.303480
567.806000  3.304742
567.807000  3.305934
567.808000  3.307489
567.809000  3.309806
567.810000  3.313146
567.811000  3.317571
567.812000  3.322978
567.813000  3.329154
567.814000  3.335840
567.815000  3.342779
567.816000  3.349756
567.817000  3.356615
567.818000  3.363240
567.819000  3.369495
567.820000  3.375145
567.821000  3.379851
567.822000  3.383227
567.823000  3.384935
567.824000  3.384776
567.825000  3.382751
567.826000  3.379064
567.827000  3.374076
567.828000  3.368222
567.829000  3.361937
567.830000  3.355601
567.831000  3.349515
567.832000  3.343894
567.833000  3.338867
567.834000  3.334504
567.835000  3.330854
567.836000  3.327981
567.837000  3.325970
567.838000  3.324897
567.839000  3.324795
567.840000  3.325630
567.841000  3.327334
567.842000  3.329871
567.843000  3.333295
567.844000  3.337758
567.845000  3.343473
567.846000  3.350649
567.847000  3.359433
567.848000  3.369861
567.849000  3.381828
567.850000  3.395098
567.851000  3.409339
567.852000  3.424177
567.853000  3.439233
567.854000  3.454140
567.855000  3.468526
567.856000  3.481991
567.857000  3.494083
567.858000  3.504312
567.859000  3.512193
567.860000  3.517319
567.861000  3.519423
567.862000  3.518429
567.863000  3.514458
567.864000  3.507806
567.865000  3.498902
567.866000  3.488247
567.867000  3.476361
567.868000  3.463730
567.869000  3.450774
567.870000  3.437854
567.871000  3.425292
567.872000  3.413393
567.873000  3.402464
567.874000  3.392818
567.875000  3.384761
567.876000  3.378569
567.877000  3.374452
567.878000  3.372507
567.879000  3.372687
567.880000  3.374782
567.881000  3.378431
567.882000  3.383150
567.883000  3.388381
567.884000  3.393538
567.885000  3.398073
567.886000  3.401532
567.887000  3.403590
567.888000  3.404057
567.889000  3.402837
567.890000  3.399905
567.891000  3.395292
567.892000  3.389114
567.893000  3.381600
567.894000  3.373115
567.895000  3.364163
567.896000  3.355353
567.897000  3.347335
567.898000  3.340698
567.899000  3.335885
567.900000  3.333125
567.901000  3.332408
567.902000  3.333501
567.903000  3.335988
567.904000  3.339333
567.905000  3.342964
567.906000  3.346339
567.907000  3.348995
567.908000  3.350541
567.909000  3.350650
567.910000  3.349063
567.911000  3.345636
567.912000  3.340381
567.913000  3.333487
567.914000  3.325303
567.915000  3.316290
567.916000  3.306951
567.917000  3.297754
567.918000  3.289075
567.919000  3.281164
567.920000  3.274135
567.921000  3.267987
567.922000  3.262628
567.923000  3.257920
567.924000  3.253731
567.925000  3.249970
567.926000  3.246615
567.927000  3.243705
567.928000  3.241321
567.929000  3.239577
567.930000  3.238616
567.931000  3.238604
567.932000  3.239717
567.933000  3.242113
567.934000  3.245897
567.935000  3.251077
567.936000  3.257542
567.937000  3.265042
567.938000  3.273196
567.939000  3.281531
567.940000  3.289541
567.941000  3.296743
567.942000  3.302737
567.943000  3.307233
567.944000  3.310044
567.945000  3.311073
567.946000  3.310281
567.947000  3.307674
567.948000  3.303300
567.949000  3.297260
567.950000  3.289730
567.951000  3.280964
567.952000  3.271297
567.953000  3.261119
567.954000  3.250853
567.955000  3.240928
567.956000  3.231757
567.957000  3.223710
567.958000  3.217106
567.959000  3.212215
567.960000  3.209279
567.961000  3.208539
567.962000  3.210234
567.963000  3.214589
567.964000  3.221778
567.965000  3.231891
567.966000  3.244918
567.967000  3.260727
567.968000  3.279055
567.969000  3.299502
567.970000  3.321535
567.971000  3.344519
567.972000  3.367745
567.973000  3.390473
567.974000  3.411979
567.975000  3.431595
567.976000  3.448739
567.977000  3.462935
567.978000  3.473840
567.979000  3.481273
567.980000  3.485237
567.981000  3.485937
567.982000  3.483776
567.983000  3.479333
567.984000  3.473310
567.985000  3.466469
567.986000  3.459551
567.987000  3.453198
567.988000  3.447888
567.989000  3.443890
567.990000  3.441249
567.991000  3.439808
567.992000  3.439265
567.993000  3.439245
567.994000  3.439365
567.995000  3.439281
567.996000  3.438707
567.997000  3.437419
567.998000  3.435244
567.999000  3.432077
568.000000  3.427909
568.001000  3.422850
568.002000  3.417133
568.003000  3.411093
568.004000  3.405134
568.005000  3.399687
568.006000  3.395168
568.007000  3.391934
568.008000  3.390261
568.009000  3.390330
568.010000  3.392230
568.011000  3.395975
568.011000  3.395975
568.012000  3.401512
568.013000  3.408730
568.014000  3.417464
568.015000  3.427491
568.016000  3.438533
568.017000  3.450263
568.018000  3.462310
568.019000  3.474266
568.020000  3.485682
568.021000  3.496069
568.022000  3.504914
568.023000  3.511705
568.024000  3.515987
568.025000  3.517417
568.026000  3.515812
568.027000  3.511176
568.028000  3.503695
568.029000  3.493702
568.030000  3.481635
568.031000  3.467967
568.032000  3.453171
568.033000  3.437686
568.034000  3.421926
568.035000  3.406280
568.036000  3.391119
568.037000  3.376779
568.038000  3.363541
568.039000  3.351623
568.040000  3.341175
568.041000  3.332296
568.042000  3.325046
568.043000  3.319461
568.044000  3.315560
568.045000  3.313340
568.046000  3.312772
568.047000  3.313799
568.048000  3.316336
568.049000  3.320269
568.050000  3.325453
568.051000  3.331711
568.052000  3.338833
568.053000  3.346590
568.054000  3.354737
568.055000  3.363017
568.056000  3.371158
568.057000  3.378865
568.058000  3.385817
568.059000  3.391671
568.060000  3.396087
568.061000  3.398769
568.062000  3.399515
568.063000  3.398249
568.064000  3.395047
568.065000  3.390109
568.066000  3.383732
568.067000  3.376261
568.068000  3.368056
568.069000  3.359469
568.070000  3.350846
568.071000  3.342526
568.072000  3.334846
568.073000  3.328117
568.074000  3.322604
568.075000  3.318481
568.076000  3.315818
568.077000  3.314564
568.078000  3.314568
568.079000  3.315612
568.080000  3.317451
568.081000  3.319865
568.082000  3.322685
568.083000  3.325815
568.084000  3.329221
568.085000  3.332903
568.086000  3.336864
568.087000  3.341082
568.088000  3.345514
568.089000  3.350118
568.090000  3.354864
568.091000  3.359739
568.092000  3.364735
568.093000  3.369836
568.094000  3.375016
568.095000  3.380232
568.096000  3.385431
568.097000  3.390546
568.098000  3.395498
568.099000  3.400206
568.100000  3.404613
568.101000  3.408704
568.102000  3.412511
568.103000  3.416106
568.104000  3.419572
568.105000  3.422986
568.106000  3.426391
568.107000  3.429788
568.108000  3.433135
568.109000  3.436356
568.110000  3.439363
568.111000  3.442065
568.112000  3.444378
568.113000  3.446229
568.114000  3.447543
568.115000  3.448246
568.116000  3.448259
568.117000  3.447502
568.118000  3.445910
568.119000  3.443439
568.120000  3.440067
568.121000  3.435804
568.122000  3.430706
568.123000  3.424898
568.124000  3.418599
568.125000  3.412113
568.126000  3.405809
568.127000  3.400089
568.128000  3.395355
568.129000  3.391975
568.130000  3.390260
568.131000  3.390444
568.132000  3.392686
568.133000  3.397084
568.134000  3.403679
568.135000  3.412445
568.136000  3.423262
568.137000  3.435873
568.138000  3.449861
568.139000  3.464652
568.140000  3.479550
568.141000  3.493809
568.142000  3.506696
568.143000  3.517548
568.144000  3.525820
568.145000  3.531110
568.146000  3.533174
568.147000  3.531937
568.148000  3.527497
568.149000  3.520137
568.150000  3.510311
568.151000  3.498613
568.152000  3.485726
568.153000  3.472361
568.154000  3.459195
568.155000  3.446816
568.156000  3.435683
568.157000  3.426110
568.158000  3.418281
568.159000  3.412262
568.160000  3.408025
568.161000  3.405457
568.162000  3.404368
568.163000  3.404504
568.164000  3.405559
568.165000  3.407182
568.166000  3.408993
568.167000  3.410606
568.168000  3.411679
568.169000  3.411975
568.170000  3.411409
568.171000  3.410058
568.172000  3.408132
568.173000  3.405906
568.174000  3.403649
568.175000  3.401566
568.176000  3.399782
568.177000  3.398353
568.178000  3.397300
568.179000  3.396631
568.180000  3.396347
568.181000  3.396429
568.182000  3.396825
568.183000  3.397423
568.184000  3.398041
568.185000  3.398411
568.186000  3.398202
568.187000  3.397053
568.188000  3.394631
568.189000  3.390690
568.190000  3.385104
568.191000  3.377901
568.192000  3.369262
568.193000  3.359497
568.194000  3.348989
568.195000  3.338130
568.196000  3.327305
568.197000  3.316893
568.198000  3.307280
568.199000  3.298827
568.200000  3.291842
568.201000  3.286547
568.202000  3.283061
568.203000  3.281402
568.204000  3.281494
568.205000  3.283180
568.206000  3.286244
568.207000  3.290434
568.208000  3.295468
568.209000  3.301033
568.210000  3.306824
568.211000  3.312597
568.212000  3.318215
568.213000  3.323663
568.214000  3.329002
568.215000  3.334326
568.216000  3.339734
568.217000  3.345333
568.218000  3.351259
568.219000  3.357683
568.220000  3.364810
568.221000  3.372877
568.222000  3.382122
568.223000  3.392734
568.224000  3.404762
568.225000  3.418029
568.226000  3.432082
568.227000  3.446225
568.228000  3.459603
568.229000  3.471334
568.230000  3.480629
568.231000  3.486895
568.232000  3.489789
568.233000  3.489231
568.234000  3.485362
568.235000  3.478491
568.236000  3.469049
568.237000  3.457576
568.238000  3.444706
568.239000  3.431151
568.240000  3.417641
568.241000  3.404860
568.242000  3.393369
568.243000  3.383540
568.244000  3.375517
568.245000  3.369223
568.246000  3.364423
568.247000  3.360809
568.248000  3.358086
568.249000  3.356018
568.250000  3.354452
568.251000  3.353313
568.252000  3.352606
568.253000  3.352390
568.254000  3.352765
568.255000  3.353839
568.256000  3.355738
568.257000  3.358617
568.258000  3.362661
568.259000  3.368065
568.260000  3.375004
568.261000  3.383604
568.262000  3.393920
568.263000  3.405928
568.264000  3.419512
568.265000  3.434471
568.266000  3.450536
568.267000  3.467390
568.268000  3.484682
568.269000  3.502027
568.270000  3.519031
568.271000  3.535309
568.272000  3.550513
568.273000  3.564332
568.274000  3.576481
568.275000  3.586689
568.276000  3.594718
568.277000  3.600383
568.278000  3.603576
568.279000  3.604274
568.280000  3.602563
568.281000  3.598647
568.282000  3.592836
568.283000  3.585480
568.284000  3.576904
568.285000  3.567387
568.286000  3.557215
568.287000  3.546748
568.288000  3.536435
568.289000  3.526803
568.290000  3.518403
568.291000  3.511753
568.292000  3.507274
568.293000  3.505215
568.294000  3.505614
568.295000  3.508278
568.296000  3.512805
568.297000  3.518632
568.298000  3.525128
568.299000  3.531675
568.300000  3.537738
568.301000  3.542897
568.302000  3.546870
568.303000  3.549522
568.304000  3.550881
568.305000  3.551123
568.306000  3.550503
568.307000  3.549259
568.308000  3.547633
568.309000  3.545940
568.310000  3.544579
568.311000  3.543959
568.312000  3.544381
568.313000  3.545959
568.314000  3.548590
568.315000  3.552005
568.316000  3.555840
568.317000  3.559705
568.318000  3.563200
568.319000  3.565926
568.320000  3.567510
568.321000  3.567681
568.322000  3.566306
568.323000  3.563401
568.324000  3.559100
568.325000  3.553642
568.326000  3.547360
568.327000  3.540671
568.328000  3.534049
568.329000  3.527976
568.330000  3.522879
568.331000  3.519058
568.332000  3.516641
568.333000  3.515600
568.334000  3.515804
568.335000  3.517053
568.336000  3.519096
568.337000  3.521629
568.338000  3.524304
568.339000  3.526748
568.340000  3.528604
568.341000  3.529579
568.342000  3.529477
568.343000  3.528232
568.344000  3.525915
568.345000  3.522687
568.346000  3.518703
568.347000  3.514066
568.348000  3.508865
568.349000  3.503219
568.350000  3.497284
568.351000  3.491240
568.352000  3.485277
568.353000  3.479582
568.354000  3.474321
568.355000  3.469635
568.356000  3.465622
568.357000  3.462329
568.358000  3.459747
568.359000  3.457828
568.360000  3.456510
568.361000  3.455733
568.362000  3.455432
568.363000  3.455507
568.364000  3.455794
568.365000  3.456047
568.366000  3.455931
568.367000  3.455033
568.368000  3.452915
568.369000  3.449183
568.370000  3.443572
568.371000  3.435995
568.372000  3.426565
568.373000  3.415595
568.374000  3.403588
568.375000  3.391191
568.376000  3.379123
568.377000  3.368113
568.378000  3.358861
568.379000  3.352021
568.380000  3.348162
568.381000  3.347702
568.382000  3.350822
568.383000  3.357427
568.384000  3.367165
568.385000  3.379486
568.386000  3.393723
568.387000  3.409140
568.388000  3.424958
568.389000  3.440370
568.390000  3.454597
568.391000  3.466938
568.392000  3.476819
568.393000  3.483829
568.394000  3.487755
568.395000  3.488592
568.396000  3.486547
568.397000  3.482004
568.398000  3.475470
568.399000  3.467485
568.400000  3.458534
568.401000  3.448985
568.402000  3.439093
568.403000  3.429027
568.404000  3.418907
568.405000  3.408848
568.406000  3.398983
568.407000  3.389468
568.408000  3.380442
568.409000  3.371979
568.410000  3.364071
568.411000  3.356655
568.412000  3.349666
568.413000  3.343100
568.414000  3.337040
568.415000  3.331617
568.416000  3.326946
568.417000  3.323083
568.418000  3.320030
568.419000  3.317721
568.420000  3.315991
568.421000  3.314570
568.422000  3.313136
568.423000  3.311388
568.424000  3.309121
568.425000  3.306287
568.426000  3.303015
568.427000  3.299607
568.428000  3.296471
568.429000  3.294015
568.430000  3.292579
568.431000  3.292447
568.432000  3.293883
568.433000  3.297155
568.434000  3.302511
568.435000  3.310133
568.436000  3.320082
568.437000  3.332257
568.438000  3.346377
568.439000  3.361987
568.440000  3.378470
568.441000  3.395060
568.442000  3.410884
568.443000  3.425078
568.444000  3.436925
568.445000  3.445953
568.446000  3.451963
568.447000  3.455008
568.448000  3.455354
568.449000  3.453425
568.450000  3.449758
568.451000  3.444960
568.452000  3.439668
568.453000  3.434466
568.454000  3.429762
568.455000  3.425746
568.456000  3.422439
568.457000  3.419760
568.458000  3.417554
568.459000  3.415607
568.460000  3.413651
568.461000  3.411394
568.462000  3.408583
568.463000  3.405041
568.464000  3.400637
568.465000  3.395220
568.466000  3.388638
568.467000  3.380869
568.468000  3.372098
568.469000  3.362668
568.470000  3.352952
568.471000  3.343247
568.472000  3.333763
568.473000  3.324687
568.474000  3.316243
568.475000  3.308696
568.476000  3.302279
568.477000  3.297132
568.478000  3.293304
568.479000  3.290790
568.480000  3.289539
568.481000  3.289454
568.482000  3.290415
568.483000  3.292310
568.484000  3.295070
568.485000  3.298674
568.486000  3.303107
568.487000  3.308289
568.488000  3.314043
568.489000  3.320112
568.490000  3.326179
568.491000  3.331877
568.492000  3.336831
568.493000  3.340726
568.494000  3.343370
568.495000  3.344731
568.496000  3.344930
568.497000  3.344218
568.498000  3.342904
568.499000  3.341295
568.500000  3.339643
568.501000  3.338162
568.502000  3.337078
568.503000  3.336654
568.504000  3.337170
568.505000  3.338853
568.506000  3.341809
568.507000  3.345998
568.508000  3.351252
568.509000  3.357312
568.510000  3.363825
568.511000  3.370319
568.511000  3.370319
568.512000  3.376243
568.513000  3.381095
568.514000  3.384513
568.515000  3.386311
568.516000  3.386468
568.517000  3.385085
568.518000  3.382353
568.519000  3.378507
568.520000  3.373798
568.521000  3.368500
568.522000  3.362896
568.523000  3.357221
568.524000  3.351600
568.525000  3.346073
568.526000  3.340653
568.527000  3.335341
568.528000  3.330138
568.529000  3.325044
568.530000  3.320082
568.531000  3.315330
568.532000  3.310933
568.533000  3.307071
568.534000  3.303873
568.535000  3.301411
568.536000  3.299779
568.537000  3.299152
568.538000  3.299752
568.539000  3.301753
568.540000  3.305181
568.541000  3.309880
568.542000  3.315564
568.543000  3.321910
568.544000  3.328573
568.545000  3.335125
568.546000  3.341010
568.547000  3.345634
568.548000  3.348502
568.549000  3.349273
568.550000  3.347770
568.551000  3.343978
568.552000  3.338049
568.553000  3.330310
568.554000  3.321228
568.555000  3.311338
568.556000  3.301163
568.557000  3.291174
568.558000  3.281761
568.559000  3.273188
568.560000  3.265531
568.561000  3.258684
568.562000  3.252419
568.563000  3.246492
568.564000  3.240735
568.565000  3.235110
568.566000  3.229707
568.567000  3.224689
568.568000  3.220233
568.569000  3.216475
568.570000  3.213510
568.571000  3.211426
568.572000  3.210323
568.573000  3.210306
568.574000  3.211446
568.575000  3.213729
568.576000  3.217017
568.577000  3.221033
568.578000  3.225341
568.579000  3.229350
568.580000  3.232320
568.581000  3.233422
568.582000  3.231823
568.583000  3.226808
568.584000  3.217904
568.585000  3.204978
568.586000  3.188275
568.587000  3.168406
568.588000  3.146261
568.589000  3.122869
568.590000  3.099283
568.591000  3.076512
568.592000  3.055475
568.593000  3.036972
568.594000  3.021656
568.595000  3.010045
568.596000  3.002529
568.597000  2.999346
568.598000  3.000531
568.599000  3.005885
568.600000  3.014976
568.601000  3.027197
568.602000  3.041820
568.603000  3.058048
568.604000  3.075056
568.605000  3.092047
568.606000  3.108316
568.607000  3.123306
568.608000  3.136630
568.609000  3.148049
568.610000  3.157425
568.611000  3.164679
568.612000  3.169768
568.613000  3.172673
568.614000  3.173402
568.615000  3.172019
568.616000  3.168670
568.617000  3.163604
568.618000  3.157156
568.619000  3.149716
568.620000  3.141688
568.621000  3.133474
568.622000  3.125469
568.623000  3.118054
568.624000  3.111603
568.625000  3.106483
568.626000  3.103059
568.627000  3.101672
568.628000  3.102586
568.629000  3.105915
568.630000  3.111572
568.631000  3.119273
568.632000  3.128580
568.633000  3.138966
568.634000  3.149884
568.635000  3.160815
568.636000  3.171308
568.637000  3.180998
568.638000  3.189590
568.639000  3.196829
568.640000  3.202495
568.641000  3.206407
568.642000  3.208467
568.643000  3.208679
568.644000  3.207185
568.645000  3.204274
568.646000  3.200376
568.647000  3.196020
568.648000  3.191755
568.649000  3.188057
568.650000  3.185274
568.651000  3.183607
568.652000  3.183129
568.653000  3.183810
568.654000  3.185540
568.655000  3.188160
568.656000  3.191474
568.657000  3.195269
568.658000  3.199300
568.659000  3.203274
568.660000  3.206839
568.661000  3.209620
568.662000  3.211275
568.663000  3.211561
568.664000  3.210376
568.665000  3.207773
568.666000  3.203942
568.667000  3.199173
568.668000  3.193803
568.669000  3.188183
568.670000  3.182661
568.671000  3.177585
568.672000  3.173287
568.673000  3.170054
568.674000  3.168081
568.675000  3.167459
568.676000  3.168177
568.677000  3.170133
568.678000  3.173139
568.679000  3.176910
568.680000  3.181095
568.681000  3.185319
568.682000  3.189242
568.683000  3.192588
568.684000  3.195150
568.685000  3.196792
568.686000  3.197445
568.687000  3.197110
568.688000  3.195845
568.689000  3.193773
568.690000  3.191119
568.691000  3.188222
568.692000  3.185504
568.693000  3.183407
568.694000  3.182324
568.695000  3.182548
568.696000  3.184235
568.697000  3.187387
568.698000  3.191852
568.699000  3.197339
568.700000  3.203482
568.701000  3.209916
568.702000  3.216330
568.703000  3.222487
568.704000  3.228222
568.705000  3.233429
568.706000  3.238029
568.707000  3.241924
568.708000  3.244954
568.709000  3.246919
568.710000  3.247661
568.711000  3.247152
568.712000  3.245501
568.713000  3.242931
568.714000  3.239736
568.715000  3.236242
568.716000  3.232770
568.717000  3.229578
568.718000  3.226822
568.719000  3.224548
568.720000  3.222743
568.721000  3.221400
568.722000  3.220548
568.723000  3.220258
568.724000  3.220631
568.725000  3.221788
568.726000  3.223860
568.727000  3.226964
568.728000  3.231166
568.729000  3.236451
568.730000  3.242727
568.731000  3.249864
568.732000  3.257743
568.733000  3.266291
568.734000  3.275505
568.735000  3.285448
568.736000  3.296209
568.737000  3.307818
568.738000  3.320173
568.739000  3.333024
568.740000  3.346040
568.741000  3.358878
568.742000  3.371222
568.743000  3.382797
568.744000  3.393378
568.745000  3.402801
568.746000  3.410947
568.747000  3.417704
568.748000  3.422949
568.749000  3.426571
568.750000  3.428555
568.751000  3.429033
568.752000  3.428274
568.753000  3.426626
568.754000  3.424478
568.755000  3.422273
568.756000  3.420483
568.757000  3.419522
568.758000  3.419664
568.759000  3.421056
568.760000  3.423772
568.761000  3.427846
568.762000  3.433280
568.763000  3.440043
568.764000  3.448059
568.765000  3.457147
568.766000  3.466946
568.767000  3.476921
568.768000  3.486459
568.769000  3.495018
568.770000  3.502216
568.771000  3.507863
568.772000  3.511934
568.773000  3.514517
568.774000  3.515713
568.775000  3.515532
568.776000  3.513844
568.777000  3.510434
568.778000  3.505113
568.779000  3.497847
568.780000  3.488823
568.781000  3.478431
568.782000  3.467182
568.783000  3.455578
568.784000  3.443999
568.785000  3.432646
568.786000  3.421586
568.787000  3.410853
568.788000  3.400513
568.789000  3.390672
568.790000  3.381492
568.791000  3.373242
568.792000  3.366298
568.793000  3.361042
568.794000  3.357716
568.795000  3.356324
568.796000  3.356619
568.797000  3.358177
568.798000  3.360473
568.799000  3.362972
568.800000  3.365203
568.801000  3.366821
568.802000  3.367612
568.803000  3.367428
568.804000  3.366080
568.805000  3.363309
568.806000  3.358856
568.807000  3.352577
568.808000  3.344504
568.809000  3.334860
568.810000  3.324050
568.811000  3.312630
568.812000  3.301259
568.813000  3.290632
568.814000  3.281374
568.815000  3.273931
568.816000  3.268506
568.817000  3.265082
568.818000  3.263481
568.819000  3.263395
568.820000  3.264418
568.821000  3.266098
568.822000  3.268011
568.823000  3.269827
568.824000  3.271360
568.825000  3.272566
568.826000  3.273438
568.827000  3.273884
568.828000  3.273765
568.829000  3.273023
568.830000  3.271714
568.831000  3.269952
568.832000  3.267843
568.833000  3.265421
568.834000  3.262627
568.835000  3.259340
568.836000  3.255410
568.837000  3.250655
568.838000  3.244840
568.839000  3.237750
568.840000  3.229299
568.841000  3.219568
568.842000  3.208765
568.843000  3.197165
568.844000  3.185107
568.845000  3.173053
568.846000  3.161625
568.847000  3.151531
568.848000  3.143399
568.849000  3.137653
568.850000  3.134535
568.851000  3.134152
568.852000  3.136453
568.853000  3.141194
568.854000  3.147946
568.855000  3.156155
568.856000  3.165241
568.857000  3.174683
568.858000  3.184056
568.859000  3.193023
568.860000  3.201314
568.861000  3.208728
568.862000  3.215131
568.863000  3.220419
568.864000  3.224505
568.865000  3.227325
568.866000  3.228865
568.867000  3.229185
568.868000  3.228448
568.869000  3.226917
568.870000  3.224922
568.871000  3.222764
568.872000  3.220628
568.873000  3.218564
568.874000  3.216539
568.875000  3.214512
568.876000  3.212493
568.877000  3.210581
568.878000  3.208991
568.879000  3.208065
568.880000  3.208269
568.881000  3.210130
568.882000  3.214112
568.883000  3.220448
568.884000  3.229062
568.885000  3.239643
568.886000  3.251773
568.887000  3.265005
568.888000  3.278896
568.889000  3.293049
568.890000  3.307148
568.891000  3.320997
568.892000  3.334516
568.893000  3.347718
568.894000  3.360655
568.895000  3.373321
568.896000  3.385638
568.897000  3.397577
568.898000  3.409242
568.899000  3.420829
568.900000  3.432531
568.901000  3.444426
568.902000  3.456404
568.903000  3.468128
568.904000  3.479067
568.905000  3.488562
568.906000  3.495918
568.907000  3.500482
568.908000  3.501690
568.909000  3.499159
568.910000  3.492817
568.911000  3.482960
568.912000  3.470206
568.913000  3.455362
568.914000  3.439299
568.915000  3.422881
568.916000  3.406939
568.917000  3.392270
568.918000  3.379598
568.919000  3.369509
568.920000  3.362360
568.921000  3.358220
568.922000  3.356894
568.923000  3.357971
568.924000  3.360888
568.925000  3.364992
568.926000  3.369621
568.927000  3.374209
568.928000  3.378378
568.929000  3.381999
568.930000  3.385173
568.931000  3.388118
568.932000  3.391055
568.933000  3.394165
568.934000  3.397587
568.935000  3.401391
568.936000  3.405539
568.937000  3.409875
568.938000  3.414142
568.939000  3.418034
568.940000  3.421261
568.941000  3.423606
568.942000  3.424909
568.943000  3.425000
568.944000  3.423660
568.945000  3.420687
568.946000  3.416015
568.947000  3.409768
568.948000  3.402266
568.949000  3.393991
568.950000  3.385557
568.951000  3.377661
568.952000  3.371004
568.953000  3.366145
568.954000  3.363312
568.955000  3.362348
568.956000  3.362846
568.957000  3.364313
568.958000  3.366269
568.959000  3.368293
568.960000  3.370047
568.961000  3.371279
568.962000  3.371815
568.963000  3.371552
568.964000  3.370464
568.965000  3.368563
568.966000  3.365868
568.967000  3.362457
568.968000  3.358537
568.969000  3.354419
568.970000  3.350434
568.971000  3.346854
568.972000  3.343855
568.973000  3.341537
568.974000  3.339989
568.975000  3.339321
568.976000  3.339582
568.977000  3.340671
568.978000  3.342418
568.979000  3.344747
568.980000  3.347735
568.981000  3.351578
568.982000  3.356523
568.983000  3.362822
568.984000  3.370725
568.985000  3.380476
568.986000  3.392241
568.987000  3.405984
568.988000  3.421396
568.989000  3.437971
568.990000  3.455095
568.991000  3.472092
568.992000  3.488236
568.993000  3.502805
568.994000  3.515154
568.995000  3.524813
568.996000  3.531546
568.997000  3.535351
568.998000  3.536383
568.999000  3.534857
569.000000  3.531018
569.001000  3.525178
569.002000  3.517726
569.003000  3.509106
569.004000  3.499771
569.005000  3.490155
569.006000  3.480651
569.007000  3.471616
569.008000  3.463378
569.009000  3.456214
569.010000  3.450283
569.011000  3.445552
569.011000  3.445552
569.012000  3.441829
569.013000  3.438869
569.014000  3.436461
569.015000  3.434483
569.016000  3.432928
569.017000  3.431904
569.018000  3.431639
569.019000  3.432466
569.020000  3.434773
569.021000  3.438880
569.022000  3.444860
569.023000  3.452441
569.024000  3.461077
569.025000  3.470078
569.026000  3.478686
569.027000  3.486147
569.028000  3.491781
569.029000  3.495047
569.030000  3.495607
569.031000  3.493330
569.032000  3.488247
569.033000  3.480443
569.034000  3.469984
569.035000  3.456960
569.036000  3.441625
569.037000  3.424470
569.038000  3.406194
569.039000  3.387614
569.040000  3.369550
569.041000  3.352706
569.042000  3.337599
569.043000  3.324538
569.044000  3.313655
569.045000  3.304924
569.046000  3.298143
569.047000  3.292961
569.048000  3.288986
569.049000  3.285929
569.050000  3.283643
569.051000  3.282082
569.052000  3.281219
569.053000  3.281004
569.054000  3.281369
569.055000  3.282276
569.056000  3.283760
569.057000  3.285954
569.058000  3.289076
569.059000  3.293381
569.060000  3.299095
569.061000  3.306340
569.062000  3.315107
569.063000  3.325276
569.064000  3.336662
569.065000  3.349060
569.066000  3.362269
569.067000  3.376093
569.068000  3.390313
569.069000  3.404667
569.070000  3.418831
569.071000  3.432428
569.072000  3.445041
569.073000  3.456219
569.074000  3.465507
569.075000  3.472513
569.076000  3.476991
569.077000  3.478869
569.078000  3.478235
569.079000  3.475278
569.080000  3.470217
569.081000  3.463250
569.082000  3.454545
569.083000  3.444264
569.084000  3.432607
569.085000  3.419853
569.086000  3.406403
569.087000  3.392793
569.088000  3.379634
569.089000  3.367447
569.090000  3.356582
569.091000  3.347282
569.092000  3.339777
569.093000  3.334298
569.094000  3.331046
569.095000  3.330145
569.096000  3.331613
569.097000  3.335367
569.098000  3.341236
569.099000  3.348977
569.100000  3.358265
569.101000  3.368665
569.102000  3.379598
569.103000  3.390370
569.104000  3.400258
569.105000  3.408605
569.106000  3.414872
569.107000  3.418659
569.108000  3.419712
569.109000  3.417928
569.110000  3.413360
569.111000  3.406239
569.112000  3.396995
569.113000  3.386242
569.114000  3.374664
569.115000  3.362884
569.116000  3.351454
569.117000  3.340901
569.118000  3.331738
569.119000  3.324404
569.120000  3.319195
569.121000  3.316220
569.122000  3.315413
569.123000  3.316614
569.124000  3.319646
569.125000  3.324307
569.126000  3.330239
569.127000  3.336878
569.128000  3.343609
569.129000  3.349907
569.130000  3.355332
569.131000  3.359482
569.132000  3.361990
569.133000  3.362567
569.134000  3.361077
569.135000  3.357601
569.136000  3.352440
569.137000  3.345987
569.138000  3.338509
569.139000  3.330101
569.140000  3.320795
569.141000  3.310618
569.142000  3.299600
569.143000  3.287787
569.144000  3.275272
569.145000  3.262228
569.146000  3.248934
569.147000  3.235795
569.148000  3.223331
569.149000  3.212098
569.150000  3.202514
569.151000  3.194751
569.152000  3.188808
569.153000  3.184688
569.154000  3.182493
569.155000  3.182401
569.156000  3.184618
569.157000  3.189297
569.158000  3.196472
569.159000  3.205995
569.160000  3.217514
569.161000  3.230511
569.162000  3.244364
569.163000  3.258407
569.164000  3.271985
569.165000  3.284539
569.166000  3.295669
569.167000  3.305151
569.168000  3.312876
569.169000  3.318789
569.170000  3.322856
569.171000  3.325100
569.172000  3.325655
569.173000  3.324811
569.174000  3.322992
569.175000  3.320693
569.176000  3.318361
569.177000  3.316305
569.178000  3.314667
569.179000  3.313457
569.180000  3.312610
569.181000  3.312046
569.182000  3.311692
569.183000  3.311500
569.184000  3.311446
569.185000  3.311550
569.186000  3.311895
569.187000  3.312631
569.188000  3.313911
569.189000  3.315792
569.190000  3.318211
569.191000  3.321093
569.192000  3.324439
569.193000  3.328329
569.194000  3.332876
569.195000  3.338166
569.196000  3.344219
569.197000  3.350967
569.198000  3.358253
569.199000  3.365862
569.200000  3.373572
569.201000  3.381165
569.202000  3.388350
569.203000  3.394727
569.204000  3.399888
569.205000  3.403539
569.206000  3.405517
569.207000  3.405741
569.208000  3.404158
569.209000  3.400732
569.210000  3.395492
569.211000  3.388604
569.212000  3.380403
569.213000  3.371302
569.214000  3.361629
569.215000  3.351615
569.216000  3.341495
569.217000  3.331515
569.218000  3.321875
569.219000  3.312682
569.220000  3.303939
569.221000  3.295571
569.222000  3.287467
569.223000  3.279548
569.224000  3.271826
569.225000  3.264415
569.226000  3.257451
569.227000  3.250944
569.228000  3.244759
569.229000  3.238725
569.230000  3.232736
569.231000  3.226766
569.232000  3.220854
569.233000  3.215086
569.234000  3.209584
569.235000  3.204503
569.236000  3.200029
569.237000  3.196390
569.238000  3.193835
569.239000  3.192558
569.240000  3.192576
569.241000  3.193719
569.242000  3.195743
569.243000  3.198408
569.244000  3.201474
569.245000  3.204642
569.246000  3.207543
569.247000  3.209765
569.248000  3.210966
569.249000  3.210989
569.250000  3.209880
569.251000  3.207643
569.252000  3.204046
569.253000  3.198854
569.254000  3.192103
569.255000  3.184103
569.256000  3.175305
569.257000  3.166185
569.258000  3.157195
569.259000  3.148750
569.260000  3.141255
569.261000  3.135150
569.262000  3.130881
569.263000  3.128726
569.264000  3.128659
569.265000  3.130476
569.266000  3.133964
569.267000  3.138954
569.268000  3.145319
569.269000  3.152933
569.270000  3.161660
569.271000  3.171344
569.272000  3.181844
569.273000  3.193063
569.274000  3.204943
569.275000  3.217374
569.276000  3.230112
569.277000  3.242816
569.278000  3.255171
569.279000  3.266947
569.280000  3.277985
569.281000  3.288156
569.282000  3.297342
569.283000  3.305438
569.284000  3.312374
569.285000  3.318167
569.286000  3.322983
569.287000  3.327180
569.288000  3.331214
569.289000  3.335471
569.290000  3.340235
569.291000  3.345776
569.292000  3.352408
569.293000  3.360432
569.294000  3.370030
569.295000  3.381158
569.296000  3.393491
569.297000  3.406424
569.298000  3.419145
569.299000  3.430735
569.300000  3.440297
569.301000  3.447095
569.302000  3.450644
569.303000  3.450716
569.304000  3.447207
569.305000  3.440024
569.306000  3.429169
569.307000  3.414930
569.308000  3.397944
569.309000  3.379130
569.310000  3.359579
569.311000  3.340429
569.312000  3.322758
569.313000  3.307494
569.314000  3.295379
569.315000  3.286966
569.316000  3.282649
569.317000  3.282653
569.318000  3.287000
569.319000  3.295547
569.320000  3.308041
569.321000  3.324145
569.322000  3.343413
569.323000  3.365254
569.324000  3.388942
569.325000  3.413682
569.326000  3.438715
569.327000  3.463388
569.328000  3.487088
569.329000  3.509147
569.330000  3.528915
569.331000  3.545929
569.332000  3.559951
569.333000  3.570888
569.334000  3.578706
569.335000  3.583389
569.336000  3.584948
569.337000  3.583459
569.338000  3.579109
569.339000  3.572224
569.340000  3.563232
569.341000  3.552562
569.342000  3.540538
569.343000  3.527382
569.344000  3.513295
569.345000  3.498517
569.346000  3.483351
569.347000  3.468162
569.348000  3.453364
569.349000  3.439421
569.350000  3.426817
569.351000  3.415984
569.352000  3.407207
569.353000  3.400588
569.354000  3.396116
569.355000  3.393741
569.356000  3.393382
569.357000  3.394907
569.358000  3.398109
569.359000  3.402703
569.360000  3.408341
569.361000  3.414634
569.362000  3.421194
569.363000  3.427640
569.364000  3.433553
569.365000  3.438427
569.366000  3.441740
569.367000  3.443117
569.368000  3.442437
569.369000  3.439848
569.370000  3.435742
569.371000  3.430688
569.372000  3.425355
569.373000  3.420394
569.374000  3.416324
569.375000  3.413491
569.376000  3.412142
569.377000  3.412483
569.378000  3.414666
569.379000  3.418731
569.380000  3.424551
569.381000  3.431797
569.382000  3.439958
569.383000  3.448401
569.384000  3.456465
569.385000  3.463520
569.386000  3.468979
569.387000  3.472359
569.388000  3.473381
569.389000  3.472036
569.390000  3.468564
569.391000  3.463377
569.392000  3.456986
569.393000  3.449947
569.394000  3.442826
569.395000  3.436174
569.396000  3.430497
569.397000  3.426231
569.398000  3.423743
569.399000  3.423316
569.400000  3.425130
569.401000  3.429226
569.402000  3.435479
569.403000  3.443601
569.404000  3.453173
569.405000  3.463702
569.406000  3.474685
569.407000  3.485658
569.408000  3.496228
569.409000  3.506079
569.410000  3.514971
569.411000  3.522729
569.412000  3.529231
569.413000  3.534412
569.414000  3.538273
569.415000  3.540884
569.416000  3.542365
569.417000  3.542871
569.418000  3.542562
569.419000  3.541580
569.420000  3.540028
569.421000  3.537953
569.422000  3.535352
569.423000  3.532210
569.424000  3.528524
569.425000  3.524321
569.426000  3.519643
569.427000  3.514568
569.428000  3.509238
569.429000  3.503862
569.430000  3.498694
569.431000  3.493980
569.432000  3.489921
569.433000  3.486652
569.434000  3.484263
569.435000  3.482818
569.436000  3.482374
569.437000  3.482974
569.438000  3.484633
569.439000  3.487316
569.440000  3.490930
569.441000  3.495301
569.442000  3.500171
569.443000  3.505233
569.444000  3.510189
569.445000  3.514787
569.446000  3.518867
569.447000  3.522404
569.448000  3.525516
569.449000  3.528391
569.450000  3.531173
569.451000  3.533936
569.452000  3.536763
569.453000  3.539829
569.454000  3.543402
569.455000  3.547798
569.456000  3.553322
569.457000  3.560211
569.458000  3.568584
569.459000  3.578401
569.460000  3.589443
569.461000  3.601344
569.462000  3.613623
569.463000  3.625700
569.464000  3.636929
569.465000  3.646663
569.466000  3.654328
569.467000  3.659458
569.468000  3.661675
569.469000  3.660662
569.470000  3.656149
569.471000  3.647964
569.472000  3.636131
569.473000  3.620939
569.474000  3.602945
569.475000  3.582883
569.476000  3.561518
569.477000  3.539535
569.478000  3.517508
569.479000  3.495871
569.480000  3.474911
569.481000  3.454819
569.482000  3.435767
569.483000  3.417965
569.484000  3.401677
569.485000  3.387235
569.486000  3.375035
569.487000  3.365475
569.488000  3.358837
569.489000  3.355179
569.490000  3.354363
569.491000  3.356168
569.492000  3.360366
569.493000  3.366742
569.494000  3.375059
569.495000  3.385026
569.496000  3.396261
569.497000  3.408258
569.498000  3.420359
569.499000  3.431782
569.500000  3.441697
569.501000  3.449301
569.502000  3.453890
569.503000  3.454958
569.504000  3.452311
569.505000  3.446093
569.506000  3.436727
569.507000  3.424792
569.508000  3.410913
569.509000  3.395702
569.510000  3.379791
569.511000  3.363870
569.511000  3.363870
569.512000  3.348642
569.513000  3.334696
569.514000  3.322429
569.515000  3.312104
569.516000  3.303907
569.517000  3.297896
569.518000  3.293934
569.519000  3.291673
569.520000  3.290644
569.521000  3.290394
569.522000  3.290629
569.523000  3.291283
569.524000  3.292446
569.525000  3.294168
569.526000  3.296380
569.527000  3.298988
569.528000  3.301915
569.529000  3.305057
569.530000  3.308284
569.531000  3.311490
569.532000  3.314656
569.533000  3.317905
569.534000  3.321540
569.535000  3.325998
569.536000  3.331662
569.537000  3.338667
569.538000  3.346911
569.539000  3.356127
569.540000  3.365927
569.541000  3.375865
569.542000  3.385496
569.543000  3.394451
569.544000  3.402529
569.545000  3.409783
569.546000  3.416431
569.547000  3.422493
569.548000  3.427517
569.549000  3.430817
569.550000  3.431826
569.551000  3.430254
569.552000  3.426096
569.553000  3.419596
569.554000  3.411211
569.555000  3.401593
569.556000  3.391561
569.557000  3.381959
569.558000  3.373402
569.559000  3.366071
569.560000  3.359828
569.561000  3.354460
569.562000  3.349816
569.563000  3.345831
569.564000  3.342518
569.565000  3.339972
569.566000  3.338396
569.567000  3.338087
569.568000  3.339323
569.569000  3.342138
569.570000  3.346215
569.571000  3.351067
569.572000  3.356297
569.573000  3.361697
569.574000  3.367221
569.575000  3.372928
569.576000  3.378959
569.577000  3.385515
569.578000  3.392803
569.579000  3.400918
569.580000  3.409703
569.581000  3.418679
569.582000  3.427174
569.583000  3.434535
569.584000  3.440283
569.585000  3.444163
569.586000  3.446163
569.587000  3.446487
569.588000  3.445444
569.589000  3.443290
569.590000  3.440193
569.591000  3.436324
569.592000  3.431857
569.593000  3.426936
569.594000  3.421722
569.595000  3.416463
569.596000  3.411466
569.597000  3.407012
569.598000  3.403208
569.599000  3.399908
569.600000  3.396796
569.601000  3.393569
569.602000  3.390006
569.603000  3.385896
569.604000  3.381002
569.605000  3.375129
569.606000  3.368226
569.607000  3.360406
569.608000  3.351887
569.609000  3.342894
569.610000  3.333622
569.611000  3.324296
569.612000  3.315219
569.613000  3.306723
569.614000  3.299094
569.615000  3.292553
569.616000  3.287307
569.617000  3.283563
569.618000  3.281447
569.619000  3.280887
569.620000  3.281627
569.621000  3.283379
569.622000  3.285982
569.623000  3.289465
569.624000  3.294000
569.625000  3.299814
569.626000  3.307153
569.627000  3.316291
569.628000  3.327479
569.629000  3.340826
569.630000  3.356228
569.631000  3.373411
569.632000  3.391973
569.633000  3.411400
569.634000  3.431067
569.635000  3.450254
569.636000  3.468185
569.637000  3.484098
569.638000  3.497279
569.639000  3.507044
569.640000  3.512778
569.641000  3.514080
569.642000  3.510910
569.643000  3.503639
569.644000  3.493034
569.645000  3.480197
569.646000  3.466448
569.647000  3.453124
569.648000  3.441353
569.649000  3.431893
569.650000  3.425154
569.651000  3.421329
569.652000  3.420476
569.653000  3.422555
569.654000  3.427438
569.655000  3.434947
569.656000  3.444889
569.657000  3.457029
569.658000  3.470950
569.659000  3.485931
569.660000  3.501005
569.661000  3.515183
569.662000  3.527623
569.663000  3.537713
569.664000  3.545110
569.665000  3.549777
569.666000  3.551953
569.667000  3.552004
569.668000  3.550186
569.669000  3.546580
569.670000  3.541251
569.671000  3.534429
569.672000  3.526553
569.673000  3.518233
569.674000  3.510169
569.675000  3.503091
569.676000  3.497686
569.677000  3.494507
569.678000  3.493876
569.679000  3.495837
569.680000  3.500169
569.681000  3.506409
569.682000  3.513931
569.683000  3.522063
569.684000  3.530190
569.685000  3.537806
569.686000  3.544508
569.687000  3.549880
569.688000  3.553375
569.689000  3.554370
569.690000  3.552372
569.691000  3.547146
569.692000  3.538764
569.693000  3.527600
569.694000  3.514324
569.695000  3.499843
569.696000  3.485181
569.697000  3.471300
569.698000  3.458946
569.699000  3.448642
569.700000  3.440767
569.701000  3.435618
569.702000  3.433389
569.703000  3.434127
569.704000  3.437716
569.705000  3.443931
569.706000  3.452491
569.707000  3.463021
569.708000  3.474998
569.709000  3.487788
569.710000  3.500770
569.711000  3.513427
569.712000  3.525379
569.713000  3.536378
569.714000  3.546318
569.715000  3.555220
569.716000  3.563167
569.717000  3.570161
569.718000  3.576043
569.719000  3.580556
569.720000  3.583468
569.721000  3.584623
569.722000  3.583954
569.723000  3.581473
569.724000  3.577287
569.725000  3.571597
569.726000  3.564669
569.727000  3.556760
569.728000  3.548088
569.729000  3.538865
569.730000  3.529347
569.731000  3.519859
569.732000  3.510794
569.733000  3.502613
569.734000  3.495822
569.735000  3.490915
569.736000  3.488242
569.737000  3.487859
569.738000  3.489508
569.739000  3.492757
569.740000  3.497154
569.741000  3.502303
569.742000  3.507891
569.743000  3.513678
569.744000  3.519482
569.745000  3.525153
569.746000  3.530526
569.747000  3.535370
569.748000  3.539425
569.749000  3.542490
569.750000  3.544493
569.751000  3.545483
569.752000  3.545603
569.753000  3.545046
569.754000  3.544000
569.755000  3.542572
569.756000  3.540714
569.757000  3.538193
569.758000  3.534693
569.759000  3.529967
569.760000  3.523940
569.761000  3.516716
569.762000  3.508557
569.763000  3.499856
569.764000  3.491112
569.765000  3.482871
569.766000  3.475580
569.767000  3.469450
569.768000  3.464464
569.769000  3.460493
569.770000  3.457394
569.771000  3.455061
569.772000  3.453432
569.773000  3.452470
569.774000  3.452148
569.775000  3.452400
569.776000  3.453054
569.777000  3.453797
569.778000  3.454241
569.779000  3.454023
569.780000  3.452843
569.781000  3.450523
569.782000  3.447061
569.783000  3.442686
569.784000  3.437838
569.785000  3.433071
569.786000  3.428858
569.787000  3.425435
569.788000  3.422860
569.789000  3.421211
569.790000  3.420709
569.791000  3.421678
569.792000  3.424425
569.793000  3.429185
569.794000  3.436157
569.795000  3.445484
569.796000  3.457130
569.797000  3.470820
569.798000  3.486111
569.799000  3.502495
569.800000  3.519465
569.801000  3.536526
569.802000  3.553186
569.803000  3.568966
569.804000  3.583427
569.805000  3.596169
569.806000  3.606754
569.807000  3.614661
569.808000  3.619384
569.809000  3.620572
569.810000  3.618116
569.811000  3.612172
569.812000  3.603162
569.813000  3.591746
569.814000  3.578747
569.815000  3.564997
569.816000  3.551160
569.817000  3.537666
569.818000  3.524792
569.819000  3.512768
569.820000  3.501838
569.821000  3.492255
569.822000  3.484269
569.823000  3.478111
569.824000  3.473983
569.825000  3.471998
569.826000  3.472114
569.827000  3.474108
569.828000  3.477630
569.829000  3.482294
569.830000  3.487750
569.831000  3.493724
569.832000  3.500023
569.833000  3.506539
569.834000  3.513222
569.835000  3.520029
569.836000  3.526841
569.837000  3.533468
569.838000  3.539733
569.839000  3.545483
569.840000  3.550527
569.841000  3.554641
569.842000  3.557680
569.843000  3.559649
569.844000  3.560693
569.845000  3.561017
569.846000  3.560784
569.847000  3.560111
569.848000  3.559142
569.849000  3.558068
569.850000  3.557031
569.851000  3.556021
569.852000  3.554909
569.853000  3.553565
569.854000  3.551909
569.855000  3.549841
569.856000  3.547124
569.857000  3.543360
569.858000  3.538117
569.859000  3.531080
569.860000  3.522130
569.861000  3.511335
569.862000  3.498892
569.863000  3.485101
569.864000  3.470362
569.865000  3.455104
569.866000  3.439689
569.867000  3.424422
569.868000  3.409624
569.869000  3.395672
569.870000  3.382998
569.871000  3.372059
569.872000  3.363308
569.873000  3.357124
569.874000  3.353729
569.875000  3.353093
569.876000  3.354904
569.877000  3.358638
569.878000  3.363681
569.879000  3.369414
569.880000  3.375267
569.881000  3.380789
569.882000  3.385706
569.883000  3.389919
569.884000  3.393368
569.885000  3.395855
569.886000  3.397013
569.887000  3.396474
569.888000  3.394041
569.889000  3.389755
569.890000  3.383869
569.891000  3.376817
569.892000  3.369169
569.893000  3.361570
569.894000  3.354623
569.895000  3.348736
569.896000  3.344040
569.897000  3.340441
569.898000  3.337749
569.899000  3.335777
569.900000  3.334400
569.901000  3.333569
569.902000  3.333310
569.903000  3.333710
569.904000  3.334868
569.905000  3.336815
569.906000  3.339459
569.907000  3.342593
569.908000  3.345932
569.909000  3.349199
569.910000  3.352234
569.911000  3.355015
569.912000  3.357622
569.913000  3.360151
569.914000  3.362594
569.915000  3.364733
569.916000  3.366182
569.917000  3.366573
569.918000  3.365719
569.919000  3.363657
569.920000  3.360564
569.921000  3.356687
569.922000  3.352339
569.923000  3.347918
569.924000  3.343844
569.925000  3.340455
569.926000  3.337972
569.927000  3.336544
569.928000  3.336302
569.929000  3.337369
569.930000  3.339834
569.931000  3.343714
569.932000  3.348915
569.933000  3.355196
569.934000  3.362115
569.935000  3.368974
569.936000  3.374858
569.937000  3.378794
569.938000  3.379918
569.939000  3.377586
569.940000  3.371456
569.941000  3.361540
569.942000  3.348202
569.943000  3.332051
569.944000  3.313739
569.945000  3.293798
569.946000  3.272643
569.947000  3.250682
569.948000  3.228380
569.949000  3.206263
569.950000  3.184875
569.951000  3.164748
569.952000  3.146380
569.953000  3.130197
569.954000  3.116480
569.955000  3.105304
569.956000  3.096551
569.957000  3.089964
569.958000  3.085227
569.959000  3.082064
569.960000  3.080323
569.961000  3.080002
569.962000  3.081182
569.963000  3.083868
569.964000  3.087862
569.965000  3.092819
569.966000  3.098412
569.967000  3.104412
569.968000  3.110652
569.969000  3.116996
569.970000  3.123346
569.971000  3.129647
569.972000  3.135823
569.973000  3.141654
569.974000  3.146685
569.975000  3.150273
569.976000  3.151718
569.977000  3.150418
569.978000  3.145987
569.979000  3.138351
569.980000  3.127788
569.981000  3.114885
569.982000  3.100387
569.983000  3.084982
569.984000  3.069163
569.985000  3.053276
569.986000  3.037647
569.987000  3.022647
569.988000  3.008675
569.989000  2.996136
569.990000  2.985425
569.991000  2.976909
569.992000  2.970869
569.993000  2.967410
569.994000  2.966382
569.995000  2.967397
569.996000  2.969948
569.997000  2.973543
569.998000  2.977802
569.999000  2.982507
570.000000  2.987616
570.001000  2.993260
570.002000  2.999672
570.003000  3.007053
570.004000  3.015455
570.005000  3.024800
570.006000  3.034962
570.007000  3.045798
570.008000  3.057174
570.009000  3.068994
570.010000  3.081227
570.011000  3.093885
570.011000  3.093885
570.012000  3.106939
570.013000  3.120194
570.014000  3.133253
570.015000  3.145632
570.016000  3.156918
570.017000  3.166839
570.018000  3.175235
570.019000  3.182020
570.020000  3.187201
570.021000  3.190918
570.022000  3.193407
570.023000  3.194890
570.024000  3.195520
570.025000  3.195429
570.026000  3.194807
570.027000  3.193906
570.028000  3.193010
570.029000  3.192400
570.030000  3.192335
570.031000  3.193038
570.032000  3.194645
570.033000  3.197124
570.034000  3.200290
570.035000  3.203926
570.036000  3.207898
570.037000  3.212202
570.038000  3.216957
570.039000  3.222387
570.040000  3.228788
570.041000  3.236479
570.042000  3.245698
570.043000  3.256497
570.044000  3.268707
570.045000  3.282027
570.046000  3.296101
570.047000  3.310574
570.048000  3.325106
570.049000  3.339408
570.050000  3.353252
570.051000  3.366459
570.052000  3.378793
570.053000  3.389851
570.054000  3.399071
570.055000  3.405905
570.056000  3.409995
570.057000  3.411252
570.058000  3.409876
570.059000  3.406345
570.060000  3.401365
570.061000  3.395746
570.062000  3.390195
570.063000  3.385117
570.064000  3.380601
570.065000  3.376555
570.066000  3.372849
570.067000  3.369395
570.068000  3.366198
570.069000  3.363379
570.070000  3.361164
570.071000  3.359830
570.072000  3.359566
570.073000  3.360365
570.074000  3.362039
570.075000  3.364328
570.076000  3.366988
570.077000  3.369858
570.078000  3.372873
570.079000  3.376080
570.080000  3.379623
570.081000  3.383691
570.082000  3.388404
570.083000  3.393709
570.084000  3.399416
570.085000  3.405337
570.086000  3.411374
570.087000  3.417540
570.088000  3.423973
570.089000  3.430942
570.090000  3.438830
570.091000  3.448055
570.092000  3.458916
570.093000  3.471491
570.094000  3.485691
570.095000  3.501348
570.096000  3.518223
570.097000  3.535965
570.098000  3.554106
570.099000  3.572105
570.100000  3.589410
570.101000  3.605467
570.102000  3.619639
570.103000  3.631160
570.104000  3.639232
570.105000  3.643190
570.106000  3.642612
570.107000  3.637381
570.108000  3.627705
570.109000  3.614119
570.110000  3.597410
570.111000  3.578451
570.112000  3.557988
570.113000  3.536570
570.114000  3.514655
570.115000  3.492715
570.116000  3.471250
570.117000  3.450767
570.118000  3.431768
570.119000  3.414763
570.120000  3.400253
570.121000  3.388645
570.122000  3.380158
570.123000  3.374816
570.124000  3.372531
570.125000  3.373182
570.126000  3.376644
570.127000  3.382802
570.128000  3.391557
570.129000  3.402821
570.130000  3.416458
570.131000  3.432162
570.132000  3.449334
570.133000  3.467145
570.134000  3.484699
570.135000  3.501163
570.136000  3.515825
570.137000  3.528151
570.138000  3.537838
570.139000  3.544820
570.140000  3.549155
570.141000  3.550863
570.142000  3.549861
570.143000  3.546078
570.144000  3.539578
570.145000  3.530609
570.146000  3.519580
570.147000  3.507020
570.148000  3.493526
570.149000  3.479705
570.150000  3.466074
570.151000  3.452914
570.152000  3.440211
570.153000  3.427766
570.154000  3.415365
570.155000  3.402878
570.156000  3.390304
570.157000  3.377798
570.158000  3.365674
570.159000  3.354348
570.160000  3.344151
570.161000  3.335131
570.162000  3.327071
570.163000  3.319698
570.164000  3.312832
570.165000  3.306420
570.166000  3.300517
570.167000  3.295272
570.168000  3.290908
570.169000  3.287663
570.170000  3.285690
570.171000  3.284959
570.172000  3.285296
570.173000  3.286491
570.174000  3.288368
570.175000  3.290790
570.176000  3.293684
570.177000  3.297077
570.178000  3.301112
570.179000  3.305995
570.180000  3.311836
570.181000  3.318469
570.182000  3.325444
570.183000  3.332181
570.184000  3.338097
570.185000  3.342686
570.186000  3.345574
570.187000  3.346569
570.188000  3.345689
570.189000  3.343111
570.190000  3.339009
570.191000  3.333427
570.192000  3.326318
570.193000  3.317711
570.194000  3.307802
570.195000  3.296970
570.196000  3.285768
570.197000  3.274883
570.198000  3.265076
570.199000  3.257057
570.200000  3.251315
570.201000  3.248026
570.202000  3.247147
570.203000  3.248549
570.204000  3.252088
570.205000  3.257618
570.206000  3.265024
570.207000  3.274261
570.208000  3.285354
570.209000  3.298308
570.210000  3.312918
570.211000  3.328698
570.212000  3.345023
570.213000  3.361279
570.214000  3.376952
570.215000  3.391664
570.216000  3.405220
570.217000  3.417627
570.218000  3.429063
570.219000  3.439720
570.220000  3.449629
570.221000  3.458655
570.222000  3.466637
570.223000  3.473516
570.224000  3.479388
570.225000  3.484497
570.226000  3.489205
570.227000  3.493937
570.228000  3.499072
570.229000  3.504783
570.230000  3.510972
570.231000  3.517381
570.232000  3.523732
570.233000  3.529782
570.234000  3.535330
570.235000  3.540255
570.236000  3.544559
570.237000  3.548361
570.238000  3.551803
570.239000  3.554887
570.240000  3.557439
570.241000  3.559239
570.242000  3.560168
570.243000  3.560226
570.244000  3.559484
570.245000  3.558067
570.246000  3.556186
570.247000  3.554149
570.248000  3.552277
570.249000  3.550756
570.250000  3.549605
570.251000  3.548775
570.252000  3.548245
570.253000  3.548055
570.254000  3.548316
570.255000  3.549208
570.256000  3.550977
570.257000  3.553885
570.258000  3.558087
570.259000  3.563524
570.260000  3.569955
570.261000  3.577117
570.262000  3.584828
570.263000  3.593011
570.264000  3.601680
570.265000  3.610906
570.266000  3.620773
570.267000  3.631283
570.268000  3.642247
570.269000  3.653238
570.270000  3.663669
570.271000  3.672907
570.272000  3.680356
570.273000  3.685495
570.274000  3.687922
570.275000  3.687391
570.276000  3.683841
570.277000  3.677373
570.278000  3.668143
570.279000  3.656246
570.280000  3.641741
570.281000  3.624765
570.282000  3.605617
570.283000  3.584780
570.284000  3.562894
570.285000  3.540728
570.286000  3.519115
570.287000  3.498840
570.288000  3.480509
570.289000  3.464489
570.290000  3.450986
570.291000  3.440134
570.292000  3.432012
570.293000  3.426631
570.294000  3.423930
570.295000  3.423811
570.296000  3.426159
570.297000  3.430807
570.298000  3.437453
570.299000  3.445636
570.300000  3.454826
570.301000  3.464523
570.302000  3.474301
570.303000  3.483821
570.304000  3.492842
570.305000  3.501254
570.306000  3.509042
570.307000  3.516150
570.308000  3.522333
570.309000  3.527206
570.310000  3.530406
570.311000  3.531719
570.312000  3.531114
570.313000  3.528732
570.314000  3.524835
570.315000  3.519741
570.316000  3.513750
570.317000  3.507072
570.318000  3.499818
570.319000  3.492061
570.320000  3.483911
570.321000  3.475541
570.322000  3.467174
570.323000  3.459056
570.324000  3.451445
570.325000  3.444586
570.326000  3.438658
570.327000  3.433691
570.328000  3.429508
570.329000  3.425801
570.330000  3.422270
570.331000  3.418713
570.332000  3.415072
570.333000  3.411451
570.334000  3.408110
570.335000  3.405409
570.336000  3.403655
570.337000  3.402959
570.338000  3.403241
570.339000  3.404361
570.340000  3.406227
570.341000  3.408814
570.342000  3.412132
570.343000  3.416216
570.344000  3.421112
570.345000  3.426871
570.346000  3.433485
570.347000  3.440805
570.348000  3.448525
570.349000  3.456250
570.350000  3.463606
570.351000  3.470292
570.352000  3.476098
570.353000  3.480933
570.354000  3.484838
570.355000  3.487986
570.356000  3.490591
570.357000  3.492765
570.358000  3.494455
570.359000  3.495523
570.360000  3.495865
570.361000  3.495470
570.362000  3.494435
570.363000  3.492950
570.364000  3.491285
570.365000  3.489753
570.366000  3.488621
570.367000  3.488036
570.368000  3.488000
570.369000  3.488435
570.370000  3.489209
570.371000  3.490139
570.372000  3.491023
570.373000  3.491695
570.374000  3.492081
570.375000  3.492199
570.376000  3.492084
570.377000  3.491690
570.378000  3.490870
570.379000  3.489478
570.380000  3.487459
570.381000  3.484864
570.382000  3.481827
570.383000  3.478570
570.384000  3.475417
570.385000  3.472746
570.386000  3.470865
570.387000  3.469905
570.388000  3.469843
570.389000  3.470629
570.390000  3.472285
570.391000  3.474930
570.392000  3.478737
570.393000  3.483853
570.394000  3.490342
570.395000  3.498153
570.396000  3.507071
570.397000  3.516684
570.398000  3.526435
570.399000  3.535758
570.400000  3.544190
570.401000  3.551435
570.402000  3.557389
570.403000  3.562139
570.404000  3.565915
570.405000  3.568984
570.406000  3.571474
570.407000  3.573283
570.408000  3.574133
570.409000  3.573703
570.410000  3.571727
570.411000  3.568036
570.412000  3.562593
570.413000  3.555517
570.414000  3.547071
570.415000  3.537575
570.416000  3.527250
570.417000  3.516157
570.418000  3.504290
570.419000  3.491713
570.420000  3.478645
570.421000  3.465462
570.422000  3.452669
570.423000  3.440840
570.424000  3.430540
570.425000  3.422214
570.426000  3.416104
570.427000  3.412243
570.428000  3.410512
570.429000  3.410676
570.430000  3.412421
570.431000  3.415380
570.432000  3.419191
570.433000  3.423543
570.434000  3.428170
570.435000  3.432778
570.436000  3.436961
570.437000  3.440232
570.438000  3.442154
570.439000  3.442436
570.440000  3.440973
570.441000  3.437836
570.442000  3.433280
570.443000  3.427699
570.444000  3.421544
570.445000  3.415185
570.446000  3.408834
570.447000  3.402578
570.448000  3.396455
570.449000  3.390501
570.450000  3.384765
570.451000  3.379289
570.452000  3.374097
570.453000  3.369175
570.454000  3.364454
570.455000  3.359766
570.456000  3.354831
570.457000  3.349329
570.458000  3.343026
570.459000  3.335855
570.460000  3.327938
570.461000  3.319562
570.462000  3.311115
570.463000  3.302995
570.464000  3.295505
570.465000  3.288786
570.466000  3.282830
570.467000  3.277568
570.468000  3.272934
570.469000  3.268893
570.470000  3.265435
570.471000  3.262566
570.472000  3.260297
570.473000  3.258634
570.474000  3.257533
570.475000  3.256846
570.476000  3.256304
570.477000  3.255587
570.478000  3.254440
570.479000  3.252770
570.480000  3.250685
570.481000  3.248488
570.482000  3.246634
570.483000  3.245652
570.484000  3.246015
570.485000  3.248014
570.486000  3.251713
570.487000  3.256987
570.488000  3.263604
570.489000  3.271272
570.490000  3.279661
570.491000  3.288405
570.492000  3.297104
570.493000  3.305322
570.494000  3.312588
570.495000  3.318421
570.496000  3.322377
570.497000  3.324129
570.498000  3.323526
570.499000  3.320597
570.500000  3.315531
570.501000  3.308679
570.502000  3.300563
570.503000  3.291836
570.504000  3.283182
570.505000  3.275177
570.506000  3.268219
570.507000  3.262570
570.508000  3.258426
570.509000  3.255962
570.510000  3.255323
570.511000  3.256608
570.511000  3.256608
570.512000  3.259858
570.513000  3.265041
570.514000  3.272018
570.515000  3.280514
570.516000  3.290135
570.517000  3.300437
570.518000  3.311017
570.519000  3.321565
570.520000  3.331878
570.521000  3.341833
570.522000  3.351343
570.523000  3.360330
570.524000  3.368705
570.525000  3.376319
570.526000  3.382937
570.527000  3.388282
570.528000  3.392115
570.529000  3.394299
570.530000  3.394832
570.531000  3.393861
570.532000  3.391663
570.533000  3.388603
570.534000  3.385040
570.535000  3.381232
570.536000  3.377309
570.537000  3.373321
570.538000  3.369310
570.539000  3.365342
570.540000  3.361519
570.541000  3.357981
570.542000  3.354897
570.543000  3.352448
570.544000  3.350789
570.545000  3.349974
570.546000  3.349915
570.547000  3.350395
570.548000  3.351137
570.549000  3.351876
570.550000  3.352423
570.551000  3.352702
570.552000  3.352781
570.553000  3.352852
570.554000  3.353167
570.555000  3.353951
570.556000  3.355337
570.557000  3.357398
570.558000  3.360218
570.559000  3.363933
570.560000  3.368733
570.561000  3.374846
570.562000  3.382513
570.563000  3.391949
570.564000  3.403274
570.565000  3.416428
570.566000  3.431132
570.567000  3.446919
570.568000  3.463201
570.569000  3.479334
570.570000  3.494643
570.571000  3.508423
570.572000  3.519959
570.573000  3.528600
570.574000  3.533846
570.575000  3.535385
570.576000  3.533101
570.577000  3.527101
570.578000  3.517740
570.579000  3.505594
570.580000  3.491394
570.581000  3.475942
570.582000  3.460043
570.583000  3.444424
570.584000  3.429657
570.585000  3.416096
570.586000  3.403870
570.587000  3.392941
570.588000  3.383185
570.589000  3.374453
570.590000  3.366613
570.591000  3.359580
570.592000  3.353353
570.593000  3.348008
570.594000  3.343624
570.595000  3.340181
570.596000  3.337543
570.597000  3.335556
570.598000  3.334168
570.599000  3.333454
570.600000  3.333579
570.601000  3.334731
570.602000  3.337063
570.603000  3.340661
570.604000  3.345504
570.605000  3.351432
570.606000  3.358131
570.607000  3.365148
570.608000  3.371930
570.609000  3.377890
570.610000  3.382484
570.611000  3.385280
570.612000  3.386008
570.613000  3.384585
570.614000  3.381098
570.615000  3.375767
570.616000  3.368911
570.617000  3.360944
570.618000  3.352329
570.619000  3.343495
570.620000  3.334817
570.621000  3.326640
570.622000  3.319287
570.623000  3.313033
570.624000  3.308043
570.625000  3.304334
570.626000  3.301759
570.627000  3.300058
570.628000  3.298921
570.629000  3.298027
570.630000  3.297034
570.631000  3.295564
570.632000  3.293273
570.633000  3.289924
570.634000  3.285393
570.635000  3.279631
570.636000  3.272650
570.637000  3.264579
570.638000  3.255752
570.639000  3.246727
570.640000  3.238211
570.641000  3.230883
570.642000  3.225282
570.643000  3.221813
570.644000  3.220784
570.645000  3.222370
570.646000  3.226583
570.647000  3.233270
570.648000  3.242134
570.649000  3.252771
570.650000  3.264699
570.651000  3.277397
570.652000  3.290298
570.653000  3.302711
570.654000  3.313759
570.655000  3.322429
570.656000  3.327770
570.657000  3.329085
570.658000  3.326064
570.659000  3.318820
570.660000  3.307865
570.661000  3.294029
570.662000  3.278336
570.663000  3.261843
570.664000  3.245496
570.665000  3.230057
570.666000  3.216091
570.667000  3.203971
570.668000  3.193917
570.669000  3.186046
570.670000  3.180418
570.671000  3.177040
570.672000  3.175841
570.673000  3.176619
570.674000  3.179029
570.675000  3.182623
570.676000  3.186953
570.677000  3.191680
570.678000  3.196607
570.679000  3.201615
570.680000  3.206602
570.681000  3.211512
570.682000  3.216357
570.683000  3.221127
570.684000  3.225690
570.685000  3.229784
570.686000  3.233093
570.687000  3.235335
570.688000  3.236330
570.689000  3.236056
570.690000  3.234668
570.691000  3.232441
570.692000  3.229626
570.693000  3.226326
570.694000  3.222521
570.695000  3.218195
570.696000  3.213416
570.697000  3.208349
570.698000  3.203231
570.699000  3.198340
570.700000  3.193967
570.701000  3.190383
570.702000  3.187767
570.703000  3.186125
570.704000  3.185252
570.705000  3.184796
570.706000  3.184375
570.707000  3.183663
570.708000  3.182424
570.709000  3.180522
570.710000  3.177918
570.711000  3.174667
570.712000  3.170902
570.713000  3.166844
570.714000  3.162802
570.715000  3.159136
570.716000  3.156131
570.717000  3.153943
570.718000  3.152673
570.719000  3.152458
570.720000  3.153487
570.721000  3.155979
570.722000  3.160138
570.723000  3.166126
570.724000  3.174040
570.725000  3.183911
570.726000  3.195674
570.727000  3.209144
570.728000  3.224042
570.729000  3.240063
570.730000  3.256936
570.731000  3.274420
570.732000  3.292254
570.733000  3.310099
570.734000  3.327533
570.735000  3.344121
570.736000  3.359499
570.737000  3.373380
570.738000  3.385480
570.739000  3.395494
570.740000  3.403150
570.741000  3.408277
570.742000  3.410805
570.743000  3.410741
570.744000  3.408156
570.745000  3.403191
570.746000  3.396080
570.747000  3.387134
570.748000  3.376698
570.749000  3.365095
570.750000  3.352619
570.751000  3.339560
570.752000  3.326214
570.753000  3.312855
570.754000  3.299714
570.755000  3.287002
570.756000  3.274953
570.757000  3.263860
570.758000  3.254096
570.759000  3.246079
570.760000  3.240212
570.761000  3.236797
570.762000  3.235987
570.763000  3.237783
570.764000  3.242051
570.765000  3.248558
570.766000  3.256996
570.767000  3.267008
570.768000  3.278199
570.769000  3.290153
570.770000  3.302432
570.771000  3.314568
570.772000  3.326043
570.773000  3.336281
570.774000  3.344691
570.775000  3.350754
570.776000  3.354115
570.777000  3.354658
570.778000  3.352527
570.779000  3.348098
570.780000  3.341918
570.781000  3.334623
570.782000  3.326846
570.783000  3.319156
570.784000  3.312009
570.785000  3.305725
570.786000  3.300489
570.787000  3.296362
570.788000  3.293314
570.789000  3.291240
570.790000  3.289973
570.791000  3.289294
570.792000  3.288956
570.793000  3.288715
570.794000  3.288371
570.795000  3.287772
570.796000  3.286785
570.797000  3.285274
570.798000  3.283135
570.799000  3.280360
570.800000  3.277056
570.801000  3.273404
570.802000  3.269593
570.803000  3.265766
570.804000  3.262006
570.805000  3.258361
570.806000  3.254867
570.807000  3.251573
570.808000  3.248529
570.809000  3.245798
570.810000  3.243478
570.811000  3.241714
570.812000  3.240674
570.813000  3.240530
570.814000  3.241444
570.815000  3.243576
570.816000  3.247072
570.817000  3.252023
570.818000  3.258391
570.819000  3.265970
570.820000  3.274423
570.821000  3.283329
570.822000  3.292189
570.823000  3.300427
570.824000  3.307418
570.825000  3.312558
570.826000  3.315356
570.827000  3.315520
570.828000  3.312989
570.829000  3.307890
570.830000  3.300442
570.831000  3.290901
570.832000  3.279581
570.833000  3.266911
570.834000  3.253452
570.835000  3.239879
570.836000  3.226953
570.837000  3.215474
570.838000  3.206233
570.839000  3.199939
570.840000  3.197119
570.841000  3.198032
570.842000  3.202643
570.843000  3.210687
570.844000  3.221747
570.845000  3.235303
570.846000  3.250765
570.847000  3.267496
570.848000  3.284848
570.849000  3.302195
570.850000  3.318971
570.851000  3.334656
570.852000  3.348710
570.853000  3.360562
570.854000  3.369718
570.855000  3.375889
570.856000  3.379030
570.857000  3.379296
570.858000  3.376979
570.859000  3.372442
570.860000  3.366089
570.861000  3.358363
570.862000  3.349739
570.863000  3.340681
570.864000  3.331538
570.865000  3.322484
570.866000  3.313572
570.867000  3.304816
570.868000  3.296227
570.869000  3.287807
570.870000  3.279545
570.871000  3.271449
570.872000  3.263598
570.873000  3.256172
570.874000  3.249365
570.875000  3.243253
570.876000  3.237797
570.877000  3.232984
570.878000  3.228880
570.879000  3.225565
570.880000  3.223082
570.881000  3.221413
570.882000  3.220497
570.883000  3.220277
570.884000  3.220735
570.885000  3.221927
570.886000  3.223947
570.887000  3.226840
570.888000  3.230550
570.889000  3.234971
570.890000  3.240014
570.891000  3.245639
570.892000  3.251845
570.893000  3.258654
570.894000  3.266116
570.895000  3.274336
570.896000  3.283478
570.897000  3.293703
570.898000  3.305045
570.899000  3.317330
570.900000  3.330210
570.901000  3.343251
570.902000  3.355989
570.903000  3.367958
570.904000  3.378710
570.905000  3.387852
570.906000  3.395094
570.907000  3.400286
570.908000  3.403414
570.909000  3.404541
570.910000  3.403693
570.911000  3.400832
570.912000  3.395945
570.913000  3.389129
570.914000  3.380611
570.915000  3.370731
570.916000  3.359913
570.917000  3.348663
570.918000  3.337545
570.919000  3.327149
570.920000  3.317996
570.921000  3.310431
570.922000  3.304589
570.923000  3.300479
570.924000  3.298083
570.925000  3.297389
570.926000  3.298381
570.927000  3.301019
570.928000  3.305218
570.929000  3.310851
570.930000  3.317764
570.931000  3.325785
570.932000  3.334690
570.933000  3.344165
570.934000  3.353853
570.935000  3.363473
570.936000  3.372887
570.937000  3.382106
570.938000  3.391269
570.939000  3.400617
570.940000  3.410483
570.941000  3.421275
570.942000  3.433411
570.943000  3.447151
570.944000  3.462433
570.945000  3.478903
570.946000  3.496076
570.947000  3.513436
570.948000  3.530443
570.949000  3.546553
570.950000  3.561261
570.951000  3.574166
570.952000  3.585052
570.953000  3.593894
570.954000  3.600761
570.955000  3.605663
570.956000  3.608529
570.957000  3.609343
570.958000  3.608228
570.959000  3.605450
570.960000  3.601372
570.961000  3.596405
570.962000  3.590979
570.963000  3.585521
570.964000  3.580451
570.965000  3.576108
570.966000  3.572592
570.967000  3.569708
570.968000  3.567130
570.969000  3.564589
570.970000  3.561956
570.971000  3.559230
570.972000  3.556522
570.973000  3.554048
570.974000  3.552117
570.975000  3.551093
570.976000  3.551297
570.977000  3.552904
570.978000  3.555919
570.979000  3.560236
570.980000  3.565687
570.981000  3.572052
570.982000  3.579053
570.983000  3.586358
570.984000  3.593606
570.985000  3.600463
570.986000  3.606659
570.987000  3.611975
570.988000  3.616174
570.989000  3.618979
570.990000  3.620147
570.991000  3.619559
570.992000  3.617232
570.993000  3.613287
570.994000  3.607912
570.995000  3.601328
570.996000  3.593768
570.997000  3.585454
570.998000  3.576550
570.999000  3.567117
571.000000  3.557083
571.001000  3.546278
571.002000  3.534507
571.003000  3.521608
571.004000  3.507500
571.005000  3.492208
571.006000  3.475889
571.007000  3.458847
571.008000  3.441560
571.009000  3.424657
571.010000  3.408841
571.011000  3.394757
571.011000  3.394757
571.012000  3.382938
571.013000  3.373849
571.014000  3.367913
571.015000  3.365460
571.016000  3.366647
571.017000  3.371413
571.018000  3.379475
571.019000  3.390376
571.020000  3.403532
571.021000  3.418257
571.022000  3.433745
571.023000  3.449093
571.024000  3.463407
571.025000  3.475915
571.026000  3.486038
571.027000  3.493419
571.028000  3.497928
571.029000  3.499678
571.030000  3.499028
571.031000  3.496558
571.032000  3.492965
571.033000  3.488902
571.034000  3.484881
571.035000  3.481306
571.036000  3.478525
571.037000  3.476837
571.038000  3.476469
571.039000  3.477555
571.040000  3.480137
571.041000  3.484186
571.042000  3.489604
571.043000  3.496206
571.044000  3.503670
571.045000  3.511519
571.046000  3.519200
571.047000  3.526192
571.048000  3.532069
571.049000  3.536519
571.050000  3.539337
571.051000  3.540431
571.052000  3.539831
571.053000  3.537698
571.054000  3.534295
571.055000  3.529903
571.056000  3.524777
571.057000  3.519176
571.058000  3.513445
571.059000  3.508034
571.060000  3.503462
571.061000  3.500265
571.062000  3.498955
571.063000  3.500001
571.064000  3.503808
571.065000  3.510635
571.066000  3.520457
571.067000  3.532895
571.068000  3.547318
571.069000  3.562972
571.070000  3.579040
571.071000  3.594663
571.072000  3.608973
571.073000  3.621155
571.074000  3.630514
571.075000  3.636542
571.076000  3.638957
571.077000  3.637683
571.078000  3.632827
571.079000  3.624657
571.080000  3.613584
571.081000  3.600117
571.082000  3.584813
571.083000  3.568222
571.084000  3.550859
571.085000  3.533199
571.086000  3.515698
571.087000  3.498813
571.088000  3.482968
571.089000  3.468417
571.090000  3.455138
571.091000  3.442922
571.092000  3.431544
571.093000  3.420873
571.094000  3.410886
571.095000  3.401654
571.096000  3.393321
571.097000  3.386074
571.098000  3.380111
571.099000  3.375595
571.100000  3.372616
571.101000  3.371161
571.102000  3.371119
571.103000  3.372304
571.104000  3.374489
571.105000  3.377434
571.106000  3.380904
571.107000  3.384689
571.108000  3.388617
571.109000  3.392587
571.110000  3.396608
571.111000  3.400811
571.112000  3.405407
571.113000  3.410585
571.114000  3.416454
571.115000  3.423094
571.116000  3.430616
571.117000  3.439153
571.118000  3.448783
571.119000  3.459442
571.120000  3.470870
571.121000  3.482610
571.122000  3.494063
571.123000  3.504556
571.124000  3.513390
571.125000  3.519874
571.126000  3.523411
571.127000  3.523619
571.128000  3.520400
571.129000  3.513932
571.130000  3.504635
571.131000  3.493130
571.132000  3.480211
571.133000  3.466824
571.134000  3.453986
571.135000  3.442650
571.136000  3.433564
571.137000  3.427216
571.138000  3.423833
571.139000  3.423394
571.140000  3.425639
571.141000  3.430102
571.142000  3.436168
571.143000  3.443157
571.144000  3.450403
571.145000  3.457311
571.146000  3.463359
571.147000  3.468076
571.148000  3.471073
571.149000  3.472127
571.150000  3.471236
571.151000  3.468593
571.152000  3.464509
571.153000  3.459366
571.154000  3.453598
571.155000  3.447700
571.156000  3.442200
571.157000  3.437608
571.158000  3.434343
571.159000  3.432700
571.160000  3.432833
571.161000  3.434746
571.162000  3.438293
571.163000  3.443199
571.164000  3.449104
571.165000  3.455634
571.166000  3.462451
571.167000  3.469285
571.168000  3.475916
571.169000  3.482127
571.170000  3.487679
571.171000  3.492314
571.172000  3.495785
571.173000  3.497888
571.174000  3.498512
571.175000  3.497661
571.176000  3.495464
571.177000  3.492154
571.178000  3.488030
571.179000  3.483412
571.180000  3.478600
571.181000  3.473865
571.182000  3.469446
571.183000  3.465571
571.184000  3.462478
571.185000  3.460413
571.186000  3.459623
571.187000  3.460330
571.188000  3.462711
571.189000  3.466867
571.190000  3.472799
571.191000  3.480378
571.192000  3.489341
571.193000  3.499318
571.194000  3.509883
571.195000  3.520629
571.196000  3.531202
571.197000  3.541304
571.198000  3.550671
571.199000  3.559033
571.200000  3.566097
571.201000  3.571576
571.202000  3.575246
571.203000  3.576990
571.204000  3.576799
571.205000  3.574731
571.206000  3.570896
571.207000  3.565456
571.208000  3.558617
571.209000  3.550591
571.210000  3.541553
571.211000  3.531636
571.212000  3.520952
571.213000  3.509637
571.214000  3.497872
571.215000  3.485875
571.216000  3.473872
571.217000  3.462078
571.218000  3.450676
571.219000  3.439806
571.220000  3.429538
571.221000  3.419853
571.222000  3.410658
571.223000  3.401829
571.224000  3.393262
571.225000  3.384907
571.226000  3.376784
571.227000  3.368968
571.228000  3.361563
571.229000  3.354655
571.230000  3.348285
571.231000  3.342447
571.232000  3.337110
571.233000  3.332236
571.234000  3.327790
571.235000  3.323737
571.236000  3.320043
571.237000  3.316665
571.238000  3.313538
571.239000  3.310528
571.240000  3.307388
571.241000  3.303748
571.242000  3.299155
571.243000  3.293156
571.244000  3.285395
571.245000  3.275697
571.246000  3.264121
571.247000  3.250970
571.248000  3.236731
571.249000  3.221980
571.250000  3.207291
571.251000  3.193198
571.252000  3.180191
571.253000  3.168705
571.254000  3.159113
571.255000  3.151704
571.256000  3.146684
571.257000  3.144152
571.258000  3.144064
571.259000  3.146173
571.260000  3.150002
571.261000  3.154873
571.262000  3.160001
571.263000  3.164600
571.264000  3.167985
571.265000  3.169643
571.266000  3.169285
571.267000  3.166854
571.268000  3.162479
571.269000  3.156407
571.270000  3.148942
571.271000  3.140448
571.272000  3.131364
571.273000  3.122204
571.274000  3.113517
571.275000  3.105833
571.276000  3.099614
571.277000  3.095211
571.278000  3.092817
571.279000  3.092434
571.280000  3.093854
571.281000  3.096692
571.282000  3.100459
571.283000  3.104631
571.284000  3.108706
571.285000  3.112254
571.286000  3.114960
571.287000  3.116652
571.288000  3.117299
571.289000  3.116964
571.290000  3.115751
571.291000  3.113780
571.292000  3.111188
571.293000  3.108129
571.294000  3.104759
571.295000  3.101210
571.296000  3.097577
571.297000  3.093907
571.298000  3.090190
571.299000  3.086350
571.300000  3.082268
571.301000  3.077824
571.302000  3.072953
571.303000  3.067668
571.304000  3.062071
571.305000  3.056355
571.306000  3.050804
571.307000  3.045766
571.308000  3.041595
571.309000  3.038572
571.310000  3.036856
571.311000  3.036482
571.312000  3.037410
571.313000  3.039551
571.314000  3.042800
571.315000  3.047040
571.316000  3.052145
571.317000  3.057965
571.318000  3.064302
571.319000  3.070876
571.320000  3.077332
571.321000  3.083290
571.322000  3.088405
571.323000  3.092430
571.324000  3.095248
571.325000  3.096896
571.326000  3.097559
571.327000  3.097527
571.328000  3.097121
571.329000  3.096603
571.330000  3.096140
571.331000  3.095810
571.332000  3.095634
571.333000  3.095595
571.334000  3.095664
571.335000  3.095814
571.336000  3.096029
571.337000  3.096271
571.338000  3.096431
571.339000  3.096298
571.340000  3.095591
571.341000  3.094044
571.342000  3.091478
571.343000  3.087839
571.344000  3.083210
571.345000  3.077782
571.346000  3.071803
571.347000  3.065509
571.348000  3.059056
571.349000  3.052488
571.350000  3.045763
571.351000  3.038802
571.352000  3.031539
571.353000  3.023953
571.354000  3.016093
571.355000  3.008100
571.356000  3.000197
571.357000  2.992658
571.358000  2.985739
571.359000  2.979626
571.360000  2.974432
571.361000  2.970241
571.362000  2.967154
571.363000  2.965318
571.364000  2.964932
571.365000  2.966220
571.366000  2.969389
571.367000  2.974554
571.368000  2.981695
571.369000  2.990640
571.370000  3.001093
571.371000  3.012670
571.372000  3.024928
571.373000  3.037395
571.374000  3.049608
571.375000  3.061142
571.376000  3.071631
571.377000  3.080778
571.378000  3.088362
571.379000  3.094255
571.380000  3.098462
571.381000  3.101131
571.382000  3.102557
571.383000  3.103159
571.384000  3.103453
571.385000  3.104022
571.386000  3.105484
571.387000  3.108442
571.388000  3.113430
571.389000  3.120878
571.390000  3.131073
571.391000  3.144131
571.392000  3.159986
571.393000  3.178387
571.394000  3.198929
571.395000  3.221092
571.396000  3.244281
571.397000  3.267850
571.398000  3.291128
571.399000  3.313451
571.400000  3.334199
571.401000  3.352819
571.402000  3.368861
571.403000  3.382006
571.404000  3.392099
571.405000  3.399169
571.406000  3.403437
571.407000  3.405283
571.408000  3.405206
571.409000  3.403776
571.410000  3.401586
571.411000  3.399221
571.412000  3.397232
571.413000  3.396122
571.414000  3.396329
571.415000  3.398202
571.416000  3.401971
571.417000  3.407717
571.418000  3.415369
571.419000  3.424744
571.420000  3.435598
571.421000  3.447682
571.422000  3.460769
571.423000  3.474667
571.424000  3.489189
571.425000  3.504114
571.426000  3.519134
571.427000  3.533846
571.428000  3.547786
571.429000  3.560494
571.430000  3.571580
571.431000  3.580754
571.432000  3.587840
571.433000  3.592772
571.434000  3.595578
571.435000  3.596336
571.436000  3.595159
571.437000  3.592215
571.438000  3.587770
571.439000  3.582220
571.440000  3.576072
571.441000  3.569895
571.442000  3.564259
571.443000  3.559665
571.444000  3.556487
571.445000  3.554924
571.446000  3.554993
571.447000  3.556565
571.448000  3.559412
571.449000  3.563273
571.450000  3.567897
571.451000  3.573069
571.452000  3.578586
571.453000  3.584214
571.454000  3.589628
571.455000  3.594423
571.456000  3.598166
571.457000  3.600486
571.458000  3.601144
571.459000  3.600076
571.460000  3.597409
571.461000  3.593439
571.462000  3.588564
571.463000  3.583196
571.464000  3.577690
571.465000  3.572326
571.466000  3.567321
571.467000  3.562856
571.468000  3.559089
571.469000  3.556154
571.470000  3.554164
571.471000  3.553195
571.472000  3.553263
571.473000  3.554279
571.474000  3.556030
571.475000  3.558187
571.476000  3.560360
571.477000  3.562159
571.478000  3.563257
571.479000  3.563422
571.480000  3.562529
571.481000  3.560541
571.482000  3.557463
571.483000  3.553300
571.484000  3.548053
571.485000  3.541754
571.486000  3.534508
571.487000  3.526507
571.488000  3.518017
571.489000  3.509359
571.490000  3.500881
571.491000  3.492941
571.492000  3.485879
571.493000  3.479989
571.494000  3.475494
571.495000  3.472532
571.496000  3.471143
571.497000  3.471271
571.498000  3.472777
571.499000  3.475473
571.500000  3.479168
571.501000  3.483699
571.502000  3.488939
571.503000  3.494779
571.504000  3.501121
571.505000  3.507891
571.506000  3.515052
571.507000  3.522590
571.508000  3.530482
571.509000  3.538681
571.510000  3.547099
571.511000  3.555588
571.511000  3.555588
571.512000  3.563915
571.513000  3.571755
571.514000  3.578698
571.515000  3.584280
571.516000  3.588022
571.517000  3.589470
571.518000  3.588233
571.519000  3.584020
571.520000  3.576659
571.521000  3.566114
571.522000  3.552492
571.523000  3.536034
571.524000  3.517110
571.525000  3.496222
571.526000  3.474016
571.527000  3.451285
571.528000  3.428930
571.529000  3.407880
571.530000  3.388990
571.531000  3.372929
571.532000  3.360101
571.533000  3.350610
571.534000  3.344312
571.535000  3.340901
571.536000  3.339980
571.537000  3.341102
571.538000  3.343778
571.539000  3.347474
571.540000  3.351611
571.541000  3.355586
571.542000  3.358806
571.543000  3.360721
571.544000  3.360824
571.545000  3.358625
571.546000  3.353692
571.547000  3.345782
571.548000  3.334948
571.549000  3.321545
571.550000  3.306157
571.551000  3.289470
571.552000  3.272161
571.553000  3.254842
571.554000  3.238071
571.555000  3.222391
571.556000  3.208357
571.557000  3.196501
571.558000  3.187294
571.559000  3.181112
571.560000  3.178214
571.561000  3.178698
571.562000  3.182442
571.563000  3.189071
571.564000  3.197974
571.565000  3.208379
571.566000  3.219448
571.567000  3.230379
571.568000  3.240463
571.569000  3.249075
571.570000  3.255638
571.571000  3.259617
571.572000  3.260581
571.573000  3.258261
571.574000  3.252567
571.575000  3.243589
571.576000  3.231590
571.577000  3.216991
571.578000  3.200358
571.579000  3.182380
571.580000  3.163836
571.581000  3.145538
571.582000  3.128214
571.583000  3.112422
571.584000  3.098564
571.585000  3.086968
571.586000  3.077933
571.587000  3.071726
571.588000  3.068561
571.589000  3.068585
571.590000  3.071875
571.591000  3.078426
571.592000  3.088115
571.593000  3.100620
571.594000  3.115351
571.595000  3.131465
571.596000  3.147982
571.597000  3.163917
571.598000  3.178383
571.599000  3.190657
571.600000  3.200224
571.601000  3.206794
571.602000  3.210307
571.603000  3.210913
571.604000  3.208956
571.605000  3.204954
571.606000  3.199533
571.607000  3.193316
571.608000  3.186843
571.609000  3.180588
571.610000  3.174999
571.611000  3.170488
571.612000  3.167366
571.613000  3.165784
571.614000  3.165718
571.615000  3.167026
571.616000  3.169515
571.617000  3.172974
571.618000  3.177130
571.619000  3.181616
571.620000  3.186047
571.621000  3.190118
571.622000  3.193628
571.623000  3.196458
571.624000  3.198560
571.625000  3.199983
571.626000  3.200891
571.627000  3.201570
571.628000  3.202412
571.629000  3.203850
571.630000  3.206256
571.631000  3.209839
571.632000  3.214619
571.633000  3.220466
571.634000  3.227162
571.635000  3.234445
571.636000  3.242037
571.637000  3.249665
571.638000  3.257084
571.639000  3.264094
571.640000  3.270545
571.641000  3.276298
571.642000  3.281162
571.643000  3.284878
571.644000  3.287173
571.645000  3.287855
571.646000  3.286872
571.647000  3.284301
571.648000  3.280313
571.649000  3.275121
571.650000  3.268941
571.651000  3.261976
571.652000  3.254415
571.653000  3.246461
571.654000  3.238341
571.655000  3.230303
571.656000  3.222599
571.657000  3.215483
571.658000  3.209209
571.659000  3.204038
571.660000  3.200223
571.661000  3.197975
571.662000  3.197428
571.663000  3.198626
571.664000  3.201523
571.665000  3.205999
571.666000  3.211880
571.667000  3.218954
571.668000  3.226989
571.669000  3.235733
571.670000  3.244916
571.671000  3.254234
571.672000  3.263335
571.673000  3.271835
571.674000  3.279355
571.675000  3.285568
571.676000  3.290242
571.677000  3.293260
571.678000  3.294629
571.679000  3.294480
571.680000  3.293040
571.681000  3.290585
571.682000  3.287388
571.683000  3.283671
571.684000  3.279596
571.685000  3.275284
571.686000  3.270841
571.687000  3.266387
571.688000  3.262061
571.689000  3.258016
571.690000  3.254392
571.691000  3.251273
571.692000  3.248647
571.693000  3.246411
571.694000  3.244408
571.695000  3.242485
571.696000  3.240537
571.697000  3.238540
571.698000  3.236572
571.699000  3.234814
571.700000  3.233498
571.701000  3.232828
571.702000  3.232914
571.703000  3.233771
571.704000  3.235371
571.705000  3.237702
571.706000  3.240790
571.707000  3.244677
571.708000  3.249386
571.709000  3.254897
571.710000  3.261124
571.711000  3.267900
571.712000  3.274958
571.713000  3.281954
571.714000  3.288541
571.715000  3.294464
571.716000  3.299618
571.717000  3.304073
571.718000  3.308040
571.719000  3.311793
571.720000  3.315565
571.721000  3.319474
571.722000  3.323503
571.723000  3.327574
571.724000  3.331649
571.725000  3.335788
571.726000  3.340152
571.727000  3.344956
571.728000  3.350423
571.729000  3.356731
571.730000  3.363964
571.731000  3.372052
571.732000  3.380738
571.733000  3.389592
571.734000  3.398086
571.735000  3.405674
571.736000  3.411846
571.737000  3.416179
571.738000  3.418374
571.739000  3.418294
571.740000  3.415970
571.741000  3.411547
571.742000  3.405200
571.743000  3.397108
571.744000  3.387521
571.745000  3.376848
571.746000  3.365677
571.747000  3.354739
571.748000  3.344847
571.749000  3.336817
571.750000  3.331390
571.751000  3.329146
571.752000  3.330435
571.753000  3.335344
571.754000  3.343711
571.755000  3.355148
571.756000  3.369085
571.757000  3.384828
571.758000  3.401635
571.759000  3.418780
571.760000  3.435587
571.761000  3.451429
571.762000  3.465698
571.763000  3.477802
571.764000  3.487208
571.765000  3.493499
571.766000  3.496414
571.767000  3.495893
571.768000  3.492119
571.769000  3.485536
571.770000  3.476796
571.771000  3.466639
571.772000  3.455751
571.773000  3.444699
571.774000  3.433954
571.775000  3.423943
571.776000  3.415061
571.777000  3.407629
571.778000  3.401862
571.779000  3.397855
571.780000  3.395604
571.781000  3.395024
571.782000  3.395937
571.783000  3.398082
571.784000  3.401148
571.785000  3.404812
571.786000  3.408761
571.787000  3.412685
571.788000  3.416276
571.789000  3.419228
571.790000  3.421234
571.791000  3.421961
571.792000  3.421029
571.793000  3.418053
571.794000  3.412739
571.795000  3.404983
571.796000  3.394920
571.797000  3.382928
571.798000  3.369597
571.799000  3.355666
571.800000  3.341922
571.801000  3.329104
571.802000  3.317849
571.803000  3.308694
571.804000  3.302102
571.805000  3.298460
571.806000  3.298046
571.807000  3.301011
571.808000  3.307361
571.809000  3.316944
571.810000  3.329412
571.811000  3.344169
571.812000  3.360367
571.813000  3.376988
571.814000  3.392982
571.815000  3.407396
571.816000  3.419462
571.817000  3.428665
571.818000  3.434766
571.819000  3.437790
571.820000  3.437950
571.821000  3.435552
571.822000  3.430947
571.823000  3.424548
571.824000  3.416839
571.825000  3.408362
571.826000  3.399692
571.827000  3.391395
571.828000  3.383995
571.829000  3.377925
571.830000  3.373499
571.831000  3.370898
571.832000  3.370222
571.833000  3.371537
571.834000  3.374877
571.835000  3.380198
571.836000  3.387359
571.837000  3.396176
571.838000  3.406482
571.839000  3.418130
571.840000  3.430900
571.841000  3.444423
571.842000  3.458179
571.843000  3.471577
571.844000  3.484056
571.845000  3.495167
571.846000  3.504624
571.847000  3.512314
571.848000  3.518253
571.849000  3.522514
571.850000  3.525165
571.851000  3.526262
571.852000  3.525907
571.853000  3.524299
571.854000  3.521764
571.855000  3.518741
571.856000  3.515754
571.857000  3.513370
571.858000  3.512112
571.859000  3.512327
571.860000  3.514088
571.861000  3.517202
571.862000  3.521308
571.863000  3.525991
571.864000  3.530851
571.865000  3.535535
571.866000  3.539775
571.867000  3.543425
571.868000  3.546475
571.869000  3.549023
571.870000  3.551144
571.871000  3.552755
571.872000  3.553629
571.873000  3.553547
571.874000  3.552463
571.875000  3.550553
571.876000  3.548184
571.877000  3.545842
571.878000  3.544058
571.879000  3.543329
571.880000  3.544046
571.881000  3.546453
571.882000  3.550612
571.883000  3.556406
571.884000  3.563580
571.885000  3.571823
571.886000  3.580816
571.887000  3.590261
571.888000  3.599871
571.889000  3.609342
571.890000  3.618303
571.891000  3.626302
571.892000  3.632871
571.893000  3.637611
571.894000  3.640232
571.895000  3.640547
571.896000  3.638529
571.897000  3.634379
571.898000  3.628493
571.899000  3.621345
571.900000  3.613374
571.901000  3.604970
571.902000  3.596527
571.903000  3.588480
571.904000  3.581316
571.905000  3.575520
571.906000  3.571487
571.907000  3.569430
571.908000  3.569379
571.909000  3.571174
571.910000  3.574453
571.911000  3.578686
571.912000  3.583263
571.913000  3.587614
571.914000  3.591306
571.915000  3.594132
571.916000  3.596116
571.917000  3.597409
571.918000  3.598113
571.919000  3.598201
571.920000  3.597603
571.921000  3.596339
571.922000  3.594577
571.923000  3.592612
571.924000  3.590821
571.925000  3.589630
571.926000  3.589472
571.927000  3.590732
571.928000  3.593627
571.929000  3.598094
571.930000  3.603778
571.931000  3.610165
571.932000  3.616741
571.933000  3.623096
571.934000  3.628955
571.935000  3.634197
571.936000  3.638844
571.937000  3.643028
571.938000  3.646922
571.939000  3.650679
571.940000  3.654414
571.941000  3.658237
571.942000  3.662329
571.943000  3.666984
571.944000  3.672556
571.945000  3.679366
571.946000  3.687605
571.947000  3.697269
571.948000  3.708170
571.949000  3.720017
571.950000  3.732495
571.951000  3.745271
571.952000  3.757927
571.953000  3.769943
571.954000  3.780797
571.955000  3.790083
571.956000  3.797560
571.957000  3.803123
571.958000  3.806756
571.959000  3.808520
571.960000  3.808568
571.961000  3.807151
571.962000  3.804609
571.963000  3.801346
571.964000  3.797831
571.965000  3.794584
571.966000  3.792121
571.967000  3.790838
571.968000  3.790921
571.969000  3.792345
571.970000  3.794945
571.971000  3.798508
571.972000  3.802836
571.973000  3.807796
571.974000  3.813321
571.975000  3.819352
571.976000  3.825744
571.977000  3.832201
571.978000  3.838295
571.979000  3.843517
571.980000  3.847352
571.981000  3.849339
571.982000  3.849099
571.983000  3.846369
571.984000  3.841028
571.985000  3.833095
571.986000  3.822687
571.987000  3.809924
571.988000  3.794883
571.989000  3.777625
571.990000  3.758297
571.991000  3.737187
571.992000  3.714737
571.993000  3.691524
571.994000  3.668224
571.995000  3.645559
571.996000  3.624200
571.997000  3.604685
571.998000  3.587382
571.999000  3.572531
572.000000  3.560278
572.001000  3.550710
572.002000  3.543872
572.003000  3.539787
572.004000  3.538451
572.005000  3.539814
572.006000  3.543727
572.007000  3.549897
572.008000  3.557868
572.009000  3.567079
572.010000  3.576934
572.011000  3.586868
572.011000  3.586868
572.012000  3.596397
572.013000  3.605151
572.014000  3.612881
572.015000  3.619417
572.016000  3.624572
572.017000  3.628054
572.018000  3.629498
572.019000  3.628621
572.020000  3.625366
572.021000  3.619942
572.022000  3.612756
572.023000  3.604326
572.024000  3.595219
572.025000  3.586015
572.026000  3.577255
572.027000  3.569386
572.028000  3.562722
572.029000  3.557429
572.030000  3.553526
572.031000  3.550881
572.032000  3.549217
572.033000  3.548131
572.034000  3.547144
572.035000  3.545764
572.036000  3.543516
572.037000  3.539937
572.038000  3.534567
572.039000  3.527000
572.040000  3.516981
572.041000  3.504484
572.042000  3.489743
572.043000  3.473234
572.044000  3.455628
572.045000  3.437695
572.046000  3.420186
572.047000  3.403729
572.048000  3.388806
572.049000  3.375793
572.050000  3.365010
572.051000  3.356726
572.052000  3.351147
572.053000  3.348402
572.054000  3.348533
572.055000  3.351479
572.056000  3.357043
572.057000  3.364808
572.058000  3.374082
572.059000  3.383928
572.060000  3.393295
572.061000  3.401180
572.062000  3.406776
572.063000  3.409559
572.064000  3.409333
572.065000  3.406193
572.066000  3.400411
572.067000  3.392310
572.068000  3.382200
572.069000  3.370389
572.070000  3.357205
572.071000  3.343036
572.072000  3.328360
572.073000  3.313752
572.074000  3.299838
572.075000  3.287225
572.076000  3.276407
572.077000  3.267706
572.078000  3.261279
572.079000  3.257177
572.080000  3.255381
572.081000  3.255797
572.082000  3.258251
572.083000  3.262538
572.084000  3.268475
572.085000  3.275876
572.086000  3.284445
572.087000  3.293695
572.088000  3.302978
572.089000  3.311613
572.090000  3.319011
572.091000  3.324755
572.092000  3.328633
572.093000  3.330617
572.094000  3.330828
572.095000  3.329469
572.096000  3.326763
572.097000  3.322930
572.098000  3.318204
572.099000  3.312861
572.100000  3.307226
572.101000  3.301652
572.102000  3.296520
572.103000  3.292211
572.104000  3.289071
572.105000  3.287317
572.106000  3.286935
572.107000  3.287648
572.108000  3.288988
572.109000  3.290405
572.110000  3.291364
572.111000  3.291412
572.112000  3.290218
572.113000  3.287592
572.114000  3.283474
572.115000  3.277875
572.116000  3.270843
572.117000  3.262482
572.118000  3.252991
572.119000  3.242673
572.120000  3.231901
572.121000  3.221088
572.122000  3.210663
572.123000  3.201043
572.124000  3.192593
572.125000  3.185581
572.126000  3.180144
572.127000  3.176305
572.128000  3.174019
572.129000  3.173187
572.130000  3.173663
572.131000  3.175248
572.132000  3.177701
572.133000  3.180750
572.134000  3.184087
572.135000  3.187342
572.136000  3.190079
572.137000  3.191864
572.138000  3.192358
572.139000  3.191369
572.140000  3.188854
572.141000  3.184912
572.142000  3.179783
572.143000  3.173820
572.144000  3.167423
572.145000  3.160942
572.146000  3.154618
572.147000  3.148575
572.148000  3.142848
572.149000  3.137418
572.150000  3.132231
572.151000  3.127220
572.152000  3.122322
572.153000  3.117483
572.154000  3.112638
572.155000  3.107692
572.156000  3.102544
572.157000  3.097151
572.158000  3.091564
572.159000  3.085876
572.160000  3.080188
572.161000  3.074658
572.162000  3.069549
572.163000  3.065189
572.164000  3.061855
572.165000  3.059684
572.166000  3.058659
572.167000  3.058679
572.168000  3.059639
572.169000  3.061484
572.170000  3.064157
572.171000  3.067517
572.172000  3.071357
572.173000  3.075488
572.174000  3.079741
572.175000  3.083909
572.176000  3.087737
572.177000  3.090975
572.178000  3.093456
572.179000  3.095156
572.180000  3.096216
572.181000  3.096912
572.182000  3.097546
572.183000  3.098337
572.184000  3.099379
572.185000  3.100672
572.186000  3.102192
572.187000  3.103942
572.188000  3.105971
572.189000  3.108357
572.190000  3.111197
572.191000  3.114609
572.192000  3.118716
572.193000  3.123594
572.194000  3.129164
572.195000  3.135133
572.196000  3.141072
572.197000  3.146573
572.198000  3.151353
572.199000  3.155269
572.200000  3.158302
572.201000  3.160529
572.202000  3.162102
572.203000  3.163204
572.204000  3.163999
572.205000  3.164586
572.206000  3.164973
572.207000  3.165115
572.208000  3.164994
572.209000  3.164677
572.210000  3.164312
572.211000  3.164091
572.212000  3.164199
572.213000  3.164769
572.214000  3.165878
572.215000  3.167603
572.216000  3.170074
572.217000  3.173461
572.218000  3.177904
572.219000  3.183490
572.220000  3.190270
572.221000  3.198283
572.222000  3.207523
572.223000  3.217894
572.224000  3.229172
572.225000  3.241003
572.226000  3.252918
572.227000  3.264335
572.228000  3.274550
572.229000  3.282745
572.230000  3.288057
572.231000  3.289713
572.232000  3.287152
572.233000  3.280097
572.234000  3.268570
572.235000  3.252889
572.236000  3.233655
572.237000  3.211717
572.238000  3.188107
572.239000  3.163930
572.240000  3.140251
572.241000  3.118012
572.242000  3.098001
572.243000  3.080844
572.244000  3.066993
572.245000  3.056734
572.246000  3.050201
572.247000  3.047404
572.248000  3.048250
572.249000  3.052535
572.250000  3.059921
572.251000  3.069887
572.252000  3.081754
572.253000  3.094744
572.254000  3.108063
572.255000  3.120968
572.256000  3.132819
572.257000  3.143127
572.258000  3.151587
572.259000  3.158093
572.260000  3.162711
572.261000  3.165597
572.262000  3.166910
572.263000  3.166749
572.264000  3.165160
572.265000  3.162188
572.266000  3.157949
572.267000  3.152682
572.268000  3.146768
572.269000  3.140712
572.270000  3.135098
572.271000  3.130508
572.272000  3.127432
572.273000  3.126178
572.274000  3.126821
572.275000  3.129218
572.276000  3.133094
572.277000  3.138157
572.278000  3.144165
572.279000  3.150943
572.280000  3.158330
572.281000  3.166110
572.282000  3.173955
572.283000  3.181416
572.284000  3.187995
572.285000  3.193236
572.286000  3.196756
572.287000  3.198230
572.288000  3.197411
572.289000  3.194193
572.290000  3.188640
572.291000  3.180955
572.292000  3.171439
572.293000  3.160509
572.294000  3.148736
572.295000  3.136893
572.296000  3.125906
572.297000  3.116734
572.298000  3.110193
572.299000  3.106919
572.300000  3.107403
572.301000  3.111993
572.302000  3.120833
572.303000  3.133796
572.304000  3.150444
572.305000  3.170034
572.306000  3.191568
572.307000  3.213895
572.308000  3.235819
572.309000  3.256166
572.310000  3.273816
572.311000  3.287769
572.312000  3.297268
572.313000  3.301897
572.314000  3.301633
572.315000  3.296836
572.316000  3.288189
572.317000  3.276635
572.318000  3.263299
572.319000  3.249400
572.320000  3.236128
572.321000  3.224523
572.322000  3.215385
572.323000  3.209247
572.324000  3.206405
572.325000  3.206940
572.326000  3.210727
572.327000  3.217449
572.328000  3.226624
572.329000  3.237671
572.330000  3.249982
572.331000  3.263007
572.332000  3.276310
572.333000  3.289564
572.334000  3.302492
572.335000  3.314859
572.336000  3.326523
572.337000  3.337479
572.338000  3.347849
572.339000  3.357825
572.340000  3.367611
572.341000  3.377374
572.342000  3.387202
572.343000  3.397074
572.344000  3.406852
572.345000  3.416291
572.346000  3.425074
572.347000  3.432847
572.348000  3.439239
572.349000  3.443874
572.350000  3.446376
572.351000  3.446417
572.352000  3.443769
572.353000  3.438366
572.354000  3.430337
572.355000  3.420023
572.356000  3.407967
572.357000  3.394873
572.358000  3.381531
572.359000  3.368719
572.360000  3.357114
572.361000  3.347240
572.362000  3.339448
572.363000  3.333937
572.364000  3.330773
572.365000  3.329921
572.366000  3.331261
572.367000  3.334600
572.368000  3.339657
572.369000  3.346041
572.370000  3.353252
572.371000  3.360708
572.372000  3.367814
572.373000  3.374044
572.374000  3.379005
572.375000  3.382481
572.376000  3.384456
572.377000  3.385098
572.378000  3.384721
572.379000  3.383723
572.380000  3.382509
572.381000  3.381434
572.382000  3.380787
572.383000  3.380791
572.384000  3.381616
572.385000  3.383385
572.386000  3.386166
572.387000  3.389963
572.388000  3.394699
572.389000  3.400206
572.390000  3.406232
572.391000  3.412453
572.392000  3.418499
572.393000  3.423954
572.394000  3.428356
572.395000  3.431223
572.396000  3.432139
572.397000  3.430835
572.398000  3.427222
572.399000  3.421389
572.400000  3.413563
572.401000  3.404070
572.402000  3.393303
572.403000  3.381699
572.404000  3.369722
572.405000  3.357851
572.406000  3.346554
572.407000  3.336260
572.408000  3.327339
572.409000  3.320094
572.410000  3.314766
572.411000  3.311520
572.412000  3.310427
572.413000  3.311449
572.414000  3.314433
572.415000  3.319141
572.416000  3.325276
572.417000  3.332500
572.418000  3.340429
572.419000  3.348636
572.420000  3.356680
572.421000  3.364152
572.422000  3.370695
572.423000  3.376018
572.424000  3.379899
572.425000  3.382201
572.426000  3.382884
572.427000  3.382021
572.428000  3.379800
572.429000  3.376509
572.430000  3.372503
572.431000  3.368155
572.432000  3.363822
572.433000  3.359817
572.434000  3.356403
572.435000  3.353783
572.436000  3.352115
572.437000  3.351517
572.438000  3.352087
572.439000  3.353908
572.440000  3.357040
572.441000  3.361494
572.442000  3.367192
572.443000  3.373947
572.444000  3.381469
572.445000  3.389393
572.446000  3.397313
572.447000  3.404818
572.448000  3.411529
572.449000  3.417132
572.450000  3.421400
572.451000  3.424210
572.452000  3.425549
572.453000  3.425494
572.454000  3.424190
572.455000  3.421828
572.456000  3.418626
572.457000  3.414837
572.458000  3.410753
572.459000  3.406702
572.460000  3.403036
572.461000  3.400105
572.462000  3.398221
572.463000  3.397628
572.464000  3.398460
572.465000  3.400716
572.466000  3.404246
572.467000  3.408762
572.468000  3.413892
572.469000  3.419239
572.470000  3.424449
572.471000  3.429272
572.472000  3.433589
572.473000  3.437421
572.474000  3.440883
572.475000  3.444107
572.476000  3.447171
572.477000  3.450071
572.478000  3.452760
572.479000  3.455201
572.480000  3.457386
572.481000  3.459337
572.482000  3.461087
572.483000  3.462658
572.484000  3.464031
572.485000  3.465116
572.486000  3.465742
572.487000  3.465697
572.488000  3.464815
572.489000  3.463059
572.490000  3.460558
572.491000  3.457616
572.492000  3.454686
572.493000  3.452323
572.494000  3.451097
572.495000  3.451493
572.496000  3.453819
572.497000  3.458172
572.498000  3.464462
572.499000  3.472448
572.500000  3.481762
572.501000  3.491937
572.502000  3.502439
572.503000  3.512707
572.504000  3.522180
572.505000  3.530309
572.506000  3.536556
572.507000  3.540406
572.508000  3.541411
572.509000  3.539267
572.510000  3.533897
572.511000  3.525510
572.511000  3.525510
572.512000  3.514604
572.513000  3.501924
572.514000  3.488373
572.515000  3.474899
572.516000  3.462402
572.517000  3.451672
572.518000  3.443345
572.519000  3.437861
572.520000  3.435411
572.521000  3.435931
572.522000  3.439132
572.523000  3.444568
572.524000  3.451675
572.525000  3.459774
572.526000  3.468076
572.527000  3.475725
572.528000  3.481897
572.529000  3.485909
572.530000  3.487307
572.531000  3.485876
572.532000  3.481586
572.533000  3.474548
572.534000  3.464999
572.535000  3.453284
572.536000  3.439800
572.537000  3.424972
572.538000  3.409250
572.539000  3.393122
572.540000  3.377110
572.541000  3.361759
572.542000  3.347593
572.543000  3.335055
572.544000  3.324463
572.545000  3.316022
572.546000  3.309885
572.547000  3.306211
572.548000  3.305185
572.549000  3.306964
572.550000  3.311613
572.551000  3.319051
572.552000  3.329043
572.553000  3.341200
572.554000  3.354947
572.555000  3.369504
572.556000  3.383953
572.557000  3.397398
572.558000  3.409091
572.559000  3.418491
572.560000  3.425248
572.561000  3.429190
572.562000  3.430297
572.563000  3.428684
572.564000  3.424564
572.565000  3.418187
572.566000  3.409784
572.567000  3.399586
572.568000  3.387896
572.569000  3.375147
572.570000  3.361882
572.571000  3.348689
572.572000  3.336146
572.573000  3.324772
572.574000  3.314991
572.575000  3.307101
572.576000  3.301258
572.577000  3.297465
572.578000  3.295575
572.579000  3.295336
572.580000  3.296519
572.581000  3.299014
572.582000  3.302848
572.583000  3.308121
572.584000  3.314891
572.585000  3.323081
572.586000  3.332445
572.587000  3.342604
572.588000  3.353105
572.589000  3.363458
572.590000  3.373166
572.591000  3.381756
572.592000  3.388842
572.593000  3.394178
572.594000  3.397665
572.595000  3.399307
572.596000  3.399181
572.597000  3.397435
572.598000  3.394310
572.599000  3.390158
572.600000  3.385450
572.601000  3.380758
572.602000  3.376727
572.603000  3.373998
572.604000  3.373102
572.605000  3.374368
572.606000  3.377898
572.607000  3.383604
572.608000  3.391270
572.609000  3.400596
572.610000  3.411232
572.611000  3.422807
572.612000  3.434958
572.613000  3.447338
572.614000  3.459591
572.615000  3.471345
572.616000  3.482244
572.617000  3.492010
572.618000  3.500464
572.619000  3.507506
572.620000  3.513122
572.621000  3.517414
572.622000  3.520594
572.623000  3.522926
572.624000  3.524610
572.625000  3.525724
572.626000  3.526252
572.627000  3.526162
572.628000  3.525479
572.629000  3.524314
572.630000  3.522869
572.631000  3.521405
572.632000  3.520179
572.633000  3.519340
572.634000  3.518879
572.635000  3.518657
572.636000  3.518520
572.637000  3.518381
572.638000  3.518240
572.639000  3.518170
572.640000  3.518283
572.641000  3.518707
572.642000  3.519567
572.643000  3.520930
572.644000  3.522737
572.645000  3.524762
572.646000  3.526671
572.647000  3.528154
572.648000  3.529034
572.649000  3.529294
572.650000  3.529076
572.651000  3.528649
572.652000  3.528358
572.653000  3.528548
572.654000  3.529513
572.655000  3.531475
572.656000  3.534597
572.657000  3.538972
572.658000  3.544627
572.659000  3.551539
572.660000  3.559634
572.661000  3.568775
572.662000  3.578737
572.663000  3.589191
572.664000  3.599724
572.665000  3.609900
572.666000  3.619311
572.667000  3.627541
572.668000  3.634116
572.669000  3.638574
572.670000  3.640609
572.671000  3.640146
572.672000  3.637318
572.673000  3.632391
572.674000  3.625700
572.675000  3.617641
572.676000  3.608674
572.677000  3.599277
572.678000  3.589876
572.679000  3.580839
572.680000  3.572541
572.681000  3.565392
572.682000  3.559759
572.683000  3.555873
572.684000  3.553784
572.685000  3.553430
572.686000  3.554727
572.687000  3.557602
572.688000  3.561924
572.689000  3.567454
572.690000  3.573933
572.691000  3.581169
572.692000  3.589015
572.693000  3.597266
572.694000  3.605615
572.695000  3.613676
572.696000  3.621043
572.697000  3.627338
572.698000  3.632243
572.699000  3.635519
572.700000  3.637009
572.701000  3.636604
572.702000  3.634211
572.703000  3.629703
572.704000  3.622940
572.705000  3.613845
572.706000  3.602494
572.707000  3.589171
572.708000  3.574411
572.709000  3.559000
572.710000  3.543925
572.711000  3.530202
572.712000  3.518625
572.713000  3.509627
572.714000  3.503350
572.715000  3.499772
572.716000  3.498770
572.717000  3.500144
572.718000  3.503633
572.719000  3.508958
572.720000  3.515853
572.721000  3.524059
572.722000  3.533243
572.723000  3.542928
572.724000  3.552513
572.725000  3.561394
572.726000  3.569076
572.727000  3.575202
572.728000  3.579555
572.729000  3.582037
572.730000  3.582646
572.731000  3.581436
572.732000  3.578454
572.733000  3.573722
572.734000  3.567287
572.735000  3.559301
572.736000  3.550058
572.737000  3.539991
572.738000  3.529656
572.739000  3.519719
572.740000  3.510900
572.741000  3.503878
572.742000  3.499174
572.743000  3.497076
572.744000  3.497647
572.745000  3.500790
572.746000  3.506297
572.747000  3.513861
572.748000  3.523086
572.749000  3.533493
572.750000  3.544536
572.751000  3.555596
572.752000  3.565980
572.753000  3.574951
572.754000  3.581829
572.755000  3.586107
572.756000  3.587521
572.757000  3.586057
572.758000  3.581930
572.759000  3.575540
572.760000  3.567390
572.761000  3.557974
572.762000  3.547668
572.763000  3.536692
572.764000  3.525174
572.765000  3.513208
572.766000  3.500905
572.767000  3.488403
572.768000  3.475877
572.769000  3.463535
572.770000  3.451600
572.771000  3.440273
572.772000  3.429683
572.773000  3.419881
572.774000  3.410922
572.775000  3.402929
572.776000  3.396128
572.777000  3.390816
572.778000  3.387298
572.779000  3.385817
572.780000  3.386480
572.781000  3.389160
572.782000  3.393436
572.783000  3.398614
572.784000  3.403843
572.785000  3.408253
572.786000  3.411062
572.787000  3.411656
572.788000  3.409633
572.789000  3.404816
572.790000  3.397227
572.791000  3.387010
572.792000  3.374348
572.793000  3.359469
572.794000  3.342698
572.795000  3.324502
572.796000  3.305464
572.797000  3.286235
572.798000  3.267493
572.799000  3.249908
572.800000  3.234096
572.801000  3.220534
572.802000  3.209477
572.803000  3.200951
572.804000  3.194823
572.805000  3.190879
572.806000  3.188896
572.807000  3.188678
572.808000  3.190063
572.809000  3.192907
572.810000  3.197047
572.811000  3.202237
572.812000  3.208114
572.813000  3.214223
572.814000  3.220120
572.815000  3.225446
572.816000  3.229970
572.817000  3.233598
572.818000  3.236380
572.819000  3.238475
572.820000  3.240078
572.821000  3.241292
572.822000  3.242050
572.823000  3.242139
572.824000  3.241315
572.825000  3.239387
572.826000  3.236276
572.827000  3.232032
572.828000  3.226836
572.829000  3.220963
572.830000  3.214694
572.831000  3.208207
572.832000  3.201535
572.833000  3.194615
572.834000  3.187372
572.835000  3.179758
572.836000  3.171764
572.837000  3.163434
572.838000  3.154891
572.839000  3.146312
572.840000  3.137875
572.841000  3.129677
572.842000  3.121723
572.843000  3.114007
572.844000  3.106609
572.845000  3.099732
572.846000  3.093674
572.847000  3.088774
572.848000  3.085378
572.849000  3.083824
572.850000  3.084378
572.851000  3.087141
572.852000  3.092013
572.853000  3.098733
572.854000  3.106972
572.855000  3.116390
572.856000  3.126674
572.857000  3.137545
572.858000  3.148744
572.859000  3.159973
572.860000  3.170833
572.861000  3.180765
572.862000  3.189095
572.863000  3.195158
572.864000  3.198421
572.865000  3.198558
572.866000  3.195479
572.867000  3.189331
572.868000  3.180471
572.869000  3.169403
572.870000  3.156682
572.871000  3.142839
572.872000  3.128356
572.873000  3.113678
572.874000  3.099204
572.875000  3.085259
572.876000  3.072078
572.877000  3.059812
572.878000  3.048556
572.879000  3.038345
572.880000  3.029117
572.881000  3.020710
572.882000  3.012913
572.883000  3.005560
572.884000  2.998567
572.885000  2.991952
572.886000  2.985831
572.887000  2.980419
572.888000  2.976016
572.889000  2.972943
572.890000  2.971466
572.891000  2.971750
572.892000  2.973865
572.893000  2.977814
572.894000  2.983537
572.895000  2.990897
572.896000  2.999678
572.897000  3.009583
572.898000  3.020240
572.899000  3.031180
572.900000  3.041810
572.901000  3.051413
572.902000  3.059242
572.903000  3.064654
572.904000  3.067230
572.905000  3.066853
572.906000  3.063736
572.907000  3.058399
572.908000  3.051590
572.909000  3.044120
572.910000  3.036708
572.911000  3.029928
572.912000  3.024248
572.913000  3.020088
572.914000  3.017826
572.915000  3.017792
572.916000  3.020255
572.917000  3.025393
572.918000  3.033229
572.919000  3.043539
572.920000  3.055804
572.921000  3.069281
572.922000  3.083146
572.923000  3.096604
572.924000  3.108954
572.925000  3.119632
572.926000  3.128249
572.927000  3.134606
572.928000  3.138637
572.929000  3.140306
572.930000  3.139565
572.931000  3.136438
572.932000  3.131134
572.933000  3.124082
572.934000  3.115902
572.935000  3.107330
572.936000  3.099140
572.937000  3.092067
572.938000  3.086729
572.939000  3.083560
572.940000  3.082806
572.941000  3.084569
572.942000  3.088863
572.943000  3.095610
572.944000  3.104627
572.945000  3.115633
572.946000  3.128268
572.947000  3.142116
572.948000  3.156671
572.949000  3.171281
572.950000  3.185187
572.951000  3.197667
572.952000  3.208172
572.953000  3.216386
572.954000  3.222218
572.955000  3.225787
572.956000  3.227380
572.957000  3.227393
572.958000  3.226240
572.959000  3.224296
572.960000  3.221906
572.961000  3.219442
572.962000  3.217309
572.963000  3.215910
572.964000  3.215609
572.965000  3.216701
572.966000  3.219414
572.967000  3.223886
572.968000  3.230139
572.969000  3.238050
572.970000  3.247396
572.971000  3.257936
572.972000  3.269470
572.973000  3.281842
572.974000  3.294936
572.975000  3.308663
572.976000  3.322959
572.977000  3.337759
572.978000  3.352948
572.979000  3.368344
572.980000  3.383731
572.981000  3.398909
572.982000  3.413708
572.983000  3.427991
572.984000  3.441647
572.985000  3.454608
572.986000  3.466853
572.987000  3.478377
572.988000  3.489115
572.989000  3.498890
572.990000  3.507468
572.991000  3.514644
572.992000  3.520300
572.993000  3.524432
572.994000  3.527156
572.995000  3.528713
572.996000  3.529439
572.997000  3.529671
572.998000  3.529619
572.999000  3.529304
573.000000  3.528645
573.001000  3.527573
573.002000  3.526092
573.003000  3.524287
573.004000  3.522316
573.005000  3.520398
573.006000  3.518776
573.007000  3.517632
573.008000  3.516991
573.009000  3.516691
573.010000  3.516467
573.011000  3.516050
573.011000  3.516050
573.012000  3.515244
573.013000  3.513961
573.014000  3.512245
573.015000  3.510272
573.016000  3.508325
573.017000  3.506704
573.018000  3.505627
573.019000  3.505192
573.020000  3.505425
573.021000  3.506341
573.022000  3.507997
573.023000  3.510543
573.024000  3.514236
573.025000  3.519411
573.026000  3.526405
573.027000  3.535424
573.028000  3.546461
573.029000  3.559344
573.030000  3.573844
573.031000  3.589739
573.032000  3.606791
573.033000  3.624701
573.034000  3.643095
573.035000  3.661547
573.036000  3.679556
573.037000  3.696475
573.038000  3.711459
573.039000  3.723540
573.040000  3.731791
573.041000  3.735482
573.042000  3.734183
573.043000  3.727817
573.044000  3.716674
573.045000  3.701355
573.046000  3.682663
573.047000  3.661451
573.048000  3.638513
573.049000  3.614581
573.050000  3.590378
573.051000  3.566631
573.052000  3.544046
573.053000  3.523297
573.054000  3.505012
573.055000  3.489763
573.056000  3.477985
573.057000  3.469873
573.058000  3.465319
573.059000  3.463983
573.060000  3.465408
573.061000  3.469103
573.062000  3.474593
573.063000  3.481428
573.064000  3.489196
573.065000  3.497514
573.066000  3.505987
573.067000  3.514151
573.068000  3.521483
573.069000  3.527477
573.070000  3.531736
573.071000  3.534015
573.072000  3.534203
573.073000  3.532319
573.074000  3.528524
573.075000  3.523130
573.076000  3.516535
573.077000  3.509127
573.078000  3.501242
573.079000  3.493197
573.080000  3.485326
573.081000  3.477990
573.082000  3.471561
573.083000  3.466418
573.084000  3.462923
573.085000  3.461363
573.086000  3.461844
573.087000  3.464220
573.088000  3.468115
573.089000  3.473024
573.090000  3.478397
573.091000  3.483682
573.092000  3.488360
573.093000  3.491979
573.094000  3.494178
573.095000  3.494662
573.096000  3.493141
573.097000  3.489326
573.098000  3.482993
573.099000  3.474076
573.100000  3.462689
573.101000  3.449123
573.102000  3.433833
573.103000  3.417406
573.104000  3.400516
573.105000  3.383844
573.106000  3.367982
573.107000  3.353381
573.108000  3.340357
573.109000  3.329127
573.110000  3.319814
573.111000  3.312446
573.112000  3.306968
573.113000  3.303271
573.114000  3.301211
573.115000  3.300578
573.116000  3.301022
573.117000  3.302039
573.118000  3.303050
573.119000  3.303504
573.120000  3.302952
573.121000  3.301094
573.122000  3.297810
573.123000  3.293179
573.124000  3.287440
573.125000  3.280898
573.126000  3.273809
573.127000  3.266351
573.128000  3.258671
573.129000  3.250928
573.130000  3.243300
573.131000  3.235972
573.132000  3.229111
573.133000  3.222855
573.134000  3.217275
573.135000  3.212332
573.136000  3.207846
573.137000  3.203550
573.138000  3.199185
573.139000  3.194588
573.140000  3.189735
573.141000  3.184739
573.142000  3.179835
573.143000  3.175321
573.144000  3.171479
573.145000  3.168479
573.146000  3.166329
573.147000  3.164913
573.148000  3.164059
573.149000  3.163581
573.150000  3.163292
573.151000  3.163021
573.152000  3.162631
573.153000  3.162031
573.154000  3.161155
573.155000  3.159920
573.156000  3.158219
573.157000  3.155966
573.158000  3.153158
573.159000  3.149898
573.160000  3.146397
573.161000  3.142971
573.162000  3.140034
573.163000  3.138056
573.164000  3.137462
573.165000  3.138524
573.166000  3.141352
573.167000  3.145964
573.168000  3.152358
573.169000  3.160523
573.170000  3.170410
573.171000  3.181893
573.172000  3.194727
573.173000  3.208506
573.174000  3.222607
573.175000  3.236188
573.176000  3.248290
573.177000  3.257998
573.178000  3.264581
573.179000  3.267580
573.180000  3.266852
573.181000  3.262566
573.182000  3.255152
573.183000  3.245195
573.184000  3.233303
573.185000  3.220038
573.186000  3.205943
573.187000  3.191584
573.188000  3.177575
573.189000  3.164562
573.190000  3.153217
573.191000  3.144219
573.192000  3.138230
573.193000  3.135824
573.194000  3.137391
573.195000  3.143095
573.196000  3.152886
573.197000  3.166553
573.198000  3.183757
573.199000  3.204052
573.200000  3.226911
573.201000  3.251725
573.202000  3.277779
573.203000  3.304178
573.204000  3.329785
573.205000  3.353270
573.206000  3.373252
573.207000  3.388485
573.208000  3.398012
573.209000  3.401289
573.210000  3.398259
573.211000  3.389359
573.212000  3.375417
573.213000  3.357485
573.214000  3.336656
573.215000  3.313962
573.216000  3.290350
573.217000  3.266673
573.218000  3.243686
573.219000  3.222038
573.220000  3.202272
573.221000  3.184832
573.222000  3.170023
573.223000  3.157950
573.224000  3.148479
573.225000  3.141313
573.226000  3.136108
573.227000  3.132578
573.228000  3.130538
573.229000  3.129925
573.230000  3.130785
573.231000  3.133226
573.232000  3.137332
573.233000  3.143084
573.234000  3.150351
573.235000  3.158959
573.236000  3.168755
573.237000  3.179612
573.238000  3.191423
573.239000  3.204072
573.240000  3.217426
573.241000  3.231309
573.242000  3.245447
573.243000  3.259407
573.244000  3.272584
573.245000  3.284291
573.246000  3.293884
573.247000  3.300879
573.248000  3.305031
573.249000  3.306364
573.250000  3.305160
573.251000  3.301871
573.252000  3.296968
573.253000  3.290815
573.254000  3.283664
573.255000  3.275723
573.256000  3.267206
573.257000  3.258363
573.258000  3.249491
573.259000  3.240927
573.260000  3.233015
573.261000  3.226033
573.262000  3.220111
573.263000  3.215165
573.264000  3.210945
573.265000  3.207145
573.266000  3.203508
573.267000  3.199864
573.268000  3.196133
573.269000  3.192327
573.270000  3.188555
573.271000  3.184996
573.272000  3.181806
573.273000  3.179031
573.274000  3.176631
573.275000  3.174575
573.276000  3.172916
573.277000  3.171796
573.278000  3.171418
573.279000  3.172006
573.280000  3.173771
573.281000  3.176855
573.282000  3.181283
573.283000  3.186920
573.284000  3.193489
573.285000  3.200610
573.286000  3.207854
573.287000  3.214797
573.288000  3.221073
573.289000  3.226428
573.290000  3.230745
573.291000  3.234015
573.292000  3.236247
573.293000  3.237366
573.294000  3.237196
573.295000  3.235550
573.296000  3.232324
573.297000  3.227574
573.298000  3.221536
573.299000  3.214608
573.300000  3.207304
573.301000  3.200166
573.302000  3.193670
573.303000  3.188166
573.304000  3.183900
573.305000  3.181047
573.306000  3.179731
573.307000  3.180029
573.308000  3.181975
573.309000  3.185567
573.310000  3.190756
573.311000  3.197420
573.312000  3.205329
573.313000  3.214119
573.314000  3.223327
573.315000  3.232430
573.316000  3.240886
573.317000  3.248195
573.318000  3.253969
573.319000  3.258008
573.320000  3.260306
573.321000  3.260976
573.322000  3.260133
573.323000  3.257859
573.324000  3.254265
573.325000  3.249577
573.326000  3.244166
573.327000  3.238521
573.328000  3.233210
573.329000  3.228830
573.330000  3.225946
573.331000  3.224993
573.332000  3.226175
573.333000  3.229409
573.334000  3.234373
573.335000  3.240585
573.336000  3.247499
573.337000  3.254589
573.338000  3.261416
573.339000  3.267650
573.340000  3.273010
573.341000  3.277153
573.342000  3.279629
573.343000  3.279987
573.344000  3.277949
573.345000  3.273503
573.346000  3.266902
573.347000  3.258609
573.348000  3.249220
573.349000  3.239368
573.350000  3.229616
573.351000  3.220350
573.352000  3.211750
573.353000  3.203820
573.354000  3.196466
573.355000  3.189567
573.356000  3.183028
573.357000  3.176829
573.358000  3.171061
573.359000  3.165925
573.360000  3.161686
573.361000  3.158577
573.362000  3.156758
573.363000  3.156324
573.364000  3.157338
573.365000  3.159848
573.366000  3.163908
573.367000  3.169580
573.368000  3.176917
573.369000  3.185924
573.370000  3.196496
573.371000  3.208378
573.372000  3.221203
573.373000  3.234554
573.374000  3.248006
573.375000  3.261141
573.376000  3.273562
573.377000  3.284912
573.378000  3.294886
573.379000  3.303222
573.380000  3.309672
573.381000  3.313992
573.382000  3.315983
573.383000  3.315556
573.384000  3.312778
573.385000  3.307874
573.386000  3.301179
573.387000  3.293089
573.388000  3.284007
573.389000  3.274326
573.390000  3.264379
573.391000  3.254406
573.392000  3.244577
573.393000  3.235052
573.394000  3.226044
573.395000  3.217826
573.396000  3.210726
573.397000  3.205106
573.398000  3.201308
573.399000  3.199582
573.400000  3.200001
573.401000  3.202443
573.402000  3.206648
573.403000  3.212312
573.404000  3.219159
573.405000  3.226985
573.406000  3.235698
573.407000  3.245340
573.408000  3.256086
573.409000  3.268167
573.410000  3.281729
573.411000  3.296704
573.412000  3.312799
573.413000  3.329588
573.414000  3.346613
573.415000  3.363440
573.416000  3.379682
573.417000  3.394998
573.418000  3.409077
573.419000  3.421625
573.420000  3.432310
573.421000  3.440744
573.422000  3.446517
573.423000  3.449276
573.424000  3.448810
573.425000  3.445129
573.426000  3.438513
573.427000  3.429514
573.428000  3.418890
573.429000  3.407492
573.430000  3.396109
573.431000  3.385361
573.432000  3.375685
573.433000  3.367390
573.434000  3.360693
573.435000  3.355727
573.436000  3.352544
573.437000  3.351128
573.438000  3.351432
573.439000  3.353382
573.440000  3.356823
573.441000  3.361474
573.442000  3.366963
573.443000  3.372915
573.444000  3.379040
573.445000  3.385184
573.446000  3.391340
573.447000  3.397612
573.448000  3.404140
573.449000  3.411001
573.450000  3.418135
573.451000  3.425341
573.452000  3.432353
573.453000  3.438922
573.454000  3.444845
573.455000  3.449975
573.456000  3.454210
573.457000  3.457502
573.458000  3.459849
573.459000  3.461245
573.460000  3.461621
573.461000  3.460835
573.462000  3.458753
573.463000  3.455350
573.464000  3.450751
573.465000  3.445227
573.466000  3.439155
573.467000  3.432977
573.468000  3.427120
573.469000  3.421913
573.470000  3.417506
573.471000  3.413877
573.472000  3.410902
573.473000  3.408397
573.474000  3.406145
573.475000  3.403922
573.476000  3.401571
573.477000  3.399053
573.478000  3.396414
573.479000  3.393689
573.480000  3.390821
573.481000  3.387700
573.482000  3.384241
573.483000  3.380432
573.484000  3.376335
573.485000  3.372052
573.486000  3.367714
573.487000  3.363479
573.488000  3.359494
573.489000  3.355841
573.490000  3.352514
573.491000  3.349469
573.492000  3.346676
573.493000  3.344158
573.494000  3.342028
573.495000  3.340511
573.496000  3.339945
573.497000  3.340726
573.498000  3.343196
573.499000  3.347550
573.500000  3.353839
573.501000  3.362016
573.502000  3.371954
573.503000  3.383437
573.504000  3.396151
573.505000  3.409711
573.506000  3.423694
573.507000  3.437651
573.508000  3.451082
573.509000  3.463415
573.510000  3.474056
573.511000  3.482476
573.511000  3.482476
573.512000  3.488295
573.513000  3.491326
573.514000  3.491596
573.515000  3.489341
573.516000  3.484955
573.517000  3.478913
573.518000  3.471655
573.519000  3.463553
573.520000  3.454961
573.521000  3.446279
573.522000  3.437935
573.523000  3.430328
573.524000  3.423803
573.525000  3.418654
573.526000  3.415116
573.527000  3.413301
573.528000  3.413124
573.529000  3.414284
573.530000  3.416362
573.531000  3.418960
573.532000  3.421790
573.533000  3.424704
573.534000  3.427701
573.535000  3.430900
573.536000  3.434491
573.537000  3.438637
573.538000  3.443378
573.539000  3.448616
573.540000  3.454170
573.541000  3.459854
573.542000  3.465506
573.543000  3.471012
573.544000  3.476311
573.545000  3.481403
573.546000  3.486300
573.547000  3.490941
573.548000  3.495115
573.549000  3.498482
573.550000  3.500671
573.551000  3.501364
573.552000  3.500351
573.553000  3.497545
573.554000  3.492993
573.555000  3.486867
573.556000  3.479436
573.557000  3.470993
573.558000  3.461774
573.559000  3.451930
573.560000  3.441544
573.561000  3.430691
573.562000  3.419491
573.563000  3.408150
573.564000  3.396964
573.565000  3.386319
573.566000  3.376637
573.567000  3.368292
573.568000  3.361530
573.569000  3.356453
573.570000  3.353066
573.571000  3.351319
573.572000  3.351130
573.573000  3.352382
573.574000  3.354934
573.575000  3.358621
573.576000  3.363243
573.577000  3.368509
573.578000  3.373993
573.579000  3.379162
573.580000  3.383489
573.581000  3.386547
573.582000  3.388057
573.583000  3.387876
573.584000  3.385962
573.585000  3.382361
573.586000  3.377178
573.587000  3.370539
573.588000  3.362539
573.589000  3.353245
573.590000  3.342737
573.591000  3.331139
573.592000  3.318616
573.593000  3.305351
573.594000  3.291530
573.595000  3.277318
573.596000  3.262838
573.597000  3.248122
573.598000  3.233070
573.599000  3.217471
573.600000  3.201092
573.601000  3.183785
573.602000  3.165566
573.603000  3.146653
573.604000  3.127484
573.605000  3.108673
573.606000  3.090903
573.607000  3.074763
573.608000  3.060644
573.609000  3.048751
573.610000  3.039191
573.611000  3.032037
573.612000  3.027340
573.613000  3.025126
573.614000  3.025385
573.615000  3.028056
573.616000  3.032998
573.617000  3.039933
573.618000  3.048432
573.619000  3.057953
573.620000  3.067913
573.621000  3.077752
573.622000  3.087013
573.623000  3.095419
573.624000  3.102897
573.625000  3.109548
573.626000  3.115561
573.627000  3.121111
573.628000  3.126311
573.629000  3.131218
573.630000  3.135874
573.631000  3.140317
573.632000  3.144591
573.633000  3.148754
573.634000  3.152891
573.635000  3.157093
573.636000  3.161383
573.637000  3.165628
573.638000  3.169500
573.639000  3.172542
573.640000  3.174278
573.641000  3.174315
573.642000  3.172418
573.643000  3.168547
573.644000  3.162854
573.645000  3.155640
573.646000  3.147273
573.647000  3.138116
573.648000  3.128505
573.649000  3.118775
573.650000  3.109273
573.651000  3.100346
573.652000  3.092318
573.653000  3.085486
573.654000  3.080112
573.655000  3.076416
573.656000  3.074551
573.657000  3.074546
573.658000  3.076268
573.659000  3.079434
573.660000  3.083676
573.661000  3.088608
573.662000  3.093890
573.663000  3.099289
573.664000  3.104717
573.665000  3.110230
573.666000  3.115941
573.667000  3.121887
573.668000  3.127955
573.669000  3.133940
573.670000  3.139639
573.671000  3.144908
573.672000  3.149681
573.673000  3.153986
573.674000  3.157938
573.675000  3.161692
573.676000  3.165339
573.677000  3.168829
573.678000  3.171975
573.679000  3.174543
573.680000  3.176332
573.681000  3.177207
573.682000  3.177095
573.683000  3.175959
573.684000  3.173791
573.685000  3.170621
573.686000  3.166489
573.687000  3.161397
573.688000  3.155308
573.689000  3.148227
573.690000  3.140280
573.691000  3.131738
573.692000  3.123004
573.693000  3.114575
573.694000  3.106987
573.695000  3.100720
573.696000  3.096098
573.697000  3.093233
573.698000  3.092067
573.699000  3.092449
573.700000  3.094207
573.701000  3.097179
573.702000  3.101230
573.703000  3.106259
573.704000  3.112198
573.705000  3.118967
573.706000  3.126430
573.707000  3.134360
573.708000  3.142464
573.709000  3.150421
573.710000  3.157942
573.711000  3.164825
573.712000  3.170990
573.713000  3.176461
573.714000  3.181320
573.715000  3.185617
573.716000  3.189315
573.717000  3.192322
573.718000  3.194582
573.719000  3.196131
573.720000  3.197079
573.721000  3.197575
573.722000  3.197792
573.723000  3.197926
573.724000  3.198176
573.725000  3.198696
573.726000  3.199558
573.727000  3.200774
573.728000  3.202345
573.729000  3.204295
573.730000  3.206652
573.731000  3.209413
573.732000  3.212541
573.733000  3.215997
573.734000  3.219743
573.735000  3.223707
573.736000  3.227745
573.737000  3.231649
573.738000  3.235225
573.739000  3.238366
573.740000  3.241092
573.741000  3.243551
573.742000  3.245999
573.743000  3.248763
573.744000  3.252192
573.745000  3.256587
573.746000  3.262145
573.747000  3.268968
573.748000  3.277111
573.749000  3.286596
573.750000  3.297399
573.751000  3.309412
573.752000  3.322416
573.753000  3.336059
573.754000  3.349839
573.755000  3.363088
573.756000  3.374988
573.757000  3.384657
573.758000  3.391279
573.759000  3.394220
573.760000  3.393092
573.761000  3.387800
573.762000  3.378551
573.763000  3.365830
573.764000  3.350324
573.765000  3.332801
573.766000  3.314029
573.767000  3.294742
573.768000  3.275617
573.769000  3.257249
573.770000  3.240126
573.771000  3.224638
573.772000  3.211096
573.773000  3.199757
573.774000  3.190803
573.775000  3.184309
573.776000  3.180225
573.777000  3.178429
573.778000  3.178783
573.779000  3.181171
573.780000  3.185516
573.781000  3.191784
573.782000  3.199958
573.783000  3.209977
573.784000  3.221659
573.785000  3.234663
573.786000  3.248529
573.787000  3.262740
573.788000  3.276739
573.789000  3.289924
573.790000  3.301666
573.791000  3.311379
573.792000  3.318588
573.793000  3.322922
573.794000  3.324077
573.795000  3.321790
573.796000  3.315902
573.797000  3.306461
573.798000  3.293800
573.799000  3.278557
573.800000  3.261635
573.801000  3.244119
573.802000  3.227132
573.803000  3.211665
573.804000  3.198423
573.805000  3.187769
573.806000  3.179768
573.807000  3.174280
573.808000  3.171041
573.809000  3.169751
573.810000  3.170145
573.811000  3.172020
573.812000  3.175189
573.813000  3.179390
573.814000  3.184225
573.815000  3.189197
573.816000  3.193806
573.817000  3.197629
573.818000  3.200350
573.819000  3.201765
573.820000  3.201788
573.821000  3.200443
573.822000  3.197856
573.823000  3.194192
573.824000  3.189583
573.825000  3.184099
573.826000  3.177803
573.827000  3.170847
573.828000  3.163532
573.829000  3.156317
573.830000  3.149796
573.831000  3.144645
573.832000  3.141554
573.833000  3.141130
573.834000  3.143830
573.835000  3.149922
573.836000  3.159459
573.837000  3.172255
573.838000  3.187893
573.839000  3.205757
573.840000  3.225072
573.841000  3.244951
573.842000  3.264434
573.843000  3.282534
573.844000  3.298308
573.845000  3.310974
573.846000  3.320030
573.847000  3.325276
573.848000  3.326748
573.849000  3.324651
573.850000  3.319335
573.851000  3.311298
573.852000  3.301140
573.853000  3.289487
573.854000  3.276941
573.855000  3.264085
573.856000  3.251499
573.857000  3.239764
573.858000  3.229430
573.859000  3.220971
573.860000  3.214743
573.861000  3.210999
573.862000  3.209899
573.863000  3.211505
573.864000  3.215756
573.865000  3.222476
573.866000  3.231431
573.867000  3.242378
573.868000  3.255096
573.869000  3.269402
573.870000  3.285150
573.871000  3.302192
573.872000  3.320305
573.873000  3.339106
573.874000  3.358037
573.875000  3.376445
573.876000  3.393696
573.877000  3.409243
573.878000  3.422657
573.879000  3.433641
573.880000  3.442044
573.881000  3.447856
573.882000  3.451179
573.883000  3.452183
573.884000  3.451091
573.885000  3.448202
573.886000  3.443902
573.887000  3.438658
573.888000  3.432994
573.889000  3.427494
573.890000  3.422776
573.891000  3.419434
573.892000  3.417912
573.893000  3.418401
573.894000  3.420793
573.895000  3.424752
573.896000  3.429819
573.897000  3.435523
573.898000  3.441465
573.899000  3.447371
573.900000  3.453071
573.901000  3.458418
573.902000  3.463209
573.903000  3.467186
573.904000  3.470096
573.905000  3.471745
573.906000  3.472009
573.907000  3.470827
573.908000  3.468185
573.909000  3.464112
573.910000  3.458688
573.911000  3.452044
573.912000  3.444346
573.913000  3.435763
573.914000  3.426426
573.915000  3.416411
573.916000  3.405777
573.917000  3.394625
573.918000  3.383148
573.919000  3.371616
573.920000  3.360337
573.921000  3.349583
573.922000  3.339545
573.923000  3.330330
573.924000  3.321987
573.925000  3.314530
573.926000  3.307909
573.927000  3.301956
573.928000  3.296387
573.929000  3.290865
573.930000  3.285061
573.931000  3.278659
573.932000  3.271321
573.933000  3.262685
573.934000  3.252418
573.935000  3.240301
573.936000  3.226328
573.937000  3.210761
573.938000  3.194104
573.939000  3.176982
573.940000  3.159987
573.941000  3.143610
573.942000  3.128265
573.943000  3.114320
573.944000  3.102131
573.945000  3.092062
573.946000  3.084483
573.947000  3.079769
573.948000  3.078305
573.949000  3.080446
573.950000  3.086386
573.951000  3.095998
573.952000  3.108832
573.953000  3.124258
573.954000  3.141582
573.955000  3.160091
573.956000  3.179063
573.957000  3.197760
573.958000  3.215470
573.959000  3.231548
573.960000  3.245450
573.961000  3.256673
573.962000  3.264651
573.963000  3.268758
573.964000  3.268496
573.965000  3.263709
573.966000  3.254658
573.967000  3.241973
573.968000  3.226543
573.969000  3.209400
573.970000  3.191598
573.971000  3.174100
573.972000  3.157738
573.973000  3.143224
573.974000  3.131152
573.975000  3.121946
573.976000  3.115850
573.977000  3.112971
573.978000  3.113300
573.979000  3.116682
573.980000  3.122773
573.981000  3.131024
573.982000  3.140743
573.983000  3.151261
573.984000  3.162090
573.985000  3.172929
573.986000  3.183490
573.987000  3.193370
573.988000  3.202170
573.989000  3.209646
573.990000  3.215702
573.991000  3.220301
573.992000  3.223446
573.993000  3.225196
573.994000  3.225708
573.995000  3.225256
573.996000  3.224211
573.997000  3.222987
573.998000  3.221968
573.999000  3.221466
574.000000  3.221697
574.001000  3.222755
574.002000  3.224625
574.003000  3.227248
574.004000  3.230571
574.005000  3.234586
574.006000  3.239340
574.007000  3.244922
574.008000  3.251401
574.009000  3.258700
574.010000  3.266476
574.011000  3.274138
574.011000  3.274138
574.012000  3.281023
574.013000  3.286560
574.014000  3.290344
574.015000  3.292137
574.016000  3.291841
574.017000  3.289474
574.018000  3.285143
574.019000  3.279017
574.020000  3.271289
574.021000  3.262169
574.022000  3.251889
574.023000  3.240683
574.024000  3.228758
574.025000  3.216326
574.026000  3.203696
574.027000  3.191329
574.028000  3.179822
574.029000  3.169803
574.030000  3.161806
574.031000  3.156187
574.032000  3.153129
574.033000  3.152703
574.034000  3.154905
574.035000  3.159649
574.036000  3.166744
574.037000  3.175899
574.038000  3.186770
574.039000  3.198953
574.040000  3.211938
574.041000  3.225072
574.042000  3.237615
574.043000  3.248839
574.044000  3.258129
574.045000  3.265057
574.046000  3.269432
574.047000  3.271302
574.048000  3.270909
574.049000  3.268585
574.050000  3.264686
574.051000  3.259569
574.052000  3.253617
574.053000  3.247263
574.054000  3.240981
574.055000  3.235269
574.056000  3.230633
574.057000  3.227577
574.058000  3.226568
574.059000  3.227949
574.060000  3.231817
574.061000  3.237972
574.062000  3.245990
574.063000  3.255354
574.064000  3.265552
574.065000  3.276130
574.066000  3.286721
574.067000  3.297054
574.068000  3.306943
574.069000  3.316227
574.070000  3.324695
574.071000  3.332072
574.072000  3.338084
574.073000  3.342541
574.074000  3.345393
574.075000  3.346748
574.076000  3.346843
574.077000  3.345993
574.078000  3.344503
574.079000  3.342581
574.080000  3.340301
574.081000  3.337655
574.082000  3.334647
574.083000  3.331326
574.084000  3.327781
574.085000  3.324115
574.086000  3.320471
574.087000  3.317042
574.088000  3.314030
574.089000  3.311553
574.090000  3.309587
574.091000  3.308005
574.092000  3.306663
574.093000  3.305459
574.094000  3.304349
574.095000  3.303334
574.096000  3.302436
574.097000  3.301659
574.098000  3.300935
574.099000  3.300056
574.100000  3.298689
574.101000  3.296464
574.102000  3.293075
574.103000  3.288351
574.104000  3.282293
574.105000  3.275088
574.106000  3.267102
574.107000  3.258803
574.108000  3.250643
574.109000  3.242979
574.110000  3.236100
574.111000  3.230320
574.112000  3.226033
574.113000  3.223695
574.114000  3.223786
574.115000  3.226744
574.116000  3.232914
574.117000  3.242472
574.118000  3.255346
574.119000  3.271160
574.120000  3.289240
574.121000  3.308672
574.122000  3.328411
574.123000  3.347373
574.124000  3.364536
574.125000  3.379005
574.126000  3.390056
574.127000  3.397137
574.128000  3.399868
574.129000  3.398065
574.130000  3.391780
574.131000  3.381263
574.132000  3.366859
574.133000  3.348986
574.134000  3.328194
574.135000  3.305195
574.136000  3.280818
574.137000  3.255910
574.138000  3.231244
574.139000  3.207488
574.140000  3.185248
574.141000  3.165120
574.142000  3.147680
574.143000  3.133411
574.144000  3.122663
574.145000  3.115712
574.146000  3.112802
574.147000  3.114085
574.148000  3.119517
574.149000  3.128823
574.150000  3.141581
574.151000  3.157338
574.152000  3.175697
574.153000  3.196338
574.154000  3.218984
574.155000  3.243308
574.156000  3.268862
574.157000  3.295053
574.158000  3.321126
574.159000  3.346204
574.160000  3.369355
574.161000  3.389680
574.162000  3.406398
574.163000  3.418947
574.164000  3.427062
574.165000  3.430794
574.166000  3.430411
574.167000  3.426245
574.168000  3.418607
574.169000  3.407823
574.170000  3.394342
574.171000  3.378808
574.172000  3.362061
574.173000  3.345107
574.174000  3.329042
574.175000  3.314961
574.176000  3.303807
574.177000  3.296206
574.178000  3.292356
574.179000  3.292090
574.180000  3.295027
574.181000  3.300714
574.182000  3.308694
574.183000  3.318534
574.184000  3.329825
574.185000  3.342172
574.186000  3.355170
574.187000  3.368377
574.188000  3.381309
574.189000  3.393442
574.190000  3.404217
574.191000  3.413107
574.192000  3.419731
574.193000  3.423942
574.194000  3.425853
574.195000  3.425805
574.196000  3.424306
574.197000  3.421950
574.198000  3.419343
574.199000  3.417052
574.200000  3.415559
574.201000  3.415230
574.202000  3.416345
574.203000  3.419151
574.204000  3.423876
574.205000  3.430698
574.206000  3.439691
574.207000  3.450771
574.208000  3.463700
574.209000  3.478118
574.210000  3.493548
574.211000  3.509383
574.212000  3.524932
574.213000  3.539535
574.214000  3.552666
574.215000  3.563950
574.216000  3.573113
574.217000  3.579936
574.218000  3.584255
574.219000  3.586007
574.220000  3.585256
574.221000  3.582182
574.222000  3.577032
574.223000  3.570095
574.224000  3.561703
574.225000  3.552232
574.226000  3.542093
574.227000  3.531714
574.228000  3.521549
574.229000  3.512095
574.230000  3.503880
574.231000  3.497432
574.232000  3.493203
574.233000  3.491481
574.234000  3.492361
574.235000  3.495801
574.236000  3.501672
574.237000  3.509753
574.238000  3.519726
574.239000  3.531208
574.240000  3.543788
574.241000  3.557061
574.242000  3.570640
574.243000  3.584144
574.244000  3.597178
574.245000  3.609297
574.246000  3.619979
574.247000  3.628658
574.248000  3.634803
574.249000  3.638022
574.250000  3.638140
574.251000  3.635235
574.252000  3.629641
574.253000  3.621915
574.254000  3.612797
574.255000  3.603116
574.256000  3.593670
574.257000  3.585089
574.258000  3.577769
574.259000  3.571893
574.260000  3.567529
574.261000  3.564698
574.262000  3.563403
574.263000  3.563623
574.264000  3.565274
574.265000  3.568179
574.266000  3.572037
574.267000  3.576451
574.268000  3.580996
574.269000  3.585302
574.270000  3.589086
574.271000  3.592134
574.272000  3.594291
574.273000  3.595459
574.274000  3.595604
574.275000  3.594724
574.276000  3.592808
574.277000  3.589821
574.278000  3.585743
574.279000  3.580632
574.280000  3.574689
574.281000  3.568276
574.282000  3.561882
574.283000  3.556022
574.284000  3.551119
574.285000  3.547427
574.286000  3.545038
574.287000  3.543899
574.288000  3.543859
574.289000  3.544714
574.290000  3.546252
574.291000  3.548283
574.292000  3.550649
574.293000  3.553206
574.294000  3.555765
574.295000  3.557998
574.296000  3.559382
574.297000  3.559266
574.298000  3.557005
574.299000  3.552081
574.300000  3.544177
574.301000  3.533208
574.302000  3.519318
574.303000  3.502853
574.304000  3.484316
574.305000  3.464311
574.306000  3.443466
574.307000  3.422371
574.308000  3.401544
574.309000  3.381456
574.310000  3.362592
574.311000  3.345486
574.312000  3.330716
574.313000  3.318864
574.314000  3.310453
574.315000  3.305893
574.316000  3.305422
574.317000  3.309084
574.318000  3.316711
574.319000  3.327944
574.320000  3.342251
574.321000  3.358961
574.322000  3.377331
574.323000  3.396629
574.324000  3.416172
574.325000  3.435305
574.326000  3.453337
574.327000  3.469504
574.328000  3.482985
574.329000  3.493000
574.330000  3.498927
574.331000  3.500418
574.332000  3.497433
574.333000  3.490196
574.334000  3.479104
574.335000  3.464658
574.336000  3.447440
574.337000  3.428104
574.338000  3.407343
574.339000  3.385830
574.340000  3.364170
574.341000  3.342873
574.342000  3.322339
574.343000  3.302863
574.344000  3.284631
574.345000  3.267710
574.346000  3.252044
574.347000  3.237479
574.348000  3.223832
574.349000  3.210967
574.350000  3.198829
574.351000  3.187446
574.352000  3.176907
574.353000  3.167339
574.354000  3.158875
574.355000  3.151629
574.356000  3.145691
574.357000  3.141118
574.358000  3.137918
574.359000  3.136040
574.360000  3.135370
574.361000  3.135747
574.362000  3.136971
574.363000  3.138805
574.364000  3.140980
574.365000  3.143218
574.366000  3.145272
574.367000  3.146976
574.368000  3.148262
574.369000  3.149114
574.370000  3.149517
574.371000  3.149465
574.372000  3.148998
574.373000  3.148210
574.374000  3.147217
574.375000  3.146132
574.376000  3.145056
574.377000  3.144108
574.378000  3.143431
574.379000  3.143175
574.380000  3.143450
574.381000  3.144283
574.382000  3.145598
574.383000  3.147240
574.384000  3.148997
574.385000  3.150643
574.386000  3.151966
574.387000  3.152807
574.388000  3.153073
574.389000  3.152758
574.390000  3.151957
574.391000  3.150881
574.392000  3.149850
574.393000  3.149244
574.394000  3.149424
574.395000  3.150693
574.396000  3.153307
574.397000  3.157506
574.398000  3.163511
574.399000  3.171511
574.400000  3.181633
574.401000  3.193919
574.402000  3.208297
574.403000  3.224553
574.404000  3.242286
574.405000  3.260861
574.406000  3.279408
574.407000  3.296888
574.408000  3.312218
574.409000  3.324422
574.410000  3.332748
574.411000  3.336749
574.412000  3.336308
574.413000  3.331624
574.414000  3.323154
574.415000  3.311565
574.416000  3.297674
574.417000  3.282401
574.418000  3.266721
574.419000  3.251629
574.420000  3.238107
574.421000  3.227073
574.422000  3.219285
574.423000  3.215264
574.424000  3.215234
574.425000  3.219129
574.426000  3.226659
574.427000  3.237394
574.428000  3.250827
574.429000  3.266404
574.430000  3.283562
574.431000  3.301782
574.432000  3.320626
574.433000  3.339720
574.434000  3.358713
574.435000  3.377276
574.436000  3.395118
574.437000  3.412013
574.438000  3.427807
574.439000  3.442392
574.440000  3.455675
574.441000  3.467553
574.442000  3.477906
574.443000  3.486595
574.444000  3.493465
574.445000  3.498364
574.446000  3.501173
574.447000  3.501843
574.448000  3.500421
574.449000  3.497082
574.450000  3.492136
574.451000  3.486007
574.452000  3.479160
574.453000  3.472005
574.454000  3.464854
574.455000  3.457918
574.456000  3.451336
574.457000  3.445179
574.458000  3.439438
574.459000  3.434027
574.460000  3.428787
574.461000  3.423493
574.462000  3.417857
574.463000  3.411542
574.464000  3.404216
574.465000  3.395604
574.466000  3.385527
574.467000  3.373909
574.468000  3.360775
574.469000  3.346242
574.470000  3.330508
574.471000  3.313820
574.472000  3.296441
574.473000  3.278636
574.474000  3.260677
574.475000  3.242866
574.476000  3.225537
574.477000  3.209036
574.478000  3.193704
574.479000  3.179851
574.480000  3.167749
574.481000  3.157624
574.482000  3.149660
574.483000  3.144024
574.484000  3.140889
574.485000  3.140457
574.486000  3.142952
574.487000  3.148586
574.488000  3.157514
574.489000  3.169781
574.490000  3.185251
574.491000  3.203533
574.492000  3.223937
574.493000  3.245502
574.494000  3.267085
574.495000  3.287497
574.496000  3.305631
574.497000  3.320558
574.498000  3.331588
574.499000  3.338283
574.500000  3.340428
574.501000  3.338006
574.502000  3.331193
574.503000  3.320374
574.504000  3.306131
574.505000  3.289174
574.506000  3.270253
574.507000  3.250106
574.508000  3.229441
574.509000  3.208927
574.510000  3.189159
574.511000  3.170609
574.511000  3.170609
574.512000  3.153601
574.513000  3.138319
574.514000  3.124841
574.515000  3.113182
574.516000  3.103326
574.517000  3.095254
574.518000  3.088952
574.519000  3.084400
574.520000  3.081546
574.521000  3.080281
574.522000  3.080460
574.523000  3.081958
574.524000  3.084723
574.525000  3.088802
574.526000  3.094325
574.527000  3.101461
574.528000  3.110365
574.529000  3.121108
574.530000  3.133636
574.531000  3.147743
574.532000  3.163080
574.533000  3.179181
574.534000  3.195492
574.535000  3.211400
574.536000  3.226260
574.537000  3.239441
574.538000  3.250358
574.539000  3.258502
574.540000  3.263460
574.541000  3.264941
574.542000  3.262826
574.543000  3.257207
574.544000  3.248409
574.545000  3.236942
574.546000  3.223446
574.547000  3.208625
574.548000  3.193207
574.549000  3.177900
574.550000  3.163356
574.551000  3.150133
574.552000  3.138694
574.553000  3.129401
574.554000  3.122516
574.555000  3.118190
574.556000  3.116466
574.557000  3.117277
574.558000  3.120442
574.559000  3.125663
574.560000  3.132550
574.561000  3.140665
574.562000  3.149584
574.563000  3.158935
574.564000  3.168432
574.565000  3.177882
574.566000  3.187180
574.567000  3.196294
574.568000  3.205223
574.569000  3.213941
574.570000  3.222346
574.571000  3.230235
574.572000  3.237330
574.573000  3.243311
574.574000  3.247851
574.575000  3.250639
574.576000  3.251408
574.577000  3.249948
574.578000  3.246130
574.579000  3.239926
574.580000  3.231437
574.581000  3.220911
574.582000  3.208739
574.583000  3.195399
574.584000  3.181381
574.585000  3.167128
574.586000  3.153042
574.587000  3.139494
574.588000  3.126826
574.589000  3.115294
574.590000  3.105042
574.591000  3.096117
574.592000  3.088534
574.593000  3.082339
574.594000  3.077632
574.595000  3.074557
574.596000  3.073266
574.597000  3.073881
574.598000  3.076457
574.599000  3.080945
574.600000  3.087177
574.601000  3.094879
574.602000  3.103738
574.603000  3.113459
574.604000  3.123820
574.605000  3.134686
574.606000  3.145991
574.607000  3.157673
574.608000  3.169610
574.609000  3.181565
574.610000  3.193195
574.611000  3.204114
574.612000  3.213966
574.613000  3.222496
574.614000  3.229585
574.615000  3.235263
574.616000  3.239698
574.617000  3.243164
574.618000  3.245977
574.619000  3.248409
574.620000  3.250612
574.621000  3.252609
574.622000  3.254334
574.623000  3.255706
574.624000  3.256664
574.625000  3.257192
574.626000  3.257306
574.627000  3.257037
574.628000  3.256390
574.629000  3.255321
574.630000  3.253743
574.631000  3.251582
574.632000  3.248794
574.633000  3.245391
574.634000  3.241469
574.635000  3.237252
574.636000  3.233088
574.637000  3.229400
574.638000  3.226597
574.639000  3.225006
574.640000  3.224837
574.641000  3.226219
574.642000  3.229217
574.643000  3.233810
574.644000  3.239825
574.645000  3.246940
574.646000  3.254788
574.647000  3.263053
574.648000  3.271508
574.649000  3.280010
574.650000  3.288512
574.651000  3.297099
574.652000  3.306002
574.653000  3.315569
574.654000  3.326209
574.655000  3.338316
574.656000  3.352242
574.657000  3.368268
574.658000  3.386541
574.659000  3.406984
574.660000  3.429266
574.661000  3.452828
574.662000  3.476948
574.663000  3.500822
574.664000  3.523655
574.665000  3.544719
574.666000  3.563357
574.667000  3.578938
574.668000  3.590858
574.669000  3.598636
574.670000  3.602043
574.671000  3.601186
574.672000  3.596502
574.673000  3.588698
574.674000  3.578662
574.675000  3.567360
574.676000  3.555714
574.677000  3.544470
574.678000  3.534100
574.679000  3.524789
574.680000  3.516520
574.681000  3.509186
574.682000  3.502678
574.683000  3.496919
574.684000  3.491884
574.685000  3.487598
574.686000  3.484121
574.687000  3.481505
574.688000  3.479737
574.689000  3.478727
574.690000  3.478356
574.691000  3.478554
574.692000  3.479372
574.693000  3.481010
574.694000  3.483799
574.695000  3.488132
574.696000  3.494366
574.697000  3.502725
574.698000  3.513249
574.699000  3.525814
574.700000  3.540187
574.701000  3.556043
574.702000  3.572927
574.703000  3.590205
574.704000  3.607087
574.705000  3.622704
574.706000  3.636208
574.707000  3.646858
574.708000  3.654073
574.709000  3.657477
574.710000  3.656943
574.711000  3.652611
574.712000  3.644830
574.713000  3.634062
574.714000  3.620793
574.715000  3.605474
574.716000  3.588503
574.717000  3.570206
574.718000  3.550844
574.719000  3.530670
574.720000  3.510004
574.721000  3.489252
574.722000  3.468871
574.723000  3.449315
574.724000  3.431006
574.725000  3.414319
574.726000  3.399559
574.727000  3.386924
574.728000  3.376474
574.729000  3.368148
574.730000  3.361794
574.731000  3.357212
574.732000  3.354190
574.733000  3.352551
574.734000  3.352187
574.735000  3.353058
574.736000  3.355140
574.737000  3.358339
574.738000  3.362443
574.739000  3.367132
574.740000  3.372026
574.741000  3.376740
574.742000  3.380946
574.743000  3.384432
574.744000  3.387146
574.745000  3.389177
574.746000  3.390671
574.747000  3.391709
574.748000  3.392248
574.749000  3.392167
574.750000  3.391340
574.751000  3.389695
574.752000  3.387247
574.753000  3.384103
574.754000  3.380455
574.755000  3.376531
574.756000  3.372502
574.757000  3.368393
574.758000  3.364043
574.759000  3.359179
574.760000  3.353529
574.761000  3.346936
574.762000  3.339434
574.763000  3.331277
574.764000  3.322907
574.765000  3.314848
574.766000  3.307540
574.767000  3.301199
574.768000  3.295826
574.769000  3.291332
574.770000  3.287658
574.771000  3.284816
574.772000  3.282882
574.773000  3.281964
574.774000  3.282173
574.775000  3.283572
574.776000  3.286126
574.777000  3.289663
574.778000  3.293906
574.779000  3.298548
574.780000  3.303325
574.781000  3.308045
574.782000  3.312580
574.783000  3.316854
574.784000  3.320825
574.785000  3.324479
574.786000  3.327792
574.787000  3.330713
574.788000  3.333187
574.789000  3.335232
574.790000  3.336984
574.791000  3.338677
574.792000  3.340584
574.793000  3.342964
574.794000  3.346029
574.795000  3.349917
574.796000  3.354635
574.797000  3.360002
574.798000  3.365646
574.799000  3.371089
574.800000  3.375859
574.801000  3.379565
574.802000  3.381952
574.803000  3.382923
574.804000  3.382541
574.805000  3.380982
574.806000  3.378447
574.807000  3.375085
574.808000  3.370992
574.809000  3.366262
574.810000  3.361024
574.811000  3.355438
574.812000  3.349691
574.813000  3.343997
574.814000  3.338614
574.815000  3.333823
574.816000  3.329852
574.817000  3.326768
574.818000  3.324444
574.819000  3.322624
574.820000  3.321029
574.821000  3.319453
574.822000  3.317827
574.823000  3.316251
574.824000  3.314975
574.825000  3.314319
574.826000  3.314552
574.827000  3.315779
574.828000  3.317921
574.829000  3.320772
574.830000  3.324105
574.831000  3.327762
574.832000  3.331717
574.833000  3.336088
574.834000  3.341063
574.835000  3.346764
574.836000  3.353071
574.837000  3.359568
574.838000  3.365632
574.839000  3.370599
574.840000  3.373885
574.841000  3.375042
574.842000  3.373799
574.843000  3.370085
574.844000  3.364021
574.845000  3.355850
574.846000  3.345858
574.847000  3.334361
574.848000  3.321766
574.849000  3.308615
574.850000  3.295550
574.851000  3.283222
574.852000  3.272213
574.853000  3.263029
574.854000  3.256129
574.855000  3.251890
574.856000  3.250550
574.857000  3.252190
574.858000  3.256788
574.859000  3.264264
574.860000  3.274499
574.861000  3.287317
574.862000  3.302485
574.863000  3.319701
574.864000  3.338558
574.865000  3.358471
574.866000  3.378649
574.867000  3.398194
574.868000  3.416270
574.869000  3.432237
574.870000  3.445694
574.871000  3.456469
574.872000  3.464584
574.873000  3.470208
574.874000  3.473582
574.875000  3.474940
574.876000  3.474469
574.877000  3.472338
574.878000  3.468761
574.879000  3.464011
574.880000  3.458393
574.881000  3.452200
574.882000  3.445669
574.883000  3.438956
574.884000  3.432121
574.885000  3.425104
574.886000  3.417726
574.887000  3.409755
574.888000  3.401001
574.889000  3.391376
574.890000  3.380938
574.891000  3.369920
574.892000  3.358733
574.893000  3.347895
574.894000  3.337909
574.895000  3.329152
574.896000  3.321822
574.897000  3.315945
574.898000  3.311418
574.899000  3.308050
574.900000  3.305596
574.901000  3.303804
574.902000  3.302439
574.903000  3.301301
574.904000  3.300197
574.905000  3.298906
574.906000  3.297167
574.907000  3.294713
574.908000  3.291329
574.909000  3.286905
574.910000  3.281469
574.911000  3.275202
574.912000  3.268415
574.913000  3.261474
574.914000  3.254720
574.915000  3.248408
574.916000  3.242704
574.917000  3.237705
574.918000  3.233443
574.919000  3.229894
574.920000  3.227006
574.921000  3.224719
574.922000  3.222971
574.923000  3.221676
574.924000  3.220673
574.925000  3.219715
574.926000  3.218517
574.927000  3.216827
574.928000  3.214469
574.929000  3.211347
574.930000  3.207439
574.931000  3.202807
574.932000  3.197594
574.933000  3.191965
574.934000  3.186013
574.935000  3.179718
574.936000  3.172991
574.937000  3.165772
574.938000  3.158099
574.939000  3.150133
574.940000  3.142148
574.941000  3.134500
574.942000  3.127585
574.943000  3.121771
574.944000  3.117353
574.945000  3.114561
574.946000  3.113623
574.947000  3.114793
574.948000  3.118320
574.949000  3.124370
574.950000  3.132959
574.951000  3.143895
574.952000  3.156755
574.953000  3.170874
574.954000  3.185357
574.955000  3.199158
574.956000  3.211222
574.957000  3.220656
574.958000  3.226855
574.959000  3.229578
574.960000  3.228965
574.961000  3.225501
574.962000  3.219919
574.963000  3.213064
574.964000  3.205784
574.965000  3.198881
574.966000  3.193101
574.967000  3.189080
574.968000  3.187282
574.969000  3.187950
574.970000  3.191108
574.971000  3.196594
574.972000  3.204089
574.973000  3.213119
574.974000  3.223045
574.975000  3.233127
574.976000  3.242630
574.977000  3.250947
574.978000  3.257662
574.979000  3.262578
574.980000  3.265702
574.981000  3.267203
574.982000  3.267339
574.983000  3.266381
574.984000  3.264570
574.985000  3.262127
574.986000  3.259272
574.987000  3.256218
574.988000  3.253151
574.989000  3.250223
574.990000  3.247564
574.991000  3.245303
574.992000  3.243555
574.993000  3.242376
574.994000  3.241722
574.995000  3.241471
574.996000  3.241493
574.997000  3.241725
574.998000  3.242206
574.999000  3.243073
575.000000  3.244526
575.001000  3.246760
575.002000  3.249865
575.003000  3.253726
575.004000  3.258001
575.005000  3.262191
575.006000  3.265744
575.007000  3.268138
575.008000  3.268953
575.009000  3.267914
575.010000  3.264917
575.011000  3.260000
575.011000  3.260000
575.012000  3.253259
575.013000  3.244755
575.014000  3.234490
575.015000  3.222483
575.016000  3.208891
575.017000  3.194067
575.018000  3.178563
575.019000  3.163082
575.020000  3.148406
575.021000  3.135302
575.022000  3.124403
575.023000  3.116092
575.024000  3.110470
575.025000  3.107423
575.026000  3.106723
575.027000  3.108128
575.028000  3.111453
575.029000  3.116617
575.030000  3.123641
575.031000  3.132594
575.032000  3.143490
575.033000  3.156200
575.034000  3.170433
575.035000  3.185777
575.036000  3.201740
575.037000  3.217780
575.038000  3.233337
575.039000  3.247868
575.040000  3.260880
575.041000  3.271934
575.042000  3.280635
575.043000  3.286619
575.044000  3.289590
575.045000  3.289408
575.046000  3.286149
575.047000  3.280129
575.048000  3.271880
575.049000  3.262125
575.050000  3.251729
575.051000  3.241612
575.052000  3.232636
575.053000  3.225478
575.054000  3.220562
575.055000  3.218041
575.056000  3.217819
575.057000  3.219595
575.058000  3.222927
575.059000  3.227284
575.060000  3.232098
575.061000  3.236785
575.062000  3.240739
575.063000  3.243341
575.064000  3.244010
575.065000  3.242271
575.066000  3.237823
575.067000  3.230588
575.068000  3.220747
575.069000  3.208736
575.070000  3.195188
575.071000  3.180822
575.072000  3.166344
575.073000  3.152391
575.074000  3.139534
575.075000  3.128281
575.076000  3.119049
575.077000  3.112111
575.078000  3.107563
575.079000  3.105346
575.080000  3.105314
575.081000  3.107282
575.082000  3.111024
575.083000  3.116268
575.084000  3.122717
575.085000  3.130092
575.086000  3.138170
575.087000  3.146799
575.088000  3.155889
575.089000  3.165389
575.090000  3.175234
575.091000  3.185299
575.092000  3.195354
575.093000  3.205077
575.094000  3.214125
575.095000  3.222211
575.096000  3.229169
575.097000  3.234989
575.098000  3.239817
575.099000  3.243900
575.100000  3.247492
575.101000  3.250733
575.102000  3.253574
575.103000  3.255819
575.104000  3.257227
575.105000  3.257621
575.106000  3.256926
575.107000  3.255165
575.108000  3.252446
575.109000  3.248947
575.110000  3.244900
575.111000  3.240535
575.112000  3.236013
575.113000  3.231390
575.114000  3.226658
575.115000  3.221816
575.116000  3.216917
575.117000  3.212084
575.118000  3.207503
575.119000  3.203390
575.120000  3.199951
575.121000  3.197325
575.122000  3.195544
575.123000  3.194535
575.124000  3.194146
575.125000  3.194171
575.126000  3.194367
575.127000  3.194481
575.128000  3.194283
575.129000  3.193593
575.130000  3.192282
575.131000  3.190224
575.132000  3.187257
575.133000  3.183182
575.134000  3.177822
575.135000  3.171062
575.136000  3.162882
575.137000  3.153380
575.138000  3.142817
575.139000  3.131624
575.140000  3.120341
575.141000  3.109487
575.142000  3.099443
575.143000  3.090429
575.144000  3.082528
575.145000  3.075715
575.146000  3.069874
575.147000  3.064820
575.148000  3.060332
575.149000  3.056186
575.150000  3.052166
575.151000  3.048029
575.152000  3.043460
575.153000  3.038107
575.154000  3.031666
575.155000  3.023966
575.156000  3.015015
575.157000  3.005023
575.158000  2.994376
575.159000  2.983558
575.160000  2.973018
575.161000  2.963049
575.162000  2.953751
575.163000  2.945102
575.164000  2.937045
575.165000  2.929531
575.166000  2.922538
575.167000  2.916087
575.168000  2.910258
575.169000  2.905188
575.170000  2.901001
575.171000  2.897718
575.172000  2.895216
575.173000  2.893276
575.174000  2.891674
575.175000  2.890241
575.176000  2.888890
575.177000  2.887604
575.178000  2.886410
575.179000  2.885338
575.180000  2.884359
575.181000  2.883348
575.182000  2.882105
575.183000  2.880451
575.184000  2.878290
575.185000  2.875620
575.186000  2.872524
575.187000  2.869190
575.188000  2.865916
575.189000  2.863047
575.190000  2.860852
575.191000  2.859448
575.192000  2.858862
575.193000  2.859145
575.194000  2.860430
575.195000  2.862928
575.196000  2.866880
575.197000  2.872509
575.198000  2.880008
575.199000  2.889498
575.200000  2.900964
575.201000  2.914206
575.202000  2.928875
575.203000  2.944562
575.204000  2.960876
575.205000  2.977498
575.206000  2.994231
575.207000  3.011027
575.208000  3.027965
575.209000  3.045144
575.210000  3.062541
575.211000  3.079968
575.212000  3.097151
575.213000  3.113824
575.214000  3.129771
575.215000  3.144826
575.216000  3.158874
575.217000  3.171859
575.218000  3.183774
575.219000  3.194625
575.220000  3.204367
575.221000  3.212893
575.222000  3.220066
575.223000  3.225771
575.224000  3.229959
575.225000  3.232715
575.226000  3.234299
575.227000  3.235125
575.228000  3.235679
575.229000  3.236376
575.230000  3.237457
575.231000  3.238997
575.232000  3.240983
575.233000  3.243389
575.234000  3.246175
575.235000  3.249260
575.236000  3.252524
575.237000  3.255883
575.238000  3.259323
575.239000  3.262849
575.240000  3.266410
575.241000  3.269903
575.242000  3.273246
575.243000  3.276455
575.244000  3.279683
575.245000  3.283228
575.246000  3.287485
575.247000  3.292862
575.248000  3.299626
575.249000  3.307794
575.250000  3.317119
575.251000  3.327180
575.252000  3.337487
575.253000  3.347547
575.254000  3.356921
575.255000  3.365259
575.256000  3.372356
575.257000  3.378163
575.258000  3.382748
575.259000  3.386180
575.260000  3.388431
575.261000  3.389373
575.262000  3.388863
575.263000  3.386841
575.264000  3.383366
575.265000  3.378625
575.266000  3.372915
575.267000  3.366616
575.268000  3.360122
575.269000  3.353750
575.270000  3.347680
575.271000  3.341953
575.272000  3.336515
575.273000  3.331272
575.274000  3.326145
575.275000  3.321138
575.276000  3.316385
575.277000  3.312145
575.278000  3.308741
575.279000  3.306460
575.280000  3.305502
575.281000  3.305996
575.282000  3.308016
575.283000  3.311558
575.284000  3.316511
575.285000  3.322665
575.286000  3.329757
575.287000  3.337486
575.288000  3.345491
575.289000  3.353285
575.290000  3.360263
575.291000  3.365814
575.292000  3.369462
575.293000  3.370971
575.294000  3.370373
575.295000  3.367932
575.296000  3.364090
575.297000  3.359390
575.298000  3.354391
575.299000  3.349601
575.300000  3.345460
575.301000  3.342377
575.302000  3.340726
575.303000  3.340804
575.304000  3.342784
575.305000  3.346673
575.306000  3.352292
575.307000  3.359279
575.308000  3.367076
575.309000  3.374977
575.310000  3.382240
575.311000  3.388242
575.312000  3.392578
575.313000  3.395102
575.314000  3.395914
575.315000  3.395330
575.316000  3.393823
575.317000  3.391899
575.318000  3.389955
575.319000  3.388208
575.320000  3.386749
575.321000  3.385621
575.322000  3.384864
575.323000  3.384509
575.324000  3.384567
575.325000  3.385034
575.326000  3.385881
575.327000  3.387028
575.328000  3.388296
575.329000  3.389408
575.330000  3.390060
575.331000  3.390006
575.332000  3.389080
575.333000  3.387192
575.334000  3.384314
575.335000  3.380487
575.336000  3.375801
575.337000  3.370351
575.338000  3.364156
575.339000  3.357121
575.340000  3.349096
575.341000  3.339966
575.342000  3.329711
575.343000  3.318443
575.344000  3.306422
575.345000  3.294055
575.346000  3.281834
575.347000  3.270229
575.348000  3.259562
575.349000  3.249991
575.350000  3.241602
575.351000  3.234484
575.352000  3.228748
575.353000  3.224496
575.354000  3.221778
575.355000  3.220575
575.356000  3.220772
575.357000  3.222136
575.358000  3.224280
575.359000  3.226693
575.360000  3.228825
575.361000  3.230157
575.362000  3.230249
575.363000  3.228802
575.364000  3.225728
575.365000  3.221168
575.366000  3.215427
575.367000  3.208830
575.368000  3.201622
575.369000  3.194002
575.370000  3.186228
575.371000  3.178686
575.372000  3.171873
575.373000  3.166324
575.374000  3.162539
575.375000  3.160924
575.376000  3.161768
575.377000  3.165194
575.378000  3.171116
575.379000  3.179253
575.380000  3.189219
575.381000  3.200605
575.382000  3.213024
575.383000  3.226118
575.384000  3.239527
575.385000  3.252838
575.386000  3.265499
575.387000  3.276759
575.388000  3.285746
575.389000  3.291657
575.390000  3.293930
575.391000  3.292318
575.392000  3.286883
575.393000  3.277970
575.394000  3.266157
575.395000  3.252189
575.396000  3.236854
575.397000  3.220841
575.398000  3.204682
575.399000  3.188764
575.400000  3.173373
575.401000  3.158731
575.402000  3.145031
575.403000  3.132471
575.404000  3.121257
575.405000  3.111532
575.406000  3.103273
575.407000  3.096294
575.408000  3.090362
575.409000  3.085269
575.410000  3.080858
575.411000  3.077069
575.412000  3.073990
575.413000  3.071830
575.414000  3.070785
575.415000  3.070907
575.416000  3.072138
575.417000  3.074404
575.418000  3.077642
575.419000  3.081757
575.420000  3.086575
575.421000  3.091853
575.422000  3.097312
575.423000  3.102655
575.424000  3.107580
575.425000  3.111826
575.426000  3.115217
575.427000  3.117696
575.428000  3.119333
575.429000  3.120335
575.430000  3.121042
575.431000  3.121886
575.432000  3.123307
575.433000  3.125603
575.434000  3.128810
575.435000  3.132693
575.436000  3.136841
575.437000  3.140795
575.438000  3.144144
575.439000  3.146602
575.440000  3.148040
575.441000  3.148448
575.442000  3.147855
575.443000  3.146260
575.444000  3.143637
575.445000  3.140008
575.446000  3.135499
575.447000  3.130352
575.448000  3.124911
575.449000  3.119578
575.450000  3.114756
575.451000  3.110745
575.452000  3.107639
575.453000  3.105242
575.454000  3.103096
575.455000  3.100598
575.456000  3.097147
575.457000  3.092243
575.458000  3.085559
575.459000  3.076989
575.460000  3.066688
575.461000  3.055049
575.462000  3.042605
575.463000  3.029893
575.464000  3.017401
575.465000  3.005616
575.466000  2.995076
575.467000  2.986356
575.468000  2.980014
575.469000  2.976536
575.470000  2.976272
575.471000  2.979358
575.472000  2.985614
575.473000  2.994491
575.474000  3.005134
575.475000  3.016522
575.476000  3.027605
575.477000  3.037398
575.478000  3.045059
575.479000  3.049961
575.480000  3.051759
575.481000  3.050402
575.482000  3.046060
575.483000  3.039032
575.484000  3.029722
575.485000  3.018680
575.486000  3.006578
575.487000  2.994162
575.488000  2.982182
575.489000  2.971340
575.490000  2.962233
575.491000  2.955260
575.492000  2.950560
575.493000  2.948066
575.494000  2.947625
575.495000  2.949087
575.496000  2.952336
575.497000  2.957303
575.498000  2.963976
575.499000  2.972392
575.500000  2.982587
575.501000  2.994476
575.502000  3.007785
575.503000  3.022088
575.504000  3.036894
575.505000  3.051712
575.506000  3.066088
575.507000  3.079658
575.508000  3.092180
575.509000  3.103531
575.510000  3.113610
575.511000  3.122227
575.511000  3.122227
575.512000  3.129128
575.513000  3.134136
575.514000  3.137262
575.515000  3.138723
575.516000  3.138911
575.517000  3.138368
575.518000  3.137752
575.519000  3.137770
575.520000  3.139039
575.521000  3.141916
575.522000  3.146442
575.523000  3.152417
575.524000  3.159501
575.525000  3.167289
575.526000  3.175384
575.527000  3.183446
575.528000  3.191227
575.529000  3.198552
575.530000  3.205225
575.531000  3.210949
575.532000  3.215383
575.533000  3.218273
575.534000  3.219561
575.535000  3.219414
575.536000  3.218222
575.537000  3.216567
575.538000  3.215147
575.539000  3.214625
575.540000  3.215434
575.541000  3.217678
575.542000  3.221225
575.543000  3.225886
575.544000  3.231530
575.545000  3.238122
575.546000  3.245713
575.547000  3.254415
575.548000  3.264350
575.549000  3.275570
575.550000  3.287952
575.551000  3.301140
575.552000  3.314614
575.553000  3.327804
575.554000  3.340179
575.555000  3.351276
575.556000  3.360704
575.557000  3.368143
575.558000  3.373313
575.559000  3.375910
575.560000  3.375532
575.561000  3.371727
575.562000  3.364174
575.563000  3.352860
575.564000  3.338119
575.565000  3.320582
575.566000  3.301081
575.567000  3.280561
575.568000  3.259982
575.569000  3.240210
575.570000  3.221907
575.571000  3.205464
575.572000  3.191037
575.573000  3.178633
575.574000  3.168200
575.575000  3.159699
575.576000  3.153154
575.577000  3.148673
575.578000  3.146428
575.579000  3.146572
575.580000  3.149107
575.581000  3.153813
575.582000  3.160282
575.583000  3.168017
575.584000  3.176478
575.585000  3.185116
575.586000  3.193424
575.587000  3.201009
575.588000  3.207654
575.589000  3.213302
575.590000  3.217968
575.591000  3.221689
575.592000  3.224545
575.593000  3.226695
575.594000  3.228363
575.595000  3.229799
575.596000  3.231255
575.597000  3.232975
575.598000  3.235184
575.599000  3.238027
575.600000  3.241480
575.601000  3.245354
575.602000  3.249385
575.603000  3.253311
575.604000  3.256920
575.605000  3.260074
575.606000  3.262734
575.607000  3.264933
575.608000  3.266641
575.609000  3.267603
575.610000  3.267377
575.611000  3.265547
575.612000  3.261914
575.613000  3.256553
575.614000  3.249796
575.615000  3.242177
575.616000  3.234342
575.617000  3.226934
575.618000  3.220473
575.619000  3.215317
575.620000  3.211678
575.621000  3.209641
575.622000  3.209162
575.623000  3.210070
575.624000  3.212105
575.625000  3.214990
575.626000  3.218497
575.627000  3.222441
575.628000  3.226608
575.629000  3.230703
575.630000  3.234442
575.631000  3.237689
575.632000  3.240513
575.633000  3.243164
575.634000  3.246031
575.635000  3.249595
575.636000  3.254364
575.637000  3.260747
575.638000  3.268944
575.639000  3.278920
575.640000  3.290466
575.641000  3.303270
575.642000  3.316965
575.643000  3.331165
575.644000  3.345490
575.645000  3.359590
575.646000  3.373157
575.647000  3.385891
575.648000  3.397455
575.649000  3.407474
575.650000  3.415616
575.651000  3.421678
575.652000  3.425626
575.653000  3.427592
575.654000  3.427848
575.655000  3.426766
575.656000  3.424763
575.657000  3.422225
575.658000  3.419428
575.659000  3.416533
575.660000  3.413638
575.661000  3.410836
575.662000  3.408247
575.663000  3.406024
575.664000  3.404359
575.665000  3.403486
575.666000  3.403633
575.667000  3.404957
575.668000  3.407466
575.669000  3.411042
575.670000  3.415491
575.671000  3.420579
575.672000  3.426030
575.673000  3.431529
575.674000  3.436739
575.675000  3.441327
575.676000  3.444968
575.677000  3.447311
575.678000  3.447987
575.679000  3.446681
575.680000  3.443236
575.681000  3.437708
575.682000  3.430359
575.683000  3.421645
575.684000  3.412172
575.685000  3.402641
575.686000  3.393737
575.687000  3.385994
575.688000  3.379706
575.689000  3.374917
575.690000  3.371485
575.691000  3.369133
575.692000  3.367514
575.693000  3.366279
575.694000  3.365157
575.695000  3.363986
575.696000  3.362647
575.697000  3.360954
575.698000  3.358640
575.699000  3.355475
575.700000  3.351404
575.701000  3.346579
575.702000  3.341330
575.703000  3.336097
575.704000  3.331361
575.705000  3.327543
575.706000  3.324913
575.707000  3.323531
575.708000  3.323278
575.709000  3.323915
575.710000  3.325097
575.711000  3.326399
575.712000  3.327390
575.713000  3.327750
575.714000  3.327349
575.715000  3.326218
575.716000  3.324419
575.717000  3.321930
575.718000  3.318689
575.719000  3.314734
575.720000  3.310302
575.721000  3.305839
575.722000  3.301917
575.723000  3.299098
575.724000  3.297799
575.725000  3.298204
575.726000  3.300216
575.727000  3.303469
575.728000  3.307403
575.729000  3.311372
575.730000  3.314747
575.731000  3.317006
575.732000  3.317817
575.733000  3.317080
575.734000  3.314891
575.735000  3.311390
575.736000  3.306621
575.737000  3.300570
575.738000  3.293326
575.739000  3.285206
575.740000  3.276757
575.741000  3.268679
575.742000  3.261727
575.743000  3.256615
575.744000  3.253903
575.745000  3.253884
575.746000  3.256531
575.747000  3.261545
575.748000  3.268474
575.749000  3.276843
575.750000  3.286253
575.751000  3.296441
575.752000  3.307272
575.753000  3.318684
575.754000  3.330577
575.755000  3.342708
575.756000  3.354686
575.757000  3.366079
575.758000  3.376518
575.759000  3.385722
575.760000  3.393476
575.761000  3.399624
575.762000  3.404093
575.763000  3.406908
575.764000  3.408147
575.765000  3.407862
575.766000  3.406046
575.767000  3.402683
575.768000  3.397832
575.769000  3.391685
575.770000  3.384582
575.771000  3.377006
575.772000  3.369539
575.773000  3.362787
575.774000  3.357283
575.775000  3.353375
575.776000  3.351187
575.777000  3.350639
575.778000  3.351511
575.779000  3.353488
575.780000  3.356217
575.781000  3.359351
575.782000  3.362591
575.783000  3.365676
575.784000  3.368317
575.785000  3.370146
575.786000  3.370739
575.787000  3.369725
575.788000  3.366881
575.789000  3.362188
575.790000  3.355830
575.791000  3.348174
575.792000  3.339715
575.793000  3.330998
575.794000  3.322533
575.795000  3.314723
575.796000  3.307837
575.797000  3.302010
575.798000  3.297240
575.799000  3.293416
575.800000  3.290385
575.801000  3.288044
575.802000  3.286399
575.803000  3.285544
575.804000  3.285554
575.805000  3.286401
575.806000  3.287962
575.807000  3.290112
575.808000  3.292808
575.809000  3.296113
575.810000  3.300166
575.811000  3.305119
575.812000  3.311079
575.813000  3.318032
575.814000  3.325786
575.815000  3.333977
575.816000  3.342149
575.817000  3.349871
575.818000  3.356815
575.819000  3.362795
575.820000  3.367773
575.821000  3.371808
575.822000  3.374955
575.823000  3.377143
575.824000  3.378128
575.825000  3.377567
575.826000  3.375169
575.827000  3.370816
575.828000  3.364611
575.829000  3.356860
575.830000  3.348033
575.831000  3.338711
575.832000  3.329497
575.833000  3.320906
575.834000  3.313280
575.835000  3.306785
575.836000  3.301478
575.837000  3.297379
575.838000  3.294538
575.839000  3.293061
575.840000  3.293109
575.841000  3.294843
575.842000  3.298325
575.843000  3.303429
575.844000  3.309850
575.845000  3.317183
575.846000  3.325000
575.847000  3.332865
575.848000  3.340337
575.849000  3.346982
575.850000  3.352409
575.851000  3.356292
575.852000  3.358351
575.853000  3.358315
575.854000  3.355966
575.855000  3.351223
575.856000  3.344204
575.857000  3.335224
575.858000  3.324772
575.859000  3.313465
575.860000  3.301985
575.861000  3.290986
575.862000  3.281027
575.863000  3.272582
575.864000  3.266066
575.865000  3.261832
575.866000  3.260146
575.867000  3.261147
575.868000  3.264812
575.869000  3.270949
575.870000  3.279192
575.871000  3.288998
575.872000  3.299703
575.873000  3.310649
575.874000  3.321321
575.875000  3.331413
575.876000  3.340798
575.877000  3.349465
575.878000  3.357466
575.879000  3.364881
575.880000  3.371779
575.881000  3.378158
575.882000  3.383922
575.883000  3.388915
575.884000  3.392971
575.885000  3.395942
575.886000  3.397729
575.887000  3.398310
575.888000  3.397763
575.889000  3.396253
575.890000  3.393944
575.891000  3.390915
575.892000  3.387142
575.893000  3.382562
575.894000  3.377144
575.895000  3.370969
575.896000  3.364283
575.897000  3.357498
575.898000  3.351120
575.899000  3.345631
575.900000  3.341362
575.901000  3.338451
575.902000  3.336872
575.903000  3.336480
575.904000  3.337048
575.905000  3.338284
575.906000  3.339868
575.907000  3.341484
575.908000  3.342854
575.909000  3.343720
575.910000  3.343824
575.911000  3.342922
575.912000  3.340877
575.913000  3.337730
575.914000  3.333718
575.915000  3.329241
575.916000  3.324807
575.917000  3.320964
575.918000  3.318204
575.919000  3.316857
575.920000  3.317010
575.921000  3.318533
575.922000  3.321153
575.923000  3.324541
575.924000  3.328369
575.925000  3.332365
575.926000  3.336349
575.927000  3.340224
575.928000  3.343882
575.929000  3.347118
575.930000  3.349658
575.931000  3.351284
575.932000  3.351930
575.933000  3.351692
575.934000  3.350794
575.935000  3.349532
575.936000  3.348216
575.937000  3.347074
575.938000  3.346164
575.939000  3.345355
575.940000  3.344392
575.941000  3.342992
575.942000  3.340919
575.943000  3.338045
575.944000  3.334400
575.945000  3.330174
575.946000  3.325663
575.947000  3.321154
575.948000  3.316869
575.949000  3.312977
575.950000  3.309635
575.951000  3.306993
575.952000  3.305213
575.953000  3.304475
575.954000  3.304969
575.955000  3.306838
575.956000  3.310072
575.957000  3.314428
575.958000  3.319463
575.959000  3.324639
575.960000  3.329432
575.961000  3.333408
575.962000  3.336287
575.963000  3.337984
575.964000  3.338600
575.965000  3.338344
575.966000  3.337408
575.967000  3.335915
575.968000  3.333981
575.969000  3.331812
575.970000  3.329745
575.971000  3.328211
575.972000  3.327677
575.973000  3.328583
575.974000  3.331274
575.975000  3.335901
575.976000  3.342335
575.977000  3.350194
575.978000  3.358978
575.979000  3.368165
575.980000  3.377223
575.981000  3.385649
575.982000  3.393079
575.983000  3.399364
575.984000  3.404525
575.985000  3.408622
575.986000  3.411642
575.987000  3.413524
575.988000  3.414247
575.989000  3.413876
575.990000  3.412551
575.991000  3.410471
575.992000  3.407876
575.993000  3.405016
575.994000  3.402085
575.995000  3.399137
575.996000  3.396049
575.997000  3.392575
575.998000  3.388467
575.999000  3.383573
576.000000  3.377893
576.001000  3.371596
576.002000  3.365027
576.003000  3.358690
576.004000  3.353188
576.005000  3.349097
576.006000  3.346845
576.007000  3.346668
576.008000  3.348629
576.009000  3.352625
576.010000  3.358421
576.011000  3.365720
576.011000  3.365720
576.012000  3.374221
576.013000  3.383644
576.014000  3.393725
576.015000  3.404163
576.016000  3.414560
576.017000  3.424436
576.018000  3.433346
576.019000  3.440967
576.020000  3.447123
576.021000  3.451715
576.022000  3.454656
576.023000  3.455869
576.024000  3.455361
576.025000  3.453243
576.026000  3.449661
576.027000  3.444723
576.028000  3.438501
576.029000  3.431063
576.030000  3.422504
576.031000  3.412980
576.032000  3.402746
576.033000  3.392193
576.034000  3.381830
576.035000  3.372178
576.036000  3.363638
576.037000  3.356446
576.038000  3.350745
576.039000  3.346673
576.040000  3.344386
576.041000  3.344024
576.042000  3.345644
576.043000  3.349157
576.044000  3.354267
576.045000  3.360444
576.046000  3.367006
576.047000  3.373257
576.048000  3.378577
576.049000  3.382391
576.050000  3.384174
576.051000  3.383578
576.052000  3.380532
576.053000  3.375219
576.054000  3.367946
576.055000  3.359049
576.056000  3.348919
576.057000  3.338033
576.058000  3.326943
576.059000  3.316213
576.060000  3.306366
576.061000  3.297844
576.062000  3.290974
576.063000  3.285893
576.064000  3.282444
576.065000  3.280160
576.066000  3.278389
576.067000  3.276469
576.068000  3.273863
576.069000  3.270223
576.070000  3.265422
576.071000  3.259525
576.072000  3.252713
576.073000  3.245140
576.074000  3.236847
576.075000  3.227804
576.076000  3.218038
576.077000  3.207706
576.078000  3.197070
576.079000  3.186433
576.080000  3.176077
576.081000  3.166257
576.082000  3.157180
576.083000  3.148946
576.084000  3.141512
576.085000  3.134756
576.086000  3.128603
576.087000  3.123128
576.088000  3.118588
576.089000  3.115412
576.090000  3.114137
576.091000  3.115304
576.092000  3.119305
576.093000  3.126232
576.094000  3.135809
576.095000  3.147482
576.096000  3.160542
576.097000  3.174244
576.098000  3.187872
576.099000  3.200821
576.100000  3.212645
576.101000  3.223045
576.102000  3.231744
576.103000  3.238370
576.104000  3.242521
576.105000  3.243960
576.106000  3.242770
576.107000  3.239405
576.108000  3.234637
576.109000  3.229439
576.110000  3.224829
576.111000  3.221699
576.112000  3.220655
576.113000  3.221957
576.114000  3.225578
576.115000  3.231281
576.116000  3.238695
576.117000  3.247397
576.118000  3.256985
576.119000  3.267130
576.120000  3.277520
576.121000  3.287731
576.122000  3.297193
576.123000  3.305364
576.124000  3.311946
576.125000  3.316960
576.126000  3.320693
576.127000  3.323593
576.128000  3.326184
576.129000  3.328987
576.130000  3.332416
576.131000  3.336687
576.132000  3.341797
576.133000  3.347581
576.134000  3.353769
576.135000  3.360022
576.136000  3.365970
576.137000  3.371267
576.138000  3.375655
576.139000  3.378994
576.140000  3.381223
576.141000  3.382265
576.142000  3.382006
576.143000  3.380386
576.144000  3.377490
576.145000  3.373562
576.146000  3.368991
576.147000  3.364308
576.148000  3.360152
576.149000  3.357165
576.150000  3.355800
576.151000  3.356166
576.152000  3.358028
576.153000  3.360947
576.154000  3.364420
576.155000  3.367966
576.156000  3.371164
576.157000  3.373677
576.158000  3.375241
576.159000  3.375614
576.160000  3.374515
576.161000  3.371612
576.162000  3.366588
576.163000  3.359241
576.164000  3.349530
576.165000  3.337570
576.166000  3.323592
576.167000  3.307934
576.168000  3.291031
576.169000  3.273401
576.170000  3.255584
576.171000  3.238056
576.172000  3.221218
576.173000  3.205441
576.174000  3.191100
576.175000  3.178562
576.176000  3.168217
576.177000  3.160537
576.178000  3.156090
576.179000  3.155460
576.180000  3.159098
576.181000  3.167177
576.182000  3.179544
576.183000  3.195796
576.184000  3.215379
576.185000  3.237633
576.186000  3.261771
576.187000  3.286817
576.188000  3.311618
576.189000  3.334955
576.190000  3.355609
576.191000  3.372332
576.192000  3.383858
576.193000  3.389050
576.194000  3.387089
576.195000  3.377629
576.196000  3.360888
576.197000  3.337667
576.198000  3.309269
576.199000  3.277279
576.200000  3.243257
576.201000  3.208507
576.202000  3.174073
576.203000  3.140841
576.204000  3.109606
576.205000  3.081076
576.206000  3.055859
576.207000  3.034463
576.208000  3.017305
576.209000  3.004696
576.210000  2.996801
576.211000  2.993572
576.212000  2.994722
576.213000  2.999715
576.214000  3.007844
576.215000  3.018409
576.216000  3.030850
576.217000  3.044774
576.218000  3.059893
576.219000  3.075892
576.220000  3.092255
576.221000  3.108227
576.222000  3.122985
576.223000  3.135860
576.224000  3.146507
576.225000  3.154968
576.226000  3.161623
576.227000  3.166993
576.228000  3.171509
576.229000  3.175406
576.230000  3.178810
576.231000  3.181894
576.232000  3.184953
576.233000  3.188378
576.234000  3.192603
576.235000  3.198034
576.236000  3.204977
576.237000  3.213532
576.238000  3.223518
576.239000  3.234488
576.240000  3.245803
576.241000  3.256737
576.242000  3.266630
576.243000  3.275040
576.244000  3.281796
576.245000  3.286931
576.246000  3.290517
576.247000  3.292502
576.248000  3.292681
576.249000  3.290848
576.250000  3.286972
576.251000  3.281281
576.252000  3.274251
576.253000  3.266497
576.254000  3.258668
576.255000  3.251384
576.256000  3.245209
576.257000  3.240622
576.258000  3.238014
576.259000  3.237701
576.260000  3.239907
576.261000  3.244742
576.262000  3.252168
576.263000  3.261972
576.264000  3.273753
576.265000  3.286895
576.266000  3.300538
576.267000  3.313590
576.268000  3.324832
576.269000  3.333090
576.270000  3.337406
576.271000  3.337170
576.272000  3.332201
576.273000  3.322751
576.274000  3.309425
576.275000  3.293023
576.276000  3.274406
576.277000  3.254426
576.278000  3.233928
576.279000  3.213745
576.280000  3.194673
576.281000  3.177436
576.282000  3.162657
576.283000  3.150848
576.284000  3.142393
576.285000  3.137510
576.286000  3.136218
576.287000  3.138334
576.288000  3.143514
576.289000  3.151322
576.290000  3.161287
576.291000  3.172928
576.292000  3.185797
576.293000  3.199502
576.294000  3.213717
576.295000  3.228144
576.296000  3.242422
576.297000  3.256095
576.298000  3.268665
576.299000  3.279690
576.300000  3.288849
576.301000  3.295962
576.302000  3.300993
576.303000  3.304044
576.304000  3.305332
576.305000  3.305130
576.306000  3.303682
576.307000  3.301177
576.308000  3.297770
576.309000  3.293637
576.310000  3.289013
576.311000  3.284193
576.312000  3.279540
576.313000  3.275469
576.314000  3.272408
576.315000  3.270696
576.316000  3.270438
576.317000  3.271431
576.318000  3.273245
576.319000  3.275380
576.320000  3.277391
576.321000  3.278965
576.322000  3.279947
576.323000  3.280345
576.324000  3.280281
576.325000  3.279884
576.326000  3.279206
576.327000  3.278205
576.328000  3.276818
576.329000  3.275036
576.330000  3.272928
576.331000  3.270659
576.332000  3.268467
576.333000  3.266646
576.334000  3.265490
576.335000  3.265212
576.336000  3.265882
576.337000  3.267449
576.338000  3.269831
576.339000  3.273000
576.340000  3.277023
576.341000  3.282071
576.342000  3.288395
576.343000  3.296268
576.344000  3.305886
576.345000  3.317255
576.346000  3.330163
576.347000  3.344261
576.348000  3.359176
576.349000  3.374593
576.350000  3.390285
576.351000  3.406120
576.352000  3.422013
576.353000  3.437830
576.354000  3.453276
576.355000  3.467870
576.356000  3.481056
576.357000  3.492328
576.358000  3.501317
576.359000  3.507822
576.360000  3.511825
576.361000  3.513467
576.362000  3.513000
576.363000  3.510699
576.364000  3.506786
576.365000  3.501424
576.366000  3.494759
576.367000  3.486982
576.368000  3.478348
576.369000  3.469195
576.370000  3.459922
576.371000  3.450959
576.372000  3.442699
576.373000  3.435413
576.374000  3.429211
576.375000  3.424066
576.376000  3.419887
576.377000  3.416573
576.378000  3.414051
576.379000  3.412289
576.380000  3.411301
576.381000  3.411133
576.382000  3.411819
576.383000  3.413326
576.384000  3.415523
576.385000  3.418211
576.386000  3.421185
576.387000  3.424289
576.388000  3.427440
576.389000  3.430635
576.390000  3.433932
576.391000  3.437411
576.392000  3.441119
576.393000  3.445029
576.394000  3.449016
576.395000  3.452883
576.396000  3.456395
576.397000  3.459312
576.398000  3.461410
576.399000  3.462496
576.400000  3.462419
576.401000  3.461081
576.402000  3.458421
576.403000  3.454381
576.404000  3.448883
576.405000  3.441859
576.406000  3.433301
576.407000  3.423300
576.408000  3.412067
576.409000  3.399924
576.410000  3.387279
576.411000  3.374574
576.412000  3.362229
576.413000  3.350594
576.414000  3.339946
576.415000  3.330500
576.416000  3.322423
576.417000  3.315823
576.418000  3.310757
576.419000  3.307241
576.420000  3.305274
576.421000  3.304837
576.422000  3.305863
576.423000  3.308223
576.424000  3.311726
576.425000  3.316174
576.426000  3.321404
576.427000  3.327309
576.428000  3.333823
576.429000  3.340905
576.430000  3.348499
576.431000  3.356494
576.432000  3.364681
576.433000  3.372745
576.434000  3.380315
576.435000  3.387040
576.436000  3.392635
576.437000  3.396890
576.438000  3.399635
576.439000  3.400683
576.440000  3.399768
576.441000  3.396504
576.442000  3.390410
576.443000  3.381051
576.444000  3.368231
576.445000  3.352168
576.446000  3.333557
576.447000  3.313538
576.448000  3.293579
576.449000  3.275279
576.450000  3.260136
576.451000  3.249305
576.452000  3.243434
576.453000  3.242666
576.454000  3.246772
576.455000  3.255309
576.456000  3.267757
576.457000  3.283611
576.458000  3.302446
576.459000  3.323907
576.460000  3.347610
576.461000  3.372970
576.462000  3.399070
576.463000  3.424647
576.464000  3.448223
576.465000  3.468303
576.466000  3.483589
576.467000  3.493184
576.468000  3.496718
576.469000  3.494370
576.470000  3.486737
576.471000  3.474632
576.472000  3.458940
576.473000  3.440613
576.474000  3.420739
576.475000  3.400598
576.476000  3.381644
576.477000  3.365429
576.478000  3.353455
576.479000  3.346975
576.480000  3.346785
576.481000  3.353088
576.482000  3.365502
576.483000  3.383146
576.484000  3.404768
576.485000  3.428862
576.486000  3.453789
576.487000  3.477899
576.488000  3.499632
576.489000  3.517586
576.490000  3.530571
576.491000  3.537715
576.492000  3.538635
576.493000  3.533567
576.494000  3.523383
576.495000  3.509483
576.496000  3.493603
576.497000  3.477582
576.498000  3.463121
576.499000  3.451583
576.500000  3.443895
576.501000  3.440556
576.502000  3.441716
576.503000  3.447242
576.504000  3.456786
576.505000  3.469817
576.506000  3.485636
576.507000  3.503363
576.508000  3.521903
576.509000  3.539962
576.510000  3.556141
576.511000  3.569139
576.511000  3.569139
576.512000  3.577968
576.513000  3.582120
576.514000  3.581644
576.515000  3.577113
576.516000  3.569484
576.517000  3.559906
576.518000  3.549544
576.519000  3.539476
576.520000  3.530675
576.521000  3.523989
576.522000  3.520099
576.523000  3.519454
576.524000  3.522219
576.525000  3.528220
576.526000  3.536927
576.527000  3.547455
576.528000  3.558655
576.529000  3.569285
576.530000  3.578212
576.531000  3.584575
576.532000  3.587871
576.533000  3.587962
576.534000  3.585001
576.535000  3.579316
576.536000  3.571296
576.537000  3.561363
576.538000  3.550024
576.539000  3.537933
576.540000  3.525882
576.541000  3.514736
576.542000  3.505333
576.543000  3.498390
576.544000  3.494397
576.545000  3.493545
576.546000  3.495665
576.547000  3.500266
576.548000  3.506650
576.549000  3.514058
576.550000  3.521787
576.551000  3.529272
576.552000  3.536133
576.553000  3.542172
576.554000  3.547299
576.555000  3.551393
576.556000  3.554244
576.557000  3.555648
576.558000  3.555593
576.559000  3.554360
576.560000  3.552507
576.561000  3.550770
576.562000  3.549930
576.563000  3.550674
576.564000  3.553448
576.565000  3.558346
576.566000  3.565077
576.567000  3.573055
576.568000  3.581529
576.569000  3.589700
576.570000  3.596813
576.571000  3.602214
576.572000  3.605396
576.573000  3.605999
576.574000  3.603794
576.575000  3.598659
576.576000  3.590603
576.577000  3.579859
576.578000  3.566944
576.579000  3.552661
576.580000  3.538021
576.581000  3.524128
576.582000  3.512032
576.583000  3.502605
576.584000  3.496451
576.585000  3.493883
576.586000  3.494941
576.587000  3.499453
576.588000  3.507075
576.589000  3.517330
576.590000  3.529625
576.591000  3.543243
576.592000  3.557318
576.593000  3.570803
576.594000  3.582476
576.595000  3.591055
576.596000  3.595391
576.597000  3.594686
576.598000  3.588631
576.599000  3.577461
576.600000  3.561888
576.601000  3.542945
576.602000  3.521798
576.603000  3.499597
576.604000  3.477427
576.605000  3.456314
576.606000  3.437222
576.607000  3.421025
576.608000  3.408453
576.609000  3.400058
576.610000  3.396154
576.611000  3.396778
576.612000  3.401662
576.613000  3.410242
576.614000  3.421723
576.615000  3.435152
576.616000  3.449488
576.617000  3.463657
576.618000  3.476608
576.619000  3.487368
576.620000  3.495077
576.621000  3.498998
576.622000  3.498539
576.623000  3.493366
576.624000  3.483556
576.625000  3.469677
576.626000  3.452738
576.627000  3.434049
576.628000  3.415032
576.629000  3.397055
576.630000  3.381275
576.631000  3.368541
576.632000  3.359374
576.633000  3.354057
576.634000  3.352717
576.635000  3.355336
576.636000  3.361694
576.637000  3.371272
576.638000  3.383192
576.639000  3.396215
576.640000  3.408805
576.641000  3.419270
576.642000  3.425996
576.643000  3.427748
576.644000  3.423936
576.645000  3.414714
576.646000  3.400908
576.647000  3.383794
576.648000  3.364835
576.649000  3.345447
576.650000  3.326853
576.651000  3.310075
576.652000  3.295989
576.653000  3.285370
576.654000  3.278881
576.655000  3.277023
576.656000  3.280060
576.657000  3.287953
576.658000  3.300288
576.659000  3.316263
576.660000  3.334731
576.661000  3.354346
576.662000  3.373761
576.663000  3.391807
576.664000  3.407602
576.665000  3.420588
576.666000  3.430503
576.667000  3.437280
576.668000  3.440922
576.669000  3.441425
576.670000  3.438858
576.671000  3.433524
576.672000  3.426082
576.673000  3.417522
576.674000  3.409024
576.675000  3.401770
576.676000  3.396766
576.677000  3.394666
576.678000  3.395650
576.679000  3.399391
576.680000  3.405198
576.681000  3.412232
576.682000  3.419703
576.683000  3.426982
576.684000  3.433627
576.685000  3.439373
576.686000  3.444054
576.687000  3.447471
576.688000  3.449288
576.689000  3.449127
576.690000  3.446807
576.691000  3.442530
576.692000  3.436887
576.693000  3.430720
576.694000  3.424943
576.695000  3.420378
576.696000  3.417627
576.697000  3.416993
576.698000  3.418468
576.699000  3.421820
576.700000  3.426715
576.701000  3.432826
576.702000  3.439874
576.703000  3.447637
576.704000  3.455933
576.705000  3.464583
576.706000  3.473350
576.707000  3.481855
576.708000  3.489578
576.709000  3.495990
576.710000  3.500749
576.711000  3.503832
576.712000  3.505556
576.713000  3.506503
576.714000  3.507380
576.715000  3.508844
576.716000  3.511320
576.717000  3.514890
576.718000  3.519346
576.719000  3.524332
576.720000  3.529483
576.721000  3.534485
576.722000  3.539096
576.723000  3.543116
576.724000  3.546319
576.725000  3.548367
576.726000  3.548751
576.727000  3.546846
576.728000  3.542087
576.729000  3.534152
576.730000  3.523080
576.731000  3.509295
576.732000  3.493551
576.733000  3.476809
576.734000  3.460042
576.735000  3.444035
576.736000  3.429279
576.737000  3.416021
576.738000  3.404392
576.739000  3.394510
576.740000  3.386533
576.741000  3.380677
576.742000  3.377193
576.743000  3.376285
576.744000  3.377998
576.745000  3.382109
576.746000  3.388125
576.747000  3.395379
576.748000  3.403123
576.749000  3.410610
576.750000  3.417164
576.751000  3.422252
576.752000  3.425532
576.753000  3.426831
576.754000  3.426046
576.755000  3.423073
576.756000  3.417858
576.757000  3.410532
576.758000  3.401492
576.759000  3.391392
576.760000  3.381090
576.761000  3.371543
576.762000  3.363665
576.763000  3.358129
576.764000  3.355210
576.765000  3.354762
576.766000  3.356337
576.767000  3.359335
576.768000  3.363125
576.769000  3.367119
576.770000  3.370830
576.771000  3.373894
576.772000  3.376042
576.773000  3.377024
576.774000  3.376561
576.775000  3.374408
576.776000  3.370480
576.777000  3.364938
576.778000  3.358203
576.779000  3.350895
576.780000  3.343756
576.781000  3.337532
576.782000  3.332866
576.783000  3.330203
576.784000  3.329786
576.785000  3.331699
576.786000  3.335928
576.787000  3.342375
576.788000  3.350850
576.789000  3.361054
576.790000  3.372580
576.791000  3.384915
576.792000  3.397432
576.793000  3.409372
576.794000  3.419921
576.795000  3.428363
576.796000  3.434248
576.797000  3.437477
576.798000  3.438299
576.799000  3.437251
576.800000  3.435039
576.801000  3.432388
576.802000  3.429904
576.803000  3.428029
576.804000  3.427095
576.805000  3.427387
576.806000  3.429135
576.807000  3.432470
576.808000  3.437377
576.809000  3.443684
576.810000  3.451058
576.811000  3.459004
576.812000  3.466872
576.813000  3.473965
576.814000  3.479694
576.815000  3.483704
576.816000  3.485927
576.817000  3.486563
576.818000  3.486025
576.819000  3.484844
576.820000  3.483531
576.821000  3.482472
576.822000  3.481933
576.823000  3.482137
576.824000  3.483304
576.825000  3.485637
576.826000  3.489279
576.827000  3.494279
576.828000  3.500556
576.829000  3.507843
576.830000  3.515616
576.831000  3.523092
576.832000  3.529346
576.833000  3.533500
576.834000  3.534879
576.835000  3.533128
576.836000  3.528281
576.837000  3.520769
576.838000  3.511307
576.839000  3.500701
576.840000  3.489687
576.841000  3.478943
576.842000  3.469140
576.843000  3.460916
576.844000  3.454799
576.845000  3.451134
576.846000  3.450063
576.847000  3.451525
576.848000  3.455227
576.849000  3.460581
576.850000  3.466731
576.851000  3.472722
576.852000  3.477692
576.853000  3.480980
576.854000  3.482177
576.855000  3.481136
576.856000  3.477962
576.857000  3.472886
576.858000  3.466075
576.859000  3.457591
576.860000  3.447611
576.861000  3.436634
576.862000  3.425481
576.863000  3.415154
576.864000  3.406661
576.865000  3.400875
576.866000  3.398409
576.867000  3.399490
576.868000  3.403914
576.869000  3.411125
576.870000  3.420377
576.871000  3.430861
576.872000  3.441779
576.873000  3.452389
576.874000  3.462035
576.875000  3.470150
576.876000  3.476164
576.877000  3.479417
576.878000  3.479238
576.879000  3.475217
576.880000  3.467426
576.881000  3.456453
576.882000  3.443304
576.883000  3.429235
576.884000  3.415547
576.885000  3.403346
576.886000  3.393368
576.887000  3.385993
576.888000  3.381398
576.889000  3.379672
576.890000  3.380857
576.891000  3.384941
576.892000  3.391835
576.893000  3.401335
576.894000  3.413029
576.895000  3.426180
576.896000  3.439738
576.897000  3.452501
576.898000  3.463339
576.899000  3.471348
576.900000  3.475973
576.901000  3.477084
576.902000  3.475000
576.903000  3.470368
576.904000  3.463914
576.905000  3.456242
576.906000  3.447857
576.907000  3.439274
576.908000  3.431059
576.909000  3.423806
576.910000  3.418116
576.911000  3.414600
576.912000  3.413846
576.913000  3.416320
576.914000  3.422187
576.915000  3.431226
576.916000  3.442890
576.917000  3.456417
576.918000  3.470899
576.919000  3.485365
576.920000  3.498881
576.921000  3.510683
576.922000  3.520253
576.923000  3.527239
576.924000  3.531311
576.925000  3.532144
576.926000  3.529596
576.927000  3.523838
576.928000  3.515365
576.929000  3.504947
576.930000  3.493592
576.931000  3.482483
576.932000  3.472876
576.933000  3.465909
576.934000  3.462442
576.935000  3.462968
576.936000  3.467583
576.937000  3.475952
576.938000  3.487316
576.939000  3.500575
576.940000  3.514463
576.941000  3.527739
576.942000  3.539296
576.943000  3.548143
576.944000  3.553397
576.945000  3.554389
576.946000  3.550807
576.947000  3.542765
576.948000  3.530791
576.949000  3.515780
576.950000  3.498911
576.951000  3.481506
576.952000  3.464855
576.953000  3.450098
576.954000  3.438186
576.955000  3.429866
576.956000  3.425641
576.957000  3.425721
576.958000  3.429999
576.959000  3.438047
576.960000  3.449130
576.961000  3.462210
576.962000  3.475976
576.963000  3.488990
576.964000  3.499883
576.965000  3.507558
576.966000  3.511322
576.967000  3.510987
576.968000  3.506876
576.969000  3.499720
576.970000  3.490428
576.971000  3.479906
576.972000  3.469030
576.973000  3.458697
576.974000  3.449779
576.975000  3.443021
576.976000  3.438969
576.977000  3.437956
576.978000  3.440108
576.979000  3.445308
576.980000  3.453101
576.981000  3.462647
576.982000  3.472817
576.983000  3.482362
576.984000  3.490094
576.985000  3.495026
576.986000  3.496520
576.987000  3.494369
576.988000  3.488786
576.989000  3.480214
576.990000  3.469114
576.991000  3.455943
576.992000  3.441288
576.993000  3.425941
576.994000  3.410870
576.995000  3.397140
576.996000  3.385819
576.997000  3.377860
576.998000  3.373942
576.999000  3.374283
577.000000  3.378569
577.001000  3.386073
577.002000  3.395836
577.003000  3.406824
577.004000  3.418031
577.005000  3.428574
577.006000  3.437748
577.007000  3.445011
577.008000  3.449853
577.009000  3.451714
577.010000  3.450100
577.011000  3.444816
577.011000  3.444816
577.012000  3.436116
577.013000  3.424712
577.014000  3.411681
577.015000  3.398322
577.016000  3.385966
577.017000  3.375730
577.018000  3.368313
577.019000  3.363953
577.020000  3.362545
577.021000  3.363805
577.022000  3.367384
577.023000  3.372950
577.024000  3.380237
577.025000  3.389020
577.026000  3.399004
577.027000  3.409647
577.028000  3.420110
577.029000  3.429400
577.030000  3.436602
577.031000  3.441073
577.032000  3.442572
577.033000  3.441314
577.034000  3.437922
577.035000  3.433254
577.036000  3.428154
577.037000  3.423286
577.038000  3.419102
577.039000  3.415906
577.040000  3.413897
577.041000  3.413218
577.042000  3.413984
577.043000  3.416288
577.044000  3.420160
577.045000  3.425438
577.046000  3.431643
577.047000  3.437972
577.048000  3.443455
577.049000  3.447188
577.050000  3.448541
577.051000  3.447311
577.052000  3.443768
577.053000  3.438569
577.054000  3.432544
577.055000  3.426398
577.056000  3.420537
577.057000  3.415137
577.058000  3.410311
577.059000  3.406257
577.060000  3.403319
577.061000  3.402019
577.062000  3.402998
577.063000  3.406902
577.064000  3.414192
577.065000  3.424971
577.066000  3.438933
577.067000  3.455423
577.068000  3.473557
577.069000  3.492340
577.070000  3.510801
577.071000  3.528112
577.072000  3.543658
577.073000  3.557019
577.074000  3.567858
577.075000  3.575820
577.076000  3.580580
577.077000  3.582003
577.078000  3.580278
577.079000  3.575966
577.080000  3.569964
577.081000  3.563408
577.082000  3.557501
577.083000  3.553283
577.084000  3.551440
577.085000  3.552240
577.086000  3.555632
577.087000  3.561375
577.088000  3.569115
577.089000  3.578409
577.090000  3.588734
577.091000  3.599487
577.092000  3.609951
577.093000  3.619258
577.094000  3.626392
577.095000  3.630353
577.096000  3.630417
577.097000  3.626329
577.098000  3.618356
577.099000  3.607234
577.100000  3.594038
577.101000  3.579996
577.102000  3.566292
577.103000  3.553917
577.104000  3.543643
577.105000  3.536068
577.106000  3.531644
577.107000  3.530658
577.108000  3.533178
577.109000  3.539036
577.110000  3.547812
577.111000  3.558835
577.112000  3.571168
577.113000  3.583651
577.114000  3.595051
577.115000  3.604282
577.116000  3.610572
577.117000  3.613553
577.118000  3.613260
577.119000  3.610064
577.120000  3.604533
577.121000  3.597280
577.122000  3.588867
577.123000  3.579855
577.124000  3.570887
577.125000  3.562710
577.126000  3.556107
577.127000  3.551804
577.128000  3.550374
577.129000  3.552152
577.130000  3.557149
577.131000  3.564992
577.132000  3.574974
577.133000  3.586220
577.134000  3.597863
577.135000  3.609167
577.136000  3.619580
577.137000  3.628733
577.138000  3.636408
577.139000  3.642433
577.140000  3.646573
577.141000  3.648528
577.142000  3.648112
577.143000  3.645428
577.144000  3.640911
577.145000  3.635254
577.146000  3.629275
577.147000  3.623797
577.148000  3.619511
577.149000  3.616857
577.150000  3.615953
577.151000  3.616648
577.152000  3.618660
577.153000  3.621688
577.154000  3.625484
577.155000  3.629890
577.156000  3.634849
577.157000  3.640382
577.158000  3.646485
577.159000  3.652994
577.160000  3.659557
577.161000  3.665765
577.162000  3.671308
577.163000  3.676061
577.164000  3.680093
577.165000  3.683645
577.166000  3.687078
577.167000  3.690780
577.168000  3.695029
577.169000  3.699899
577.170000  3.705270
577.171000  3.710899
577.172000  3.716496
577.173000  3.721768
577.174000  3.726464
577.175000  3.730412
577.176000  3.733515
577.177000  3.735682
577.178000  3.736728
577.179000  3.736359
577.180000  3.734277
577.181000  3.730304
577.182000  3.724468
577.183000  3.717042
577.184000  3.708540
577.185000  3.699650
577.186000  3.691084
577.187000  3.683401
577.188000  3.676906
577.189000  3.671681
577.190000  3.667651
577.191000  3.664649
577.192000  3.662462
577.193000  3.660879
577.194000  3.659704
577.195000  3.658725
577.196000  3.657617
577.197000  3.655870
577.198000  3.652831
577.199000  3.647832
577.200000  3.640349
577.201000  3.630121
577.202000  3.617233
577.203000  3.602141
577.204000  3.585603
577.205000  3.568494
577.206000  3.551567
577.207000  3.535303
577.208000  3.519949
577.209000  3.505626
577.210000  3.492437
577.211000  3.480540
577.212000  3.470188
577.213000  3.461707
577.214000  3.455378
577.215000  3.451259
577.216000  3.449042
577.217000  3.448079
577.218000  3.447513
577.219000  3.446450
577.220000  3.444113
577.221000  3.439993
577.222000  3.433947
577.223000  3.426193
577.224000  3.417143
577.225000  3.407173
577.226000  3.396521
577.227000  3.385386
577.228000  3.374068
577.229000  3.363051
577.230000  3.353027
577.231000  3.344857
577.232000  3.339445
577.233000  3.337504
577.234000  3.339328
577.235000  3.344726
577.236000  3.353134
577.237000  3.363754
577.238000  3.375652
577.239000  3.387848
577.240000  3.399414
577.241000  3.409534
577.242000  3.417488
577.243000  3.422578
577.244000  3.424181
577.245000  3.421941
577.246000  3.415935
577.247000  3.406722
577.248000  3.395295
577.249000  3.382970
577.250000  3.371176
577.251000  3.361175
577.252000  3.353832
577.253000  3.349587
577.254000  3.348599
577.255000  3.350870
577.256000  3.356297
577.257000  3.364704
577.258000  3.375851
577.259000  3.389406
577.260000  3.404833
577.261000  3.421269
577.262000  3.437546
577.263000  3.452421
577.264000  3.464845
577.265000  3.474165
577.266000  3.480213
577.267000  3.483313
577.268000  3.484180
577.269000  3.483699
577.270000  3.482675
577.271000  3.481733
577.272000  3.481402
577.273000  3.482213
577.274000  3.484696
577.275000  3.489329
577.276000  3.496477
577.277000  3.506341
577.278000  3.518877
577.279000  3.533680
577.280000  3.549930
577.281000  3.566509
577.282000  3.582258
577.283000  3.596198
577.284000  3.607678
577.285000  3.616446
577.286000  3.622635
577.287000  3.626639
577.288000  3.628877
577.289000  3.629623
577.290000  3.629069
577.291000  3.627524
577.292000  3.625517
577.293000  3.623776
577.294000  3.623119
577.295000  3.624326
577.296000  3.627994
577.297000  3.634363
577.298000  3.643176
577.299000  3.653683
577.300000  3.664839
577.301000  3.675545
577.302000  3.684832
577.303000  3.691971
577.304000  3.696529
577.305000  3.698367
577.306000  3.697540
577.307000  3.694077
577.308000  3.687871
577.309000  3.678844
577.310000  3.667239
577.311000  3.653757
577.312000  3.639498
577.313000  3.625789
577.314000  3.613984
577.315000  3.605254
577.316000  3.600380
577.317000  3.599596
577.318000  3.602578
577.319000  3.608584
577.320000  3.616650
577.321000  3.625744
577.322000  3.634900
577.323000  3.643319
577.324000  3.650421
577.325000  3.655800
577.326000  3.659077
577.327000  3.659769
577.328000  3.657379
577.329000  3.651627
577.330000  3.642631
577.331000  3.630958
577.332000  3.617567
577.333000  3.603686
577.334000  3.590627
577.335000  3.579547
577.336000  3.571246
577.337000  3.566103
577.338000  3.564162
577.339000  3.565227
577.340000  3.568943
577.341000  3.574835
577.342000  3.582368
577.343000  3.590968
577.344000  3.599987
577.345000  3.608598
577.346000  3.615762
577.347000  3.620354
577.348000  3.621398
577.349000  3.618267
577.350000  3.610814
577.351000  3.599418
577.352000  3.584942
577.353000  3.568574
577.354000  3.551584
577.355000  3.535103
577.356000  3.520036
577.357000  3.507066
577.358000  3.496656
577.359000  3.489064
577.360000  3.484384
577.361000  3.482599
577.362000  3.483613
577.363000  3.487196
577.364000  3.492915
577.365000  3.500123
577.366000  3.508071
577.367000  3.516023
577.368000  3.523335
577.369000  3.529520
577.370000  3.534299
577.371000  3.537622
577.372000  3.539600
577.373000  3.540378
577.374000  3.540086
577.375000  3.538897
577.376000  3.537087
577.377000  3.535038
577.378000  3.533205
577.379000  3.532097
577.380000  3.532257
577.381000  3.534189
577.382000  3.538219
577.383000  3.544381
577.384000  3.552430
577.385000  3.561946
577.386000  3.572430
577.387000  3.583359
577.388000  3.594250
577.389000  3.604716
577.390000  3.614474
577.391000  3.623248
577.392000  3.630660
577.393000  3.636250
577.394000  3.639657
577.395000  3.640771
577.396000  3.639774
577.397000  3.637121
577.398000  3.633489
577.399000  3.629681
577.400000  3.626468
577.401000  3.624409
577.402000  3.623766
577.403000  3.624584
577.404000  3.626795
577.405000  3.630265
577.406000  3.634797
577.407000  3.640151
577.408000  3.646060
577.409000  3.652224
577.410000  3.658244
577.411000  3.663558
577.412000  3.667527
577.413000  3.669615
577.414000  3.669545
577.415000  3.667359
577.416000  3.663409
577.417000  3.658299
577.418000  3.652755
577.419000  3.647451
577.420000  3.642877
577.421000  3.639358
577.422000  3.637168
577.423000  3.636575
577.424000  3.637815
577.425000  3.641027
577.426000  3.646196
577.427000  3.653096
577.428000  3.661225
577.429000  3.669745
577.430000  3.677549
577.431000  3.683488
577.432000  3.686631
577.433000  3.686467
577.434000  3.682982
577.435000  3.676641
577.436000  3.668256
577.437000  3.658739
577.438000  3.648828
577.439000  3.638980
577.440000  3.629519
577.441000  3.620834
577.442000  3.613453
577.443000  3.607999
577.444000  3.605100
577.445000  3.605264
577.446000  3.608733
577.447000  3.615307
577.448000  3.624239
577.449000  3.634328
577.450000  3.644169
577.451000  3.652405
577.452000  3.657938
577.453000  3.660072
577.454000  3.658584
577.455000  3.653671
577.456000  3.645733
577.457000  3.635103
577.458000  3.621985
577.459000  3.606652
577.460000  3.589653
577.461000  3.571870
577.462000  3.554453
577.463000  3.538684
577.464000  3.525799
577.465000  3.516769
577.466000  3.512077
577.467000  3.511629
577.468000  3.514849
577.469000  3.520849
577.470000  3.528585
577.471000  3.536980
577.472000  3.545038
577.473000  3.551936
577.474000  3.557034
577.475000  3.559760
577.476000  3.559475
577.477000  3.555523
577.478000  3.547461
577.479000  3.535282
577.480000  3.519492
577.481000  3.501088
577.482000  3.481444
577.483000  3.462122
577.484000  3.444615
577.485000  3.430113
577.486000  3.419414
577.487000  3.412959
577.488000  3.410869
577.489000  3.412966
577.490000  3.418783
577.491000  3.427616
577.492000  3.438579
577.493000  3.450636
577.494000  3.462579
577.495000  3.473078
577.496000  3.480866
577.497000  3.484978
577.498000  3.484900
577.499000  3.480627
577.500000  3.472627
577.501000  3.461742
577.502000  3.449021
577.503000  3.435543
577.504000  3.422329
577.505000  3.410339
577.506000  3.400480
577.507000  3.393548
577.508000  3.390138
577.509000  3.390584
577.510000  3.394920
577.511000  3.402858
577.511000  3.402858
577.512000  3.413760
577.513000  3.426627
577.514000  3.440222
577.515000  3.453258
577.516000  3.464587
577.517000  3.473321
577.518000  3.478917
577.519000  3.481214
577.520000  3.480408
577.521000  3.476939
577.522000  3.471396
577.523000  3.464512
577.524000  3.457196
577.525000  3.450466
577.526000  3.445307
577.527000  3.442548
577.528000  3.442777
577.529000  3.446301
577.530000  3.453104
577.531000  3.462782
577.532000  3.474548
577.533000  3.487381
577.534000  3.500229
577.535000  3.512173
577.536000  3.522508
577.537000  3.530804
577.538000  3.536917
577.539000  3.540930
577.540000  3.542970
577.541000  3.543068
577.542000  3.541282
577.543000  3.537915
577.544000  3.533599
577.545000  3.529200
577.546000  3.525664
577.547000  3.523890
577.548000  3.524628
577.549000  3.528354
577.550000  3.535150
577.551000  3.544653
577.552000  3.556173
577.553000  3.568828
577.554000  3.581654
577.555000  3.593666
577.556000  3.603922
577.557000  3.611609
577.558000  3.616099
577.559000  3.616905
577.560000  3.613626
577.561000  3.606029
577.562000  3.594255
577.563000  3.578927
577.564000  3.561107
577.565000  3.542149
577.566000  3.523544
577.567000  3.506725
577.568000  3.492858
577.569000  3.482657
577.570000  3.476366
577.571000  3.473892
577.572000  3.474971
577.573000  3.479263
577.574000  3.486397
577.575000  3.495959
577.576000  3.507436
577.577000  3.520097
577.578000  3.532847
577.579000  3.544187
577.580000  3.552397
577.581000  3.555884
577.582000  3.553544
577.583000  3.545038
577.584000  3.530906
577.585000  3.512462
577.586000  3.491473
577.587000  3.469721
577.588000  3.448651
577.589000  3.429318
577.590000  3.412526
577.591000  3.398967
577.592000  3.389278
577.593000  3.384051
577.594000  3.383787
577.595000  3.388782
577.596000  3.398929
577.597000  3.413505
577.598000  3.431114
577.599000  3.449880
577.600000  3.467730
577.601000  3.482696
577.602000  3.493205
577.603000  3.498343
577.604000  3.497980
577.605000  3.492624
577.606000  3.483040
577.607000  3.469965
577.608000  3.454148
577.609000  3.436502
577.610000  3.418147
577.611000  3.400371
577.612000  3.384557
577.613000  3.372084
577.614000  3.364166
577.615000  3.361603
577.616000  3.364575
577.617000  3.372666
577.618000  3.385033
577.619000  3.400551
577.620000  3.417934
577.621000  3.435855
577.622000  3.453098
577.623000  3.468665
577.624000  3.481735
577.625000  3.491494
577.626000  3.497143
577.627000  3.498162
577.628000  3.494534
577.629000  3.486773
577.630000  3.475834
577.631000  3.462980
577.632000  3.449624
577.633000  3.437131
577.634000  3.426625
577.635000  3.418902
577.636000  3.414503
577.637000  3.413796
577.638000  3.416999
577.639000  3.424154
577.640000  3.435114
577.641000  3.449548
577.642000  3.466952
577.643000  3.486604
577.644000  3.507488
577.645000  3.528354
577.646000  3.547927
577.647000  3.565152
577.648000  3.579342
577.649000  3.590236
577.650000  3.597989
577.651000  3.603080
577.652000  3.606159
577.653000  3.607909
577.654000  3.609024
577.655000  3.610221
577.656000  3.612210
577.657000  3.615584
577.658000  3.620722
577.659000  3.627736
577.660000  3.636467
577.661000  3.646481
577.662000  3.657059
577.663000  3.667252
577.664000  3.676063
577.665000  3.682662
577.666000  3.686543
577.667000  3.687598
577.668000  3.686129
577.669000  3.682778
577.670000  3.678342
577.671000  3.673490
577.672000  3.668636
577.673000  3.664081
577.674000  3.660205
577.675000  3.657490
577.676000  3.656434
577.677000  3.657441
577.678000  3.660748
577.679000  3.666366
577.680000  3.673997
577.681000  3.682944
577.682000  3.692127
577.683000  3.700255
577.684000  3.706043
577.685000  3.708388
577.686000  3.706513
577.687000  3.700070
577.688000  3.689205
577.689000  3.674504
577.690000  3.656772
577.691000  3.636776
577.692000  3.615234
577.693000  3.592961
577.694000  3.570927
577.695000  3.550188
577.696000  3.531762
577.697000  3.516537
577.698000  3.505195
577.699000  3.498115
577.700000  3.495250
577.701000  3.496088
577.702000  3.499757
577.703000  3.505197
577.704000  3.511314
577.705000  3.517075
577.706000  3.521591
577.707000  3.524169
577.708000  3.524307
577.709000  3.521602
577.710000  3.515632
577.711000  3.506007
577.712000  3.492581
577.713000  3.475645
577.714000  3.455980
577.715000  3.434814
577.716000  3.413693
577.717000  3.394285
577.718000  3.378080
577.719000  3.366102
577.720000  3.358772
577.721000  3.355973
577.722000  3.357198
577.723000  3.361687
577.724000  3.368562
577.725000  3.376933
577.726000  3.385951
577.727000  3.394763
577.728000  3.402375
577.729000  3.407612
577.730000  3.409309
577.731000  3.406622
577.732000  3.399259
577.733000  3.387562
577.734000  3.372463
577.735000  3.355344
577.736000  3.337775
577.737000  3.321169
577.738000  3.306521
577.739000  3.294387
577.740000  3.285063
577.741000  3.278739
577.742000  3.275600
577.743000  3.275874
577.744000  3.279847
577.745000  3.287809
577.746000  3.299882
577.747000  3.315789
577.748000  3.334752
577.749000  3.355619
577.750000  3.377058
577.751000  3.397701
577.752000  3.416289
577.753000  3.431819
577.754000  3.443669
577.755000  3.451614
577.756000  3.455674
577.757000  3.455957
577.758000  3.452687
577.759000  3.446334
577.760000  3.437652
577.761000  3.427646
577.762000  3.417508
577.763000  3.408533
577.764000  3.401985
577.765000  3.398873
577.766000  3.399699
577.767000  3.404423
577.768000  3.412642
577.769000  3.423771
577.770000  3.437133
577.771000  3.452019
577.772000  3.467766
577.773000  3.483819
577.774000  3.499673
577.775000  3.514650
577.776000  3.527797
577.777000  3.538163
577.778000  3.545153
577.779000  3.548671
577.780000  3.549093
577.781000  3.547176
577.782000  3.543950
577.783000  3.540549
577.784000  3.537980
577.785000  3.536946
577.786000  3.537863
577.787000  3.540965
577.788000  3.546354
577.789000  3.553994
577.790000  3.563707
577.791000  3.575211
577.792000  3.588170
577.793000  3.602172
577.794000  3.616610
577.795000  3.630638
577.796000  3.643355
577.797000  3.654073
577.798000  3.662469
577.799000  3.668627
577.800000  3.673008
577.801000  3.676350
577.802000  3.679480
577.803000  3.683113
577.804000  3.687796
577.805000  3.694002
577.806000  3.702164
577.807000  3.712615
577.808000  3.725490
577.809000  3.740679
577.810000  3.757823
577.811000  3.776324
577.812000  3.795296
577.813000  3.813544
577.814000  3.829724
577.815000  3.842621
577.816000  3.851378
577.817000  3.855623
577.818000  3.855536
577.819000  3.851817
577.820000  3.845511
577.821000  3.837600
577.822000  3.828714
577.823000  3.819281
577.824000  3.809864
577.825000  3.801266
577.826000  3.794437
577.827000  3.790309
577.828000  3.789660
577.829000  3.792964
577.830000  3.800222
577.831000  3.810803
577.832000  3.823478
577.833000  3.836673
577.834000  3.848737
577.835000  3.858154
577.836000  3.863706
577.837000  3.864619
577.838000  3.860648
577.839000  3.852015
577.840000  3.839135
577.841000  3.822391
577.842000  3.802253
577.843000  3.779541
577.844000  3.755515
577.845000  3.731756
577.846000  3.709995
577.847000  3.691911
577.848000  3.678931
577.849000  3.671987
577.850000  3.671323
577.851000  3.676508
577.852000  3.686603
577.853000  3.700350
577.854000  3.716326
577.855000  3.733082
577.856000  3.749274
577.857000  3.763731
577.858000  3.775395
577.859000  3.783162
577.860000  3.785842
577.861000  3.782392
577.862000  3.772244
577.863000  3.755537
577.864000  3.733170
577.865000  3.706722
577.866000  3.678231
577.867000  3.649886
577.868000  3.623670
577.869000  3.601133
577.870000  3.583350
577.871000  3.570971
577.872000  3.564276
577.873000  3.563227
577.874000  3.567542
577.875000  3.576766
577.876000  3.590292
577.877000  3.607262
577.878000  3.626444
577.879000  3.646213
577.880000  3.664703
577.881000  3.680007
577.882000  3.690401
577.883000  3.694582
577.884000  3.691907
577.885000  3.682507
577.886000  3.667212
577.887000  3.647318
577.888000  3.624400
577.889000  3.600201
577.890000  3.576494
577.891000  3.554910
577.892000  3.536805
577.893000  3.523213
577.894000  3.514850
577.895000  3.512104
577.896000  3.514953
577.897000  3.522887
577.898000  3.534991
577.899000  3.550117
577.900000  3.567017
577.901000  3.584414
577.902000  3.601087
577.903000  3.615973
577.904000  3.628231
577.905000  3.637152
577.906000  3.642000
577.907000  3.642114
577.908000  3.637249
577.909000  3.627768
577.910000  3.614593
577.911000  3.599021
577.912000  3.582541
577.913000  3.566653
577.914000  3.552664
577.915000  3.541461
577.916000  3.533429
577.917000  3.528592
577.918000  3.526761
577.919000  3.527579
577.920000  3.530527
577.921000  3.534954
577.922000  3.540158
577.923000  3.545393
577.924000  3.549745
577.925000  3.552074
577.926000  3.551314
577.927000  3.546846
577.928000  3.538675
577.929000  3.527411
577.930000  3.514134
577.931000  3.500183
577.932000  3.486827
577.933000  3.474944
577.934000  3.464968
577.935000  3.457089
577.936000  3.451405
577.937000  3.447941
577.938000  3.446618
577.939000  3.447240
577.940000  3.449496
577.941000  3.452926
577.942000  3.456816
577.943000  3.460185
577.944000  3.462015
577.945000  3.461553
577.946000  3.458463
577.947000  3.452869
577.948000  3.445329
577.949000  3.436771
577.950000  3.428293
577.951000  3.420793
577.952000  3.414736
577.953000  3.410354
577.954000  3.407927
577.955000  3.407824
577.956000  3.410398
577.957000  3.415879
577.958000  3.424311
577.959000  3.435523
577.960000  3.449038
577.961000  3.463933
577.962000  3.478861
577.963000  3.492340
577.964000  3.503075
577.965000  3.510159
577.966000  3.513198
577.967000  3.512393
577.968000  3.508576
577.969000  3.503034
577.970000  3.496998
577.971000  3.491159
577.972000  3.485845
577.973000  3.481456
577.974000  3.478596
577.975000  3.478007
577.976000  3.480463
577.977000  3.486707
577.978000  3.497339
577.979000  3.512513
577.980000  3.531525
577.981000  3.552829
577.982000  3.574495
577.983000  3.594579
577.984000  3.611342
577.985000  3.623445
577.986000  3.630168
577.987000  3.631537
577.988000  3.628143
577.989000  3.620547
577.990000  3.608949
577.991000  3.593564
577.992000  3.575034
577.993000  3.554483
577.994000  3.533422
577.995000  3.513615
577.996000  3.496945
577.997000  3.485180
577.998000  3.479557
577.999000  3.480405
578.000000  3.487246
578.001000  3.499146
578.002000  3.514917
578.003000  3.533239
578.004000  3.552788
578.005000  3.572433
578.006000  3.591377
578.007000  3.609054
578.008000  3.624670
578.009000  3.637001
578.010000  3.644827
578.011000  3.647403
578.011000  3.647403
578.012000  3.644595
578.013000  3.636880
578.014000  3.625292
578.015000  3.611343
578.016000  3.596795
578.017000  3.583236
578.018000  3.571730
578.019000  3.562921
578.020000  3.557304
578.021000  3.555308
578.022000  3.557253
578.023000  3.563330
578.024000  3.573626
578.025000  3.588130
578.026000  3.606499
578.027000  3.627617
578.028000  3.649567
578.029000  3.670184
578.030000  3.687542
578.031000  3.700201
578.032000  3.707346
578.033000  3.708881
578.034000  3.705406
578.035000  3.697923
578.036000  3.687381
578.037000  3.674540
578.038000  3.660203
578.039000  3.645333
578.040000  3.630954
578.041000  3.618036
578.042000  3.607427
578.043000  3.599842
578.044000  3.595784
578.045000  3.595270
578.046000  3.597630
578.047000  3.601780
578.048000  3.606670
578.049000  3.611536
578.050000  3.615988
578.051000  3.620041
578.052000  3.624115
578.053000  3.628862
578.054000  3.634697
578.055000  3.641375
578.056000  3.648228
578.057000  3.654672
578.058000  3.660398
578.059000  3.665341
578.060000  3.669624
578.061000  3.673531
578.062000  3.677462
578.063000  3.681773
578.064000  3.686428
578.065000  3.690859
578.066000  3.694274
578.067000  3.696022
578.068000  3.695746
578.069000  3.693433
578.070000  3.689451
578.071000  3.684583
578.072000  3.679904
578.073000  3.676310
578.074000  3.673994
578.075000  3.672622
578.076000  3.671866
578.077000  3.671616
578.078000  3.671960
578.079000  3.673135
578.080000  3.675520
578.081000  3.679598
578.082000  3.685722
578.083000  3.693678
578.084000  3.702575
578.085000  3.711212
578.086000  3.718409
578.087000  3.723127
578.088000  3.724538
578.089000  3.722132
578.090000  3.715843
578.091000  3.706008
578.092000  3.693049
578.093000  3.677212
578.094000  3.658822
578.095000  3.638605
578.096000  3.617679
578.097000  3.597365
578.098000  3.579020
578.099000  3.563947
578.100000  3.553298
578.101000  3.547814
578.102000  3.547521
578.103000  3.551832
578.104000  3.559945
578.105000  3.571061
578.106000  3.584426
578.107000  3.599323
578.108000  3.615107
578.109000  3.631226
578.110000  3.647080
578.111000  3.661690
578.112000  3.673617
578.113000  3.681428
578.114000  3.684183
578.115000  3.681635
578.116000  3.674229
578.117000  3.663040
578.118000  3.649643
578.119000  3.635849
578.120000  3.623244
578.121000  3.612846
578.122000  3.605260
578.123000  3.600973
578.124000  3.600437
578.125000  3.604016
578.126000  3.611937
578.127000  3.624284
578.128000  3.640953
578.129000  3.661440
578.130000  3.684484
578.131000  3.708111
578.132000  3.730108
578.133000  3.748477
578.134000  3.761688
578.135000  3.768868
578.136000  3.769920
578.137000  3.765525
578.138000  3.756851
578.139000  3.745001
578.140000  3.730740
578.141000  3.714734
578.142000  3.697780
578.143000  3.680807
578.144000  3.664809
578.145000  3.650801
578.146000  3.639804
578.147000  3.632747
578.148000  3.630172
578.149000  3.631935
578.150000  3.637346
578.151000  3.645540
578.152000  3.655668
578.153000  3.666934
578.154000  3.678644
578.155000  3.690303
578.156000  3.701675
578.157000  3.712569
578.158000  3.722400
578.159000  3.730206
578.160000  3.735160
578.161000  3.736873
578.162000  3.735399
578.163000  3.731146
578.164000  3.724807
578.165000  3.717306
578.166000  3.709653
578.167000  3.702598
578.168000  3.696317
578.169000  3.690569
578.170000  3.685058
578.171000  3.679601
578.172000  3.674170
578.173000  3.668927
578.174000  3.664293
578.175000  3.660990
578.176000  3.659780
578.177000  3.660830
578.178000  3.663509
578.179000  3.666963
578.180000  3.670591
578.181000  3.674119
578.182000  3.677543
578.183000  3.681073
578.184000  3.685072
578.185000  3.689886
578.186000  3.695474
578.187000  3.701126
578.188000  3.705701
578.189000  3.708029
578.190000  3.707110
578.191000  3.702203
578.192000  3.692912
578.193000  3.679296
578.194000  3.661900
578.195000  3.641510
578.196000  3.618665
578.197000  3.593590
578.198000  3.566607
578.199000  3.538399
578.200000  3.510013
578.201000  3.482772
578.202000  3.458186
578.203000  3.437819
578.204000  3.422935
578.205000  3.414080
578.206000  3.411082
578.207000  3.413409
578.208000  3.420369
578.209000  3.431118
578.210000  3.444655
578.211000  3.459875
578.212000  3.475642
578.213000  3.490765
578.214000  3.503780
578.215000  3.512936
578.216000  3.516608
578.217000  3.513765
578.218000  3.504186
578.219000  3.488489
578.220000  3.468053
578.221000  3.444850
578.222000  3.421105
578.223000  3.398775
578.224000  3.379267
578.225000  3.363638
578.226000  3.352807
578.227000  3.347538
578.228000  3.348338
578.229000  3.355420
578.230000  3.368721
578.231000  3.387896
578.232000  3.412107
578.233000  3.439746
578.234000  3.468543
578.235000  3.496012
578.236000  3.519838
578.237000  3.538152
578.238000  3.549776
578.239000  3.554400
578.240000  3.552577
578.241000  3.545348
578.242000  3.533722
578.243000  3.518622
578.244000  3.501192
578.245000  3.482882
578.246000  3.465282
578.247000  3.449955
578.248000  3.438321
578.249000  3.431601
578.250000  3.430693
578.251000  3.435881
578.252000  3.446626
578.253000  3.461796
578.254000  3.480032
578.255000  3.499954
578.256000  3.520274
578.257000  3.539905
578.258000  3.558107
578.259000  3.574500
578.260000  3.588736
578.261000  3.600022
578.262000  3.607302
578.263000  3.609885
578.264000  3.607723
578.265000  3.601360
578.266000  3.591775
578.267000  3.580238
578.268000  3.568176
578.269000  3.556981
578.270000  3.547599
578.271000  3.540241
578.272000  3.534639
578.273000  3.530477
578.274000  3.527569
578.275000  3.525890
578.276000  3.525595
578.277000  3.527081
578.278000  3.531014
578.279000  3.537997
578.280000  3.547806
578.281000  3.559237
578.282000  3.570878
578.283000  3.581634
578.284000  3.590809
578.285000  3.598058
578.286000  3.603372
578.287000  3.607068
578.288000  3.609674
578.289000  3.611593
578.290000  3.612755
578.291000  3.612705
578.292000  3.610916
578.293000  3.606957
578.294000  3.600547
578.295000  3.591599
578.296000  3.580285
578.297000  3.567099
578.298000  3.552764
578.299000  3.537855
578.300000  3.522496
578.301000  3.506651
578.302000  3.490558
578.303000  3.474852
578.304000  3.460497
578.305000  3.448663
578.306000  3.440587
578.307000  3.437354
578.308000  3.439545
578.309000  3.447013
578.310000  3.459079
578.311000  3.474812
578.312000  3.493166
578.313000  3.513009
578.314000  3.533176
578.315000  3.552545
578.316000  3.570049
578.317000  3.584518
578.318000  3.594428
578.319000  3.598073
578.320000  3.594148
578.321000  3.582211
578.322000  3.562843
578.323000  3.537581
578.324000  3.508728
578.325000  3.479038
578.326000  3.451170
578.327000  3.427081
578.328000  3.407947
578.329000  3.394541
578.330000  3.387442
578.331000  3.387000
578.332000  3.393293
578.333000  3.406145
578.334000  3.425185
578.335000  3.449793
578.336000  3.478792
578.337000  3.510204
578.338000  3.541459
578.339000  3.569793
578.340000  3.592557
578.341000  3.607537
578.342000  3.613337
578.343000  3.609732
578.344000  3.597735
578.345000  3.579114
578.346000  3.555653
578.347000  3.529016
578.348000  3.501007
578.349000  3.473590
578.350000  3.448721
578.351000  3.428195
578.352000  3.413580
578.353000  3.406184
578.354000  3.406884
578.355000  3.415786
578.356000  3.432148
578.357000  3.454720
578.358000  3.482030
578.359000  3.512451
578.360000  3.544233
578.361000  3.575592
578.362000  3.604890
578.363000  3.630729
578.364000  3.651767
578.365000  3.666520
578.366000  3.673743
578.367000  3.672987
578.368000  3.664758
578.369000  3.650373
578.370000  3.631719
578.371000  3.611037
578.372000  3.590696
578.373000  3.572846
578.374000  3.559044
578.375000  3.550237
578.376000  3.547023
578.377000  3.549775
578.378000  3.558600
578.379000  3.573306
578.380000  3.593431
578.381000  3.618340
578.382000  3.647214
578.383000  3.678801
578.384000  3.711209
578.385000  3.742210
578.386000  3.769762
578.387000  3.792314
578.388000  3.808941
578.389000  3.819402
578.390000  3.824120
578.391000  3.824002
578.392000  3.820030
578.393000  3.812895
578.394000  3.803091
578.395000  3.791232
578.396000  3.778173
578.397000  3.764964
578.398000  3.752755
578.399000  3.742714
578.400000  3.735939
578.401000  3.733247
578.402000  3.734828
578.403000  3.740115
578.404000  3.748085
578.405000  3.757614
578.406000  3.767693
578.407000  3.777574
578.408000  3.786882
578.409000  3.795629
578.410000  3.803994
578.411000  3.811901
578.412000  3.818896
578.413000  3.824440
578.414000  3.828183
578.415000  3.830004
578.416000  3.829978
578.417000  3.828356
578.418000  3.825549
578.419000  3.822066
578.420000  3.818261
578.421000  3.814020
578.422000  3.808824
578.423000  3.802128
578.424000  3.793642
578.425000  3.783428
578.426000  3.771937
578.427000  3.760052
578.428000  3.749059
578.429000  3.740273
578.430000  3.734331
578.431000  3.731139
578.432000  3.730500
578.433000  3.732432
578.434000  3.737078
578.435000  3.744547
578.436000  3.754833
578.437000  3.767802
578.438000  3.783112
578.439000  3.799939
578.440000  3.816751
578.441000  3.831611
578.442000  3.842680
578.443000  3.848531
578.444000  3.848328
578.445000  3.841929
578.446000  3.829945
578.447000  3.813624
578.448000  3.794319
578.449000  3.772772
578.450000  3.749259
578.451000  3.724279
578.452000  3.698802
578.453000  3.674157
578.454000  3.651868
578.455000  3.633539
578.456000  3.620680
578.457000  3.614269
578.458000  3.614286
578.459000  3.619921
578.460000  3.630104
578.461000  3.643719
578.462000  3.659634
578.463000  3.676753
578.464000  3.694108
578.465000  3.710879
578.466000  3.726092
578.467000  3.738153
578.468000  3.745043
578.469000  3.745065
578.470000  3.737348
578.471000  3.722036
578.472000  3.700284
578.473000  3.674117
578.474000  3.646118
578.475000  3.618864
578.476000  3.594293
578.477000  3.573618
578.478000  3.557639
578.479000  3.546903
578.480000  3.541690
578.481000  3.542036
578.482000  3.547816
578.483000  3.558870
578.484000  3.574928
578.485000  3.595166
578.486000  3.617969
578.487000  3.641358
578.488000  3.663452
578.489000  3.682634
578.490000  3.697621
578.491000  3.707573
578.492000  3.712191
578.493000  3.711625
578.494000  3.706088
578.495000  3.695684
578.496000  3.680759
578.497000  3.662153
578.498000  3.641104
578.499000  3.619036
578.500000  3.597400
578.501000  3.577593
578.502000  3.560881
578.503000  3.548119
578.504000  3.539445
578.505000  3.534416
578.506000  3.532437
578.507000  3.532974
578.508000  3.535580
578.509000  3.539893
578.510000  3.545689
578.511000  3.552892
578.511000  3.552892
578.512000  3.561315
578.513000  3.570171
578.514000  3.578118
578.515000  3.583885
578.516000  3.586667
578.517000  3.586180
578.518000  3.582615
578.519000  3.576569
578.520000  3.568968
578.521000  3.560851
578.522000  3.552938
578.523000  3.545310
578.524000  3.537663
578.525000  3.529741
578.526000  3.521517
578.527000  3.513222
578.528000  3.505347
578.529000  3.498659
578.530000  3.494167
578.531000  3.492792
578.532000  3.494773
578.533000  3.499587
578.534000  3.506505
578.535000  3.514942
578.536000  3.524496
578.537000  3.534925
578.538000  3.546175
578.539000  3.558399
578.540000  3.571797
578.541000  3.586222
578.542000  3.601027
578.543000  3.615383
578.544000  3.628549
578.545000  3.639923
578.546000  3.649026
578.547000  3.655535
578.548000  3.659378
578.549000  3.660785
578.550000  3.660120
578.551000  3.657578
578.552000  3.653194
578.553000  3.647154
578.554000  3.639959
578.555000  3.632402
578.556000  3.625501
578.557000  3.620459
578.558000  3.618565
578.559000  3.620880
578.560000  3.627781
578.561000  3.638934
578.562000  3.653730
578.563000  3.671547
578.564000  3.691776
578.565000  3.713769
578.566000  3.736823
578.567000  3.760175
578.568000  3.782931
578.569000  3.803827
578.570000  3.821072
578.571000  3.832768
578.572000  3.837551
578.573000  3.834966
578.574000  3.825532
578.575000  3.810639
578.576000  3.792345
578.577000  3.773073
578.578000  3.755028
578.579000  3.739538
578.580000  3.727114
578.581000  3.718045
578.582000  3.712697
578.583000  3.711516
578.584000  3.714962
578.585000  3.723474
578.586000  3.737401
578.587000  3.756754
578.588000  3.780714
578.589000  3.807460
578.590000  3.834621
578.591000  3.859773
578.592000  3.880738
578.593000  3.895841
578.594000  3.904174
578.595000  3.905752
578.596000  3.901381
578.597000  3.892034
578.598000  3.878323
578.599000  3.860761
578.600000  3.840177
578.601000  3.817762
578.602000  3.794981
578.603000  3.773478
578.604000  3.755023
578.605000  3.741347
578.606000  3.733695
578.607000  3.732380
578.608000  3.736959
578.609000  3.746597
578.610000  3.760180
578.611000  3.776378
578.612000  3.793805
578.613000  3.811259
578.614000  3.827885
578.615000  3.842901
578.616000  3.855058
578.617000  3.862780
578.618000  3.864826
578.619000  3.860639
578.620000  3.850372
578.621000  3.834828
578.622000  3.815367
578.623000  3.793762
578.624000  3.771838
578.625000  3.750981
578.626000  3.731992
578.627000  3.715408
578.628000  3.701727
578.629000  3.691393
578.630000  3.684729
578.631000  3.681934
578.632000  3.683143
578.633000  3.688427
578.634000  3.697472
578.635000  3.709134
578.636000  3.721690
578.637000  3.733498
578.638000  3.743364
578.639000  3.750627
578.640000  3.755173
578.641000  3.757401
578.642000  3.758048
578.643000  3.757745
578.644000  3.756607
578.645000  3.754390
578.646000  3.750860
578.647000  3.745937
578.648000  3.739695
578.649000  3.732366
578.650000  3.724360
578.651000  3.716242
578.652000  3.708485
578.653000  3.701030
578.654000  3.693233
578.655000  3.684327
578.656000  3.673820
578.657000  3.661642
578.658000  3.648182
578.659000  3.634290
578.660000  3.621193
578.661000  3.610132
578.662000  3.601766
578.663000  3.596019
578.664000  3.592567
578.665000  3.591147
578.666000  3.591535
578.667000  3.593445
578.668000  3.596522
578.669000  3.600396
578.670000  3.604718
578.671000  3.608947
578.672000  3.612022
578.673000  3.612545
578.674000  3.609287
578.675000  3.601486
578.676000  3.588930
578.677000  3.572001
578.678000  3.551709
578.679000  3.529671
578.680000  3.507774
578.681000  3.487427
578.682000  3.469264
578.683000  3.453699
578.684000  3.441294
578.685000  3.432696
578.686000  3.428462
578.687000  3.428982
578.688000  3.434490
578.689000  3.445042
578.690000  3.460247
578.691000  3.478951
578.692000  3.499453
578.693000  3.519994
578.694000  3.538997
578.695000  3.555143
578.696000  3.567429
578.697000  3.575281
578.698000  3.578642
578.699000  3.577782
578.700000  3.572764
578.701000  3.563375
578.702000  3.549717
578.703000  3.532556
578.704000  3.513250
578.705000  3.493545
578.706000  3.475394
578.707000  3.460827
578.708000  3.451698
578.709000  3.449176
578.710000  3.453381
578.711000  3.463703
578.712000  3.479277
578.713000  3.499151
578.714000  3.522327
578.715000  3.547811
578.716000  3.574675
578.717000  3.602050
578.718000  3.628841
578.719000  3.653320
578.720000  3.673346
578.721000  3.687078
578.722000  3.693474
578.723000  3.692472
578.724000  3.684965
578.725000  3.672656
578.726000  3.657793
578.727000  3.642663
578.728000  3.628914
578.729000  3.617328
578.730000  3.608266
578.731000  3.602030
578.732000  3.598948
578.733000  3.599392
578.734000  3.603809
578.735000  3.612752
578.736000  3.626716
578.737000  3.645597
578.738000  3.668336
578.739000  3.693314
578.740000  3.718848
578.741000  3.743356
578.742000  3.765434
578.743000  3.783987
578.744000  3.798411
578.745000  3.808616
578.746000  3.814648
578.747000  3.816293
578.748000  3.813333
578.749000  3.805983
578.750000  3.794954
578.751000  3.781333
578.752000  3.766457
578.753000  3.751842
578.754000  3.739062
578.755000  3.729367
578.756000  3.723148
578.757000  3.720013
578.758000  3.719319
578.759000  3.720458
578.760000  3.722911
578.761000  3.726289
578.762000  3.730446
578.763000  3.735555
578.764000  3.741852
578.765000  3.748970
578.766000  3.755780
578.767000  3.761062
578.768000  3.764010
578.769000  3.764315
578.770000  3.762133
578.771000  3.758060
578.772000  3.753070
578.773000  3.748252
578.774000  3.744249
578.775000  3.740951
578.776000  3.737889
578.777000  3.734659
578.778000  3.731035
578.779000  3.726957
578.780000  3.722551
578.781000  3.718183
578.782000  3.714439
578.783000  3.711756
578.784000  3.709897
578.785000  3.708102
578.786000  3.705660
578.787000  3.702209
578.788000  3.697780
578.789000  3.692800
578.790000  3.688092
578.791000  3.684747
578.792000  3.683725
578.793000  3.685395
578.794000  3.689606
578.795000  3.696013
578.796000  3.704181
578.797000  3.713555
578.798000  3.723472
578.799000  3.733256
578.800000  3.742327
578.801000  3.750150
578.802000  3.755898
578.803000  3.758384
578.804000  3.756531
578.805000  3.749796
578.806000  3.738293
578.807000  3.722747
578.808000  3.704441
578.809000  3.685117
578.810000  3.666669
578.811000  3.650530
578.812000  3.637427
578.813000  3.627843
578.814000  3.622349
578.815000  3.621526
578.816000  3.625751
578.817000  3.635072
578.818000  3.649165
578.819000  3.667326
578.820000  3.688283
578.821000  3.709957
578.822000  3.729742
578.823000  3.745129
578.824000  3.754162
578.825000  3.755678
578.826000  3.749438
578.827000  3.736168
578.828000  3.717412
578.829000  3.694950
578.830000  3.669955
578.831000  3.642997
578.832000  3.614751
578.833000  3.586319
578.834000  3.559152
578.835000  3.534893
578.836000  3.515264
578.837000  3.501939
578.838000  3.496230
578.839000  3.498539
578.840000  3.508199
578.841000  3.523917
578.842000  3.544123
578.843000  3.567098
578.844000  3.591077
578.845000  3.614416
578.846000  3.635788
578.847000  3.654134
578.848000  3.668171
578.849000  3.676111
578.850000  3.676337
578.851000  3.668162
578.852000  3.652032
578.853000  3.629403
578.854000  3.602481
578.855000  3.573915
578.856000  3.546431
578.857000  3.522299
578.858000  3.502901
578.859000  3.488883
578.860000  3.480501
578.861000  3.477777
578.862000  3.480523
578.863000  3.488405
578.864000  3.501051
578.865000  3.518139
578.866000  3.539215
578.867000  3.563156
578.868000  3.588025
578.869000  3.611626
578.870000  3.631982
578.871000  3.647554
578.872000  3.657363
578.873000  3.661137
578.874000  3.659376
578.875000  3.653122
578.876000  3.643377
578.877000  3.630836
578.878000  3.616229
578.879000  3.600552
578.880000  3.584965
578.881000  3.570650
578.882000  3.558731
578.883000  3.550272
578.884000  3.546206
578.885000  3.546982
578.886000  3.552147
578.887000  3.560568
578.888000  3.570942
578.889000  3.582050
578.890000  3.592827
578.891000  3.602464
578.892000  3.610540
578.893000  3.617038
578.894000  3.621922
578.895000  3.624636
578.896000  3.624413
578.897000  3.620886
578.898000  3.614233
578.899000  3.605054
578.900000  3.594233
578.901000  3.582858
578.902000  3.572136
578.903000  3.563119
578.904000  3.556226
578.905000  3.551224
578.906000  3.547710
578.907000  3.545421
578.908000  3.544273
578.909000  3.544318
578.910000  3.545758
578.911000  3.548979
578.912000  3.554413
578.913000  3.561984
578.914000  3.570761
578.915000  3.579490
578.916000  3.587186
578.917000  3.593289
578.918000  3.597639
578.919000  3.600440
578.920000  3.602236
578.921000  3.603779
578.922000  3.605634
578.923000  3.607805
578.924000  3.609914
578.925000  3.611596
578.926000  3.612633
578.927000  3.612934
578.928000  3.612532
578.929000  3.611614
578.930000  3.610557
578.931000  3.609741
578.932000  3.609073
578.933000  3.607917
578.934000  3.605622
578.935000  3.601896
578.936000  3.596867
578.937000  3.591043
578.938000  3.585300
578.939000  3.580824
578.940000  3.578808
578.941000  3.579835
578.942000  3.583717
578.943000  3.590042
578.944000  3.598540
578.945000  3.609088
578.946000  3.621620
578.947000  3.636057
578.948000  3.652279
578.949000  3.670014
578.950000  3.688511
578.951000  3.706276
578.952000  3.721416
578.953000  3.732245
578.954000  3.737650
578.955000  3.737268
578.956000  3.731553
578.957000  3.721762
578.958000  3.709751
578.959000  3.697343
578.960000  3.685544
578.961000  3.674661
578.962000  3.664953
578.963000  3.656863
578.964000  3.650973
578.965000  3.647938
578.966000  3.648493
578.967000  3.653431
578.968000  3.663311
578.969000  3.677884
578.970000  3.695990
578.971000  3.716078
578.972000  3.736566
578.973000  3.755956
578.974000  3.772938
578.975000  3.786583
578.976000  3.796527
578.977000  3.802870
578.978000  3.805543
578.979000  3.803956
578.980000  3.797595
578.981000  3.786562
578.982000  3.771630
578.983000  3.754096
578.984000  3.735650
578.985000  3.718242
578.986000  3.703803
578.987000  3.693632
578.988000  3.688003
578.989000  3.686574
578.990000  3.688826
578.991000  3.694159
578.992000  3.701878
578.993000  3.711258
578.994000  3.721708
578.995000  3.732821
578.996000  3.743971
578.997000  3.753745
578.998000  3.760300
578.999000  3.762158
579.000000  3.758562
579.001000  3.749523
579.002000  3.735783
579.003000  3.718749
579.004000  3.700271
579.005000  3.682045
579.006000  3.664999
579.007000  3.649475
579.008000  3.635755
579.009000  3.624240
579.010000  3.615389
579.011000  3.609674
579.011000  3.609674
579.012000  3.607580
579.013000  3.609594
579.014000  3.615943
579.015000  3.626041
579.016000  3.638418
579.017000  3.651318
579.018000  3.663147
579.019000  3.672616
579.020000  3.678817
579.021000  3.681323
579.022000  3.680257
579.023000  3.676064
579.024000  3.668935
579.025000  3.658690
579.026000  3.645307
579.027000  3.629216
579.028000  3.611202
579.029000  3.592239
579.030000  3.573393
579.031000  3.555773
579.032000  3.540439
579.033000  3.528078
579.034000  3.518678
579.035000  3.511750
579.036000  3.506743
579.037000  3.503242
579.038000  3.501009
579.039000  3.500014
579.040000  3.500499
579.041000  3.502972
579.042000  3.507878
579.043000  3.514923
579.044000  3.522985
579.045000  3.530788
579.046000  3.537344
579.047000  3.542049
579.048000  3.544691
579.049000  3.545476
579.050000  3.545014
579.051000  3.544071
579.052000  3.542969
579.053000  3.541302
579.054000  3.538428
579.055000  3.533936
579.056000  3.527765
579.057000  3.520192
579.058000  3.511833
579.059000  3.503663
579.060000  3.496844
579.061000  3.492083
579.062000  3.489095
579.063000  3.487073
579.064000  3.485350
579.065000  3.483602
579.066000  3.481854
579.067000  3.480482
579.068000  3.480237
579.069000  3.482049
579.070000  3.486354
579.071000  3.492531
579.072000  3.499401
579.073000  3.505944
579.074000  3.511518
579.075000  3.515843
579.076000  3.518987
579.077000  3.521355
579.078000  3.523584
579.079000  3.526119
579.080000  3.528740
579.081000  3.530764
579.082000  3.531603
579.083000  3.530989
579.084000  3.528968
579.085000  3.525858
579.086000  3.522265
579.087000  3.519072
579.088000  3.517151
579.089000  3.516716
579.090000  3.517230
579.091000  3.518035
579.092000  3.518752
579.093000  3.519322
579.094000  3.519980
579.095000  3.521257
579.096000  3.523962
579.097000  3.528900
579.098000  3.536269
579.099000  3.545489
579.100000  3.555753
579.101000  3.566420
579.102000  3.577061
579.103000  3.587432
579.104000  3.597481
579.105000  3.607383
579.106000  3.617446
579.107000  3.627676
579.108000  3.637410
579.109000  3.645690
579.110000  3.651800
579.111000  3.655451
579.112000  3.656795
579.113000  3.656408
579.114000  3.655291
579.115000  3.654725
579.116000  3.655709
579.117000  3.658368
579.118000  3.662274
579.119000  3.667096
579.120000  3.672797
579.121000  3.679561
579.122000  3.687719
579.123000  3.697699
579.124000  3.709956
579.125000  3.724694
579.126000  3.741437
579.127000  3.759077
579.128000  3.776343
579.129000  3.792113
579.130000  3.805516
579.131000  3.815979
579.132000  3.823302
579.133000  3.827700
579.134000  3.829661
579.135000  3.829429
579.136000  3.826714
579.137000  3.821154
579.138000  3.812780
579.139000  3.802100
579.140000  3.790024
579.141000  3.777802
579.142000  3.766984
579.143000  3.759229
579.144000  3.755732
579.145000  3.756696
579.146000  3.761630
579.147000  3.769904
579.148000  3.780920
579.149000  3.794102
579.150000  3.808905
579.151000  3.824892
579.152000  3.841725
579.153000  3.858824
579.154000  3.874857
579.155000  3.887939
579.156000  3.896299
579.157000  3.898666
579.158000  3.894420
579.159000  3.883673
579.160000  3.867307
579.161000  3.846873
579.162000  3.824166
579.163000  3.800554
579.164000  3.776790
579.165000  3.753419
579.166000  3.731030
579.167000  3.710266
579.168000  3.691788
579.169000  3.676315
579.170000  3.664659
579.171000  3.657550
579.172000  3.655055
579.173000  3.656314
579.174000  3.660094
579.175000  3.665282
579.176000  3.670985
579.177000  3.676500
579.178000  3.681330
579.179000  3.685224
579.180000  3.688072
579.181000  3.689486
579.182000  3.688553
579.183000  3.684296
579.184000  3.676134
579.185000  3.663988
579.186000  3.648223
579.187000  3.629586
579.188000  3.609157
579.189000  3.588218
579.190000  3.567830
579.191000  3.548402
579.192000  3.529917
579.193000  3.512415
579.194000  3.496168
579.195000  3.481644
579.196000  3.469461
579.197000  3.460381
579.198000  3.455242
579.199000  3.454521
579.200000  3.457708
579.201000  3.463457
579.202000  3.470291
579.203000  3.476990
579.204000  3.482686
579.205000  3.486916
579.206000  3.489685
579.207000  3.491431
579.208000  3.492692
579.209000  3.493503
579.210000  3.493329
579.211000  3.491568
579.212000  3.487879
579.213000  3.482219
579.214000  3.474828
579.215000  3.466238
579.216000  3.457273
579.217000  3.448875
579.218000  3.441592
579.219000  3.435294
579.220000  3.429556
579.221000  3.424069
579.222000  3.418726
579.223000  3.413613
579.224000  3.409037
579.225000  3.405564
579.226000  3.403892
579.227000  3.404349
579.228000  3.406443
579.229000  3.409211
579.230000  3.411751
579.231000  3.413405
579.232000  3.413764
579.233000  3.412691
579.234000  3.410352
579.235000  3.407180
579.236000  3.403556
579.237000  3.399347
579.238000  3.393991
579.239000  3.386994
579.240000  3.378191
579.241000  3.367768
579.242000  3.356248
579.243000  3.344499
579.244000  3.333696
579.245000  3.324964
579.246000  3.318715
579.247000  3.314588
579.248000  3.312064
579.249000  3.310840
579.250000  3.310861
579.251000  3.312282
579.252000  3.315467
579.253000  3.320962
579.254000  3.329209
579.255000  3.339992
579.256000  3.352287
579.257000  3.364800
579.258000  3.376377
579.259000  3.386138
579.260000  3.393544
579.261000  3.398475
579.262000  3.401280
579.263000  3.402604
579.264000  3.402800
579.265000  3.401592
579.266000  3.398550
579.267000  3.393597
579.268000  3.387114
579.269000  3.379856
579.270000  3.372875
579.271000  3.367457
579.272000  3.364927
579.273000  3.366060
579.274000  3.370624
579.275000  3.377795
579.276000  3.386770
579.277000  3.396944
579.278000  3.407885
579.279000  3.419332
579.280000  3.431241
579.281000  3.443744
579.282000  3.456706
579.283000  3.469162
579.284000  3.479604
579.285000  3.486703
579.286000  3.489636
579.287000  3.488132
579.288000  3.482469
579.289000  3.473476
579.290000  3.462456
579.291000  3.450774
579.292000  3.439234
579.293000  3.428050
579.294000  3.417362
579.295000  3.407489
579.296000  3.398895
579.297000  3.392123
579.298000  3.387802
579.299000  3.386658
579.300000  3.389268
579.301000  3.395379
579.302000  3.403689
579.303000  3.412559
579.304000  3.420628
579.305000  3.426995
579.306000  3.431232
579.307000  3.433386
579.308000  3.433942
579.309000  3.433532
579.310000  3.432371
579.311000  3.430107
579.312000  3.426325
579.313000  3.420883
579.314000  3.413906
579.315000  3.405689
579.316000  3.396654
579.317000  3.387360
579.318000  3.378407
579.319000  3.370073
579.320000  3.362011
579.321000  3.353578
579.322000  3.344306
579.323000  3.334062
579.324000  3.323049
579.325000  3.311799
579.326000  3.301173
579.327000  3.292216
579.328000  3.285678
579.329000  3.281572
579.330000  3.279485
579.331000  3.279070
579.332000  3.280141
579.333000  3.282598
579.334000  3.286369
579.335000  3.291418
579.336000  3.297741
579.337000  3.305168
579.338000  3.313009
579.339000  3.320108
579.340000  3.325312
579.341000  3.327770
579.342000  3.327011
579.343000  3.322979
579.344000  3.316075
579.345000  3.307158
579.346000  3.297273
579.347000  3.287082
579.348000  3.276760
579.349000  3.266493
579.350000  3.256732
579.351000  3.248105
579.352000  3.241303
579.353000  3.237027
579.354000  3.235984
579.355000  3.238772
579.356000  3.245492
579.357000  3.255521
579.358000  3.267840
579.359000  3.281417
579.360000  3.295358
579.361000  3.308963
579.362000  3.321801
579.363000  3.333801
579.364000  3.345195
579.365000  3.356056
579.366000  3.365852
579.367000  3.373785
579.368000  3.379357
579.369000  3.382556
579.370000  3.383821
579.371000  3.383992
579.372000  3.384271
579.373000  3.386074
579.374000  3.390536
579.375000  3.397922
579.376000  3.407776
579.377000  3.419458
579.378000  3.432383
579.379000  3.446047
579.380000  3.460073
579.381000  3.474293
579.382000  3.488744
579.383000  3.503269
579.384000  3.516876
579.385000  3.527879
579.386000  3.534707
579.387000  3.536406
579.388000  3.532790
579.389000  3.524458
579.390000  3.512746
579.391000  3.499520
579.392000  3.486624
579.393000  3.475122
579.394000  3.465260
579.395000  3.457012
579.396000  3.450404
579.397000  3.445553
579.398000  3.442674
579.399000  3.442145
579.400000  3.444523
579.401000  3.450258
579.402000  3.459024
579.403000  3.469577
579.404000  3.480419
579.405000  3.490313
579.406000  3.498430
579.407000  3.504394
579.408000  3.508350
579.409000  3.510953
579.410000  3.513017
579.411000  3.514836
579.412000  3.516068
579.413000  3.516327
579.414000  3.515524
579.415000  3.513847
579.416000  3.511688
579.417000  3.509620
579.418000  3.508375
579.419000  3.508662
579.420000  3.510694
579.421000  3.513929
579.422000  3.517450
579.423000  3.520404
579.424000  3.522158
579.425000  3.522353
579.426000  3.520979
579.427000  3.518454
579.428000  3.515540
579.429000  3.512793
579.430000  3.509994
579.431000  3.506489
579.432000  3.501821
579.433000  3.495946
579.434000  3.489201
579.435000  3.482256
579.436000  3.476066
579.437000  3.471720
579.438000  3.470024
579.439000  3.471068
579.440000  3.474372
579.441000  3.479321
579.442000  3.485336
579.443000  3.491896
579.444000  3.498547
579.445000  3.504954
579.446000  3.510938
579.447000  3.516316
579.448000  3.520480
579.449000  3.522390
579.450000  3.521135
579.451000  3.516358
579.452000  3.508346
579.453000  3.497984
579.454000  3.486656
579.455000  3.476064
579.456000  3.467779
579.457000  3.462644
579.458000  3.460751
579.459000  3.461958
579.460000  3.466140
579.461000  3.473165
579.462000  3.482826
579.463000  3.494833
579.464000  3.508829
579.465000  3.524272
579.466000  3.540041
579.467000  3.554359
579.468000  3.565363
579.469000  3.571646
579.470000  3.572499
579.471000  3.567979
579.472000  3.558922
579.473000  3.546848
579.474000  3.533575
579.475000  3.520476
579.476000  3.508162
579.477000  3.496979
579.478000  3.487396
579.479000  3.480003
579.480000  3.475397
579.481000  3.474119
579.482000  3.476620
579.483000  3.483171
579.484000  3.493489
579.485000  3.506365
579.486000  3.519980
579.487000  3.532500
579.488000  3.542395
579.489000  3.548586
579.490000  3.550585
579.491000  3.548630
579.492000  3.543645
579.493000  3.536651
579.494000  3.527935
579.495000  3.517304
579.496000  3.504890
579.497000  3.491374
579.498000  3.477820
579.499000  3.465489
579.500000  3.455705
579.501000  3.449751
579.502000  3.448590
579.503000  3.452357
579.504000  3.460258
579.505000  3.471089
579.506000  3.483613
579.507000  3.496684
579.508000  3.509316
579.509000  3.520819
579.510000  3.530948
579.511000  3.539832
579.511000  3.539832
579.512000  3.547324
579.513000  3.552432
579.514000  3.553911
579.515000  3.551063
579.516000  3.543953
579.517000  3.533340
579.518000  3.520551
579.519000  3.507352
579.520000  3.495662
579.521000  3.486993
579.522000  3.482025
579.523000  3.480913
579.524000  3.483673
579.525000  3.490222
579.526000  3.500302
579.527000  3.513496
579.528000  3.529344
579.529000  3.547414
579.530000  3.567010
579.531000  3.586618
579.532000  3.604061
579.533000  3.617239
579.534000  3.624619
579.535000  3.625443
579.536000  3.619851
579.537000  3.608925
579.538000  3.594489
579.539000  3.578439
579.540000  3.562037
579.541000  3.546065
579.542000  3.531282
579.543000  3.518476
579.544000  3.508342
579.545000  3.501411
579.546000  3.498086
579.547000  3.498704
579.548000  3.503376
579.549000  3.511490
579.550000  3.521587
579.551000  3.531906
579.552000  3.540827
579.553000  3.547037
579.554000  3.549629
579.555000  3.548255
579.556000  3.543272
579.557000  3.535581
579.558000  3.525806
579.559000  3.513848
579.560000  3.499642
579.561000  3.483778
579.562000  3.467447
579.563000  3.452191
579.564000  3.439697
579.565000  3.431669
579.566000  3.429609
579.567000  3.434332
579.568000  3.445497
579.569000  3.461884
579.570000  3.481919
579.571000  3.503881
579.572000  3.525972
579.573000  3.546444
579.574000  3.563833
579.575000  3.577175
579.576000  3.585850
579.577000  3.589047
579.578000  3.585933
579.579000  3.576391
579.580000  3.561236
579.581000  3.541963
579.582000  3.520431
579.583000  3.498649
579.584000  3.478613
579.585000  3.462004
579.586000  3.449735
579.587000  3.441944
579.588000  3.438420
579.589000  3.438841
579.590000  3.442797
579.591000  3.449789
579.592000  3.459279
579.593000  3.470761
579.594000  3.483714
579.595000  3.497235
579.596000  3.509770
579.597000  3.519504
579.598000  3.524913
579.599000  3.525031
579.600000  3.519560
579.601000  3.508929
579.602000  3.494301
579.603000  3.477306
579.604000  3.459383
579.605000  3.441361
579.606000  3.423835
579.607000  3.407551
579.608000  3.393376
579.609000  3.382139
579.610000  3.374516
579.611000  3.370982
579.612000  3.371750
579.613000  3.376478
579.614000  3.383924
579.615000  3.392212
579.616000  3.399405
579.617000  3.403849
579.618000  3.404334
579.619000  3.400256
579.620000  3.391773
579.621000  3.379812
579.622000  3.365535
579.623000  3.349538
579.624000  3.331949
579.625000  3.313070
579.626000  3.293577
579.627000  3.274424
579.628000  3.256743
579.629000  3.241795
579.630000  3.230899
579.631000  3.225095
579.632000  3.224564
579.633000  3.228575
579.634000  3.236006
579.635000  3.245670
579.636000  3.256368
579.637000  3.266936
579.638000  3.276394
579.639000  3.284140
579.640000  3.289918
579.641000  3.293236
579.642000  3.292986
579.643000  3.288123
579.644000  3.278323
579.645000  3.264059
579.646000  3.246423
579.647000  3.226948
579.648000  3.207459
579.649000  3.189819
579.650000  3.175411
579.651000  3.164741
579.652000  3.157697
579.653000  3.153911
579.654000  3.152868
579.655000  3.153934
579.656000  3.156472
579.657000  3.160027
579.658000  3.164454
579.659000  3.169634
579.660000  3.174893
579.661000  3.179026
579.662000  3.180927
579.663000  3.179973
579.664000  3.176082
579.665000  3.169697
579.666000  3.161753
579.667000  3.153544
579.668000  3.146278
579.669000  3.140530
579.670000  3.136375
579.671000  3.133963
579.672000  3.133729
579.673000  3.136256
579.674000  3.142100
579.675000  3.151681
579.676000  3.165240
579.677000  3.182700
579.678000  3.203313
579.679000  3.225529
579.680000  3.247458
579.681000  3.267327
579.682000  3.283706
579.683000  3.295631
579.684000  3.302765
579.685000  3.305493
579.686000  3.304688
579.687000  3.301001
579.688000  3.294553
579.689000  3.285507
579.690000  3.274460
579.691000  3.262368
579.692000  3.250362
579.693000  3.239636
579.694000  3.231395
579.695000  3.226769
579.696000  3.226466
579.697000  3.230306
579.698000  3.237380
579.699000  3.246591
579.700000  3.256940
579.701000  3.267612
579.702000  3.278042
579.703000  3.288021
579.704000  3.297755
579.705000  3.307502
579.706000  3.316770
579.707000  3.324305
579.708000  3.328988
579.709000  3.330306
579.710000  3.328343
579.711000  3.323672
579.712000  3.317290
579.713000  3.310550
579.714000  3.304891
579.715000  3.301254
579.716000  3.299759
579.717000  3.300057
579.718000  3.301655
579.719000  3.304002
579.720000  3.306540
579.721000  3.308830
579.722000  3.310713
579.723000  3.312303
579.724000  3.313471
579.725000  3.313313
579.726000  3.310619
579.727000  3.304625
579.728000  3.295272
579.729000  3.283162
579.730000  3.269460
579.731000  3.255767
579.732000  3.243841
579.733000  3.234998
579.734000  3.229694
579.735000  3.227886
579.736000  3.229471
579.737000  3.234328
579.738000  3.242228
579.739000  3.252788
579.740000  3.265511
579.741000  3.279806
579.742000  3.294804
579.743000  3.309045
579.744000  3.320676
579.745000  3.328057
579.746000  3.330167
579.747000  3.326729
579.748000  3.318230
579.749000  3.305873
579.750000  3.291441
579.751000  3.276873
579.752000  3.263608
579.753000  3.252406
579.754000  3.243768
579.755000  3.238196
579.756000  3.236199
579.757000  3.238226
579.758000  3.244641
579.759000  3.255709
579.760000  3.271382
579.761000  3.290770
579.762000  3.311953
579.763000  3.332594
579.764000  3.350528
579.765000  3.364034
579.766000  3.372020
579.767000  3.374202
579.768000  3.371207
579.769000  3.364301
579.770000  3.354623
579.771000  3.342791
579.772000  3.329359
579.773000  3.315135
579.774000  3.301129
579.775000  3.288436
579.776000  3.278193
579.777000  3.271575
579.778000  3.269624
579.779000  3.272738
579.780000  3.280297
579.781000  3.291010
579.782000  3.303388
579.783000  3.315933
579.784000  3.327248
579.785000  3.336199
579.786000  3.342131
579.787000  3.344944
579.788000  3.344712
579.789000  3.341114
579.790000  3.333689
579.791000  3.322467
579.792000  3.308139
579.793000  3.291910
579.794000  3.275319
579.795000  3.260108
579.796000  3.248070
579.797000  3.240673
579.798000  3.238548
579.799000  3.241531
579.800000  3.249171
579.801000  3.260967
579.802000  3.276328
579.803000  3.294534
579.804000  3.314775
579.805000  3.336278
579.806000  3.358259
579.807000  3.379497
579.808000  3.398134
579.809000  3.412326
579.810000  3.420923
579.811000  3.423671
579.812000  3.421149
579.813000  3.414612
579.814000  3.405762
579.815000  3.396370
579.816000  3.387680
579.817000  3.380139
579.818000  3.373798
579.819000  3.368703
579.820000  3.364943
579.821000  3.362570
579.822000  3.361545
579.823000  3.361783
579.824000  3.363200
579.825000  3.365545
579.826000  3.368079
579.827000  3.369719
579.828000  3.369569
579.829000  3.367217
579.830000  3.362782
579.831000  3.356857
579.832000  3.350447
579.833000  3.344803
579.834000  3.341029
579.835000  3.339616
579.836000  3.340493
579.837000  3.343430
579.838000  3.348223
579.839000  3.354693
579.840000  3.362658
579.841000  3.371957
579.842000  3.382487
579.843000  3.394132
579.844000  3.406444
579.845000  3.418415
579.846000  3.428798
579.847000  3.436543
579.848000  3.441013
579.849000  3.442073
579.850000  3.440151
579.851000  3.436240
579.852000  3.431649
579.853000  3.427345
579.854000  3.423543
579.855000  3.420149
579.856000  3.417201
579.857000  3.414916
579.858000  3.413597
579.859000  3.413600
579.860000  3.415369
579.861000  3.419409
579.862000  3.425979
579.863000  3.434653
579.864000  3.444428
579.865000  3.454219
579.866000  3.463141
579.867000  3.470601
579.868000  3.476383
579.869000  3.480740
579.870000  3.484354
579.871000  3.487817
579.872000  3.490923
579.873000  3.492900
579.874000  3.493172
579.875000  3.491638
579.876000  3.488585
579.877000  3.484572
579.878000  3.480381
579.879000  3.476960
579.880000  3.475113
579.881000  3.475005
579.882000  3.476183
579.883000  3.478066
579.884000  3.480196
579.885000  3.482244
579.886000  3.484006
579.887000  3.485471
579.888000  3.486910
579.889000  3.488705
579.890000  3.490730
579.891000  3.492065
579.892000  3.491645
579.893000  3.488873
579.894000  3.483747
579.895000  3.476764
579.896000  3.468808
579.897000  3.461054
579.898000  3.454763
579.899000  3.450812
579.900000  3.449306
579.901000  3.449828
579.902000  3.451909
579.903000  3.455202
579.904000  3.459477
579.905000  3.464612
579.906000  3.470631
579.907000  3.477697
579.908000  3.485832
579.909000  3.494352
579.910000  3.501847
579.911000  3.506856
579.912000  3.508372
579.913000  3.505993
579.914000  3.499941
579.915000  3.491051
579.916000  3.480670
579.917000  3.470331
579.918000  3.461164
579.919000  3.453624
579.920000  3.447820
579.921000  3.443835
579.922000  3.441809
579.923000  3.441942
579.924000  3.444503
579.925000  3.449831
579.926000  3.458201
579.927000  3.469397
579.928000  3.482266
579.929000  3.494965
579.930000  3.505624
579.931000  3.512769
579.932000  3.515523
579.933000  3.513725
579.934000  3.507981
579.935000  3.499529
579.936000  3.489692
579.937000  3.479251
579.938000  3.468546
579.939000  3.457941
579.940000  3.447937
579.941000  3.439068
579.942000  3.431839
579.943000  3.426730
579.944000  3.424214
579.945000  3.424559
579.946000  3.427385
579.947000  3.431615
579.948000  3.435949
579.949000  3.439242
579.950000  3.440642
579.951000  3.439672
579.952000  3.436327
579.953000  3.431142
579.954000  3.425014
579.955000  3.418627
579.956000  3.412077
579.957000  3.405248
579.958000  3.398262
579.959000  3.391550
579.960000  3.385759
579.961000  3.381677
579.962000  3.380181
579.963000  3.382115
579.964000  3.387904
579.965000  3.397148
579.966000  3.408822
579.967000  3.421761
579.968000  3.434882
579.969000  3.447196
579.970000  3.457831
579.971000  3.466129
579.972000  3.471744
579.973000  3.474466
579.974000  3.473721
579.975000  3.468585
579.976000  3.458454
579.977000  3.443496
579.978000  3.424670
579.979000  3.403562
579.980000  3.382184
579.981000  3.362698
579.982000  3.346949
579.983000  3.335889
579.984000  3.329517
579.985000  3.327376
579.986000  3.328891
579.987000  3.333432
579.988000  3.340309
579.989000  3.348811
579.990000  3.358287
579.991000  3.368128
579.992000  3.377457
579.993000  3.384857
579.994000  3.388736
579.995000  3.387879
579.996000  3.381721
579.997000  3.370384
579.998000  3.354660
579.999000  3.335955
580.000000  3.316043
580.001000  3.296394
580.002000  3.277626
580.003000  3.259869
580.004000  3.243361
580.005000  3.228580
580.006000  3.216143
580.007000  3.206709
580.008000  3.200940
580.009000  3.199441
580.010000  3.202542
580.011000  3.209946
580.011000  3.209946
580.012000  3.220689
580.013000  3.233475
580.014000  3.246957
580.015000  3.259852
580.016000  3.271059
580.017000  3.279813
580.018000  3.285834
580.019000  3.289271
580.020000  3.290215
580.021000  3.288273
580.022000  3.282952
580.023000  3.274223
580.024000  3.262651
580.025000  3.249272
580.026000  3.235429
580.027000  3.222651
580.028000  3.212497
580.029000  3.206190
580.030000  3.204203
580.031000  3.206336
580.032000  3.212133
580.033000  3.221093
580.034000  3.232724
580.035000  3.246583
580.036000  3.262360
580.037000  3.279911
580.038000  3.298998
580.039000  3.318699
580.040000  3.337286
580.041000  3.352859
580.042000  3.363921
580.043000  3.369628
580.044000  3.369907
580.045000  3.365503
580.046000  3.357883
580.047000  3.348857
580.048000  3.339966
580.049000  3.332251
580.050000  3.326518
580.051000  3.323497
580.052000  3.323813
580.053000  3.327931
580.054000  3.336185
580.055000  3.348821
580.056000  3.365890
580.057000  3.386796
580.058000  3.409980
580.059000  3.433323
580.060000  3.454735
580.061000  3.472488
580.062000  3.485404
580.063000  3.493029
580.064000  3.495718
580.065000  3.494440
580.066000  3.490171
580.067000  3.483478
580.068000  3.474819
580.069000  3.464894
580.070000  3.454647
580.071000  3.445158
580.072000  3.437545
580.073000  3.432911
580.074000  3.432224
580.075000  3.435969
580.076000  3.443786
580.077000  3.454648
580.078000  3.467374
580.079000  3.480938
580.080000  3.494560
580.081000  3.507765
580.082000  3.520447
580.083000  3.532889
580.084000  3.545497
580.085000  3.558156
580.086000  3.570080
580.087000  3.580434
580.088000  3.588789
580.089000  3.595180
580.090000  3.600031
580.091000  3.604087
580.092000  3.608326
580.093000  3.613672
580.094000  3.620435
580.095000  3.628011
580.096000  3.635268
580.097000  3.641029
580.098000  3.644294
580.099000  3.644348
580.100000  3.640872
580.101000  3.634059
580.102000  3.624576
580.103000  3.613150
580.104000  3.600013
580.105000  3.585043
580.106000  3.568318
580.107000  3.550351
580.108000  3.532049
580.109000  3.514621
580.110000  3.499518
580.111000  3.488275
580.112000  3.482061
580.113000  3.481137
580.114000  3.485000
580.115000  3.492932
580.116000  3.504257
580.117000  3.518346
580.118000  3.534613
580.119000  3.552552
580.120000  3.571753
580.121000  3.591676
580.122000  3.611161
580.123000  3.628369
580.124000  3.641375
580.125000  3.648697
580.126000  3.649547
580.127000  3.643955
580.128000  3.632813
580.129000  3.617787
580.130000  3.600884
580.131000  3.583679
580.132000  3.566998
580.133000  3.551420
580.134000  3.537671
580.135000  3.526601
580.136000  3.519022
580.137000  3.515600
580.138000  3.516799
580.139000  3.522817
580.140000  3.533321
580.141000  3.547221
580.142000  3.562947
580.143000  3.578932
580.144000  3.593848
580.145000  3.606693
580.146000  3.616857
580.147000  3.624217
580.148000  3.629133
580.149000  3.632061
580.150000  3.632950
580.151000  3.631324
580.152000  3.626884
580.153000  3.619804
580.154000  3.610702
580.155000  3.600552
580.156000  3.590612
580.157000  3.582320
580.158000  3.576977
580.159000  3.575225
580.160000  3.576943
580.161000  3.581675
580.162000  3.588943
580.163000  3.598313
580.164000  3.609390
580.165000  3.621848
580.166000  3.635465
580.167000  3.649989
580.168000  3.664677
580.169000  3.678011
580.170000  3.688226
580.171000  3.693978
580.172000  3.694634
580.173000  3.690284
580.174000  3.681672
580.175000  3.670064
580.176000  3.656948
580.177000  3.643527
580.178000  3.630362
580.179000  3.617610
580.180000  3.605380
580.181000  3.593850
580.182000  3.583265
580.183000  3.573959
580.184000  3.566411
580.185000  3.561237
580.186000  3.558887
580.187000  3.559195
580.188000  3.561409
580.189000  3.564654
580.190000  3.568219
580.191000  3.571631
580.192000  3.574685
580.193000  3.577466
580.194000  3.580302
580.195000  3.583460
580.196000  3.586709
580.197000  3.589367
580.198000  3.590760
580.199000  3.590458
580.200000  3.588290
580.201000  3.584310
580.202000  3.578802
580.203000  3.572286
580.204000  3.565362
580.205000  3.558298
580.206000  3.550818
580.207000  3.542449
580.208000  3.532909
580.209000  3.522239
580.210000  3.510810
580.211000  3.499339
580.212000  3.488879
580.213000  3.480581
580.214000  3.475063
580.215000  3.471996
580.216000  3.470547
580.217000  3.469940
580.218000  3.469649
580.219000  3.469402
580.220000  3.469190
580.221000  3.469270
580.222000  3.470024
580.223000  3.471560
580.224000  3.473368
580.225000  3.474572
580.226000  3.474393
580.227000  3.472339
580.228000  3.468221
580.229000  3.462141
580.230000  3.454494
580.231000  3.445909
580.232000  3.436975
580.233000  3.427838
580.234000  3.418274
580.235000  3.408158
580.236000  3.397711
580.237000  3.387497
580.238000  3.378347
580.239000  3.371306
580.240000  3.367544
580.241000  3.368007
580.242000  3.372859
580.243000  3.381412
580.244000  3.392635
580.245000  3.405496
580.246000  3.419011
580.247000  3.432253
580.248000  3.444409
580.249000  3.454866
580.250000  3.463136
580.251000  3.468539
580.252000  3.470080
580.253000  3.466903
580.254000  3.458719
580.255000  3.445893
580.256000  3.429346
580.257000  3.410428
580.258000  3.390794
580.259000  3.372182
580.260000  3.355930
580.261000  3.342550
580.262000  3.331999
580.263000  3.324147
580.264000  3.318970
580.265000  3.316555
580.266000  3.317113
580.267000  3.321010
580.268000  3.328721
580.269000  3.340490
580.270000  3.355874
580.271000  3.373860
580.272000  3.393339
580.273000  3.413331
580.274000  3.433010
580.275000  3.451717
580.276000  3.469019
580.277000  3.484727
580.278000  3.498659
580.279000  3.510193
580.280000  3.518319
580.281000  3.522215
580.282000  3.521613
580.283000  3.516836
580.284000  3.508716
580.285000  3.498493
580.286000  3.487688
580.287000  3.477803
580.288000  3.469820
580.289000  3.464003
580.290000  3.460257
580.291000  3.458455
580.292000  3.458509
580.293000  3.460377
580.294000  3.464103
580.295000  3.469899
580.296000  3.478036
580.297000  3.488370
580.298000  3.499939
580.299000  3.511324
580.300000  3.521195
580.301000  3.528523
580.302000  3.532632
580.303000  3.533243
580.304000  3.530520
580.305000  3.524980
580.306000  3.517088
580.307000  3.506873
580.308000  3.494153
580.309000  3.478975
580.310000  3.461751
580.311000  3.443210
580.312000  3.424316
580.313000  3.406235
580.314000  3.390255
580.315000  3.377514
580.316000  3.368517
580.317000  3.363074
580.318000  3.360738
580.319000  3.361112
580.320000  3.363918
580.321000  3.369003
580.322000  3.376394
580.323000  3.386313
580.324000  3.398918
580.325000  3.413712
580.326000  3.429429
580.327000  3.444642
580.328000  3.458216
580.329000  3.469413
580.330000  3.477873
580.331000  3.483630
580.332000  3.487096
580.333000  3.488896
580.334000  3.489427
580.335000  3.488608
580.336000  3.486180
580.337000  3.482063
580.338000  3.476449
580.339000  3.469787
580.340000  3.462769
580.341000  3.456331
580.342000  3.451548
580.343000  3.449216
580.344000  3.449380
580.345000  3.451519
580.346000  3.455080
580.347000  3.459714
580.348000  3.465319
580.349000  3.472027
580.350000  3.480200
580.351000  3.490346
580.352000  3.502790
580.353000  3.517226
580.354000  3.532722
580.355000  3.548143
580.356000  3.562416
580.357000  3.574626
580.358000  3.584079
580.359000  3.590395
580.360000  3.593557
580.361000  3.593744
580.362000  3.590873
580.363000  3.584407
580.364000  3.573817
580.365000  3.559033
580.366000  3.540561
580.367000  3.519433
580.368000  3.497138
580.369000  3.475510
580.370000  3.456442
580.371000  3.441319
580.372000  3.430689
580.373000  3.424593
580.374000  3.422914
580.375000  3.425439
580.376000  3.431828
580.377000  3.441634
580.378000  3.454371
580.379000  3.469493
580.380000  3.486107
580.381000  3.502692
580.382000  3.517391
580.383000  3.528552
580.384000  3.535031
580.385000  3.536302
580.386000  3.532504
580.387000  3.524441
580.388000  3.513429
580.389000  3.500827
580.390000  3.487520
580.391000  3.474025
580.392000  3.460920
580.393000  3.449002
580.394000  3.439217
580.395000  3.432563
580.396000  3.430031
580.397000  3.432512
580.398000  3.440484
580.399000  3.453541
580.400000  3.470381
580.401000  3.489316
580.402000  3.508614
580.403000  3.526622
580.404000  3.541840
580.405000  3.553061
580.406000  3.559504
580.407000  3.560734
580.408000  3.556294
580.409000  3.545639
580.410000  3.528636
580.411000  3.505902
580.412000  3.478725
580.413000  3.448829
580.414000  3.418148
580.415000  3.388670
580.416000  3.362241
580.417000  3.340190
580.418000  3.323014
580.419000  3.310615
580.420000  3.302727
580.421000  3.299083
580.422000  3.299423
580.423000  3.303511
580.424000  3.311208
580.425000  3.322494
580.426000  3.337168
580.427000  3.354304
580.428000  3.372328
580.429000  3.389633
580.430000  3.404932
580.431000  3.417312
580.432000  3.426234
580.433000  3.431557
580.434000  3.433532
580.435000  3.432614
580.436000  3.429109
580.437000  3.423108
580.438000  3.414808
580.439000  3.404705
580.440000  3.393568
580.441000  3.382342
580.442000  3.372096
580.443000  3.364001
580.444000  3.359230
580.445000  3.358575
580.446000  3.362062
580.447000  3.369142
580.448000  3.379129
580.449000  3.391412
580.450000  3.405511
580.451000  3.421141
580.452000  3.438268
580.453000  3.457033
580.454000  3.477323
580.455000  3.498365
580.456000  3.518965
580.457000  3.537971
580.458000  3.554457
580.459000  3.567732
580.460000  3.577350
580.461000  3.583166
580.462000  3.585358
580.463000  3.584266
580.464000  3.580034
580.465000  3.572546
580.466000  3.561759
580.467000  3.547950
580.468000  3.531733
580.469000  3.514028
580.470000  3.496053
580.471000  3.479325
580.472000  3.465440
580.473000  3.455481
580.474000  3.449634
580.475000  3.447601
580.476000  3.449089
580.477000  3.453921
580.478000  3.462006
580.479000  3.473328
580.480000  3.487969
580.481000  3.506012
580.482000  3.527188
580.483000  3.550467
580.484000  3.574166
580.485000  3.596381
580.486000  3.615271
580.487000  3.629250
580.488000  3.637210
580.489000  3.638749
580.490000  3.634280
580.491000  3.624785
580.492000  3.611247
580.493000  3.594422
580.494000  3.575124
580.495000  3.554403
580.496000  3.533475
580.497000  3.513605
580.498000  3.496037
580.499000  3.481975
580.500000  3.472450
580.501000  3.467957
580.502000  3.468209
580.503000  3.472408
580.504000  3.479634
580.505000  3.489009
580.506000  3.499747
580.507000  3.511208
580.508000  3.522953
580.509000  3.534701
580.510000  3.546030
580.511000  3.555983
580.511000  3.555983
580.512000  3.563178
580.513000  3.566309
580.514000  3.564502
580.515000  3.557446
580.516000  3.545440
580.517000  3.529367
580.518000  3.510577
580.519000  3.490589
580.520000  3.470668
580.521000  3.451686
580.522000  3.434329
580.523000  3.419282
580.524000  3.407240
580.525000  3.398845
580.526000  3.394645
580.527000  3.395074
580.528000  3.400363
580.529000  3.410241
580.530000  3.423651
580.531000  3.438979
580.532000  3.454523
580.533000  3.468793
580.534000  3.480655
580.535000  3.489428
580.536000  3.494948
580.537000  3.497522
580.538000  3.497623
580.539000  3.495493
580.540000  3.491118
580.541000  3.484541
580.542000  3.476054
580.543000  3.466211
580.544000  3.455777
580.545000  3.445698
580.546000  3.437040
580.547000  3.430788
580.548000  3.427449
580.549000  3.426900
580.550000  3.428730
580.551000  3.432590
580.552000  3.438292
580.553000  3.445777
580.554000  3.455087
580.555000  3.466340
580.556000  3.479578
580.557000  3.494384
580.558000  3.509645
580.559000  3.523976
580.560000  3.536234
580.561000  3.545713
580.562000  3.552120
580.563000  3.555523
580.564000  3.556292
580.565000  3.554999
580.566000  3.552198
580.567000  3.548133
580.568000  3.542720
580.569000  3.535848
580.570000  3.527575
580.571000  3.518169
580.572000  3.508080
580.573000  3.497947
580.574000  3.488624
580.575000  3.481075
580.576000  3.475941
580.577000  3.473146
580.578000  3.472177
580.579000  3.472586
580.580000  3.474154
580.581000  3.476844
580.582000  3.480738
580.583000  3.486016
580.584000  3.492902
580.585000  3.501450
580.586000  3.511263
580.587000  3.521561
580.588000  3.531493
580.589000  3.540299
580.590000  3.547331
580.591000  3.552078
580.592000  3.554236
580.593000  3.553809
580.594000  3.551082
580.595000  3.546331
580.596000  3.539596
580.597000  3.530878
580.598000  3.520418
580.599000  3.508757
580.600000  3.496688
580.601000  3.485240
580.602000  3.475649
580.603000  3.469186
580.604000  3.466701
580.605000  3.468264
580.606000  3.473406
580.607000  3.481502
580.608000  3.491887
580.609000  3.503856
580.610000  3.516703
580.611000  3.529810
580.612000  3.542687
580.613000  3.554814
580.614000  3.565302
580.615000  3.572905
580.616000  3.576444
580.617000  3.575115
580.618000  3.568613
580.619000  3.557159
580.620000  3.541523
580.621000  3.522993
580.622000  3.503159
580.623000  3.483430
580.624000  3.464699
580.625000  3.447576
580.626000  3.432689
580.627000  3.420733
580.628000  3.412402
580.629000  3.408351
580.630000  3.409203
580.631000  3.415489
580.632000  3.427337
580.633000  3.444065
580.634000  3.464269
580.635000  3.486265
580.636000  3.508347
580.637000  3.528894
580.638000  3.546480
580.639000  3.560020
580.640000  3.568872
580.641000  3.572687
580.642000  3.571045
580.643000  3.563477
580.644000  3.549930
580.645000  3.531019
580.646000  3.507959
580.647000  3.482375
580.648000  3.456130
580.649000  3.431153
580.650000  3.409170
580.651000  3.391233
580.652000  3.377477
580.653000  3.367468
580.654000  3.360637
580.655000  3.356469
580.656000  3.354585
580.657000  3.354813
580.658000  3.357269
580.659000  3.362271
580.660000  3.369869
580.661000  3.379322
580.662000  3.389334
580.663000  3.398686
580.664000  3.406552
580.665000  3.412528
580.666000  3.416599
580.667000  3.419093
580.668000  3.420574
580.669000  3.421554
580.670000  3.422111
580.671000  3.421882
580.672000  3.420429
580.673000  3.417476
580.674000  3.412959
580.675000  3.407008
580.676000  3.399953
580.677000  3.392314
580.678000  3.384689
580.679000  3.377386
580.680000  3.370166
580.681000  3.362546
580.682000  3.354232
580.683000  3.345301
580.684000  3.336187
580.685000  3.327627
580.686000  3.320581
580.687000  3.316034
580.688000  3.314608
580.689000  3.316299
580.690000  3.320708
580.691000  3.327373
580.692000  3.335875
580.693000  3.345842
580.694000  3.356941
580.695000  3.368906
580.696000  3.381517
580.697000  3.394405
580.698000  3.406701
580.699000  3.417048
580.700000  3.424050
580.701000  3.426664
580.702000  3.424369
580.703000  3.417244
580.704000  3.405994
580.705000  3.391897
580.706000  3.376490
580.707000  3.360973
580.708000  3.345957
580.709000  3.331837
580.710000  3.319081
580.711000  3.308219
580.712000  3.299758
580.713000  3.294153
580.714000  3.291825
580.715000  3.293074
580.716000  3.297719
580.717000  3.304797
580.718000  3.312849
580.719000  3.320398
580.720000  3.326190
580.721000  3.329295
580.722000  3.329212
580.723000  3.325974
580.724000  3.320130
580.725000  3.312357
580.726000  3.302946
580.727000  3.291902
580.728000  3.279435
580.729000  3.266131
580.730000  3.252863
580.731000  3.240676
580.732000  3.230724
580.733000  3.224180
580.734000  3.221946
580.735000  3.224210
580.736000  3.230431
580.737000  3.239769
580.738000  3.251364
580.739000  3.264380
580.740000  3.278033
580.741000  3.291668
580.742000  3.304847
580.743000  3.317249
580.744000  3.328277
580.745000  3.336890
580.746000  3.342036
580.747000  3.343070
580.748000  3.339871
580.749000  3.332829
580.750000  3.322822
580.751000  3.311161
580.752000  3.299355
580.753000  3.288596
580.754000  3.279408
580.755000  3.271904
580.756000  3.266138
580.757000  3.262169
580.758000  3.260030
580.759000  3.259739
580.760000  3.261358
580.761000  3.264980
580.762000  3.270438
580.763000  3.276978
580.764000  3.283489
580.765000  3.289008
580.766000  3.292951
580.767000  3.295151
580.768000  3.295840
580.769000  3.295641
580.770000  3.295462
580.771000  3.296147
580.772000  3.298006
580.773000  3.300824
580.774000  3.304270
580.775000  3.308127
580.776000  3.312324
580.777000  3.316932
580.778000  3.322191
580.779000  3.328523
580.780000  3.336340
580.781000  3.345584
580.782000  3.355539
580.783000  3.365256
580.784000  3.373987
580.785000  3.381359
580.786000  3.387411
580.787000  3.392628
580.788000  3.397922
580.789000  3.404404
580.790000  3.412824
580.791000  3.423153
580.792000  3.434892
580.793000  3.447532
580.794000  3.460702
580.795000  3.474166
580.796000  3.487832
580.797000  3.501783
580.798000  3.516225
580.799000  3.531155
580.800000  3.545927
580.801000  3.559401
580.802000  3.570493
580.803000  3.578506
580.804000  3.583223
580.805000  3.584924
580.806000  3.584380
580.807000  3.582730
580.808000  3.581042
580.809000  3.579693
580.810000  3.578385
580.811000  3.576733
580.812000  3.574621
580.813000  3.572253
580.814000  3.570121
580.815000  3.568967
580.816000  3.569700
580.817000  3.573097
580.818000  3.579320
580.819000  3.587785
580.820000  3.597576
580.821000  3.607795
580.822000  3.617663
580.823000  3.626563
580.824000  3.634103
580.825000  3.640182
580.826000  3.644892
580.827000  3.648112
580.828000  3.649201
580.829000  3.647378
580.830000  3.642241
580.831000  3.633944
580.832000  3.623150
580.833000  3.610937
580.834000  3.598696
580.835000  3.587935
580.836000  3.579860
580.837000  3.574946
580.838000  3.573070
580.839000  3.573931
580.840000  3.577231
580.841000  3.582697
580.842000  3.590100
580.843000  3.599312
580.844000  3.610330
580.845000  3.623072
580.846000  3.636928
580.847000  3.650679
580.848000  3.662947
580.849000  3.672588
580.850000  3.678820
580.851000  3.681259
580.852000  3.679954
580.853000  3.675392
580.854000  3.668313
580.855000  3.659275
580.856000  3.648443
580.857000  3.635947
580.858000  3.622241
580.859000  3.608129
580.860000  3.594629
580.861000  3.582864
580.862000  3.573981
580.863000  3.569024
580.864000  3.568568
580.865000  3.572357
580.866000  3.579520
580.867000  3.589034
580.868000  3.599927
580.869000  3.611311
580.870000  3.622414
580.871000  3.632672
580.872000  3.641746
580.873000  3.649271
580.874000  3.654484
580.875000  3.656387
580.876000  3.654250
580.877000  3.647848
580.878000  3.637453
580.879000  3.623754
580.880000  3.607785
580.881000  3.590822
580.882000  3.574094
580.883000  3.558339
580.884000  3.543702
580.885000  3.530136
580.886000  3.517721
580.887000  3.506728
580.888000  3.497601
580.889000  3.490952
580.890000  3.487544
580.891000  3.488131
580.892000  3.493011
580.893000  3.501696
580.894000  3.513209
580.895000  3.526538
580.896000  3.540818
580.897000  3.555367
580.898000  3.569738
580.899000  3.583780
580.900000  3.597585
580.901000  3.611125
580.902000  3.623845
580.903000  3.634792
580.904000  3.643086
580.905000  3.648193
580.906000  3.649996
580.907000  3.648831
580.908000  3.645477
580.909000  3.641066
580.910000  3.636706
580.911000  3.632996
580.912000  3.629986
580.913000  3.627556
580.914000  3.625667
580.915000  3.624403
580.916000  3.623986
580.917000  3.624817
580.918000  3.627454
580.919000  3.632335
580.920000  3.639299
580.921000  3.647574
580.922000  3.656270
580.923000  3.664706
580.924000  3.672466
580.925000  3.679373
580.926000  3.685497
580.927000  3.691126
580.928000  3.696569
580.929000  3.701770
580.930000  3.706197
580.931000  3.709240
580.932000  3.710534
580.933000  3.710024
580.934000  3.707922
580.935000  3.704686
580.936000  3.700996
580.937000  3.697636
580.938000  3.695128
580.939000  3.693433
580.940000  3.692161
580.941000  3.690972
580.942000  3.689736
580.943000  3.688532
580.944000  3.687632
580.945000  3.687480
580.946000  3.688597
580.947000  3.691272
580.948000  3.695203
580.949000  3.699598
580.950000  3.703611
580.951000  3.706602
580.952000  3.708225
580.953000  3.708450
580.954000  3.707591
580.955000  3.706252
580.956000  3.705023
580.957000  3.704013
580.958000  3.702831
580.959000  3.701027
580.960000  3.698409
580.961000  3.695110
580.962000  3.691575
580.963000  3.688539
580.964000  3.686934
580.965000  3.687600
580.966000  3.690843
580.967000  3.696343
580.968000  3.703496
580.969000  3.711681
580.970000  3.720328
580.971000  3.728947
580.972000  3.737196
580.973000  3.744941
580.974000  3.752172
580.975000  3.758633
580.976000  3.763559
580.977000  3.765954
580.978000  3.765021
580.979000  3.760350
580.980000  3.751941
580.981000  3.740209
580.982000  3.725965
580.983000  3.710297
580.984000  3.694203
580.985000  3.678203
580.986000  3.662433
580.987000  3.647033
580.988000  3.632313
580.989000  3.618735
580.990000  3.606872
580.991000  3.597399
580.992000  3.591065
580.993000  3.588439
580.994000  3.589460
580.995000  3.593369
580.996000  3.599157
580.997000  3.605923
580.998000  3.612985
580.999000  3.619889
581.000000  3.626420
581.001000  3.632563
581.002000  3.638239
581.003000  3.642886
581.004000  3.645454
581.005000  3.644926
581.006000  3.640706
581.007000  3.632701
581.008000  3.621288
581.009000  3.607234
581.010000  3.591596
581.011000  3.575495
581.011000  3.575495
581.012000  3.559744
581.013000  3.544672
581.014000  3.530357
581.015000  3.516901
581.016000  3.504499
581.017000  3.493432
581.018000  3.484060
581.019000  3.476843
581.020000  3.472290
581.021000  3.470706
581.022000  3.471883
581.023000  3.475171
581.024000  3.479822
581.025000  3.485208
581.026000  3.490880
581.027000  3.496608
581.028000  3.502428
581.029000  3.508652
581.030000  3.515683
581.031000  3.523602
581.032000  3.531953
581.033000  3.540002
581.034000  3.547043
581.035000  3.552531
581.036000  3.556132
581.037000  3.557783
581.038000  3.557757
581.039000  3.556589
581.040000  3.554736
581.041000  3.552200
581.042000  3.548678
581.043000  3.543946
581.044000  3.538027
581.045000  3.531178
581.046000  3.523872
581.047000  3.516806
581.048000  3.510822
581.049000  3.506542
581.050000  3.503925
581.051000  3.502377
581.052000  3.501240
581.053000  3.500073
581.054000  3.498693
581.055000  3.497185
581.056000  3.495896
581.057000  3.495354
581.058000  3.495917
581.059000  3.497331
581.060000  3.498799
581.061000  3.499498
581.062000  3.498924
581.063000  3.496963
581.064000  3.493878
581.065000  3.490268
581.066000  3.486963
581.067000  3.484724
581.068000  3.483799
581.069000  3.483867
581.070000  3.484456
581.071000  3.485247
581.072000  3.486125
581.073000  3.487127
581.074000  3.488398
581.075000  3.490155
581.076000  3.492571
581.077000  3.495497
581.078000  3.498265
581.079000  3.499942
581.080000  3.499722
581.081000  3.497112
581.082000  3.492000
581.083000  3.484669
581.084000  3.475797
581.085000  3.466380
581.086000  3.457402
581.087000  3.449351
581.088000  3.442141
581.089000  3.435498
581.090000  3.429244
581.091000  3.423371
581.092000  3.418046
581.093000  3.413639
581.094000  3.410709
581.095000  3.409782
581.096000  3.410895
581.097000  3.413477
581.098000  3.416759
581.099000  3.420110
581.100000  3.423105
581.101000  3.425510
581.102000  3.427293
581.103000  3.428646
581.104000  3.429848
581.105000  3.430891
581.106000  3.431297
581.107000  3.430460
581.108000  3.427972
581.109000  3.423714
581.110000  3.417840
581.111000  3.410763
581.112000  3.403150
581.113000  3.395798
581.114000  3.389300
581.115000  3.383740
581.116000  3.378867
581.117000  3.374442
581.118000  3.370400
581.119000  3.366846
581.120000  3.364045
581.121000  3.362426
581.122000  3.362563
581.123000  3.364928
581.124000  3.369452
581.125000  3.375486
581.126000  3.382273
581.127000  3.389286
581.128000  3.396299
581.129000  3.403348
581.130000  3.410689
581.131000  3.418752
581.132000  3.427939
581.133000  3.438232
581.134000  3.449003
581.135000  3.459354
581.136000  3.468494
581.137000  3.475896
581.138000  3.481334
581.139000  3.484918
581.140000  3.487128
581.141000  3.488709
581.142000  3.490284
581.143000  3.491936
581.144000  3.493358
581.145000  3.494290
581.146000  3.494729
581.147000  3.494943
581.148000  3.495460
581.149000  3.497049
581.150000  3.500588
581.151000  3.506655
581.152000  3.515097
581.153000  3.525194
581.154000  3.536134
581.155000  3.547229
581.156000  3.557961
581.157000  3.568000
581.158000  3.577253
581.159000  3.585841
581.160000  3.593807
581.161000  3.600712
581.162000  3.605737
581.163000  3.608165
581.164000  3.607653
581.165000  3.604261
581.166000  3.598420
581.167000  3.590903
581.168000  3.582738
581.169000  3.574913
581.170000  3.567938
581.171000  3.561816
581.172000  3.556439
581.173000  3.551840
581.174000  3.548189
581.175000  3.545728
581.176000  3.544741
581.177000  3.545541
581.178000  3.548350
581.179000  3.552994
581.180000  3.558743
581.181000  3.564614
581.182000  3.569751
581.183000  3.573560
581.184000  3.575725
581.185000  3.576209
581.186000  3.575259
581.187000  3.573323
581.188000  3.570764
581.189000  3.567583
581.190000  3.563561
581.191000  3.558582
581.192000  3.552777
581.193000  3.546517
581.194000  3.540391
581.195000  3.535206
581.196000  3.531917
581.197000  3.531343
581.198000  3.533750
581.199000  3.538808
581.200000  3.545926
581.201000  3.554499
581.202000  3.563993
581.203000  3.573999
581.204000  3.584300
581.205000  3.594884
581.206000  3.605754
581.207000  3.616546
581.208000  3.626410
581.209000  3.634362
581.210000  3.639631
581.211000  3.641795
581.212000  3.640810
581.213000  3.637023
581.214000  3.631146
581.215000  3.624074
581.216000  3.616480
581.217000  3.608548
581.218000  3.600190
581.219000  3.591399
581.220000  3.582376
581.221000  3.573527
581.222000  3.565451
581.223000  3.558927
581.224000  3.554796
581.225000  3.553568
581.226000  3.555000
581.227000  3.558272
581.228000  3.562501
581.229000  3.567032
581.230000  3.571503
581.231000  3.575857
581.232000  3.580334
581.233000  3.585371
581.234000  3.591260
581.235000  3.597766
581.236000  3.604198
581.237000  3.609831
581.238000  3.614163
581.239000  3.616972
581.240000  3.618309
581.241000  3.618486
581.242000  3.618006
581.243000  3.617323
581.244000  3.616477
581.245000  3.615076
581.246000  3.612679
581.247000  3.609094
581.248000  3.604455
581.249000  3.599202
581.250000  3.594040
581.251000  3.589862
581.252000  3.587477
581.253000  3.587151
581.254000  3.588481
581.255000  3.590798
581.256000  3.593534
581.257000  3.596341
581.258000  3.599094
581.259000  3.601902
581.260000  3.605072
581.261000  3.608948
581.262000  3.613571
581.263000  3.618466
581.264000  3.622852
581.265000  3.625972
581.266000  3.627238
581.267000  3.626276
581.268000  3.622945
581.269000  3.617365
581.270000  3.609864
581.271000  3.600713
581.272000  3.589826
581.273000  3.576859
581.274000  3.561605
581.275000  3.544215
581.276000  3.525222
581.277000  3.505483
581.278000  3.486123
581.279000  3.468411
581.280000  3.453436
581.281000  3.441707
581.282000  3.433173
581.283000  3.427596
581.284000  3.424764
581.285000  3.424500
581.286000  3.426619
581.287000  3.430923
581.288000  3.437168
581.289000  3.444882
581.290000  3.453014
581.291000  3.459918
581.292000  3.463832
581.293000  3.463361
581.294000  3.457719
581.295000  3.446841
581.296000  3.431402
581.297000  3.412716
581.298000  3.392365
581.299000  3.371645
581.300000  3.351373
581.301000  3.332185
581.302000  3.314779
581.303000  3.299910
581.304000  3.288324
581.305000  3.280718
581.306000  3.277717
581.307000  3.279720
581.308000  3.286561
581.309000  3.297318
581.310000  3.310584
581.311000  3.324820
581.312000  3.338546
581.313000  3.350439
581.314000  3.359463
581.315000  3.364977
581.316000  3.366677
581.317000  3.364235
581.318000  3.357056
581.319000  3.344633
581.320000  3.327023
581.321000  3.304964
581.322000  3.279758
581.323000  3.253093
581.324000  3.226864
581.325000  3.202925
581.326000  3.182723
581.327000  3.167006
581.328000  3.155944
581.329000  3.149408
581.330000  3.147089
581.331000  3.148504
581.332000  3.153029
581.333000  3.159997
581.334000  3.168777
581.335000  3.178629
581.336000  3.188379
581.337000  3.196466
581.338000  3.201453
581.339000  3.202415
581.340000  3.199062
581.341000  3.191715
581.342000  3.181229
581.343000  3.168850
581.344000  3.155900
581.345000  3.143374
581.346000  3.131813
581.347000  3.121582
581.348000  3.113112
581.349000  3.106953
581.350000  3.103735
581.351000  3.104127
581.352000  3.108797
581.353000  3.118283
581.354000  3.132693
581.355000  3.151413
581.356000  3.173235
581.357000  3.196755
581.358000  3.220649
581.359000  3.243833
581.360000  3.265568
581.361000  3.285531
581.362000  3.303718
581.363000  3.320113
581.364000  3.334350
581.365000  3.345835
581.366000  3.354091
581.367000  3.358927
581.368000  3.360467
581.369000  3.359132
581.370000  3.355629
581.371000  3.350860
581.372000  3.345631
581.373000  3.340297
581.374000  3.334777
581.375000  3.328897
581.376000  3.322629
581.377000  3.316160
581.378000  3.309900
581.379000  3.304490
581.380000  3.300734
581.381000  3.299291
581.382000  3.300223
581.383000  3.303006
581.384000  3.306984
581.385000  3.311655
581.386000  3.316698
581.387000  3.321938
581.388000  3.327338
581.389000  3.332982
581.390000  3.338948
581.391000  3.345018
581.392000  3.350556
581.393000  3.354738
581.394000  3.356850
581.395000  3.356423
581.396000  3.353294
581.397000  3.347646
581.398000  3.340043
581.399000  3.331339
581.400000  3.322346
581.401000  3.313444
581.402000  3.304682
581.403000  3.296170
581.404000  3.288274
581.405000  3.281597
581.406000  3.276896
581.407000  3.274994
581.408000  3.276647
581.409000  3.282292
581.410000  3.291762
581.411000  3.304310
581.412000  3.318931
581.413000  3.334594
581.414000  3.350330
581.415000  3.365264
581.416000  3.378664
581.417000  3.389970
581.418000  3.398721
581.419000  3.404317
581.420000  3.405928
581.421000  3.402841
581.422000  3.394848
581.423000  3.382399
581.424000  3.366560
581.425000  3.348886
581.426000  3.331242
581.427000  3.315518
581.428000  3.303209
581.429000  3.295095
581.430000  3.291381
581.431000  3.291990
581.432000  3.296715
581.433000  3.305261
581.434000  3.317290
581.435000  3.332471
581.436000  3.350449
581.437000  3.370593
581.438000  3.391671
581.439000  3.411932
581.440000  3.429558
581.441000  3.443029
581.442000  3.451323
581.443000  3.454025
581.444000  3.451378
581.445000  3.444213
581.446000  3.433689
581.447000  3.420952
581.448000  3.407042
581.449000  3.393007
581.450000  3.379929
581.451000  3.368834
581.452000  3.360612
581.453000  3.355996
581.454000  3.355590
581.455000  3.359831
581.456000  3.368813
581.457000  3.382105
581.458000  3.398878
581.459000  3.418175
581.460000  3.439081
581.461000  3.460803
581.462000  3.482728
581.463000  3.504480
581.464000  3.525861
581.465000  3.546573
581.466000  3.565967
581.467000  3.583214
581.468000  3.597691
581.469000  3.609171
581.470000  3.617819
581.471000  3.624126
581.472000  3.628829
581.473000  3.632797
581.474000  3.636798
581.475000  3.641190
581.476000  3.645871
581.477000  3.650539
581.478000  3.654922
581.479000  3.658856
581.480000  3.662329
581.481000  3.665519
581.482000  3.668813
581.483000  3.672637
581.484000  3.677058
581.485000  3.681607
581.486000  3.685621
581.487000  3.688621
581.488000  3.690431
581.489000  3.691162
581.490000  3.691172
581.491000  3.691008
581.492000  3.691236
581.493000  3.692132
581.494000  3.693504
581.495000  3.694863
581.496000  3.695701
581.497000  3.695628
581.498000  3.694415
581.499000  3.692020
581.500000  3.688617
581.501000  3.684550
581.502000  3.680138
581.503000  3.675410
581.504000  3.670138
581.505000  3.664117
581.506000  3.657387
581.507000  3.650288
581.508000  3.643443
581.509000  3.637716
581.510000  3.634108
581.511000  3.633511
581.511000  3.633511
581.512000  3.636381
581.513000  3.642635
581.514000  3.651838
581.515000  3.663407
581.516000  3.676694
581.517000  3.691037
581.518000  3.705818
581.519000  3.720516
581.520000  3.734657
581.521000  3.747582
581.522000  3.758260
581.523000  3.765493
581.524000  3.768304
581.525000  3.766177
581.526000  3.759138
581.527000  3.747760
581.528000  3.733094
581.529000  3.716457
581.530000  3.699037
581.531000  3.681551
581.532000  3.664339
581.533000  3.647617
581.534000  3.631595
581.535000  3.616475
581.536000  3.602451
581.537000  3.589733
581.538000  3.578526
581.539000  3.568857
581.540000  3.560327
581.541000  3.552116
581.542000  3.543267
581.543000  3.532946
581.544000  3.520563
581.545000  3.505842
581.546000  3.488862
581.547000  3.470043
581.548000  3.449963
581.549000  3.429035
581.550000  3.407376
581.551000  3.385063
581.552000  3.362378
581.553000  3.339858
581.554000  3.318237
581.555000  3.298369
581.556000  3.281160
581.557000  3.267406
581.558000  3.257489
581.559000  3.251167
581.560000  3.247766
581.561000  3.246514
581.562000  3.246696
581.563000  3.247688
581.564000  3.248983
581.565000  3.250247
581.566000  3.251278
581.567000  3.251747
581.568000  3.250932
581.569000  3.247926
581.570000  3.242109
581.571000  3.233408
581.572000  3.222303
581.573000  3.209725
581.574000  3.196912
581.575000  3.185191
581.576000  3.175607
581.577000  3.168554
581.578000  3.163786
581.579000  3.160762
581.580000  3.158923
581.581000  3.157812
581.582000  3.157139
581.583000  3.156820
581.584000  3.156973
581.585000  3.157747
581.586000  3.158981
581.587000  3.160076
581.588000  3.160315
581.589000  3.159230
581.590000  3.156734
581.591000  3.153120
581.592000  3.149008
581.593000  3.145249
581.594000  3.142702
581.595000  3.141895
581.596000  3.142864
581.597000  3.145322
581.598000  3.148836
581.599000  3.152851
581.600000  3.156676
581.601000  3.159547
581.602000  3.160743
581.603000  3.159689
581.604000  3.155881
581.605000  3.148747
581.606000  3.137755
581.607000  3.122712
581.608000  3.103950
581.609000  3.082322
581.610000  3.059126
581.611000  3.035970
581.612000  3.014566
581.613000  2.996343
581.614000  2.982094
581.615000  2.972069
581.616000  2.966323
581.617000  2.964911
581.618000  2.967885
581.619000  2.975255
581.620000  2.986966
581.621000  3.002882
581.622000  3.022696
581.623000  3.045772
581.624000  3.071067
581.625000  3.097273
581.626000  3.123020
581.627000  3.147006
581.628000  3.168115
581.629000  3.185533
581.630000  3.198876
581.631000  3.208189
581.632000  3.213673
581.633000  3.215378
581.634000  3.213304
581.635000  3.207764
581.636000  3.199539
581.637000  3.189819
581.638000  3.180059
581.639000  3.171824
581.640000  3.166580
581.641000  3.165386
581.642000  3.168591
581.643000  3.175849
581.644000  3.186390
581.645000  3.199240
581.646000  3.213344
581.647000  3.227669
581.648000  3.241341
581.649000  3.253732
581.650000  3.264337
581.651000  3.272449
581.652000  3.277087
581.653000  3.277392
581.654000  3.273016
581.655000  3.264253
581.656000  3.252005
581.657000  3.237661
581.658000  3.222893
581.659000  3.209340
581.660000  3.198251
581.661000  3.190364
581.662000  3.186072
581.663000  3.185586
581.664000  3.188988
581.665000  3.196232
581.666000  3.207156
581.667000  3.221486
581.668000  3.238792
581.669000  3.258345
581.670000  3.278965
581.671000  3.299107
581.672000  3.317171
581.673000  3.331797
581.674000  3.342054
581.675000  3.347558
581.676000  3.348513
581.677000  3.345649
581.678000  3.339994
581.679000  3.332573
581.680000  3.324287
581.681000  3.316007
581.682000  3.308645
581.683000  3.303128
581.684000  3.300339
581.685000  3.301069
581.686000  3.305972
581.687000  3.315439
581.688000  3.329356
581.689000  3.346947
581.690000  3.366956
581.691000  3.387971
581.692000  3.408670
581.693000  3.427955
581.694000  3.445061
581.695000  3.459601
581.696000  3.471449
581.697000  3.480388
581.698000  3.485918
581.699000  3.487588
581.700000  3.485377
581.701000  3.479771
581.702000  3.471648
581.703000  3.462120
581.704000  3.452377
581.705000  3.443513
581.706000  3.436270
581.707000  3.430822
581.708000  3.426853
581.709000  3.423816
581.710000  3.421136
581.711000  3.418301
581.712000  3.414933
581.713000  3.410856
581.714000  3.406137
581.715000  3.401026
581.716000  3.395734
581.717000  3.390303
581.718000  3.384764
581.719000  3.379368
581.720000  3.374640
581.721000  3.371314
581.722000  3.370217
581.723000  3.372167
581.724000  3.377872
581.725000  3.387806
581.726000  3.402067
581.727000  3.420279
581.728000  3.441621
581.729000  3.464947
581.730000  3.488888
581.731000  3.511958
581.732000  3.532671
581.733000  3.549703
581.734000  3.562060
581.735000  3.569087
581.736000  3.570310
581.737000  3.565434
581.738000  3.554626
581.739000  3.538748
581.740000  3.519315
581.741000  3.498307
581.742000  3.477911
581.743000  3.460260
581.744000  3.447109
581.745000  3.439557
581.746000  3.437979
581.747000  3.442185
581.748000  3.451559
581.749000  3.465133
581.750000  3.481628
581.751000  3.499535
581.752000  3.517183
581.753000  3.532756
581.754000  3.544258
581.755000  3.549597
581.756000  3.546968
581.757000  3.535289
581.758000  3.514461
581.759000  3.485406
581.760000  3.449895
581.761000  3.410241
581.762000  3.368866
581.763000  3.327917
581.764000  3.289121
581.765000  3.253883
581.766000  3.223378
581.767000  3.198554
581.768000  3.180118
581.769000  3.168523
581.770000  3.163979
581.771000  3.166418
581.772000  3.175397
581.773000  3.190010
581.774000  3.208950
581.775000  3.230656
581.776000  3.253464
581.777000  3.275738
581.778000  3.296027
581.779000  3.313234
581.780000  3.326679
581.781000  3.335949
581.782000  3.340669
581.783000  3.340604
581.784000  3.335950
581.785000  3.327461
581.786000  3.316347
581.787000  3.304092
581.788000  3.292267
581.789000  3.282352
581.790000  3.275537
581.791000  3.272482
581.792000  3.273207
581.793000  3.277210
581.794000  3.283671
581.795000  3.291612
581.796000  3.300016
581.797000  3.307960
581.798000  3.314752
581.799000  3.319965
581.800000  3.323182
581.801000  3.323662
581.802000  3.320462
581.803000  3.312929
581.804000  3.301017
581.805000  3.285333
581.806000  3.267030
581.807000  3.247630
581.808000  3.228773
581.809000  3.211903
581.810000  3.198027
581.811000  3.187688
581.812000  3.181097
581.813000  3.178219
581.814000  3.178821
581.815000  3.182503
581.816000  3.188765
581.817000  3.197032
581.818000  3.206617
581.819000  3.216609
581.820000  3.225855
581.821000  3.233179
581.822000  3.237671
581.823000  3.238905
581.824000  3.237031
581.825000  3.232746
581.826000  3.227135
581.827000  3.221399
581.828000  3.216622
581.829000  3.213727
581.830000  3.213522
581.831000  3.216675
581.832000  3.223644
581.833000  3.234612
581.834000  3.249480
581.835000  3.267872
581.836000  3.289093
581.837000  3.312010
581.838000  3.335055
581.839000  3.356482
581.840000  3.374725
581.841000  3.388671
581.842000  3.397859
581.843000  3.402581
581.844000  3.403827
581.845000  3.402943
581.846000  3.401034
581.847000  3.398738
581.848000  3.396579
581.849000  3.395275
581.850000  3.395724
581.851000  3.398861
581.852000  3.405529
581.853000  3.416388
581.854000  3.431786
581.855000  3.451522
581.856000  3.474621
581.857000  3.499432
581.858000  3.523916
581.859000  3.545877
581.860000  3.563155
581.861000  3.573885
581.862000  3.576812
581.863000  3.571536
581.864000  3.558441
581.865000  3.538263
581.866000  3.511905
581.867000  3.480708
581.868000  3.446596
581.869000  3.411909
581.870000  3.379129
581.871000  3.350652
581.872000  3.328610
581.873000  3.314662
581.874000  3.309723
581.875000  3.313846
581.876000  3.326416
581.877000  3.346394
581.878000  3.372450
581.879000  3.403024
581.880000  3.436402
581.881000  3.470795
581.882000  3.504400
581.883000  3.535313
581.884000  3.561419
581.885000  3.580625
581.886000  3.591422
581.887000  3.593313
581.888000  3.586927
581.889000  3.573870
581.890000  3.556437
581.891000  3.537237
581.892000  3.518771
581.893000  3.503069
581.894000  3.491597
581.895000  3.485374
581.896000  3.485079
581.897000  3.491066
581.898000  3.503359
581.899000  3.521667
581.900000  3.545414
581.901000  3.573698
581.902000  3.605145
581.903000  3.637822
581.904000  3.669431
581.905000  3.697680
581.906000  3.720613
581.907000  3.736854
581.908000  3.745767
581.909000  3.747479
581.910000  3.742725
581.911000  3.732567
581.912000  3.718214
581.913000  3.700995
581.914000  3.682334
581.915000  3.663640
581.916000  3.646192
581.917000  3.631064
581.918000  3.619099
581.919000  3.610860
581.920000  3.606511
581.921000  3.605706
581.922000  3.607677
581.923000  3.611468
581.924000  3.616143
581.925000  3.620937
581.926000  3.625371
581.927000  3.629336
581.928000  3.633027
581.929000  3.636648
581.930000  3.640099
581.931000  3.643085
581.932000  3.645446
581.933000  3.647296
581.934000  3.648975
581.935000  3.650962
581.936000  3.653799
581.937000  3.658016
581.938000  3.664037
581.939000  3.672020
581.940000  3.681727
581.941000  3.692555
581.942000  3.703719
581.943000  3.714422
581.944000  3.723973
581.945000  3.731898
581.946000  3.738057
581.947000  3.742724
581.948000  3.746427
581.949000  3.749463
581.950000  3.751628
581.951000  3.752588
581.952000  3.752293
581.953000  3.751080
581.954000  3.749598
581.955000  3.748717
581.956000  3.749416
581.957000  3.752595
581.958000  3.758768
581.959000  3.767850
581.960000  3.779290
581.961000  3.792297
581.962000  3.805948
581.963000  3.819211
581.964000  3.831003
581.965000  3.840282
581.966000  3.846136
581.967000  3.847730
581.968000  3.844187
581.969000  3.834720
581.970000  3.819004
581.971000  3.797448
581.972000  3.771208
581.973000  3.742042
581.974000  3.712098
581.975000  3.683606
581.976000  3.658490
581.977000  3.638079
581.978000  3.623133
581.979000  3.614020
581.980000  3.610773
581.981000  3.613099
581.982000  3.620397
581.983000  3.631844
581.984000  3.646441
581.985000  3.662951
581.986000  3.679747
581.987000  3.694877
581.988000  3.706409
581.989000  3.712805
581.990000  3.713155
581.991000  3.707300
581.992000  3.695843
581.993000  3.680012
581.994000  3.661289
581.995000  3.641007
581.996000  3.620281
581.997000  3.600243
581.998000  3.582164
581.999000  3.567367
582.000000  3.557087
582.001000  3.552334
582.002000  3.553794
582.003000  3.561702
582.004000  3.575660
582.005000  3.594561
582.006000  3.616792
582.007000  3.640530
582.008000  3.663965
582.009000  3.685468
582.010000  3.703745
582.011000  3.717972
582.011000  3.717972
582.012000  3.727775
582.013000  3.732942
582.014000  3.733153
582.015000  3.728170
582.016000  3.718192
582.017000  3.703962
582.018000  3.686661
582.019000  3.667723
582.020000  3.648679
582.021000  3.630983
582.022000  3.615756
582.023000  3.603504
582.024000  3.594122
582.025000  3.587194
582.026000  3.582232
582.027000  3.578780
582.028000  3.576458
582.029000  3.575025
582.030000  3.574426
582.031000  3.574655
582.032000  3.575368
582.033000  3.575710
582.034000  3.574701
582.035000  3.571670
582.036000  3.566390
582.037000  3.559044
582.038000  3.550164
582.039000  3.540551
582.040000  3.531114
582.041000  3.522554
582.042000  3.515097
582.043000  3.508584
582.044000  3.502739
582.045000  3.497325
582.046000  3.492189
582.047000  3.487293
582.048000  3.482761
582.049000  3.478885
582.050000  3.475925
582.051000  3.473755
582.052000  3.471794
582.053000  3.469369
582.054000  3.466061
582.055000  3.461826
582.056000  3.456998
582.057000  3.452260
582.058000  3.448542
582.059000  3.446779
582.060000  3.447568
582.061000  3.451021
582.062000  3.456908
582.063000  3.464802
582.064000  3.474108
582.065000  3.484090
582.066000  3.493949
582.067000  3.502942
582.068000  3.510426
582.069000  3.515723
582.070000  3.517960
582.071000  3.516213
582.072000  3.509846
582.073000  3.498731
582.074000  3.483293
582.075000  3.464487
582.076000  3.443713
582.077000  3.422609
582.078000  3.402669
582.079000  3.384895
582.080000  3.369866
582.081000  3.358048
582.082000  3.349927
582.083000  3.345975
582.084000  3.346591
582.085000  3.352058
582.086000  3.362490
582.087000  3.377675
582.088000  3.396822
582.089000  3.418492
582.090000  3.440802
582.091000  3.461716
582.092000  3.479263
582.093000  3.491770
582.094000  3.498106
582.095000  3.497881
582.096000  3.491420
582.097000  3.479426
582.098000  3.462622
582.099000  3.441804
582.100000  3.418045
582.101000  3.392731
582.102000  3.367458
582.103000  3.343932
582.104000  3.323881
582.105000  3.308910
582.106000  3.300203
582.107000  3.298194
582.108000  3.302565
582.109000  3.312526
582.110000  3.327062
582.111000  3.345055
582.112000  3.365377
582.113000  3.386990
582.114000  3.408989
582.115000  3.430480
582.116000  3.450249
582.117000  3.466707
582.118000  3.478335
582.119000  3.484141
582.120000  3.483856
582.121000  3.477924
582.122000  3.467403
582.123000  3.453787
582.124000  3.438704
582.125000  3.423509
582.126000  3.409064
582.127000  3.395898
582.128000  3.384430
582.129000  3.375049
582.130000  3.368109
582.131000  3.363906
582.132000  3.362670
582.133000  3.364493
582.134000  3.369105
582.135000  3.375635
582.136000  3.382728
582.137000  3.388949
582.138000  3.393106
582.139000  3.394436
582.140000  3.392690
582.141000  3.388139
582.142000  3.381437
582.143000  3.373319
582.144000  3.364312
582.145000  3.354732
582.146000  3.344864
582.147000  3.335060
582.148000  3.325732
582.149000  3.317316
582.150000  3.310249
582.151000  3.304931
582.152000  3.301605
582.153000  3.300160
582.154000  3.300096
582.155000  3.300774
582.156000  3.301714
582.157000  3.302734
582.158000  3.303972
582.159000  3.305836
582.160000  3.308885
582.161000  3.313581
582.162000  3.319961
582.163000  3.327555
582.164000  3.335679
582.165000  3.343721
582.166000  3.351262
582.167000  3.358051
582.168000  3.363971
582.169000  3.368989
582.170000  3.373075
582.171000  3.376045
582.172000  3.377420
582.173000  3.376551
582.174000  3.372932
582.175000  3.366428
582.176000  3.357329
582.177000  3.346337
582.178000  3.334509
582.179000  3.323147
582.180000  3.313484
582.181000  3.306252
582.182000  3.301617
582.183000  3.299560
582.184000  3.300151
582.185000  3.303569
582.186000  3.310020
582.187000  3.319668
582.188000  3.332579
582.189000  3.348602
582.190000  3.367140
582.191000  3.387032
582.192000  3.406729
582.193000  3.424580
582.194000  3.439017
582.195000  3.448694
582.196000  3.452647
582.197000  3.450462
582.198000  3.442325
582.199000  3.428806
582.200000  3.410579
582.201000  3.388477
582.202000  3.363727
582.203000  3.337972
582.204000  3.313075
582.205000  3.290906
582.206000  3.273172
582.207000  3.261277
582.208000  3.256136
582.209000  3.258019
582.210000  3.266627
582.211000  3.281317
582.212000  3.301233
582.213000  3.325360
582.214000  3.352562
582.215000  3.381636
582.216000  3.411356
582.217000  3.440400
582.218000  3.467189
582.219000  3.489939
582.220000  3.507014
582.221000  3.517311
582.222000  3.520458
582.223000  3.516857
582.224000  3.507599
582.225000  3.494268
582.226000  3.478621
582.227000  3.462227
582.228000  3.446330
582.229000  3.431959
582.230000  3.420020
582.231000  3.411291
582.232000  3.406364
582.233000  3.405633
582.234000  3.409309
582.235000  3.417405
582.236000  3.429599
582.237000  3.445088
582.238000  3.462664
582.239000  3.480953
582.240000  3.498616
582.241000  3.514486
582.242000  3.527684
582.243000  3.537725
582.244000  3.544511
582.245000  3.548139
582.246000  3.548671
582.247000  3.546191
582.248000  3.541003
582.249000  3.533690
582.250000  3.525039
582.251000  3.515938
582.252000  3.507316
582.253000  3.500076
582.254000  3.494956
582.255000  3.492298
582.256000  3.491939
582.257000  3.493373
582.258000  3.495958
582.259000  3.499047
582.260000  3.502071
582.261000  3.504625
582.262000  3.506527
582.263000  3.507765
582.264000  3.508220
582.265000  3.507466
582.266000  3.504968
582.267000  3.500424
582.268000  3.493901
582.269000  3.485832
582.270000  3.476971
582.271000  3.468325
582.272000  3.461004
582.273000  3.455951
582.274000  3.453657
582.275000  3.454130
582.276000  3.457024
582.277000  3.461772
582.278000  3.467679
582.279000  3.474045
582.280000  3.480303
582.281000  3.486119
582.282000  3.491295
582.283000  3.495500
582.284000  3.498185
582.285000  3.498826
582.286000  3.497193
582.287000  3.493436
582.288000  3.488061
582.289000  3.481885
582.290000  3.475933
582.291000  3.471207
582.292000  3.468389
582.293000  3.467725
582.294000  3.469181
582.295000  3.472588
582.296000  3.477682
582.297000  3.484097
582.298000  3.491373
582.299000  3.498969
582.300000  3.506229
582.301000  3.512272
582.302000  3.515968
582.303000  3.516188
582.304000  3.512163
582.305000  3.503703
582.306000  3.491263
582.307000  3.475882
582.308000  3.459036
582.309000  3.442382
582.310000  3.427374
582.311000  3.414983
582.312000  3.405756
582.313000  3.400079
582.314000  3.398317
582.315000  3.400821
582.316000  3.407885
582.317000  3.419684
582.318000  3.436182
582.319000  3.456973
582.320000  3.481067
582.321000  3.506831
582.322000  3.532202
582.323000  3.555006
582.324000  3.573238
582.325000  3.585296
582.326000  3.590192
582.327000  3.587683
582.328000  3.578225
582.329000  3.562670
582.330000  3.541928
582.331000  3.516956
582.332000  3.488940
582.333000  3.459366
582.334000  3.429943
582.335000  3.402491
582.336000  3.378819
582.337000  3.360590
582.338000  3.349108
582.339000  3.345092
582.340000  3.348639
582.341000  3.359363
582.342000  3.376517
582.343000  3.399056
582.344000  3.425706
582.345000  3.455084
582.346000  3.485810
582.347000  3.516502
582.348000  3.545583
582.349000  3.571185
582.350000  3.591437
582.351000  3.604868
582.352000  3.610662
582.353000  3.608750
582.354000  3.599784
582.355000  3.585013
582.356000  3.566012
582.357000  3.544340
582.358000  3.521372
582.359000  3.498355
582.360000  3.476497
582.361000  3.456935
582.362000  3.440656
582.363000  3.428451
582.364000  3.420883
582.365000  3.418254
582.366000  3.420498
582.367000  3.427087
582.368000  3.437137
582.369000  3.449638
582.370000  3.463623
582.371000  3.478239
582.372000  3.492759
582.373000  3.506579
582.374000  3.519163
582.375000  3.529914
582.376000  3.538106
582.377000  3.543038
582.378000  3.544293
582.379000  3.541870
582.380000  3.536174
582.381000  3.527929
582.382000  3.518080
582.383000  3.507676
582.384000  3.497720
582.385000  3.488951
582.386000  3.481682
582.387000  3.475885
582.388000  3.471397
582.389000  3.468091
582.390000  3.465964
582.391000  3.465193
582.392000  3.466141
582.393000  3.469233
582.394000  3.474609
582.395000  3.481802
582.396000  3.489894
582.397000  3.497929
582.398000  3.505158
582.399000  3.511122
582.400000  3.515670
582.401000  3.518960
582.402000  3.521379
582.403000  3.523359
582.404000  3.525146
582.405000  3.526732
582.406000  3.527970
582.407000  3.528664
582.408000  3.528630
582.409000  3.527738
582.410000  3.526002
582.411000  3.523640
582.412000  3.521012
582.413000  3.518364
582.414000  3.515628
582.415000  3.512579
582.416000  3.509083
582.417000  3.505221
582.418000  3.501301
582.419000  3.497857
582.420000  3.495609
582.421000  3.495322
582.422000  3.497551
582.423000  3.502473
582.424000  3.509994
582.425000  3.519892
582.426000  3.531847
582.427000  3.545387
582.428000  3.559867
582.429000  3.574488
582.430000  3.588343
582.431000  3.600422
582.432000  3.609591
582.433000  3.614725
582.434000  3.615003
582.435000  3.610160
582.436000  3.600580
582.437000  3.587244
582.438000  3.571603
582.439000  3.555384
582.440000  3.540263
582.441000  3.527436
582.442000  3.517472
582.443000  3.510563
582.444000  3.506816
582.445000  3.506366
582.446000  3.509356
582.447000  3.515899
582.448000  3.526015
582.449000  3.539489
582.450000  3.555612
582.451000  3.573035
582.452000  3.590008
582.453000  3.604750
582.454000  3.615693
582.455000  3.621642
582.456000  3.621906
582.457000  3.616390
582.458000  3.605588
582.459000  3.590353
582.460000  3.571583
582.461000  3.550161
582.462000  3.527094
582.463000  3.503550
582.464000  3.480779
582.465000  3.460025
582.466000  3.442463
582.467000  3.429140
582.468000  3.420833
582.469000  3.417809
582.470000  3.419734
582.471000  3.425854
582.472000  3.435238
582.473000  3.446904
582.474000  3.459913
582.475000  3.473464
582.476000  3.486987
582.477000  3.500121
582.478000  3.512462
582.479000  3.523314
582.480000  3.531836
582.481000  3.537353
582.482000  3.539512
582.483000  3.538287
582.484000  3.533952
582.485000  3.527050
582.486000  3.518301
582.487000  3.508413
582.488000  3.497897
582.489000  3.487101
582.490000  3.476362
582.491000  3.466058
582.492000  3.456580
582.493000  3.448313
582.494000  3.441655
582.495000  3.437016
582.496000  3.434697
582.497000  3.434604
582.498000  3.436138
582.499000  3.438436
582.500000  3.440668
582.501000  3.442213
582.502000  3.442737
582.503000  3.442205
582.504000  3.440827
582.505000  3.438876
582.506000  3.436436
582.507000  3.433335
582.508000  3.429318
582.509000  3.424213
582.510000  3.417992
582.511000  3.410776
