514.710000   -1.511268
514.711000   -1.496147
514.712000   -1.479929
514.713000   -1.463109
514.714000   -1.446293
514.715000   -1.430147
514.716000   -1.415292
514.717000   -1.402231
514.718000   -1.391299
514.719000   -1.382670
514.720000   -1.376394
514.721000   -1.372459
514.722000   -1.370849
514.723000   -1.371598
514.724000   -1.374787
514.725000   -1.380476
514.726000   -1.388592
514.727000   -1.398866
514.728000   -1.410831
514.729000   -1.423864
514.730000   -1.437237
514.731000   -1.450186
514.731000   -1.450186
514.732000   -1.462007
514.733000   -1.472181
514.734000   -1.480433
514.735000   -1.486674
514.736000   -1.490907
514.737000   -1.493167
514.738000   -1.493495
514.739000   -1.491911
514.740000   -1.488407
514.741000   -1.482985
514.742000   -1.475815
514.743000   -1.467361
514.744000   -1.458325
514.745000   -1.449457
514.746000   -1.441397
514.747000   -1.434577
514.748000   -1.429183
514.749000   -1.425138
514.750000   -1.422162
514.751000   -1.419955
514.752000   -1.418412
514.753000   -1.417687
514.754000   -1.418036
514.755000   -1.419620
514.756000   -1.422402
514.757000   -1.426114
514.758000   -1.430250
514.759000   -1.434130
514.760000   -1.437046
514.761000   -1.438510
514.762000   -1.438386
514.763000   -1.436799
514.764000   -1.433942
514.765000   -1.429959
514.766000   -1.424926
514.767000   -1.418848
514.768000   -1.411691
514.769000   -1.403455
514.770000   -1.394311
514.771000   -1.384696
514.772000   -1.375248
514.773000   -1.366635
514.774000   -1.359435
514.775000   -1.354072
514.776000   -1.350789
514.777000   -1.349637
514.778000   -1.350498
514.779000   -1.353198
514.780000   -1.357636
514.781000   -1.363834
514.782000   -1.371871
514.783000   -1.381798
514.784000   -1.393577
514.785000   -1.407042
514.786000   -1.421870
514.787000   -1.437581
514.788000   -1.453609
514.789000   -1.469425
514.790000   -1.484653
514.791000   -1.499086
514.792000   -1.512630
514.793000   -1.525238
514.794000   -1.536838
514.795000   -1.547299
514.796000   -1.556423
514.797000   -1.563991
514.798000   -1.569855
514.799000   -1.574045
514.800000   -1.576805
514.801000   -1.578556
514.802000   -1.579812
514.803000   -1.581072
514.804000   -1.582724
514.805000   -1.584983
514.806000   -1.587885
514.807000   -1.591348
514.808000   -1.595259
514.809000   -1.599565
514.810000   -1.604289
514.811000   -1.609498
514.812000   -1.615246
514.813000   -1.621478
514.814000   -1.627964
514.815000   -1.634290
514.816000   -1.639904
514.817000   -1.644209
514.818000   -1.646680
514.819000   -1.646947
514.820000   -1.644830
514.821000   -1.640338
514.822000   -1.633608
514.823000   -1.624820
514.824000   -1.614136
514.825000   -1.601690
514.826000   -1.587608
514.827000   -1.572082
514.828000   -1.555437
514.829000   -1.538177
514.830000   -1.520964
514.831000   -1.504529
514.832000   -1.489535
514.833000   -1.476466
514.834000   -1.465570
514.835000   -1.456873
514.836000   -1.450239
514.837000   -1.445486
514.838000   -1.442510
514.839000   -1.441371
514.840000   -1.442272
514.841000   -1.445433
514.842000   -1.450955
514.843000   -1.458740
514.844000   -1.468472
514.845000   -1.479646
514.846000   -1.491653
514.847000   -1.503905
514.848000   -1.515974
514.849000   -1.527639
514.850000   -1.538820
514.851000   -1.549463
514.852000   -1.559464
514.853000   -1.568644
514.854000   -1.576762
514.855000   -1.583545
514.856000   -1.588768
514.857000   -1.592370
514.858000   -1.594541
514.859000   -1.595694
514.860000   -1.596346
514.861000   -1.597002
514.862000   -1.598081
514.863000   -1.599867
514.864000   -1.602485
514.865000   -1.605924
514.866000   -1.610130
514.867000   -1.615126
514.868000   -1.621038
514.869000   -1.627998
514.870000   -1.636025
514.871000   -1.644957
514.872000   -1.654422
514.873000   -1.663855
514.874000   -1.672564
514.875000   -1.679864
514.876000   -1.685247
514.877000   -1.688489
514.878000   -1.689591
514.879000   -1.688638
514.880000   -1.685700
514.881000   -1.680804
514.882000   -1.673924
514.883000   -1.665007
514.884000   -1.654022
514.885000   -1.641071
514.886000   -1.626493
514.887000   -1.610862
514.888000   -1.594854
514.889000   -1.579092
514.890000   -1.564068
514.891000   -1.550108
514.892000   -1.537377
514.893000   -1.525893
514.894000   -1.515604
514.895000   -1.506511
514.896000   -1.498785
514.897000   -1.492741
514.898000   -1.488702
514.899000   -1.486872
514.900000   -1.487269
514.901000   -1.489712
514.902000   -1.493861
514.903000   -1.499289
514.904000   -1.505597
514.905000   -1.512527
514.906000   -1.519985
514.907000   -1.527959
514.908000   -1.536406
514.909000   -1.545174
514.910000   -1.553990
514.911000   -1.562488
514.912000   -1.570291
514.913000   -1.577130
514.914000   -1.582957
514.915000   -1.587965
514.916000   -1.592524
514.917000   -1.597063
514.918000   -1.601985
514.919000   -1.607617
514.920000   -1.614199
514.921000   -1.621915
514.922000   -1.630938
514.923000   -1.641490
514.924000   -1.653827
514.925000   -1.668169
514.926000   -1.684598
514.927000   -1.703007
514.928000   -1.723080
514.929000   -1.744308
514.930000   -1.766010
514.931000   -1.787402
514.932000   -1.807686
514.933000   -1.826133
514.934000   -1.842129
514.935000   -1.855163
514.936000   -1.864818
514.937000   -1.870767
514.938000   -1.872791
514.939000   -1.870797
514.940000   -1.864847
514.941000   -1.855200
514.942000   -1.842326
514.943000   -1.826867
514.944000   -1.809542
514.945000   -1.791060
514.946000   -1.772049
514.947000   -1.753031
514.948000   -1.734407
514.949000   -1.716483
514.950000   -1.699517
514.951000   -1.683777
514.952000   -1.669548
514.953000   -1.657080
514.954000   -1.646521
514.955000   -1.637877
514.956000   -1.631004
514.957000   -1.625639
514.958000   -1.621457
514.959000   -1.618162
514.960000   -1.615564
514.961000   -1.613597
514.962000   -1.612252
514.963000   -1.611488
514.964000   -1.611175
514.965000   -1.611085
514.966000   -1.610911
514.967000   -1.610320
514.968000   -1.609039
514.969000   -1.606954
514.970000   -1.604171
514.971000   -1.600967
514.972000   -1.597690
514.973000   -1.594652
514.974000   -1.592081
514.975000   -1.590105
514.976000   -1.588774
514.977000   -1.588126
514.978000   -1.588297
514.979000   -1.589587
514.980000   -1.592421
514.981000   -1.597214
514.982000   -1.604243
514.983000   -1.613592
514.984000   -1.625141
514.985000   -1.638589
514.986000   -1.653508
514.987000   -1.669433
514.988000   -1.685981
514.989000   -1.702912
514.990000   -1.720082
514.991000   -1.737339
514.992000   -1.754437
514.993000   -1.771007
514.994000   -1.786557
514.995000   -1.800515
514.996000   -1.812321
514.997000   -1.821579
514.998000   -1.828184
514.999000   -1.832316
515.000000   -1.834321
515.001000   -1.834562
515.002000   -1.833325
515.003000   -1.830777
515.004000   -1.826969
515.005000   -1.821879
515.006000   -1.815516
515.007000   -1.808030
515.008000   -1.799744
515.009000   -1.791061
515.010000   -1.782317
515.011000   -1.773679
515.012000   -1.765117
515.013000   -1.756433
515.014000   -1.747313
515.015000   -1.737419
515.016000   -1.726511
515.017000   -1.714539
515.018000   -1.701632
515.019000   -1.687999
515.020000   -1.673832
515.021000   -1.659265
515.022000   -1.644365
515.023000   -1.629148
515.024000   -1.613593
515.025000   -1.597708
515.026000   -1.581623
515.027000   -1.565636
515.028000   -1.550172
515.029000   -1.535696
515.030000   -1.522635
515.031000   -1.511321
515.032000   -1.501960
515.033000   -1.494631
515.034000   -1.489318
515.035000   -1.486013
515.036000   -1.484796
515.037000   -1.485843
515.038000   -1.489355
515.039000   -1.495455
515.040000   -1.504108
515.041000   -1.515071
515.042000   -1.527890
515.043000   -1.541966
515.044000   -1.556679
515.045000   -1.571539
515.046000   -1.586255
515.047000   -1.600672
515.048000   -1.614656
515.049000   -1.627998
515.050000   -1.640388
515.051000   -1.651419
515.052000   -1.660637
515.053000   -1.667640
515.054000   -1.672234
515.055000   -1.674516
515.056000   -1.674823
515.057000   -1.673591
515.058000   -1.671256
515.059000   -1.668211
515.060000   -1.664774
515.061000   -1.661165
515.062000   -1.657509
515.063000   -1.653914
515.064000   -1.650573
515.065000   -1.647811
515.066000   -1.646013
515.067000   -1.645500
515.068000   -1.646437
515.069000   -1.648788
515.070000   -1.652297
515.071000   -1.656508
515.072000   -1.660824
515.073000   -1.664636
515.074000   -1.667453
515.075000   -1.668956
515.076000   -1.668957
515.077000   -1.667314
515.078000   -1.663862
515.079000   -1.658401
515.080000   -1.650708
515.081000   -1.640566
515.082000   -1.627824
515.083000   -1.612514
515.084000   -1.594954
515.085000   -1.575766
515.086000   -1.555762
515.087000   -1.535777
515.088000   -1.516550
515.089000   -1.498667
515.090000   -1.482539
515.091000   -1.468423
515.092000   -1.456506
515.093000   -1.447026
515.094000   -1.440363
515.095000   -1.437009
515.096000   -1.437413
515.097000   -1.441826
515.098000   -1.450214
515.099000   -1.462243
515.100000   -1.477297
515.101000   -1.494560
515.102000   -1.513165
515.103000   -1.532396
515.104000   -1.551787
515.105000   -1.571041
515.106000   -1.589862
515.107000   -1.607869
515.108000   -1.624582
515.109000   -1.639459
515.110000   -1.651944
515.111000   -1.661549
515.112000   -1.667994
515.113000   -1.671325
515.114000   -1.671918
515.115000   -1.670342
515.116000   -1.667191
515.117000   -1.662993
515.118000   -1.658164
515.119000   -1.652977
515.120000   -1.647563
515.121000   -1.641980
515.122000   -1.636364
515.123000   -1.631064
515.124000   -1.626576
515.125000   -1.623338
515.126000   -1.621571
515.127000   -1.621226
515.128000   -1.621990
515.129000   -1.623332
515.130000   -1.624579
515.131000   -1.625085
515.132000   -1.624413
515.133000   -1.622428
515.134000   -1.619194
515.135000   -1.614820
515.136000   -1.609367
515.137000   -1.602825
515.138000   -1.595111
515.139000   -1.586098
515.140000   -1.575675
515.141000   -1.563862
515.142000   -1.550923
515.143000   -1.537337
515.144000   -1.523649
515.145000   -1.510342
515.146000   -1.497777
515.147000   -1.486182
515.148000   -1.475676
515.149000   -1.466311
515.150000   -1.458147
515.151000   -1.451323
515.152000   -1.446093
515.153000   -1.442806
515.154000   -1.441822
515.155000   -1.443442
515.156000   -1.447839
515.157000   -1.455029
515.158000   -1.464866
515.159000   -1.477065
515.160000   -1.491301
515.161000   -1.507351
515.162000   -1.525157
515.163000   -1.544725
515.164000   -1.565968
515.165000   -1.588610
515.166000   -1.612162
515.167000   -1.635925
515.168000   -1.659040
515.169000   -1.680601
515.170000   -1.699879
515.171000   -1.716533
515.172000   -1.730623
515.173000   -1.742450
515.174000   -1.752386
515.175000   -1.760766
515.176000   -1.767823
515.177000   -1.773640
515.178000   -1.778159
515.179000   -1.781319
515.180000   -1.783283
515.181000   -1.784523
515.182000   -1.785657
515.183000   -1.787230
515.184000   -1.789591
515.185000   -1.792844
515.186000   -1.796833
515.187000   -1.801177
515.188000   -1.805373
515.189000   -1.808991
515.190000   -1.811836
515.191000   -1.813925
515.192000   -1.815335
515.193000   -1.816067
515.194000   -1.815978
515.195000   -1.814772
515.196000   -1.812016
515.197000   -1.807189
515.198000   -1.799806
515.199000   -1.789603
515.200000   -1.776651
515.201000   -1.761295
515.202000   -1.744008
515.203000   -1.725274
515.204000   -1.705529
515.205000   -1.685123
515.206000   -1.664312
515.207000   -1.643295
515.208000   -1.622326
515.209000   -1.601848
515.210000   -1.582502
515.211000   -1.565008
515.212000   -1.550012
515.213000   -1.537990
515.214000   -1.529190
515.215000   -1.523618
515.216000   -1.521050
515.217000   -1.521113
515.218000   -1.523425
515.219000   -1.527710
515.220000   -1.533786
515.221000   -1.541459
515.222000   -1.550437
515.223000   -1.560294
515.224000   -1.570475
515.225000   -1.580344
515.226000   -1.589256
515.227000   -1.596681
515.228000   -1.602346
515.229000   -1.606274
515.230000   -1.608701
515.231000   -1.609929
515.231000   -1.609929
515.232000   -1.610221
515.233000   -1.609736
515.234000   -1.608525
515.235000   -1.606562
515.236000   -1.603834
515.237000   -1.600459
515.238000   -1.596745
515.239000   -1.593122
515.240000   -1.589996
515.241000   -1.587627
515.242000   -1.586072
515.243000   -1.585198
515.244000   -1.584724
515.245000   -1.584307
515.246000   -1.583650
515.247000   -1.582590
515.248000   -1.581126
515.249000   -1.579345
515.250000   -1.577327
515.251000   -1.575069
515.252000   -1.572462
515.253000   -1.569303
515.254000   -1.565329
515.255000   -1.560294
515.256000   -1.554061
515.257000   -1.546657
515.258000   -1.538261
515.259000   -1.529111
515.260000   -1.519423
515.261000   -1.509343
515.262000   -1.498936
515.263000   -1.488207
515.264000   -1.477158
515.265000   -1.465871
515.266000   -1.454591
515.267000   -1.443729
515.268000   -1.433794
515.269000   -1.425267
515.270000   -1.418511
515.271000   -1.413723
515.272000   -1.410928
515.273000   -1.410017
515.274000   -1.410808
515.275000   -1.413118
515.276000   -1.416800
515.277000   -1.421720
515.278000   -1.427684
515.279000   -1.434396
515.280000   -1.441459
515.281000   -1.448426
515.282000   -1.454855
515.283000   -1.460361
515.284000   -1.464652
515.285000   -1.467543
515.286000   -1.468952
515.287000   -1.468872
515.288000   -1.467358
515.289000   -1.464542
515.290000   -1.460649
515.291000   -1.456005
515.292000   -1.451012
515.293000   -1.446115
515.294000   -1.441770
515.295000   -1.438433
515.296000   -1.436530
515.297000   -1.436421
515.298000   -1.438366
515.299000   -1.442503
515.300000   -1.448842
515.301000   -1.457261
515.302000   -1.467526
515.303000   -1.479317
515.304000   -1.492266
515.305000   -1.505968
515.306000   -1.519970
515.307000   -1.533759
515.308000   -1.546767
515.309000   -1.558406
515.310000   -1.568104
515.311000   -1.575352
515.312000   -1.579748
515.313000   -1.581032
515.314000   -1.579103
515.315000   -1.574001
515.316000   -1.565892
515.317000   -1.555054
515.318000   -1.541859
515.319000   -1.526760
515.320000   -1.510289
515.321000   -1.493047
515.322000   -1.475719
515.323000   -1.459065
515.324000   -1.443874
515.325000   -1.430888
515.326000   -1.420707
515.327000   -1.413728
515.328000   -1.410101
515.329000   -1.409751
515.330000   -1.412427
515.331000   -1.417787
515.332000   -1.425462
515.333000   -1.435077
515.334000   -1.446231
515.335000   -1.458466
515.336000   -1.471266
515.337000   -1.484066
515.338000   -1.496282
515.339000   -1.507357
515.340000   -1.516828
515.341000   -1.524373
515.342000   -1.529834
515.343000   -1.533206
515.344000   -1.534609
515.345000   -1.534267
515.346000   -1.532470
515.347000   -1.529542
515.348000   -1.525814
515.349000   -1.521644
515.350000   -1.517457
515.351000   -1.513773
515.352000   -1.511162
515.353000   -1.510168
515.354000   -1.511236
515.355000   -1.514659
515.356000   -1.520533
515.357000   -1.528763
515.358000   -1.539111
515.359000   -1.551303
515.360000   -1.565101
515.361000   -1.580303
515.362000   -1.596673
515.363000   -1.613874
515.364000   -1.631438
515.365000   -1.648801
515.366000   -1.665349
515.367000   -1.680501
515.368000   -1.693798
515.369000   -1.704981
515.370000   -1.714002
515.371000   -1.720945
515.372000   -1.725928
515.373000   -1.729041
515.374000   -1.730323
515.375000   -1.729764
515.376000   -1.727342
515.377000   -1.723065
515.378000   -1.717076
515.379000   -1.709716
515.380000   -1.701522
515.381000   -1.693122
515.382000   -1.685134
515.383000   -1.678080
515.384000   -1.672350
515.385000   -1.668177
515.386000   -1.665665
515.387000   -1.664895
515.388000   -1.666045
515.389000   -1.669431
515.390000   -1.675411
515.391000   -1.684248
515.392000   -1.695999
515.393000   -1.710461
515.394000   -1.727180
515.395000   -1.745509
515.396000   -1.764731
515.397000   -1.784229
515.398000   -1.803588
515.399000   -1.822560
515.400000   -1.840951
515.401000   -1.858539
515.402000   -1.875045
515.403000   -1.890149
515.404000   -1.903513
515.405000   -1.914842
515.406000   -1.923993
515.407000   -1.931087
515.408000   -1.936507
515.409000   -1.940763
515.410000   -1.944332
515.411000   -1.947562
515.412000   -1.950626
515.413000   -1.953506
515.414000   -1.956028
515.415000   -1.957974
515.416000   -1.959262
515.417000   -1.960044
515.418000   -1.960649
515.419000   -1.961422
515.420000   -1.962612
515.421000   -1.964314
515.422000   -1.966449
515.423000   -1.968766
515.424000   -1.970918
515.425000   -1.972634
515.426000   -1.973904
515.427000   -1.974984
515.428000   -1.976176
515.429000   -1.977596
515.430000   -1.979079
515.431000   -1.980183
515.432000   -1.980252
515.433000   -1.978508
515.434000   -1.974229
515.435000   -1.966981
515.436000   -1.956782
515.437000   -1.944025
515.438000   -1.929265
515.439000   -1.913059
515.440000   -1.895904
515.441000   -1.878210
515.442000   -1.860284
515.443000   -1.842348
515.444000   -1.824632
515.445000   -1.807518
515.446000   -1.791559
515.447000   -1.777321
515.448000   -1.765213
515.449000   -1.755406
515.450000   -1.747827
515.451000   -1.742164
515.452000   -1.737898
515.453000   -1.734440
515.454000   -1.731413
515.455000   -1.728886
515.456000   -1.727281
515.457000   -1.727081
515.458000   -1.728615
515.459000   -1.731986
515.460000   -1.737054
515.461000   -1.743425
515.462000   -1.750506
515.463000   -1.757708
515.464000   -1.764788
515.465000   -1.772005
515.466000   -1.779870
515.467000   -1.788793
515.468000   -1.798906
515.469000   -1.810042
515.470000   -1.821776
515.471000   -1.833468
515.472000   -1.844356
515.473000   -1.853756
515.474000   -1.861324
515.475000   -1.867144
515.476000   -1.871528
515.477000   -1.874761
515.478000   -1.876974
515.479000   -1.878126
515.480000   -1.878018
515.481000   -1.876309
515.482000   -1.872597
515.483000   -1.866595
515.484000   -1.858285
515.485000   -1.847870
515.486000   -1.835606
515.487000   -1.821687
515.488000   -1.806215
515.489000   -1.789188
515.490000   -1.770498
515.491000   -1.749953
515.492000   -1.727425
515.493000   -1.703081
515.494000   -1.677487
515.495000   -1.651448
515.496000   -1.625752
515.497000   -1.601013
515.498000   -1.577599
515.499000   -1.555591
515.500000   -1.534787
515.501000   -1.514819
515.502000   -1.495411
515.503000   -1.476625
515.504000   -1.458854
515.505000   -1.442593
515.506000   -1.428249
515.507000   -1.416078
515.508000   -1.406174
515.509000   -1.398466
515.510000   -1.392745
515.511000   -1.388770
515.512000   -1.386434
515.513000   -1.385848
515.514000   -1.387240
515.515000   -1.390795
515.516000   -1.396553
515.517000   -1.404397
515.518000   -1.414054
515.519000   -1.425109
515.520000   -1.437042
515.521000   -1.449322
515.522000   -1.461527
515.523000   -1.473402
515.524000   -1.484833
515.525000   -1.495803
515.526000   -1.506349
515.527000   -1.516525
515.528000   -1.526362
515.529000   -1.535832
515.530000   -1.544867
515.531000   -1.553461
515.532000   -1.561792
515.533000   -1.570212
515.534000   -1.579115
515.535000   -1.588774
515.536000   -1.599240
515.537000   -1.610294
515.538000   -1.621448
515.539000   -1.632023
515.540000   -1.641304
515.541000   -1.648735
515.542000   -1.654016
515.543000   -1.657042
515.544000   -1.657790
515.545000   -1.656239
515.546000   -1.652343
515.547000   -1.646023
515.548000   -1.637198
515.549000   -1.625861
515.550000   -1.612194
515.551000   -1.596624
515.552000   -1.579754
515.553000   -1.562212
515.554000   -1.544536
515.555000   -1.527126
515.556000   -1.510243
515.557000   -1.494037
515.558000   -1.478624
515.559000   -1.464209
515.560000   -1.451164
515.561000   -1.439982
515.562000   -1.431131
515.563000   -1.424944
515.564000   -1.421573
515.565000   -1.420988
515.566000   -1.423005
515.567000   -1.427353
515.568000   -1.433775
515.569000   -1.442106
515.570000   -1.452267
515.571000   -1.464166
515.572000   -1.477595
515.573000   -1.492188
515.574000   -1.507416
515.575000   -1.522632
515.576000   -1.537153
515.577000   -1.550372
515.578000   -1.561878
515.579000   -1.571493
515.580000   -1.579238
515.581000   -1.585255
515.582000   -1.589755
515.583000   -1.592985
515.584000   -1.595204
515.585000   -1.596673
515.586000   -1.597657
515.587000   -1.598448
515.588000   -1.599355
515.589000   -1.600660
515.590000   -1.602557
515.591000   -1.605112
515.592000   -1.608251
515.593000   -1.611777
515.594000   -1.615395
515.595000   -1.618767
515.596000   -1.621592
515.597000   -1.623671
515.598000   -1.624916
515.599000   -1.625312
515.600000   -1.624870
515.601000   -1.623586
515.602000   -1.621423
515.603000   -1.618309
515.604000   -1.614176
515.605000   -1.609042
515.606000   -1.603095
515.607000   -1.596685
515.608000   -1.590213
515.609000   -1.584017
515.610000   -1.578304
515.611000   -1.573124
515.612000   -1.568368
515.613000   -1.563813
515.614000   -1.559249
515.615000   -1.554663
515.616000   -1.550305
515.617000   -1.546571
515.618000   -1.543823
515.619000   -1.542291
515.620000   -1.542059
515.621000   -1.543058
515.622000   -1.545098
515.623000   -1.547948
515.624000   -1.551522
515.625000   -1.556005
515.626000   -1.561761
515.627000   -1.569105
515.628000   -1.578160
515.629000   -1.588805
515.630000   -1.600681
515.631000   -1.613211
515.632000   -1.625677
515.633000   -1.637398
515.634000   -1.647930
515.635000   -1.657113
515.636000   -1.664933
515.637000   -1.671368
515.638000   -1.676336
515.639000   -1.679685
515.640000   -1.681203
515.641000   -1.680648
515.642000   -1.677844
515.643000   -1.672851
515.644000   -1.666053
515.645000   -1.658047
515.646000   -1.649430
515.647000   -1.640655
515.648000   -1.631981
515.649000   -1.623457
515.650000   -1.614933
515.651000   -1.606146
515.652000   -1.596941
515.653000   -1.587532
515.654000   -1.578477
515.655000   -1.570410
515.656000   -1.563809
515.657000   -1.558923
515.658000   -1.555765
515.659000   -1.554107
515.660000   -1.553522
515.661000   -1.553534
515.662000   -1.553928
515.663000   -1.554941
515.664000   -1.557099
515.665000   -1.560877
515.666000   -1.566495
515.667000   -1.573869
515.668000   -1.582621
515.669000   -1.592102
515.670000   -1.601520
515.671000   -1.610224
515.672000   -1.618045
515.673000   -1.625296
515.674000   -1.632435
515.675000   -1.639781
515.676000   -1.647422
515.677000   -1.655220
515.678000   -1.662823
515.679000   -1.669730
515.680000   -1.675442
515.681000   -1.679712
515.682000   -1.682647
515.683000   -1.684544
515.684000   -1.685664
515.685000   -1.686109
515.686000   -1.685800
515.687000   -1.684492
515.688000   -1.681803
515.689000   -1.677278
515.690000   -1.670588
515.691000   -1.661795
515.692000   -1.651418
515.693000   -1.640205
515.694000   -1.628850
515.695000   -1.617849
515.696000   -1.607451
515.697000   -1.597630
515.698000   -1.588084
515.699000   -1.578351
515.700000   -1.568089
515.701000   -1.557401
515.702000   -1.546856
515.703000   -1.537142
515.704000   -1.528764
515.705000   -1.521934
515.706000   -1.516563
515.707000   -1.512269
515.708000   -1.508416
515.709000   -1.504294
515.710000   -1.499518
515.711000   -1.494368
515.712000   -1.489570
515.713000   -1.485820
515.714000   -1.483553
515.715000   -1.482908
515.716000   -1.483738
515.717000   -1.485604
515.718000   -1.487862
515.719000   -1.489967
515.720000   -1.491948
515.721000   -1.494457
515.722000   -1.498314
515.723000   -1.504131
515.724000   -1.512198
515.725000   -1.522486
515.726000   -1.534640
515.727000   -1.547998
515.728000   -1.561778
515.729000   -1.575529
515.730000   -1.589443
515.731000   -1.604069
515.731000   -1.604069
515.732000   -1.619844
515.733000   -1.636877
515.734000   -1.654935
515.735000   -1.673479
515.736000   -1.691712
515.737000   -1.708718
515.738000   -1.723733
515.739000   -1.736443
515.740000   -1.746982
515.741000   -1.755655
515.742000   -1.762681
515.743000   -1.768108
515.744000   -1.771796
515.745000   -1.773430
515.746000   -1.772551
515.747000   -1.768682
515.748000   -1.761596
515.749000   -1.751566
515.750000   -1.739268
515.751000   -1.725426
515.752000   -1.710598
515.753000   -1.695129
515.754000   -1.679161
515.755000   -1.662660
515.756000   -1.645490
515.757000   -1.627568
515.758000   -1.609094
515.759000   -1.590637
515.760000   -1.572950
515.761000   -1.556716
515.762000   -1.542416
515.763000   -1.530283
515.764000   -1.520310
515.765000   -1.512251
515.766000   -1.505685
515.767000   -1.500186
515.768000   -1.495597
515.769000   -1.492123
515.770000   -1.490099
515.771000   -1.489758
515.772000   -1.491140
515.773000   -1.494099
515.774000   -1.498331
515.775000   -1.503419
515.776000   -1.508930
515.777000   -1.514596
515.778000   -1.520455
515.779000   -1.526814
515.780000   -1.534067
515.781000   -1.542550
515.782000   -1.552476
515.783000   -1.563912
515.784000   -1.576767
515.785000   -1.590801
515.786000   -1.605703
515.787000   -1.621267
515.788000   -1.637538
515.789000   -1.654717
515.790000   -1.672935
515.791000   -1.692114
515.792000   -1.711935
515.793000   -1.731860
515.794000   -1.751181
515.795000   -1.769121
515.796000   -1.785004
515.797000   -1.798448
515.798000   -1.809430
515.799000   -1.818179
515.800000   -1.824991
515.801000   -1.830098
515.802000   -1.833595
515.803000   -1.835397
515.804000   -1.835239
515.805000   -1.832751
515.806000   -1.827688
515.807000   -1.820154
515.808000   -1.810561
515.809000   -1.799386
515.810000   -1.787003
515.811000   -1.773627
515.812000   -1.759299
515.813000   -1.743897
515.814000   -1.727174
515.815000   -1.708923
515.816000   -1.689200
515.817000   -1.668396
515.818000   -1.647111
515.819000   -1.625984
515.820000   -1.605579
515.821000   -1.586329
515.822000   -1.568490
515.823000   -1.552122
515.824000   -1.537147
515.825000   -1.523541
515.826000   -1.511515
515.827000   -1.501486
515.828000   -1.493898
515.829000   -1.489062
515.830000   -1.487086
515.831000   -1.487859
515.832000   -1.491069
515.833000   -1.496254
515.834000   -1.502922
515.835000   -1.510694
515.836000   -1.519388
515.837000   -1.528999
515.838000   -1.539632
515.839000   -1.551416
515.840000   -1.564440
515.841000   -1.578695
515.842000   -1.594041
515.843000   -1.610180
515.844000   -1.626675
515.845000   -1.643023
515.846000   -1.658760
515.847000   -1.673517
515.848000   -1.687015
515.849000   -1.699015
515.850000   -1.709304
515.851000   -1.717691
515.852000   -1.724013
515.853000   -1.728117
515.854000   -1.729823
515.855000   -1.728962
515.856000   -1.725495
515.857000   -1.719590
515.858000   -1.711575
515.859000   -1.701834
515.860000   -1.690715
515.861000   -1.678454
515.862000   -1.665115
515.863000   -1.650603
515.864000   -1.634788
515.865000   -1.617684
515.866000   -1.599527
515.867000   -1.580722
515.868000   -1.561736
515.869000   -1.543015
515.870000   -1.524919
515.871000   -1.507679
515.872000   -1.491388
515.873000   -1.476049
515.874000   -1.461679
515.875000   -1.448408
515.876000   -1.436493
515.877000   -1.426251
515.878000   -1.417960
515.879000   -1.411775
515.880000   -1.407688
515.881000   -1.405537
515.882000   -1.405073
515.883000   -1.406057
515.884000   -1.408328
515.885000   -1.411802
515.886000   -1.416422
515.887000   -1.422087
515.888000   -1.428609
515.889000   -1.435712
515.890000   -1.443068
515.891000   -1.450373
515.892000   -1.457435
515.893000   -1.464213
515.894000   -1.470813
515.895000   -1.477441
515.896000   -1.484335
515.897000   -1.491677
515.898000   -1.499549
515.899000   -1.507914
515.900000   -1.516646
515.901000   -1.525579
515.902000   -1.534543
515.903000   -1.543382
515.904000   -1.551962
515.905000   -1.560146
515.906000   -1.567764
515.907000   -1.574598
515.908000   -1.580391
515.909000   -1.584890
515.910000   -1.587897
515.911000   -1.589310
515.912000   -1.589135
515.913000   -1.587464
515.914000   -1.584433
515.915000   -1.580163
515.916000   -1.574723
515.917000   -1.568126
515.918000   -1.560360
515.919000   -1.551428
515.920000   -1.541403
515.921000   -1.530462
515.922000   -1.518874
515.923000   -1.506950
515.924000   -1.494968
515.925000   -1.483120
515.926000   -1.471503
515.927000   -1.460148
515.928000   -1.449095
515.929000   -1.438463
515.930000   -1.428472
515.931000   -1.419416
515.932000   -1.411598
515.933000   -1.405259
515.934000   -1.400528
515.935000   -1.397422
515.936000   -1.395887
515.937000   -1.395901
515.938000   -1.397581
515.939000   -1.401237
515.940000   -1.407310
515.941000   -1.416230
515.942000   -1.428277
515.943000   -1.443487
515.944000   -1.461619
515.945000   -1.482177
515.946000   -1.504508
515.947000   -1.527930
515.948000   -1.551853
515.949000   -1.575814
515.950000   -1.599422
515.951000   -1.622286
515.952000   -1.643960
515.953000   -1.663932
515.954000   -1.681638
515.955000   -1.696513
515.956000   -1.708084
515.957000   -1.716076
515.958000   -1.720514
515.959000   -1.721728
515.960000   -1.720268
515.961000   -1.716764
515.962000   -1.711797
515.963000   -1.705827
515.964000   -1.699141
515.965000   -1.691882
515.966000   -1.684130
515.967000   -1.676047
515.968000   -1.667951
515.969000   -1.660270
515.970000   -1.653402
515.971000   -1.647600
515.972000   -1.642912
515.973000   -1.639169
515.974000   -1.636014
515.975000   -1.632983
515.976000   -1.629663
515.977000   -1.625887
515.978000   -1.621813
515.979000   -1.617782
515.980000   -1.614104
515.981000   -1.610926
515.982000   -1.608199
515.983000   -1.605687
515.984000   -1.603000
515.985000   -1.599695
515.986000   -1.595448
515.987000   -1.590237
515.988000   -1.584370
515.989000   -1.578305
515.990000   -1.572466
515.991000   -1.567141
515.992000   -1.562462
515.993000   -1.558380
515.994000   -1.554681
515.995000   -1.551081
515.996000   -1.547481
515.997000   -1.544162
515.998000   -1.541693
515.999000   -1.540657
516.000000   -1.541465
516.001000   -1.544279
516.002000   -1.548991
516.003000   -1.555226
516.004000   -1.562465
516.005000   -1.570292
516.006000   -1.578651
516.007000   -1.587819
516.008000   -1.598151
516.009000   -1.609843
516.010000   -1.622829
516.011000   -1.636770
516.012000   -1.651074
516.013000   -1.664968
516.014000   -1.677699
516.015000   -1.688812
516.016000   -1.698302
516.017000   -1.706474
516.018000   -1.713651
516.019000   -1.719998
516.020000   -1.725478
516.021000   -1.729862
516.022000   -1.732758
516.023000   -1.733714
516.024000   -1.732448
516.025000   -1.729087
516.026000   -1.724156
516.027000   -1.718318
516.028000   -1.712130
516.029000   -1.705957
516.030000   -1.699949
516.031000   -1.694053
516.032000   -1.688044
516.033000   -1.681657
516.034000   -1.674812
516.035000   -1.667805
516.036000   -1.661214
516.037000   -1.655628
516.038000   -1.651430
516.039000   -1.648711
516.040000   -1.647258
516.041000   -1.646567
516.042000   -1.645937
516.043000   -1.644729
516.044000   -1.642731
516.045000   -1.640274
516.046000   -1.637940
516.047000   -1.636200
516.048000   -1.635247
516.049000   -1.634987
516.050000   -1.635062
516.051000   -1.634902
516.052000   -1.633872
516.053000   -1.631589
516.054000   -1.628234
516.055000   -1.624461
516.056000   -1.621010
516.057000   -1.618418
516.058000   -1.616940
516.059000   -1.616537
516.060000   -1.616880
516.061000   -1.617397
516.062000   -1.617493
516.063000   -1.616957
516.064000   -1.616173
516.065000   -1.615830
516.066000   -1.616522
516.067000   -1.618561
516.068000   -1.621944
516.069000   -1.626358
516.070000   -1.631194
516.071000   -1.635652
516.072000   -1.639069
516.073000   -1.641365
516.074000   -1.643117
516.075000   -1.645138
516.076000   -1.648061
516.077000   -1.652169
516.078000   -1.657374
516.079000   -1.663225
516.080000   -1.668943
516.081000   -1.673600
516.082000   -1.676560
516.083000   -1.677893
516.084000   -1.678240
516.085000   -1.678301
516.086000   -1.678522
516.087000   -1.679037
516.088000   -1.679689
516.089000   -1.680046
516.090000   -1.679460
516.091000   -1.677309
516.092000   -1.673438
516.093000   -1.668335
516.094000   -1.662776
516.095000   -1.657413
516.096000   -1.652629
516.097000   -1.648523
516.098000   -1.644919
516.099000   -1.641376
516.100000   -1.637322
516.101000   -1.632412
516.102000   -1.626879
516.103000   -1.621393
516.104000   -1.616654
516.105000   -1.613130
516.106000   -1.611010
516.107000   -1.610200
516.108000   -1.610320
516.109000   -1.610755
516.110000   -1.610874
516.111000   -1.610402
516.112000   -1.609594
516.113000   -1.608961
516.114000   -1.608927
516.115000   -1.609670
516.116000   -1.611109
516.117000   -1.612904
516.118000   -1.614471
516.119000   -1.615098
516.120000   -1.614253
516.121000   -1.611908
516.122000   -1.608484
516.123000   -1.604505
516.124000   -1.600351
516.125000   -1.596217
516.126000   -1.592135
516.127000   -1.587994
516.128000   -1.583576
516.129000   -1.578689
516.130000   -1.573381
516.131000   -1.567993
516.132000   -1.562958
516.133000   -1.558606
516.134000   -1.555101
516.135000   -1.552461
516.136000   -1.550587
516.137000   -1.549269
516.138000   -1.548228
516.139000   -1.547232
516.140000   -1.546258
516.141000   -1.545488
516.142000   -1.545181
516.143000   -1.545560
516.144000   -1.546773
516.145000   -1.548870
516.146000   -1.551757
516.147000   -1.555176
516.148000   -1.558833
516.149000   -1.562700
516.150000   -1.567167
516.151000   -1.572827
516.152000   -1.580181
516.153000   -1.589478
516.154000   -1.600672
516.155000   -1.613406
516.156000   -1.627023
516.157000   -1.640687
516.158000   -1.653712
516.159000   -1.665930
516.160000   -1.677662
516.161000   -1.689340
516.162000   -1.701235
516.163000   -1.713370
516.164000   -1.725543
516.165000   -1.737361
516.166000   -1.748302
516.167000   -1.757861
516.168000   -1.765845
516.169000   -1.772540
516.170000   -1.778491
516.171000   -1.784166
516.172000   -1.789804
516.173000   -1.795418
516.174000   -1.800821
516.175000   -1.805638
516.176000   -1.809369
516.177000   -1.811613
516.178000   -1.812391
516.179000   -1.812148
516.180000   -1.811429
516.181000   -1.810604
516.182000   -1.809797
516.183000   -1.808884
516.184000   -1.807505
516.185000   -1.805086
516.186000   -1.801003
516.187000   -1.794969
516.188000   -1.787335
516.189000   -1.778920
516.190000   -1.770563
516.191000   -1.762863
516.192000   -1.756108
516.193000   -1.750298
516.194000   -1.745174
516.195000   -1.740302
516.196000   -1.735322
516.197000   -1.730277
516.198000   -1.725695
516.199000   -1.722296
516.200000   -1.720672
516.201000   -1.721163
516.202000   -1.723843
516.203000   -1.728537
516.204000   -1.734834
516.205000   -1.742164
516.206000   -1.750026
516.207000   -1.758230
516.208000   -1.766919
516.209000   -1.776361
516.210000   -1.786760
516.211000   -1.798167
516.212000   -1.810443
516.213000   -1.823230
516.214000   -1.835931
516.215000   -1.847847
516.216000   -1.858508
516.217000   -1.867953
516.218000   -1.876619
516.219000   -1.885001
516.220000   -1.893399
516.221000   -1.901835
516.222000   -1.910035
516.223000   -1.917427
516.224000   -1.923237
516.225000   -1.926787
516.226000   -1.927922
516.227000   -1.927106
516.228000   -1.925074
516.229000   -1.922471
516.230000   -1.919716
516.231000   -1.916982
516.231000   -1.916982
516.232000   -1.914186
516.233000   -1.910982
516.234000   -1.906872
516.235000   -1.901501
516.236000   -1.894914
516.237000   -1.887442
516.238000   -1.879396
516.239000   -1.870935
516.240000   -1.862075
516.241000   -1.852709
516.242000   -1.842602
516.243000   -1.831404
516.244000   -1.818822
516.245000   -1.804884
516.246000   -1.789981
516.247000   -1.774649
516.248000   -1.759364
516.249000   -1.744459
516.250000   -1.730103
516.251000   -1.716274
516.252000   -1.702741
516.253000   -1.689164
516.254000   -1.675336
516.255000   -1.661460
516.256000   -1.648163
516.257000   -1.636229
516.258000   -1.626330
516.259000   -1.618886
516.260000   -1.614023
516.261000   -1.611559
516.262000   -1.611009
516.263000   -1.611709
516.264000   -1.613107
516.265000   -1.615096
516.266000   -1.618018
516.267000   -1.622316
516.268000   -1.628248
516.269000   -1.635801
516.270000   -1.644701
516.271000   -1.654425
516.272000   -1.664242
516.273000   -1.673382
516.274000   -1.681383
516.275000   -1.688333
516.276000   -1.694646
516.277000   -1.700672
516.278000   -1.706537
516.279000   -1.712141
516.280000   -1.717189
516.281000   -1.721223
516.282000   -1.723693
516.283000   -1.724182
516.284000   -1.722686
516.285000   -1.719634
516.286000   -1.715592
516.287000   -1.711001
516.288000   -1.706100
516.289000   -1.700920
516.290000   -1.695294
516.291000   -1.688912
516.292000   -1.681466
516.293000   -1.672885
516.294000   -1.663485
516.295000   -1.653828
516.296000   -1.644442
516.297000   -1.635653
516.298000   -1.627532
516.299000   -1.619902
516.300000   -1.612373
516.301000   -1.604458
516.302000   -1.595761
516.303000   -1.586186
516.304000   -1.575984
516.305000   -1.565537
516.306000   -1.555144
516.307000   -1.544939
516.308000   -1.534899
516.309000   -1.524876
516.310000   -1.514643
516.311000   -1.503988
516.312000   -1.492912
516.313000   -1.481821
516.314000   -1.471463
516.315000   -1.462617
516.316000   -1.455872
516.317000   -1.451558
516.318000   -1.449728
516.319000   -1.450145
516.320000   -1.452311
516.321000   -1.455646
516.322000   -1.459864
516.323000   -1.465206
516.324000   -1.472189
516.325000   -1.481222
516.326000   -1.492432
516.327000   -1.505634
516.328000   -1.520338
516.329000   -1.535774
516.330000   -1.551014
516.331000   -1.565315
516.332000   -1.578533
516.333000   -1.591069
516.334000   -1.603427
516.335000   -1.615911
516.336000   -1.628571
516.337000   -1.641219
516.338000   -1.653455
516.339000   -1.664701
516.340000   -1.674370
516.341000   -1.682173
516.342000   -1.688257
516.343000   -1.692964
516.344000   -1.696546
516.345000   -1.699077
516.346000   -1.700474
516.347000   -1.700521
516.348000   -1.698897
516.349000   -1.695253
516.350000   -1.689411
516.351000   -1.681580
516.352000   -1.672315
516.353000   -1.662280
516.354000   -1.652056
516.355000   -1.642068
516.356000   -1.632568
516.357000   -1.623620
516.358000   -1.615118
516.359000   -1.606893
516.360000   -1.598936
516.361000   -1.591516
516.362000   -1.585040
516.363000   -1.579837
516.364000   -1.576046
516.365000   -1.573596
516.366000   -1.572212
516.367000   -1.571429
516.368000   -1.570646
516.369000   -1.569287
516.370000   -1.567053
516.371000   -1.563977
516.372000   -1.560263
516.373000   -1.556125
516.374000   -1.551724
516.375000   -1.547145
516.376000   -1.542355
516.377000   -1.537192
516.378000   -1.531438
516.379000   -1.525052
516.380000   -1.518334
516.381000   -1.511807
516.382000   -1.506002
516.383000   -1.501335
516.384000   -1.498050
516.385000   -1.496181
516.386000   -1.495519
516.387000   -1.495667
516.388000   -1.496300
516.389000   -1.497489
516.390000   -1.499669
516.391000   -1.503327
516.392000   -1.508753
516.393000   -1.515949
516.394000   -1.524609
516.395000   -1.534117
516.396000   -1.543607
516.397000   -1.552194
516.398000   -1.559329
516.399000   -1.564946
516.400000   -1.569236
516.401000   -1.572405
516.402000   -1.574574
516.403000   -1.575767
516.404000   -1.575909
516.405000   -1.574828
516.406000   -1.572323
516.407000   -1.568324
516.408000   -1.563054
516.409000   -1.556996
516.410000   -1.550737
516.411000   -1.544822
516.412000   -1.539651
516.413000   -1.535404
516.414000   -1.532000
516.415000   -1.529120
516.416000   -1.526334
516.417000   -1.523323
516.418000   -1.520010
516.419000   -1.516525
516.420000   -1.513074
516.421000   -1.509807
516.422000   -1.506747
516.423000   -1.503752
516.424000   -1.500530
516.425000   -1.496730
516.426000   -1.492157
516.427000   -1.486980
516.428000   -1.481719
516.429000   -1.477022
516.430000   -1.473426
516.431000   -1.471219
516.432000   -1.470388
516.433000   -1.470622
516.434000   -1.471376
516.435000   -1.472068
516.436000   -1.472360
516.437000   -1.472266
516.438000   -1.471995
516.439000   -1.471742
516.440000   -1.471570
516.441000   -1.471387
516.442000   -1.470969
516.443000   -1.470001
516.444000   -1.468193
516.445000   -1.465504
516.446000   -1.462300
516.447000   -1.459258
516.448000   -1.457114
516.449000   -1.456466
516.450000   -1.457665
516.451000   -1.460785
516.452000   -1.465617
516.453000   -1.471744
516.454000   -1.478722
516.455000   -1.486292
516.456000   -1.494419
516.457000   -1.503164
516.458000   -1.512554
516.459000   -1.522512
516.460000   -1.532833
516.461000   -1.543192
516.462000   -1.553170
516.463000   -1.562343
516.464000   -1.570455
516.465000   -1.577552
516.466000   -1.583973
516.467000   -1.590185
516.468000   -1.596580
516.469000   -1.603354
516.470000   -1.610451
516.471000   -1.617565
516.472000   -1.624199
516.473000   -1.629834
516.474000   -1.634166
516.475000   -1.637252
516.476000   -1.639447
516.477000   -1.641181
516.478000   -1.642781
516.479000   -1.644391
516.480000   -1.645952
516.481000   -1.647213
516.482000   -1.647809
516.483000   -1.647435
516.484000   -1.646062
516.485000   -1.643980
516.486000   -1.641611
516.487000   -1.639267
516.488000   -1.637036
516.489000   -1.634751
516.490000   -1.632002
516.491000   -1.628228
516.492000   -1.622905
516.493000   -1.615773
516.494000   -1.606934
516.495000   -1.596708
516.496000   -1.585436
516.497000   -1.573360
516.498000   -1.560595
516.499000   -1.547131
516.500000   -1.532867
516.501000   -1.517756
516.502000   -1.502019
516.503000   -1.486282
516.504000   -1.471451
516.505000   -1.458421
516.506000   -1.447846
516.507000   -1.440036
516.508000   -1.434960
516.509000   -1.432289
516.510000   -1.431519
516.511000   -1.432178
516.512000   -1.434041
516.513000   -1.437209
516.514000   -1.441957
516.515000   -1.448532
516.516000   -1.457033
516.517000   -1.467393
516.518000   -1.479388
516.519000   -1.492672
516.520000   -1.506840
516.521000   -1.521548
516.522000   -1.536642
516.523000   -1.552149
516.524000   -1.568091
516.525000   -1.584342
516.526000   -1.600586
516.527000   -1.616342
516.528000   -1.630981
516.529000   -1.643780
516.530000   -1.654091
516.531000   -1.661620
516.532000   -1.666550
516.533000   -1.669338
516.534000   -1.670437
516.535000   -1.670162
516.536000   -1.668669
516.537000   -1.665951
516.538000   -1.661843
516.539000   -1.656117
516.540000   -1.648730
516.541000   -1.640096
516.542000   -1.631037
516.543000   -1.622443
516.544000   -1.614996
516.545000   -1.609059
516.546000   -1.604675
516.547000   -1.601604
516.548000   -1.599410
516.549000   -1.597615
516.550000   -1.595913
516.551000   -1.594233
516.552000   -1.592583
516.553000   -1.590851
516.554000   -1.588751
516.555000   -1.585860
516.556000   -1.581697
516.557000   -1.575796
516.558000   -1.567784
516.559000   -1.557434
516.560000   -1.544689
516.561000   -1.529665
516.562000   -1.512627
516.563000   -1.493966
516.564000   -1.474160
516.565000   -1.453724
516.566000   -1.433143
516.567000   -1.412811
516.568000   -1.393058
516.569000   -1.374278
516.570000   -1.357067
516.571000   -1.342193
516.572000   -1.330460
516.573000   -1.322572
516.574000   -1.319017
516.575000   -1.319998
516.576000   -1.325378
516.577000   -1.334743
516.578000   -1.347600
516.579000   -1.363612
516.580000   -1.382628
516.581000   -1.404543
516.582000   -1.429145
516.583000   -1.456049
516.584000   -1.484666
516.585000   -1.514210
516.586000   -1.543756
516.587000   -1.572403
516.588000   -1.599494
516.589000   -1.624691
516.590000   -1.647859
516.591000   -1.668906
516.592000   -1.687712
516.593000   -1.704109
516.594000   -1.717870
516.595000   -1.728713
516.596000   -1.736375
516.597000   -1.740761
516.598000   -1.742034
516.599000   -1.740544
516.600000   -1.736692
516.601000   -1.730835
516.602000   -1.723253
516.603000   -1.714118
516.604000   -1.703494
516.605000   -1.691384
516.606000   -1.677860
516.607000   -1.663216
516.608000   -1.647996
516.609000   -1.632871
516.610000   -1.618450
516.611000   -1.605141
516.612000   -1.593092
516.613000   -1.582180
516.614000   -1.572075
516.615000   -1.562363
516.616000   -1.552746
516.617000   -1.543190
516.618000   -1.533902
516.619000   -1.525186
516.620000   -1.517285
516.621000   -1.510303
516.622000   -1.504191
516.623000   -1.498794
516.624000   -1.493935
516.625000   -1.489516
516.626000   -1.485610
516.627000   -1.482483
516.628000   -1.480530
516.629000   -1.480141
516.630000   -1.481602
516.631000   -1.485048
516.632000   -1.490467
516.633000   -1.497724
516.634000   -1.506623
516.635000   -1.516990
516.636000   -1.528725
516.637000   -1.541801
516.638000   -1.556187
516.639000   -1.571754
516.640000   -1.588231
516.641000   -1.605214
516.642000   -1.622208
516.643000   -1.638702
516.644000   -1.654279
516.645000   -1.668695
516.646000   -1.681884
516.647000   -1.693888
516.648000   -1.704750
516.649000   -1.714437
516.650000   -1.722816
516.651000   -1.729663
516.652000   -1.734717
516.653000   -1.737774
516.654000   -1.738796
516.655000   -1.737956
516.656000   -1.735592
516.657000   -1.732088
516.658000   -1.727765
516.659000   -1.722825
516.660000   -1.717356
516.661000   -1.711352
516.662000   -1.704786
516.663000   -1.697701
516.664000   -1.690271
516.665000   -1.682790
516.666000   -1.675562
516.667000   -1.668780
516.668000   -1.662485
516.669000   -1.656568
516.670000   -1.650815
516.671000   -1.644955
516.672000   -1.638734
516.673000   -1.631965
516.674000   -1.624539
516.675000   -1.616390
516.676000   -1.607445
516.677000   -1.597612
516.678000   -1.586786
516.679000   -1.574870
516.680000   -1.561803
516.681000   -1.547582
516.682000   -1.532309
516.683000   -1.516259
516.684000   -1.499919
516.685000   -1.483927
516.686000   -1.468938
516.687000   -1.455527
516.688000   -1.444151
516.689000   -1.435130
516.690000   -1.428656
516.691000   -1.424836
516.692000   -1.423759
516.693000   -1.425570
516.694000   -1.430426
516.695000   -1.438381
516.696000   -1.449310
516.697000   -1.462924
516.698000   -1.478827
516.699000   -1.496577
516.700000   -1.515729
516.701000   -1.535850
516.702000   -1.556538
516.703000   -1.577424
516.704000   -1.598145
516.705000   -1.618282
516.706000   -1.637349
516.707000   -1.654825
516.708000   -1.670199
516.709000   -1.683024
516.710000   -1.692966
516.711000   -1.699852
516.712000   -1.703735
516.713000   -1.704870
516.714000   -1.703588
516.715000   -1.700183
516.716000   -1.694855
516.717000   -1.687719
516.718000   -1.678850
516.719000   -1.668335
516.720000   -1.656332
516.721000   -1.643112
516.722000   -1.629048
516.723000   -1.614496
516.724000   -1.599683
516.725000   -1.584660
516.726000   -1.569351
516.727000   -1.553631
516.728000   -1.537417
516.729000   -1.520744
516.730000   -1.503789
516.731000   -1.486813
516.731000   -1.486813
516.732000   -1.470051
516.733000   -1.453648
516.734000   -1.437691
516.735000   -1.422265
516.736000   -1.407493
516.737000   -1.393555
516.738000   -1.380675
516.739000   -1.369066
516.740000   -1.358868
516.741000   -1.350124
516.742000   -1.342822
516.743000   -1.336932
516.744000   -1.332422
516.745000   -1.329257
516.746000   -1.327401
516.747000   -1.326825
516.748000   -1.327512
516.749000   -1.329474
516.750000   -1.332763
516.751000   -1.337443
516.752000   -1.343561
516.753000   -1.351146
516.754000   -1.360217
516.755000   -1.370787
516.756000   -1.382862
516.757000   -1.396444
516.758000   -1.411528
516.759000   -1.428042
516.760000   -1.445772
516.761000   -1.464385
516.762000   -1.483526
516.763000   -1.502869
516.764000   -1.522103
516.765000   -1.540918
516.766000   -1.559002
516.767000   -1.576042
516.768000   -1.591728
516.769000   -1.605750
516.770000   -1.617837
516.771000   -1.627828
516.772000   -1.635731
516.773000   -1.641713
516.774000   -1.646051
516.775000   -1.649064
516.776000   -1.651047
516.777000   -1.652218
516.778000   -1.652663
516.779000   -1.652348
516.780000   -1.651209
516.781000   -1.649266
516.782000   -1.646640
516.783000   -1.643504
516.784000   -1.639996
516.785000   -1.636154
516.786000   -1.631861
516.787000   -1.626844
516.788000   -1.620779
516.789000   -1.613460
516.790000   -1.604872
516.791000   -1.595146
516.792000   -1.584478
516.793000   -1.573046
516.794000   -1.560952
516.795000   -1.548187
516.796000   -1.534643
516.797000   -1.520233
516.798000   -1.505100
516.799000   -1.489692
516.800000   -1.474666
516.801000   -1.460748
516.802000   -1.448617
516.803000   -1.438830
516.804000   -1.431762
516.805000   -1.427594
516.806000   -1.426353
516.807000   -1.428022
516.808000   -1.432630
516.809000   -1.440238
516.810000   -1.450888
516.811000   -1.464552
516.812000   -1.481069
516.813000   -1.500114
516.814000   -1.521200
516.815000   -1.543698
516.816000   -1.566854
516.817000   -1.589820
516.818000   -1.611763
516.819000   -1.632028
516.820000   -1.650193
516.821000   -1.666018
516.822000   -1.679382
516.823000   -1.690260
516.824000   -1.698709
516.825000   -1.704825
516.826000   -1.708707
516.827000   -1.710481
516.828000   -1.710450
516.829000   -1.709187
516.830000   -1.707437
516.831000   -1.705918
516.832000   -1.705184
516.833000   -1.705587
516.834000   -1.707263
516.835000   -1.710107
516.836000   -1.713773
516.837000   -1.717839
516.838000   -1.722120
516.839000   -1.726737
516.840000   -1.731884
516.841000   -1.737627
516.842000   -1.743853
516.843000   -1.750281
516.844000   -1.756452
516.845000   -1.761718
516.846000   -1.765363
516.847000   -1.766907
516.848000   -1.766296
516.849000   -1.763742
516.850000   -1.759476
516.851000   -1.753648
516.852000   -1.746299
516.853000   -1.737349
516.854000   -1.726571
516.855000   -1.713682
516.856000   -1.698640
516.857000   -1.681927
516.858000   -1.664441
516.859000   -1.647150
516.860000   -1.630855
516.861000   -1.616113
516.862000   -1.603210
516.863000   -1.592148
516.864000   -1.582723
516.865000   -1.574760
516.866000   -1.568407
516.867000   -1.564191
516.868000   -1.562725
516.869000   -1.564398
516.870000   -1.569271
516.871000   -1.577091
516.872000   -1.587333
516.873000   -1.599260
516.874000   -1.612063
516.875000   -1.625096
516.876000   -1.638076
516.877000   -1.650989
516.878000   -1.663827
516.879000   -1.676453
516.880000   -1.688618
516.881000   -1.699984
516.882000   -1.710120
516.883000   -1.718503
516.884000   -1.724666
516.885000   -1.728485
516.886000   -1.730312
516.887000   -1.730743
516.888000   -1.730348
516.889000   -1.729566
516.890000   -1.728676
516.891000   -1.727759
516.892000   -1.726641
516.893000   -1.724949
516.894000   -1.722438
516.895000   -1.719414
516.896000   -1.716682
516.897000   -1.715079
516.898000   -1.715173
516.899000   -1.717180
516.900000   -1.720969
516.901000   -1.726053
516.902000   -1.731639
516.903000   -1.736813
516.904000   -1.740945
516.905000   -1.743913
516.906000   -1.745862
516.907000   -1.746836
516.908000   -1.746644
516.909000   -1.744887
516.910000   -1.740995
516.911000   -1.734264
516.912000   -1.723943
516.913000   -1.709497
516.914000   -1.690945
516.915000   -1.668857
516.916000   -1.644007
516.917000   -1.617147
516.918000   -1.588942
516.919000   -1.559952
516.920000   -1.530580
516.921000   -1.501043
516.922000   -1.471502
516.923000   -1.442386
516.924000   -1.414540
516.925000   -1.388966
516.926000   -1.366487
516.927000   -1.347616
516.928000   -1.332527
516.929000   -1.321045
516.930000   -1.312651
516.931000   -1.306596
516.932000   -1.302221
516.933000   -1.299338
516.934000   -1.298205
516.935000   -1.299182
516.936000   -1.302490
516.937000   -1.308132
516.938000   -1.315874
516.939000   -1.325228
516.940000   -1.335480
516.941000   -1.345877
516.942000   -1.355992
516.943000   -1.365897
516.944000   -1.375891
516.945000   -1.386192
516.946000   -1.396843
516.947000   -1.407732
516.948000   -1.418591
516.949000   -1.428982
516.950000   -1.438338
516.951000   -1.446238
516.952000   -1.452763
516.953000   -1.458441
516.954000   -1.463863
516.955000   -1.469455
516.956000   -1.475425
516.957000   -1.481769
516.958000   -1.488231
516.959000   -1.494315
516.960000   -1.499460
516.961000   -1.503433
516.962000   -1.506473
516.963000   -1.508993
516.964000   -1.511244
516.965000   -1.513219
516.966000   -1.514667
516.967000   -1.515117
516.968000   -1.513898
516.969000   -1.510248
516.970000   -1.503635
516.971000   -1.494156
516.972000   -1.482492
516.973000   -1.469493
516.974000   -1.455880
516.975000   -1.442171
516.976000   -1.428668
516.977000   -1.415454
516.978000   -1.402391
516.979000   -1.389270
516.980000   -1.376124
516.981000   -1.363408
516.982000   -1.351789
516.983000   -1.341848
516.984000   -1.333955
516.985000   -1.328264
516.986000   -1.324700
516.987000   -1.322958
516.988000   -1.322587
516.989000   -1.323227
516.990000   -1.324846
516.991000   -1.327681
516.992000   -1.332016
516.993000   -1.338034
516.994000   -1.345769
516.995000   -1.355080
516.996000   -1.365627
516.997000   -1.376919
516.998000   -1.388504
516.999000   -1.400224
517.000000   -1.412276
517.001000   -1.425038
517.002000   -1.438860
517.003000   -1.453934
517.004000   -1.470231
517.005000   -1.487478
517.006000   -1.505194
517.007000   -1.522839
517.008000   -1.540099
517.009000   -1.557068
517.010000   -1.574116
517.011000   -1.591627
517.012000   -1.609809
517.013000   -1.628625
517.014000   -1.647772
517.015000   -1.666701
517.016000   -1.684709
517.017000   -1.701189
517.018000   -1.715866
517.019000   -1.728784
517.020000   -1.740055
517.021000   -1.749662
517.022000   -1.757409
517.023000   -1.762932
517.024000   -1.765735
517.025000   -1.765286
517.026000   -1.761249
517.027000   -1.753767
517.028000   -1.743502
517.029000   -1.731362
517.030000   -1.718217
517.031000   -1.704801
517.032000   -1.691692
517.033000   -1.679302
517.034000   -1.667882
517.035000   -1.657603
517.036000   -1.648692
517.037000   -1.641527
517.038000   -1.636570
517.039000   -1.634232
517.040000   -1.634740
517.041000   -1.638068
517.042000   -1.643924
517.043000   -1.651803
517.044000   -1.661083
517.045000   -1.671184
517.046000   -1.681717
517.047000   -1.692522
517.048000   -1.703565
517.049000   -1.714802
517.050000   -1.726102
517.051000   -1.737225
517.052000   -1.747858
517.053000   -1.757667
517.054000   -1.766372
517.055000   -1.773803
517.056000   -1.779876
517.057000   -1.784558
517.058000   -1.787856
517.059000   -1.789808
517.060000   -1.790435
517.061000   -1.789700
517.062000   -1.787535
517.063000   -1.783907
517.064000   -1.778888
517.065000   -1.772676
517.066000   -1.765543
517.067000   -1.757804
517.068000   -1.749796
517.069000   -1.741840
517.070000   -1.734183
517.071000   -1.726972
517.072000   -1.720271
517.073000   -1.714095
517.074000   -1.708404
517.075000   -1.703077
517.076000   -1.697910
517.077000   -1.692676
517.078000   -1.687155
517.079000   -1.681102
517.080000   -1.674215
517.081000   -1.666160
517.082000   -1.656634
517.083000   -1.645433
517.084000   -1.632475
517.085000   -1.617814
517.086000   -1.601643
517.087000   -1.584273
517.088000   -1.566081
517.089000   -1.547458
517.090000   -1.528791
517.091000   -1.510503
517.092000   -1.493064
517.093000   -1.476973
517.094000   -1.462706
517.095000   -1.450678
517.096000   -1.441221
517.097000   -1.434558
517.098000   -1.430776
517.099000   -1.429824
517.100000   -1.431554
517.101000   -1.435757
517.102000   -1.442167
517.103000   -1.450456
517.104000   -1.460237
517.105000   -1.471088
517.106000   -1.482569
517.107000   -1.494237
517.108000   -1.505688
517.109000   -1.516604
517.110000   -1.526787
517.111000   -1.536139
517.112000   -1.544621
517.113000   -1.552247
517.114000   -1.559103
517.115000   -1.565333
517.116000   -1.571088
517.117000   -1.576486
517.118000   -1.581619
517.119000   -1.586567
517.120000   -1.591411
517.121000   -1.596214
517.122000   -1.601018
517.123000   -1.605841
517.124000   -1.610656
517.125000   -1.615342
517.126000   -1.619646
517.127000   -1.623207
517.128000   -1.625618
517.129000   -1.626482
517.130000   -1.625440
517.131000   -1.622201
517.132000   -1.616578
517.133000   -1.608541
517.134000   -1.598195
517.135000   -1.585731
517.136000   -1.571376
517.137000   -1.555375
517.138000   -1.537982
517.139000   -1.519448
517.140000   -1.500051
517.141000   -1.480171
517.142000   -1.460332
517.143000   -1.441141
517.144000   -1.423139
517.145000   -1.406695
517.146000   -1.391979
517.147000   -1.378985
517.148000   -1.367581
517.149000   -1.357606
517.150000   -1.349014
517.151000   -1.341992
517.152000   -1.336896
517.153000   -1.334069
517.154000   -1.333713
517.155000   -1.335850
517.156000   -1.340359
517.157000   -1.346994
517.158000   -1.355435
517.159000   -1.365371
517.160000   -1.376587
517.161000   -1.388966
517.162000   -1.402371
517.163000   -1.416540
517.164000   -1.431059
517.165000   -1.445402
517.166000   -1.458970
517.167000   -1.471139
517.168000   -1.481324
517.169000   -1.489051
517.170000   -1.494013
517.171000   -1.496068
517.172000   -1.495233
517.173000   -1.491696
517.174000   -1.485833
517.175000   -1.478196
517.176000   -1.469457
517.177000   -1.460332
517.178000   -1.451516
517.179000   -1.443656
517.180000   -1.437334
517.181000   -1.433048
517.182000   -1.431194
517.183000   -1.432046
517.184000   -1.435724
517.185000   -1.442146
517.186000   -1.450993
517.187000   -1.461740
517.188000   -1.473761
517.189000   -1.486480
517.190000   -1.499427
517.191000   -1.512239
517.192000   -1.524612
517.193000   -1.536258
517.194000   -1.546846
517.195000   -1.555978
517.196000   -1.563236
517.197000   -1.568315
517.198000   -1.571160
517.199000   -1.571997
517.200000   -1.571248
517.201000   -1.569418
517.202000   -1.567004
517.203000   -1.564419
517.204000   -1.561944
517.205000   -1.559737
517.206000   -1.557895
517.207000   -1.556545
517.208000   -1.555885
517.209000   -1.556161
517.210000   -1.557635
517.211000   -1.560555
517.212000   -1.565113
517.213000   -1.571394
517.214000   -1.579347
517.215000   -1.588790
517.216000   -1.599460
517.217000   -1.611067
517.218000   -1.623318
517.219000   -1.635927
517.220000   -1.648595
517.221000   -1.660978
517.222000   -1.672634
517.223000   -1.683010
517.224000   -1.691493
517.225000   -1.697516
517.226000   -1.700688
517.227000   -1.700878
517.228000   -1.698234
517.229000   -1.693150
517.230000   -1.686185
517.231000   -1.677940
517.231000   -1.677940
517.232000   -1.668963
517.233000   -1.659708
517.234000   -1.650553
517.235000   -1.641853
517.236000   -1.633968
517.237000   -1.627256
517.238000   -1.622055
517.239000   -1.618651
517.240000   -1.617225
517.241000   -1.617811
517.242000   -1.620301
517.243000   -1.624483
517.244000   -1.630113
517.245000   -1.636976
517.246000   -1.644927
517.247000   -1.653902
517.248000   -1.663883
517.249000   -1.674825
517.250000   -1.686588
517.251000   -1.698916
517.252000   -1.711465
517.253000   -1.723853
517.254000   -1.735723
517.255000   -1.746787
517.256000   -1.756818
517.257000   -1.765632
517.258000   -1.773040
517.259000   -1.778827
517.260000   -1.782761
517.261000   -1.784641
517.262000   -1.784363
517.263000   -1.781987
517.264000   -1.777778
517.265000   -1.772211
517.266000   -1.765937
517.267000   -1.759703
517.268000   -1.754231
517.269000   -1.750131
517.270000   -1.747853
517.271000   -1.747693
517.272000   -1.749797
517.273000   -1.754174
517.274000   -1.760721
517.275000   -1.769265
517.276000   -1.779589
517.277000   -1.791386
517.278000   -1.804202
517.279000   -1.817405
517.280000   -1.830201
517.281000   -1.841670
517.282000   -1.850811
517.283000   -1.856652
517.284000   -1.858419
517.285000   -1.855694
517.286000   -1.848437
517.287000   -1.836887
517.288000   -1.821452
517.289000   -1.802624
517.290000   -1.780910
517.291000   -1.756776
517.292000   -1.730666
517.293000   -1.703122
517.294000   -1.674931
517.295000   -1.647135
517.296000   -1.620855
517.297000   -1.597097
517.298000   -1.576634
517.299000   -1.559952
517.300000   -1.547221
517.301000   -1.538311
517.302000   -1.532885
517.303000   -1.530579
517.304000   -1.531123
517.305000   -1.534302
517.306000   -1.539843
517.307000   -1.547353
517.308000   -1.556329
517.309000   -1.566184
517.310000   -1.576272
517.311000   -1.585944
517.312000   -1.594659
517.313000   -1.602098
517.314000   -1.608169
517.315000   -1.612922
517.316000   -1.616464
517.317000   -1.618920
517.318000   -1.620395
517.319000   -1.620951
517.320000   -1.620604
517.321000   -1.619411
517.322000   -1.617587
517.323000   -1.615528
517.324000   -1.613704
517.325000   -1.612523
517.326000   -1.612257
517.327000   -1.612990
517.328000   -1.614604
517.329000   -1.616809
517.330000   -1.619258
517.331000   -1.621714
517.332000   -1.624142
517.333000   -1.626627
517.334000   -1.629244
517.335000   -1.631967
517.336000   -1.634624
517.337000   -1.636885
517.338000   -1.638265
517.339000   -1.638235
517.340000   -1.636417
517.341000   -1.632744
517.342000   -1.627430
517.343000   -1.620812
517.344000   -1.613213
517.345000   -1.604855
517.346000   -1.595809
517.347000   -1.585986
517.348000   -1.575220
517.349000   -1.563459
517.350000   -1.550962
517.351000   -1.538322
517.352000   -1.526297
517.353000   -1.515641
517.354000   -1.506986
517.355000   -1.500769
517.356000   -1.497192
517.357000   -1.496249
517.358000   -1.497837
517.359000   -1.501904
517.360000   -1.508493
517.361000   -1.517651
517.362000   -1.529312
517.363000   -1.543238
517.364000   -1.559018
517.365000   -1.576071
517.366000   -1.593687
517.367000   -1.611107
517.368000   -1.627649
517.369000   -1.642789
517.370000   -1.656167
517.371000   -1.667553
517.372000   -1.676835
517.373000   -1.684012
517.374000   -1.689157
517.375000   -1.692395
517.376000   -1.693896
517.377000   -1.693902
517.378000   -1.692764
517.379000   -1.690932
517.380000   -1.688914
517.381000   -1.687237
517.382000   -1.686376
517.383000   -1.686667
517.384000   -1.688240
517.385000   -1.691018
517.386000   -1.694767
517.387000   -1.699194
517.388000   -1.704004
517.389000   -1.708916
517.390000   -1.713652
517.391000   -1.717915
517.392000   -1.721367
517.393000   -1.723612
517.394000   -1.724235
517.395000   -1.722874
517.396000   -1.719314
517.397000   -1.713527
517.398000   -1.705654
517.399000   -1.695957
517.400000   -1.684774
517.401000   -1.672460
517.402000   -1.659323
517.403000   -1.645593
517.404000   -1.631441
517.405000   -1.617053
517.406000   -1.602683
517.407000   -1.588669
517.408000   -1.575413
517.409000   -1.563367
517.410000   -1.552979
517.411000   -1.544617
517.412000   -1.538488
517.413000   -1.534632
517.414000   -1.532982
517.415000   -1.533454
517.416000   -1.536015
517.417000   -1.540680
517.418000   -1.547491
517.419000   -1.556475
517.420000   -1.567581
517.421000   -1.580622
517.422000   -1.595261
517.423000   -1.611049
517.424000   -1.627514
517.425000   -1.644217
517.426000   -1.660773
517.427000   -1.676837
517.428000   -1.692125
517.429000   -1.706417
517.430000   -1.719547
517.431000   -1.731364
517.432000   -1.741731
517.433000   -1.750530
517.434000   -1.757681
517.435000   -1.763152
517.436000   -1.766991
517.437000   -1.769389
517.438000   -1.770701
517.439000   -1.771368
517.440000   -1.771784
517.441000   -1.772212
517.442000   -1.772766
517.443000   -1.773428
517.444000   -1.774084
517.445000   -1.774574
517.446000   -1.774784
517.447000   -1.774717
517.448000   -1.774471
517.449000   -1.774122
517.450000   -1.773653
517.451000   -1.772942
517.452000   -1.771785
517.453000   -1.769927
517.454000   -1.767085
517.455000   -1.763026
517.456000   -1.757649
517.457000   -1.750990
517.458000   -1.743107
517.459000   -1.733987
517.460000   -1.723524
517.461000   -1.711571
517.462000   -1.697982
517.463000   -1.682651
517.464000   -1.665569
517.465000   -1.646921
517.466000   -1.627135
517.467000   -1.606816
517.468000   -1.586607
517.469000   -1.567085
517.470000   -1.548729
517.471000   -1.531903
517.472000   -1.516850
517.473000   -1.503699
517.474000   -1.492524
517.475000   -1.483416
517.476000   -1.476495
517.477000   -1.471842
517.478000   -1.469423
517.479000   -1.469065
517.480000   -1.470453
517.481000   -1.473143
517.482000   -1.476604
517.483000   -1.480293
517.484000   -1.483779
517.485000   -1.486833
517.486000   -1.489403
517.487000   -1.491532
517.488000   -1.493259
517.489000   -1.494566
517.490000   -1.495358
517.491000   -1.495485
517.492000   -1.494813
517.493000   -1.493306
517.494000   -1.491075
517.495000   -1.488338
517.496000   -1.485325
517.497000   -1.482205
517.498000   -1.479075
517.499000   -1.475978
517.500000   -1.472924
517.501000   -1.469920
517.502000   -1.467033
517.503000   -1.464450
517.504000   -1.462475
517.505000   -1.461444
517.506000   -1.461637
517.507000   -1.463226
517.508000   -1.466246
517.509000   -1.470590
517.510000   -1.476036
517.511000   -1.482332
517.512000   -1.489292
517.513000   -1.496846
517.514000   -1.504987
517.515000   -1.513685
517.516000   -1.522834
517.517000   -1.532224
517.518000   -1.541529
517.519000   -1.550342
517.520000   -1.558236
517.521000   -1.564867
517.522000   -1.570031
517.523000   -1.573669
517.524000   -1.575824
517.525000   -1.576629
517.526000   -1.576274
517.527000   -1.574961
517.528000   -1.572853
517.529000   -1.570048
517.530000   -1.566604
517.531000   -1.562578
517.532000   -1.558054
517.533000   -1.553147
517.534000   -1.548013
517.535000   -1.542837
517.536000   -1.537783
517.537000   -1.532933
517.538000   -1.528238
517.539000   -1.523541
517.540000   -1.518642
517.541000   -1.513366
517.542000   -1.507606
517.543000   -1.501337
517.544000   -1.494601
517.545000   -1.487473
517.546000   -1.480003
517.547000   -1.472191
517.548000   -1.464045
517.549000   -1.455669
517.550000   -1.447315
517.551000   -1.439343
517.552000   -1.432130
517.553000   -1.425993
517.554000   -1.421129
517.555000   -1.417579
517.556000   -1.415228
517.557000   -1.413858
517.558000   -1.413275
517.559000   -1.413437
517.560000   -1.414513
517.561000   -1.416806
517.562000   -1.420609
517.563000   -1.426081
517.564000   -1.433168
517.565000   -1.441606
517.566000   -1.450982
517.567000   -1.460868
517.568000   -1.470980
517.569000   -1.481283
517.570000   -1.491928
517.571000   -1.503063
517.572000   -1.514659
517.573000   -1.526456
517.574000   -1.538004
517.575000   -1.548769
517.576000   -1.558260
517.577000   -1.566164
517.578000   -1.572453
517.579000   -1.577366
517.580000   -1.581256
517.581000   -1.584423
517.582000   -1.587024
517.583000   -1.589095
517.584000   -1.590602
517.585000   -1.591518
517.586000   -1.591901
517.587000   -1.591959
517.588000   -1.592035
517.589000   -1.592492
517.590000   -1.593577
517.591000   -1.595340
517.592000   -1.597631
517.593000   -1.600139
517.594000   -1.602459
517.595000   -1.604186
517.596000   -1.605004
517.597000   -1.604751
517.598000   -1.603400
517.599000   -1.600983
517.600000   -1.597513
517.601000   -1.592936
517.602000   -1.587135
517.603000   -1.579965
517.604000   -1.571311
517.605000   -1.561175
517.606000   -1.549734
517.607000   -1.537347
517.608000   -1.524478
517.609000   -1.511632
517.610000   -1.499302
517.611000   -1.487928
517.612000   -1.477861
517.613000   -1.469349
517.614000   -1.462567
517.615000   -1.457686
517.616000   -1.454940
517.617000   -1.454631
517.618000   -1.457075
517.619000   -1.462512
517.620000   -1.471014
517.621000   -1.482437
517.622000   -1.496409
517.623000   -1.512395
517.624000   -1.529818
517.625000   -1.548199
517.626000   -1.567238
517.627000   -1.586762
517.628000   -1.606605
517.629000   -1.626508
517.630000   -1.646091
517.631000   -1.664868
517.632000   -1.682291
517.633000   -1.697801
517.634000   -1.710922
517.635000   -1.721338
517.636000   -1.728940
517.637000   -1.733793
517.638000   -1.736074
517.639000   -1.736020
517.640000   -1.733901
517.641000   -1.729998
517.642000   -1.724588
517.643000   -1.717948
517.644000   -1.710381
517.645000   -1.702253
517.646000   -1.694022
517.647000   -1.686242
517.648000   -1.679508
517.649000   -1.674346
517.650000   -1.671101
517.651000   -1.669863
517.652000   -1.670443
517.653000   -1.672390
517.654000   -1.675077
517.655000   -1.677848
517.656000   -1.680170
517.657000   -1.681705
517.658000   -1.682231
517.659000   -1.681550
517.660000   -1.679435
517.661000   -1.675636
517.662000   -1.669903
517.663000   -1.662031
517.664000   -1.651927
517.665000   -1.639721
517.666000   -1.625831
517.667000   -1.610892
517.668000   -1.595612
517.669000   -1.580653
517.670000   -1.566580
517.671000   -1.553834
517.672000   -1.542722
517.673000   -1.533450
517.674000   -1.526218
517.675000   -1.521335
517.676000   -1.519225
517.677000   -1.520292
517.678000   -1.524780
517.679000   -1.532720
517.680000   -1.543924
517.681000   -1.558012
517.682000   -1.574451
517.683000   -1.592642
517.684000   -1.612064
517.685000   -1.632391
517.686000   -1.653454
517.687000   -1.675114
517.688000   -1.697140
517.689000   -1.719174
517.690000   -1.740731
517.691000   -1.761222
517.692000   -1.780008
517.693000   -1.796523
517.694000   -1.810463
517.695000   -1.821882
517.696000   -1.831086
517.697000   -1.838433
517.698000   -1.844185
517.699000   -1.848444
517.700000   -1.851146
517.701000   -1.852074
517.702000   -1.850951
517.703000   -1.847641
517.704000   -1.842373
517.705000   -1.835750
517.706000   -1.828508
517.707000   -1.821265
517.708000   -1.814395
517.709000   -1.807992
517.710000   -1.801887
517.711000   -1.795704
517.712000   -1.789016
517.713000   -1.781598
517.714000   -1.773565
517.715000   -1.765237
517.716000   -1.756906
517.717000   -1.748685
517.718000   -1.740489
517.719000   -1.732042
517.720000   -1.722917
517.721000   -1.712643
517.722000   -1.700914
517.723000   -1.687816
517.724000   -1.673851
517.725000   -1.659753
517.726000   -1.646276
517.727000   -1.634051
517.728000   -1.623501
517.729000   -1.614792
517.730000   -1.607827
517.731000   -1.602355
517.731000   -1.602355
517.732000   -1.598177
517.733000   -1.595346
517.734000   -1.594166
517.735000   -1.595032
517.736000   -1.598227
517.737000   -1.603798
517.738000   -1.611521
517.739000   -1.620918
517.740000   -1.631323
517.741000   -1.642032
517.742000   -1.652484
517.743000   -1.662384
517.744000   -1.671680
517.745000   -1.680432
517.746000   -1.688682
517.747000   -1.696371
517.748000   -1.703310
517.749000   -1.709186
517.750000   -1.713626
517.751000   -1.716355
517.752000   -1.717365
517.753000   -1.716954
517.754000   -1.715599
517.755000   -1.713763
517.756000   -1.711749
517.757000   -1.709620
517.758000   -1.707190
517.759000   -1.704089
517.760000   -1.699931
517.761000   -1.694556
517.762000   -1.688165
517.763000   -1.681258
517.764000   -1.674409
517.765000   -1.668039
517.766000   -1.662304
517.767000   -1.657089
517.768000   -1.652059
517.769000   -1.646784
517.770000   -1.640898
517.771000   -1.634255
517.772000   -1.626955
517.773000   -1.619248
517.774000   -1.611360
517.775000   -1.603368
517.776000   -1.595154
517.777000   -1.586438
517.778000   -1.576865
517.779000   -1.566123
517.780000   -1.554077
517.781000   -1.540881
517.782000   -1.526997
517.783000   -1.513079
517.784000   -1.499791
517.785000   -1.487694
517.786000   -1.477186
517.787000   -1.468495
517.788000   -1.461701
517.789000   -1.456824
517.790000   -1.453968
517.791000   -1.453440
517.792000   -1.455703
517.793000   -1.461136
517.794000   -1.469836
517.795000   -1.481552
517.796000   -1.495722
517.797000   -1.511535
517.798000   -1.528035
517.799000   -1.544293
517.800000   -1.559623
517.801000   -1.573696
517.802000   -1.586417
517.803000   -1.597730
517.804000   -1.607523
517.805000   -1.615618
517.806000   -1.621787
517.807000   -1.625786
517.808000   -1.627427
517.809000   -1.626710
517.810000   -1.623910
517.811000   -1.619494
517.812000   -1.613917
517.813000   -1.607492
517.814000   -1.600367
517.815000   -1.592546
517.816000   -1.583950
517.817000   -1.574489
517.818000   -1.564155
517.819000   -1.553107
517.820000   -1.541683
517.821000   -1.530302
517.822000   -1.519369
517.823000   -1.509222
517.824000   -1.500111
517.825000   -1.492194
517.826000   -1.485529
517.827000   -1.480103
517.828000   -1.475886
517.829000   -1.472879
517.830000   -1.471089
517.831000   -1.470427
517.832000   -1.470641
517.833000   -1.471309
517.834000   -1.471880
517.835000   -1.471747
517.836000   -1.470342
517.837000   -1.467244
517.838000   -1.462275
517.839000   -1.455536
517.840000   -1.447352
517.841000   -1.438154
517.842000   -1.428392
517.843000   -1.418481
517.844000   -1.408781
517.845000   -1.399581
517.846000   -1.391111
517.847000   -1.383614
517.848000   -1.377464
517.849000   -1.373200
517.850000   -1.371400
517.851000   -1.372509
517.852000   -1.376740
517.853000   -1.384052
517.854000   -1.394150
517.855000   -1.406533
517.856000   -1.420603
517.857000   -1.435861
517.858000   -1.452050
517.859000   -1.469099
517.860000   -1.486948
517.861000   -1.505411
517.862000   -1.524123
517.863000   -1.542542
517.864000   -1.559973
517.865000   -1.575660
517.866000   -1.588970
517.867000   -1.599589
517.868000   -1.607546
517.869000   -1.613045
517.870000   -1.616316
517.871000   -1.617551
517.872000   -1.616889
517.873000   -1.614431
517.874000   -1.610266
517.875000   -1.604549
517.876000   -1.597596
517.877000   -1.589907
517.878000   -1.582089
517.879000   -1.574744
517.880000   -1.568399
517.881000   -1.563465
517.882000   -1.560195
517.883000   -1.558660
517.884000   -1.558748
517.885000   -1.560219
517.886000   -1.562775
517.887000   -1.566119
517.888000   -1.569967
517.889000   -1.574032
517.890000   -1.578013
517.891000   -1.581579
517.892000   -1.584373
517.893000   -1.586022
517.894000   -1.586181
517.895000   -1.584602
517.896000   -1.581192
517.897000   -1.576039
517.898000   -1.569395
517.899000   -1.561626
517.900000   -1.553160
517.901000   -1.544419
517.902000   -1.535769
517.903000   -1.527497
517.904000   -1.519832
517.905000   -1.513005
517.906000   -1.507299
517.907000   -1.503041
517.908000   -1.500570
517.909000   -1.500181
517.910000   -1.502087
517.911000   -1.506382
517.912000   -1.513028
517.913000   -1.521856
517.914000   -1.532611
517.915000   -1.544999
517.916000   -1.558736
517.917000   -1.573565
517.918000   -1.589238
517.919000   -1.605481
517.920000   -1.621949
517.921000   -1.638196
517.922000   -1.653681
517.923000   -1.667826
517.924000   -1.680138
517.925000   -1.690315
517.926000   -1.698276
517.927000   -1.704106
517.928000   -1.707967
517.929000   -1.710014
517.930000   -1.710343
517.931000   -1.708986
517.932000   -1.705965
517.933000   -1.701405
517.934000   -1.695630
517.935000   -1.689174
517.936000   -1.682706
517.937000   -1.676899
517.938000   -1.672285
517.939000   -1.669157
517.940000   -1.667540
517.941000   -1.667237
517.942000   -1.667925
517.943000   -1.669271
517.944000   -1.670988
517.945000   -1.672863
517.946000   -1.674746
517.947000   -1.676502
517.948000   -1.677954
517.949000   -1.678864
517.950000   -1.678946
517.951000   -1.677914
517.952000   -1.675544
517.953000   -1.671730
517.954000   -1.666521
517.955000   -1.660112
517.956000   -1.652785
517.957000   -1.644809
517.958000   -1.636360
517.959000   -1.627484
517.960000   -1.618098
517.961000   -1.608067
517.962000   -1.597332
517.963000   -1.586044
517.964000   -1.574590
517.965000   -1.563480
517.966000   -1.553208
517.967000   -1.544147
517.968000   -1.536489
517.969000   -1.530245
517.970000   -1.525315
517.971000   -1.521630
517.972000   -1.519288
517.973000   -1.518571
517.974000   -1.519822
517.975000   -1.523278
517.976000   -1.528966
517.977000   -1.536655
517.978000   -1.545876
517.979000   -1.556004
517.980000   -1.566398
517.981000   -1.576554
517.982000   -1.586177
517.983000   -1.595154
517.984000   -1.603437
517.985000   -1.610954
517.986000   -1.617557
517.987000   -1.623034
517.988000   -1.627145
517.989000   -1.629704
517.990000   -1.630686
517.991000   -1.630312
517.992000   -1.629032
517.993000   -1.627408
517.994000   -1.625934
517.995000   -1.624916
517.996000   -1.624423
517.997000   -1.624312
517.998000   -1.624289
517.999000   -1.624024
518.000000   -1.623301
518.001000   -1.622148
518.002000   -1.620811
518.003000   -1.619576
518.004000   -1.618593
518.005000   -1.617811
518.006000   -1.617003
518.007000   -1.615825
518.008000   -1.613876
518.009000   -1.610799
518.010000   -1.606413
518.011000   -1.600825
518.012000   -1.594366
518.013000   -1.587390
518.014000   -1.580118
518.015000   -1.572622
518.016000   -1.564855
518.017000   -1.556701
518.018000   -1.548015
518.019000   -1.538703
518.020000   -1.528865
518.021000   -1.518842
518.022000   -1.509087
518.023000   -1.500001
518.024000   -1.491862
518.025000   -1.484835
518.026000   -1.478998
518.027000   -1.474360
518.028000   -1.470903
518.029000   -1.468678
518.030000   -1.467862
518.031000   -1.468685
518.032000   -1.471272
518.033000   -1.475542
518.034000   -1.481213
518.035000   -1.487845
518.036000   -1.494894
518.037000   -1.501785
518.038000   -1.508017
518.039000   -1.513274
518.040000   -1.517446
518.041000   -1.520553
518.042000   -1.522652
518.043000   -1.523818
518.044000   -1.524148
518.045000   -1.523763
518.046000   -1.522817
518.047000   -1.521519
518.048000   -1.520173
518.049000   -1.519168
518.050000   -1.518909
518.051000   -1.519738
518.052000   -1.521891
518.053000   -1.525485
518.054000   -1.530508
518.055000   -1.536813
518.056000   -1.544143
518.057000   -1.552216
518.058000   -1.560826
518.059000   -1.569860
518.060000   -1.579230
518.061000   -1.588806
518.062000   -1.598391
518.063000   -1.607706
518.064000   -1.616364
518.065000   -1.623890
518.066000   -1.629804
518.067000   -1.633788
518.068000   -1.635795
518.069000   -1.635983
518.070000   -1.634586
518.071000   -1.631817
518.072000   -1.627836
518.073000   -1.622716
518.074000   -1.616434
518.075000   -1.608919
518.076000   -1.600191
518.077000   -1.590505
518.078000   -1.580338
518.079000   -1.570240
518.080000   -1.560701
518.081000   -1.552091
518.082000   -1.544637
518.083000   -1.538406
518.084000   -1.533309
518.085000   -1.529179
518.086000   -1.525929
518.087000   -1.523674
518.088000   -1.522662
518.089000   -1.523121
518.090000   -1.525161
518.091000   -1.528742
518.092000   -1.533661
518.093000   -1.539558
518.094000   -1.545964
518.095000   -1.552446
518.096000   -1.558811
518.097000   -1.565159
518.098000   -1.571735
518.099000   -1.578755
518.100000   -1.586321
518.101000   -1.594399
518.102000   -1.602821
518.103000   -1.611285
518.104000   -1.619428
518.105000   -1.626966
518.106000   -1.633844
518.107000   -1.640217
518.108000   -1.646302
518.109000   -1.652261
518.110000   -1.658160
518.111000   -1.663968
518.112000   -1.669566
518.113000   -1.674774
518.114000   -1.679444
518.115000   -1.683594
518.116000   -1.687465
518.117000   -1.691427
518.118000   -1.695823
518.119000   -1.700868
518.120000   -1.706599
518.121000   -1.712870
518.122000   -1.719371
518.123000   -1.725700
518.124000   -1.731482
518.125000   -1.736482
518.126000   -1.740619
518.127000   -1.743880
518.128000   -1.746231
518.129000   -1.747549
518.130000   -1.747612
518.131000   -1.746124
518.132000   -1.742767
518.133000   -1.737269
518.134000   -1.729481
518.135000   -1.719462
518.136000   -1.707513
518.137000   -1.694113
518.138000   -1.679802
518.139000   -1.665087
518.140000   -1.650387
518.141000   -1.636008
518.142000   -1.622145
518.143000   -1.608925
518.144000   -1.596506
518.145000   -1.585145
518.146000   -1.575170
518.147000   -1.566891
518.148000   -1.560518
518.149000   -1.556131
518.150000   -1.553674
518.151000   -1.552976
518.152000   -1.553806
518.153000   -1.555965
518.154000   -1.559358
518.155000   -1.563999
518.156000   -1.569959
518.157000   -1.577301
518.158000   -1.586043
518.159000   -1.596134
518.160000   -1.607436
518.161000   -1.619723
518.162000   -1.632730
518.163000   -1.646245
518.164000   -1.660180
518.165000   -1.674565
518.166000   -1.689464
518.167000   -1.704898
518.168000   -1.720799
518.169000   -1.736976
518.170000   -1.753106
518.171000   -1.768771
518.172000   -1.783563
518.173000   -1.797214
518.174000   -1.809642
518.175000   -1.820895
518.176000   -1.831056
518.177000   -1.840164
518.178000   -1.848159
518.179000   -1.854842
518.180000   -1.859889
518.181000   -1.862936
518.182000   -1.863743
518.183000   -1.862317
518.184000   -1.858908
518.185000   -1.853879
518.186000   -1.847568
518.187000   -1.840213
518.188000   -1.831919
518.189000   -1.822664
518.190000   -1.812344
518.191000   -1.800880
518.192000   -1.788343
518.193000   -1.775007
518.194000   -1.761262
518.195000   -1.747465
518.196000   -1.733850
518.197000   -1.720495
518.198000   -1.707327
518.199000   -1.694137
518.200000   -1.680653
518.201000   -1.666650
518.202000   -1.652085
518.203000   -1.637118
518.204000   -1.622020
518.205000   -1.607055
518.206000   -1.592414
518.207000   -1.578194
518.208000   -1.564391
518.209000   -1.550923
518.210000   -1.537732
518.211000   -1.524956
518.212000   -1.513039
518.213000   -1.502646
518.214000   -1.494434
518.215000   -1.488873
518.216000   -1.486169
518.217000   -1.486265
518.218000   -1.488890
518.219000   -1.493666
518.220000   -1.500276
518.221000   -1.508605
518.222000   -1.518722
518.223000   -1.530705
518.224000   -1.544487
518.225000   -1.559801
518.226000   -1.576225
518.227000   -1.593248
518.228000   -1.610371
518.229000   -1.627191
518.230000   -1.643431
518.231000   -1.658870
518.231000   -1.658870
518.232000   -1.673236
518.233000   -1.686164
518.234000   -1.697222
518.235000   -1.705969
518.236000   -1.712006
518.237000   -1.715018
518.238000   -1.714797
518.239000   -1.711240
518.240000   -1.704367
518.241000   -1.694352
518.242000   -1.681519
518.243000   -1.666280
518.244000   -1.649082
518.245000   -1.630368
518.246000   -1.610556
518.247000   -1.590019
518.248000   -1.569090
518.249000   -1.548159
518.250000   -1.527785
518.251000   -1.508661
518.252000   -1.491421
518.253000   -1.476502
518.254000   -1.464111
518.255000   -1.454257
518.256000   -1.446782
518.257000   -1.441418
518.258000   -1.437869
518.259000   -1.435936
518.260000   -1.435557
518.261000   -1.436709
518.262000   -1.439295
518.263000   -1.443115
518.264000   -1.447906
518.265000   -1.453372
518.266000   -1.459200
518.267000   -1.465067
518.268000   -1.470678
518.269000   -1.475812
518.270000   -1.480315
518.271000   -1.484067
518.272000   -1.486977
518.273000   -1.489003
518.274000   -1.490157
518.275000   -1.490476
518.276000   -1.490005
518.277000   -1.488819
518.278000   -1.487098
518.279000   -1.485162
518.280000   -1.483439
518.281000   -1.482402
518.282000   -1.482522
518.283000   -1.484214
518.284000   -1.487764
518.285000   -1.493268
518.286000   -1.500632
518.287000   -1.509671
518.288000   -1.520233
518.289000   -1.532213
518.290000   -1.545482
518.291000   -1.559835
518.292000   -1.574940
518.293000   -1.590327
518.294000   -1.605375
518.295000   -1.619359
518.296000   -1.631548
518.297000   -1.641315
518.298000   -1.648194
518.299000   -1.651877
518.300000   -1.652196
518.301000   -1.649108
518.302000   -1.642674
518.303000   -1.633052
518.304000   -1.620486
518.305000   -1.605298
518.306000   -1.587851
518.307000   -1.568541
518.308000   -1.547821
518.309000   -1.526237
518.310000   -1.504409
518.311000   -1.482980
518.312000   -1.462544
518.313000   -1.443573
518.314000   -1.426369
518.315000   -1.411091
518.316000   -1.397891
518.317000   -1.387044
518.318000   -1.378919
518.319000   -1.373853
518.320000   -1.372033
518.321000   -1.373430
518.322000   -1.377769
518.323000   -1.384533
518.324000   -1.393066
518.325000   -1.402770
518.326000   -1.413292
518.327000   -1.424502
518.328000   -1.436329
518.329000   -1.448629
518.330000   -1.461152
518.331000   -1.473568
518.332000   -1.485521
518.333000   -1.496705
518.334000   -1.506952
518.335000   -1.516278
518.336000   -1.524839
518.337000   -1.532795
518.338000   -1.540204
518.339000   -1.546994
518.340000   -1.552992
518.341000   -1.557974
518.342000   -1.561726
518.343000   -1.564088
518.344000   -1.564999
518.345000   -1.564547
518.346000   -1.562964
518.347000   -1.560561
518.348000   -1.557644
518.349000   -1.554461
518.350000   -1.551188
518.351000   -1.547926
518.352000   -1.544707
518.353000   -1.541564
518.354000   -1.538671
518.355000   -1.536454
518.356000   -1.535511
518.357000   -1.536375
518.358000   -1.539335
518.359000   -1.544370
518.360000   -1.551180
518.361000   -1.559245
518.362000   -1.567928
518.363000   -1.576651
518.364000   -1.585095
518.365000   -1.593266
518.366000   -1.601344
518.367000   -1.609474
518.368000   -1.617668
518.369000   -1.625822
518.370000   -1.633766
518.371000   -1.641298
518.372000   -1.648229
518.373000   -1.654461
518.374000   -1.660064
518.375000   -1.665230
518.376000   -1.670135
518.377000   -1.674840
518.378000   -1.679291
518.379000   -1.683342
518.380000   -1.686762
518.381000   -1.689241
518.382000   -1.690467
518.383000   -1.690272
518.384000   -1.688734
518.385000   -1.686132
518.386000   -1.682824
518.387000   -1.679174
518.388000   -1.675503
518.389000   -1.672032
518.390000   -1.668818
518.391000   -1.665787
518.392000   -1.662905
518.393000   -1.660374
518.394000   -1.658646
518.395000   -1.658222
518.396000   -1.659472
518.397000   -1.662555
518.398000   -1.667395
518.399000   -1.673662
518.400000   -1.680801
518.401000   -1.688164
518.402000   -1.695233
518.403000   -1.701786
518.404000   -1.707836
518.405000   -1.713449
518.406000   -1.718653
518.407000   -1.723413
518.408000   -1.727621
518.409000   -1.731082
518.410000   -1.733519
518.411000   -1.734664
518.412000   -1.734418
518.413000   -1.732923
518.414000   -1.730495
518.415000   -1.727512
518.416000   -1.724350
518.417000   -1.721320
518.418000   -1.718605
518.419000   -1.716210
518.420000   -1.714015
518.421000   -1.711969
518.422000   -1.710292
518.423000   -1.709464
518.424000   -1.710048
518.425000   -1.712530
518.426000   -1.717208
518.427000   -1.724132
518.428000   -1.733065
518.429000   -1.743554
518.430000   -1.755135
518.431000   -1.767598
518.432000   -1.781022
518.433000   -1.795554
518.434000   -1.811174
518.435000   -1.827595
518.436000   -1.844258
518.437000   -1.860379
518.438000   -1.875039
518.439000   -1.887378
518.440000   -1.896840
518.441000   -1.903302
518.442000   -1.906964
518.443000   -1.908139
518.444000   -1.907126
518.445000   -1.904164
518.446000   -1.899406
518.447000   -1.892914
518.448000   -1.884688
518.449000   -1.874783
518.450000   -1.863437
518.451000   -1.851092
518.452000   -1.838243
518.453000   -1.825287
518.454000   -1.812441
518.455000   -1.799713
518.456000   -1.786892
518.457000   -1.773607
518.458000   -1.759468
518.459000   -1.744340
518.460000   -1.728521
518.461000   -1.712635
518.462000   -1.697357
518.463000   -1.683221
518.464000   -1.670508
518.465000   -1.659208
518.466000   -1.649036
518.467000   -1.639540
518.468000   -1.630376
518.469000   -1.621594
518.470000   -1.613615
518.471000   -1.606909
518.472000   -1.601713
518.473000   -1.597952
518.474000   -1.595280
518.475000   -1.593168
518.476000   -1.591016
518.477000   -1.588343
518.478000   -1.585025
518.479000   -1.581390
518.480000   -1.578003
518.481000   -1.575380
518.482000   -1.573846
518.483000   -1.573536
518.484000   -1.574413
518.485000   -1.576304
518.486000   -1.578959
518.487000   -1.582187
518.488000   -1.585971
518.489000   -1.590407
518.490000   -1.595529
518.491000   -1.601195
518.492000   -1.607077
518.493000   -1.612711
518.494000   -1.617535
518.495000   -1.620948
518.496000   -1.622444
518.497000   -1.621812
518.498000   -1.619252
518.499000   -1.615245
518.500000   -1.610326
518.501000   -1.604946
518.502000   -1.599415
518.503000   -1.593881
518.504000   -1.588306
518.505000   -1.582510
518.506000   -1.576339
518.507000   -1.569924
518.508000   -1.563690
518.509000   -1.558111
518.510000   -1.553492
518.511000   -1.549909
518.512000   -1.547225
518.513000   -1.545114
518.514000   -1.543097
518.515000   -1.540679
518.516000   -1.537595
518.517000   -1.533948
518.518000   -1.530068
518.519000   -1.526270
518.520000   -1.522734
518.521000   -1.519481
518.522000   -1.516383
518.523000   -1.513166
518.524000   -1.509465
518.525000   -1.504997
518.526000   -1.499764
518.527000   -1.494021
518.528000   -1.488079
518.529000   -1.482171
518.530000   -1.476435
518.531000   -1.470924
518.532000   -1.465596
518.533000   -1.460322
518.534000   -1.455006
518.535000   -1.449788
518.536000   -1.445111
518.537000   -1.441557
518.538000   -1.439649
518.539000   -1.439749
518.540000   -1.442008
518.541000   -1.446317
518.542000   -1.452284
518.543000   -1.459303
518.544000   -1.466789
518.545000   -1.474403
518.546000   -1.482093
518.547000   -1.489946
518.548000   -1.498016
518.549000   -1.506248
518.550000   -1.514440
518.551000   -1.522234
518.552000   -1.529129
518.553000   -1.534600
518.554000   -1.538309
518.555000   -1.540299
518.556000   -1.540949
518.557000   -1.540736
518.558000   -1.540009
518.559000   -1.538911
518.560000   -1.537360
518.561000   -1.535067
518.562000   -1.531577
518.563000   -1.526411
518.564000   -1.519335
518.565000   -1.510561
518.566000   -1.500652
518.567000   -1.490259
518.568000   -1.479953
518.569000   -1.470168
518.570000   -1.461150
518.571000   -1.452919
518.572000   -1.445284
518.573000   -1.438056
518.574000   -1.431358
518.575000   -1.425671
518.576000   -1.421556
518.577000   -1.419390
518.578000   -1.419261
518.579000   -1.420933
518.580000   -1.423858
518.581000   -1.427264
518.582000   -1.430378
518.583000   -1.432725
518.584000   -1.434240
518.585000   -1.435077
518.586000   -1.435395
518.587000   -1.435275
518.588000   -1.434732
518.589000   -1.433735
518.590000   -1.432239
518.591000   -1.430267
518.592000   -1.428059
518.593000   -1.426190
518.594000   -1.425433
518.595000   -1.426506
518.596000   -1.429910
518.597000   -1.435880
518.598000   -1.444381
518.599000   -1.455103
518.600000   -1.467496
518.601000   -1.480931
518.602000   -1.494955
518.603000   -1.509372
518.604000   -1.524052
518.605000   -1.538753
518.606000   -1.553079
518.607000   -1.566500
518.608000   -1.578390
518.609000   -1.588083
518.610000   -1.595006
518.611000   -1.598934
518.612000   -1.600142
518.613000   -1.599232
518.614000   -1.596855
518.615000   -1.593553
518.616000   -1.589704
518.617000   -1.585496
518.618000   -1.580914
518.619000   -1.575803
518.620000   -1.570070
518.621000   -1.563951
518.622000   -1.558018
518.623000   -1.552893
518.624000   -1.549033
518.625000   -1.546660
518.626000   -1.545765
518.627000   -1.546110
518.628000   -1.547259
518.629000   -1.548743
518.630000   -1.550391
518.631000   -1.552507
518.632000   -1.555628
518.633000   -1.560193
518.634000   -1.566403
518.635000   -1.574193
518.636000   -1.583238
518.637000   -1.592978
518.638000   -1.602724
518.639000   -1.611934
518.640000   -1.620485
518.641000   -1.628594
518.642000   -1.636513
518.643000   -1.644340
518.644000   -1.651983
518.645000   -1.659179
518.646000   -1.665500
518.647000   -1.670399
518.648000   -1.673383
518.649000   -1.674309
518.650000   -1.673452
518.651000   -1.671246
518.652000   -1.668036
518.653000   -1.664019
518.654000   -1.659244
518.655000   -1.653621
518.656000   -1.646936
518.657000   -1.638928
518.658000   -1.629529
518.659000   -1.619068
518.660000   -1.608180
518.661000   -1.597537
518.662000   -1.587684
518.663000   -1.578991
518.664000   -1.571634
518.665000   -1.565570
518.666000   -1.560555
518.667000   -1.556355
518.668000   -1.553055
518.669000   -1.551093
518.670000   -1.550897
518.671000   -1.552587
518.672000   -1.555936
518.673000   -1.560450
518.674000   -1.565454
518.675000   -1.570183
518.676000   -1.573951
518.677000   -1.576403
518.678000   -1.577605
518.679000   -1.577842
518.680000   -1.577377
518.681000   -1.576383
518.682000   -1.574964
518.683000   -1.573184
518.684000   -1.571056
518.685000   -1.568592
518.686000   -1.565963
518.687000   -1.563656
518.688000   -1.562359
518.689000   -1.562638
518.690000   -1.564730
518.691000   -1.568539
518.692000   -1.573720
518.693000   -1.579752
518.694000   -1.586046
518.695000   -1.592146
518.696000   -1.597926
518.697000   -1.603558
518.698000   -1.609252
518.699000   -1.615026
518.700000   -1.620672
518.701000   -1.625826
518.702000   -1.630046
518.703000   -1.632894
518.704000   -1.634108
518.705000   -1.633789
518.706000   -1.632412
518.707000   -1.630554
518.708000   -1.628586
518.709000   -1.626582
518.710000   -1.624377
518.711000   -1.621669
518.712000   -1.618108
518.713000   -1.613442
518.714000   -1.607653
518.715000   -1.600969
518.716000   -1.593694
518.717000   -1.586042
518.718000   -1.578080
518.719000   -1.569759
518.720000   -1.560950
518.721000   -1.551488
518.722000   -1.541255
518.723000   -1.530321
518.724000   -1.519019
518.725000   -1.507846
518.726000   -1.497276
518.727000   -1.487621
518.728000   -1.479002
518.729000   -1.471394
518.730000   -1.464684
518.731000   -1.458774
518.731000   -1.458774
518.732000   -1.453714
518.733000   -1.449774
518.734000   -1.447346
518.735000   -1.446768
518.736000   -1.448186
518.737000   -1.451516
518.738000   -1.456486
518.739000   -1.462691
518.740000   -1.469693
518.741000   -1.477149
518.742000   -1.484931
518.743000   -1.493116
518.744000   -1.501836
518.745000   -1.511093
518.746000   -1.520672
518.747000   -1.530183
518.748000   -1.539176
518.749000   -1.547266
518.750000   -1.554244
518.751000   -1.560154
518.752000   -1.565252
518.753000   -1.569856
518.754000   -1.574185
518.755000   -1.578297
518.756000   -1.582127
518.757000   -1.585548
518.758000   -1.588436
518.759000   -1.590733
518.760000   -1.592514
518.761000   -1.593997
518.762000   -1.595457
518.763000   -1.597084
518.764000   -1.598855
518.765000   -1.600513
518.766000   -1.601640
518.767000   -1.601773
518.768000   -1.600542
518.769000   -1.597830
518.770000   -1.593843
518.771000   -1.589034
518.772000   -1.583900
518.773000   -1.578811
518.774000   -1.573976
518.775000   -1.569485
518.776000   -1.565377
518.777000   -1.561702
518.778000   -1.558597
518.779000   -1.556329
518.780000   -1.555249
518.781000   -1.555656
518.782000   -1.557650
518.783000   -1.561084
518.784000   -1.565627
518.785000   -1.570856
518.786000   -1.576354
518.787000   -1.581832
518.788000   -1.587211
518.789000   -1.592605
518.790000   -1.598181
518.791000   -1.603988
518.792000   -1.609934
518.793000   -1.615886
518.794000   -1.621759
518.795000   -1.627552
518.796000   -1.633364
518.797000   -1.639410
518.798000   -1.645982
518.799000   -1.653337
518.800000   -1.661588
518.801000   -1.670668
518.802000   -1.680373
518.803000   -1.690406
518.804000   -1.700413
518.805000   -1.710016
518.806000   -1.718856
518.807000   -1.726597
518.808000   -1.732917
518.809000   -1.737565
518.810000   -1.740494
518.811000   -1.741899
518.812000   -1.742096
518.813000   -1.741393
518.814000   -1.740032
518.815000   -1.738132
518.816000   -1.735646
518.817000   -1.732325
518.818000   -1.727826
518.819000   -1.721984
518.820000   -1.714950
518.821000   -1.707019
518.822000   -1.698435
518.823000   -1.689342
518.824000   -1.679804
518.825000   -1.669811
518.826000   -1.659287
518.827000   -1.648153
518.828000   -1.636509
518.829000   -1.624742
518.830000   -1.613365
518.831000   -1.602819
518.832000   -1.593397
518.833000   -1.585244
518.834000   -1.578369
518.835000   -1.572648
518.836000   -1.567877
518.837000   -1.563884
518.838000   -1.560620
518.839000   -1.558119
518.840000   -1.556418
518.841000   -1.555525
518.842000   -1.555404
518.843000   -1.555950
518.844000   -1.556978
518.845000   -1.558243
518.846000   -1.559544
518.847000   -1.560846
518.848000   -1.562284
518.849000   -1.564122
518.850000   -1.566709
518.851000   -1.570364
518.852000   -1.575267
518.853000   -1.581380
518.854000   -1.588448
518.855000   -1.596114
518.856000   -1.604116
518.857000   -1.612384
518.858000   -1.621010
518.859000   -1.630210
518.860000   -1.640213
518.861000   -1.651127
518.862000   -1.662867
518.863000   -1.675157
518.864000   -1.687616
518.865000   -1.699920
518.866000   -1.711916
518.867000   -1.723594
518.868000   -1.735043
518.869000   -1.746379
518.870000   -1.757592
518.871000   -1.768454
518.872000   -1.778493
518.873000   -1.787047
518.874000   -1.793387
518.875000   -1.796883
518.876000   -1.797095
518.877000   -1.793809
518.878000   -1.787038
518.879000   -1.776961
518.880000   -1.763856
518.881000   -1.748040
518.882000   -1.729832
518.883000   -1.709604
518.884000   -1.687877
518.885000   -1.665350
518.886000   -1.642813
518.887000   -1.621054
518.888000   -1.600760
518.889000   -1.582411
518.890000   -1.566228
518.891000   -1.552203
518.892000   -1.540226
518.893000   -1.530246
518.894000   -1.522337
518.895000   -1.516655
518.896000   -1.513382
518.897000   -1.512632
518.898000   -1.514352
518.899000   -1.518281
518.900000   -1.524006
518.901000   -1.531102
518.902000   -1.539298
518.903000   -1.548557
518.904000   -1.558979
518.905000   -1.570624
518.906000   -1.583345
518.907000   -1.596723
518.908000   -1.610132
518.909000   -1.622877
518.910000   -1.634365
518.911000   -1.644268
518.912000   -1.652572
518.913000   -1.659461
518.914000   -1.665091
518.915000   -1.669449
518.916000   -1.672396
518.917000   -1.673772
518.918000   -1.673493
518.919000   -1.671621
518.920000   -1.668435
518.921000   -1.664416
518.922000   -1.660108
518.923000   -1.655961
518.924000   -1.652315
518.925000   -1.649448
518.926000   -1.647549
518.927000   -1.646661
518.928000   -1.646712
518.929000   -1.647586
518.930000   -1.649139
518.931000   -1.651143
518.932000   -1.653243
518.933000   -1.655107
518.934000   -1.656612
518.935000   -1.657778
518.936000   -1.658567
518.937000   -1.658824
518.938000   -1.658334
518.939000   -1.656888
518.940000   -1.654291
518.941000   -1.650328
518.942000   -1.644821
518.943000   -1.637770
518.944000   -1.629367
518.945000   -1.619848
518.946000   -1.609399
518.947000   -1.598170
518.948000   -1.586312
518.949000   -1.573974
518.950000   -1.561298
518.951000   -1.548431
518.952000   -1.535587
518.953000   -1.523078
518.954000   -1.511266
518.955000   -1.500506
518.956000   -1.491109
518.957000   -1.483319
518.958000   -1.477272
518.959000   -1.472975
518.960000   -1.470316
518.961000   -1.469167
518.962000   -1.469499
518.963000   -1.471353
518.964000   -1.474724
518.965000   -1.479507
518.966000   -1.485498
518.967000   -1.492389
518.968000   -1.499755
518.969000   -1.507096
518.970000   -1.514005
518.971000   -1.520363
518.972000   -1.526326
518.973000   -1.532148
518.974000   -1.538068
518.975000   -1.544263
518.976000   -1.550780
518.977000   -1.557453
518.978000   -1.563886
518.979000   -1.569621
518.980000   -1.574441
518.981000   -1.578459
518.982000   -1.581912
518.983000   -1.584980
518.984000   -1.587745
518.985000   -1.590176
518.986000   -1.592088
518.987000   -1.593147
518.988000   -1.592979
518.989000   -1.591400
518.990000   -1.588572
518.991000   -1.584906
518.992000   -1.580848
518.993000   -1.576748
518.994000   -1.572784
518.995000   -1.568934
518.996000   -1.564980
518.997000   -1.560581
518.998000   -1.555468
518.999000   -1.549641
519.000000   -1.543343
519.001000   -1.536816
519.002000   -1.530126
519.003000   -1.523156
519.004000   -1.515675
519.005000   -1.507402
519.006000   -1.498098
519.007000   -1.487711
519.008000   -1.476490
519.009000   -1.464904
519.010000   -1.453468
519.011000   -1.442633
519.012000   -1.432763
519.013000   -1.424097
519.014000   -1.416724
519.015000   -1.410590
519.016000   -1.405614
519.017000   -1.401838
519.018000   -1.399448
519.019000   -1.398672
519.020000   -1.399680
519.021000   -1.402537
519.022000   -1.407152
519.023000   -1.413253
519.024000   -1.420433
519.025000   -1.428277
519.026000   -1.436520
519.027000   -1.445111
519.028000   -1.454129
519.029000   -1.463674
519.030000   -1.473767
519.031000   -1.484261
519.032000   -1.494811
519.033000   -1.504909
519.034000   -1.514016
519.035000   -1.521760
519.036000   -1.528076
519.037000   -1.533166
519.038000   -1.537286
519.039000   -1.540553
519.040000   -1.542895
519.041000   -1.544150
519.042000   -1.544167
519.043000   -1.542933
519.044000   -1.540717
519.045000   -1.538138
519.046000   -1.536002
519.047000   -1.534939
519.048000   -1.535125
519.049000   -1.536365
519.050000   -1.538340
519.051000   -1.540780
519.052000   -1.543562
519.053000   -1.546783
519.054000   -1.550785
519.055000   -1.556018
519.056000   -1.562704
519.057000   -1.570593
519.058000   -1.579090
519.059000   -1.587565
519.060000   -1.595524
519.061000   -1.602672
519.062000   -1.608946
519.063000   -1.614529
519.064000   -1.619727
519.065000   -1.624704
519.066000   -1.629279
519.067000   -1.633057
519.068000   -1.635684
519.069000   -1.636981
519.070000   -1.636972
519.071000   -1.635887
519.072000   -1.634133
519.073000   -1.632185
519.074000   -1.630409
519.075000   -1.628952
519.076000   -1.627838
519.077000   -1.627089
519.078000   -1.626776
519.079000   -1.627012
519.080000   -1.627942
519.081000   -1.629699
519.082000   -1.632339
519.083000   -1.635792
519.084000   -1.639907
519.085000   -1.644532
519.086000   -1.649543
519.087000   -1.654837
519.088000   -1.660332
519.089000   -1.665947
519.090000   -1.671540
519.091000   -1.676863
519.092000   -1.681610
519.093000   -1.685590
519.094000   -1.688826
519.095000   -1.691445
519.096000   -1.693554
519.097000   -1.695215
519.098000   -1.696437
519.099000   -1.697160
519.100000   -1.697222
519.101000   -1.696401
519.102000   -1.694582
519.103000   -1.691895
519.104000   -1.688651
519.105000   -1.685202
519.106000   -1.681873
519.107000   -1.678944
519.108000   -1.676593
519.109000   -1.674850
519.110000   -1.673600
519.111000   -1.672728
519.112000   -1.672321
519.113000   -1.672686
519.114000   -1.674185
519.115000   -1.677109
519.116000   -1.681611
519.117000   -1.687649
519.118000   -1.694951
519.119000   -1.703033
519.120000   -1.711366
519.121000   -1.719614
519.122000   -1.727685
519.123000   -1.735591
519.124000   -1.743353
519.125000   -1.750968
519.126000   -1.758372
519.127000   -1.765379
519.128000   -1.771685
519.129000   -1.776977
519.130000   -1.781140
519.131000   -1.784322
519.132000   -1.786827
519.133000   -1.789024
519.134000   -1.791296
519.135000   -1.793936
519.136000   -1.797049
519.137000   -1.800508
519.138000   -1.804033
519.139000   -1.807370
519.140000   -1.810414
519.141000   -1.813187
519.142000   -1.815822
519.143000   -1.818556
519.144000   -1.821598
519.145000   -1.824973
519.146000   -1.828446
519.147000   -1.831573
519.148000   -1.833854
519.149000   -1.834889
519.150000   -1.834420
519.151000   -1.832338
519.152000   -1.828720
519.153000   -1.823780
519.154000   -1.817710
519.155000   -1.810591
519.156000   -1.802402
519.157000   -1.793115
519.158000   -1.782799
519.159000   -1.771619
519.160000   -1.759792
519.161000   -1.747604
519.162000   -1.735415
519.163000   -1.723558
519.164000   -1.712240
519.165000   -1.701528
519.166000   -1.691421
519.167000   -1.681921
519.168000   -1.673031
519.169000   -1.664715
519.170000   -1.656971
519.171000   -1.649917
519.172000   -1.643716
519.173000   -1.638418
519.174000   -1.633909
519.175000   -1.629960
519.176000   -1.626294
519.177000   -1.622583
519.178000   -1.618451
519.179000   -1.613634
519.180000   -1.608206
519.181000   -1.602534
519.182000   -1.597003
519.183000   -1.591837
519.184000   -1.587087
519.185000   -1.582680
519.186000   -1.578433
519.187000   -1.574047
519.188000   -1.569232
519.189000   -1.563944
519.190000   -1.558440
519.191000   -1.553070
519.192000   -1.548073
519.193000   -1.543527
519.194000   -1.539347
519.195000   -1.535265
519.196000   -1.530820
519.197000   -1.525477
519.198000   -1.518892
519.199000   -1.511080
519.200000   -1.502288
519.201000   -1.492755
519.202000   -1.482560
519.203000   -1.471560
519.204000   -1.459402
519.205000   -1.445612
519.206000   -1.429768
519.207000   -1.411751
519.208000   -1.391916
519.209000   -1.370976
519.210000   -1.349752
519.211000   -1.328969
519.212000   -1.309150
519.213000   -1.290584
519.214000   -1.273328
519.215000   -1.257268
519.216000   -1.242310
519.217000   -1.228631
519.218000   -1.216659
519.219000   -1.206830
519.220000   -1.199421
519.221000   -1.194552
519.222000   -1.192239
519.223000   -1.192371
519.224000   -1.194701
519.225000   -1.198968
519.226000   -1.205119
519.227000   -1.213347
519.228000   -1.223890
519.229000   -1.236857
519.230000   -1.252250
519.231000   -1.269985
519.231000   -1.269985
519.232000   -1.289831
519.233000   -1.311320
519.234000   -1.333793
519.235000   -1.356600
519.236000   -1.379248
519.237000   -1.401363
519.238000   -1.422558
519.239000   -1.442391
519.240000   -1.460377
519.241000   -1.475995
519.242000   -1.488716
519.243000   -1.498097
519.244000   -1.503920
519.245000   -1.506286
519.246000   -1.505559
519.247000   -1.502214
519.248000   -1.496719
519.249000   -1.489489
519.250000   -1.480862
519.251000   -1.471065
519.252000   -1.460219
519.253000   -1.448447
519.254000   -1.435977
519.255000   -1.423098
519.256000   -1.410035
519.257000   -1.396922
519.258000   -1.383868
519.259000   -1.370974
519.260000   -1.358249
519.261000   -1.345610
519.262000   -1.333017
519.263000   -1.320643
519.264000   -1.308887
519.265000   -1.298216
519.266000   -1.289083
519.267000   -1.281943
519.268000   -1.277183
519.269000   -1.274967
519.270000   -1.275190
519.271000   -1.277592
519.272000   -1.281969
519.273000   -1.288292
519.274000   -1.296645
519.275000   -1.307108
519.276000   -1.319676
519.277000   -1.334198
519.278000   -1.350350
519.279000   -1.367700
519.280000   -1.385828
519.281000   -1.404466
519.282000   -1.423569
519.283000   -1.443267
519.284000   -1.463717
519.285000   -1.484958
519.286000   -1.506868
519.287000   -1.529195
519.288000   -1.551590
519.289000   -1.573657
519.290000   -1.595027
519.291000   -1.615423
519.292000   -1.634615
519.293000   -1.652364
519.294000   -1.668486
519.295000   -1.682934
519.296000   -1.695744
519.297000   -1.706909
519.298000   -1.716379
519.299000   -1.724149
519.300000   -1.730319
519.301000   -1.735056
519.302000   -1.738532
519.303000   -1.741013
519.304000   -1.742983
519.305000   -1.745000
519.306000   -1.747424
519.307000   -1.750323
519.308000   -1.753561
519.309000   -1.756917
519.310000   -1.760113
519.311000   -1.762796
519.312000   -1.764615
519.313000   -1.765394
519.314000   -1.765114
519.315000   -1.763751
519.316000   -1.761214
519.317000   -1.757421
519.318000   -1.752392
519.319000   -1.746293
519.320000   -1.739396
519.321000   -1.732054
519.322000   -1.724672
519.323000   -1.717639
519.324000   -1.711225
519.325000   -1.705552
519.326000   -1.700658
519.327000   -1.696583
519.328000   -1.693411
519.329000   -1.691243
519.330000   -1.690128
519.331000   -1.690042
519.332000   -1.690924
519.333000   -1.692692
519.334000   -1.695259
519.335000   -1.698595
519.336000   -1.702784
519.337000   -1.708016
519.338000   -1.714473
519.339000   -1.722227
519.340000   -1.731255
519.341000   -1.741542
519.342000   -1.753077
519.343000   -1.765765
519.344000   -1.779421
519.345000   -1.793844
519.346000   -1.808826
519.347000   -1.824080
519.348000   -1.839163
519.349000   -1.853515
519.350000   -1.866628
519.351000   -1.878147
519.352000   -1.887803
519.353000   -1.895387
519.354000   -1.900818
519.355000   -1.904181
519.356000   -1.905652
519.357000   -1.905407
519.358000   -1.903574
519.359000   -1.900281
519.360000   -1.895674
519.361000   -1.889840
519.362000   -1.882775
519.363000   -1.874465
519.364000   -1.864956
519.365000   -1.854344
519.366000   -1.842680
519.367000   -1.829923
519.368000   -1.815965
519.369000   -1.800703
519.370000   -1.784049
519.371000   -1.765933
519.372000   -1.746390
519.373000   -1.725660
519.374000   -1.704148
519.375000   -1.682270
519.376000   -1.660327
519.377000   -1.638513
519.378000   -1.617022
519.379000   -1.596043
519.380000   -1.575688
519.381000   -1.556025
519.382000   -1.537212
519.383000   -1.519536
519.384000   -1.503300
519.385000   -1.488708
519.386000   -1.475853
519.387000   -1.464792
519.388000   -1.455563
519.389000   -1.448130
519.390000   -1.442413
519.391000   -1.438442
519.392000   -1.436418
519.393000   -1.436608
519.394000   -1.439205
519.395000   -1.444258
519.396000   -1.451650
519.397000   -1.461035
519.398000   -1.471800
519.399000   -1.483177
519.400000   -1.494465
519.401000   -1.505192
519.402000   -1.515072
519.403000   -1.523897
519.404000   -1.531452
519.405000   -1.537433
519.406000   -1.541358
519.407000   -1.542604
519.408000   -1.540603
519.409000   -1.535097
519.410000   -1.526300
519.411000   -1.514799
519.412000   -1.501349
519.413000   -1.486716
519.414000   -1.471558
519.415000   -1.456347
519.416000   -1.441330
519.417000   -1.426578
519.418000   -1.412159
519.419000   -1.398362
519.420000   -1.385702
519.421000   -1.374726
519.422000   -1.365829
519.423000   -1.359183
519.424000   -1.354697
519.425000   -1.351994
519.426000   -1.350442
519.427000   -1.349373
519.428000   -1.348411
519.429000   -1.347597
519.430000   -1.347192
519.431000   -1.347442
519.432000   -1.348464
519.433000   -1.350173
519.434000   -1.352214
519.435000   -1.353985
519.436000   -1.354817
519.437000   -1.354268
519.438000   -1.352392
519.439000   -1.349710
519.440000   -1.346973
519.441000   -1.344929
519.442000   -1.344083
519.443000   -1.344487
519.444000   -1.345712
519.445000   -1.347056
519.446000   -1.347916
519.447000   -1.348235
519.448000   -1.348600
519.449000   -1.349864
519.450000   -1.352710
519.451000   -1.357396
519.452000   -1.363713
519.453000   -1.371124
519.454000   -1.378959
519.455000   -1.386606
519.456000   -1.393801
519.457000   -1.400807
519.458000   -1.408235
519.459000   -1.416692
519.460000   -1.426552
519.461000   -1.437899
519.462000   -1.450544
519.463000   -1.464046
519.464000   -1.477771
519.465000   -1.491083
519.466000   -1.503664
519.467000   -1.515632
519.468000   -1.527325
519.469000   -1.539012
519.470000   -1.550773
519.471000   -1.562506
519.472000   -1.573945
519.473000   -1.584702
519.474000   -1.594381
519.475000   -1.602759
519.476000   -1.609861
519.477000   -1.615850
519.478000   -1.620864
519.479000   -1.624965
519.480000   -1.628172
519.481000   -1.630441
519.482000   -1.631642
519.483000   -1.631620
519.484000   -1.630322
519.485000   -1.627885
519.486000   -1.624576
519.487000   -1.620665
519.488000   -1.616397
519.489000   -1.612056
519.490000   -1.607962
519.491000   -1.604385
519.492000   -1.601534
519.493000   -1.599629
519.494000   -1.598940
519.495000   -1.599703
519.496000   -1.602005
519.497000   -1.605800
519.498000   -1.611052
519.499000   -1.617768
519.500000   -1.625854
519.501000   -1.635047
519.502000   -1.645022
519.503000   -1.655523
519.504000   -1.666376
519.505000   -1.677385
519.506000   -1.688277
519.507000   -1.698763
519.508000   -1.708616
519.509000   -1.717643
519.510000   -1.725666
519.511000   -1.732580
519.512000   -1.738410
519.513000   -1.743238
519.514000   -1.747086
519.515000   -1.749844
519.516000   -1.751360
519.517000   -1.751616
519.518000   -1.750782
519.519000   -1.749112
519.520000   -1.746922
519.521000   -1.744616
519.522000   -1.742634
519.523000   -1.741301
519.524000   -1.740717
519.525000   -1.740791
519.526000   -1.741447
519.527000   -1.742757
519.528000   -1.744847
519.529000   -1.747835
519.530000   -1.751887
519.531000   -1.757182
519.532000   -1.763725
519.533000   -1.771201
519.534000   -1.779017
519.535000   -1.786568
519.536000   -1.793524
519.537000   -1.799793
519.538000   -1.805340
519.539000   -1.810206
519.540000   -1.814547
519.541000   -1.818496
519.542000   -1.822016
519.543000   -1.824869
519.544000   -1.826756
519.545000   -1.827490
519.546000   -1.826997
519.547000   -1.825214
519.548000   -1.822159
519.549000   -1.818034
519.550000   -1.813112
519.551000   -1.807549
519.552000   -1.801311
519.553000   -1.794247
519.554000   -1.786222
519.555000   -1.777152
519.556000   -1.766992
519.557000   -1.755863
519.558000   -1.744236
519.559000   -1.732802
519.560000   -1.722169
519.561000   -1.712695
519.562000   -1.704504
519.563000   -1.697549
519.564000   -1.691626
519.565000   -1.686353
519.566000   -1.681356
519.567000   -1.676627
519.568000   -1.672526
519.569000   -1.669390
519.570000   -1.667266
519.571000   -1.665918
519.572000   -1.664950
519.573000   -1.663906
519.574000   -1.662264
519.575000   -1.659506
519.576000   -1.655398
519.577000   -1.650140
519.578000   -1.644090
519.579000   -1.637460
519.580000   -1.630286
519.581000   -1.622549
519.582000   -1.614284
519.583000   -1.605542
519.584000   -1.596308
519.585000   -1.586576
519.586000   -1.576508
519.587000   -1.566380
519.588000   -1.556402
519.589000   -1.546675
519.590000   -1.537299
519.591000   -1.528453
519.592000   -1.520314
519.593000   -1.512905
519.594000   -1.506083
519.595000   -1.499772
519.596000   -1.494123
519.597000   -1.489333
519.598000   -1.485478
519.599000   -1.482545
519.600000   -1.480493
519.601000   -1.479194
519.602000   -1.478295
519.603000   -1.477165
519.604000   -1.475139
519.605000   -1.471948
519.606000   -1.467761
519.607000   -1.462867
519.608000   -1.457523
519.609000   -1.451974
519.610000   -1.446423
519.611000   -1.440898
519.612000   -1.435165
519.613000   -1.428828
519.614000   -1.421657
519.615000   -1.413875
519.616000   -1.405998
519.617000   -1.398537
519.618000   -1.391895
519.619000   -1.386336
519.620000   -1.381925
519.621000   -1.378490
519.622000   -1.375673
519.623000   -1.373100
519.624000   -1.370581
519.625000   -1.368096
519.626000   -1.365636
519.627000   -1.363170
519.628000   -1.360665
519.629000   -1.358057
519.630000   -1.355204
519.631000   -1.351866
519.632000   -1.347772
519.633000   -1.342762
519.634000   -1.336863
519.635000   -1.330256
519.636000   -1.323277
519.637000   -1.316386
519.638000   -1.310004
519.639000   -1.304346
519.640000   -1.299357
519.641000   -1.294792
519.642000   -1.290410
519.643000   -1.286139
519.644000   -1.282079
519.645000   -1.278563
519.646000   -1.276224
519.647000   -1.275810
519.648000   -1.277871
519.649000   -1.282607
519.650000   -1.289891
519.651000   -1.299434
519.652000   -1.310952
519.653000   -1.324196
519.654000   -1.339014
519.655000   -1.355461
519.656000   -1.373654
519.657000   -1.393473
519.658000   -1.414431
519.659000   -1.435751
519.660000   -1.456588
519.661000   -1.476229
519.662000   -1.494133
519.663000   -1.509898
519.664000   -1.523291
519.665000   -1.534193
519.666000   -1.542475
519.667000   -1.547959
519.668000   -1.550479
519.669000   -1.550015
519.670000   -1.546775
519.671000   -1.541118
519.672000   -1.533446
519.673000   -1.524205
519.674000   -1.513879
519.675000   -1.502865
519.676000   -1.491382
519.677000   -1.479500
519.678000   -1.467261
519.679000   -1.454755
519.680000   -1.442065
519.681000   -1.429235
519.682000   -1.416429
519.683000   -1.404019
519.684000   -1.392432
519.685000   -1.381964
519.686000   -1.372778
519.687000   -1.365004
519.688000   -1.358800
519.689000   -1.354252
519.690000   -1.351283
519.691000   -1.349814
519.692000   -1.350067
519.693000   -1.352473
519.694000   -1.357333
519.695000   -1.364660
519.696000   -1.374241
519.697000   -1.385721
519.698000   -1.398585
519.699000   -1.412129
