1091501	-0.167873 
1091502	-0.172133 
1091503	-0.168808 
1091504	-0.157249 
1091505	-0.137932 
1091506	-0.112348 
1091507	-0.082789 
1091508	-0.052112 
1091509	-0.023427 
1091510	0.000267 
1091511	0.016494 
1091512	0.023655 
1091513	0.021288 
1091514	0.010130 
1091515	-0.007953 
1091516	-0.030198 
1091517	-0.053234 
1091518	-0.073464 
1091519	-0.087506 
1091520	-0.092627 
1091521	-0.087099 
1091522	-0.070444 
1091523	-0.043553 
1091524	-0.008638 
1091525	0.030977 
1091526	0.071235 
1091527	0.107766 
1091528	0.136315 
1091529	0.153216 
1091530	0.155944 
1091531	0.143639 
1091532	0.117342 
1091533	0.079738 
1091534	0.034640 
1091535	-0.013568 
1091536	-0.060458 
1091537	-0.102085 
1091538	-0.135379 
1091539	-0.158370 
1091540	-0.170159 
1091541	-0.170751 
1091542	-0.160800 
1091543	-0.141429 
1091544	-0.114195 
1091545	-0.081219 
1091546	-0.045421 
1091547	-0.010643 
1091548	0.018471 
1091549	0.037037 
1091550	0.040934 
1091551	0.028028 
1091552	-0.001009 
1091553	-0.042831 
1091554	-0.092409 
1091555	-0.144245 
1091556	-0.193283 
1091557	-0.235468 
1091558	-0.268008 
1091559	-0.289289 
1091560	-0.298614 
1091561	-0.295921 
1091562	-0.281707 
1091563	-0.257111 
1091564	-0.224114 
1091565	-0.185681 
1091566	-0.145683 
1091567	-0.108512 
1091568	-0.078392 
1091569	-0.058589 
1091570	-0.050788 
1091571	-0.054837 
1091572	-0.068968 
1091573	-0.090402 
1091574	-0.116076 
1091575	-0.143270 
1091576	-0.169944 
1091577	-0.194801 
1091578	-0.217150 
1091579	-0.236718 
1091580	-0.253558 
1091581	-0.268011 
1091582	-0.280721 
1091583	-0.292621 
1091584	-0.304766 
1091585	-0.318072 
1091586	-0.332984 
1091587	-0.349254 
1091588	-0.365930 
1091589	-0.381559 
1091590	-0.394542 
1091591	-0.403488 
1091592	-0.407454 
1091593	-0.406001 
1091594	-0.399070 
1091595	-0.386807 
1091596	-0.369437 
1091597	-0.347299 
1091598	-0.321029 
1091599	-0.291797 
1091600	-0.261455 
1091601	-0.232496 
1091602	-0.207752 
1091603	-0.189922 
1091604	-0.181055 
1091605	-0.182219 
1091606	-0.193415 
1091607	-0.213768 
1091608	-0.241825 
1091609	-0.275864 
1091610	-0.313994 
1091611	-0.354074 
1091612	-0.393494 
1091613	-0.429013 
1091614	-0.456874 
1091615	-0.473286 
1091616	-0.475202 
1091617	-0.461101 
1091618	-0.431446 
1091619	-0.388603 
1091620	-0.336371 
1091621	-0.279384 
1091622	-0.222495 
1091623	-0.170225 
1091624	-0.126455 
1091625	-0.094332 
1091626	-0.076102 
1091627	-0.072859 
1091628	-0.084187 
1091629	-0.108068 
1091630	-0.141047 
1091631	-0.178762 
1091632	-0.216707 
1091633	-0.250997 
1091634	-0.278897 
1091635	-0.299092 
1091636	-0.311682 
1091637	-0.317903 
1091638	-0.319616 
1091639	-0.318718 
1091640	-0.316699 
1091641	-0.314465 
1091642	-0.312478 
1091643	-0.311060 
1091644	-0.310694 
1091645	-0.312086 
1091646	-0.315989 
1091647	-0.322852 
1091648	-0.332496 
1091649	-0.344010 
1091650	-0.355876 
1091651	-0.366324 
1091652	-0.373732 
1091653	-0.376947 
1091654	-0.375381 
1091655	-0.368895 
1091656	-0.357492 
1091657	-0.341096 
1091658	-0.319466 
1091659	-0.292335 
1091660	-0.259711 
1091661	-0.222183 
1091662	-0.181184 
1091663	-0.139030 
1091664	-0.098745 
1091665	-0.063681 
1091666	-0.037098 
1091667	-0.021691 
1091668	-0.019175 
1091669	-0.029990 
1091670	-0.053234 
1091671	-0.086829 
1091672	-0.127842 
1091673	-0.172816 
1091674	-0.218042 
1091675	-0.259786 
1091676	-0.294612 
1091677	-0.319804 
1091678	-0.333847 
1091679	-0.336675 
1091680	-0.329650 
1091681	-0.315215 
1091682	-0.296362 
1091683	-0.276065 
1091684	-0.256853 
1091685	-0.240618 
1091686	-0.228668 
1091687	-0.221831 
1091688	-0.220598 
1091689	-0.225081 
1091690	-0.234885 
1091691	-0.248869 
1091692	-0.265033 
1091693	-0.280651 
1091694	-0.292675 
1091695	-0.298277 
1091696	-0.295367 
1091697	-0.282937 
1091698	-0.261141 
1091699	-0.231143 
1091700	-0.194864 
1091701	-0.154762 
1091702	-0.113722 
1091703	-0.075034 
1091704	-0.042263 
1091705	-0.019002 
1091706	-0.008367 
1091707	-0.012307 
1091708	-0.030960 
1091709	-0.062396 
1091710	-0.102852 
1091711	-0.147350 
1091712	-0.190533 
1091713	-0.227544 
1091714	-0.254680 
1091715	-0.269704 
1091716	-0.271840 
1091717	-0.261565 
1091718	-0.240277 
1091719	-0.210088 
1091720	-0.173767 
1091721	-0.134770 
1091722	-0.097185 
1091723	-0.065376 
1091724	-0.043380 
1091725	-0.034114 
1091726	-0.038639 
1091727	-0.055782 
1091728	-0.082332 
1091729	-0.113765 
1091730	-0.145218 
1091731	-0.172382 
1091732	-0.192074 
1091733	-0.202430 
1091734	-0.202728 
1091735	-0.193057 
1091736	-0.174004 
1091737	-0.146555 
1091738	-0.112243 
1091739	-0.073422 
1091740	-0.033483 
1091741	0.003229 
1091742	0.031912 
1091743	0.048284 
1091744	0.049799 
1091745	0.036493 
1091746	0.010996 
1091747	-0.022276 
1091748	-0.058254 
1091749	-0.092170 
1091750	-0.120175 
1091751	-0.139615 
1091752	-0.149006 
1091753	-0.147864 
1091754	-0.136509 
1091755	-0.116050 
1091756	-0.088485 
1091757	-0.056770 
1091758	-0.024761 
1091759	0.003183 
1091760	0.022854 
1091761	0.031013 
1091762	0.026140 
1091763	0.008744 
1091764	-0.018812 
1091765	-0.052942 
1091766	-0.089661 
1091767	-0.125274 
1091768	-0.156701 
1091769	-0.181487 
1091770	-0.197625 
1091771	-0.203442 
1091772	-0.197705 
1091773	-0.179927 
1091774	-0.150806 
1091775	-0.112617 
1091776	-0.069415 
1091777	-0.026848 
1091778	0.008611 
1091779	0.030859 
1091780	0.035468 
1091781	0.020663 
1091782	-0.012367 
1091783	-0.060013 
1091784	-0.117310 
1091785	-0.179021 
1091786	-0.240432 
1091787	-0.297663 
1091788	-0.347563 
1091789	-0.387516 
1091790	-0.415405 
1091791	-0.429799 
1091792	-0.430195 
1091793	-0.417149 
1091794	-0.392134 
1091795	-0.357194 
1091796	-0.314576 
1091797	-0.266549 
1091798	-0.215459 
1091799	-0.163968 
1091800	-0.115256 
1091801	-0.073007 
1091802	-0.041029 
1091803	-0.022514 
1091804	-0.019223 
1091805	-0.030827 
1091806	-0.054806 
1091807	-0.086932 
1091808	-0.122154 
1091809	-0.155610 
1091810	-0.183417 
1091811	-0.203125 
1091812	-0.213719 
1091813	-0.215363 
1091814	-0.209026 
1091815	-0.196145 
1091816	-0.178395 
1091817	-0.157582 
1091818	-0.135659 
1091819	-0.114665 
1091820	-0.096582 
1091821	-0.083007 
1091822	-0.074814 
1091823	-0.071909 
1091824	-0.073216 
1091825	-0.076928 
1091826	-0.080954 
1091827	-0.083420 
1091828	-0.083047 
1091829	-0.079340 
1091830	-0.072560 
1091831	-0.063572 
1091832	-0.053618 
1091833	-0.044122 
1091834	-0.036525 
1091835	-0.032177 
1091836	-0.032223 
1091837	-0.037484 
1091838	-0.048302 
1091839	-0.064421 
1091840	-0.084928 
1091841	-0.108314 
1091842	-0.132621 
1091843	-0.155672 
1091844	-0.175305 
1091845	-0.189575 
1091846	-0.196887 
1091847	-0.196025 
1091848	-0.186166 
1091849	-0.166887 
1091850	-0.138280 
1091851	-0.101190 
1091852	-0.057584 
1091853	-0.010831 
1091854	0.034244 
1091855	0.071886 
1091856	0.096388 
1091857	0.103319 
1091858	0.090685 
1091859	0.059495 
1091860	0.013389 
1091861	-0.042325 
1091862	-0.101802 
1091863	-0.159690 
1091864	-0.211683 
1091865	-0.254501 
1091866	-0.285610 
1091867	-0.302921 
1091868	-0.304668 
1091869	-0.289463 
1091870	-0.256487 
1091871	-0.205793 
1091872	-0.138751 
1091873	-0.058694 
1091874	0.028412 
1091875	0.113731 
1091876	0.186199 
1091877	0.233899 
1091878	0.247288 
1091879	0.223954 
1091880	0.170506 
1091881	0.099418 
1091882	0.024228 
1091883	-0.043315 
1091884	-0.094400 
1091885	-0.123354 
1091886	-0.127307 
1091887	-0.105898 
1091888	-0.061404 
1091889	0.000791 
1091890	0.071889 
1091891	0.140031 
1091892	0.191503 
1091893	0.213799 
1091894	0.200606 
1091895	0.154868 
1091896	0.086500 
1091897	0.007132 
1091898	-0.073113 
1091899	-0.146282 
1091900	-0.206741 
1091901	-0.250861 
1091902	-0.276235 
1091903	-0.281169 
1091904	-0.264557 
1091905	-0.226068 
1091906	-0.166420 
1091907	-0.087851 
1091908	0.005142 
1091909	0.104970 
1091910	0.200764 
1091911	0.278711 
1091912	0.323788 
1091913	0.325630 
1091914	0.284786 
1091915	0.212433 
1091916	0.123906 
1091917	0.033089 
1091918	-0.049232 
1091919	-0.115800 
1091920	-0.162540 
1091921	-0.187754 
1091922	-0.191404 
1091923	-0.174714 
1091924	-0.139988 
1091925	-0.090668 
1091926	-0.031521 
1091927	0.031328 
1091928	0.090760 
1091929	0.139082 
1091930	0.168757 
1091931	0.174169 
1091932	0.153937 
1091933	0.111801 
1091934	0.055255 
1091935	-0.006851 
1091936	-0.065924 
1091937	-0.114509 
1091938	-0.146963 
1091939	-0.159791 
1091940	-0.151671 
1091941	-0.123400 
1091942	-0.077930 
1091943	-0.020476 
1091944	0.041587 
1091945	0.099352 
1091946	0.143510 
1091947	0.166072 
1091948	0.162725 
1091949	0.134509 
1091950	0.087267 
1091951	0.029337 
1091952	-0.030563 
1091953	-0.084476 
1091954	-0.125845 
1091955	-0.149937 
1091956	-0.153971 
1091957	-0.137136 
1091958	-0.100680 
1091959	-0.048060 
1091960	0.015000 
1091961	0.080848 
1091962	0.140645 
1091963	0.185192 
1091964	0.206415 
1091965	0.199906 
1091966	0.166747 
1091967	0.112872 
1091968	0.046528 
1091969	-0.023830 
1091970	-0.090642 
1091971	-0.147947 
1091972	-0.191556 
1091973	-0.218749 
1091974	-0.228044 
1091975	-0.219081 
1091976	-0.192613 
1091977	-0.150493 
1091978	-0.095786 
1091979	-0.032937 
1091980	0.032211 
1091981	0.092850 
1091982	0.141653 
1091983	0.171439 
1091984	0.176722 
1091985	0.155594 
1091986	0.110379 
1091987	0.046568 
1091988	-0.028871 
1091989	-0.108709 
1091990	-0.186240 
1091991	-0.255934 
1091992	-0.313672 
1091993	-0.356617 
1091994	-0.382944 
1091995	-0.391661 
1091996	-0.382465 
1091997	-0.355599 
1091998	-0.311796 
1091999	-0.252493 
1092000	-0.180384 
1092001	-0.100141 
1092002	-0.018777 
1092003	0.054620 
1092004	0.109393 
1092005	0.135250 
1092006	0.126600 
1092007	0.085871 
1092008	0.022423 
1092009	-0.051934 
1092010	-0.126741 
1092011	-0.194066 
1092012	-0.248459 
1092013	-0.286699 
1092014	-0.307315 
1092015	-0.310159 
1092016	-0.296167 
1092017	-0.267298 
1092018	-0.226555 
1092019	-0.177970 
1092020	-0.126458 
1092021	-0.077442 
1092022	-0.036207 
1092023	-0.007124 
1092024	0.007098 
1092025	0.005881 
1092026	-0.009260 
1092027	-0.035236 
1092028	-0.068155 
1092029	-0.104055 
1092030	-0.139376 
1092031	-0.171159 
1092032	-0.196909 
1092033	-0.214504 
1092034	-0.222213 
1092035	-0.218953 
1092036	-0.204629 
1092037	-0.180356 
1092038	-0.148459 
1092039	-0.112228 
1092040	-0.075453 
1092041	-0.041867 
1092042	-0.014675 
1092043	0.003785 
1092044	0.012219 
1092045	0.010436 
1092046	-0.000693 
1092047	-0.019337 
1092048	-0.042891 
1092049	-0.068130 
1092050	-0.091513 
1092051	-0.109595 
1092052	-0.119562 
1092053	-0.119777 
1092054	-0.110101 
1092055	-0.091886 
1092056	-0.067658 
1092057	-0.040646 
1092058	-0.014308 
1092059	0.008136 
1092060	0.024061 
1092061	0.031725 
1092062	0.030407 
1092063	0.020395 
1092064	0.002876 
1092065	-0.020193 
1092066	-0.046257 
1092067	-0.072435 
1092068	-0.095856 
1092069	-0.113982 
1092070	-0.124950 
1092071	-0.127820 
1092072	-0.122756 
1092073	-0.111036 
1092074	-0.094917 
1092075	-0.077250 
1092076	-0.061010 
1092077	-0.048830 
1092078	-0.042665 
1092079	-0.043629 
1092080	-0.051960 
1092081	-0.067097 
1092082	-0.087812 
1092083	-0.112312 
1092084	-0.138354 
1092085	-0.163405 
1092086	-0.184872 
1092087	-0.200377 
1092088	-0.208055 
1092089	-0.206823 
1092090	-0.196524 
1092091	-0.177885 
1092092	-0.152324 
1092093	-0.121677 
1092094	-0.088038 
1092095	-0.053737 
1092096	-0.021407 
1092097	0.005992 
1092098	0.025349 
1092099	0.033824 
1092100	0.029479 
1092101	0.011947 
1092102	-0.017194 
1092103	-0.054525 
1092104	-0.095300 
1092105	-0.134256 
1092106	-0.166488 
1092107	-0.188168 
1092108	-0.196928 
1092109	-0.191839 
1092110	-0.173211 
1092111	-0.142427 
1092112	-0.101940 
1092113	-0.055477 
1092114	-0.008117 
1092115	0.034025 
1092116	0.064540 
1092117	0.077695 
1092118	0.069671 
1092119	0.039623 
1092120	-0.010156 
1092121	-0.075067 
1092122	-0.149574 
1092123	-0.228620 
1092124	-0.308448 
1092125	-0.386572 
1092126	-0.461097 
1092127	-0.529867 
1092128	-0.589759 
1092129	-0.636354 
1092130	-0.664368 
1092131	-0.669222 
1092132	-0.649136 
1092133	-0.606204 
1092134	-0.545672 
1092135	-0.474089 
1092136	-0.397854 
1092137	-0.322994 
1092138	-0.255449 
1092139	-0.200812 
1092140	-0.163717 
1092141	-0.147198 
1092142	-0.152195 
1092143	-0.177373 
1092144	-0.219362 
1092145	-0.273354 
1092146	-0.333774 
1092147	-0.394813 
1092148	-0.450742 
1092149	-0.496126 
1092150	-0.526292 
1092151	-0.538136 
1092152	-0.530979 
1092153	-0.506782 
1092154	-0.469445 
1092155	-0.423650 
1092156	-0.373843 
1092157	-0.323717 
1092158	-0.276141 
1092159	-0.233416 
1092160	-0.197631 
1092161	-0.170840 
1092162	-0.154951 
1092163	-0.151305 
1092164	-0.160158 
1092165	-0.180382 
1092166	-0.209517 
1092167	-0.244217 
1092168	-0.280942 
1092169	-0.316643 
1092170	-0.349238 
1092171	-0.377662 
1092172	-0.401629 
1092173	-0.421268 
1092174	-0.436813 
1092175	-0.448407 
1092176	-0.456052 
1092177	-0.459693 
1092178	-0.459348 
1092179	-0.455153 
1092180	-0.447353 
1092181	-0.436200 
1092182	-0.421889 
1092183	-0.404532 
1092184	-0.384203 
1092185	-0.360975 
1092186	-0.334998 
1092187	-0.306599 
1092188	-0.276312 
1092189	-0.244851 
1092190	-0.213031 
1092191	-0.181745 
1092192	-0.152085 
1092193	-0.125535 
1092194	-0.104054 
1092195	-0.089956 
1092196	-0.085573 
1092197	-0.092723 
1092198	-0.112239 
1092199	-0.143633 
1092200	-0.185100 
1092201	-0.233821 
1092202	-0.286483 
1092203	-0.339757 
1092204	-0.390590 
1092205	-0.436342 
1092206	-0.474755 
1092207	-0.503926 
1092208	-0.522330 
1092209	-0.529012 
1092210	-0.523844 
1092211	-0.507722 
1092212	-0.482547 
1092213	-0.451031 
1092214	-0.416348 
1092215	-0.381823 
1092216	-0.350584 
1092217	-0.325187 
1092218	-0.307297 
1092219	-0.297488 
1092220	-0.295291 
1092221	-0.299423 
1092222	-0.308158 
1092223	-0.319672 
1092224	-0.332263 
1092225	-0.344461 
1092226	-0.355052 
1092227	-0.363068 
1092228	-0.367801 
1092229	-0.368886 
1092230	-0.366429 
1092231	-0.361104 
1092232	-0.354160 
1092233	-0.347260 
1092234	-0.342192 
1092235	-0.340500 
1092236	-0.343252 
1092237	-0.350908 
1092238	-0.363318 
1092239	-0.379795 
1092240	-0.399230 
1092241	-0.420121 
1092242	-0.440592 
1092243	-0.458391 
1092244	-0.471037 
1092245	-0.476142 
1092246	-0.471889 
1092247	-0.457483 
1092248	-0.433446 
1092249	-0.401639 
1092250	-0.365096 
1092251	-0.327740 
1092252	-0.294036 
1092253	-0.268516 
1092254	-0.255225 
1092255	-0.257130 
1092256	-0.275693 
1092257	-0.310679 
1092258	-0.360158 
1092259	-0.420611 
1092260	-0.486944 
1092261	-0.552218 
1092262	-0.607540 
1092263	-0.643362 
1092264	-0.652514 
1092265	-0.633355 
1092266	-0.590283 
1092267	-0.531089 
1092268	-0.463563 
1092269	-0.393640 
1092270	-0.325306 
1092271	-0.261236 
1092272	-0.203469 
1092273	-0.153977 
1092274	-0.114948 
1092275	-0.088730 
1092276	-0.077475 
1092277	-0.082575 
1092278	-0.104160 
1092279	-0.140885 
1092280	-0.190146 
1092281	-0.248690 
1092282	-0.313237 
1092283	-0.380808 
1092284	-0.448662 
1092285	-0.514008 
1092286	-0.573671 
1092287	-0.623907 
1092288	-0.660528 
1092289	-0.679581 
1092290	-0.678574 
1092291	-0.657589 
1092292	-0.619486 
1092293	-0.569108 
1092294	-0.512040 
1092295	-0.453671 
1092296	-0.398625 
1092297	-0.350540 
1092298	-0.312046 
1092299	-0.284877 
1092300	-0.269992 
1092301	-0.267674 
1092302	-0.277623 
1092303	-0.299048 
1092304	-0.330754 
1092305	-0.371177 
1092306	-0.418314 
1092307	-0.469578 
1092308	-0.521585 
1092309	-0.570040 
1092310	-0.609872 
1092311	-0.636005 
1092312	-0.644770 
1092313	-0.635388 
1092314	-0.610320 
1092315	-0.574266 
1092316	-0.532461 
1092317	-0.489341 
1092318	-0.447995 
1092319	-0.410254 
1092320	-0.377020 
1092321	-0.348595 
1092322	-0.324876 
1092323	-0.305435 
1092324	-0.289571 
1092325	-0.276362 
1092326	-0.264813 
1092327	-0.254037 
1092328	-0.243462 
1092329	-0.233026 
1092330	-0.223258 
1092331	-0.215258 
1092332	-0.210486 
1092333	-0.210514 
1092334	-0.216752 
1092335	-0.230219 
1092336	-0.251488 
1092337	-0.280704 
1092338	-0.317652 
1092339	-0.361801 
1092340	-0.412181 
1092341	-0.467098 
1092342	-0.523790 
1092343	-0.578268 
1092344	-0.625523 
1092345	-0.660148 
1092346	-0.677462 
1092347	-0.674793 
1092348	-0.652245 
1092349	-0.612461 
1092350	-0.559536 
1092351	-0.497822 
1092352	-0.431183 
1092353	-0.362778 
1092354	-0.295110 
1092355	-0.230335 
1092356	-0.170631 
1092357	-0.118421 
1092358	-0.076191 
1092359	-0.045994 
1092360	-0.028902 
1092361	-0.024697 
1092362	-0.031851 
1092363	-0.047780 
1092364	-0.069249 
1092365	-0.092833 
1092366	-0.115303 
1092367	-0.133876 
1092368	-0.146310 
1092369	-0.150969 
1092370	-0.146849 
1092371	-0.133679 
1092372	-0.112085 
1092373	-0.083711 
1092374	-0.051256 
1092375	-0.018281 
1092376	0.011251 
1092377	0.033585 
1092378	0.045824 
1092379	0.046462 
1092380	0.035652 
1092381	0.015091 
1092382	-0.012434 
1092383	-0.043670 
1092384	-0.075496 
1092385	-0.105345 
1092386	-0.131393 
1092387	-0.152541 
1092388	-0.168280 
1092389	-0.178520 
1092390	-0.183398 
1092391	-0.183182 
1092392	-0.178265 
1092393	-0.169214 
1092394	-0.156819 
1092395	-0.142088 
1092396	-0.126192 
1092397	-0.110347 
1092398	-0.095672 
1092399	-0.083097 
1092400	-0.073300 
1092401	-0.066726 
1092402	-0.063679 
1092403	-0.064369 
1092404	-0.068921 
1092405	-0.077288 
1092406	-0.089147 
1092407	-0.103824 
1092408	-0.120330 
1092409	-0.137534 
1092410	-0.154429 
1092411	-0.170388 
1092412	-0.185270 
1092413	-0.199315 
1092414	-0.212795 
1092415	-0.225602 
1092416	-0.236976 
1092417	-0.245510 
1092418	-0.249429 
1092419	-0.247019 
1092420	-0.237044 
1092421	-0.218958 
1092422	-0.192928 
1092423	-0.159672 
1092424	-0.120305 
1092425	-0.076345 
1092426	-0.029931 
1092427	0.015864 
1092428	0.056871 
1092429	0.087928 
1092430	0.103621 
1092431	0.099779 
1092432	0.074982 
1092433	0.031068 
1092434	-0.027674 
1092435	-0.095901 
1092436	-0.168262 
1092437	-0.240070 
1092438	-0.307778 
1092439	-0.368975 
1092440	-0.421855 
1092441	-0.464623 
1092442	-0.495237 
1092443	-0.511654 
1092444	-0.512349 
1092445	-0.496869 
1092446	-0.466059 
1092447	-0.421895 
1092448	-0.367137 
1092449	-0.304952 
1092450	-0.238701 
1092451	-0.171961 
1092452	-0.108686 
1092453	-0.053320 
1092454	-0.010471 
1092455	0.015736 
1092456	0.022570 
1092457	0.009582 
1092458	-0.020992 
1092459	-0.064635 
1092460	-0.115433 
1092461	-0.167145 
1092462	-0.214184 
1092463	-0.252317 
1092464	-0.279007 
1092465	-0.293419 
1092466	-0.296141 
1092467	-0.288640 
1092468	-0.272673 
1092469	-0.249822 
1092470	-0.221337 
1092471	-0.188310 
1092472	-0.152108 
1092473	-0.114789 
1092474	-0.079272 
1092475	-0.049029 
1092476	-0.027380 
1092477	-0.016626 
1092478	-0.017402 
1092479	-0.028488 
1092480	-0.047175 
1092481	-0.069995 
1092482	-0.093540 
1092483	-0.115037 
1092484	-0.132583 
1092485	-0.145042 
1092486	-0.151822 
1092487	-0.152712 
1092488	-0.147956 
1092489	-0.138451 
1092490	-0.125899 
1092491	-0.112749 
1092492	-0.101803 
1092493	-0.095601 
1092494	-0.095702 
1092495	-0.102216 
1092496	-0.113698 
1092497	-0.127520 
1092498	-0.140573 
1092499	-0.149996 
1092500	-0.153704 
1092501	-0.150570 
1093001	-0.148242 
1093002	-0.078369 
1093003	-0.001602 
1093004	0.075195 
1093005	0.143039 
1093006	0.191852 
1093007	0.212494 
1093008	0.200239 
1093009	0.157333 
1093010	0.091903 
1093011	0.014422 
1093012	-0.065094 
1093013	-0.138492 
1093014	-0.200323 
1093015	-0.247796 
1093016	-0.279967 
1093017	-0.296810 
1093018	-0.298639 
1093019	-0.285883 
1093020	-0.259246 
1093021	-0.220078 
1093022	-0.170822 
1093023	-0.115320 
1093024	-0.058781 
1093025	-0.007225 
1093026	0.033614 
1093027	0.059559 
1093028	0.068998 
1093029	0.063254 
1093030	0.046126 
1093031	0.022730 
1093032	-0.001799 
1093033	-0.023283 
1093034	-0.038986 
1093035	-0.047626 
1093036	-0.049096 
1093037	-0.044164 
1093038	-0.034257 
1093039	-0.021361 
1093040	-0.007896 
1093041	0.003539 
1093042	0.010546 
1093043	0.011400 
1093044	0.005472 
1093045	-0.006573 
1093046	-0.022881 
1093047	-0.040841 
1093048	-0.057654 
1093049	-0.070844 
1093050	-0.078648 
1093051	-0.080142 
1093052	-0.075203 
1093053	-0.064336 
1093054	-0.048482 
1093055	-0.028889 
1093056	-0.007111 
1093057	0.014912 
1093058	0.034805 
1093059	0.049936 
1093060	0.057841 
1093061	0.056793 
1093062	0.046374 
1093063	0.027666 
1093064	0.003058 
1093065	-0.024344 
1093066	-0.051409 
1093067	-0.075597 
1093068	-0.095219 
1093069	-0.109369 
1093070	-0.117603 
1093071	-0.119542 
1093072	-0.114698 
1093073	-0.102535 
1093074	-0.082850 
1093075	-0.056246 
1093076	-0.024465 
1093077	0.009619 
1093078	0.042372 
1093079	0.070087 
1093080	0.089731 
1093081	0.099604 
1093082	0.099661 
1093083	0.091419 
1093084	0.077484 
1093085	0.060924 
1093086	0.044756 
1093087	0.031647 
1093088	0.023777 
1093089	0.022690 
1093090	0.029096 
1093091	0.042593 
1093092	0.061363 
1093093	0.082137 
1093094	0.100512 
1093095	0.111754 
1093096	0.111912 
1093097	0.098898 
1093098	0.073080 
1093099	0.037104 
1093100	-0.004959 
1093101	-0.048568 
1093102	-0.089557 
1093103	-0.124730 
1093104	-0.152070 
1093105	-0.170497 
1093106	-0.179434 
1093107	-0.178420 
1093108	-0.166975 
1093109	-0.144775 
1093110	-0.112091 
1093111	-0.070272 
1093112	-0.022124 
1093113	0.028079 
1093114	0.075047 
1093115	0.113365 
1093116	0.138451 
1093117	0.147439 
1093118	0.139696 
1093119	0.116764 
1093120	0.081708 
1093121	0.038286 
1093122	-0.009663 
1093123	-0.058477 
1093124	-0.104724 
1093125	-0.145155 
1093126	-0.176760 
1093127	-0.197007 
1093128	-0.204185 
1093129	-0.197669 
1093130	-0.177971 
1093131	-0.146599 
1093132	-0.105818 
1093133	-0.058474 
1093134	-0.007986 
1093135	0.041571 
1093136	0.085488 
1093137	0.118713 
1093138	0.136680 
1093139	0.136649 
1093140	0.118911 
1093141	0.087013 
1093142	0.046774 
1093143	0.004814 
1093144	-0.032786 
1093145	-0.061441 
1093146	-0.078554 
1093147	-0.083482 
1093148	-0.077033 
1093149	-0.060862 
1093150	-0.036978 
1093151	-0.007558 
1093152	0.024971 
1093153	0.057789 
1093154	0.087676 
1093155	0.111355 
1093156	0.126112 
1093157	0.130481 
1093158	0.124708 
1093159	0.110743 
1093160	0.091763 
1093161	0.071453 
1093162	0.053199 
1093163	0.039439 
1093164	0.031274 
1093165	0.028452 
1093166	0.029685 
1093167	0.033176 
1093168	0.037144 
1093169	0.040215 
1093170	0.041615 
1093171	0.041153 
1093172	0.039114 
1093173	0.036073 
1093174	0.032781 
1093175	0.030107 
1093176	0.029037 
1093177	0.030638 
1093178	0.035883 
1093179	0.045337 
1093180	0.058826 
1093181	0.075175 
1093182	0.092217 
1093183	0.107077 
1093184	0.116797 
1093185	0.119071 
1093186	0.112813 
1093187	0.098370 
1093188	0.077287 
1093189	0.051780 
1093190	0.024166 
1093191	-0.003510 
1093192	-0.029618 
1093193	-0.052798 
1093194	-0.071722 
1093195	-0.084963 
1093196	-0.091025 
1093197	-0.088586 
1093198	-0.076866 
1093199	-0.056043 
1093200	-0.027521 
1093201	0.006023 
1093202	0.040892 
1093203	0.072858 
1093204	0.097709 
1093205	0.111897 
1093206	0.113167 
1093207	0.101065 
1093208	0.077013 
1093209	0.043940 
1093210	0.005632 
1093211	-0.033841 
1093212	-0.070533 
1093213	-0.100914 
1093214	-0.122119 
1093215	-0.132146 
1093216	-0.129999 
1093217	-0.115730 
1093218	-0.090433 
1093219	-0.056191 
1093220	-0.015997 
1093221	0.026356 
1093222	0.066448 
1093223	0.099524 
1093224	0.121146 
1093225	0.128234 
1093226	0.120083 
1093227	0.098714 
1093228	0.068310 
1093229	0.034102 
1093230	0.001333 
1093231	-0.025540 
1093232	-0.043347 
1093233	-0.050506 
1093234	-0.047070 
1093235	-0.034529 
1093236	-0.015412 
1093237	0.007259 
1093238	0.030510 
1093239	0.051826 
1093240	0.069459 
1093241	0.082564 
1093242	0.091142 
1093243	0.095858 
1093244	0.097760 
1093245	0.098056 
1093246	0.097953 
1093247	0.098544 
1093248	0.100677 
1093249	0.104790 
1093250	0.110794 
1093251	0.118077 
1093252	0.125664 
1093253	0.132486 
1093254	0.137682 
1093255	0.140814 
1093256	0.141962 
1093257	0.141594 
1093258	0.140270 
1093259	0.138376 
1093260	0.135913 
1093261	0.132500 
1093262	0.127571 
1093263	0.120685 
1093264	0.111800 
1093265	0.101335 
1093266	0.090002 
1093267	0.078524 
1093268	0.067406 
1093269	0.056822 
1093270	0.046657 
1093271	0.036630 
1093272	0.026483 
1093273	0.016102 
1093274	0.005538 
1093275	-0.005076 
1093276	-0.015651 
1093277	-0.026220 
1093278	-0.036859 
1093279	-0.047511 
1093280	-0.057733 
1093281	-0.066516 
1093282	-0.072313 
1093283	-0.073340 
1093284	-0.068044 
1093285	-0.055635 
1093286	-0.036475 
1093287	-0.012261 
1093288	0.014087 
1093289	0.038764 
1093290	0.057618 
1093291	0.066797 
1093292	0.063491 
1093293	0.046641 
1093294	0.017263 
1093295	-0.021855 
1093296	-0.066918 
1093297	-0.113891 
1093298	-0.158924 
1093299	-0.198657 
1093300	-0.230511 
1093301	-0.252857 
1093302	-0.264910 
1093303	-0.266561 
1093304	-0.258103 
1093305	-0.240002 
1093306	-0.212734 
1093307	-0.176804 
1093308	-0.132938 
1093309	-0.082540 
1093310	-0.028231 
1093311	0.025924 
1093312	0.074641 
1093313	0.112173 
1093314	0.133611 
1093315	0.136359 
1093316	0.120982 
1093317	0.090903 
1093318	0.051168 
1093319	0.007058 
1093320	-0.036757 
1093321	-0.076663 
1093322	-0.110178 
1093323	-0.135588 
1093324	-0.151430 
1093325	-0.156309 
1093326	-0.148999 
1093327	-0.128774 
1093328	-0.095802 
1093329	-0.051536 
1093330	0.000932 
1093331	0.056715 
1093332	0.109477 
1093333	0.152471 
1093334	0.179780 
1093335	0.187453 
1093336	0.174697 
1093337	0.144252 
1093338	0.101508 
1093339	0.052994 
1093340	0.005081 
1093341	-0.036881 
1093342	-0.068866 
1093343	-0.088193 
1093344	-0.093546 
1093345	-0.085074 
1093346	-0.064490 
1093347	-0.034996 
1093348	-0.000793 
1093349	0.033863 
1093350	0.065484 
1093351	0.091775 
1093352	0.111754 
1093353	0.125585 
1093354	0.134113 
1093355	0.138366 
1093356	0.139193 
1093357	0.137172 
1093358	0.132671 
1093359	0.125978 
1093360	0.117373 
1093361	0.107117 
1093362	0.095446 
1093363	0.082620 
1093364	0.069045 
1093365	0.055431 
1093366	0.042915 
1093367	0.032993 
1093368	0.027304 
1093369	0.027287 
1093370	0.033813 
1093371	0.046811 
1093372	0.065047 
1093373	0.086150 
1093374	0.106981 
1093375	0.124332 
1093376	0.135734 
1093377	0.140071 
1093378	0.137756 
1093379	0.130366 
1093380	0.120030 
1093381	0.108853 
1093382	0.098557 
1093383	0.090400 
1093384	0.085279 
1093385	0.083880 
1093386	0.086735 
1093387	0.094083 
1093388	0.105629 
1093389	0.120336 
1093390	0.136462 
1093391	0.151922 
1093392	0.164855 
1093393	0.174207 
1093394	0.180025 
1093395	0.183333 
1093396	0.185639 
1093397	0.188234 
1093398	0.191611 
1093399	0.195203 
1093400	0.197492 
1093401	0.196505 
1093402	0.190450 
1093403	0.178361 
1093404	0.160487 
1093405	0.138200 
1093406	0.113508 
1093407	0.088458 
1093408	0.064682 
1093409	0.043312 
1093410	0.025189 
1093411	0.011180 
1093412	0.002388 
1093413	0.000101 
1093414	0.005489 
1093415	0.019144 
1093416	0.040640 
1093417	0.068337 
1093418	0.099482 
1093419	0.130581 
1093420	0.157937 
1093421	0.178258 
1093422	0.189284 
1093423	0.190278 
1093424	0.182141 
1093425	0.167063 
1093426	0.147924 
1093427	0.127759 
1093428	0.109374 
1093429	0.095145 
1093430	0.086858 
1093431	0.085533 
1093432	0.091217 
1093433	0.102827 
1093434	0.118195 
1093435	0.134474 
1093436	0.148808 
1093437	0.159099 
1093438	0.164536 
1093439	0.165683 
1093440	0.164135 
1093441	0.161860 
1093442	0.160466 
1093443	0.160659 
1093444	0.162107 
1093445	0.163696 
1093446	0.164055 
1093447	0.162110 
1093448	0.157429 
1093449	0.150284 
1093450	0.141441 
1093451	0.131880 
1093452	0.122538 
1093453	0.114197 
1093454	0.107530 
1093455	0.103252 
1093456	0.102185 
1093457	0.105197 
1093458	0.112905 
1093459	0.125276 
1093460	0.141315 
1093461	0.158989 
1093462	0.175457 
1093463	0.187641 
1093464	0.192945 
1093465	0.189951 
1093466	0.178725 
1093467	0.160679 
1093468	0.137980 
1093469	0.112934 
1093470	0.087519 
1093471	0.063244 
1093472	0.041214 
1093473	0.022391 
1093474	0.007762 
1093475	-0.001634 
1093476	-0.004909 
1093477	-0.001671 
1093478	0.007722 
1093479	0.022095 
1093480	0.039656 
1093481	0.058367 
1093482	0.076301 
1093483	0.091799 
1093484	0.103461 
1093485	0.110026 
1093486	0.110306 
1093487	0.103265 
1093488	0.088295 
1093489	0.065585 
1093490	0.036385 
1093491	0.003060 
1093492	-0.031170 
1093493	-0.062701 
1093494	-0.088146 
1093495	-0.104960 
1093496	-0.111856 
1093497	-0.108837 
1093498	-0.096838 
1093499	-0.077242 
1093500	-0.051476 
1093501	-0.020902 
1093502	0.012998 
1093503	0.048182 
1093504	0.081637 
1093505	0.109327 
1093506	0.126738 
1093507	0.130011 
1093508	0.117332 
1093509	0.089829 
1093510	0.051426 
1093511	0.007745 
1093512	-0.035165 
1093513	-0.071981 
1093514	-0.099057 
1093515	-0.114744 
1093516	-0.119044 
1093517	-0.113002 
1093518	-0.098191 
1093519	-0.076508 
1093520	-0.050244 
1093521	-0.022222 
1093522	0.004239 
1093523	0.025729 
1093524	0.039364 
1093525	0.043437 
1093526	0.037845 
1093527	0.024147 
1093528	0.005166 
1093529	-0.015678 
1093530	-0.035154 
1093531	-0.050805 
1093532	-0.061223 
1093533	-0.065999 
1093534	-0.065398 
1093535	-0.059955 
1093536	-0.050179 
1093537	-0.036461 
1093538	-0.019246 
1093539	0.000638 
1093540	0.021701 
1093541	0.041789 
1093542	0.058443 
1093543	0.069499 
1093544	0.073680 
1093545	0.070979 
1093546	0.062658 
1093547	0.050908 
1093548	0.038274 
1093549	0.027060 
1093550	0.018944 
1093551	0.014943 
1093552	0.015506 
1093553	0.020655 
1093554	0.030031 
1093555	0.042794 
1093556	0.057441 
1093557	0.071652 
1093558	0.082364 
1093559	0.086220 
1093560	0.080365 
1093561	0.063300 
1093562	0.035497 
1093563	-0.000576 
1093564	-0.040931 
1093565	-0.080967 
1093566	-0.116519 
1093567	-0.144650 
1093568	-0.163906 
1093569	-0.174049 
1093570	-0.175531 
1093571	-0.169035 
1093572	-0.155294 
1093573	-0.135236 
1093574	-0.110286 
1093575	-0.082658 
1093576	-0.055351 
1093577	-0.031887 
1093578	-0.015702 
1093579	-0.009452 
1093580	-0.014422 
1093581	-0.030252 
1093582	-0.055088 
1093583	-0.086117 
1093584	-0.120265 
1093585	-0.154829 
1093586	-0.187782 
1093587	-0.217764 
1093588	-0.243808 
1093589	-0.265058 
1093590	-0.280578 
1093591	-0.289352 
1093592	-0.290510 
1093593	-0.283634 
1093594	-0.269044 
1093595	-0.247869 
1093596	-0.221847 
1093597	-0.192948 
1093598	-0.163041 
1093599	-0.133741 
1093600	-0.106449 
1093601	-0.082520 
1093602	-0.063337 
1093603	-0.050279 
1093604	-0.044453 
1093605	-0.046320 
1093606	-0.055352 
1093607	-0.069928 
1093608	-0.087548 
1093609	-0.105330 
1093610	-0.120675 
1093611	-0.131816 
1093612	-0.138091 
1093613	-0.139764 
1093614	-0.137594 
1093615	-0.132339 
1093616	-0.124534 
1093617	-0.114504 
1093618	-0.102646 
1093619	-0.089741 
1093620	-0.077193 
1093621	-0.066973 
1093622	-0.061257 
1093623	-0.061806 
1093624	-0.069450 
1093625	-0.083808 
1093626	-0.103374 
1093627	-0.125883 
1093628	-0.148793 
1093629	-0.169767 
1093630	-0.186959 
1093631	-0.199089 
1093632	-0.205375 
1093633	-0.205380 
1093634	-0.198919 
1093635	-0.186070 
1093636	-0.167271 
1093637	-0.143531 
1093638	-0.116544 
1093639	-0.088644 
1093640	-0.062531 
1093641	-0.040779 
1093642	-0.025313 
1093643	-0.016993 
1093644	-0.015476 
1093645	-0.019400 
1093646	-0.026800 
1093647	-0.035648 
1093648	-0.044253 
1093649	-0.051389 
1093650	-0.056189 
1093651	-0.057935 
1093652	-0.055969 
1093653	-0.049773 
1093654	-0.039206 
1093655	-0.024730 
1093656	-0.007507 
1093657	0.010712 
1093658	0.027903 
1093659	0.042226 
1093660	0.052406 
1093661	0.057944 
1093662	0.059077 
1093663	0.056553 
1093664	0.051330 
1093665	0.044376 
1093666	0.036630 
1093667	0.029089 
1093668	0.022888 
1093669	0.019282 
1093670	0.019497 
1093671	0.024498 
1093672	0.034684 
1093673	0.049651 
1093674	0.068090 
1093675	0.087897 
1093676	0.106517 
1093677	0.121432 
1093678	0.130639 
1093679	0.132987 
1093680	0.128308 
1093681	0.117323 
1093682	0.101345 
1093683	0.081982 
1093684	0.060874 
1093685	0.039597 
1093686	0.019646 
1093687	0.002491 
1093688	-0.010434 
1093689	-0.017845 
1093690	-0.018835 
1093691	-0.013091 
1093692	-0.001039 
1093693	0.016197 
1093694	0.036948 
1093695	0.059271 
1093696	0.081208 
1093697	0.101057 
1093698	0.117523 
1093699	0.129794 
1093700	0.137479 
1093701	0.140500 
1093702	0.139030 
1093703	0.133449 
1093704	0.124323 
1093705	0.112374 
1093706	0.098384 
1093707	0.083033 
1093708	0.066725 
1093709	0.049454 
1093710	0.030799 
1093711	0.010100 
1093712	-0.013211 
1093713	-0.039254 
1093714	-0.067454 
1093715	-0.096482 
1093716	-0.124437 
1093717	-0.149209 
1093718	-0.168909 
1093719	-0.182130 
1093720	-0.188021 
1093721	-0.186150 
1093722	-0.176378 
1093723	-0.158804 
1093724	-0.133849 
1093725	-0.102451 
1093726	-0.066351 
1093727	-0.028268 
1093728	0.008236 
1093729	0.039348 
1093730	0.061864 
1093731	0.073856 
1093732	0.074974 
1093733	0.066395 
1093734	0.050297 
1093735	0.029185 
1093736	0.005262 
1093737	-0.019908 
1093738	-0.045433 
1093739	-0.070921 
1093740	-0.096172 
1093741	-0.120944 
1093742	-0.144874 
1093743	-0.167528 
1093744	-0.188545 
1093745	-0.207761 
1093746	-0.225265 
1093747	-0.241376 
1093748	-0.256515 
1093749	-0.271048 
1093750	-0.285126 
1093751	-0.298605 
1093752	-0.311032 
1093753	-0.321740 
1093754	-0.329985 
1093755	-0.335072 
1093756	-0.336449 
1093757	-0.333682 
1093758	-0.326386 
1093759	-0.314149 
1093760	-0.296585 
1093761	-0.273559 
1093762	-0.245488 
1093763	-0.213638 
1093764	-0.180124 
1093765	-0.147623 
1093766	-0.118850 
1093767	-0.096049 
1093768	-0.080630 
1093769	-0.072982 
1093770	-0.072500 
1093771	-0.077834 
1093772	-0.087201 
1093773	-0.098619 
1093774	-0.110022 
1093775	-0.119281 
1093776	-0.124273 
1093777	-0.123054 
1093778	-0.114118 
1093779	-0.096726 
1093780	-0.071215 
1093781	-0.039133 
1093782	-0.003134 
1093783	0.033405 
1093784	0.066893 
1093785	0.094071 
1093786	0.112460 
1093787	0.120628 
1093788	0.118222 
1093789	0.105819 
1093790	0.084652 
1093791	0.056308 
1093792	0.022532 
1093793	-0.014806 
1093794	-0.053648 
1093795	-0.091668 
1093796	-0.126374 
1093797	-0.155270 
1093798	-0.176034 
1093799	-0.186646 
1093800	-0.185518 
1093801	-0.171512 
1093802	-0.143995 
1093803	-0.102991 
1093804	-0.049586 
1093805	0.013504 
1093806	0.081284 
1093807	0.146276 
1093808	0.199365 
1093809	0.231373 
1093810	0.235468 
1093811	0.210057 
1093812	0.159645 
1093813	0.092834 
1093814	0.019457 
1093815	-0.051477 
1093816	-0.113071 
1093817	-0.160935 
1093818	-0.192833 
1093819	-0.208017 
1093820	-0.206700 
1093821	-0.189751 
1093822	-0.158583 
1093823	-0.115278 
1093824	-0.062914 
1093825	-0.005858 
1093826	0.050413 
1093827	0.099946 
1093828	0.136901 
1093829	0.156366 
1093830	0.155649 
1093831	0.135346 
1093832	0.099287 
1093833	0.053307 
1093834	0.003816 
1093835	-0.043277 
1093836	-0.083427 
1093837	-0.113780 
1093838	-0.132822 
1093839	-0.139950 
1093840	-0.135216 
1093841	-0.119284 
1093842	-0.093601 
1093843	-0.060662 
1093844	-0.024150 
1093845	0.011147 
1093846	0.039828 
1093847	0.056777 
1093848	0.058496 
1093849	0.044258 
1093850	0.016285 
1093851	-0.021056 
1093852	-0.062533 
1093853	-0.103215 
1093854	-0.139142 
1093855	-0.167466 
1093856	-0.186258 
1093857	-0.194284 
1093858	-0.190871 
1093859	-0.175998 
1093860	-0.150475 
1093861	-0.116106 
1093862	-0.075654 
1093863	-0.032687 
1093864	0.008838 
1093865	0.045373 
1093866	0.074589 
1093867	0.095540 
1093868	0.108411 
1093869	0.114118 
1093870	0.113930 
1093871	0.109108 
1093872	0.100684 
1093873	0.089411 
1093874	0.075800 
1093875	0.060255 
1093876	0.043170 
1093877	0.025006 
1093878	0.006327 
1093879	-0.012241 
1093880	-0.030153 
1093881	-0.046992 
1093882	-0.062337 
1093883	-0.075564 
1093884	-0.085734 
1093885	-0.091624 
1093886	-0.091906 
1093887	-0.085431 
1093888	-0.071549 
1093889	-0.050380 
1093890	-0.022896 
1093891	0.009144 
1093892	0.043478 
1093893	0.077553 
1093894	0.108552 
1093895	0.133526 
1093896	0.149797 
1093897	0.155553 
1093898	0.150282 
1093899	0.134921 
1093900	0.111635 
1093901	0.083373 
1093902	0.053405 
1093903	0.025005 
1093904	0.001173 
1093905	-0.015723 
1093906	-0.024243 
1093907	-0.023945 
1093908	-0.015245 
1093909	0.000687 
1093910	0.022001 
1093911	0.046169 
1093912	0.070059 
1093913	0.090034 
1093914	0.102246 
1093915	0.103274 
1093916	0.091166 
1093917	0.066339 
1093918	0.031762 
1093919	-0.007776 
1093920	-0.046753 
1093921	-0.079841 
1093922	-0.102650 
1093923	-0.112362 
1093924	-0.107894 
1093925	-0.089792 
1093926	-0.060113 
1093927	-0.022348 
1093928	0.018714 
1093929	0.057481 
1093930	0.088292 
1093931	0.106208 
1093932	0.108123 
1093933	0.093822 
1093934	0.066090 
1093935	0.029802 
1093936	-0.009476 
1093937	-0.046561 
1093938	-0.077214 
1093939	-0.098446 
1093940	-0.108695 
1093941	-0.107894 
1093942	-0.097400 
1093943	-0.079802 
1093944	-0.058568 
1093945	-0.037412 
1093946	-0.019538 
1093947	-0.007139 
1093948	-0.001286 
1093949	-0.002102 
1093950	-0.009114 
1093951	-0.021560 
1093952	-0.038622 
1093953	-0.059483 
1093954	-0.083264 
1093955	-0.109031 
1093956	-0.135779 
1093957	-0.162475 
1093958	-0.188133 
1093959	-0.211922 
1093960	-0.233360 
1093961	-0.252425 
1093962	-0.269451 
1093963	-0.284826 
1093964	-0.298739 
1093965	-0.311033 
1093966	-0.321222 
1093967	-0.328565 
1093968	-0.332175 
1093969	-0.331104 
1093970	-0.324422 
1093971	-0.311189 
1093972	-0.290341 
1093973	-0.260644 
1093974	-0.220835 
1093975	-0.170025 
1093976	-0.108377 
1093977	-0.037961 
1093978	0.036510 
1093979	0.107497 
1093980	0.165281 
1093981	0.199512 
1093982	0.202365 
1093983	0.172147 
1093984	0.114004 
1093985	0.036936 
1093986	-0.049700 
1093987	-0.138062 
1093988	-0.222806 
1093989	-0.301129 
1093990	-0.371723 
1093991	-0.433616 
1093992	-0.485527 
1093993	-0.525802 
1093994	-0.552733 
1093995	-0.565067 
1093996	-0.562441 
1093997	-0.545540 
1093998	-0.515854 
1093999	-0.475167 
1094000	-0.425092 
1094001	-0.366872 
1092501	-0.150570 
1092502	-0.140344 
1092503	-0.123440 
1092504	-0.100762 
1092505	-0.073772 
1092506	-0.044646 
1092507	-0.016453 
1092508	0.006938 
1092509	0.021374 
1092510	0.023335 
1092511	0.010970 
1092512	-0.015284 
1092513	-0.052788 
1092514	-0.097379 
1092515	-0.144356 
1092516	-0.189466 
1092517	-0.229632 
1092518	-0.263214 
1092519	-0.289739 
1092520	-0.309306 
1092521	-0.322035 
1092522	-0.327774 
1092523	-0.326155 
1092524	-0.316903 
1092525	-0.300180 
1092526	-0.276781 
1092527	-0.248072 
1092528	-0.215729 
1092529	-0.181431 
1092530	-0.146677 
1092531	-0.112797 
1092532	-0.081171 
1092533	-0.053489 
1092534	-0.031858 
1092535	-0.018624 
1092536	-0.015823 
1092537	-0.024517 
1092538	-0.044267 
1092539	-0.073031 
1092540	-0.107601 
1092541	-0.144394 
1092542	-0.180262 
1092543	-0.213058 
1092544	-0.241763 
1092545	-0.266208 
1092546	-0.286615 
1092547	-0.303074 
1092548	-0.315261 
1092549	-0.322477 
1092550	-0.323948 
1092551	-0.319253 
1092552	-0.308621 
1092553	-0.292959 
1092554	-0.273622 
1092555	-0.251975 
1092556	-0.229048 
1092557	-0.205354 
1092558	-0.181042 
1092559	-0.156282 
1092560	-0.131722 
1092561	-0.108777 
1092562	-0.089606 
1092563	-0.076713 
1092564	-0.072351 
1092565	-0.077895 
1092566	-0.093488 
1092567	-0.118029 
1092568	-0.149534 
1092569	-0.185693 
1092570	-0.224378 
1092571	-0.263910 
1092572	-0.302967 
1092573	-0.340270 
1092574	-0.374239 
1092575	-0.402864 
1092576	-0.423834 
1092577	-0.434908 
1092578	-0.434322 
1092579	-0.421095 
1092580	-0.395087 
1092581	-0.356873 
1092582	-0.307564 
1092583	-0.248752 
1092584	-0.182869 
1092585	-0.113862 
1092586	-0.047757 
1092587	0.007626 
1092588	0.043909 
1092589	0.054141 
1092590	0.035121 
1092591	-0.011381 
1092592	-0.079644 
1092593	-0.162266 
1092594	-0.251985 
1092595	-0.342738 
1092596	-0.429831 
1092597	-0.509200 
1092598	-0.576048 
1092599	-0.624013 
1092600	-0.646449 
1092601	-0.639492 
1092602	-0.604431 
1092603	-0.547201 
1092604	-0.475744 
1092605	-0.397678 
1092606	-0.319566 
1092607	-0.247064 
1092608	-0.184994 
1092609	-0.137192 
1092610	-0.106069 
1092611	-0.092230 
1092612	-0.094436 
1092613	-0.109996 
1092614	-0.135385 
1092615	-0.166894 
1092616	-0.201171 
1092617	-0.235410 
1092618	-0.267362 
1092619	-0.295238 
1092620	-0.317699 
1092621	-0.333895 
1092622	-0.343515 
1092623	-0.346767 
1092624	-0.344266 
1092625	-0.336876 
1092626	-0.325557 
1092627	-0.311262 
1092628	-0.294936 
1092629	-0.277625 
1092630	-0.260568 
1092631	-0.245197 
1092632	-0.232994 
1092633	-0.225280 
1092634	-0.222986 
1092635	-0.226472 
1092636	-0.235440 
1092637	-0.249006 
1092638	-0.265934 
1092639	-0.284921 
1092640	-0.304846 
1092641	-0.324886 
1092642	-0.344504 
1092643	-0.363317 
1092644	-0.380947 
1092645	-0.396908 
1092646	-0.410606 
1092647	-0.421455 
1092648	-0.429052 
1092649	-0.433350 
1092650	-0.434689 
1092651	-0.433648 
1092652	-0.430789 
1092653	-0.426396 
1092654	-0.420392 
1092655	-0.412423 
1092656	-0.402081 
1092657	-0.389177 
1092658	-0.373850 
1092659	-0.356545 
1092660	-0.337731 
1092661	-0.317668 
1092662	-0.296242 
1092663	-0.273083 
1092664	-0.247850 
1092665	-0.220611 
1092666	-0.192126 
1092667	-0.163922 
1092668	-0.138070 
1092669	-0.116801 
1092670	-0.102065 
1092671	-0.095208 
1092672	-0.096895 
1092673	-0.107225 
1092674	-0.125942 
1092675	-0.152566 
1092676	-0.186425 
1092677	-0.226542 
1092678	-0.271494 
1092679	-0.319360 
1092680	-0.367819 
1092681	-0.414299 
1092682	-0.456114 
1092683	-0.490594 
1092684	-0.515263 
1092685	-0.528085 
1092686	-0.527733 
1092687	-0.513650 
1092688	-0.485930 
1092689	-0.445060 
1092690	-0.391698 
1092691	-0.326630 
1092692	-0.250900 
1092693	-0.166292 
1092694	-0.076181 
1092695	0.013552 
1092696	0.094470 
1092697	0.156792 
1092698	0.191231 
1092699	0.191854 
1092700	0.158723 
1092701	0.097694 
1092702	0.017593 
1092703	-0.072558 
1092704	-0.165350 
1092705	-0.255801 
1092706	-0.341016 
1092707	-0.419282 
1092708	-0.489139 
1092709	-0.548818 
1092710	-0.596169 
1092711	-0.628970 
1092712	-0.645397 
1092713	-0.644575 
1092714	-0.626879 
1092715	-0.593868 
1092716	-0.547870 
1092717	-0.491493 
1092718	-0.427270 
1092719	-0.357420 
1092720	-0.283707 
1092721	-0.207570 
1092722	-0.130588 
1092723	-0.055079 
1092724	0.015409 
1092725	0.076041 
1092726	0.121264 
1092727	0.145996 
1092728	0.147218 
1092729	0.125347 
1092730	0.084424 
1092731	0.031013 
1092732	-0.027397 
1092733	-0.083921 
1092734	-0.133342 
1092735	-0.172532 
1092736	-0.200259 
1092737	-0.216719 
1092738	-0.222958 
1092739	-0.220347 
1092740	-0.210191 
1092741	-0.193588 
1092742	-0.171501 
1092743	-0.144972 
1092744	-0.115380 
1092745	-0.084584 
1092746	-0.054846 
1092747	-0.028511 
1092748	-0.007566 
1092749	0.006730 
1092750	0.014001 
1092751	0.014662 
1092752	0.009733 
1092753	0.000600 
1092754	-0.011198 
1092755	-0.024120 
1092756	-0.036711 
1092757	-0.047718 
1092758	-0.056223 
1092759	-0.061809 
1092760	-0.064699 
1092761	-0.065708 
1092762	-0.066025 
1092763	-0.066876 
1092764	-0.069185 
1092765	-0.073341 
1092766	-0.079133 
1092767	-0.085843 
1092768	-0.092468 
1092769	-0.098018 
1092770	-0.101731 
1092771	-0.103174 
1092772	-0.102177 
1092773	-0.098647 
1092774	-0.092355 
1092775	-0.082871 
1092776	-0.069695 
1092777	-0.052559 
1092778	-0.031828 
1092779	-0.008769 
1092780	0.014449 
1092781	0.035132 
1092782	0.050700 
1092783	0.059325 
1092784	0.060299 
1092785	0.054077 
1092786	0.041987 
1092787	0.025774 
1092788	0.007179 
1092789	-0.012340 
1092790	-0.031655 
1092791	-0.049870 
1092792	-0.066200 
1092793	-0.079953 
1092794	-0.090610 
1092795	-0.097971 
1092796	-0.102250 
1092797	-0.104059 
1092798	-0.104290 
1092799	-0.103935 
1092800	-0.103831 
1092801	-0.104515 
1092802	-0.106199 
1092803	-0.108908 
1092804	-0.112635 
1092805	-0.117498 
1092806	-0.123726 
1092807	-0.131590 
1092808	-0.141217 
1092809	-0.152464 
1092810	-0.164877 
1092811	-0.177775 
1092812	-0.190469 
1092813	-0.202476 
1092814	-0.213659 
1092815	-0.224231 
1092816	-0.234636 
1092817	-0.245332 
1092818	-0.256559 
1092819	-0.268222 
1092820	-0.279908 
1092821	-0.291061 
1092822	-0.301170 
1092823	-0.309929 
1092824	-0.317258 
1092825	-0.323222 
1092826	-0.327836 
1092827	-0.330853 
1092828	-0.331609 
1092829	-0.329044 
1092830	-0.321919 
1092831	-0.309132 
1092832	-0.289971 
1092833	-0.264298 
1092834	-0.232625 
1092835	-0.196170 
1092836	-0.156893 
1092837	-0.117471 
1092838	-0.081104 
1092839	-0.051204 
1092840	-0.031000 
1092841	-0.023035 
1092842	-0.028587 
1092843	-0.047194 
1092844	-0.076592 
1092845	-0.113090 
1092846	-0.152227 
1092847	-0.189471 
1092848	-0.220806 
1092849	-0.243086 
1092850	-0.254180 
1092851	-0.252924 
1092852	-0.239004 
1092853	-0.212822 
1092854	-0.175445 
1092855	-0.128755 
1092856	-0.075699 
1092857	-0.020511 
1092858	0.031478 
1092859	0.074418 
1092860	0.102826 
1092861	0.112750 
1092862	0.102934 
1092863	0.075339 
1092864	0.034611 
1092865	-0.013169 
1092866	-0.061794 
1092867	-0.105805 
1092868	-0.140863 
1092869	-0.163761 
1092870	-0.172215 
1092871	-0.164666 
1092872	-0.140265 
1092873	-0.099090 
1092874	-0.042625 
1092875	0.025660 
1092876	0.099956 
1092877	0.172387 
1092878	0.233717 
1092879	0.274625 
1092880	0.288418 
1092881	0.273795 
1092882	0.235312 
1092883	0.181199 
1092884	0.120504 
1092885	0.061205 
1092886	0.009383 
1092887	-0.030809 
1092888	-0.056817 
1092889	-0.067258 
1092890	-0.061687 
1092891	-0.040582 
1092892	-0.005549 
1092893	0.040340 
1092894	0.092434 
1092895	0.144907 
1092896	0.191422 
1092897	0.225924 
1092898	0.243801 
1092899	0.243124 
1092900	0.225248 
1092901	0.194335 
1092902	0.156105 
1092903	0.116576 
1092904	0.081112 
1092905	0.053923 
1092906	0.037860 
1092907	0.034403 
1092908	0.043629 
1092909	0.064192 
1092910	0.093336 
1092911	0.127096 
1092912	0.160716 
1092913	0.189315 
1092914	0.208629 
1092915	0.215752 
1092916	0.209657 
1092917	0.191307 
1092918	0.163365 
1092919	0.129558 
1092920	0.094020 
1092921	0.060780 
1092922	0.033427 
1092923	0.014867 
1092924	0.007085 
1092925	0.010929 
1092926	0.025869 
1092927	0.049766 
1092928	0.078849 
1092929	0.107951 
1092930	0.131196 
1092931	0.143033 
1092932	0.139477 
1092933	0.119173 
1092934	0.083787 
1092935	0.037314 
1092936	-0.015152 
1092937	-0.068547 
1092938	-0.118431 
1092939	-0.161129 
1092940	-0.193632 
1092941	-0.213570 
1092942	-0.219305 
1092943	-0.210196 
1092944	-0.186858 
1092945	-0.151370 
1092946	-0.107311 
1092947	-0.059502 
1092948	-0.013433 
1092949	0.025424 
1092950	0.052237 
1092951	0.063593 
1092952	0.058363 
1092953	0.038097 
1092954	0.006569 
1092955	-0.031128 
1092956	-0.069439 
1092957	-0.103006 
1092958	-0.127248 
1092959	-0.138735 
1092960	-0.135531 
1092961	-0.117430 
1092962	-0.086173 
1092963	-0.045459 
1092964	-0.000722 
1092965	0.041541 
1092966	0.074795 
1092967	0.093610 
1092968	0.094731 
1092969	0.077725 
1092970	0.044888 
1092971	0.000497 
1092972	-0.050112 
1092973	-0.101303 
1092974	-0.147744 
1092975	-0.184773 
1092976	-0.208525 
1092977	-0.216022 
1092978	-0.205353 
1092979	-0.175949 
1092980	-0.128841 
1092981	-0.066954 
1092982	0.004604 
1092983	0.078509 
1092984	0.145787 
1092985	0.196884 
1092986	0.223295 
1092987	0.220077 
1092988	0.187896 
1092989	0.132530 
1092990	0.062271 
1092991	-0.014425 
1092992	-0.090024 
1092993	-0.158454 
1092994	-0.215217 
1092995	-0.257192 
1092996	-0.282361 
1092997	-0.289672 
1092998	-0.278974 
1092999	-0.250898 
1093000	-0.206693 
1093001	-0.148242 
1094001	-0.366872 
1094002	-0.301594 
1094003	-0.230729 
1094004	-0.156826 
1094005	-0.084137 
1094006	-0.018737 
1094007	0.032309 
1094008	0.062422 
1094009	0.067185 
1094010	0.045823 
1094011	0.001500 
1094012	-0.059972 
1094013	-0.131972 
1094014	-0.208423 
1094015	-0.284415 
1094016	-0.356201 
1094017	-0.420592 
1094018	-0.474353 
1094019	-0.513931 
1094020	-0.535817 
1094021	-0.537555 
1094022	-0.518854 
1094023	-0.482022 
1094024	-0.431400 
1094025	-0.372211 
1094026	-0.309689 
1094027	-0.248681 
1094028	-0.193573 
1094029	-0.148189 
1094030	-0.115508 
1094031	-0.097281 
1094032	-0.093666 
1094033	-0.103083 
1094034	-0.122367 
1094035	-0.147269 
1094036	-0.173177 
1094037	-0.195851 
1094038	-0.212047 
1094039	-0.219828 
1094040	-0.218627 
1094041	-0.209076 
1094042	-0.192748 
1094043	-0.171842 
1094044	-0.148903 
1094045	-0.126564 
1094046	-0.107294 
1094047	-0.093204 
1094048	-0.085868 
1094049	-0.086217 
1094050	-0.094427 
1094051	-0.109844 
1094052	-0.130972 
1094053	-0.155612 
1094054	-0.181131 
1094055	-0.204798 
1094056	-0.224072 
1094057	-0.236820 
1094058	-0.241433 
1094059	-0.236857 
1094060	-0.222510 
1094061	-0.198186 
1094062	-0.164035 
1094063	-0.120730 
1094064	-0.069840 
1094065	-0.014261 
1094066	0.041528 
1094067	0.091603 
1094068	0.129380 
1094069	0.148817 
1094070	0.146009 
1094071	0.120562 
1094072	0.075791 
1094073	0.017639 
1094074	-0.046865 
1094075	-0.111053 
1094076	-0.169690 
1094077	-0.219342 
1094078	-0.257990 
1094079	-0.284477 
1094080	-0.298045 
1094081	-0.298159 
1094082	-0.284487 
1094083	-0.257042 
1094084	-0.216444 
1094085	-0.164204 
1094086	-0.102982 
1094087	-0.036764 
1094088	0.029115 
1094089	0.088384 
1094090	0.134724 
1094091	0.162828 
1094092	0.169558 
1094093	0.154944 
1094094	0.122280 
1094095	0.077093 
1094096	0.025713 
1094097	-0.025879 
1094098	-0.072770 
1094099	-0.111470 
1094100	-0.139972 
1094101	-0.157607 
1094102	-0.164822 
1094103	-0.162915 
1094104	-0.153752 
1094105	-0.139532 
1094106	-0.122565 
1094107	-0.105045 
1094108	-0.088854 
1094109	-0.075434 
1094110	-0.065769 
1094111	-0.060400 
1094112	-0.059422 
1094113	-0.062511 
1094114	-0.068873 
1094115	-0.077286 
1094116	-0.086229 
1094117	-0.094139 
1094118	-0.099685 
1094119	-0.102029 
1094120	-0.100959 
1094121	-0.096921 
1094122	-0.090927 
1094123	-0.084406 
1094124	-0.078992 
1094125	-0.076306 
1094126	-0.077770 
1094127	-0.084458 
1094128	-0.097011 
1094129	-0.115584 
1094130	-0.139787 
1094131	-0.168655 
1094132	-0.200603 
1094133	-0.233500 
1094134	-0.264891 
1094135	-0.292276 
1094136	-0.313428 
1094137	-0.326702 
1094138	-0.331273 
1094139	-0.327221 
1094140	-0.315432 
1094141	-0.297375 
1094142	-0.274810 
1094143	-0.249522 
1094144	-0.223145 
1094145	-0.197076 
1094146	-0.172498 
1094147	-0.150440 
1094148	-0.131801 
1094149	-0.117249 
1094150	-0.107121 
1094151	-0.101308 
1094152	-0.099217 
1094153	-0.099860 
1094154	-0.102016 
1094155	-0.104452 
1094156	-0.106148 
1094157	-0.106454 
1094158	-0.105234 
1094159	-0.102925 
1094160	-0.100515 
1094161	-0.099417 
1094162	-0.101247 
1094163	-0.107489 
1094164	-0.119210 
1094165	-0.136805 
1094166	-0.159893 
1094167	-0.187360 
1094168	-0.217533 
1094169	-0.248455 
1094170	-0.278141 
1094171	-0.304778 
1094172	-0.326827 
1094173	-0.343016 
1094174	-0.352309 
1094175	-0.353854 
1094176	-0.346947 
1094177	-0.331039 
1094178	-0.305755 
1094179	-0.271066 
1094180	-0.227473 
1094181	-0.176344 
1094182	-0.120245 
1094183	-0.063188 
1094184	-0.010447 
1094185	0.032153 
1094186	0.059319 
1094187	0.067434 
1094188	0.055503 
1094189	0.025493 
1094190	-0.018220 
1094191	-0.069911 
1094192	-0.123661 
1094193	-0.174253 
1094194	-0.217574 
1094195	-0.250640 
1094196	-0.271394 
1094197	-0.278562 
1094198	-0.271605 
1094199	-0.250808 
1094200	-0.217364 
1094201	-0.173515 
1094202	-0.122618 
1094203	-0.069082 
1094204	-0.017934 
1094205	0.025880 
1094206	0.058210 
1094207	0.076352 
1094208	0.079632 
1094209	0.069603 
1094210	0.049694 
1094211	0.024433 
1094212	-0.001408 
1094213	-0.023499 
1094214	-0.038412 
1094215	-0.043931 
1094216	-0.039211 
1094217	-0.024816 
1094218	-0.002672 
1094219	0.024124 
1094220	0.051641 
1094221	0.075642 
1094222	0.092229 
1094223	0.098599 
1094224	0.093570 
1094225	0.077836 
1094226	0.053769 
1094227	0.024883 
1094228	-0.004802 
1094229	-0.031314 
1094230	-0.051119 
1094231	-0.061373 
1094232	-0.060040 
1094233	-0.046048 
1094234	-0.019481 
1094235	0.018185 
1094236	0.063888 
1094237	0.112971 
1094238	0.159531 
1094239	0.197229 
1094240	0.220478 
1094241	0.225757 
1094242	0.212532 
1094243	0.183345 
1094244	0.142985 
1094245	0.097255 
1094246	0.051846 
1094247	0.011553 
1094248	-0.019969 
1094249	-0.040070 
1094250	-0.046869 
1094251	-0.039112 
1094252	-0.016259 
1094253	0.021218 
1094254	0.071300 
1094255	0.129796 
1094256	0.190055 
1094257	0.243388 
1094258	0.280363 
1094259	0.292859 
1094260	0.276681 
1094261	0.233230 
1094262	0.168745 
1094263	0.091868 
1094264	0.011418 
1094265	-0.064995 
1094266	-0.131683 
1094267	-0.184910 
1094268	-0.222504 
1094269	-0.243368 
1094270	-0.247112 
1094271	-0.233851 
1094272	-0.204159 
1094273	-0.159234 
1094274	-0.101337 
1094275	-0.034310 
1094276	0.036205 
1094277	0.103083 
1094278	0.158180 
1094279	0.193272 
1094280	0.202210 
1094281	0.183484 
1094282	0.140969 
1094283	0.082114 
1094284	0.015358 
1094285	-0.051486 
1094286	-0.111966 
1094287	-0.161484 
1094288	-0.197301 
1094289	-0.218115 
1094290	-0.223625 
1094291	-0.214208 
1094292	-0.190802 
1094293	-0.154988 
1094294	-0.109158 
1094295	-0.056764 
1094296	-0.002374 
1094297	0.048623 
1094298	0.090697 
1094299	0.119011 
1094300	0.130412 
1094301	0.124316 
1094302	0.102983 
1094303	0.070947 
1094304	0.033915 
1094305	-0.002287 
1094306	-0.032576 
1094307	-0.053052 
1094308	-0.061226 
1094309	-0.056071 
1094310	-0.038018 
1094311	-0.009018 
1094312	0.027421 
1094313	0.066376 
1094314	0.101924 
1094315	0.127954 
1094316	0.139281 
1094317	0.132786 
1094318	0.108233 
1094319	0.068270 
1094320	0.017611 
1094321	-0.038063 
1094322	-0.093129 
1094323	-0.142730 
1094324	-0.183130 
1094325	-0.211743 
1094326	-0.227018 
1094327	-0.228307 
1094328	-0.215797 
1094329	-0.190489 
1094330	-0.154214 
1094331	-0.109679 
1094332	-0.060454 
1094333	-0.010865 
1094334	0.034263 
1094335	0.070039 
1094336	0.092177 
1094337	0.097901 
1094338	0.086807 
1094339	0.061132 
1094340	0.025258 
1094341	-0.015229 
1094342	-0.054505 
1094343	-0.087370 
1094344	-0.109866 
1094345	-0.119562 
1094346	-0.115555 
1094347	-0.098379 
1094348	-0.069869 
1094349	-0.032991 
1094350	0.008347 
1094351	0.049621 
1094352	0.086195 
1094353	0.113916 
1094354	0.129740 
1094355	0.132275 
1094356	0.122071 
1094357	0.101449 
1094358	0.073946 
1094359	0.043678 
1094360	0.014757 
1094361	-0.009185 
1094362	-0.025319 
1094363	-0.031810 
1094364	-0.027872 
1094365	-0.013761 
1094366	0.009247 
1094367	0.038924 
1094368	0.072237 
1094369	0.105665 
1094370	0.135577 
1094371	0.158715 
1094372	0.172692 
1094373	0.176450 
1094374	0.170476 
1094375	0.156697 
1094376	0.138075 
1094377	0.118054 
1094378	0.099998 
1094379	0.086765 
1094380	0.080411 
1094381	0.081979 
1094382	0.091345 
1094383	0.107143 
1094384	0.126821 
1094385	0.146893 
1094386	0.163399 
1094387	0.172530 
1094388	0.171277 
1094389	0.158010 
1094390	0.132787 
1094391	0.097309 
1094392	0.054569 
1094393	0.008336 
1094394	-0.037400 
1094395	-0.078863 
1094396	-0.112719 
1094397	-0.136084 
1094398	-0.146509 
1094399	-0.142034 
1094400	-0.121439 
1094401	-0.084666 
1094402	-0.033377 
1094403	0.028419 
1094404	0.093988 
1094405	0.154203 
1094406	0.198705 
1094407	0.217940 
1094408	0.206238 
1094409	0.164273 
1094410	0.098500 
1094411	0.017949 
1094412	-0.068674 
1094413	-0.154107 
1094414	-0.232851 
1094415	-0.301122 
1094416	-0.356246 
1094417	-0.395952 
1094418	-0.418123 
1094419	-0.420998 
1094420	-0.403582 
1094421	-0.365945 
1094422	-0.309285 
1094423	-0.235918 
1094424	-0.149512 
1094425	-0.055865 
1094426	0.036410 
1094427	0.115996 
1094428	0.169729 
1094429	0.186248 
1094430	0.161936 
1094431	0.103118 
1094432	0.022093 
1094433	-0.068344 
1094434	-0.157289 
1094435	-0.236742 
1094436	-0.301839 
1094437	-0.350024 
1094438	-0.380298 
1094439	-0.392807 
1094440	-0.388549 
1094441	-0.369011 
1094442	-0.335842 
1094443	-0.290684 
1094444	-0.235271 
1094445	-0.171814 
1094446	-0.103505 
1094447	-0.034806 
1094448	0.028829 
1094449	0.081736 
1094450	0.118992 
1094451	0.137494 
1094452	0.136957 
1094453	0.120173 
1094454	0.092235 
1094455	0.059229 
1094456	0.026937 
1094457	-0.000030 
1094458	-0.018530 
1094459	-0.026875 
1094460	-0.024613 
1094461	-0.012421 
1094462	0.007961 
1094463	0.033716 
1094464	0.061080 
1094465	0.085716 
1094466	0.103391 
1094467	0.110813 
1094468	0.106380 
1094469	0.090547 
1094470	0.065674 
1094471	0.035443 
1094472	0.004132 
1094473	-0.024081 
1094474	-0.045618 
1094475	-0.057791 
1094476	-0.058925 
1094477	-0.048409 
1094478	-0.026830 
1094479	0.003815 
1094480	0.039932 
1094481	0.076388 
1094482	0.106993 
1094483	0.125513 
1094484	0.127128 
1094485	0.109812 
1094486	0.074859 
1094487	0.026280 
1094488	-0.030428 
1094489	-0.089479 
1094490	-0.145801 
1094491	-0.195699 
1094492	-0.236849 
1094493	-0.267793 
1094494	-0.287396 
1094495	-0.294537 
1094496	-0.288030 
1094497	-0.266828 
1094498	-0.230377 
1094499	-0.179181 
1094500	-0.115398 
1094501	-0.043468 
1094502	0.029652 
1094503	0.095107 
1094504	0.143510 
1094505	0.166596 
1094506	0.159732 
1094507	0.123998 
1094508	0.065495 
1094509	-0.007556 
1094510	-0.087388 
1094511	-0.167628 
1094512	-0.243326 
1094513	-0.310705 
1094514	-0.366633 
1094515	-0.408408 
1094516	-0.433914 
1094517	-0.442034 
1094518	-0.432974 
1094519	-0.408304 
1094520	-0.370526 
1094521	-0.322514 
1094522	-0.267279 
1094523	-0.208121 
1094524	-0.148904 
1094525	-0.094200 
1094526	-0.049259 
1094527	-0.019614 
1094528	-0.009929 
1094529	-0.022293 
1094530	-0.055102 
1094531	-0.103382 
1094532	-0.160234 
1094533	-0.218352 
1094534	-0.271278 
1094535	-0.314154 
1094536	-0.343889 
1094537	-0.358983 
1094538	-0.359176 
1094539	-0.345165 
1094540	-0.318386 
1094541	-0.280912 
1094542	-0.235460 
1094543	-0.185459 
1094544	-0.135017 
1094545	-0.088651 
1094546	-0.050739 
1094547	-0.024747 
1094548	-0.012543 
1094549	-0.013937 
1094550	-0.026726 
1094551	-0.047203 
1094552	-0.070923 
1094553	-0.093498 
1094554	-0.111168 
1094555	-0.121069 
1094556	-0.121287 
1094557	-0.110893 
1094558	-0.090079 
1094559	-0.060372 
1094560	-0.024747 
1094561	0.012493 
1094562	0.046207 
1094563	0.071211 
1094564	0.083299 
1094565	0.080300 
1094566	0.062696 
1094567	0.033474 
1094568	-0.002666 
1094569	-0.040435 
1094570	-0.075080 
1094571	-0.103065 
1094572	-0.122144 
1094573	-0.130935 
1094574	-0.128423 
1094575	-0.113682 
1094576	-0.086014 
1094577	-0.045450 
1094578	0.006499 
1094579	0.066211 
1094580	0.127688 
1094581	0.183077 
1094582	0.223934 
1094583	0.242989 
1094584	0.236184 
1094585	0.203950 
1094586	0.150704 
1094587	0.082901 
1094588	0.007241 
1094589	-0.070417 
1094590	-0.145763 
1094591	-0.216134 
1094592	-0.279988 
1094593	-0.336211 
1094594	-0.383663 
1094595	-0.421105 
1094596	-0.447347 
1094597	-0.461484 
1094598	-0.463007 
1094599	-0.451783 
1094600	-0.427886 
1094601	-0.391413 
1094602	-0.342413 
1094603	-0.281030 
1094604	-0.207923 
1094605	-0.125027 
1094606	-0.036613 
1094607	0.049882 
1094608	0.124438 
1094609	0.176124 
1094610	0.195324 
1094611	0.177626 
1094612	0.126463 
1094613	0.051266 
1094614	-0.036861 
1094615	-0.128037 
1094616	-0.214915 
1094617	-0.292978 
1094618	-0.359547 
1094619	-0.412560 
1094620	-0.449986 
1094621	-0.469941 
1094622	-0.471208 
1094623	-0.453815 
1094624	-0.419248 
1094625	-0.370192 
1094626	-0.310066 
1094627	-0.242702 
1094628	-0.172358 
1094629	-0.104036 
1094630	-0.043526 
1094631	0.003034 
1094632	0.030113 
1094633	0.034209 
1094634	0.015131 
1094635	-0.023801 
1094636	-0.076808 
1094637	-0.137167 
1094638	-0.198535 
1094639	-0.255858 
1094640	-0.305734 
1094641	-0.346312 
1094642	-0.376927 
1094643	-0.397725 
1094644	-0.409297 
1094645	-0.412345 
1094646	-0.407495 
1094647	-0.395249 
1094648	-0.376062 
1094649	-0.350466 
1094650	-0.319182 
1094651	-0.283131 
1094652	-0.243350 
1094653	-0.200918 
1094654	-0.156890 
1094655	-0.112373 
1094656	-0.068675 
1094657	-0.027406 
1094658	0.009527 
1094659	0.040104 
1094660	0.062505 
1094661	0.075512 
1094662	0.078821 
1094663	0.073168 
1094664	0.060190 
1094665	0.042106 
1094666	0.021312 
1094667	0.000082 
1094668	-0.019654 
1094669	-0.036382 
1094670	-0.048989 
1094671	-0.056714 
1094672	-0.059127 
1094673	-0.056146 
1094674	-0.048122 
1094675	-0.035842 
1094676	-0.020513 
1094677	-0.003572 
1094678	0.013561 
1094679	0.029730 
1094680	0.044179 
1094681	0.056559 
1094682	0.066796 
1094683	0.074903 
1094684	0.080845 
1094685	0.084431 
1094686	0.085406 
1094687	0.083563 
1094688	0.078840 
1094689	0.071330 
1094690	0.061208 
1094691	0.048604 
1094692	0.033501 
1094693	0.015717 
1094694	-0.005047 
1094695	-0.029097 
1094696	-0.056570 
1094697	-0.087277 
1094698	-0.120648 
1094699	-0.155775 
1094700	-0.191587 
1094701	-0.226976 
1094702	-0.260878 
1094703	-0.292238 
1094704	-0.319911 
1094705	-0.342537 
1094706	-0.358541 
1094707	-0.366243 
1094708	-0.364134 
1094709	-0.351130 
1094710	-0.326823 
1094711	-0.291648 
1094712	-0.246970 
1094713	-0.195166 
1094714	-0.139715 
1094715	-0.085137 
1094716	-0.036586 
1094717	0.000883 
1094718	0.023079 
1094719	0.027552 
1094720	0.014294 
1094721	-0.014246 
1094722	-0.053873 
1094723	-0.099658 
1094724	-0.146690 
1094725	-0.190693 
1094726	-0.228433 
1094727	-0.257725 
1094728	-0.277310 
1094729	-0.286625 
1094730	-0.285680 
1094731	-0.274981 
1094732	-0.255544 
1094733	-0.228920 
1094734	-0.197204 
1094735	-0.162992 
1094736	-0.129197 
1094737	-0.098743 
1094738	-0.074249 
1094739	-0.057719 
1094740	-0.050315 
1094741	-0.052241 
1094742	-0.062770 
1094743	-0.080361 
1094744	-0.102873 
1094745	-0.127771 
1094746	-0.152372 
1094747	-0.174088 
1094748	-0.190633 
1094749	-0.200188 
1094750	-0.201537 
1094751	-0.194189 
1094752	-0.178450 
1094753	-0.155436 
1094754	-0.126994 
1094755	-0.095566 
1094756	-0.063966 
1094757	-0.035121 
1094758	-0.011747 
1094759	0.004102 
1094760	0.011407 
1094761	0.010369 
1094762	0.002319 
1094763	-0.010590 
1094764	-0.025800 
1094765	-0.040792 
1094766	-0.053455 
1094767	-0.062315 
1094768	-0.066631 
1094769	-0.066426 
1094770	-0.062450 
1094771	-0.056060 
1094772	-0.048996 
1094773	-0.043029 
1094774	-0.039585 
1094775	-0.039390 
1094776	-0.042281 
1094777	-0.047250 
1094778	-0.052746 
1094779	-0.057048 
1094780	-0.058637 
1094781	-0.056387 
1094782	-0.049641 
1094783	-0.038149 
1094784	-0.021950 
1094785	-0.001364 
1094786	0.022895 
1094787	0.049505 
1094788	0.076458 
1094789	0.101248 
1094790	0.121303 
1094791	0.134495 
1094792	0.139558 
1094793	0.136259 
1094794	0.125341 
1094795	0.108191 
1094796	0.086459 
1094797	0.061759 
1094798	0.035530 
1094799	0.009034 
1094800	-0.016581 
1094801	-0.040203 
1094802	-0.060678 
1094803	-0.076781 
1094804	-0.087236 
1094805	-0.090826 
1094806	-0.086605 
1094807	-0.074156 
1094808	-0.053807 
1094809	-0.026861 
1094810	0.004269 
1094811	0.036096 
1094812	0.064356 
1094813	0.084660 
1094814	0.093383 
1094815	0.088606 
1094816	0.070646 
1094817	0.041892 
1094818	0.006007 
1094819	-0.033014 
1094820	-0.071551 
1094821	-0.106727 
1094822	-0.136536 
1094823	-0.159802 
1094824	-0.175995 
1094825	-0.185008 
1094826	-0.186970 
1094827	-0.182160 
1094828	-0.170989 
1094829	-0.154045 
1094830	-0.132129 
1094831	-0.106261 
1094832	-0.077646 
1094833	-0.047631 
1094834	-0.017683 
1094835	0.010658 
1094836	0.035838 
1094837	0.056413 
1094838	0.071151 
1094839	0.079159 
1094840	0.079959 
1094841	0.073573 
1094842	0.060626 
1094843	0.042359 
1094844	0.020597 
1094845	-0.002377 
1094846	-0.023996 
1094847	-0.041601 
1094848	-0.052810 
1094849	-0.055950 
1094850	-0.050401 
1094851	-0.036762 
1094852	-0.016736 
1094853	0.007159 
1094854	0.031965 
1094855	0.054709 
1094856	0.072762 
1094857	0.084142 
1094858	0.087678 
1094859	0.083135 
1094860	0.071213 
1094861	0.053473 
1094862	0.032142 
1094863	0.009843 
1094864	-0.010703 
1094865	-0.027084 
1094866	-0.037536 
1094867	-0.041084 
1094868	-0.037464 
1094869	-0.026952 
1094870	-0.010231 
1094871	0.011644 
1094872	0.037223 
1094873	0.064563 
1094874	0.091144 
1094875	0.113891 
1094876	0.129464 
1094877	0.134823 
1094878	0.127927 
1094879	0.108247 
1094880	0.076967 
1094881	0.036746 
1094882	-0.008813 
1094883	-0.055831 
1094884	-0.100707 
1094885	-0.140446 
1094886	-0.172689 
1094887	-0.195593 
1094888	-0.207582 
1094889	-0.207239 
1094890	-0.193330 
1094891	-0.165115 
1094892	-0.122843 
1094893	-0.068329 
1094894	-0.005413 
1094895	0.059948 
1094896	0.120000 
1094897	0.166271 
1094898	0.191438 
1094899	0.191548 
1094900	0.167520 
1094901	0.124576 
1094902	0.069736 
1094903	0.009549 
1094904	-0.050680 
1094905	-0.107058 
1094906	-0.157298 
1094907	-0.200509 
1094908	-0.236755 
1094909	-0.266636 
1094910	-0.290993 
1094911	-0.310731 
1094912	-0.326688 
1094913	-0.339476 
1094914	-0.349341 
1094915	-0.356093 
1094916	-0.359137 
1094917	-0.357581 
1094918	-0.350442 
1094919	-0.336889 
1094920	-0.316492 
1094921	-0.289422 
1094922	-0.256567 
1094923	-0.219580 
1094924	-0.180879 
1094925	-0.143500 
1094926	-0.110772 
1094927	-0.085851 
1094928	-0.071242 
1094929	-0.068285 
1094930	-0.076759 
1094931	-0.094844 
1094932	-0.119503 
1094933	-0.146986 
1094934	-0.173255 
1094935	-0.194452 
1094936	-0.207380 
1094937	-0.209921 
1094938	-0.201179 
1094939	-0.181449 
1094940	-0.152113 
1094941	-0.115589 
1094942	-0.075334 
1094943	-0.035669 
1094944	-0.001364 
1094945	0.023004 
1094946	0.033722 
1094947	0.028559 
1094948	0.007194 
1094949	-0.028752 
1094950	-0.075983 
1094951	-0.130072 
1094952	-0.186265 
1094953	-0.240164 
1094954	-0.287975 
1094955	-0.326519 
1094956	-0.353123 
1094957	-0.365630 
1094958	-0.362451 
1094959	-0.342646 
1094960	-0.306003 
1094961	-0.253084 
1094962	-0.185389 
1094963	-0.105750 
1094964	-0.019114 
1094965	0.067110 
1094966	0.143607 
1094967	0.200433 
1094968	0.229096 
1094969	0.225268 
1094970	0.190552 
1094971	0.131540 
1094972	0.056883 
1094973	-0.024944 
1094974	-0.106521 
1094975	-0.182097 
1094976	-0.247651 
1094977	-0.300296 
1094978	-0.337824 
1094979	-0.358684 
1094980	-0.362126 
1094981	-0.348348 
1094982	-0.318502 
1094983	-0.274386 
1094984	-0.218171 
1094985	-0.152473 
1094986	-0.080939 
1094987	-0.008705 
1094988	0.057664 
1094989	0.110628 
1094990	0.142471 
1094991	0.147178 
1094992	0.122802 
1094993	0.072371 
1094994	0.002553 
1094995	-0.078509 
1094996	-0.163117 
1094997	-0.245260 
1094998	-0.321091 
1094999	-0.388608 
1095000	-0.446869 
1095001	-0.495267 
1095002	-0.533217 
1095003	-0.560147 
1095004	-0.575661 
1095005	-0.579757 
1095006	-0.572994 
1095007	-0.556573 
1095008	-0.532216 
1095009	-0.501913 
1095010	-0.467573 
1095011	-0.430824 
1095012	-0.392989 
1095013	-0.355238 
1095014	-0.318677 
1095015	-0.284385 
1095016	-0.253486 
1095017	-0.227155 
1095018	-0.206594 
1095019	-0.192922 
1095020	-0.187025 
1095021	-0.189445 
1095022	-0.200347 
1095023	-0.219543 
1095024	-0.246472 
1095025	-0.280177 
1095026	-0.319165 
1095027	-0.361260 
1095028	-0.403509 
1095029	-0.442193 
1095030	-0.473175 
1095031	-0.492649 
1095032	-0.498132 
1095033	-0.489132 
1095034	-0.467172 
1095035	-0.435135 
1095036	-0.396410 
1095037	-0.354340 
1095038	-0.312075 
1095039	-0.272715 
1095040	-0.239374 
1095041	-0.214983 
1095042	-0.201804 
1095043	-0.200917 
1095044	-0.211848 
1095045	-0.232551 
1095046	-0.259832 
1095047	-0.290184 
1095048	-0.320537 
1095049	-0.348619 
1095050	-0.372937 
1095051	-0.392560 
1095052	-0.406828 
1095053	-0.415142 
1095054	-0.416939 
1095055	-0.411886 
1095056	-0.400113 
1095057	-0.382373 
1095058	-0.360021 
1095059	-0.334775 
1095060	-0.308381 
1095061	-0.282237 
1095062	-0.257142 
1095063	-0.233242 
1095064	-0.210241 
1095065	-0.187715 
1095066	-0.165413 
1095067	-0.143398 
1095068	-0.122022 
1095069	-0.101784 
1095070	-0.083163 
1095071	-0.066486 
1095072	-0.051941 
1095073	-0.039678 
1095074	-0.029959 
1095075	-0.023255 
1095076	-0.020190 
1095077	-0.021349 
1095078	-0.027064 
1095079	-0.037238 
1095080	-0.051399 
1095081	-0.068871 
1095082	-0.089037 
1095083	-0.111537 
1095084	-0.136331 
1095085	-0.163619 
1095086	-0.193612 
1095087	-0.226278 
1095088	-0.261200 
1095089	-0.297575 
1095090	-0.334375 
1095091	-0.370519 
1095092	-0.404963 
1095093	-0.436636 
1095094	-0.464281 
1095095	-0.486286 
1095096	-0.500606 
1095097	-0.504872 
1095098	-0.496737 
1095099	-0.474373 
1095100	-0.437026 
1095101	-0.385352 
1095102	-0.321497 
1095103	-0.249030 
1095104	-0.172921 
1095105	-0.099640 
1095106	-0.036895 
1095107	0.007499 
1095108	0.027145 
1095109	0.018612 
1095110	-0.017425 
1095111	-0.076600 
1095112	-0.152554 
1095113	-0.238336 
1095114	-0.327024 
1095115	-0.412183 
1095116	-0.487841 
1095117	-0.548148 
1095118	-0.587220 
1095119	-0.600146 
1095120	-0.584688 
1095121	-0.542167 
1095122	-0.476580 
1095123	-0.392864 
1095124	-0.295735 
1095125	-0.189817 
1095126	-0.080953 
1095127	0.022542 
1095128	0.109905 
1095129	0.168765 
1095130	0.188756 
1095131	0.167031 
1095132	0.110150 
1095133	0.030230 
1095134	-0.060113 
1095135	-0.150468 
1095136	-0.233871 
1095137	-0.306821 
1095138	-0.368171 
1095139	-0.417733 
1095140	-0.455306 
1095141	-0.480373 
1095142	-0.492223 
1095143	-0.490395 
1095144	-0.475166 
1095145	-0.447829 
1095146	-0.410575 
1095147	-0.366025 
1095148	-0.316756 
1095149	-0.264976 
1095150	-0.212525 
1095151	-0.161109 
1095152	-0.112761 
1095153	-0.070135 
1095154	-0.036455 
1095155	-0.015028 
1095156	-0.008500 
1095157	-0.017983 
1095158	-0.042445 
1095159	-0.078712 
1095160	-0.122168 
1095161	-0.167812 
1095162	-0.211145 
1095163	-0.248626 
1095164	-0.277811 
1095165	-0.297261 
1095166	-0.306308 
1095167	-0.304763 
1095168	-0.292715 
1095169	-0.270497 
1095170	-0.238873 
1095171	-0.199285 
1095172	-0.154106 
1095173	-0.106753 
1095174	-0.061476 
1095175	-0.022881 
1095176	0.004701 
1095177	0.017968 
1095178	0.015508 
1095179	-0.001642 
1095180	-0.030125 
1095181	-0.065073 
1095182	-0.101075 
1095183	-0.132933 
1095184	-0.156189 
1095185	-0.167512 
1095186	-0.164757 
1095187	-0.147002 
1095188	-0.114737 
1095189	-0.070173 
1095190	-0.017494 
1095191	0.037148 
1095192	0.086219 
1095193	0.121916 
1095194	0.137765 
1095195	0.130350 
1095196	0.100340 
1095197	0.051981 
1095198	-0.008591 
1095199	-0.074882 
1095200	-0.140991 
1095201	-0.202348 
1095202	-0.256047 
1095203	-0.300580 
1095204	-0.335414 
1095205	-0.360722 
1095206	-0.377249 
1095207	-0.386142 
1095208	-0.388753 
1095209	-0.386339 
1095210	-0.379834 
1095211	-0.369670 
1095212	-0.355773 
1095213	-0.337737 
1095214	-0.315034 
1095215	-0.287297 
1095216	-0.254484 
1095217	-0.216961 
1095218	-0.175504 
1095219	-0.131325 
1095220	-0.086186 
1095221	-0.042572 
1095222	-0.003670 
1095223	0.026883 
1095224	0.045495 
1095225	0.049266 
1095226	0.036738 
1095227	0.008433 
1095228	-0.033133 
1095229	-0.083904 
1095230	-0.139074 
1095231	-0.193938 
1095232	-0.244556 
1095233	-0.287999 
1095234	-0.322294 
1095235	-0.346231 
1095236	-0.359149 
1095237	-0.360808 
1095238	-0.351315 
1095239	-0.331147 
1095240	-0.301181 
1095241	-0.262782 
1095242	-0.217861 
1095243	-0.168932 
1095244	-0.119047 
1095245	-0.071652 
1095246	-0.030327 
1095247	0.001567 
1095248	0.021298 
1095249	0.027268 
1095250	0.019411 
1095251	-0.000565 
1095252	-0.029417 
1095253	-0.062915 
1095254	-0.096515 
1095255	-0.126017 
1095256	-0.148082 
1095257	-0.160490 
1095258	-0.162198 
1095259	-0.153324 
1095260	-0.135090 
1095261	-0.109636 
1095262	-0.079823 
1095263	-0.049010 
1095264	-0.020839 
1095265	0.001092 
1095266	0.013559 
1095267	0.014081 
1095268	0.001235 
1095269	-0.025051 
1095270	-0.063374 
1095271	-0.110923 
1095272	-0.163787 
1095273	-0.217480 
1095274	-0.267531 
1095275	-0.309973 
1095276	-0.341601 
1095277	-0.360052 
1095278	-0.363794 
1095279	-0.351998 
1095280	-0.324355 
1095281	-0.281095 
1095282	-0.223387 
1095283	-0.154201 
1095284	-0.079458 
1095285	-0.008516 
1095286	0.046950 
1095287	0.074993 
1095288	0.067056 
1095289	0.022087 
1095290	-0.053450 
1095291	-0.149511 
1095292	-0.255650 
1095293	-0.362708 
1095294	-0.463696 
1095295	-0.552871 
1095296	-0.624155 
1095297	-0.670940 
1095298	-0.687859 
1095299	-0.673541 
1095300	-0.631825 
1095301	-0.570389 
1095302	-0.498029 
1095303	-0.422662 
1095304	-0.350671 
1095305	-0.286936 
1095306	-0.234803 
1095307	-0.196138 
1095308	-0.171478 
1095309	-0.160239 
1095310	-0.161047 
1095311	-0.172133 
1095312	-0.191622 
1095313	-0.217641 
1095314	-0.248271 
1095315	-0.281478 
1095316	-0.315169 
1095317	-0.347333 
1095318	-0.376344 
1095319	-0.401168 
1095320	-0.421465 
1095321	-0.437482 
1095322	-0.449758 
1095323	-0.458780 
1095324	-0.464779 
1095325	-0.467710 
1095326	-0.467396 
1095327	-0.463741 
1095328	-0.456902 
1095329	-0.447285 
1095330	-0.435380 
1095331	-0.421515 
1095332	-0.405635 
1095333	-0.387246 
1095334	-0.365628 
1095335	-0.340189 
1095336	-0.310956 
1095337	-0.278867 
1095338	-0.245780 
1095339	-0.214132 
1095340	-0.186441 
1095341	-0.164783 
1095342	-0.150496 
1095343	-0.144138 
1095344	-0.145703 
1095345	-0.154884 
1095346	-0.171274 
1095347	-0.194360 
1095348	-0.223394 
1095349	-0.257191 
1095350	-0.294016 
1095351	-0.331671 
1095352	-0.367809 
1095353	-0.400452 
1095354	-0.428454 
1095355	-0.451720 
1095356	-0.470993 
1095357	-0.487351 
1095358	-0.501695 
1095359	-0.514372 
1095360	-0.525174 
1095361	-0.533572 
1095362	-0.539043 
1095363	-0.541288 
1095364	-0.540319 
1095365	-0.536331 
1095366	-0.529487 
1095367	-0.519669 
1095368	-0.506383 
1095369	-0.488831 
1095370	-0.466176 
1095371	-0.437824 
1095372	-0.403604 
1095373	-0.363777 
1095374	-0.318858 
1095375	-0.269405 
1095376	-0.215984 
1095377	-0.159390 
1095378	-0.101133 
1095379	-0.044020 
1095380	0.007559 
1095381	0.047956 
1095382	0.071206 
1095383	0.072466 
1095384	0.049391 
1095385	0.002896 
1095386	-0.063237 
1095387	-0.143485 
1095388	-0.232110 
1095389	-0.324495 
1095390	-0.417183 
1095391	-0.506889 
1095392	-0.589557 
1095393	-0.659812 
1095394	-0.711357 
1095395	-0.738789 
1095396	-0.739950 
1095397	-0.717206 
1095398	-0.676460 
1095399	-0.624967 
1095400	-0.569448 
1095401	-0.515264 
1095402	-0.466150 
1095403	-0.424145 
1095404	-0.389801 
1095405	-0.362527 
1095406	-0.341097 
1095407	-0.324102 
1095408	-0.310184 
1095409	-0.298060 
1095410	-0.286469 
1095411	-0.274081 
1095412	-0.259546 
1095413	-0.241692 
1095414	-0.219861 
1095415	-0.194242 
1095416	-0.166081 
1095417	-0.137680 
1095418	-0.112073 
1095419	-0.092506 
1095420	-0.081841 
1095421	-0.082124 
1095422	-0.094337 
1095423	-0.118432 
1095424	-0.153550 
1095425	-0.198260 
1095426	-0.250725 
1095427	-0.308660 
1095428	-0.369175 
1095429	-0.428551 
1095430	-0.482187 
1095431	-0.524828 
1095432	-0.551221 
1095433	-0.557342 
1095434	-0.541655 
1095435	-0.505775 
1095436	-0.454051 
1095437	-0.392490 
1095438	-0.327807 
1095439	-0.266804 
1095440	-0.215957 
1095441	-0.180892 
1095442	-0.165724 
1095443	-0.172446 
1095444	-0.200662 
1095445	-0.247744 
1095446	-0.309366 
1095447	-0.380173 
1095448	-0.454226 
1095449	-0.525049 
1095450	-0.585386 
1095451	-0.627398 
1095452	-0.644206 
1095453	-0.632442 
1095454	-0.593865 
1095455	-0.534542 
1095456	-0.462209 
1095457	-0.384075 
1095458	-0.306410 
1095459	-0.234962 
1095460	-0.175006 
1095461	-0.130980 
1095462	-0.105934 
1095463	-0.100964 
1095464	-0.114859 
1095465	-0.144312 
1095466	-0.184655 
1095467	-0.230810 
1095468	-0.278128 
1095469	-0.322810 
1095470	-0.361893 
1095471	-0.393061 
1095472	-0.414553 
1095473	-0.425189 
1095474	-0.424535 
1095475	-0.413073 
1095476	-0.392271 
1095477	-0.364493 
1095478	-0.332735 
1095479	-0.300219 
1095480	-0.269988 
1095481	-0.244535 
1095482	-0.225639 
1095483	-0.214391 
1095484	-0.211362 
1095485	-0.216751 
1095486	-0.230380 
1095487	-0.251493 
1095488	-0.278543 
1095489	-0.309022 
1095490	-0.339570 
1095491	-0.366378 
1095492	-0.385819 
1095493	-0.395145 
1095494	-0.393066 
1095495	-0.379970 
1095496	-0.357730 
1095497	-0.329203 
1095498	-0.297641 
1095499	-0.266248 
1095500	-0.237919 
1095501	-0.215147 
1095502	-0.199986 
1095503	-0.194013 
1095504	-0.198143 
1095505	-0.212399 
1095506	-0.235653 
1095507	-0.265572 
1095508	-0.298814 
1095509	-0.331459 
1095510	-0.359634 
1095511	-0.380084 
1095512	-0.390633 
1095513	-0.390275 
1095514	-0.379075 
1095515	-0.357842 
1095516	-0.327848 
1095517	-0.290715 
1095518	-0.248522 
1095519	-0.204053 
1095520	-0.160944 
1095521	-0.123526 
1095522	-0.096248 
1095523	-0.082834 
1095524	-0.085436 
1095525	-0.104064 
1095526	-0.136635 
1095527	-0.179590 
1095528	-0.228769 
1095529	-0.280219 
1095530	-0.330605 
1095531	-0.377264 
1095532	-0.417960 
1095533	-0.450661 
1095534	-0.473481 
1095535	-0.484914 
1095536	-0.484284 
1095537	-0.472103 
1095538	-0.450156 
1095539	-0.421200 
1095540	-0.388453 
1095541	-0.354945 
1095542	-0.323028 
1095543	-0.294108 
1095544	-0.268660 
1095545	-0.246430 
1095546	-0.226781 
1095547	-0.208982 
1095548	-0.192430 
1095549	-0.176765 
1095550	-0.161919 
1095551	-0.148093 
1095552	-0.135774 
1095553	-0.125766 
1095554	-0.119207 
1095555	-0.117506 
1095556	-0.122165 
1095557	-0.134540 
1095558	-0.155568 
1095559	-0.185531 
1095560	-0.223918 
1095561	-0.269368 
1095562	-0.319798 
1095563	-0.372592 
1095564	-0.424776 
1095565	-0.473095 
1095566	-0.514002 
1095567	-0.543867 
1095568	-0.559531 
1095569	-0.559074 
1095570	-0.542310 
1095571	-0.510766 
1095572	-0.467145 
1095573	-0.414660 
1095574	-0.356549 
1095575	-0.295999 
1095576	-0.236272 
1095577	-0.180805 
1095578	-0.133067 
1095579	-0.096178 
1095580	-0.072545 
1095581	-0.063589 
1095582	-0.069491 
1095583	-0.089083 
1095584	-0.119931 
1095585	-0.158722 
1095586	-0.201739 
1095587	-0.245362 
1095588	-0.286473 
1095589	-0.322731 
1095590	-0.352688 
1095591	-0.375783 
1095592	-0.392223 
1095593	-0.402758 
1095594	-0.408435 
1095595	-0.410367 
1095596	-0.409618 
1095597	-0.407194 
1095598	-0.404047 
1095599	-0.401073 
1095600	-0.399057 
1095601	-0.398577 
1095602	-0.399894 
1095603	-0.402889 
1095604	-0.407065 
1095605	-0.411665 
1095606	-0.415830 
1095607	-0.418785 
1095608	-0.419943 
1095609	-0.418947 
1095610	-0.415710 
1095611	-0.410439 
1095612	-0.403684 
1095613	-0.396372 
1095614	-0.389768 
1095615	-0.385363 
1095616	-0.384634 
1095617	-0.388693 
1095618	-0.397929 
1095619	-0.411769 
1095620	-0.428659 
1095621	-0.446264 
1095622	-0.461857 
1095623	-0.472806 
1095624	-0.477074 
1095625	-0.473628 
1095626	-0.462524 
1095627	-0.444707 
1095628	-0.421597 
1095629	-0.394776 
1095630	-0.365867 
1095631	-0.336626 
1095632	-0.309030 
1095633	-0.285244 
1095634	-0.267393 
1095635	-0.257195 
1095636	-0.255554 
1095637	-0.262373 
1095638	-0.276618 
1095639	-0.296612 
1095640	-0.320515 
1095641	-0.346722 
1095642	-0.374062 
1095643	-0.401759 
1095644	-0.429214 
1095645	-0.455760 
1095646	-0.480511 
1095647	-0.502373 
1095648	-0.520218 
1095649	-0.533108 
1095650	-0.540531 
1095651	-0.542453 
1095652	-0.539264 
1095653	-0.531537 
1095654	-0.519828 
1095655	-0.504566 
1095656	-0.486041 
1095657	-0.464462 
1095658	-0.440015 
1095659	-0.412850 
1095660	-0.383064 
1095661	-0.350690 
1095662	-0.315731 
1095663	-0.278277 
1095664	-0.238754 
1095665	-0.198247 
1095666	-0.158798 
1095667	-0.123509 
1095668	-0.096285 
1095669	-0.081232 
1095670	-0.081812 
1095671	-0.100023 
1095672	-0.135886 
1095673	-0.187492 
1095674	-0.251557 
1095675	-0.324134 
1095676	-0.401029 
1095677	-0.477645 
1095678	-0.548331 
1095679	-0.605663 
1095680	-0.640784 
1095681	-0.645919 
1095682	-0.618168 
1095683	-0.561273 
1095684	-0.483586 
1095685	-0.394508 
1095686	-0.302685 
1095687	-0.216060 
1095688	-0.142225 
1095689	-0.088064 
1095690	-0.058829 
1095691	-0.057158 
1095692	-0.082364 
1095693	-0.130662 
1095694	-0.196189 
1095695	-0.272225 
1095696	-0.352034 
1095697	-0.429279 
1095698	-0.498036 
1095699	-0.552599 
1095700	-0.587835 
1095701	-0.600316 
1095702	-0.589519 
1095703	-0.558127 
1095704	-0.511168 
1095705	-0.454603 
1095706	-0.394054 
1095707	-0.334072 
1095708	-0.277960 
1095709	-0.227967 
1095710	-0.185754 
1095711	-0.152776 
1095712	-0.130343 
1095713	-0.119380 
1095714	-0.120055 
1095715	-0.131498 
1095716	-0.151684 
1095717	-0.177645 
1095718	-0.205908 
1095719	-0.233118 
1095720	-0.256499 
1095721	-0.274096 
1095722	-0.284766 
1095723	-0.287934 
1095724	-0.283392 
1095725	-0.271196 
1095726	-0.251729 
1095727	-0.226000 
1095728	-0.195935 
1095729	-0.164438 
1095730	-0.135088 
1095731	-0.111462 
1095732	-0.096342 
1095733	-0.091104 
1095734	-0.095481 
1095735	-0.107833 
1095736	-0.125682 
1095737	-0.146349 
1095738	-0.167374 
1095739	-0.186702 
1095740	-0.202605 
1095741	-0.213535 
1095742	-0.218020 
1095743	-0.214694 
1095744	-0.202549 
1095745	-0.181282 
1095746	-0.151644 
1095747	-0.115534 
1095748	-0.075880 
1095749	-0.036272 
1095750	-0.000458 
1095751	0.028107 
1095752	0.046684 
1095753	0.053520 
1095754	0.047995 
1095755	0.030614 
1095756	0.002876 
1095757	-0.032886 
1095758	-0.073626 
1095759	-0.115678 
1095760	-0.155019 
1095761	-0.187698 
1095762	-0.210382 
1095763	-0.220776 
1095764	-0.217773 
1095765	-0.201411 
1095766	-0.172592 
1095767	-0.132887 
1095768	-0.084531 
1095769	-0.030562 
1095770	0.024963 
1095771	0.076941 
1095772	0.119386 
1095773	0.146144 
1095774	0.152319 
1095775	0.135874 
1095776	0.098439 
1095777	0.044761 
1095778	-0.018656 
1095779	-0.085098 
1095780	-0.148925 
1095781	-0.206296 
1095782	-0.255158 
1095783	-0.294757 
1095784	-0.324994 
1095785	-0.345896 
1095786	-0.357352 
1095787	-0.359194 
1095788	-0.351497 
1095789	-0.334947 
1095790	-0.311120 
1095791	-0.282522 
1095792	-0.252337 
1095793	-0.223966 
1095794	-0.200533 
1095795	-0.184417 
1095796	-0.176980 
1095797	-0.178535 
1095798	-0.188570 
1095799	-0.206041 
1095800	-0.229647 
1095801	-0.257833 
1095802	-0.288621 
1095803	-0.319448 
1095804	-0.347211 
1095805	-0.368613 
1095806	-0.380821 
1095807	-0.382150 
1095808	-0.372532 
1095809	-0.353489 
1095810	-0.327572 
1095811	-0.297577 
1095812	-0.265831 
1095813	-0.233860 
1095814	-0.202488 
1095815	-0.172206 
1095816	-0.143663 
1095817	-0.117948 
1095818	-0.096517 
1095819	-0.080751 
1095820	-0.071355 
1095821	-0.067891 
1095822	-0.068733 
1095823	-0.071430 
1095824	-0.073352 
1095825	-0.072312 
1095826	-0.067042 
1095827	-0.057316 
1095828	-0.043755 
1095829	-0.027467 
1095830	-0.009692 
1095831	0.008429 
1095832	0.025921 
1095833	0.041969 
1095834	0.055880 
1095835	0.067167 
1095836	0.075697 
1095837	0.081790 
1095838	0.086156 
1095839	0.089694 
1095840	0.093201 
1095841	0.097141 
1095842	0.101452 
1095843	0.105472 
1095844	0.108064 
1095845	0.107953 
1095846	0.104166 
1095847	0.096397 
1095848	0.085114 
1095849	0.071409 
1095850	0.056681 
1095851	0.042313 
1095852	0.029411 
1095853	0.018734 
1095854	0.010761 
1095855	0.005831 
1095856	0.004213 
1095857	0.006069 
1095858	0.011353 
1095859	0.019680 
1095860	0.030233 
1095861	0.041834 
1095862	0.053166 
1095863	0.063111 
1095864	0.070997 
1095865	0.076691 
1095866	0.080454 
1095867	0.082712 
1095868	0.083745 
1095869	0.083481 
1095870	0.081373 
1095871	0.076524 
1095872	0.068003 
1095873	0.055277 
1095874	0.038568 
1095875	0.018974 
1095876	-0.001776 
1095877	-0.021700 
1095878	-0.038996 
1095879	-0.052352 
1095880	-0.061063 
1095881	-0.064935 
1095882	-0.064071 
1095883	-0.058709 
1095884	-0.049172 
1095885	-0.035968 
1095886	-0.019961 
1095887	-0.002507 
1095888	0.014616 
1095889	0.029476 
1095890	0.040397 
1095891	0.046274 
1095892	0.046696 
1095893	0.041845 
1095894	0.032279 
1095895	0.018669 
1095896	0.001621 
1095897	-0.018362 
1095898	-0.040782 
1095899	-0.064973 
1095900	-0.089911 
1095901	-0.114190 
1095902	-0.136089 
1095903	-0.153802 
1095904	-0.165745 
1095905	-0.170804 
1095906	-0.168449 
1095907	-0.158692 
1095908	-0.142026 
1095909	-0.119401 
1095910	-0.092319 
1095911	-0.062921 
1095912	-0.033980 
1095913	-0.008718 
1095914	0.009638 
1095915	0.018471 
1095916	0.016439 
1095917	0.003806 
1095918	-0.017733 
1095919	-0.045609 
1095920	-0.077066 
1095921	-0.109679 
1095922	-0.141599 
1095923	-0.171521 
1095924	-0.198443 
1095925	-0.221339 
1095926	-0.238908 
1095927	-0.249529 
1095928	-0.251454 
1095929	-0.243177 
1095930	-0.223894 
1095931	-0.193898 
1095932	-0.154824 
1095933	-0.109693 
1095934	-0.062742 
1095935	-0.019122 
1095936	0.015562 
1095937	0.036242 
1095938	0.039770 
1095939	0.026031 
1095940	-0.002058 
1095941	-0.039644 
1095942	-0.081305 
1095943	-0.121991 
1095944	-0.157499 
1095945	-0.184699 
1095946	-0.201609 
1095947	-0.207341 
1095948	-0.201988 
1095949	-0.186450 
1095950	-0.162222 
1095951	-0.131186 
1095952	-0.095444 
1095953	-0.057236 
1095954	-0.018914 
1095955	0.017101 
1095956	0.048451 
1095957	0.073088 
1095958	0.089599 
1095959	0.097506 
1095960	0.097412 
1095961	0.090940 
1095962	0.080425 
1095963	0.068494 
1095964	0.057644 
1095965	0.049949 
1095966	0.046866 
1095967	0.049214 
1095968	0.057218 
1095969	0.070604 
1095970	0.088650 
1095971	0.110182 
1095972	0.133559 
1095973	0.156730 
1095974	0.177380 
1095975	0.193255 
1095976	0.202547 
1095977	0.204297 
1095978	0.198616 
1095979	0.186656 
1095980	0.170347 
1095981	0.151975 
1095982	0.133761 
1095983	0.117518 
1095984	0.104506 
1095985	0.095397 
1095986	0.090359 
1095987	0.089169 
1095988	0.091277 
1095989	0.095795 
1095990	0.101506 
1095991	0.106903 
1095992	0.110324 
1095993	0.110201 
1095994	0.105364 
1095995	0.095329 
1095996	0.080446 
1095997	0.061830 
1095998	0.041086 
1095999	0.020003 
1096000	0.000247 
1096001	-0.016843 
1096002	-0.030389 
1096003	-0.039977 
1096004	-0.045590 
1096005	-0.047553 
1096006	-0.046477 
1096007	-0.043165 
1096008	-0.038480 
1096009	-0.033186 
1096010	-0.027765 
1096011	-0.022304 
1096012	-0.016446 
1096013	-0.009490 
1096014	-0.000621 
1096015	0.010794 
1096016	0.024949 
1096017	0.041457 
1096018	0.059337 
1096019	0.077180 
1096020	0.093405 
1096021	0.106571 
1096022	0.115670 
1096023	0.120250 
1096024	0.120438 
1096025	0.116824 
1096026	0.110323 
1096027	0.102030 
1096028	0.093127 
1096029	0.084843 
1096030	0.078359 
1096031	0.074715 
1096032	0.074704 
1096033	0.078688 
1096034	0.086520 
1096035	0.097491 
1096036	0.110443 
1096037	0.123922 
1096038	0.136433 
1096039	0.146619 
1096040	0.153401 
1096041	0.155986 
1096042	0.153855 
1096043	0.146742 
1096044	0.134664 
1096045	0.117960 
1096046	0.097344 
1096047	0.073945 
1096048	0.049234 
1096049	0.024897 
1096050	0.002605 
1096051	-0.016217 
1096052	-0.030578 
1096053	-0.040020 
1096054	-0.044619 
1096055	-0.044930 
1096056	-0.041883 
1096057	-0.036688 
1096058	-0.030748 
1096059	-0.025568 
1096060	-0.022616 
1096061	-0.023133 
1096062	-0.027924 
1096063	-0.037189 
1096064	-0.050402 
1096065	-0.066316 
1096066	-0.083132 
1096067	-0.098813 
1096068	-0.111443 
1096069	-0.119607 
1096070	-0.122608 
1096071	-0.120549 
1096072	-0.114206 
1096073	-0.104746 
1096074	-0.093363 
1096075	-0.081027 
1096076	-0.068403 
1096077	-0.055991 
1096078	-0.044359 
1096079	-0.034295 
1096080	-0.026792 
1096081	-0.022805 
1096082	-0.022881 
1096083	-0.026831 
1096084	-0.033678 
1096085	-0.041844 
1096086	-0.049548 
1096087	-0.055238 
1096088	-0.057852 
1096089	-0.056934 
1096090	-0.052534 
1096091	-0.044971 
1096092	-0.034613 
1096093	-0.021780 
1096094	-0.006828 
1096095	0.009680 
1096096	0.026857 
1096097	0.043491 
1096098	0.058212 
1096099	0.069702 
1096100	0.076969 
1096101	0.079516 
1096102	0.077419 
1096103	0.071258 
1096104	0.061948 
1096105	0.050571 
1096106	0.038277 
1096107	0.026232 
1096108	0.015628 
1096109	0.007660 
1096110	0.003434 
1096111	0.003765 
1096112	0.008923 
1096113	0.018454 
1096114	0.031088 
1096115	0.044884 
1096116	0.057534 
1096117	0.066767 
1096118	0.070739 
1096119	0.068345 
1096120	0.059318 
1096121	0.044185 
1096122	0.024030 
1096123	0.000229 
1096124	-0.025789 
1096125	-0.052658 
1096126	-0.079106 
1096127	-0.103965 
1096128	-0.126160 
1096129	-0.144744 
1096130	-0.158950 
1096131	-0.168184 
1096132	-0.172018 
1096133	-0.170134 
1096134	-0.162259 
1096135	-0.148200 
1096136	-0.127999 
1096137	-0.102193 
1096138	-0.072119 
1096139	-0.040095 
1096140	-0.009353 
1096141	0.016379 
1096142	0.033675 
1096143	0.040281 
1096144	0.035807 
1096145	0.021774 
1096146	0.001079 
1096147	-0.022874 
1096148	-0.046939 
1096149	-0.068714 
1096150	-0.086685 
1096151	-0.100113 
1096152	-0.108690 
1096153	-0.112232 
1096154	-0.110472 
1096155	-0.103067 
1096156	-0.089779 
1096157	-0.070777 
1096158	-0.046912 
1096159	-0.019817 
1096160	0.008281 
1096161	0.034958 
1096162	0.058059 
1096163	0.076020 
1096164	0.087983 
1096165	0.093745 
1096166	0.093570 
1096167	0.087990 
1096168	0.077608 
1096169	0.063047 
1096170	0.045009 
1096171	0.024396 
1096172	0.002381 
1096173	-0.019707 
1096174	-0.040600 
1096175	-0.059364 
1096176	-0.075575 
1096177	-0.089304 
1096178	-0.100942 
1096179	-0.110864 
1096180	-0.119194 
1096181	-0.125736 
1096182	-0.130135 
1096183	-0.132156 
1096184	-0.131927 
1096185	-0.130098 
1096186	-0.127762 
1096187	-0.126239 
1096188	-0.126762 
1096189	-0.130190 
1096190	-0.136875 
1096191	-0.146649 
1096192	-0.158930 
1096193	-0.172833 
1096194	-0.187250 
1096195	-0.200922 
1096196	-0.212480 
1096197	-0.220556 
1096198	-0.223977 
1096199	-0.221988 
1096200	-0.214452 
1096201	-0.201949 
1096202	-0.185710 
1096203	-0.167443 
1096204	-0.149077 
1096205	-0.132474 
1096206	-0.119198 
1096207	-0.110400 
1096208	-0.106779 
1096209	-0.108609 
1096210	-0.115745 
1096211	-0.127627 
1096212	-0.143232 
1096213	-0.161044 
1096214	-0.179073 
1096215	-0.195068 
1096216	-0.206819 
1096217	-0.212516 
1096218	-0.210994 
1096219	-0.201919 
1096220	-0.185856 
1096221	-0.164196 
1096222	-0.139002 
1096223	-0.112822 
1096224	-0.088502 
1096225	-0.068944 
1096226	-0.056789 
1096227	-0.054065 
1096228	-0.061898 
1096229	-0.080376 
1096230	-0.108539 
1096231	-0.144497 
1096232	-0.185581 
1096233	-0.228548 
1096234	-0.269922 
1096235	-0.306499 
1096236	-0.335743 
1096237	-0.355956 
1096238	-0.366299 
1096239	-0.366692 
1096240	-0.357570 
1096241	-0.339602 
1096242	-0.313489 
1096243	-0.280014 
1096244	-0.240280 
1096245	-0.195992 
1096246	-0.149700 
1096247	-0.104733 
1096248	-0.064790 
1096249	-0.033251 
1096250	-0.012446 
1096251	-0.003203 
1096252	-0.004750 
1096253	-0.015019 
1096254	-0.031251 
1096255	-0.050611 
1096256	-0.070614 
1096257	-0.089261 
1096258	-0.104969 
1096259	-0.116519 
1096260	-0.123068 
1096261	-0.124261 
1096262	-0.120395 
1096263	-0.112469 
1096264	-0.102127 
1096265	-0.091398 
1096266	-0.082338 
1096267	-0.076564 
1096268	-0.074927 
1096269	-0.077377 
1096270	-0.083065 
1096271	-0.090610 
1096272	-0.098396 
1096273	-0.104852 
1096274	-0.108694 
1096275	-0.109015 
1096276	-0.105364 
1096277	-0.097774 
1096278	-0.086771 
1096279	-0.073384 
1096280	-0.059137 
1096281	-0.045982 
1096282	-0.036158 
1096283	-0.031875 
1096284	-0.034913 
1096285	-0.046206 
1096286	-0.065662 
1096287	-0.092218 
1096288	-0.124139 
1096289	-0.159328 
1096290	-0.195614 
1096291	-0.230950 
1096292	-0.263514 
1096293	-0.291699 
1096294	-0.314025 
1096295	-0.329144 
1096296	-0.336003 
1096297	-0.334117 
1096298	-0.323773 
1096299	-0.306143 
1096300	-0.283217 
1096301	-0.257591 
1096302	-0.232187 
1096303	-0.209893 
1096304	-0.193176 
1096305	-0.183767 
1096306	-0.182535 
1096307	-0.189562 
1096308	-0.204307 
1096309	-0.225750 
1096310	-0.252413 
1096311	-0.282279 
1096312	-0.312782 
1096313	-0.340920 
1096314	-0.363567 
1096315	-0.377932 
1096316	-0.382039 
1096317	-0.375133 
1096318	-0.357812 
1096319	-0.331874 
1096320	-0.299952 
1096321	-0.265153 
1096322	-0.230752 
1096323	-0.199950 
1096324	-0.175660 
1096325	-0.160218 
1096326	-0.155090 
1096327	-0.160588 
1096328	-0.175695 
1096329	-0.198079 
1096330	-0.224348 
1096331	-0.250470 
1096332	-0.272408 
1096333	-0.286800 
1096334	-0.291487 
1096335	-0.285763 
1096336	-0.270286 
1096337	-0.246715 
1096338	-0.217308 
1096339	-0.184583 
1096340	-0.151148 
1096341	-0.119636 
1096342	-0.092653 
1096343	-0.072599 
1096344	-0.061377 
1096345	-0.060050 
1096346	-0.068590 
1096347	-0.085810 
1096348	-0.109597 
1096349	-0.137275 
1096350	-0.166100 
1096351	-0.193628 
1096352	-0.217920 
1096353	-0.237571 
1096354	-0.251636 
1096355	-0.259458 
1096356	-0.260501 
1096357	-0.254286 
1096358	-0.240419 
1096359	-0.218709 
1096360	-0.189314 
1096361	-0.152901 
1096362	-0.110748 
1096363	-0.064802 
1096364	-0.017626 
1096365	0.027763 
1096366	0.068190 
1096367	0.100731 
1096368	0.123196 
1096369	0.134519 
1096370	0.134885 
1096371	0.125639 
1096372	0.108969 
1096373	0.087558 
1096374	0.064223 
1096375	0.041631 
1096376	0.022105 
1096377	0.007452 
1096378	-0.001185 
1096379	-0.003440 
1096380	0.000181 
1096381	0.008327 
1096382	0.018965 
1096383	0.029715 
1096384	0.038263 
1096385	0.042670 
1096386	0.041517 
1096387	0.034015 
1096388	0.020061 
1096389	0.000283 
1096390	-0.023992 
1096391	-0.050823 
1096392	-0.077829 
1096393	-0.102432 
1096394	-0.122214 
1096395	-0.135258 
1096396	-0.140383 
1096397	-0.137241 
1096398	-0.126287 
1096399	-0.108710 
1096400	-0.086307 
1096401	-0.061406 
1096402	-0.036724 
1096403	-0.015112 
1096404	0.000750 
1096405	0.008761 
1096406	0.007785 
1096407	-0.002106 
1096408	-0.019601 
1096409	-0.042384 
1096410	-0.067551 
1096411	-0.092145 
1096412	-0.113671 
1096413	-0.130478 
1096414	-0.141872 
1096415	-0.148052 
1096416	-0.149871 
1096417	-0.148634 
1096418	-0.145798 
1096419	-0.142717 
1096420	-0.140350 
1096421	-0.139118 
1096422	-0.138883 
1096423	-0.138982 
1096424	-0.138366 
1096425	-0.135788 
1096426	-0.130049 
1096427	-0.120295 
1096428	-0.106269 
1096429	-0.088466 
1096430	-0.068189 
1096431	-0.047394 
1096432	-0.028438 
1096433	-0.013684 
1096434	-0.005022 
1096435	-0.003440 
1096436	-0.008701 
1096437	-0.019392 
1096438	-0.033248 
1096439	-0.047648 
1096440	-0.060121 
1096441	-0.068730 
1096442	-0.072292 
1096443	-0.070427 
1096444	-0.063475 
1096445	-0.052335 
1096446	-0.038240 
1096447	-0.022529 
1096448	-0.006462 
1096449	0.008930 
1096450	0.022929 
1096451	0.035194 
1096452	0.045742 
1096453	0.054826 
1096454	0.062677 
1096455	0.069269 
1096456	0.074144 
1096457	0.076396 
1096458	0.074809 
1096459	0.068184 
1096460	0.055709 
1096461	0.037370 
1096462	0.014206 
1096463	-0.011635 
1096464	-0.037147 
1096465	-0.058971 
1096466	-0.074017 
1096467	-0.079909 
1096468	-0.075211 
1096469	-0.059449 
1096470	-0.033038 
1096471	0.002662 
1096472	0.045226 
1096473	0.091001 
1096474	0.135180 
1096475	0.172250 
1096476	0.196859 
1096477	0.205007 
1096478	0.195137 
1096479	0.168508 
1096480	0.128650 
1096481	0.080217 
1096482	0.027899 
1096483	-0.024426 
1096484	-0.074120 
1096485	-0.119748 
1096486	-0.160705 
1096487	-0.196798 
1096488	-0.227940 
1096489	-0.253963 
1096490	-0.274558 
1096491	-0.289289 
1096492	-0.297708 
1096493	-0.299477 
1096494	-0.294426 
1096495	-0.282540 
1096496	-0.263877 
1096497	-0.238520 
1096498	-0.206674 
1096499	-0.168923 
1096500	-0.126691 
1096501	-0.082709 
1096502	-0.041055 
1096503	-0.006681 
1096504	0.015495 
1096505	0.021589 
1096506	0.009701 
1096507	-0.019660 
1096508	-0.063910 
1096509	-0.119322 
1096510	-0.182011 
1096511	-0.248551 
1096512	-0.315956 
1096513	-0.381148 
1096514	-0.440304 
1096515	-0.488481 
1096516	-0.519853 
1096517	-0.529138 
1096518	-0.514019 
1096519	-0.476806 
1096520	-0.423733 
1096521	-0.362633 
1096522	-0.300945 
1096523	-0.244714 
1096524	-0.198118 
1096525	-0.163365 
1096526	-0.140924 
1096527	-0.130006 
1096528	-0.129079 
1096529	-0.136316 
1096530	-0.149941 
1096531	-0.168431 
1096532	-0.190566 
1096533	-0.215408 
1096534	-0.242285 
1096535	-0.270765 
1096536	-0.300622 
1096537	-0.331782 
1096538	-0.364203 
1096539	-0.397726 
1096540	-0.431898 
1096541	-0.465813 
1096542	-0.498139 
1096543	-0.527249 
1096544	-0.551425 
1096545	-0.568967 
1096546	-0.578344 
1096547	-0.578307 
1096548	-0.568009 
1096549	-0.547103 
1096550	-0.515740 
1096551	-0.474440 
1096552	-0.423971 
1096553	-0.365267 
1096554	-0.299405 
1096555	-0.227700 
1096556	-0.152124 
1096557	-0.075732 
1096558	-0.002939 
1096559	0.060800 
1096560	0.109770 
1096561	0.139098 
1096562	0.145842 
1096563	0.129806 
1096564	0.093541 
1096565	0.041506 
1096566	-0.021019 
1096567	-0.088662 
1096568	-0.156572 
1096569	-0.220913 
1096570	-0.278863 
1096571	-0.328224 
1096572	-0.367144 
1096573	-0.394135 
1096574	-0.408193 
1096575	-0.408915 
1096576	-0.396523 
1096577	-0.371752 
1096578	-0.335623 
1096579	-0.289281 
1096580	-0.233909 
1096581	-0.170965 
1096582	-0.102605 
1096583	-0.032245 
1096584	0.035174 
1096585	0.093465 
1096586	0.136154 
1096587	0.158097 
1096588	0.157333 
1096589	0.136162 
1096590	0.100431 
1096591	0.057634 
1096592	0.014964 
1096593	-0.022038 
1096594	-0.049885 
1096595	-0.066978 
1096596	-0.073219 
1096597	-0.069583 
1096598	-0.057838 
1096599	-0.040336 
1096600	-0.019885 
1096601	0.000483 
1096602	0.017779 
1096603	0.029458 
1096604	0.033924 
1096605	0.030936 
1096606	0.021698 
1096607	0.008513 
1096608	-0.005791 
1096609	-0.018447 
1096610	-0.027126 
1096611	-0.030152 
1096612	-0.026645 
1096613	-0.016598 
1096614	-0.000990 
1096615	0.018165 
1096616	0.037832 
1096617	0.054193 
1096618	0.063138 
1096619	0.061140 
1096620	0.046182 
1096621	0.018251 
1096622	-0.020637 
1096623	-0.066880 
1096624	-0.116113 
1096625	-0.164093 
1096626	-0.207124 
1096627	-0.242173 
1096628	-0.266922 
1096629	-0.279779 
1096630	-0.279935 
1096631	-0.267421 
1096632	-0.243172 
1096633	-0.209076 
1096634	-0.168048 
1096635	-0.124108 
1096636	-0.082226 
1096637	-0.047741 
1096638	-0.025551 
1096639	-0.019303 
1096640	-0.030704 
1096641	-0.059131 
1096642	-0.101904 
1096643	-0.155009 
1096644	-0.213885 
1096645	-0.274060 
1096646	-0.331477 
1096647	-0.382614 
1096648	-0.424524 
1096649	-0.454893 
1096650	-0.472215 
1096651	-0.475947 
1096652	-0.466733 
1096653	-0.446446 
1096654	-0.417990 
1096655	-0.384764 
1096656	-0.350096 
1096657	-0.316813 
1096658	-0.286994 
1096659	-0.261851 
1096660	-0.241760 
1096661	-0.226454 
1096662	-0.215250 
1096663	-0.207151 
1096664	-0.200966 
1096665	-0.195487 
1096666	-0.189690 
1096667	-0.182997 
1096668	-0.175399 
1096669	-0.167457 
1096670	-0.160103 
1096671	-0.154338 
1096672	-0.150911 
1096673	-0.150092 
1096674	-0.151597 
1096675	-0.154720 
1096676	-0.158643 
1096677	-0.162694 
1096678	-0.166553 
1096679	-0.170287 
1096680	-0.174243 
1096681	-0.178899 
1096682	-0.184702 
1096683	-0.191952 
1096684	-0.200682 
1096685	-0.210584 
1096686	-0.220923 
1096687	-0.230573 
1096688	-0.238144 
1096689	-0.242163 
1096690	-0.241261 
1096691	-0.234411 
1096692	-0.221173 
1096693	-0.201892 
1096694	-0.177763 
1096695	-0.150766 
1096696	-0.123489 
1096697	-0.098845 
1096698	-0.079652 
1096699	-0.068210 
1096700	-0.065910 
1096701	-0.072995 
1096702	-0.088509 
1096703	-0.110433 
1096704	-0.136067 
1096705	-0.162327 
1096706	-0.185918 
1096707	-0.203610 
1096708	-0.212662 
1096709	-0.211074 
1096710	-0.197715 
1096711	-0.172448 
1096712	-0.136245 
1096713	-0.091381 
1096714	-0.041589 
1096715	0.007894 
1096716	0.050693 
1096717	0.080121 
1096718	0.090419 
1096719	0.078256 
1096720	0.043908 
1096721	-0.008771 
1096722	-0.073438 
1096723	-0.142805 
1096724	-0.210128 
1096725	-0.270065 
1096726	-0.318759 
1096727	-0.353635 
1096728	-0.373227 
1096729	-0.377084 
1096730	-0.365714 
1096731	-0.340449 
1096732	-0.303322 
1096733	-0.257022 
1096734	-0.204920 
1096735	-0.151125 
1096736	-0.100395 
1096737	-0.057764 
1096738	-0.027683 
1096739	-0.013105 
1096740	-0.014726 
1096741	-0.030710 
1096742	-0.057029 
1096743	-0.088328 
1096744	-0.118895 
1096745	-0.143550 
1096746	-0.158309 
1096747	-0.160750 
1096748	-0.150208 
1096749	-0.127817 
1096750	-0.096439 
1096751	-0.060369 
1096752	-0.024736 
1096753	0.005335 
1096754	0.025456 
1096755	0.032659 
1096756	0.025919 
1096757	0.006263 
1096758	-0.023634 
1096759	-0.060180 
1096760	-0.099545 
1096761	-0.138126 
1096762	-0.172776 
1096763	-0.200883 
1096764	-0.220446 
1096765	-0.230119 
1096766	-0.229279 
1096767	-0.218095 
1096768	-0.197544 
1096769	-0.169375 
1096770	-0.136051 
1096771	-0.100649 
1096772	-0.066638 
1096773	-0.037602 
1096774	-0.016910 
1096775	-0.007358 
1096776	-0.010787 
1096777	-0.027775 
1096778	-0.057482 
1096779	-0.097711 
1096780	-0.145186 
1096781	-0.195966 
1096782	-0.245805 
1096783	-0.290449 
1096784	-0.325898 
1096785	-0.348758 
1096786	-0.356590 
1096787	-0.348191 
1096788	-0.323727 
1096789	-0.284734 
1096790	-0.234049 
1096791	-0.175726 
1096792	-0.114981 
1096793	-0.058090 
1096794	-0.011903 
1096795	0.017046 
1096796	0.023898 
1096797	0.006920 
1096798	-0.031910 
1096799	-0.087665 
1096800	-0.153927 
1096801	-0.223962 
1096802	-0.291313 
1096803	-0.350051 
1096804	-0.394989 
1096805	-0.422147 
1096806	-0.429375 
1096807	-0.416818 
1096808	-0.386912 
1096809	-0.343809 
1096810	-0.292616 
1096811	-0.238703 
1096812	-0.187209 
1096813	-0.142621 
1096814	-0.108429 
1096815	-0.086820 
1096816	-0.078406 
1096817	-0.082171 
1096818	-0.095643 
1096819	-0.115271 
1096820	-0.136963 
1096821	-0.156547 
1096822	-0.170165 
1096823	-0.174493 
1096824	-0.166894 
1096825	-0.145577 
1096826	-0.109856 
1096827	-0.060483 
1096828	0.000026 
1096829	0.067231 
1096830	0.134968 
1096831	0.195910 
1096832	0.242537 
1096833	0.268532 
1096834	0.270534 
1096835	0.249330 
1096836	0.209566 
1096837	0.158207 
1096838	0.102875 
1096839	0.050693 
1096840	0.007495 
1096841	-0.022414 
1096842	-0.036129 
1096843	-0.032015 
1096844	-0.009805 
1096845	0.029069 
1096846	0.081023 
1096847	0.139994 
1096848	0.197595 
1096849	0.244078 
1096850	0.270017 
1096851	0.268705 
1096852	0.238497 
1096853	0.183301 
1096854	0.110767 
1096855	0.029741 
1096856	-0.051502 
1096857	-0.126317 
1096858	-0.190056 
1096859	-0.239843 
1096860	-0.274036 
1096861	-0.291717 
1096862	-0.292410 
1096863	-0.275991 
1096864	-0.242705 
1096865	-0.193313 
1096866	-0.129455 
1096867	-0.054368 
1096868	0.026445 
1096869	0.105149 
1096870	0.172124 
1096871	0.216843 
1096872	0.230433 
1096873	0.209695 
1096874	0.158986 
1096875	0.087931 
1096876	0.007515 
1096877	-0.072138 
1096878	-0.142722 
1096879	-0.198572 
1096880	-0.236622 
1096881	-0.255786 
1096882	-0.256322 
1096883	-0.239434 
1096884	-0.206987 
1096885	-0.161403 
1096886	-0.105811 
1096887	-0.044356 
1096888	0.017655 
1096889	0.074071 
1096890	0.118566 
1096891	0.145540 
1096892	0.151352 
1096893	0.135515 
1096894	0.101026 
1096895	0.053591 
1096896	0.000322 
1096897	-0.051535 
1096898	-0.095630 
1096899	-0.127297 
1096900	-0.143841 
1096901	-0.144466 
1096902	-0.129982 
1096903	-0.102508 
1096904	-0.065216 
1096905	-0.022222 
1096906	0.021579 
1096907	0.060788 
1096908	0.090022 
1096909	0.104643 
1096910	0.101744 
1096911	0.080994 
1096912	0.044835 
1096913	-0.002109 
1096914	-0.053985 
1096915	-0.104719 
1096916	-0.148826 
1096917	-0.181986 
1096918	-0.201278 
1096919	-0.205239 
1096920	-0.193788 
1096921	-0.168183 
1096922	-0.130957 
1096923	-0.085954 
1096924	-0.038256 
1096925	0.006097 
1096926	0.040821 
1096927	0.060395 
1096928	0.061299 
1096929	0.043032 
1096930	0.008289 
1096931	-0.037834 
1096932	-0.089139 
1096933	-0.139576 
1096934	-0.184131 
1096935	-0.219243 
1096936	-0.242686 
1096937	-0.253230 
1096938	-0.250283 
1096939	-0.233722 
1096940	-0.204017 
1096941	-0.162604 
1096942	-0.112347 
1096943	-0.057818 
1096944	-0.005160 
1096945	0.038576 
1096946	0.066699 
1096947	0.074586 
1096948	0.061167 
1096949	0.029299 
1096950	-0.015210 
1096951	-0.065151 
1096952	-0.113332 
1096953	-0.153587 
1096954	-0.181319 
1096955	-0.193584 
1096956	-0.188953 
1096957	-0.167400 
1096958	-0.130264 
1096959	-0.080327 
1096960	-0.021931 
1096961	0.039192 
1096962	0.096417 
1096963	0.142898 
1096964	0.172645 
1096965	0.182168 
1096966	0.171808 
1096967	0.145625 
1096968	0.110007 
1096969	0.071972 
1096970	0.037971 
1096971	0.013161 
1096972	0.001076 
1096973	0.003539 
1096974	0.020661 
1096975	0.050795 
1096976	0.090418 
1096977	0.134120 
1096978	0.174908 
1096979	0.204959 
1096980	0.217193 
1096981	0.207419 
1096982	0.175909 
1096983	0.127125 
1096984	0.067943 
1096985	0.005830 
1096986	-0.052361 
1096987	-0.101091 
1096988	-0.136397 
1096989	-0.155777 
1096990	-0.157915 
1096991	-0.142493 
1096992	-0.110159 
1096993	-0.062669 
1096994	-0.003216 
1096995	0.063269 
1096996	0.130159 
1096997	0.189597 
1096998	0.233287 
1096999	0.254283 
1097000	0.249720 
1097001	0.222279 
1097002	0.178968 
1097003	0.128339 
1097004	0.078405 
1097005	0.035708 
1097006	0.004907 
1097007	-0.011203 
1097008	-0.011434 
1097009	0.004014 
1097010	0.033555 
1097011	0.074005 
1097012	0.120415 
1097013	0.166335 
1097014	0.204600 
1097015	0.228612 
1097016	0.234137 
1097017	0.220793 
1097018	0.192201 
1097019	0.154656 
1097020	0.115319 
1097021	0.080781 
1097022	0.056190 
1097023	0.044847 
1097024	0.048124 
1097025	0.065601 
1097026	0.095208 
1097027	0.133386 
1097028	0.175356 
1097029	0.215555 
1097030	0.248341 
1097031	0.268971 
1097032	0.274630 
1097033	0.265151 
1097034	0.242993 
1097035	0.212566 
1097036	0.179215 
1097037	0.148252 
1097038	0.124205 
1097039	0.110407 
1097040	0.108851 
1097041	0.120129 
1097042	0.143346 
1097043	0.175991 
1097044	0.213832 
1097045	0.251174 
1097046	0.281553 
1097047	0.298809 
1097048	0.298400 
1097049	0.278720 
1097050	0.241616 
1097051	0.191772 
1097052	0.135317 
1097053	0.078423 
1097054	0.026333 
1097055	-0.017043 
1097056	-0.049124 
1097057	-0.068435 
1097058	-0.074371 
1097059	-0.067088 
1097060	-0.047555 
1097061	-0.017753 
1097062	0.019118 
1097063	0.058562 
1097064	0.095074 
1097065	0.122970 
1097066	0.137432 
1097067	0.135458 
1097068	0.116527 
1097069	0.082682 
1097070	0.037870 
1097071	-0.012997 
1097072	-0.065023 
1097073	-0.114072 
1097074	-0.157171 
1097075	-0.192497 
1097076	-0.219201 
1097077	-0.237178 
1097078	-0.246934 
1097079	-0.249490 
1097080	-0.246356 
1097081	-0.239453 
1097082	-0.230936 
1097083	-0.222910 
1097084	-0.217141 
1097085	-0.214827 
1097086	-0.216487 
1097087	-0.221950 
1097088	-0.230470 
1097089	-0.240846 
1097090	-0.251575 
1097091	-0.261030 
1097092	-0.267648 
1097093	-0.270094 
1097094	-0.267491 
1097095	-0.259604 
1097096	-0.247045 
1097097	-0.231342 
1097098	-0.214792 
1097099	-0.200093 
1097100	-0.189794 
1097101	-0.185732 
1097102	-0.188696 
1097103	-0.198405 
1097104	-0.213799 
1097105	-0.233435 
1097106	-0.255815 
1097107	-0.279606 
1097108	-0.303713 
1097109	-0.327285 
1097110	-0.349511 
1097111	-0.369484 
1097112	-0.386113 
1097113	-0.398097 
1097114	-0.404033 
1097115	-0.402587 
1097116	-0.392704 
1097117	-0.373699 
1097118	-0.345255 
1097119	-0.307403 
1097120	-0.260548 
1097121	-0.205589 
1097122	-0.144274 
1097123	-0.079660 
1097124	-0.016515 
1097125	0.038896 
1097126	0.079771 
1097127	0.099975 
1097128	0.095351 
1097129	0.064998 
1097130	0.011596 
1097131	-0.059495 
1097132	-0.141549 
1097133	-0.227866 
1097134	-0.312674 
1097135	-0.390966 
1097136	-0.458083 
1097137	-0.509534 
1097138	-0.541263 
1097139	-0.550557 
1097140	-0.536983 
1097141	-0.502544 
1097142	-0.450896 
1097143	-0.386207 
1097144	-0.312357 
1097145	-0.232811 
1097146	-0.151202 
1097147	-0.072209 
1097148	-0.001906 
1097149	0.052771 
1097150	0.085324 
1097151	0.091711 
1097152	0.072284 
1097153	0.032025 
1097154	-0.021185 
1097155	-0.078679 
1097156	-0.132594 
1097157	-0.177008 
1097158	-0.208347 
1097159	-0.225186 
1097160	-0.227805 
1097161	-0.217681 
1097162	-0.197078 
1097163	-0.168761 
1097164	-0.135907 
1097165	-0.102059 
1097166	-0.070998 
1097167	-0.046261 
1097168	-0.030632 
1097169	-0.025812 
1097170	-0.032232 
1097171	-0.049014 
1097172	-0.074160 
1097173	-0.104922 
1097174	-0.138213 
1097175	-0.171092 
1097176	-0.201103 
1097177	-0.226378 
1097178	-0.245605 
1097179	-0.257971 
1097180	-0.263160 
1097181	-0.261360 
1097182	-0.253234 
1097183	-0.239957 
1097184	-0.223218 
1097185	-0.205188 
1097186	-0.188329 
1097187	-0.175004 
1097188	-0.167036 
1097189	-0.165294 
1097190	-0.169468 
1097191	-0.178138 
1097192	-0.189118 
1097193	-0.200027 
1097194	-0.208857 
1097195	-0.214463 
1097196	-0.216696 
1097197	-0.216294 
1097198	-0.214622 
1097199	-0.213390 
1097200	-0.214368 
1097201	-0.219158 
1097202	-0.228963 
1097203	-0.244432 
1097204	-0.265476 
1097205	-0.291177 
1097206	-0.319800 
1097207	-0.349025 
1097208	-0.376339 
1097209	-0.399404 
1097210	-0.416324 
1097211	-0.425814 
1097212	-0.427308 
1097213	-0.420940 
1097214	-0.407402 
1097215	-0.387734 
1097216	-0.363148 
1097217	-0.334956 
1097218	-0.304564 
1097219	-0.273537 
1097220	-0.243571 
1097221	-0.216380 
1097222	-0.193505 
1097223	-0.176038 
1097224	-0.164348 
1097225	-0.157918 
1097226	-0.155435 
1097227	-0.155094 
1097228	-0.154981 
1097229	-0.153377 
1097230	-0.148988 
1097231	-0.141012 
1097232	-0.129171 
1097233	-0.113673 
1097234	-0.095160 
1097235	-0.074725 
1097236	-0.053918 
1097237	-0.034708 
1097238	-0.019298 
1097239	-0.009735 
1097240	-0.007484 
1097241	-0.013113 
1097242	-0.026161 
1097243	-0.045246 
1097244	-0.068399 
1097245	-0.093512 
1097246	-0.118736 
1097247	-0.142746 
1097248	-0.164805 
1097249	-0.184653 
1097250	-0.202268 
1097251	-0.217649 
1097252	-0.230667 
1097253	-0.241067 
1097254	-0.248595 
1097255	-0.253158 
1097256	-0.254957 
1097257	-0.254502 
1097258	-0.252492 
1097259	-0.249550 
1097260	-0.246007 
1097261	-0.241770 
1097262	-0.236371 
1097263	-0.229189 
1097264	-0.219755 
1097265	-0.208011 
1097266	-0.194461 
1097267	-0.180126 
1097268	-0.166325 
1097269	-0.154302 
1097270	-0.144916 
1097271	-0.138464 
1097272	-0.134701 
1097273	-0.132999 
1097274	-0.132541 
1097275	-0.132505 
1097276	-0.132172 
1097277	-0.130980 
1097278	-0.128534 
1097279	-0.124670 
1097280	-0.119555 
1097281	-0.113792 
1097282	-0.108464 
1097283	-0.105035 
1097284	-0.105093 
1097285	-0.110009 
1097286	-0.120595 
1097287	-0.136923 
1097288	-0.158353 
1097289	-0.183764 
1097290	-0.211910 
1097291	-0.241718 
1097292	-0.272496 
1097293	-0.303855 
1097294	-0.335464 
1097295	-0.366707 
1097296	-0.396406 
1097297	-0.422716 
1097298	-0.443333 
1097299	-0.455860 
1097300	-0.458302 
1097301	-0.449440 
1097302	-0.429005 
1097303	-0.397544 
1097304	-0.356060 
1097305	-0.305767 
1097306	-0.248011 
1097307	-0.184489 
1097308	-0.117630 
1097309	-0.051049 
1097310	0.010307 
1097311	0.060763 
1097312	0.094981 
1097313	0.109048 
1097314	0.101489 
1097315	0.073713 
1097316	0.029529 
1097317	-0.025962 
1097318	-0.087386 
1097319	-0.149795 
1097320	-0.209143 
1097321	-0.262363 
1097322	-0.307011 
1097323	-0.340948 
1097324	-0.362384 
1097325	-0.370221 
1097326	-0.364484 
1097327	-0.346649 
1097328	-0.319662 
1097329	-0.287639 
1097330	-0.255279 
1097331	-0.227174 
1097332	-0.207179 
1097333	-0.197963 
1097334	-0.200781 
1097335	-0.215479 
1097336	-0.240606 
1097337	-0.273609 
1097338	-0.311033 
1097339	-0.348846 
1097340	-0.382895 
1097341	-0.409329 
1097342	-0.424937 
1097343	-0.427418 
1097344	-0.415563 
1097345	-0.389295 
1097346	-0.349442 
1097347	-0.297399 
1097348	-0.234877 
1097349	-0.164027 
1097350	-0.088101 
1097351	-0.012173 
1097352	0.056763 
1097353	0.110493 
1097354	0.140958 
1097355	0.142577 
1097356	0.114657 
1097357	0.061766 
1097358	-0.008243 
1097359	-0.086744 
1097360	-0.166127 
1097361	-0.240885 
1097362	-0.307790 
1097363	-0.365344 
1097364	-0.413033 
1097365	-0.450744 
1097366	-0.478551 
1097367	-0.496707 
1097368	-0.505759 
1097369	-0.506628 
1097370	-0.500586 
1097371	-0.489121 
1097372	-0.473763 
1097373	-0.455928 
1097374	-0.436763 
1097375	-0.417097 
1097376	-0.397412 
1097377	-0.377912 
1097378	-0.358632 
1097379	-0.339479 
1097380	-0.320247 
1097381	-0.300542 
1097382	-0.279771 
1097383	-0.257236 
1097384	-0.232316 
1097385	-0.204711 
1097386	-0.174615 
1097387	-0.142838 
1097388	-0.110826 
1097389	-0.080552 
1097390	-0.054244 
1097391	-0.034031 
1097392	-0.021550 
1097393	-0.017661 
1097394	-0.022305 
1097395	-0.034572 
1097396	-0.052942 
1097397	-0.075635 
1097398	-0.100930 
1097399	-0.127423 
1097400	-0.154120 
1097401	-0.180411 
1097402	-0.205957 
1097403	-0.230592 
1097404	-0.254232 
1097405	-0.276743 
1097406	-0.297831 
1097407	-0.316963 
1097408	-0.333358 
1097409	-0.346066 
1097410	-0.354093 
1097411	-0.356510 
1097412	-0.352647 
1097413	-0.342250 
1097414	-0.325597 
1097415	-0.303543 
1097416	-0.277405 
1097417	-0.248799 
1097418	-0.219430 
1097419	-0.190938 
1097420	-0.164788 
1097421	-0.142238 
1097422	-0.124324 
1097423	-0.111769 
1097424	-0.104947 
1097425	-0.103802 
1097426	-0.107814 
1097427	-0.116050 
1097428	-0.127287 
1097429	-0.140227 
1097430	-0.153707 
1097431	-0.166846 
1097432	-0.179047 
1097433	-0.189888 
1097434	-0.198945 
1097435	-0.205645 
1097436	-0.209212 
1097437	-0.208688 
1097438	-0.203114 
1097439	-0.191748 
1097440	-0.174269 
1097441	-0.150930 
1097442	-0.122582 
1097443	-0.090707 
1097444	-0.057407 
1097445	-0.025341 
1097446	0.002400 
1097447	0.022625 
1097448	0.032473 
1097449	0.029920 
1097450	0.014235 
1097451	-0.013803 
1097452	-0.052014 
1097453	-0.097206 
1097454	-0.145785 
1097455	-0.194321 
1097456	-0.239993 
1097457	-0.280717 
1097458	-0.315053 
1097459	-0.341954 
1097460	-0.360585 
1097461	-0.370189 
1097462	-0.370122 
1097463	-0.359898 
1097464	-0.339308 
1097465	-0.308507 
1097466	-0.268158 
1097467	-0.219615 
1097468	-0.165166 
1097469	-0.108255 
1097470	-0.053419 
1097471	-0.005886 
1097472	0.029105 
1097473	0.047216 
1097474	0.046025 
1097475	0.025746 
1097476	-0.010833 
1097477	-0.059147 
1097478	-0.113871 
1097479	-0.169731 
1097480	-0.222133 
1097481	-0.267448 
1097482	-0.302996 
1097483	-0.326919 
1097484	-0.338124 
1097485	-0.336196 
1097486	-0.321303 
1097487	-0.294043 
1097488	-0.255402 
1097489	-0.206798 
1097490	-0.150272 
1097491	-0.088704 
1097492	-0.025978 
1097493	0.033194 
1097494	0.083711 
1097495	0.120718 
1097496	0.140518 
1097497	0.141564 
1097498	0.125004 
1097499	0.094363 
1097500	0.054565 
1097501	0.010918 
1097502	-0.031645 
1097503	-0.068981 
1097504	-0.098007 
1097505	-0.116758 
1097506	-0.124368 
1097507	-0.120908 
1097508	-0.107201 
1097509	-0.084638 
1097510	-0.055012 
1097511	-0.020442 
1097512	0.016669 
1097513	0.053591 
1097514	0.087293 
1097515	0.114613 
1097516	0.132555 
1097517	0.138788 
1097518	0.132156 
1097519	0.113033 
1097520	0.083346 
1097521	0.046245 
1097522	0.005542 
1097523	-0.034912 
1097524	-0.071754 
1097525	-0.102430 
1097526	-0.125305 
1097527	-0.139631 
1097528	-0.145411 
1097529	-0.143197 
1097530	-0.133894 
1097531	-0.118621 
1097532	-0.098672 
1097533	-0.075544 
1097534	-0.050966 
1097535	-0.026853 
1097536	-0.005160 
1097537	0.012346 
1097538	0.024308 
1097539	0.029967 
1097540	0.029214 
1097541	0.022494 
1097542	0.010582 
1097543	-0.005634 
1097544	-0.025310 
1097545	-0.047650 
1097546	-0.071794 
1097547	-0.096707 
1097548	-0.121095 
1097549	-0.143473 
1097550	-0.162355 
1097551	-0.176485 
1097552	-0.185010 
1097553	-0.187572 
1097554	-0.184251 
1097555	-0.175418 
1097556	-0.161568 
1097557	-0.143245 
1097558	-0.121129 
1097559	-0.096234 
1097560	-0.070114 
1097561	-0.044907 
1097562	-0.023146 
1097563	-0.007336 
1097564	0.000570 
1097565	-0.000402 
1097566	-0.010065 
1097567	-0.027222 
1097568	-0.050051 
1097569	-0.076509 
1097570	-0.104652 
1097571	-0.132787 
1097572	-0.159443 
1097573	-0.183276 
1097574	-0.202950 
1097575	-0.217107 
1097576	-0.224429 
1097577	-0.223747 
1097578	-0.214173 
1097579	-0.195231 
1097580	-0.166950 
1097581	-0.129998 
1097582	-0.085805 
1097583	-0.036733 
1097584	0.013812 
1097585	0.061528 
1097586	0.101671 
1097587	0.129804 
1097588	0.142732 
1097589	0.139419 
1097590	0.121373 
1097591	0.092270 
1097592	0.057053 
1097593	0.020978 
1097594	-0.011207 
1097595	-0.035849 
1097596	-0.050657 
1097597	-0.054678 
1097598	-0.048191 
1097599	-0.032602 
1097600	-0.010391 
1097601	0.014989 
1097602	0.039341 
1097603	0.058186 
1097604	0.067382 
1097605	0.063990 
1097606	0.047059 
1097607	0.017921 
1097608	-0.020228 
1097609	-0.063120 
1097610	-0.106185 
1097611	-0.145186 
1097612	-0.176735 
1097613	-0.198670 
1097614	-0.209997 
1097615	-0.210501 
1097616	-0.200335 
1097617	-0.179777 
1097618	-0.149192 
1097619	-0.109230 
1097620	-0.061233 
1097621	-0.007716 
1097622	0.047249 
1097623	0.098054 
1097624	0.138124 
1097625	0.161068 
1097626	0.162383 
1097627	0.141083 
1097628	0.100139 
1097629	0.045332 
1097630	-0.016593 
1097631	-0.079356 
1097632	-0.137854 
1097633	-0.188463 
1097634	-0.228964 
1097635	-0.258197 
1097636	-0.275679 
1097637	-0.281383 
1097638	-0.275714 
1097639	-0.259584 
1097640	-0.234468 
1097641	-0.202402 
1097642	-0.165926 
1097643	-0.127885 
1097644	-0.091168 
1097645	-0.058453 
1097646	-0.031999 
1097647	-0.013486 
1097648	-0.003862 
1097649	-0.003243 
1097650	-0.010882 
1097651	-0.025354 
1097652	-0.044772 
1097653	-0.067139 
1097654	-0.090689 
1097655	-0.114164 
1097656	-0.136959 
1097657	-0.159096 
1097658	-0.181047 
1097659	-0.203408 
1097660	-0.226546 
1097661	-0.250241 
1097662	-0.273561 
1097663	-0.294883 
1097664	-0.312143 
1097665	-0.323182 
1097666	-0.326143 
1097667	-0.319806 
1097668	-0.303691 
1097669	-0.278055 
1097670	-0.243830 
1097671	-0.202582 
1097672	-0.156552 
1097673	-0.108747 
1097674	-0.062967 
1097675	-0.023655 
1097676	0.004615 
1097677	0.018169 
1097678	0.015367 
1097679	-0.002808 
1097680	-0.033179 
1097681	-0.071408 
1097682	-0.112918 
1097683	-0.153470 
1097684	-0.189520 
1097685	-0.218331 
1097686	-0.237813 
1097687	-0.246308 
1097688	-0.242545 
1097689	-0.225748 
1097690	-0.195836 
1097691	-0.153606 
1097692	-0.100904 
1097693	-0.040737 
1097694	0.022788 
1097695	0.084783 
1097696	0.140098 
1097697	0.183961 
1097698	0.212721 
1097699	0.224755 
1097700	0.221064 
1097701	0.205187 
1097702	0.182348 
1097703	0.158382 
1097704	0.138766 
1097705	0.127885 
1097706	0.128547 
1097707	0.141680 
1097708	0.166228 
1097709	0.199216 
1097710	0.236114 
1097711	0.271476 
1097712	0.299862 
1097713	0.316878 
1097714	0.320136 
1097715	0.309782 
1097716	0.288346 
1097717	0.260018 
1097718	0.229671 
1097719	0.202055 
1097720	0.181238 
1097721	0.170321 
1097722	0.171259 
1097723	0.184699 
1097724	0.209729 
1097725	0.243661 
1097726	0.282050 
1097727	0.319101 
1097728	0.348482 
1097729	0.364501 
1097730	0.363435 
1097731	0.344559 
1097732	0.310254 
1097733	0.265185 
1097734	0.215109 
1097735	0.165789 
1097736	0.122169 
1097737	0.087973 
1097738	0.065710 
1097739	0.056870 
1097740	0.062042 
1097741	0.080887 
1097742	0.111899 
1097743	0.152140 
1097744	0.197083 
1097745	0.240810 
1097746	0.276610 
1097747	0.298042 
1097748	0.300394 
1097749	0.282236 
1097750	0.246080 
1097751	0.197547 
1097752	0.143658 
1097753	0.091239 
1097754	0.046013 
1097755	0.012240 
1097756	-0.007280 
1097757	-0.011140 
1097758	0.000654 
1097759	0.026551 
1097760	0.063233 
1097761	0.105560 
1097762	0.146776 
1097763	0.179110 
1097764	0.195080 
1097765	0.189649 
1097766	0.162140 
1097767	0.116376 
1097768	0.058977 
1097769	-0.002739 
1097770	-0.062069 
1097771	-0.113413 
1097772	-0.152567 
1097773	-0.176778 
1097774	-0.184582 
1097775	-0.175654 
1097776	-0.150817 
1097777	-0.112186 
1097778	-0.063392 
1097779	-0.009665 
1097780	0.042444 
1097781	0.085795 
1097782	0.113719 
1097783	0.121529 
1097784	0.108132 
1097785	0.076458 
1097786	0.032362 
1097787	-0.017153 
1097788	-0.065436 
1097789	-0.107073 
1097790	-0.138245 
1097791	-0.156605 
1097792	-0.161009 
1097793	-0.151281 
1097794	-0.128277 
1097795	-0.094047 
1097796	-0.052027 
1097797	-0.006935 
1097798	0.035673 
1097799	0.070208 
1097800	0.092170 
1097801	0.099329 
1097802	0.092361 
1097803	0.074486 
1097804	0.050325 
1097805	0.024643 
1097806	0.001446 
1097807	-0.016461 
1097808	-0.027535 
1097809	-0.031276 
1097810	-0.027989 
1097811	-0.018604 
1097812	-0.004621 
1097813	0.011963 
1097814	0.028798 
1097815	0.043518 
1097816	0.054183 
1097817	0.059721 
1097818	0.060240 
1097819	0.056999 
1097820	0.052101 
1097821	0.047964 
1097822	0.046784 
1097823	0.050138 
1097824	0.058762 
1097825	0.072556 
1097826	0.090684 
1097827	0.111708 
1097828	0.133669 
1097829	0.154213 
1097830	0.170770 
1097831	0.180934 
1097832	0.182991 
1097833	0.176423 
1097834	0.162195 
1097835	0.142634 
1097836	0.121037 
1097837	0.101115 
1097838	0.086413 
1097839	0.079769 
1097840	0.082965 
1097841	0.096576 
1097842	0.119954 
1097843	0.151221 
1097844	0.187271 
1097845	0.223834 
1097846	0.255772 
1097847	0.277712 
1097848	0.285094 
1097849	0.275398 
1097850	0.248912 
1097851	0.208585 
1097852	0.159152 
1097853	0.106170 
1097854	0.055289 
1097855	0.011496 
1097856	-0.021390 
1097857	-0.040919 
1097858	-0.045994 
1097859	-0.036639 
1097860	-0.013719 
1097861	0.021304 
1097862	0.066444 
1097863	0.118965 
1097864	0.174972 
1097865	0.229140 
1097866	0.274858 
1097867	0.304999 
1097868	0.313465 
1097869	0.297315 
1097870	0.258186 
1097871	0.201786 
1097872	0.135885 
1097873	0.068237 
1097874	0.005303 
1097875	-0.048267 
1097876	-0.089621 
1097877	-0.117398 
1097878	-0.131241 
1097879	-0.131404 
1097880	-0.118619 
1097881	-0.094230 
1097882	-0.060523 
1097883	-0.020964 
1097884	0.019832 
1097885	0.056578 
1097886	0.084147 
1097887	0.098656 
1097888	0.098457 
1097889	0.084564 
1097890	0.060223 
1097891	0.029844 
1097892	-0.002146 
1097893	-0.032156 
1097894	-0.057770 
1097895	-0.077699 
1097896	-0.091438 
1097897	-0.098916 
1097898	-0.100327 
1097899	-0.096181 
1097900	-0.087499 
1097901	-0.075970 
1097902	-0.063902 
1097903	-0.053869 
1097904	-0.048101 
1097905	-0.047903 
1097906	-0.053301 
1097907	-0.063112 
1097908	-0.075337 
1097909	-0.087743 
1097910	-0.098403 
1097911	-0.106018 
1097912	-0.109992 
1097913	-0.110323 
1097914	-0.107449 
1097915	-0.102159 
1097916	-0.095604 
1097917	-0.089332 
1097918	-0.085205 
1097919	-0.085170 
1097920	-0.090870 
1097921	-0.103252 
1097922	-0.122266 
1097923	-0.146793 
1097924	-0.174829 
1097925	-0.203879 
1097926	-0.231414 
1097927	-0.255312 
1097928	-0.274071 
1097929	-0.286883 
1097930	-0.293573 
1097931	-0.294424 
1097932	-0.290038 
1097933	-0.281201 
1097934	-0.268806 
1097935	-0.253833 
1097936	-0.237356 
1097937	-0.220524 
1097938	-0.204428 
1097939	-0.189942 
1097940	-0.177529 
1097941	-0.167203 
1097942	-0.158598 
1097943	-0.151148 
1097944	-0.144319 
1097945	-0.137811 
1097946	-0.131654 
1097947	-0.126161 
1097948	-0.121736 
1097949	-0.118637 
1097950	-0.116821 
1097951	-0.115932 
1097952	-0.115469 
1097953	-0.115003 
1097954	-0.114391 
1097955	-0.113838 
1097956	-0.113810 
1097957	-0.114814 
1097958	-0.117117 
1097959	-0.120512 
1097960	-0.124250 
1097961	-0.127118 
1097962	-0.127673 
1097963	-0.124483 
1097964	-0.116363 
1097965	-0.102484 
1097966	-0.082496 
1097967	-0.056607 
1097968	-0.025706 
1097969	0.008544 
1097970	0.043654 
1097971	0.076423 
1097972	0.103311 
1097973	0.121033 
1097974	0.127310 
1097975	0.121486 
1097976	0.104762 
1097977	0.079944 
1097978	0.050855 
1097979	0.021606 
1097980	-0.004052 
1097981	-0.023088 
1097982	-0.033286 
1097983	-0.033123 
1097984	-0.021623 
1097985	0.001666 
1097986	0.036497 
1097987	0.081554 
1097988	0.134019 
1097989	0.189347 
1097990	0.241483 
1097991	0.283686 
1097992	0.309845 
1097993	0.316076 
1097994	0.301961 
1097995	0.270644 
1097996	0.227770 
1097997	0.179943 
1097998	0.133467 
1097999	0.093495 
1098000	0.063759 
1098001	0.046689 
1098002	0.043665 
1098003	0.055116 
1098004	0.080433 
1098005	0.117708 
1098006	0.163494 
1098007	0.212757 
1098008	0.259232 
1098009	0.296301 
1098010	0.318212 
1098011	0.321409 
1098012	0.305460 
1098013	0.273099 
1098014	0.229284 
1098015	0.179882 
1098016	0.130487 
1098017	0.085611 
1098018	0.048379 
1098019	0.020649 
1098020	0.003294 
1098021	-0.003491 
1098022	-0.000022 
1098023	0.012869 
1098024	0.033729 
1098025	0.060335 
1098026	0.089580 
1098027	0.117604 
1098028	0.140127 
1098029	0.153064 
1098030	0.153270 
1098031	0.139269 
1098032	0.111661 
1098033	0.073028 
1098034	0.027383 
1098035	-0.020533 
1098036	-0.065937 
1098037	-0.104543 
1098038	-0.132906 
1098039	-0.148574 
1098040	-0.150142 
1098041	-0.137287 
1098042	-0.110823 
1098043	-0.072792 
1098044	-0.026581 
1098045	0.023040 
1098046	0.070116 
1098047	0.108046 
1098048	0.130511 
1098049	0.132960 
1098050	0.114160 
1098051	0.076703 
1098052	0.026090 
1098053	-0.030856 
1098054	-0.087283 
1098055	-0.137185 
1098056	-0.175936 
1098057	-0.200448 
1098058	-0.209034 
1098059	-0.201271 
1098060	-0.177937 
1098061	-0.141032 
1098062	-0.093894 
1098063	-0.041292 
1098064	0.010710 
1098065	0.055266 
1098066	0.085739 
1098067	0.097190 
1098068	0.087902 
1098069	0.059877 
1098070	0.017885 
1098071	-0.032264 
1098072	-0.085138 
1098073	-0.136499 
1098074	-0.183619 
1098075	-0.225143 
1098076	-0.260620 
1098077	-0.289919 
1098078	-0.312769 
1098079	-0.328562 
1098080	-0.336427 
1098081	-0.335534 
1098082	-0.325453 
1098083	-0.306426 
1098084	-0.279418 
1098085	-0.245941 
1098086	-0.207787 
1098087	-0.166834 
1098088	-0.125026 
1098089	-0.084502 
1098090	-0.047756 
1098091	-0.017631 
1098092	0.003007 
1098093	0.012014 
1098094	0.008730 
1098095	-0.005602 
1098096	-0.028092 
1098097	-0.054858 
1098098	-0.081853 
1098099	-0.105660 
1098100	-0.124033 
1098101	-0.136007 
1098102	-0.141620 
1098103	-0.141479 
1098104	-0.136394 
1098105	-0.127197 
1098106	-0.114738 
1098107	-0.100008 
1098108	-0.084267 
1098109	-0.069032 
1098110	-0.055914 
1098111	-0.046283 
1098112	-0.040952 
1098113	-0.040000 
1098114	-0.042841 
1098115	-0.048448 
1098116	-0.055698 
1098117	-0.063639 
1098118	-0.071560 
1098119	-0.078891 
1098120	-0.084999 
1098121	-0.089025 
1098122	-0.089887 
1098123	-0.086492 
1098124	-0.078014 
1098125	-0.064185 
1098126	-0.045447 
1098127	-0.022916 
1098128	0.001787 
1098129	0.026814 
1098130	0.050330 
1098131	0.070669 
1098132	0.086452 
1098133	0.096655 
1098134	0.100724 
1098135	0.098734 
1098136	0.091473 
1098137	0.080407 
1098138	0.067512 
1098139	0.054995 
1098140	0.044972 
1098141	0.039148 
1098142	0.038527 
1098143	0.043214 
1098144	0.052392 
1098145	0.064481 
1098146	0.077497 
1098147	0.089475 
1098148	0.098889 
1098149	0.104898 
1098150	0.107423 
1098151	0.107011 
1098152	0.104545 
1098153	0.100937 
1098154	0.096910 
1098155	0.092917 
1098156	0.089165 
1098157	0.085702 
1098158	0.082444 
1098159	0.079225 
1098160	0.075795 
1098161	0.071878 
1098162	0.067296 
1098163	0.062108 
1098164	0.056753 
1098165	0.052073 
1098166	0.049235 
1098167	0.049492 
1098168	0.053896 
1098169	0.062988 
1098170	0.076579 
1098171	0.093682 
1098172	0.112664 
1098173	0.131506 
1098174	0.148144 
1098175	0.160813 
1098176	0.168330 
1098177	0.170287 
1098178	0.167037 
1098179	0.159543 
1098180	0.149104 
1098181	0.137096 
1098182	0.124739 
1098183	0.112925 
1098184	0.102075 
1098185	0.092093 
1098186	0.082384 
1098187	0.072030 
1098188	0.060078 
1098189	0.045922 
1098190	0.029595 
1098191	0.011864 
1098192	-0.005924 
1098193	-0.022236 
1098194	-0.035808 
1098195	-0.046017 
1098196	-0.053040 
1098197	-0.057818 
1098198	-0.061768 
1098199	-0.066409 
1098200	-0.072988 
1098201	-0.082248 
1098202	-0.094340 
1098203	-0.108912 
1098204	-0.125233 
1098205	-0.142317 
1098206	-0.158998 
1098207	-0.173982 
1098208	-0.185900 
1098209	-0.193427 
1098210	-0.195478 
1098211	-0.191453 
1098212	-0.181430 
1098213	-0.166323 
1098214	-0.147874 
1098215	-0.128486 
1098216	-0.110890 
1098217	-0.097635 
1098218	-0.090684 
1098219	-0.091135 
1098220	-0.099178 
1098221	-0.114204 
1098222	-0.135030 
1098223	-0.160054 
1098224	-0.187347 
1098225	-0.214686 
1098226	-0.239617 
1098227	-0.259612 
1098228	-0.272334 
1098229	-0.275860 
1098230	-0.268912 
1098231	-0.251046 
1098232	-0.222735 
1098233	-0.185404 
1098234	-0.141463 
1098235	-0.094342 
1098236	-0.048383 
1098237	-0.008497 
1098238	0.020494 
1098239	0.034687 
1098240	0.032068 
1098241	0.013134 
1098242	-0.019214 
1098243	-0.060457 
1098244	-0.105443 
1098245	-0.149197 
1098246	-0.187542 
1098247	-0.217384 
1098248	-0.236794 
1098249	-0.244914 
1098250	-0.241775 
1098251	-0.228097 
1098252	-0.205134 
1098253	-0.174623 
1098254	-0.138814 
1098255	-0.100521 
1098256	-0.063071 
1098257	-0.030052 
1098258	-0.004825 
1098259	0.010099 
1098260	0.013693 
1098261	0.006793 
1098262	-0.007971 
1098263	-0.026692 
1098264	-0.044998 
1098265	-0.058842 
1098266	-0.065176 
1098267	-0.062285 
1098268	-0.049862 
1098269	-0.028853 
1098270	-0.001244 
1098271	0.030250 
1098272	0.062462 
1098273	0.092127 
1098274	0.116238 
1098275	0.132446 
1098276	0.139486 
1098277	0.137435 
1098278	0.127754 
1098279	0.112981 
1098280	0.096277 
1098281	0.080942 
1098282	0.069997 
1098283	0.065883 
1098284	0.070283 
1098285	0.083996 
1098286	0.106806 
1098287	0.137433 
1098288	0.173462 
1098289	0.211378 
1098290	0.246811 
1098291	0.275066 
1098292	0.292011 
1098293	0.295052 
1098294	0.283789 
1098295	0.260005 
1098296	0.227039 
1098297	0.188943 
1098298	0.149746 
1098299	0.112934 
1098300	0.081190 
1098301	0.056376 
1098302	0.039703 
1098303	0.031974 
1098304	0.033757 
1098305	0.045359 
1098306	0.066638 
1098307	0.096632 
1098308	0.133197 
1098309	0.172808 
1098310	0.210754 
1098311	0.241687 
1098312	0.260488 
1098313	0.263357 
1098314	0.248893 
1098315	0.218542 
1098316	0.176157 
1098317	0.126882 
1098318	0.076011 
1098319	0.028193 
1098320	-0.012956 
1098321	-0.045032 
1098322	-0.066787 
1098323	-0.078005 
1098324	-0.079339 
1098325	-0.072159 
1098326	-0.058417 
1098327	-0.040514 
1098328	-0.021047 
1098329	-0.002513 
1098330	0.013020 
1098331	0.024160 
1098332	0.030328 
1098333	0.031703 
1098334	0.029070 
1098335	0.023536 
1098336	0.016266 
1098337	0.008222 
1098338	0.000050 
1098339	-0.007955 
1098340	-0.015722 
1098341	-0.023257 
1098342	-0.030491 
1098343	-0.037208 
1098344	-0.043033 
1098345	-0.047495 
1098346	-0.050079 
1098347	-0.050312 
1098348	-0.047802 
1098349	-0.042258 
1098350	-0.033556 
1098351	-0.021836 
1098352	-0.007608 
1098353	0.008202 
1098354	0.024322 
1098355	0.039345 
1098356	0.051995 
1098357	0.061413 
1098358	0.067303 
1098359	0.069940 
1098360	0.070031 
1098361	0.068492 
1098362	0.066224 
1098363	0.063959 
1098364	0.062201 
1098365	0.061256 
1098366	0.061249 
1098367	0.062187 
1098368	0.063928 
1098369	0.066163 
1098370	0.068392 
1098371	0.069967 
1098372	0.070196 
1098373	0.068493 
1098374	0.064513 
1098375	0.058221 
1098376	0.049862 
1098377	0.039816 
1098378	0.028433 
1098379	0.015894 
1098380	0.002187 
1098381	-0.012823 
1098382	-0.029197 
1098383	-0.046774 
1098384	-0.065054 
1098385	-0.083204 
1098386	-0.100149 
1098387	-0.114776 
1098388	-0.126079 
1098389	-0.133289 
1098390	-0.135899 
1098391	-0.133655 
1098392	-0.126540 
1098393	-0.114798 
1098394	-0.099012 
1098395	-0.080209 
1098396	-0.059906 
1098397	-0.040037 
1098398	-0.022738 
1098399	-0.009976 
1098400	-0.003124 
1098401	-0.002569 
1098402	-0.007560 
1098403	-0.016336 
1098404	-0.026516 
1098405	-0.035627 
1098406	-0.041535 
1098407	-0.042711 
1098408	-0.038352 
1098409	-0.028374 
1098410	-0.013389 
1098411	0.005278 
1098412	0.025570 
1098413	0.044777 
1098414	0.059815 
1098415	0.067759 
1098416	0.066552 
1098417	0.055628 
1098418	0.036051 
1098419	0.010129 
1098420	-0.019263 
1098421	-0.049313 
1098422	-0.077693 
1098423	-0.102733 
1098424	-0.123387 
1098425	-0.139041 
1098426	-0.149198 
1098427	-0.153221 
1098428	-0.150217 
1098429	-0.139144 
1098430	-0.119096 
1098431	-0.089682 
1098432	-0.051401 
1098433	-0.005919 
1098434	0.043850 
1098435	0.093880 
1098436	0.139313 
1098437	0.174988 
1098438	0.196331 
1098439	0.200503 
1098440	0.187221 
1098441	0.158772 
1098442	0.119230 
1098443	0.073435 
1098444	0.026255 
1098445	-0.017860 
1098446	-0.055194 
1098447	-0.082936 
1098448	-0.099279 
1098449	-0.103469 
1098450	-0.095761 
1098451	-0.077277 
1098452	-0.049806 
1098453	-0.015570 
1098454	0.022918 
1098455	0.062849 
1098456	0.101103 
1098457	0.134260 
1098458	0.158885 
1098459	0.172067 
1098460	0.172120 
1098461	0.159089 
1098462	0.134833 
1098463	0.102544 
1098464	0.066033 
1098465	0.029015 
1098466	-0.005451 
1098467	-0.035231 
1098468	-0.059109 
1098469	-0.076514 
1098470	-0.087185 
1098471	-0.090936 
1098472	-0.087605 
1098473	-0.077199 
1098474	-0.060153 
1098475	-0.037601 
1098476	-0.011525 
1098477	0.015302 
1098478	0.039640 
1098479	0.058274 
1098480	0.068559 
1098481	0.068906 
1098482	0.059033 
1098483	0.039932 
1098484	0.013552 
1098485	-0.017605 
1098486	-0.050897 
1098487	-0.083734 
1098488	-0.113678 
1098489	-0.138562 
1098490	-0.156703 
1098491	-0.167095 
1098492	-0.169587 
1098493	-0.164971 
1098494	-0.154889 
1098495	-0.141556 
1098496	-0.127348 
1098497	-0.114411 
1098498	-0.104323 
1098499	-0.097977 
1098500	-0.095596 
1098501	-0.096896 
1100001	0.149481 
1100002	0.079905 
1100003	0.020914 
1100004	-0.022738 
1100005	-0.048793 
1100006	-0.056873 
1100007	-0.047936 
1100008	-0.023959 
1100009	0.012154 
1100010	0.056492 
1100011	0.104073 
1100012	0.149072 
1100013	0.185407 
1100014	0.207631 
1100015	0.212121 
1100016	0.198240 
1100017	0.168624 
1100018	0.128293 
1100019	0.083219 
1100020	0.039116 
1100021	0.000751 
1100022	-0.028402 
1100023	-0.046273 
1100024	-0.052164 
1100025	-0.046642 
1100026	-0.031444 
1100027	-0.009337 
1100028	0.016102 
1100029	0.040908 
1100030	0.061255 
1100031	0.074059 
1100032	0.077513 
1100033	0.071458 
1100034	0.057421 
1100035	0.038245 
1100036	0.017485 
1100037	-0.001196 
1100038	-0.014524 
1100039	-0.019947 
1100040	-0.015898 
1100041	-0.001950 
1100042	0.021023 
1100043	0.050772 
1100044	0.083661 
1100045	0.114919 
1100046	0.139313 
1100047	0.152299 
1100048	0.151318 
1100049	0.136646 
1100050	0.111285 
1100051	0.080063 
1100052	0.048490 
1100053	0.021778 
1100054	0.004146 
1100055	-0.001639 
1100056	0.005540 
1100057	0.025081 
1100058	0.054788 
1100059	0.091149 
1100060	0.129737 
1100061	0.165716 
1100062	0.194431 
1100063	0.212248 
1100064	0.217439 
1100065	0.210642 
1100066	0.194639 
1100067	0.173556 
1100068	0.151921 
1100069	0.133856 
1100070	0.122573 
1100071	0.120040 
1100072	0.126827 
1100073	0.142027 
1100074	0.163283 
1100075	0.186955 
1100076	0.208551 
1100077	0.223446 
1100078	0.227845 
1100079	0.219773 
1100080	0.199670 
1100081	0.170301 
1100082	0.136014 
1100083	0.101760 
1100084	0.072269 
1100085	0.051386 
1100086	0.041695 
1100087	0.044283 
1100088	0.058680 
1100089	0.082870 
1100090	0.113413 
1100091	0.145799 
1100092	0.175035 
1100093	0.196452 
1100094	0.206699 
1100095	0.204586 
1100096	0.191369 
1100097	0.170279 
1100098	0.145604 
1100099	0.121673 
1100100	0.102061 
1100101	0.089145 
1100102	0.083915 
1100103	0.085983 
1100104	0.093719 
1100105	0.104474 
1100106	0.114914 
1100107	0.121495 
1100108	0.121081 
1100109	0.111669 
1100110	0.092984 
1100111	0.066644 
1100112	0.035793 
1100113	0.004402 
1100114	-0.023459 
1100115	-0.044135 
1100116	-0.054736 
1100117	-0.053437 
1100118	-0.039710 
1100119	-0.014495 
1100120	0.019646 
1100121	0.058494 
1100122	0.096327 
1100123	0.126517 
1100124	0.142824 
1100125	0.141283 
1100126	0.121694 
1100127	0.087610 
1100128	0.044843 
1100129	-0.000408 
1100130	-0.042750 
1100131	-0.078047 
1100132	-0.103501 
1100133	-0.117564 
1100134	-0.119704 
1100135	-0.110163 
1100136	-0.089835 
1100137	-0.060295 
1100138	-0.023885 
1100139	0.016197 
1100140	0.055968 
1100141	0.090889 
1100142	0.116373 
1100143	0.128648 
1100144	0.125791 
1100145	0.108413 
1100146	0.079479 
1100147	0.043406 
1100148	0.004958 
1100149	-0.031559 
1100150	-0.062716 
1100151	-0.086090 
1100152	-0.100251 
1100153	-0.104711 
1100154	-0.099884 
1100155	-0.087067 
1100156	-0.068376 
1100157	-0.046582 
1100158	-0.024770 
1100159	-0.005886 
1100160	0.007796 
1100161	0.015118 
1100162	0.016243 
1100163	0.012554 
1100164	0.006255 
1100165	-0.000154 
1100166	-0.004362 
1100167	-0.004594 
1100168	0.000206 
1100169	0.010300 
1100170	0.025185 
1100171	0.043593 
1100172	0.063533 
1100173	0.082411 
1100174	0.097299 
1100175	0.105444 
1100176	0.104903 
1100177	0.095136 
1100178	0.077311 
1100179	0.054177 
1100180	0.029588 
1100181	0.007818 
1100182	-0.007183 
1100183	-0.012449 
1100184	-0.006486 
1100185	0.010584 
1100186	0.037106 
1100187	0.070203 
1100188	0.106180 
1100189	0.140962 
1100190	0.170522 
1100191	0.191362 
1100192	0.201019 
1100193	0.198546 
1100194	0.184713 
1100195	0.161810 
1100196	0.133178 
1100197	0.102632 
1100198	0.073952 
1100199	0.050435 
1100200	0.034545 
1100201	0.027728 
1100202	0.030369 
1100203	0.041909 
1100204	0.061021 
1100205	0.085822 
1100206	0.114055 
1100207	0.143208 
1100208	0.170615 
1100209	0.193566 
1100210	0.209565 
1100211	0.216731 
1100212	0.214274 
1100213	0.202790 
1100214	0.184233 
1100215	0.161564 
1100216	0.138208 
1100217	0.117417 
1100218	0.101693 
1100219	0.092443 
1100220	0.089886 
1100221	0.093252 
1100222	0.101145 
1100223	0.111901 
1100224	0.123859 
1100225	0.135444 
1100226	0.145171 
1100227	0.151619 
1100228	0.153526 
1100229	0.150001 
1100230	0.140870 
1100231	0.126924 
1100232	0.110020 
1100233	0.092836 
1100234	0.078403 
1100235	0.069441 
1100236	0.067719 
1100237	0.073568 
1100238	0.085747 
1100239	0.101687 
1100240	0.118024 
1100241	0.131279 
1100242	0.138534 
1100243	0.137953 
1100244	0.129075 
1100245	0.112745 
1100246	0.090788 
1100247	0.065634 
1100248	0.040024 
1100249	0.016828 
1100250	-0.001139 
1100251	-0.011406 
1100252	-0.012285 
1100253	-0.003353 
1100254	0.014216 
1100255	0.037626 
1100256	0.062883 
1100257	0.085555 
1100258	0.101738 
1100259	0.108926 
1100260	0.106505 
1100261	0.095703 
1100262	0.079056 
1100263	0.059641 
1100264	0.040400 
1100265	0.023797 
1100266	0.011769 
1100267	0.005849 
1100268	0.007252 
1100269	0.016733 
1100270	0.034257 
1100271	0.058583 
1100272	0.087021 
1100273	0.115538 
1100274	0.139316 
1100275	0.153734 
1100276	0.155513 
1100277	0.143654 
1100278	0.119735 
1100279	0.087364 
1100280	0.051161 
1100281	0.015742 
1100282	-0.014952 
1100283	-0.037961 
1100284	-0.051211 
1100285	-0.053330 
1100286	-0.043582 
1100287	-0.022080 
1100288	0.009801 
1100289	0.049057 
1100290	0.090983 
1100291	0.129606 
1100292	0.158571 
1100293	0.172533 
1100294	0.168721 
1100295	0.147885 
1100296	0.113905 
1100297	0.072323 
1100298	0.028772 
1100299	-0.011991 
1100300	-0.046359 
1100301	-0.071724 
1100302	-0.086218 
1100303	-0.088584 
1100304	-0.078271 
1100305	-0.055713 
1100306	-0.022663 
1100307	0.017650 
1100308	0.060687 
1100309	0.101185 
1100310	0.133974 
1100311	0.154942 
1100312	0.161954 
1100313	0.155409 
1100314	0.137993 
1100315	0.113806 
1100316	0.087239 
1100317	0.062090 
1100318	0.041111 
1100319	0.025908 
1100320	0.017114 
1100321	0.014559 
1100322	0.017391 
1100323	0.024082 
1100324	0.032433 
1100325	0.039689 
1100326	0.042943 
1100327	0.039808 
1100328	0.029154 
1100329	0.011613 
1100330	-0.010431 
1100331	-0.033322 
1100332	-0.052964 
1100333	-0.065632 
1100334	-0.068592 
1100335	-0.060420 
1100336	-0.041084 
1100337	-0.011881 
1100338	0.024610 
1100339	0.064575 
1100340	0.103090 
1100341	0.134586 
1100342	0.153802 
1100343	0.157177 
1100344	0.143987 
1100345	0.116514 
1100346	0.079137 
1100347	0.037081 
1100348	-0.004588 
1100349	-0.041546 
1100350	-0.070590 
1100351	-0.089893 
1100352	-0.099066 
1100353	-0.098972 
1100354	-0.091292 
1100355	-0.078050 
1100356	-0.061200 
1100357	-0.042395 
1100358	-0.022917 
1100359	-0.003835 
1100360	0.013714 
1100361	0.028380 
1100362	0.038776 
1100363	0.043939 
1100364	0.043794 
1100365	0.039367 
1100366	0.032542 
1100367	0.025525 
1100368	0.020197 
1100369	0.017619 
1100370	0.017901 
1100371	0.020400 
1100372	0.024150 
1100373	0.028364 
1100374	0.032780 
1100375	0.037775 
1100376	0.044189 
1100377	0.053000 
1100378	0.064952 
1100379	0.080336 
1100380	0.098939 
1100381	0.120093 
1100382	0.142731 
1100383	0.165399 
1100384	0.186187 
1100385	0.202738 
1100386	0.212404 
1100387	0.212649 
1100388	0.201665 
1100389	0.179017 
1100390	0.145998 
1100391	0.105528 
1100392	0.061670 
1100393	0.019018 
1100394	-0.017985 
1100395	-0.045776 
1100396	-0.062127 
1100397	-0.066127 
1100398	-0.057886 
1100399	-0.038170 
1100400	-0.008207 
1100401	0.030167 
1100402	0.074178 
1100403	0.119825 
1100404	0.161850 
1100405	0.194164 
1100406	0.210903 
1100407	0.208201 
1100408	0.185801 
1100409	0.147370 
1100410	0.099305 
1100411	0.048979 
1100412	0.003221 
1100413	-0.032632 
1100414	-0.055129 
1100415	-0.062670 
1100416	-0.055206 
1100417	-0.033958 
1100418	-0.001303 
1100419	0.039217 
1100420	0.082891 
1100421	0.123976 
1100422	0.156138 
1100423	0.173350 
1100424	0.171431 
1100425	0.149623 
1100426	0.111125 
1100427	0.062114 
1100428	0.010042 
1100429	-0.037906 
1100430	-0.075864 
1100431	-0.099903 
1100432	-0.108238 
1100433	-0.101041 
1100434	-0.080114 
1100435	-0.048512 
1100436	-0.010363 
1100437	0.029277 
1100438	0.064693 
1100439	0.090121 
1100440	0.100770 
1100441	0.094159 
1100442	0.071092 
1100443	0.035670 
1100444	-0.005684 
1100445	-0.045592 
1100446	-0.076948 
1100447	-0.093952 
1100448	-0.092912 
1100449	-0.072667 
1100450	-0.034683 
1100451	0.017093 
1100452	0.076560 
1100453	0.136018 
1100454	0.186819 
1100455	0.220430 
1100456	0.230512 
1100457	0.215317 
1100458	0.178364 
1100459	0.126835 
1100460	0.069063 
1100461	0.012911 
1100462	-0.034822 
1100463	-0.068791 
1100464	-0.085426 
1100465	-0.083078 
1100466	-0.062185 
1100467	-0.025356 
1100468	0.022697 
1100469	0.075619 
1100470	0.126030 
1100471	0.166073 
1100472	0.188441 
1100473	0.188162 
1100474	0.164216 
1100475	0.119801 
1100476	0.060991 
1100477	-0.005097 
1100478	-0.071481 
1100479	-0.131759 
1100480	-0.180484 
1100481	-0.213563 
1100482	-0.228372 
1100483	-0.223682 
1100484	-0.199541 
1100485	-0.157274 
1100486	-0.099633 
1100487	-0.030970 
1100488	0.042708 
1100489	0.113522 
1100490	0.171458 
1100491	0.205726 
1100492	0.208522 
1100493	0.178851 
1100494	0.122995 
1100495	0.051232 
1100496	-0.026002 
1100497	-0.099771 
1100498	-0.162895 
1100499	-0.209983 
1100500	-0.237285 
1100501	-0.242623 
1100502	-0.225468 
1100503	-0.187006 
1100504	-0.130092 
1100505	-0.059219 
1100506	0.019466 
1100507	0.098299 
1100508	0.168417 
1100509	0.220477 
1100510	0.246937 
1100511	0.245135 
1100512	0.218637 
1100513	0.175548 
1100514	0.125417 
1100515	0.076918 
1100516	0.036910 
1100517	0.010043 
1100518	-0.001400 
1100519	0.002540 
1100520	0.019761 
1100521	0.046496 
1100522	0.077891 
1100523	0.108839 
1100524	0.134871 
1100525	0.152895 
1100526	0.161581 
1100527	0.161393 
1100528	0.154237 
1100529	0.142857 
1100530	0.130289 
1100531	0.119430 
1100532	0.112752 
1100533	0.112049 
1100534	0.118126 
1100535	0.130517 
1100536	0.147247 
1100537	0.164885 
1100538	0.179059 
1100539	0.185337 
1100540	0.180306 
1100541	0.162613 
1100542	0.133495 
1100543	0.096451 
1100544	0.056268 
1100545	0.017832 
1100546	-0.014749 
1100547	-0.038458 
1100548	-0.051334 
1100549	-0.052349 
1100550	-0.041346 
1100551	-0.019188 
1100552	0.011916 
1100553	0.048029 
1100554	0.083382 
1100555	0.110992 
1100556	0.124334 
1100557	0.119669 
1100558	0.097738 
1100559	0.063534 
1100560	0.024342 
1100561	-0.012512 
1100562	-0.041181 
1100563	-0.058035 
1100564	-0.061776 
1100565	-0.053054 
1100566	-0.033857 
1100567	-0.007031 
1100568	0.024024 
1100569	0.055444 
1100570	0.083013 
1100571	0.102437 
1100572	0.109928 
1100573	0.103113 
1100574	0.081903 
1100575	0.048830 
1100576	0.008564 
1100577	-0.033085 
1100578	-0.070226 
1100579	-0.097637 
1100580	-0.111442 
1100581	-0.109628 
1100582	-0.092155 
1100583	-0.060765 
1100584	-0.018729 
1100585	0.029386 
1100586	0.077975 
1100587	0.120816 
1100588	0.151791 
1100589	0.166037 
1100590	0.161303 
1100591	0.138766 
1100592	0.102652 
1100593	0.059022 
1100594	0.014627 
1100595	-0.023958 
1100596	-0.051144 
1100597	-0.062882 
1100598	-0.056847 
1100599	-0.032467 
1100600	0.009008 
1100601	0.064372 
1100602	0.128299 
1100603	0.193379 
1100604	0.250566 
1100605	0.290319 
1100606	0.304651 
1100607	0.289835 
1100608	0.248043 
1100609	0.186408 
1100610	0.114468 
1100611	0.041908 
1100612	-0.022787 
1100613	-0.072992 
1100614	-0.104035 
1100615	-0.113076 
1100616	-0.099090 
1100617	-0.063022 
1100618	-0.008139 
1100619	0.059543 
1100620	0.131182 
1100621	0.195689 
1100622	0.240919 
1100623	0.256374 
1100624	0.237470 
1100625	0.187946 
1100626	0.117722 
1100627	0.038468 
1100628	-0.039262 
1100629	-0.107249 
1100630	-0.160045 
1100631	-0.194486 
1100632	-0.208938 
1100633	-0.202784 
1100634	-0.176176 
1100635	-0.130046 
1100636	-0.066389 
1100637	0.011193 
1100638	0.096875 
1100639	0.182451 
1100640	0.257300 
1100641	0.308753 
1100642	0.325256 
1100643	0.302016 
1100644	0.244069 
1100645	0.163565 
1100646	0.074248 
1100647	-0.011707 
1100648	-0.084565 
1100649	-0.137438 
1100650	-0.166089 
1100651	-0.168377 
1100652	-0.143940 
1100653	-0.094187 
1100654	-0.022570 
1100655	0.064774 
1100656	0.158416 
1100657	0.245827 
1100658	0.312372 
1100659	0.344063 
1100660	0.333578 
1100661	0.284520 
1100662	0.209140 
1100663	0.122034 
1100664	0.036018 
1100665	-0.038918 
1100666	-0.096037 
1100667	-0.131586 
1100668	-0.144050 
1100669	-0.133645 
1100670	-0.102099 
1100671	-0.052720 
1100672	0.009359 
1100673	0.077098 
1100674	0.141926 
1100675	0.194595 
1100676	0.226679 
1100677	0.232842 
1100678	0.212763 
1100679	0.171034 
1100680	0.115205 
1100681	0.053599 
1100682	-0.006176 
1100683	-0.058032 
1100684	-0.097625 
1100685	-0.122227 
1100686	-0.130601 
1100687	-0.123001 
1100688	-0.101268 
1100689	-0.068887 
1100690	-0.030881 
1100691	0.006617 
1100692	0.037090 
1100693	0.054711 
1100694	0.055575 
1100695	0.038691 
1100696	0.006174 
1100697	-0.037445 
1100698	-0.086375 
1100699	-0.134656 
1100700	-0.176895 
1100701	-0.208633 
1100702	-0.226411 
1100703	-0.227797 
1100704	-0.211496 
1100705	-0.177571 
1100706	-0.127704 
1100707	-0.065527 
1100708	0.003207 
1100709	0.070880 
1100710	0.128787 
1100711	0.168364 
1100712	0.183230 
1100713	0.171358 
1100714	0.135503 
1100715	0.081545 
1100716	0.016198 
1100717	-0.054446 
1100718	-0.125577 
1100719	-0.193787 
1100720	-0.256753 
1100721	-0.312642 
1100722	-0.359508 
1100723	-0.395076 
1100724	-0.417009 
1100725	-0.423335 
1100726	-0.412829 
1100727	-0.385199 
1100728	-0.340988 
1100729	-0.281398 
1100730	-0.208371 
1100731	-0.125189 
1100732	-0.037404 
1100733	0.046780 
1100734	0.117207 
1100735	0.162857 
1100736	0.174430 
1100737	0.148460 
1100738	0.089209 
1100739	0.006257 
1100740	-0.089532 
1100741	-0.188592 
1100742	-0.283592 
1100743	-0.369108 
1100744	-0.441004 
1100745	-0.495765 
1100746	-0.530057 
1100747	-0.541194 
1100748	-0.528219 
1100749	-0.492500 
1100750	-0.437324 
1100751	-0.366975 
1100752	-0.286015 
1100753	-0.199252 
1100754	-0.112405 
1100755	-0.032638 
1100756	0.031884 
1100757	0.073222 
1100758	0.085782 
1100759	0.068773 
1100760	0.026884 
1100761	-0.031628 
1100762	-0.097746 
1100763	-0.163338 
1100764	-0.221856 
1100765	-0.268993 
1100766	-0.302590 
1100767	-0.321967 
1100768	-0.327384 
1100769	-0.319683 
1100770	-0.300072 
1100771	-0.270025 
1100772	-0.231340 
1100773	-0.186341 
1100774	-0.137937 
1100775	-0.089407 
1100776	-0.044269 
1100777	-0.006063 
1100778	0.022244 
1100779	0.038911 
1100780	0.043781 
1100781	0.038295 
1100782	0.025255 
1100783	0.008365 
1100784	-0.008298 
1100785	-0.020864 
1100786	-0.026231 
1100787	-0.022479 
1100788	-0.009113 
1100789	0.012919 
1100790	0.041519 
1100791	0.073921 
1100792	0.107131 
1100793	0.138191 
1100794	0.164262 
1100795	0.182775 
1100796	0.191708 
1100797	0.189933 
1100798	0.177469 
1100799	0.155538 
1100800	0.126426 
1100801	0.093200 
1100802	0.059298 
1100803	0.028086 
1100804	0.002483 
1100805	-0.015290 
1100806	-0.023888 
1100807	-0.022896 
1100808	-0.012789 
1100809	0.005145 
1100810	0.028969 
1100811	0.056313 
1100812	0.084691 
1100813	0.111682 
1100814	0.135028 
1100815	0.152762 
1100816	0.163525 
1100817	0.166833 
1100818	0.163231 
1100819	0.154139 
1100820	0.141508 
1100821	0.127360 
1100822	0.113328 
1100823	0.100313 
1100824	0.088364 
1100825	0.076818 
1100826	0.064649 
1100827	0.050974 
1100828	0.035525 
1100829	0.018973 
1100830	0.002836 
1100831	-0.010971 
1100832	-0.020595 
1100833	-0.024582 
1100834	-0.022061 
1100835	-0.012848 
1100836	0.002519 
1100837	0.022796 
1100838	0.046018 
1100839	0.069509 
1100840	0.089953 
1100841	0.103653 
1100842	0.107149 
1100843	0.098132 
1100844	0.076198 
1100845	0.043036 
1100846	0.001951 
1100847	-0.042965 
1100848	-0.087512 
1100849	-0.127815 
1100850	-0.160694 
1100851	-0.183926 
1100852	-0.196171 
1100853	-0.196764 
1100854	-0.185522 
1100855	-0.162716 
1100856	-0.129285 
1100857	-0.087130 
1100858	-0.039389 
1100859	0.009615 
1100860	0.054695 
1100861	0.090246 
1100862	0.111062 
1100863	0.113837 
1100864	0.098486 
1100865	0.068305 
1100866	0.028831 
1100867	-0.013761 
1100868	-0.053993 
1100869	-0.087740 
1100870	-0.112437 
1100871	-0.126904 
1100872	-0.131036 
1100873	-0.125563 
1100874	-0.111875 
1100875	-0.091941 
1100876	-0.068197 
1100877	-0.043423 
1100878	-0.020488 
1100879	-0.001967 
1100880	0.010285 
1100881	0.015491 
1100882	0.014047 
1100883	0.007377 
1100884	-0.002481 
1100885	-0.013359 
1100886	-0.023368 
1100887	-0.031141 
1100888	-0.035912 
1100889	-0.037451 
1100890	-0.035918 
1100891	-0.031760 
1100892	-0.025687 
1100893	-0.018733 
1100894	-0.012243 
1100895	-0.007737 
1100896	-0.006630 
1100897	-0.009881 
1100898	-0.017695 
1100899	-0.029387 
1100900	-0.043425 
1100901	-0.057621 
1100902	-0.069487 
1100903	-0.076727 
1100904	-0.077707 
1100905	-0.071687 
1100906	-0.058856 
1100907	-0.040233 
1100908	-0.017529 
1100909	0.006929 
1100910	0.030263 
1100911	0.049168 
1100912	0.060232 
1100913	0.060522 
1100914	0.048364 
1100915	0.024015 
1100916	-0.010080 
1100917	-0.049636 
1100918	-0.089329 
1100919	-0.123695 
1100920	-0.147913 
1100921	-0.158414 
1100922	-0.153228 
1100923	-0.132052 
1100924	-0.096174 
1100925	-0.048377 
1100926	0.007156 
1100927	0.064945 
1100928	0.118408 
1100929	0.160486 
1100930	0.185177 
1100931	0.189513 
1100932	0.174621 
1100933	0.145174 
1100934	0.107800 
1100935	0.069448 
1100936	0.036205 
1100937	0.012601 
1100938	0.001417 
1100939	0.003724 
1100940	0.019002 
1100941	0.045167 
1100942	0.078618 
1100943	0.114466 
1100944	0.147173 
1100945	0.171554 
1100946	0.183875 
1100947	0.182782 
1100948	0.169660 
1100949	0.148107 
1100950	0.122821 
1100951	0.098544 
1100952	0.079346 
1100953	0.068201 
1100954	0.066788 
1100955	0.075423 
1100956	0.093047 
1100957	0.117249 
1100958	0.144372 
1100959	0.169838 
1100960	0.188897 
1100961	0.197803 
1100962	0.194949 
1100963	0.181308 
1100964	0.159964 
1100965	0.135075 
1100966	0.110828 
1100967	0.090732 
1100968	0.077249 
1100969	0.071805 
1100970	0.074955 
1100971	0.086541 
1100972	0.105692 
1100973	0.130725 
1100974	0.159097 
1100975	0.187510 
1100976	0.212275 
1100977	0.229853 
1100978	0.237666 
1100979	0.234900 
1100980	0.222874 
1100981	0.204698 
1100982	0.184384 
1100983	0.165898 
1100984	0.152445 
1100985	0.146116 
1100986	0.147802 
1100987	0.157260 
1100988	0.173246 
1100989	0.193716 
1100990	0.216068 
1100991	0.237471 
1100992	0.255258 
1100993	0.267335 
1100994	0.272477 
1100995	0.270512 
1100996	0.262319 
1100997	0.249648 
1100998	0.234807 
1100999	0.220275 
1101000	0.208338 
1101001	0.200783 
1101002	0.198686 
1101003	0.202260 
1101004	0.210812 
1101005	0.222847 
1101006	0.236283 
1101007	0.248759 
1101008	0.257975 
1101009	0.262049 
1101010	0.259793 
1101011	0.250891 
1101012	0.235931 
1101013	0.216255 
1101014	0.193749 
1101015	0.170569 
1101016	0.148882 
1101017	0.130662 
1101018	0.117515 
1101019	0.110529 
1101020	0.110162 
1101021	0.116095 
1101022	0.127199 
1101023	0.141589 
1101024	0.156789 
1101025	0.170095 
1101026	0.178975 
1101027	0.181490 
1101028	0.176581 
1101029	0.164182 
1101030	0.145213 
1101031	0.121477 
1101032	0.095499 
1101033	0.070279 
1101034	0.048945 
1101035	0.034315 
1101036	0.028419 
1101037	0.032091 
1101038	0.044754 
1101039	0.064433 
1101040	0.088005 
1101041	0.111592 
1101042	0.131121 
1101043	0.143045 
1101044	0.145097 
1101045	0.136741 
1101046	0.119174 
1101047	0.094856 
1101048	0.066901 
1101049	0.038547 
1101050	0.012836 
1101051	-0.007622 
1101052	-0.020774 
1101053	-0.025235 
1101054	-0.020401 
1101055	-0.006559 
1101056	0.015016 
1101057	0.042065 
1101058	0.071491 
1101059	0.099690 
1101060	0.122982 
1101061	0.138156 
1101062	0.143080 
1101063	0.137180 
1101064	0.121608 
1101065	0.098923 
1101066	0.072472 
1101067	0.045779 
1101068	0.022126 
1101069	0.004325 
1101070	-0.005403 
1101071	-0.005606 
1101072	0.004230 
1101073	0.023519 
1101074	0.050524 
1101075	0.082483 
1101076	0.115879 
1101077	0.146812 
1101078	0.171480 
1101079	0.186887 
1101080	0.191582 
1101081	0.186059 
1101082	0.172557 
1101083	0.154363 
1101084	0.135002 
1101085	0.117671 
1101086	0.104916 
1101087	0.098506 
1101088	0.099334 
1101089	0.107337 
1101090	0.121463 
1101091	0.139733 
1101092	0.159479 
1101093	0.177751 
1101094	0.191887 
1101095	0.200114 
1101096	0.201981 
1101097	0.198512 
1101098	0.191953 
1101099	0.185310 
1101100	0.181730 
1101101	0.183896 
1101102	0.193498 
1101103	0.210835 
1101104	0.234621 
1101105	0.261977 
1101106	0.288767 
1101107	0.310245 
1101108	0.322084 
1101109	0.321532 
1101110	0.308245 
1101111	0.284390 
1101112	0.253963 
1101113	0.221823 
1101114	0.192828 
1101115	0.171238 
1101116	0.160326 
1101117	0.162121 
1101118	0.177210 
1101119	0.204581 
1101120	0.241463 
1101121	0.283350 
1101122	0.324307 
1101123	0.357687 
1101124	0.377420 
1101125	0.379660 
1101126	0.364130 
1101127	0.334254 
1101128	0.295992 
1101129	0.256206 
1101130	0.221292 
1101131	0.196325 
1101132	0.184611 
1101133	0.187491 
1101134	0.204258 
1101135	0.232172 
1101136	0.266657 
1101137	0.301727 
1101138	0.330789 
1101139	0.347910 
1101140	0.349417 
1101141	0.335158 
1101142	0.308602 
1101143	0.275688 
1101144	0.243177 
1101145	0.217247 
1101146	0.202519 
1101147	0.201488 
1101148	0.214253 
1101149	0.238520 
1101150	0.269795 
1101151	0.301942 
1101152	0.328110 
1101153	0.342109 
1101154	0.340068 
1101155	0.321746 
1101156	0.290638 
1101157	0.252807 
1101158	0.215209 
1101159	0.184339 
1101160	0.165318 
1101161	0.161389 
1101162	0.173644 
1101163	0.200881 
1101164	0.239516 
1101165	0.283746 
1101166	0.326083 
1101167	0.358428 
1101168	0.373883 
1101169	0.369062 
1101170	0.345469 
1101171	0.308788 
1101172	0.266670 
1101173	0.226590 
1101174	0.194677 
1101175	0.175246 
1101176	0.170526 
1101177	0.180458 
1101178	0.202533 
1101179	0.231789 
1101180	0.261201 
1101181	0.282728 
1101182	0.289337 
1101183	0.277496 
1101184	0.248714 
1101185	0.208935 
1101186	0.166273 
1101187	0.128584 
1101188	0.101982 
1101189	0.090225 
1101190	0.094602 
1101191	0.113998 
1101192	0.145058 
1101193	0.182406 
1101194	0.219105 
1101195	0.247643 
1101196	0.261606 
1101197	0.257694 
1101198	0.236992 
1101199	0.204539 
1101200	0.167570 
1101201	0.133560 
1101202	0.108755 
1101203	0.097325 
1101204	0.100912 
1101205	0.118469 
1101206	0.146363 
1101207	0.178722 
1101208	0.208154 
1101209	0.227071 
1101210	0.229750 
1101211	0.214380 
1101212	0.183747 
1101213	0.144016 
1101214	0.102576 
1101215	0.066318 
1101216	0.040735 
1101217	0.029512 
1101218	0.034293 
1101219	0.054442 
1101220	0.086842 
1101221	0.125878 
1101222	0.163787 
1101223	0.191813 
1101224	0.202426 
1101225	0.192077 
1101226	0.162674 
1101227	0.120644 
1101228	0.074364 
1101229	0.031815 
1101230	-0.000642 
1101231	-0.018688 
1101232	-0.020141 
1101233	-0.004942 
1101234	0.024886 
1101235	0.065277 
1101236	0.110333 
1101237	0.152893 
1101238	0.185620 
1101239	0.202637 
1101240	0.201422 
1101241	0.183783 
1101242	0.155182 
1101243	0.122790 
1101244	0.093575 
1101245	0.073062 
1101246	0.064747 
1101247	0.069944 
1101248	0.087854 
1101249	0.115729 
1101250	0.149007 
1101251	0.181669 
1101252	0.206951 
1101253	0.218781 
1101254	0.213726 
1101255	0.192482 
1101256	0.159806 
1101257	0.122954 
1101258	0.089673 
1101259	0.066663 
1101260	0.058662 
1101261	0.067972 
1101262	0.094232 
1101263	0.134385 
1101264	0.182755 
1101265	0.231374 
1101266	0.270998 
1101267	0.293363 
1101268	0.294181 
1101269	0.274918 
1101270	0.241944 
1101271	0.203776 
1101272	0.168491 
1101273	0.142476 
1101274	0.130076 
1101275	0.133463 
1101276	0.152550 
1101277	0.185061 
1101278	0.226684 
1101279	0.271435 
1101280	0.312273 
1101281	0.342187 
1101282	0.355783 
1101283	0.350878 
1101284	0.329171 
1101285	0.295504 
1101286	0.256273 
1101287	0.217901 
1101288	0.185780 
1101289	0.163648 
1101290	0.153402 
1101291	0.155203 
1101292	0.167771 
1101293	0.188640 
1101294	0.214401 
1101295	0.240962 
1101296	0.263930 
1101297	0.279206 
1101298	0.283724 
1101299	0.276202 
1101300	0.257582 
1101301	0.230895 
1101302	0.200626 
1101303	0.171767 
1101304	0.148918 
1101305	0.135529 
1101306	0.133396 
1101307	0.142460 
1101308	0.160798 
1101309	0.184829 
1101310	0.209687 
1101311	0.229895 
1101312	0.240381 
1101313	0.237730 
1101314	0.221193 
1101315	0.192920 
1101316	0.157233 
1101317	0.119443 
1101318	0.084777 
1101319	0.057589 
1101320	0.040936 
1101321	0.036358 
1101322	0.043845 
1101323	0.061914 
1101324	0.087754 
1101325	0.117435 
1101326	0.146138 
1101327	0.168522 
1101328	0.179545 
1101329	0.175726 
1101330	0.156308 
1101331	0.123519 
1101332	0.081762 
1101333	0.036347 
1101334	-0.007457 
1101335	-0.044967 
1101336	-0.072431 
1101337	-0.087251 
1101338	-0.088036 
1101339	-0.074534 
1101340	-0.047624 
1101341	-0.009458 
1101342	0.036368 
1101343	0.084802 
1101344	0.129661 
1101345	0.164350 
1101346	0.183224 
1101347	0.183410 
1101348	0.165990 
1101349	0.135664 
1101350	0.099057 
1101351	0.062896 
1101352	0.032872 
1101353	0.013121 
1101354	0.006065 
1101355	0.012433 
1101356	0.031358 
1101357	0.060465 
1101358	0.095941 
1101359	0.132697 
1101360	0.164798 
1101361	0.186322 
1101362	0.192787 
1101363	0.182549 
1101364	0.157401 
1101365	0.121931 
1101366	0.082116 
1101367	0.044008 
1101368	0.012823 
1101369	-0.007564 
1101370	-0.014902 
1101371	-0.008695 
1101372	0.009824 
1101373	0.037765 
1101374	0.070856 
1101375	0.103879 
1101376	0.131321 
1101377	0.148236 
1101378	0.151344 
1101379	0.139897 
1101380	0.115906 
1101381	0.083569 
1101382	0.048303 
1101383	0.015804 
1101384	-0.008663 
1101385	-0.020877 
1101386	-0.018134 
1101387	0.000433 
1101388	0.033598 
1101389	0.077974 
1101390	0.128184 
1101391	0.177421 
1101392	0.218233 
1101393	0.243749 
1101394	0.249468 
1101395	0.234888 
1101396	0.203699 
1101397	0.162365 
1101398	0.118241 
1101399	0.078319 
1101400	0.048570 
1101401	0.033476 
1101402	0.035650 
1101403	0.055583 
1101404	0.091416 
1101405	0.138695 
1101406	0.190376 
1101407	0.237301 
1101408	0.269527 
1101409	0.278890 
1101410	0.262291 
1101411	0.223360 
1101412	0.170968 
1101413	0.115835 
1101414	0.067676 
1101415	0.033790 
1101416	0.018609 
1101417	0.023691 
1101418	0.047868 
1101419	0.087362 
1101420	0.135965 
1101421	0.185371 
1101422	0.226115 
1101423	0.249644 
1101424	0.251162 
1101425	0.231530 
1101426	0.196725 
1101427	0.155321 
1101428	0.115926 
1101429	0.085639 
1101430	0.069424 
1101431	0.069948 
1101432	0.087651 
1101433	0.120840 
1101434	0.165758 
1101435	0.216673 
1101436	0.266098 
1101437	0.305348 
1101438	0.326140 
1101439	0.323300 
1101440	0.297084 
1101441	0.253208 
1101442	0.200724 
1101443	0.149375 
1101444	0.107698 
1101445	0.081917 
1101446	0.075517 
1101447	0.089212 
1101448	0.121027 
1101449	0.166383 
1101450	0.218149 
1101451	0.266757 
1101452	0.301154 
1101453	0.311766 
1101454	0.294625 
1101455	0.253466 
1101456	0.197928 
1101457	0.139427 
1101458	0.087857 
1101459	0.050352 
1101460	0.031112 
1101461	0.031462 
1101462	0.049907 
1101463	0.082343 
1101464	0.122360 
1101465	0.161973 
1101466	0.192798 
1101467	0.207817 
1101468	0.203455 
1101469	0.180790 
1101470	0.144843 
1101471	0.102520 
1101472	0.060581 
1101473	0.024590 
1101474	-0.001338 
1101475	-0.014554 
1101476	-0.013804 
1101477	0.000843 
1101478	0.028021 
1101479	0.065047 
1101480	0.107874 
1101481	0.151082 
1101482	0.188164 
1101483	0.212517 
1101484	0.219242 
1101485	0.206915 
1101486	0.178206 
1101487	0.138839 
1101488	0.095721 
1101489	0.055308 
1101490	0.022689 
1101491	0.001217 
1101492	-0.007481 
1101493	-0.003342 
1101494	0.012345 
1101495	0.037162 
1101496	0.067733 
1101497	0.099926 
1101498	0.129184 
1101499	0.151132 
1101500	0.162437 
1101501	0.161654 
1099001	-0.114703 
1099002	-0.143812 
1099003	-0.168526 
1099004	-0.186496 
1099005	-0.195768 
1099006	-0.195008 
1099007	-0.183747 
1099008	-0.162536 
1099009	-0.132973 
1099010	-0.097650 
1099011	-0.059988 
1099012	-0.023971 
1099013	0.006275 
1099014	0.026993 
1099015	0.035435 
1099016	0.030453 
1099017	0.012825 
1099018	-0.014844 
1099019	-0.048624 
1099020	-0.083910 
1099021	-0.116073 
1099022	-0.141030 
1099023	-0.155692 
1099024	-0.158239 
1099025	-0.148143 
1099026	-0.126029 
1099027	-0.093404 
1099028	-0.052427 
1099029	-0.005741 
1099030	0.043577 
1099031	0.092055 
1099032	0.135867 
1099033	0.171076 
1099034	0.194206 
1099035	0.203130 
1099036	0.197814 
1099037	0.180452 
1099038	0.154860 
1099039	0.125521 
1099040	0.096675 
1099041	0.071692 
1099042	0.052680 
1099043	0.040418 
1099044	0.034527 
1099045	0.033801 
1099046	0.036604 
1099047	0.041234 
1099048	0.046164 
1099049	0.050215 
1099050	0.052621 
1099051	0.053034 
1099052	0.051514 
1099053	0.048528 
1099054	0.044943 
1099055	0.041971 
1099056	0.041095 
1099057	0.043846 
1099058	0.051533 
1099059	0.064898 
1099060	0.083818 
1099061	0.107124 
1099062	0.132649 
1099063	0.157506 
1099064	0.178598 
1099065	0.193252 
1099066	0.199824 
1099067	0.198050 
1099068	0.189031 
1099069	0.174821 
1099070	0.157924 
1099071	0.140882 
1099072	0.126050 
1099073	0.115472 
1099074	0.110793 
1099075	0.113116 
1099076	0.122815 
1099077	0.139308 
1099078	0.160892 
1099079	0.184768 
1099080	0.207352 
1099081	0.224803 
1099082	0.233703 
1099083	0.231799 
1099084	0.218543 
1099085	0.195118 
1099086	0.164003 
1099087	0.128284 
1099088	0.091059 
1099089	0.055070 
1099090	0.022569 
1099091	-0.004621 
1099092	-0.025063 
1099093	-0.037730 
1099094	-0.042107 
1099095	-0.038316 
1099096	-0.027098 
1099097	-0.009660 
1099098	0.012633 
1099099	0.038536 
1099100	0.067016 
1099101	0.097124 
1099102	0.127740 
1099103	0.157313 
1099104	0.183732 
1099105	0.204474 
1099106	0.217047 
1099107	0.219637 
1099108	0.211701 
1099109	0.194199 
1099110	0.169340 
1099111	0.140015 
1099112	0.109102 
1099113	0.078935 
1099114	0.051057 
1099115	0.026240 
1099116	0.004737 
1099117	-0.013441 
1099118	-0.028274 
1099119	-0.039653 
1099120	-0.047452 
1099121	-0.051739 
1099122	-0.052921 
1099123	-0.051817 
1099124	-0.049458 
1099125	-0.046784 
1099126	-0.044269 
1099127	-0.041733 
1099128	-0.038344 
1099129	-0.032894 
1099130	-0.024228 
1099131	-0.011671 
1099132	0.004685 
1099133	0.023960 
1099134	0.044710 
1099135	0.065278 
1099136	0.084133 
1099137	0.100099 
1099138	0.112424 
1099139	0.120774 
1099140	0.125146 
1099141	0.125842 
1099142	0.123447 
1099143	0.118867 
1099144	0.113297 
1099145	0.108124 
1099146	0.104727 
1099147	0.104195 
1099148	0.107054 
1099149	0.113065 
1099150	0.121183 
1099151	0.129706 
1099152	0.136640 
1099153	0.140143 
1099154	0.138992 
1099155	0.132851 
1099156	0.122324 
1099157	0.108741 
1099158	0.093794 
1099159	0.079203 
1099160	0.066464 
1099161	0.056748 
1099162	0.050843 
1099163	0.049116 
1099164	0.051386 
1099165	0.056839 
1099166	0.064005 
1099167	0.070909 
1099168	0.075442 
1099169	0.075889 
1099170	0.071423 
1099171	0.062388 
1099172	0.050267 
1099173	0.037269 
1099174	0.025791 
1099175	0.017880 
1099176	0.014906 
1099177	0.017430 
1099178	0.025261 
1099179	0.037590 
1099180	0.053061 
1099181	0.069799 
1099182	0.085394 
1099183	0.097007 
1099184	0.101737 
1099185	0.097263 
1099186	0.082559 
1099187	0.058348 
1099188	0.027029 
1099189	-0.007838 
1099190	-0.042290 
1099191	-0.072638 
1099192	-0.096090 
1099193	-0.111102 
1099194	-0.117465 
1099195	-0.116084 
1099196	-0.108505 
1099197	-0.096383 
1099198	-0.081095 
1099199	-0.063545 
1099200	-0.044284 
1099201	-0.023779 
1099202	-0.002718 
1099203	0.017826 
1099204	0.036460 
1099205	0.051744 
1099206	0.062541 
1099207	0.068290 
1099208	0.069134 
1099209	0.065804 
1099210	0.059380 
1099211	0.051027 
1099212	0.041842 
1099213	0.032832 
1099214	0.024997 
1099215	0.019351 
1099216	0.016862 
1099217	0.018269 
1099218	0.023823 
1099219	0.033119 
1099220	0.045046 
1099221	0.057992 
1099222	0.070206 
1099223	0.080257 
1099224	0.087406 
1099225	0.091773 
1099226	0.094249 
1099227	0.096206 
1099228	0.099100 
1099229	0.104099 
1099230	0.111841 
1099231	0.122322 
1099232	0.134914 
1099233	0.148452 
1099234	0.161369 
1099235	0.171831 
1099236	0.177963 
1099237	0.178126 
1099238	0.171258 
1099239	0.157171 
1099240	0.136719 
1099241	0.111768 
1099242	0.085009 
1099243	0.059579 
1099244	0.038627 
1099245	0.024825 
1099246	0.019966 
1099247	0.024736 
1099248	0.038692 
1099249	0.060338 
1099250	0.087320 
1099251	0.116616 
1099252	0.144765 
1099253	0.168150 
1099254	0.183374 
1099255	0.187777 
1099256	0.180082 
1099257	0.160833 
1099258	0.132369 
1099259	0.098303 
1099260	0.062827 
1099261	0.029992 
1099262	0.003077 
1099263	-0.015873 
1099264	-0.026208 
1099265	-0.028516 
1099266	-0.024274 
1099267	-0.015370 
1099268	-0.003674 
1099269	0.009231 
1099270	0.022122 
1099271	0.034087 
1099272	0.044384 
1099273	0.052382 
1099274	0.057613 
1099275	0.059925 
1099276	0.059627 
1099277	0.057487 
1099278	0.054538 
1099279	0.051730 
1099280	0.049509 
1099281	0.047536 
1099282	0.044636 
1099283	0.039072 
1099284	0.029060 
1099285	0.013441 
1099286	-0.007876 
1099287	-0.033828 
1099288	-0.062565 
1099289	-0.092039 
1099290	-0.120531 
1099291	-0.146916 
1099292	-0.170590 
1099293	-0.191139 
1099294	-0.207923 
1099295	-0.219797 
1099296	-0.225064 
1099297	-0.221758 
1099298	-0.208187 
1099299	-0.183482 
1099300	-0.148140 
1099301	-0.104267 
1099302	-0.055580 
1099303	-0.007084 
1099304	0.035528 
1099305	0.066751 
1099306	0.082396 
1099307	0.080680 
1099308	0.062690 
1099309	0.031864 
1099310	-0.007163 
1099311	-0.049592 
1099312	-0.091069 
1099313	-0.127938 
1099314	-0.157360 
1099315	-0.177335 
1099316	-0.186733 
1099317	-0.185352 
1099318	-0.173886 
1099319	-0.153827 
1099320	-0.127269 
1099321	-0.096643 
1099322	-0.064506 
1099323	-0.033392 
1099324	-0.005676 
1099325	0.016538 
1099326	0.031636 
1099327	0.038735 
1099328	0.037906 
1099329	0.030265 
1099330	0.017865 
1099331	0.003358 
1099332	-0.010509 
1099333	-0.021401 
1099334	-0.027834 
1099335	-0.029329 
1099336	-0.026388 
1099337	-0.020239 
1099338	-0.012462 
1099339	-0.004608 
1099340	0.002056 
1099341	0.006632 
1099342	0.008540 
1099343	0.007405 
1099344	0.003037 
1099345	-0.004511 
1099346	-0.014803 
1099347	-0.026904 
1099348	-0.039343 
1099349	-0.050226 
1099350	-0.057489 
1099351	-0.059271 
1099352	-0.054239 
1099353	-0.041872 
1099354	-0.022556 
1099355	0.002378 
1099356	0.030717 
1099357	0.059459 
1099358	0.084970 
1099359	0.103285 
1099360	0.110702 
1099361	0.104616 
1099362	0.084337 
1099363	0.051375 
1099364	0.009107 
1099365	-0.037985 
1099366	-0.085012 
1099367	-0.127304 
1099368	-0.160919 
1099369	-0.183073 
1099370	-0.192291 
1099371	-0.188381 
1099372	-0.172202 
1099373	-0.145435 
1099374	-0.110397 
1099375	-0.069978 
1099376	-0.027625 
1099377	0.012710 
1099378	0.046753 
1099379	0.070436 
1099380	0.080741 
1099381	0.076557 
1099382	0.059066 
1099383	0.031431 
1099384	-0.002060 
1099385	-0.036989 
1099386	-0.069645 
1099387	-0.097546 
1099388	-0.119560 
1099389	-0.135663 
1099390	-0.146488 
1099391	-0.152840 
1099392	-0.155312 
1099393	-0.154145 
1099394	-0.149333 
1099395	-0.140845 
1099396	-0.128851 
1099397	-0.113766 
1099398	-0.096184 
1099399	-0.076694 
1099400	-0.055716 
1099401	-0.033491 
1099402	-0.010242 
1099403	0.013492 
1099404	0.036576 
1099405	0.057197 
1099406	0.073112 
1099407	0.082176 
1099408	0.082972 
1099409	0.075280 
1099410	0.060209 
1099411	0.039899 
1099412	0.016958 
1099413	-0.006175 
1099414	-0.027663 
1099415	-0.046427 
1099416	-0.062024 
1099417	-0.074347 
1099418	-0.083322 
1099419	-0.088685 
1099420	-0.089935 
1099421	-0.086496 
1099422	-0.077910 
1099423	-0.064048 
1099424	-0.045209 
1099425	-0.022117 
1099426	0.004098 
1099427	0.031883 
1099428	0.059240 
1099429	0.083708 
1099430	0.102455 
1099431	0.112610 
1099432	0.111809 
1099433	0.098848 
1099434	0.074128 
1099435	0.039690 
1099436	-0.001079 
1099437	-0.043985 
1099438	-0.084721 
1099439	-0.119550 
1099440	-0.145798 
1099441	-0.161938 
1099442	-0.167373 
1099443	-0.162094 
1099444	-0.146422 
1099445	-0.120953 
1099446	-0.086801 
1099447	-0.046005 
1099448	-0.001895 
1099449	0.040910 
1099450	0.076969 
1099451	0.100944 
1099452	0.108847 
1099453	0.099358 
1099454	0.074387 
1099455	0.038420 
1099456	-0.002939 
1099457	-0.044358 
1099458	-0.081629 
1099459	-0.111928 
1099460	-0.133673 
1099461	-0.146175 
1099462	-0.149339 
1099463	-0.143506 
1099464	-0.129475 
1099465	-0.108618 
1099466	-0.082923 
1099467	-0.054869 
1099468	-0.027116 
1099469	-0.002087 
1099470	0.018375 
1099471	0.033225 
1099472	0.042215 
1099473	0.045761 
1099474	0.044710 
1099475	0.040110 
1099476	0.033063 
1099477	0.024627 
1099478	0.015791 
1099479	0.007430 
1099480	0.000266 
1099481	-0.005231 
1099482	-0.008975 
1099483	-0.011346 
1099484	-0.013212 
1099485	-0.015818 
1099486	-0.020552 
1099487	-0.028643 
1099488	-0.040890 
1099489	-0.057490 
1099490	-0.077978 
1099491	-0.101310 
1099492	-0.126031 
1099493	-0.150456 
1099494	-0.172824 
1099495	-0.191366 
1099496	-0.204303 
1099497	-0.209928 
1099498	-0.206728 
1099499	-0.193648 
1099500	-0.170367 
1099501	-0.137567 
1099502	-0.097097 
1099503	-0.052023 
1099504	-0.006440 
1099505	0.034916 
1099506	0.067326 
1099507	0.086834 
1099508	0.091065 
1099509	0.079777 
1099510	0.054872 
1099511	0.019824 
1099512	-0.021091 
1099513	-0.063516 
1099514	-0.103535 
1099515	-0.138000 
1099516	-0.164665 
1099517	-0.182155 
1099518	-0.189869 
1099519	-0.187852 
1099520	-0.176651 
1099521	-0.157136 
1099522	-0.130386 
1099523	-0.097697 
1099524	-0.060738 
1099525	-0.021766 
1099526	0.016305 
1099527	0.050019 
1099528	0.075806 
1099529	0.090633 
1099530	0.092771 
1099531	0.082330 
1099532	0.061307 
1099533	0.033105 
1099534	0.001775 
1099535	-0.028746 
1099536	-0.055209 
1099537	-0.075384 
1099538	-0.088089 
1099539	-0.093074 
1099540	-0.090785 
1099541	-0.082186 
1099542	-0.068603 
1099543	-0.051654 
1099544	-0.033164 
1099545	-0.015028 
1099546	0.000995 
1099547	0.013534 
1099548	0.021846 
1099549	0.025906 
1099550	0.026382 
1099551	0.024438 
1099552	0.021457 
1099553	0.018759 
1099554	0.017335 
1099555	0.017671 
1099556	0.019658 
1099557	0.022603 
1099558	0.025279 
1099559	0.026039 
1099560	0.023023 
1099561	0.014444 
1099562	-0.001070 
1099563	-0.024175 
1099564	-0.054614 
1099565	-0.091165 
1099566	-0.131796 
1099567	-0.173981 
1099568	-0.215058 
1099569	-0.252569 
1099570	-0.284420 
1099571	-0.308923 
1099572	-0.324761 
1099573	-0.330895 
1099574	-0.326477 
1099575	-0.310843 
1099576	-0.283604 
1099577	-0.244912 
1099578	-0.195866 
1099579	-0.138960 
1099580	-0.078453 
1099581	-0.020329 
1099582	0.028319 
1099583	0.060524 
1099584	0.071253 
1099585	0.059127 
1099586	0.026831 
1099587	-0.020153 
1099588	-0.075474 
1099589	-0.133251 
1099590	-0.188666 
1099591	-0.238098 
1099592	-0.278951 
1099593	-0.309367 
1099594	-0.327922 
1099595	-0.333525 
1099596	-0.325466 
1099597	-0.303563 
1099598	-0.268191 
1099599	-0.220282 
1099600	-0.161358 
1099601	-0.093785 
1099602	-0.021197 
1099603	0.051286 
1099604	0.117201 
1099605	0.169298 
1099606	0.200792 
1099607	0.207506 
1099608	0.189804 
1099609	0.152758 
1099610	0.104329 
1099611	0.053087 
1099612	0.006538 
1099613	-0.029811 
1099614	-0.052797 
1099615	-0.061402 
1099616	-0.056282 
1099617	-0.039296 
1099618	-0.013121 
1099619	0.018971 
1099620	0.053269 
1099621	0.085835 
1099622	0.112825 
1099623	0.131032 
1099624	0.138562 
1099625	0.135469 
1099626	0.123900 
1099627	0.107651 
1099628	0.091324 
1099629	0.079386 
1099630	0.075348 
1099631	0.081100 
1099632	0.096484 
1099633	0.119172 
1099634	0.144924 
1099635	0.168265 
1099636	0.183529 
1099637	0.186262 
1099638	0.174515 
1099639	0.149391 
1099640	0.114512 
1099641	0.074778 
1099642	0.035260 
1099643	0.000539 
1099644	-0.025534 
1099645	-0.039875 
1099646	-0.040135 
1099647	-0.024839 
1099648	0.006197 
1099649	0.051232 
1099650	0.105989 
1099651	0.163508 
1099652	0.214584 
1099653	0.248955 
1099654	0.258073 
1099655	0.238735 
1099656	0.194727 
1099657	0.134798 
1099658	0.068937 
1099659	0.005814 
1099660	-0.048132 
1099661	-0.088721 
1099662	-0.113539 
1099663	-0.121300 
1099664	-0.111501 
1099665	-0.084531 
1099666	-0.042110 
1099667	0.012183 
1099668	0.072719 
1099669	0.132294 
1099670	0.183086 
1099671	0.217944 
1099672	0.232233 
1099673	0.225456 
1099674	0.201358 
1099675	0.166395 
1099676	0.127745 
1099677	0.091825 
1099678	0.063562 
1099679	0.046199 
1099680	0.041396 
1099681	0.049366 
1099682	0.068858 
1099683	0.097064 
1099684	0.129624 
1099685	0.160903 
1099686	0.184688 
1099687	0.195458 
1099688	0.190013 
1099689	0.168660 
1099690	0.135151 
1099691	0.095447 
1099692	0.056079 
1099693	0.022807 
1099694	-0.000223 
1099695	-0.010805 
1099696	-0.008623 
1099697	0.005004 
1099698	0.027483 
1099699	0.055314 
1099700	0.084478 
1099701	0.110773 
1099702	0.130292 
1099703	0.140207 
1099704	0.139542 
1099705	0.129504 
1099706	0.113260 
1099707	0.095203 
1099708	0.080023 
1099709	0.071758 
1099710	0.073119 
1099711	0.085099 
1099712	0.106882 
1099713	0.135987 
1099714	0.168612 
1099715	0.200247 
1099716	0.226467 
1099717	0.243674 
1099718	0.249737 
1099719	0.244427 
1099720	0.229408 
1099721	0.207727 
1099722	0.183090 
1099723	0.159218 
1099724	0.139422 
1099725	0.126279 
1099726	0.121316 
1099727	0.124660 
1099728	0.134750 
1099729	0.148247 
1099730	0.160422 
1099731	0.166214 
1099732	0.161788 
1099733	0.145942 
1099734	0.120607 
1099735	0.090118 
1099736	0.059658 
1099737	0.033732 
1099738	0.015258 
1099739	0.005372 
1099740	0.003744 
1099741	0.009196 
1099742	0.020328 
1099743	0.035943 
1099744	0.055178 
1099745	0.077399 
1099746	0.102045 
1099747	0.128443 
1099748	0.155748 
1099749	0.182959 
1099750	0.209061 
1099751	0.233145 
1099752	0.254470 
1099753	0.272407 
1099754	0.286348 
1099755	0.295562 
1099756	0.299161 
1099757	0.296189 
1099758	0.285872 
1099759	0.267928 
1099760	0.242843 
1099761	0.211978 
1099762	0.177386 
1099763	0.141446 
1099764	0.106488 
1099765	0.074536 
1099766	0.047153 
1099767	0.025367 
1099768	0.009838 
1099769	0.001018 
1099770	-0.000853 
1099771	0.004159 
1099772	0.015558 
1099773	0.032345 
1099774	0.053072 
1099775	0.075976 
1099776	0.099179 
1099777	0.120879 
1099778	0.139524 
1099779	0.154005 
1099780	0.163797 
1099781	0.169158 
1099782	0.171178 
1099783	0.171658 
1099784	0.172872 
1099785	0.177391 
1099786	0.187787 
1099787	0.206109 
1099788	0.233459 
1099789	0.269728 
1099790	0.313389 
1099791	0.361352 
1099792	0.408963 
1099793	0.450288 
1099794	0.478806 
1099795	0.488642 
1099796	0.476258 
1099797	0.441853 
1099798	0.389506 
1099799	0.325960 
1099800	0.258989 
1099801	0.195970 
1099802	0.142926 
1099803	0.104119 
1099804	0.082061 
1099805	0.077636 
1099806	0.090142 
1099807	0.117257 
1099808	0.154941 
1099809	0.197559 
1099810	0.238420 
1099811	0.270761 
1099812	0.289003 
1099813	0.290023 
1099814	0.273985 
1099815	0.244353 
1099816	0.207006 
1099817	0.168893 
1099818	0.136724 
1099819	0.116011 
1099820	0.110603 
1099821	0.122569 
1099822	0.152126 
1099823	0.197433 
1099824	0.254324 
1099825	0.316170 
1099826	0.374192 
1099827	0.418331 
1099828	0.439095 
1099829	0.430522 
1099830	0.392815 
1099831	0.332338 
1099832	0.258885 
1099833	0.182653 
1099834	0.112349 
1099835	0.054341 
1099836	0.012529 
1099837	-0.011327 
1099838	-0.017215 
1099839	-0.006654 
1099840	0.017432 
1099841	0.050830 
1099842	0.088285 
1099843	0.123811 
1099844	0.151282 
1099845	0.165441 
1099846	0.163177 
1099847	0.144515 
1099848	0.112689 
1099849	0.073281 
1099850	0.032888 
1099851	-0.002058 
1099852	-0.026190 
1099853	-0.035813 
1099854	-0.029284 
1099855	-0.007182 
1099856	0.027719 
1099857	0.070687 
1099858	0.115434 
1099859	0.154707 
1099860	0.181378 
1099861	0.190135 
1099862	0.179216 
1099863	0.150930 
1099864	0.110558 
1099865	0.064465 
1099866	0.018616 
1099867	-0.022073 
1099868	-0.053863 
1099869	-0.074144 
1099870	-0.081481 
1099871	-0.075755 
1099872	-0.058369 
1099873	-0.032265 
1099874	-0.001656 
1099875	0.028536 
1099876	0.053505 
1099877	0.069460 
1099878	0.074362 
1099879	0.068170 
1099880	0.052493 
1099881	0.029950 
1099882	0.003574 
1099883	-0.023576 
1099884	-0.048635 
1099885	-0.069042 
1099886	-0.082597 
1099887	-0.087527 
1099888	-0.082609 
1099889	-0.067356 
1099890	-0.042282 
1099891	-0.009137 
1099892	0.029046 
1099893	0.068186 
1099894	0.103731 
1099895	0.131371 
1099896	0.147819 
1099897	0.151523 
1099898	0.142996 
1099899	0.124539 
1099900	0.099611 
1099901	0.072086 
1099902	0.045610 
1099903	0.023124 
1099904	0.006525 
1099905	-0.003499 
1099906	-0.007458 
1099907	-0.006876 
1099908	-0.003937 
1099909	-0.001046 
1099910	-0.000339 
1099911	-0.003262 
1099912	-0.010343 
1099913	-0.021204 
1099914	-0.034729 
1099915	-0.049380 
1099916	-0.063443 
1099917	-0.075216 
1099918	-0.083125 
1099919	-0.085782 
1099920	-0.082022 
1099921	-0.070988 
1099922	-0.052253 
1099923	-0.025974 
1099924	0.006966 
1099925	0.044883 
1099926	0.085301 
1099927	0.125042 
1099928	0.160479 
1099929	0.187957 
1099930	0.204377 
1099931	0.207801 
1099932	0.197881 
1099933	0.175947 
1099934	0.144687 
1099935	0.107607 
1099936	0.068461 
1099937	0.030811 
1099938	-0.002220 
1099939	-0.028108 
1099940	-0.044947 
1099941	-0.051477 
1099942	-0.047044 
1099943	-0.031667 
1099944	-0.006113 
1099945	0.027898 
1099946	0.067477 
1099947	0.108446 
1099948	0.145468 
1099949	0.172591 
1099950	0.184430 
1099951	0.177904 
1099952	0.153679 
1099953	0.116251 
1099954	0.072519 
1099955	0.029880 
1099956	-0.005229 
1099957	-0.028091 
1099958	-0.036082 
1099959	-0.028741 
1099960	-0.007634 
1099961	0.023890 
1099962	0.061049 
1099963	0.098139 
1099964	0.129290 
1099965	0.149457 
1099966	0.155621 
1099967	0.147622 
1099968	0.128148 
1099969	0.101865 
1099970	0.074263 
1099971	0.050646 
1099972	0.035407 
1099973	0.031528 
1099974	0.040291 
1099975	0.061105 
1099976	0.091432 
1099977	0.126878 
1099978	0.161590 
1099979	0.189026 
1099980	0.203182 
1099981	0.200133 
1099982	0.179310 
1099983	0.143710 
1099984	0.098992 
1099985	0.052100 
1099986	0.010042 
1099987	-0.021045 
1099988	-0.036490 
1099989	-0.033344 
1099990	-0.010435 
1099991	0.031538 
1099992	0.089712 
1099993	0.158692 
1099994	0.230341 
1099995	0.294124 
1099996	0.338298 
1099997	0.353023 
1099998	0.334652 
1099999	0.287633 
1100000	0.222082 
1100001	0.149481 
1098501	-0.096896 
1098502	-0.101266 
1098503	-0.107875 
1098504	-0.115698 
1098505	-0.123529 
1098506	-0.130036 
1098507	-0.133904 
1098508	-0.134043 
1098509	-0.129822 
1098510	-0.121240 
1098511	-0.108934 
1098512	-0.094051 
1098513	-0.078024 
1098514	-0.062270 
1098515	-0.047971 
1098516	-0.035981 
1098517	-0.026899 
1098518	-0.021252 
1098519	-0.019629 
1098520	-0.022733 
1098521	-0.031194 
1098522	-0.045310 
1098523	-0.064761 
1098524	-0.088473 
1098525	-0.114666 
1098526	-0.141121 
1098527	-0.165580 
1098528	-0.186107 
1098529	-0.201348 
1098530	-0.210550 
1098531	-0.213480 
1098532	-0.210246 
1098533	-0.201187 
1098534	-0.186876 
1098535	-0.168192 
1098536	-0.146477 
1098537	-0.123531 
1098538	-0.101503 
1098539	-0.082540 
1098540	-0.068394 
1098541	-0.060073 
1098542	-0.057679 
1098543	-0.060523 
1098544	-0.067413 
1098545	-0.077017 
1098546	-0.088137 
1098547	-0.099840 
1098548	-0.111391 
1098549	-0.122116 
1098550	-0.131256 
1098551	-0.137963 
1098552	-0.141411 
1098553	-0.141016 
1098554	-0.136592 
1098555	-0.128404 
1098556	-0.117045 
1098557	-0.103189 
1098558	-0.087375 
1098559	-0.069906 
1098560	-0.050902 
1098561	-0.030545 
1098562	-0.009340 
1098563	0.011675 
1098564	0.030916 
1098565	0.046498 
1098566	0.056686 
1098567	0.060390 
1098568	0.057547 
1098569	0.049196 
1098570	0.037209 
1098571	0.023794 
1098572	0.010928 
1098573	-0.000038 
1098574	-0.008538 
1098575	-0.014668 
1098576	-0.018953 
1098577	-0.022093 
1098578	-0.024782 
1098579	-0.027638 
1098580	-0.031170 
1098581	-0.035752 
1098582	-0.041508 
1098583	-0.048155 
1098584	-0.054888 
1098585	-0.060389 
1098586	-0.063091 
1098587	-0.061558 
1098588	-0.054922 
1098589	-0.043211 
1098590	-0.027500 
1098591	-0.009820 
1098592	0.007217 
1098593	0.020972 
1098594	0.029378 
1098595	0.031373 
1098596	0.027111 
1098597	0.017882 
1098598	0.005717 
1098599	-0.007127 
1098600	-0.018635 
1098601	-0.027303 
1098602	-0.032195 
1098603	-0.032864 
1098604	-0.029252 
1098605	-0.021674 
1098606	-0.010878 
1098607	0.001875 
1098608	0.014854 
1098609	0.026093 
1098610	0.033809 
1098611	0.036834 
1098612	0.034862 
1098613	0.028466 
1098614	0.018847 
1098615	0.007397 
1098616	-0.004751 
1098617	-0.017032 
1098618	-0.029521 
1098619	-0.042768 
1098620	-0.057482 
1098621	-0.074151 
1098622	-0.092705 
1098623	-0.112322 
1098624	-0.131417 
1098625	-0.147892 
1098626	-0.159492 
1098627	-0.164149 
1098628	-0.160186 
1098629	-0.146472 
1098630	-0.122585 
1098631	-0.089048 
1098632	-0.047599 
1098633	-0.001395 
1098634	0.045088 
1098635	0.086611 
1098636	0.118022 
1098637	0.135232 
1098638	0.136260 
1098639	0.121832 
1098640	0.095082 
1098641	0.060569 
1098642	0.023147 
1098643	-0.012935 
1098644	-0.044544 
1098645	-0.069703 
1098646	-0.087357 
1098647	-0.097076 
1098648	-0.098868 
1098649	-0.093146 
1098650	-0.080785 
1098651	-0.063138 
1098652	-0.041920 
1098653	-0.019038 
1098654	0.003562 
1098655	0.024059 
1098656	0.040906 
1098657	0.052905 
1098658	0.059184 
1098659	0.059086 
1098660	0.052102 
1098661	0.037888 
1098662	0.016392 
1098663	-0.011944 
1098664	-0.046010 
1098665	-0.084012 
1098666	-0.123635 
1098667	-0.162286 
1098668	-0.197284 
1098669	-0.226112 
1098670	-0.246776 
1098671	-0.258020 
1098672	-0.259250 
1098673	-0.250323 
1098674	-0.231398 
1098675	-0.202982 
1098676	-0.166157 
1098677	-0.122985 
1098678	-0.076872 
1098679	-0.032579 
1098680	0.004446 
1098681	0.029039 
1098682	0.037474 
1098683	0.028529 
1098684	0.003883 
1098685	-0.032540 
1098686	-0.075849 
1098687	-0.121403 
1098688	-0.165578 
1098689	-0.205972 
1098690	-0.241198 
1098691	-0.270422 
1098692	-0.292981 
1098693	-0.308254 
1098694	-0.315759 
1098695	-0.315334 
1098696	-0.307228 
1098697	-0.292086 
1098698	-0.270845 
1098699	-0.244645 
1098700	-0.214807 
1098701	-0.182902 
1098702	-0.150879 
1098703	-0.121183 
1098704	-0.096762 
1098705	-0.080855 
1098706	-0.076484 
1098707	-0.085717 
1098708	-0.109020 
1098709	-0.145024 
1098710	-0.190789 
1098711	-0.242271 
1098712	-0.295086 
1098713	-0.345176 
1098714	-0.389196 
1098715	-0.424531 
1098716	-0.449258 
1098717	-0.462203 
1098718	-0.463112 
1098719	-0.452831 
1098720	-0.433276 
1098721	-0.407129 
1098722	-0.377315 
1098723	-0.346440 
1098724	-0.316465 
1098725	-0.288601 
1098726	-0.263442 
1098727	-0.241170 
1098728	-0.221750 
1098729	-0.205064 
1098730	-0.191024 
1098731	-0.179612 
1098732	-0.170843 
1098733	-0.164654 
1098734	-0.160761 
1098735	-0.158554 
1098736	-0.157132 
1098737	-0.155436 
1098738	-0.152509 
1098739	-0.147782 
1098740	-0.141334 
1098741	-0.134055 
1098742	-0.127594 
1098743	-0.124090 
1098744	-0.125701 
1098745	-0.134032 
1098746	-0.149724 
1098747	-0.172251 
1098748	-0.200026 
1098749	-0.230784 
1098750	-0.262123 
1098751	-0.291866 
1098752	-0.318064 
1098753	-0.338875 
1098754	-0.352457 
1098755	-0.356968 
1098756	-0.350716 
1098757	-0.332408 
1098758	-0.301396 
1098759	-0.257802 
1098760	-0.202560 
1098761	-0.137592 
1098762	-0.066078 
1098763	0.007407 
1098764	0.077009 
1098765	0.135954 
1098766	0.177340 
1098767	0.195559 
1098768	0.188063 
1098769	0.156312 
1098770	0.105131 
1098771	0.041116 
1098772	-0.028864 
1098773	-0.098771 
1098774	-0.164056 
1098775	-0.221739 
1098776	-0.270169 
1098777	-0.308684 
1098778	-0.337212 
1098779	-0.355941 
1098780	-0.365090 
1098781	-0.364827 
1098782	-0.355247 
1098783	-0.336485 
1098784	-0.308890 
1098785	-0.273160 
1098786	-0.230458 
1098787	-0.182613 
1098788	-0.132302 
1098789	-0.083005 
1098790	-0.038653 
1098791	-0.003169 
1098792	0.020047 
1098793	0.028708 
1098794	0.022044 
1098795	0.000903 
1098796	-0.032497 
1098797	-0.074998 
1098798	-0.123047 
1098799	-0.173211 
1098800	-0.222583 
1098801	-0.268903 
1098802	-0.310574 
1098803	-0.346681 
1098804	-0.376912 
1098805	-0.401299 
1098806	-0.419941 
1098807	-0.432752 
1098808	-0.439391 
1098809	-0.439320 
1098810	-0.431974 
1098811	-0.416958 
1098812	-0.394199 
1098813	-0.364079 
1098814	-0.327478 
1098815	-0.285869 
1098816	-0.241436 
1098817	-0.196952 
1098818	-0.155413 
1098819	-0.119633 
1098820	-0.092044 
1098821	-0.074562 
1098822	-0.068309 
1098823	-0.073334 
1098824	-0.088463 
1098825	-0.111428 
1098826	-0.139240 
1098827	-0.168682 
1098828	-0.196810 
1098829	-0.221313 
1098830	-0.240722 
1098831	-0.254382 
1098832	-0.262234 
1098833	-0.264510 
1098834	-0.261472 
1098835	-0.253299 
1098836	-0.240201 
1098837	-0.222629 
1098838	-0.201492 
1098839	-0.178235 
1098840	-0.154771 
1098841	-0.133253 
1098842	-0.115662 
1098843	-0.103385 
1098844	-0.096909 
1098845	-0.095771 
1098846	-0.098814 
1098847	-0.104539 
1098848	-0.111441 
1098849	-0.118193 
1098850	-0.123738 
1098851	-0.127285 
1098852	-0.128402 
1098853	-0.127131 
1098854	-0.124102 
1098855	-0.120593 
1098856	-0.118405 
1098857	-0.119548 
1098858	-0.125798 
1098859	-0.138312 
1098860	-0.157493 
1098861	-0.183058 
1098862	-0.214213 
1098863	-0.249886 
1098864	-0.288886 
1098865	-0.329958 
1098866	-0.371676 
1098867	-0.412236 
1098868	-0.449324 
1098869	-0.480086 
1098870	-0.501406 
1098871	-0.510512 
1098872	-0.505642 
1098873	-0.486423 
1098874	-0.453806 
1098875	-0.409674 
1098876	-0.356431 
1098877	-0.296792 
1098878	-0.233852 
1098879	-0.171272 
1098880	-0.113454 
1098881	-0.065383 
1098882	-0.031772 
1098883	-0.015980 
1098884	-0.019258 
1098885	-0.040418 
1098886	-0.076171 
1098887	-0.121972 
1098888	-0.172952 
1098889	-0.224652 
1098890	-0.273353 
1098891	-0.316064 
1098892	-0.350415 
1098893	-0.374517 
1098894	-0.386885 
1098895	-0.386473 
1098896	-0.372771 
1098897	-0.345931 
1098898	-0.306803 
1098899	-0.256944 
1098900	-0.198674 
1098901	-0.135277 
1098902	-0.071210 
1098903	-0.011979 
1098904	0.036480 
1098905	0.068857 
1098906	0.081673 
1098907	0.074330 
1098908	0.049342 
1098909	0.011460 
1098910	-0.033770 
1098911	-0.081114 
1098912	-0.126263 
1098913	-0.166165 
1098914	-0.199126 
1098915	-0.224597 
1098916	-0.242846 
1098917	-0.254626 
1098918	-0.260962 
1098919	-0.262955 
1098920	-0.261573 
1098921	-0.257498 
1098922	-0.251005 
1098923	-0.241992 
1098924	-0.230067 
1098925	-0.214706 
1098926	-0.195439 
1098927	-0.172055 
1098928	-0.144773 
1098929	-0.114337 
1098930	-0.082045 
1098931	-0.049735 
1098932	-0.019733 
1098933	0.005318 
1098934	0.022720 
1098935	0.030042 
1098936	0.025505 
1098937	0.008351 
1098938	-0.020966 
1098939	-0.060795 
1098940	-0.108535 
1098941	-0.160967 
1098942	-0.214663 
1098943	-0.266325 
1098944	-0.313008 
1098945	-0.352179 
1098946	-0.381720 
1098947	-0.399886 
1098948	-0.405289 
1098949	-0.396897 
1098950	-0.374067 
1098951	-0.336613 
1098952	-0.284869 
1098953	-0.219948 
1098954	-0.144154 
1098955	-0.061618 
1098956	0.021297 
1098957	0.096378 
1098958	0.154634 
1098959	0.188076 
1098960	0.192357 
1098961	0.168782 
1098962	0.123675 
1098963	0.065782 
1098964	0.003859 
1098965	-0.054679 
1098966	-0.104441 
1098967	-0.142086 
1098968	-0.165894 
1098969	-0.175323 
1098970	-0.170717 
1098971	-0.153191 
1098972	-0.124573 
1098973	-0.087360 
1098974	-0.044626 
1098975	0.000087 
1098976	0.042958 
1098977	0.080149 
1098978	0.108219 
1098979	0.124566 
1098980	0.127899 
1098981	0.118552 
1098982	0.098493 
1098983	0.070985 
1098984	0.040031 
1098985	0.009781 
1098986	-0.016002 
1098987	-0.034447 
1098988	-0.043931 
1098989	-0.044304 
1098990	-0.036843 
1098991	-0.024023 
1098992	-0.009085 
1098993	0.004487 
1098994	0.013518 
1098995	0.015606 
1098996	0.009492 
1098997	-0.004870 
1098998	-0.026457 
1098999	-0.053492 
1099000	-0.083737 
1099001	-0.114703 
1101501	0.161654 
1101502	0.149635 
1101503	0.129258 
1101504	0.104639 
1101505	0.080228 
1101506	0.060130 
1101507	0.047659 
1101508	0.045050 
1101509	0.053239 
1101510	0.071742 
1101511	0.098564 
1101512	0.130269 
1101513	0.162230 
1101514	0.189229 
1101515	0.206486 
1101516	0.210952 
1101517	0.202328 
1101518	0.183190 
1101519	0.158192 
1101520	0.132783 
1101521	0.112096 
1101522	0.100224 
1101523	0.099782 
1101524	0.111586 
1101525	0.134409 
1101526	0.164825 
1101527	0.197336 
1101528	0.224999 
1101529	0.240747 
1101530	0.239370 
1101531	0.219281 
1101532	0.182981 
1101533	0.135901 
1101534	0.084534 
1101535	0.034934 
1101536	-0.007964 
1101537	-0.040410 
1101538	-0.059762 
1101539	-0.064459 
1101540	-0.054022 
1101541	-0.029089 
1101542	0.008430 
1101543	0.055105 
1101544	0.105787 
1101545	0.153693 
1101546	0.191021 
1101547	0.210460 
1101548	0.207505 
1101549	0.182486 
1101550	0.140721 
1101551	0.090532 
1101552	0.040702 
1101553	-0.001203 
1101554	-0.029542 
1101555	-0.040928 
1101556	-0.034238 
1101557	-0.010427 
1101558	0.027626 
1101559	0.075279 
1101560	0.126431 
1101561	0.174007 
1101562	0.210749 
1101563	0.230581 
1101564	0.230291 
1101565	0.210596 
1101566	0.175731 
1101567	0.131962 
1101568	0.085956 
1101569	0.043561 
1101570	0.009072 
1101571	-0.015053 
1101572	-0.028096 
1101573	-0.030766 
1101574	-0.024866 
1101575	-0.012971 
1101576	0.001852 
1101577	0.016340 
1101578	0.027406 
1101579	0.032496 
1101580	0.029944 
1101581	0.019183 
1101582	0.000820 
1101583	-0.023542 
1101584	-0.051592 
1101585	-0.080693 
1101586	-0.108199 
1101587	-0.131706 
1101588	-0.149267 
1101589	-0.159501 
1101590	-0.161625 
1101591	-0.155438 
1101592	-0.141274 
1101593	-0.120006 
1101594	-0.093052 
1101595	-0.062453 
1101596	-0.030921 
1101597	-0.001805 
1101598	0.021162 
1101599	0.034398 
1101600	0.035181 
1101601	0.022377 
1101602	-0.003113 
1101603	-0.038450 
1101604	-0.079418 
1101605	-0.121271 
1101606	-0.159501 
1101607	-0.190344 
1101608	-0.211059 
1101609	-0.220062 
1101610	-0.216999 
1101611	-0.202775 
1101612	-0.179474 
1101613	-0.150191 
1101614	-0.118729 
1101615	-0.089175 
1101616	-0.065357 
1101617	-0.050239 
1101618	-0.045414 
1101619	-0.050842 
1101620	-0.064943 
1101621	-0.085001 
1101622	-0.107718 
1101623	-0.129725 
1101624	-0.147993 
1101625	-0.160070 
1101626	-0.164166 
1101627	-0.159165 
1101628	-0.144681 
1101629	-0.121154 
1101630	-0.090009 
1101631	-0.053733 
1101632	-0.015780 
1101633	0.019756 
1101634	0.048626 
1101635	0.067070 
1101636	0.072458 
1101637	0.063783 
1101638	0.041788 
1101639	0.008703 
1101640	-0.032300 
1101641	-0.077643 
1101642	-0.123873 
1101643	-0.168077 
1101644	-0.207994 
1101645	-0.241796 
1101646	-0.267814 
1101647	-0.284393 
1101648	-0.289929 
1101649	-0.283008 
1101650	-0.262634 
1101651	-0.228471 
1101652	-0.181144 
1101653	-0.122650 
1101654	-0.056931 
1101655	0.009746 
1101656	0.069383 
1101657	0.113504 
1101658	0.134475 
1101659	0.127776 
1101660	0.094097 
1101661	0.039065 
1101662	-0.029072 
1101663	-0.101703 
1101664	-0.171044 
1101665	-0.230787 
1101666	-0.276449 
1101667	-0.305358 
1101668	-0.316488 
1101669	-0.310275 
1101670	-0.288364 
1101671	-0.253253 
1101672	-0.207918 
1101673	-0.155585 
1101674	-0.099771 
1101675	-0.044488 
1101676	0.005731 
1101677	0.046138 
1101678	0.072440 
1101679	0.081607 
1101680	0.072725 
1101681	0.047458 
1101682	0.009825 
1101683	-0.034706 
1101684	-0.080390 
1101685	-0.122225 
1101686	-0.156554 
1101687	-0.181244 
1101688	-0.195536 
1101689	-0.199665 
1101690	-0.194520 
1101691	-0.181417 
1101692	-0.162134 
1101693	-0.138946 
1101694	-0.114628 
1101695	-0.092233 
1101696	-0.074664 
1101697	-0.064166 
1101698	-0.061811 
1101699	-0.067207 
1101700	-0.078491 
1101701	-0.092722 
1101702	-0.106460 
1101703	-0.116365 
1101704	-0.119696 
1101705	-0.114718 
1101706	-0.100954 
1101707	-0.079411 
1101708	-0.052678 
1101709	-0.024823 
1101710	-0.000978 
1101711	0.013403 
1101712	0.013593 
1101713	-0.003249 
1101714	-0.037384 
1101715	-0.086599 
1101716	-0.146961 
1101717	-0.213601 
1101718	-0.281244 
1101719	-0.344584 
1101720	-0.398606 
1101721	-0.438905 
1101722	-0.462078 
1101723	-0.466290 
1101724	-0.451650 
1101725	-0.420079 
1101726	-0.374694 
1101727	-0.319139 
1101728	-0.257166 
1101729	-0.192611 
1101730	-0.129562 
1101731	-0.072559 
1101732	-0.026387 
1101733	0.004635 
1101734	0.017556 
1101735	0.011640 
1101736	-0.011306 
1101737	-0.047340 
1101738	-0.091290 
1101739	-0.137783 
1101740	-0.182026 
1101741	-0.220282 
1101742	-0.249983 
1101743	-0.269580 
1101744	-0.278299 
1101745	-0.275950 
1101746	-0.262905 
1101747	-0.240184 
1101748	-0.209589 
1101749	-0.173799 
1101750	-0.136302 
1101751	-0.101097 
1101752	-0.072161 
1101753	-0.052765 
1101754	-0.044889 
1101755	-0.048841 
1101756	-0.063322 
1101757	-0.085713 
1101758	-0.112637 
1101759	-0.140430 
1101760	-0.165499 
1101761	-0.184528 
1101762	-0.194712 
1101763	-0.194050 
1101764	-0.181677 
1101765	-0.158181 
1101766	-0.125824 
1101767	-0.088613 
1101768	-0.052029 
1101769	-0.022252 
1101770	-0.005050 
1101771	-0.004634 
1101772	-0.022786 
1101773	-0.058589 
1101774	-0.108931 
1101775	-0.169439 
1101776	-0.235367 
1101777	-0.302265 
1101778	-0.366229 
1101779	-0.423771 
1101780	-0.471595 
1101781	-0.506555 
1101782	-0.526012 
1101783	-0.528322 
1101784	-0.513148 
1101785	-0.481423 
1101786	-0.435060 
1101787	-0.376507 
1101788	-0.308388 
1101789	-0.233588 
1101790	-0.155901 
1101791	-0.080718 
1101792	-0.014913 
1101793	0.034042 
1101794	0.059346 
1101795	0.056773 
1101796	0.026461 
1101797	-0.027084 
1101798	-0.096721 
1101799	-0.174645 
1101800	-0.253959 
1101801	-0.329650 
1101802	-0.398602 
1101803	-0.458921 
1101804	-0.509130 
1101805	-0.547695 
1101806	-0.572946 
1101807	-0.583363 
1101808	-0.578184 
1101809	-0.558053 
1101810	-0.525348 
1101811	-0.483943 
1101812	-0.438503 
1101813	-0.393659 
1101814	-0.353342 
1101815	-0.320278 
1101816	-0.295789 
1101817	-0.279919 
1101818	-0.271760 
1101819	-0.269815 
1101820	-0.272290 
1101821	-0.277289 
1101822	-0.282878 
1101823	-0.287157 
1101824	-0.288424 
1101825	-0.285408 
1101826	-0.277533 
1101827	-0.265043 
1101828	-0.248930 
1101829	-0.230692 
1101830	-0.212001 
1101831	-0.194428 
1101832	-0.179208 
1101833	-0.167218 
1101834	-0.159004 
1101835	-0.154893 
1101836	-0.155060 
1101837	-0.159506 
1101838	-0.167966 
1101839	-0.179800 
1101840	-0.193927 
1101841	-0.208929 
1101842	-0.223224 
1101843	-0.235377 
1101844	-0.244329 
1101845	-0.249524 
1101846	-0.250867 
1101847	-0.248618 
1101848	-0.243233 
1101849	-0.235281 
1101850	-0.225428 
1101851	-0.214375 
1101852	-0.202890 
1101853	-0.191775 
1101854	-0.181794 
1101855	-0.173589 
1101856	-0.167614 
1101857	-0.164075 
1101858	-0.162918 
1101859	-0.163865 
1101860	-0.166538 
1101861	-0.170612 
1101862	-0.175965 
1101863	-0.182729 
1101864	-0.191305 
1101865	-0.202258 
1101866	-0.216164 
1101867	-0.233389 
1101868	-0.253930 
1101869	-0.277356 
1101870	-0.302870 
1101871	-0.329446 
1101872	-0.355913 
1101873	-0.380977 
1101874	-0.403155 
1101875	-0.420699 
1101876	-0.431599 
1101877	-0.433690 
1101878	-0.424931 
1101879	-0.403754 
1101880	-0.369363 
1101881	-0.321978 
1101882	-0.262995 
1101883	-0.195237 
1101884	-0.123228 
1101885	-0.053170 
1101886	0.007561 
1101887	0.051312 
1101888	0.071504 
1101889	0.064557 
1101890	0.031217 
1101891	-0.023933 
1101892	-0.094238 
1101893	-0.172679 
1101894	-0.253085 
1101895	-0.330784 
1101896	-0.402351 
1101897	-0.464952 
1101898	-0.515812 
1101899	-0.552158 
1101900	-0.571619 
1101901	-0.572772 
1101902	-0.555572 
1101903	-0.521407 
1101904	-0.472818 
1101905	-0.413009 
1101906	-0.345344 
1101907	-0.273043 
1101908	-0.199283 
1101909	-0.127619 
1101910	-0.062380 
1101911	-0.008511 
1101912	0.029205 
1101913	0.047134 
1101914	0.043730 
1101915	0.020085 
1101916	-0.020218 
1101917	-0.071897 
1101918	-0.129064 
1101919	-0.186317 
1101920	-0.239470 
1101921	-0.285674 
1101922	-0.323226 
1101923	-0.351302 
1101924	-0.369771 
1101925	-0.379091 
1101926	-0.380168 
1101927	-0.374163 
1101928	-0.362268 
1101929	-0.345514 
1101930	-0.324682 
1101931	-0.300359 
1101932	-0.273091 
1101933	-0.243571 
1101934	-0.212789 
1101935	-0.182075 
1101936	-0.153027 
1101937	-0.127318 
1101938	-0.106473 
1101939	-0.091663 
1101940	-0.083633 
1101941	-0.082646 
1101942	-0.088484 
1101943	-0.100520 
1101944	-0.117801 
1101945	-0.139205 
1101946	-0.163666 
1101947	-0.190364 
1101948	-0.218862 
1101949	-0.249108 
1101950	-0.281241 
1101951	-0.315367 
1101952	-0.351266 
1101953	-0.388208 
1101954	-0.424849 
1101955	-0.459207 
1101956	-0.488769 
1101957	-0.510717 
1101958	-0.522319 
1101959	-0.521387 
1101960	-0.506627 
1101961	-0.477817 
1101962	-0.435738 
1101963	-0.381984 
1101964	-0.318813 
1101965	-0.249133 
1101966	-0.176611 
1101967	-0.105845 
1101968	-0.042258 
1101969	0.008549 
1101970	0.041663 
1101971	0.053913 
1101972	0.044823 
1101973	0.016898 
1101974	-0.025018 
1101975	-0.074950 
1101976	-0.126932 
1101977	-0.175820 
1101978	-0.217699 
1101979	-0.249968 
1101980	-0.271192 
1101981	-0.280891 
1101982	-0.279426 
1101983	-0.267901 
1101984	-0.248044 
1101985	-0.222040 
1101986	-0.192340 
1101987	-0.161489 
1101988	-0.131950 
1101989	-0.105983 
1101990	-0.085502 
1101991	-0.071916 
1101992	-0.065906 
1101993	-0.067261 
1101994	-0.074818 
1101995	-0.086627 
1101996	-0.100298 
1101997	-0.113451 
1101998	-0.124173 
1101999	-0.131412 
1102000	-0.135216 
1102001	-0.136728 
1102002	-0.137850 
1102003	-0.140797 
1102004	-0.147567 
1102005	-0.159552 
1102006	-0.177328 
1102007	-0.200637 
1102008	-0.228480 
1102009	-0.259271 
1102010	-0.290932 
1102011	-0.320925 
1102012	-0.346304 
1102013	-0.363820 
1102014	-0.370214 
1102015	-0.362607 
1102016	-0.338851 
1102017	-0.297869 
1102018	-0.239958 
1102019	-0.167182 
1102020	-0.083940 
1102021	0.002401 
1102022	0.081465 
1102023	0.140668 
1102024	0.167530 
1102025	0.154512 
1102026	0.102854 
1102027	0.021281 
1102028	-0.078878 
1102029	-0.187030 
1102030	-0.294448 
1102031	-0.394447 
1102032	-0.481491 
1102033	-0.550156 
1102034	-0.594750 
1102035	-0.610389 
1102036	-0.594928 
1102037	-0.549936 
1102038	-0.479667 
1102039	-0.389063 
1102040	-0.282600 
1102041	-0.165002 
1102042	-0.043087 
1102043	0.072799 
1102044	0.168176 
1102045	0.225130 
1102046	0.229932 
1102047	0.182453 
1102048	0.096485 
1102049	-0.009269 
1102050	-0.118999 
1102051	-0.221020 
1102052	-0.307895 
1102053	-0.375672 
1102054	-0.422486 
1102055	-0.447695 
1102056	-0.451638 
1102057	-0.435589 
1102058	-0.401620 
1102059	-0.352376 
1102060	-0.290909 
1102061	-0.220770 
1102062	-0.146342 
1102063	-0.073153 
1102064	-0.007698 
1102065	0.043484 
1102066	0.075055 
1102067	0.084164 
1102068	0.071412 
1102069	0.040739 
1102070	-0.001693 
1102071	-0.048970 
1102072	-0.094653 
1102073	-0.133627 
1102074	-0.162464 
1102075	-0.179440 
1102076	-0.184438 
1102077	-0.178782 
1102078	-0.164990 
1102079	-0.146467 
1102080	-0.127066 
1102081	-0.110554 
1102082	-0.100014 
1102083	-0.097298 
1102084	-0.102717 
1102085	-0.115121 
1102086	-0.132318 
1102087	-0.151662 
1102088	-0.170590 
1102089	-0.186923 
1102090	-0.198925 
1102091	-0.205154 
1102092	-0.204250 
1102093	-0.194841 
1102094	-0.175663 
1102095	-0.145952 
1102096	-0.106061 
1102097	-0.058053 
1102098	-0.006036 
1102099	0.044070 
1102100	0.085324 
1102101	0.111028 
1102102	0.116226 
1102103	0.099104 
1102104	0.061439 
1102105	0.007722 
1102106	-0.056366 
1102107	-0.125182 
1102108	-0.193837 
1102109	-0.258433 
1102110	-0.315811 
1102111	-0.363214 
1102112	-0.398122 
1102113	-0.418449 
1102114	-0.422897 
1102115	-0.411292 
1102116	-0.384646 
1102117	-0.345008 
1102118	-0.295198 
1102119	-0.238632 
1102120	-0.179259 
1102121	-0.121577 
1102122	-0.070500 
1102123	-0.030895 
1102124	-0.006810 
1102125	-0.000538 
1102126	-0.011915 
1102127	-0.038288 
1102128	-0.075253 
1102129	-0.117700 
1102130	-0.160873 
1102131	-0.201087 
1102132	-0.236043 
1102133	-0.264760 
1102134	-0.287210 
1102135	-0.303821 
1102136	-0.315039 
1102137	-0.321021 
1102138	-0.321578 
1102139	-0.316327 
1102140	-0.305008 
1102141	-0.287812 
1102142	-0.265508 
1102143	-0.239368 
1102144	-0.210896 
1102145	-0.181498 
1102146	-0.152272 
1102147	-0.123944 
1102148	-0.097076 
1102149	-0.072324 
1102150	-0.050588 
1102151	-0.032951 
1102152	-0.020368 
1102153	-0.013329 
1102154	-0.011629 
1102155	-0.014433 
1102156	-0.020555 
1102157	-0.028818 
1102158	-0.038387 
1102159	-0.048876 
1102160	-0.060275 
1102161	-0.072674 
1102162	-0.085958 
1102163	-0.099556 
1102164	-0.112399 
1102165	-0.123084 
1102166	-0.130183 
1102167	-0.132498 
1102168	-0.129207 
1102169	-0.119940 
1102170	-0.104822 
1102171	-0.084526 
1102172	-0.060418 
1102173	-0.034674 
1102174	-0.010226 
1102175	0.009501 
1102176	0.021140 
1102177	0.022112 
1102178	0.011323 
1102179	-0.010459 
1102180	-0.040701 
1102181	-0.075640 
1102182	-0.110995 
1102183	-0.142712 
1102184	-0.167456 
1102185	-0.182859 
1102186	-0.187488 
1102187	-0.180726 
1102188	-0.162621 
1102189	-0.133827 
1102190	-0.095690 
1102191	-0.050396 
1102192	-0.001177 
1102193	0.047707 
1102194	0.091245 
1102195	0.124335 
1102196	0.142830 
1102197	0.144688 
1102198	0.130655 
1102199	0.103959 
1102200	0.069302 
1102201	0.031682 
1102202	-0.004434 
1102203	-0.035556 
1102204	-0.059283 
1102205	-0.074169 
1102206	-0.079481 
1102207	-0.075071 
1102208	-0.061349 
1102209	-0.039374 
1102210	-0.010997 
1102211	0.021098 
1102212	0.053550 
1102213	0.082714 
1102214	0.105182 
1102215	0.118338 
1102216	0.120828 
1102217	0.112814 
1102218	0.095909 
1102219	0.072764 
1102220	0.046499 
1102221	0.020148 
1102222	-0.003741 
1102223	-0.023335 
1102224	-0.037607 
1102225	-0.046365 
1102226	-0.050229 
1102227	-0.050532 
1102228	-0.049132 
1102229	-0.048145 
1102230	-0.049612 
1102231	-0.055133 
1102232	-0.065555 
1102233	-0.080809 
1102234	-0.099947 
1102235	-0.121354 
1102236	-0.143004 
1102237	-0.162717 
1102238	-0.178359 
1102239	-0.187900 
1102240	-0.189495 
1102241	-0.181643 
1102242	-0.163466 
1102243	-0.135074 
1102244	-0.097922 
1102245	-0.055031 
1102246	-0.010984 
1102247	0.028505 
1102248	0.057425 
1102249	0.070665 
1102250	0.065243 
1102251	0.041049 
1102252	0.000644 
1102253	-0.051667 
1102254	-0.110898 
1102255	-0.172241 
1102256	-0.231631 
1102257	-0.285889 
1102258	-0.332542 
1102259	-0.369592 
1102260	-0.395415 
1102261	-0.408809 
1102262	-0.409076 
1102263	-0.396118 
1102264	-0.370320 
1102265	-0.332316 
1102266	-0.282745 
1102267	-0.222194 
1102268	-0.151548 
1102269	-0.072838 
1102270	0.009795 
1102271	0.089661 
1102272	0.158070 
1102273	0.205650 
1102274	0.224483 
1102275	0.210944 
1102276	0.167333 
1102277	0.100662 
1102278	0.019960 
1102279	-0.065992 
1102280	-0.150260 
1102281	-0.228462 
1102282	-0.298373 
1102283	-0.359063 
1102284	-0.410035 
1102285	-0.450730 
1102286	-0.480440 
1102287	-0.498480 
1102288	-0.504402 
1102289	-0.498191 
1102290	-0.480330 
1102291	-0.451652 
1102292	-0.413159 
1102293	-0.365860 
1102294	-0.310833 
1102295	-0.249515 
1102296	-0.184117 
1102297	-0.118021 
1102298	-0.055870 
1102299	-0.003041 
1102300	0.035281 
1102301	0.055122 
1102302	0.054690 
1102303	0.034752 
1102304	-0.001817 
1102305	-0.051073 
1102306	-0.109006 
1102307	-0.172144 
1102308	-0.237657 
1102309	-0.302973 
1102310	-0.365088 
1102311	-0.420180 
1102312	-0.463704 
1102313	-0.491013 
1102314	-0.498642 
1102315	-0.485579 
1102316	-0.453570 
1102317	-0.406314 
1102318	-0.348308 
1102319	-0.284223 
1102320	-0.218766 
1102321	-0.156629 
1102322	-0.102300 
1102323	-0.059731 
1102324	-0.031747 
1102325	-0.019267 
1102326	-0.020817 
1102327	-0.032855 
1102328	-0.050815 
1102329	-0.070252 
1102330	-0.087725 
1102331	-0.101288 
1102332	-0.110521 
1102333	-0.116244 
1102334	-0.120019 
1102335	-0.123604 
1102336	-0.128449 
1102337	-0.135389 
1102338	-0.144519 
1102339	-0.155360 
1102340	-0.167127 
1102341	-0.178985 
1102342	-0.190170 
1102343	-0.199923 
1102344	-0.207371 
1102345	-0.211420 
1102346	-0.210734 
1102347	-0.203868 
1102348	-0.189479 
1102349	-0.166612 
1102350	-0.134968 
1102351	-0.095069 
1102352	-0.048355 
1102353	0.002781 
1102354	0.055065 
1102355	0.104469 
1102356	0.146388 
1102357	0.176011 
1102358	0.189059 
1102359	0.182710 
1102360	0.156418 
1102361	0.112116 
1102362	0.053763 
1102363	-0.013433 
1102364	-0.083873 
1102365	-0.152384 
1102366	-0.214949 
1102367	-0.268964 
1102368	-0.312994 
1102369	-0.346262 
1102370	-0.368209 
1102371	-0.378241 
1102372	-0.375739 
1102373	-0.360292 
1102374	-0.332035 
1102375	-0.291889 
1102376	-0.241643 
1102377	-0.183886 
1102378	-0.121924 
1102379	-0.059554 
1102380	-0.000647 
1102381	0.051116 
1102382	0.092239 
1102383	0.119655 
1102384	0.131317 
1102385	0.126812 
1102386	0.107609 
1102387	0.076788 
1102388	0.038403 
1102389	-0.003167 
1102390	-0.043842 
1102391	-0.080317 
1102392	-0.110404 
1102393	-0.133122 
1102394	-0.148515 
1102395	-0.157288 
1102396	-0.160356 
1102397	-0.158534 
1102398	-0.152443 
1102399	-0.142575 
1102400	-0.129479 
1102401	-0.113894 
1102402	-0.096774 
1102403	-0.079118 
1102404	-0.061693 
1102405	-0.044741 
1102406	-0.027867 
1102407	-0.010238 
1102408	0.008952 
1102409	0.029894 
1102410	0.051719 
1102411	0.072425 
1102412	0.089238 
1102413	0.099313 
1102414	0.100439 
1102415	0.091540 
1102416	0.072789 
1102417	0.045380 
1102418	0.011093 
1102419	-0.028108 
1102420	-0.070340 
1102421	-0.113792 
1102422	-0.156556 
1102423	-0.196411 
1102424	-0.230843 
1102425	-0.257274 
1102426	-0.273463 
1102427	-0.277933 
1102428	-0.270206 
1102429	-0.250777 
1102430	-0.220825 
1102431	-0.181922 
1102432	-0.135897 
1102433	-0.085016 
1102434	-0.032402 
1102435	0.017627 
1102436	0.059607 
1102437	0.087611 
1102438	0.096872 
1102439	0.085621 
1102440	0.055874 
1102441	0.012594 
1102442	-0.037806 
1102443	-0.088893 
1102444	-0.135391 
1102445	-0.173750 
1102446	-0.202005 
1102447	-0.219189 
1102448	-0.224728 
1102449	-0.218030 
1102450	-0.198403 
1102451	-0.165393 
1102452	-0.119449 
1102453	-0.062706 
1102454	0.000474 
1102455	0.063720 
1102456	0.119458 
1102457	0.160088 
1102458	0.179768 
1102459	0.176469 
1102460	0.152854 
1102461	0.115120 
1102462	0.070718 
1102463	0.026426 
1102464	-0.012623 
1102465	-0.043138 
1102466	-0.063451 
1102467	-0.073112 
1102468	-0.072603 
1102469	-0.063209 
1102470	-0.047032 
1102471	-0.026942 
1102472	-0.006241 
1102473	0.011978 
1102474	0.025590 
1102475	0.033878 
1102476	0.037517 
1102477	0.038189 
1102478	0.037922 
1102479	0.038386 
1102480	0.040422 
1102481	0.043852 
1102482	0.047614 
1102483	0.050191 
1102484	0.050146 
1102485	0.046571 
1102486	0.039332 
1102487	0.029068 
1102488	0.017007 
1102489	0.004684 
1102490	-0.006300 
1102491	-0.014413 
1102492	-0.018232 
1102493	-0.016508 
1102494	-0.008397 
1102495	0.006143 
1102496	0.025944 
1102497	0.048438 
1102498	0.069942 
1102499	0.086387 
1102500	0.094471 
1102501	0.092722 
1102502	0.082047 
1102503	0.065426 
1102504	0.046971 
1102505	0.030854 
1102506	0.020473 
1102507	0.017957 
1102508	0.024097 
1102509	0.038543 
1102510	0.060120 
1102511	0.087031 
1102512	0.116900 
1102513	0.146726 
1102514	0.172933 
1102515	0.191613 
1102516	0.199213 
1102517	0.193689 
1102518	0.175536 
1102519	0.147996 
1102520	0.116311 
1102521	0.086395 
1102522	0.063425 
1102523	0.050871 
1102524	0.050041 
1102525	0.060057 
1102526	0.078177 
1102527	0.100381 
1102528	0.122061 
1102529	0.138818 
1102530	0.147173 
1102531	0.145161 
1102532	0.132642 
1102533	0.111176 
1102534	0.083594 
1102535	0.053456 
1102536	0.024681 
1102537	0.001225 
1102538	-0.013285 
1102539	-0.016049 
1102540	-0.005534 
1102541	0.018128 
1102542	0.052883 
1102543	0.094704 
1102544	0.138005 
1102545	0.176313 
1102546	0.203015 
1102547	0.212562 
1102548	0.202202 
1102549	0.173108 
1102550	0.129869 
1102551	0.078768 
1102552	0.026043 
1102553	-0.023086 
1102554	-0.064678 
1102555	-0.095955 
1102556	-0.115009 
1102557	-0.120670 
1102558	-0.112591 
1102559	-0.091479 
1102560	-0.059302 
1102561	-0.019320 
1102562	0.024194 
1102563	0.066668 
1102564	0.103909 
1102565	0.132357 
1102566	0.149314 
1102567	0.153165 
1102568	0.143481 
1102569	0.120927 
1102570	0.087105 
1102571	0.044399 
1102572	-0.004174 
1102573	-0.055168 
1102574	-0.104999 
1102575	-0.150216 
1102576	-0.187755 
1102577	-0.215224 
1102578	-0.231075 
1102579	-0.234618 
1102580	-0.225822 
1102581	-0.205175 
1102582	-0.173719 
1102583	-0.133247 
1102584	-0.086536 
1102585	-0.037437 
1102586	0.009275 
1102587	0.048271 
1102588	0.074393 
1102589	0.083933 
1102590	0.076017 
1102591	0.053076 
1102592	0.020082 
1102593	-0.016989 
1102594	-0.052701 
1102595	-0.083122 
1102596	-0.105958 
1102597	-0.120225 
1102598	-0.125657 
1102599	-0.122305 
1102600	-0.110442 
1102601	-0.090824 
1102602	-0.065001 
1102603	-0.035505 
1102604	-0.005852 
1102605	0.019742 
1102606	0.037122 
1102607	0.043263 
1102608	0.037024 
1102609	0.019266 
1102610	-0.007612 
1102611	-0.040433 
1102612	-0.075923 
1102613	-0.111169 
1102614	-0.143725 
1102615	-0.171483 
1102616	-0.192477 
1102617	-0.204893 
1102618	-0.207282 
1102619	-0.198773 
1102620	-0.179219 
1102621	-0.149216 
1102622	-0.110022 
1102623	-0.063394 
1102624	-0.011482 
1102625	0.043029 
1102626	0.096630 
1102627	0.144750 
1102628	0.181827 
1102629	0.201788 
1102630	0.199375 
1102631	0.172098 
1102632	0.121569 
1102633	0.053169 
1102634	-0.025583 
1102635	-0.106802 
1102636	-0.183634 
1102637	-0.251209 
1102638	-0.306742 
1102639	-0.348953 
1102640	-0.377372 
1102641	-0.391805 
1102642	-0.392032 
1102643	-0.377794 
1102644	-0.348986 
1102645	-0.306025 
1102646	-0.250188 
1102647	-0.183753 
1102648	-0.110095 
1102649	-0.033745 
1102650	0.039678 
1102651	0.104105 
1102652	0.153921 
1102653	0.184857 
1102654	0.194973 
1102655	0.185262 
1102656	0.159349 
1102657	0.122407 
1102658	0.079978 
1102659	0.037089 
1102660	-0.002293 
1102661	-0.035531 
1102662	-0.061394 
1102663	-0.080030 
1102664	-0.092800 
1102665	-0.101947 
1102666	-0.110095 
1102667	-0.119727 
1102668	-0.132671 
1102669	-0.149809 
1102670	-0.170960 
1102671	-0.195073 
1102672	-0.220534 
1102673	-0.245505 
1102674	-0.268130 
1102675	-0.286572 
1102676	-0.298965 
1102677	-0.303392 
1102678	-0.297938 
1102679	-0.280805 
1102680	-0.250507 
1102681	-0.206195 
1102682	-0.148159 
1102683	-0.078528 
1102684	-0.001961 
1102685	0.074139 
1102686	0.140076 
1102687	0.184532 
1102688	0.197057 
1102689	0.172934 
1102690	0.116121 
1102691	0.037027 
1102692	-0.052651 
1102693	-0.143262 
1102694	-0.227590 
1102695	-0.300646 
1102696	-0.359368 
1102697	-0.402083 
1102698	-0.428178 
1102699	-0.438076 
1102700	-0.433308 
1102701	-0.416411 
1102702	-0.390552 
1102703	-0.359029 
1102704	-0.324854 
1102705	-0.290521 
1102706	-0.257979 
1102707	-0.228723 
1102708	-0.203886 
1102709	-0.184226 
1102710	-0.170013 
1102711	-0.160835 
1102712	-0.155496 
1102713	-0.152100 
1102714	-0.148436 
1102715	-0.142552 
1102716	-0.133256 
1102717	-0.120372 
1102718	-0.104748 
1102719	-0.088091 
1102720	-0.072630 
1102721	-0.060756 
1102722	-0.054630 
1102723	-0.055899 
1102724	-0.065483 
1102725	-0.083464 
1102726	-0.109063 
1102727	-0.140696 
1102728	-0.176132 
1102729	-0.212711 
1102730	-0.247561 
1102731	-0.277848 
1102732	-0.300976 
1102733	-0.314855 
1102734	-0.318111 
1102735	-0.310271 
1102736	-0.291825 
1102737	-0.264189 
1102738	-0.229493 
1102739	-0.190381 
1102740	-0.149858 
1102741	-0.111192 
1102742	-0.077730 
1102743	-0.052604 
1102744	-0.038330 
1102745	-0.036406 
1102746	-0.047073 
1102747	-0.069316 
1102748	-0.101114 
1102749	-0.139888 
1102750	-0.182991 
1102751	-0.228163 
1102752	-0.273727 
1102753	-0.318594 
1102754	-0.362029 
1102755	-0.403424 
1102756	-0.442096 
1102757	-0.477201 
1102758	-0.507696 
1102759	-0.532410 
1102760	-0.550220 
1102761	-0.560279 
1102762	-0.562263 
1102763	-0.556484 
1102764	-0.543864 
1102765	-0.525786 
1102766	-0.503823 
1102767	-0.479524 
1102768	-0.454209 
1102769	-0.428894 
1102770	-0.404280 
1102771	-0.380807 
1102772	-0.358712 
1102773	-0.338100 
1102774	-0.319042 
1102775	-0.301712 
1102776	-0.286516 
1102777	-0.274210 
1102778	-0.265923 
1102779	-0.263079 
1102780	-0.267203 
1102781	-0.279654 
1102782	-0.301310 
1102783	-0.332213 
1102784	-0.371297 
1102785	-0.416101 
1102786	-0.462604 
1102787	-0.505273 
1102788	-0.537643 
1102789	-0.553729 
1102790	-0.550050 
1102791	-0.527148 
1102792	-0.489404 
1102793	-0.443289 
1102794	-0.395470 
1102795	-0.351684 
1102796	-0.316295 
1102797	-0.292135 
1102798	-0.280470 
1102799	-0.281090 
1102800	-0.292603 
1102801	-0.312828 
1102802	-0.339261 
1102803	-0.369406 
1102804	-0.400954 
1102805	-0.431756 
1102806	-0.459709 
1102807	-0.482676 
1102808	-0.498577 
1102809	-0.505683 
1102810	-0.503034 
1102811	-0.490821 
1102812	-0.470467 
1102813	-0.444399 
1102814	-0.415548 
1102815	-0.386805 
1102816	-0.360548 
1102817	-0.338393 
1102818	-0.321099 
1102819	-0.308603 
1102820	-0.300170 
1102821	-0.294613 
1102822	-0.290527 
1102823	-0.286528 
1102824	-0.281385 
1102825	-0.274075 
1102826	-0.263763 
1102827	-0.249797 
1102828	-0.231719 
1102829	-0.209397 
1102830	-0.183209 
1102831	-0.154283 
1102832	-0.124653 
1102833	-0.097244 
1102834	-0.075566 
1102835	-0.063144 
1102836	-0.062736 
1102837	-0.075583 
1102838	-0.100973 
1102839	-0.136379 
1102840	-0.178069 
1102841	-0.221844 
1102842	-0.263654 
1102843	-0.299939 
1102844	-0.327752 
1102845	-0.344809 
1102846	-0.349521 
1102847	-0.341036 
1102848	-0.319224 
1102849	-0.284577 
1102850	-0.238016 
1102851	-0.180786 
1102852	-0.114689 
1102853	-0.042608 
1102854	0.031167 
1102855	0.101096 
1102856	0.160753 
1102857	0.203429 
1102858	0.223376 
1102859	0.217471 
1102860	0.186425 
1102861	0.134636 
1102862	0.068872 
1102863	-0.003187 
1102864	-0.074043 
1102865	-0.137490 
1102866	-0.189217 
1102867	-0.226573 
1102868	-0.247968 
1102869	-0.252415 
1102870	-0.239253 
1102871	-0.208167 
1102872	-0.159447 
1102873	-0.094657 
1102874	-0.017503 
1102875	0.065456 
1102876	0.144978 
1102877	0.209979 
1102878	0.249158 
1102879	0.254761 
1102880	0.226489 
1102881	0.171621 
1102882	0.101225 
1102883	0.025984 
1102884	-0.045581 
1102885	-0.107446 
1102886	-0.156124 
1102887	-0.189999 
1102888	-0.208522 
1102889	-0.211776 
1102890	-0.200467 
1102891	-0.176064 
1102892	-0.140966 
1102893	-0.098548 
1102894	-0.052968 
1102895	-0.008963 
1102896	0.028430 
1102897	0.054616 
1102898	0.066353 
1102899	0.062281 
1102900	0.043102 
1102901	0.011403 
1102902	-0.028791 
1102903	-0.072553 
1102904	-0.114619 
1102905	-0.150032 
1102906	-0.174818 
1102907	-0.186472 
1102908	-0.184139 
1102909	-0.168509 
1102910	-0.141521 
1102911	-0.105961 
1102912	-0.065104 
1102913	-0.022499 
1102914	0.018055 
1102915	0.052435 
1102916	0.076235 
1102917	0.085079 
1102918	0.075300 
1102919	0.044834 
1102920	-0.005893 
1102921	-0.073596 
1102922	-0.152544 
1102923	-0.235960 
1102924	-0.317345 
1102925	-0.391038 
1102926	-0.452458 
1102927	-0.498070 
1102928	-0.525231 
1102929	-0.532415 
1102930	-0.519662 
1102931	-0.488892 
1102932	-0.443755 
1102933	-0.389071 
1102934	-0.330118 
1102935	-0.271910 
1102936	-0.218625 
1102937	-0.173265 
1102938	-0.137745 
1102939	-0.113114 
1102940	-0.099728 
1102941	-0.097400 
1102942	-0.105566 
1102943	-0.123387 
1102944	-0.149811 
1102945	-0.183539 
1102946	-0.222918 
1102947	-0.265775 
1102948	-0.309436 
1102949	-0.351099 
1102950	-0.388264 
1102951	-0.419014 
1102952	-0.442206 
1102953	-0.457503 
1102954	-0.465301 
1102955	-0.466597 
1102956	-0.462765 
1102957	-0.455388 
1102958	-0.446035 
1102959	-0.435986 
1102960	-0.426069 
1102961	-0.416645 
1102962	-0.407697 
1102963	-0.398905 
1102964	-0.389853 
1102965	-0.380198 
1102966	-0.369781 
1102967	-0.358675 
1102968	-0.347221 
1102969	-0.336011 
1102970	-0.325966 
1102971	-0.318269 
1102972	-0.314120 
1102973	-0.314405 
1102974	-0.319475 
1102975	-0.329097 
1102976	-0.342579 
1102977	-0.359007 
1102978	-0.377442 
1102979	-0.397011 
1102980	-0.416857 
1102981	-0.435988 
1102982	-0.453247 
1102983	-0.467351 
1102984	-0.477084 
1102985	-0.481478 
1102986	-0.479898 
1102987	-0.472127 
1102988	-0.458468 
1102989	-0.439747 
1102990	-0.417250 
1102991	-0.392564 
1102992	-0.367463 
1102993	-0.343845 
1102994	-0.323580 
1102995	-0.308283 
1102996	-0.299094 
1102997	-0.296617 
1102998	-0.300920 
1102999	-0.311550 
1103000	-0.327549 
1103001	-0.347526 
1103002	-0.369787 
1103003	-0.392505 
1103004	-0.413955 
1103005	-0.432750 
1103006	-0.448112 
1103007	-0.459953 
1103008	-0.468747 
1103009	-0.475165 
1103010	-0.479763 
1103011	-0.482851 
1103012	-0.484525 
1103013	-0.484764 
1103014	-0.483505 
1103015	-0.480676 
1103016	-0.476155 
1103017	-0.469758 
1103018	-0.461221 
1103019	-0.450301 
1103020	-0.436903 
1103021	-0.421222 
1103022	-0.403827 
1103023	-0.385626 
1103024	-0.367688 
1103025	-0.350991 
1103026	-0.336195 
1103027	-0.323567 
1103028	-0.313051 
1103029	-0.304460 
1103030	-0.297769 
1103031	-0.293303 
1103032	-0.291735 
1103033	-0.293891 
1103034	-0.300541 
1103035	-0.312277 
1103036	-0.329458 
1103037	-0.352253 
1103038	-0.380664 
1103039	-0.414468 
1103040	-0.452981 
1103041	-0.494758 
1103042	-0.537239 
1103043	-0.576537 
1103044	-0.607740 
1103045	-0.626015 
1103046	-0.628059 
1103047	-0.613291 
1103048	-0.584107 
1103049	-0.545157 
1103050	-0.502059 
1103051	-0.460254 
1103052	-0.424278 
1103053	-0.397357 
1103054	-0.381173 
1103055	-0.375890 
1103056	-0.380538 
1103057	-0.393539 
1103058	-0.413158 
1103059	-0.437656 
1103060	-0.465231 
1103061	-0.493797 
1103062	-0.520777 
1103063	-0.543032 
1103064	-0.557177 
1103065	-0.560540 
1103066	-0.552407 
1103067	-0.534503 
1103068	-0.510372 
1103069	-0.484108 
1103070	-0.459245 
1103071	-0.438294 
1103072	-0.422816 
1103073	-0.413660 
1103074	-0.411085 
1103075	-0.414767 
1103076	-0.423797 
1103077	-0.436709 
1103078	-0.451629 
1103079	-0.466485 
1103080	-0.479260 
1103081	-0.488301 
1103082	-0.492573 
1103083	-0.491831 
1103084	-0.486608 
1103085	-0.478074 
1103086	-0.467781 
1103087	-0.457427 
1103088	-0.448676 
1103089	-0.443039 
1103090	-0.441761 
1103091	-0.445762 
1103092	-0.455525 
1103093	-0.470973 
1103094	-0.491268 
1103095	-0.514609 
1103096	-0.538178 
1103097	-0.558402 
1103098	-0.571556 
1103099	-0.574759 
1103100	-0.566756 
1103101	-0.548146 
1103102	-0.520996 
1103103	-0.488145 
1103104	-0.452710 
1103105	-0.417783 
1103106	-0.386320 
1103107	-0.361126 
1103108	-0.344803 
1103109	-0.339591 
1103110	-0.347032 
1103111	-0.367543 
1103112	-0.399992 
1103113	-0.441556 
1103114	-0.487790 
1103115	-0.532912 
1103116	-0.570389 
1103117	-0.594055 
1103118	-0.599562 
1103119	-0.585600 
1103120	-0.554006 
1103121	-0.508687 
1103122	-0.454168 
1103123	-0.394686 
1103124	-0.333990 
1103125	-0.275499 
1103126	-0.222503 
1103127	-0.178300 
1103128	-0.146173 
1103129	-0.129090 
1103130	-0.129192 
1103131	-0.147271 
1103132	-0.182579 
1103133	-0.232999 
1103134	-0.295452 
1103135	-0.366370 
1103136	-0.441933 
1103137	-0.517897 
1103138	-0.589044 
1103139	-0.648689 
1103140	-0.689358 
1103141	-0.704863 
1103142	-0.692811 
1103143	-0.655745 
1103144	-0.599969 
1103145	-0.533084 
1103146	-0.462124 
1103147	-0.392854 
1103148	-0.329785 
1103149	-0.276537 
1103150	-0.236167 
1103151	-0.211155 
1103152	-0.203098 
1103153	-0.212396 
1103154	-0.238100 
1103155	-0.278007 
1103156	-0.328943 
1103157	-0.387100 
1103158	-0.448207 
1103159	-0.507582 
1103160	-0.560238 
1103161	-0.601243 
1103162	-0.626376 
1103163	-0.633030 
1103164	-0.620961 
1103165	-0.592433 
1103166	-0.551575 
1103167	-0.503273 
1103168	-0.452167 
1103169	-0.402165 
1103170	-0.356542 
1103171	-0.318263 
1103172	-0.290086 
1103173	-0.274387 
1103174	-0.272756 
1103175	-0.285609 
1103176	-0.311929 
1103177	-0.349190 
1103178	-0.393529 
1103179	-0.440043 
1103180	-0.483140 
1103181	-0.516963 
1103182	-0.536181 
1103183	-0.537251 
1103184	-0.519596 
1103185	-0.485941 
1103186	-0.441571 
1103187	-0.393038 
1103188	-0.347019 
1103189	-0.309436 
1103190	-0.284791 
1103191	-0.275744 
1103192	-0.282933 
1103193	-0.305078 
1103194	-0.339344 
1103195	-0.381817 
1103196	-0.428013 
1103197	-0.473238 
1103198	-0.512865 
1103199	-0.542593 
1103200	-0.558933 
1103201	-0.559846 
1103202	-0.545140 
1103203	-0.516372 
1103204	-0.476319 
1103205	-0.428397 
1103206	-0.376281 
1103207	-0.323686 
1103208	-0.274185 
1103209	-0.231027 
1103210	-0.196884 
1103211	-0.173585 
1103212	-0.161867 
1103213	-0.161282 
1103214	-0.170312 
1103215	-0.186633 
1103216	-0.207465 
1103217	-0.229930 
1103218	-0.251353 
1103219	-0.269475 
1103220	-0.282543 
1103221	-0.289330 
1103222	-0.289128 
1103223	-0.281736 
1103224	-0.267426 
1103225	-0.246920 
1103226	-0.221332 
1103227	-0.192120 
1103228	-0.161053 
1103229	-0.130145 
1103230	-0.101519 
1103231	-0.077278 
1103232	-0.059341 
1103233	-0.049269 
1103234	-0.047988 
1103235	-0.055539 
1103236	-0.070926 
1103237	-0.092146 
1103238	-0.116462 
1103239	-0.140875 
1103240	-0.162612 
1103241	-0.179552 
1103242	-0.190448 
1103243	-0.194966 
1103244	-0.193593 
1103245	-0.187427 
1103246	-0.177973 
1103247	-0.166941 
1103248	-0.156091 
1103249	-0.147131 
1103250	-0.141669 
1103251	-0.141100 
1103252	-0.146462 
1103253	-0.158239 
1103254	-0.176189 
1103255	-0.199288 
1103256	-0.225815 
1103257	-0.253601 
1103258	-0.280338 
1103259	-0.303947 
1103260	-0.322906 
1103261	-0.336449 
1103262	-0.344562 
1103263	-0.347831 
1103264	-0.347206 
1103265	-0.343779 
1103266	-0.338598 
1103267	-0.332559 
1103268	-0.326349 
1103269	-0.320450 
1103270	-0.315096 
1103271	-0.310317 
1103272	-0.305936 
1103273	-0.301688 
1103274	-0.297387 
1103275	-0.293116 
1103276	-0.289337 
1103277	-0.286839 
1103278	-0.286495 
1103279	-0.288984 
1103280	-0.294497 
1103281	-0.302646 
1103282	-0.312530 
1103283	-0.322990 
1103284	-0.332918 
1103285	-0.341590 
1103286	-0.348837 
1103287	-0.355050 
1103288	-0.360998 
1103289	-0.367534 
1103290	-0.375293 
1103291	-0.384487 
1103292	-0.394836 
1103293	-0.405635 
1103294	-0.415980 
1103295	-0.424947 
1103296	-0.431715 
1103297	-0.435565 
1103298	-0.435854 
1103299	-0.432056 
1103300	-0.423897 
1103301	-0.411536 
1103302	-0.395712 
1103303	-0.377736 
1103304	-0.359335 
1103305	-0.342383 
1103306	-0.328580 
1103307	-0.319166 
1103308	-0.314757 
1103309	-0.315297 
1103310	-0.320073 
1103311	-0.327884 
1103312	-0.337283 
1103313	-0.346844 
1103314	-0.355401 
1103315	-0.362183 
1103316	-0.366822 
1103317	-0.369372 
1103318	-0.370233 
1103319	-0.370061 
1103320	-0.369653 
1103321	-0.369806 
1103322	-0.371184 
1103323	-0.374160 
1103324	-0.378640 
1103325	-0.383957 
1103326	-0.388905 
1103327	-0.391950 
1103328	-0.391578 
1103329	-0.386630 
1103330	-0.376506 
1103331	-0.361208 
1103332	-0.341183 
1103333	-0.317081 
1103334	-0.289549 
1103335	-0.259151 
1103336	-0.226349 
1103337	-0.191662 
1103338	-0.155774 
1103339	-0.119607 
1103340	-0.084271 
1103341	-0.050989 
1103342	-0.021013 
1103343	0.004443 
1103344	0.024251 
1103345	0.037428 
1103346	0.043201 
1103347	0.041115 
1103348	0.031151 
1103349	0.013829 
1103350	-0.009728 
1103351	-0.037829 
1103352	-0.068361 
1103353	-0.099037 
1103354	-0.127730 
1103355	-0.152790 
1103356	-0.173266 
1103357	-0.188931 
1103358	-0.200185 
1103359	-0.207848 
1103360	-0.212984 
1103361	-0.216736 
1103362	-0.220223 
1103363	-0.224433 
1103364	-0.230116 
1103365	-0.237661 
1103366	-0.247007 
1103367	-0.257560 
1103368	-0.268259 
1103369	-0.277710 
1103370	-0.284437 
1103371	-0.287149 
1103372	-0.284968 
1103373	-0.277577 
1103374	-0.265246 
1103375	-0.248823 
1103376	-0.229715 
1103377	-0.209819 
1103378	-0.191402 
1103379	-0.176873 
1103380	-0.168545 
1103381	-0.168390 
1103382	-0.177787 
1103383	-0.197260 
1103384	-0.226306 
1103385	-0.263333 
1103386	-0.305787 
1103387	-0.350366 
1103388	-0.393371 
1103389	-0.431100 
1103390	-0.460220 
1103391	-0.478073 
1103392	-0.482932 
1103393	-0.474153 
1103394	-0.452094 
1103395	-0.417894 
1103396	-0.373253 
1103397	-0.320477 
1103398	-0.262748 
1103399	-0.204355 
1103400	-0.150440 
1103401	-0.106278 
1103402	-0.076543 
1103403	-0.064580 
1103404	-0.071696 
1103405	-0.096859 
1103406	-0.137090 
1103407	-0.188267 
1103408	-0.245958 
1103409	-0.305992 
1103410	-0.364643 
1103411	-0.418488 
1103412	-0.464234 
1103413	-0.498809 
1103414	-0.519693 
1103415	-0.525419 
1103416	-0.516034 
1103417	-0.493209 
1103418	-0.459957 
1103419	-0.420076 
1103420	-0.377572 
1103421	-0.336130 
1103422	-0.298660 
1103423	-0.266991 
1103424	-0.241824 
1103425	-0.222954 
1103426	-0.209633 
1103427	-0.200912 
1103428	-0.195859 
1103429	-0.193610 
1103430	-0.193329 
1103431	-0.194158 
1103432	-0.195225 
1103433	-0.195729 
1103434	-0.195120 
1103435	-0.193265 
1103436	-0.190532 
1103437	-0.187730 
1103438	-0.185968 
1103439	-0.186426 
1103440	-0.190175 
1103441	-0.198043 
1103442	-0.210517 
1103443	-0.227617 
1103444	-0.248734 
1103445	-0.272524 
1103446	-0.296835 
1103447	-0.318840 
1103448	-0.335393 
1103449	-0.343527 
1103450	-0.340934 
1103451	-0.326314 
1103452	-0.299529 
1103453	-0.261615 
1103454	-0.214654 
1103455	-0.161588 
1103456	-0.105993 
1103457	-0.051990 
1103458	-0.004185 
1103459	0.032730 
1103460	0.054796 
1103461	0.059669 
1103462	0.047140 
1103463	0.019102 
1103464	-0.020888 
1103465	-0.068238 
1103466	-0.118026 
1103467	-0.165606 
1103468	-0.206970 
1103469	-0.238901 
1103470	-0.259019 
1103471	-0.265746 
1103472	-0.258224 
1103473	-0.236233 
1103474	-0.200103 
1103475	-0.150820 
1103476	-0.090336 
1103477	-0.022092 
1103478	0.048567 
1103479	0.114497 
1103480	0.167660 
1103481	0.200644 
1103482	0.208892 
1103483	0.192510 
1103484	0.156131 
1103485	0.107042 
1103486	0.053070 
1103487	0.000963 
1103488	-0.044388 
1103489	-0.079972 
1103490	-0.104183 
1103491	-0.116283 
1103492	-0.116033 
1103493	-0.103584 
1103494	-0.079506 
1103495	-0.045086 
1103496	-0.002685 
1103497	0.044083 
1103498	0.090521 
1103499	0.131316 
1103500	0.161253 
1103501	0.176163 
1103502	0.173921 
1103503	0.155087 
1103504	0.122771 
1103505	0.081749 
1103506	0.037330 
1103507	-0.005576 
1103508	-0.042963 
1103509	-0.071887 
1103510	-0.090475 
1103511	-0.097937 
1103512	-0.094480 
1103513	-0.081190 
1103514	-0.059952 
1103515	-0.033418 
1103516	-0.004950 
1103517	0.021600 
1103518	0.042368 
1103519	0.054151 
1103520	0.055039 
1103521	0.044890 
1103522	0.025439 
1103523	-0.000058 
1103524	-0.027566 
1103525	-0.053059 
1103526	-0.073102 
1103527	-0.085252 
1103528	-0.088255 
1103529	-0.082133 
1103530	-0.068202 
1103531	-0.049122 
1103532	-0.028794 
1103533	-0.011979 
1103534	-0.003573 
1103535	-0.007621 
1103536	-0.026423 
1103537	-0.060080 
1103538	-0.106688 
1103539	-0.162966 
1103540	-0.225025 
1103541	-0.289041 
1103542	-0.351645 
1103543	-0.409927 
1103544	-0.461113 
1103545	-0.502244 
1103546	-0.530157 
1103547	-0.541891 
1103548	-0.535481 
1103549	-0.510577 
1103550	-0.468550 
1103551	-0.412000 
1103552	-0.344179 
1103553	-0.268778 
1103554	-0.190099 
1103555	-0.113348 
1103556	-0.044828 
1103557	0.008433 
1103558	0.039723 
1103559	0.044306 
1103560	0.021170 
1103561	-0.026498 
1103562	-0.092604 
1103563	-0.169907 
1103564	-0.251255 
1103565	-0.330425 
1103566	-0.402408 
1103567	-0.463012 
1103568	-0.508627 
1103569	-0.536448 
1103570	-0.545125 
1103571	-0.535402 
1103572	-0.510182 
1103573	-0.473860 
1103574	-0.431396 
1103575	-0.387610 
1103576	-0.346801 
1103577	-0.312502 
1103578	-0.287271 
1103579	-0.272468 
1103580	-0.268128 
1103581	-0.272930 
1103582	-0.284432 
1103583	-0.299562 
1103584	-0.315256 
1103585	-0.329038 
1103586	-0.339333 
1103587	-0.345476 
1103588	-0.347453 
1103589	-0.345596 
1103590	-0.340337 
1103591	-0.332125 
1103592	-0.321450 
1103593	-0.308935 
1103594	-0.295363 
1103595	-0.281584 
1103596	-0.268362 
1103597	-0.256168 
1103598	-0.245086 
1103599	-0.234830 
1103600	-0.224837 
1103601	-0.214436 
1103602	-0.203008 
1103603	-0.190041 
1103604	-0.175146 
1103605	-0.158010 
1103606	-0.138408 
1103607	-0.116274 
1103608	-0.091752 
1103609	-0.065317 
1103610	-0.037855 
1103611	-0.010702 
1103612	0.014372 
1103613	0.035325 
1103614	0.050122 
1103615	0.057080 
1103616	0.055204 
1103617	0.044420 
1103618	0.025638 
1103619	0.000588 
1103620	-0.028500 
1103621	-0.059283 
1103622	-0.089675 
1103623	-0.118087 
1103624	-0.143596 
1103625	-0.165945 
1103626	-0.185460 
1103627	-0.202865 
1103628	-0.219104 
1103629	-0.235134 
1103630	-0.251831 
1103631	-0.269879 
1103632	-0.289778 
1103633	-0.311845 
1103634	-0.336220 
1103635	-0.362819 
1103636	-0.391222 
1103637	-0.420548 
1103638	-0.449318 
1103639	-0.475444 
1103640	-0.496350 
1103641	-0.509302 
1103642	-0.511871 
1103643	-0.502438 
1103644	-0.480544 
1103645	-0.447075 
1103646	-0.404131 
1103647	-0.354816 
1103648	-0.303004 
1103649	-0.253212 
1103650	-0.210307 
1103651	-0.178911 
1103652	-0.162567 
1103653	-0.163043 
1103654	-0.179933 
1103655	-0.210734 
1103656	-0.251434 
1103657	-0.297312 
1103658	-0.343717 
1103659	-0.386553 
1103660	-0.422487 
1103661	-0.448885 
1103662	-0.463808 
1103663	-0.466094 
1103664	-0.455550 
1103665	-0.433063 
1103666	-0.400604 
1103667	-0.361104 
1103668	-0.318252 
1103669	-0.276129 
1103670	-0.238752 
1103671	-0.209546 
1103672	-0.190900 
1103673	-0.183850 
1103674	-0.188037 
1103675	-0.201934 
1103676	-0.223217 
1103677	-0.249195 
1103678	-0.277120 
1103679	-0.304314 
1103680	-0.328257 
1103681	-0.346683 
1103682	-0.357752 
1103683	-0.360271 
1103684	-0.353794 
1103685	-0.338580 
1103686	-0.315367 
1103687	-0.285100 
1103688	-0.248721 
1103689	-0.207177 
1103690	-0.161633 
1103691	-0.113864 
1103692	-0.066593 
1103693	-0.023629 
1103694	0.010469 
1103695	0.031204 
1103696	0.035275 
1103697	0.021660 
1103698	-0.007873 
1103699	-0.049112 
1103700	-0.096477 
1103701	-0.144240 
1103702	-0.187564 
1103703	-0.223052 
1103704	-0.248775 
1103705	-0.263901 
1103706	-0.268299 
1103707	-0.262274 
1103708	-0.246568 
1103709	-0.222548 
1103710	-0.192449 
1103711	-0.159318 
1103712	-0.126626 
1103713	-0.097726 
1103714	-0.075325 
1103715	-0.061018 
1103716	-0.055069 
1103717	-0.056483 
1103718	-0.063374 
1103719	-0.073458 
1103720	-0.084528 
1103721	-0.094780 
1103722	-0.102937 
1103723	-0.108188 
1103724	-0.109983 
1103725	-0.107842 
1103726	-0.101380 
1103727	-0.090531 
1103728	-0.075855 
1103729	-0.058694 
1103730	-0.041051 
1103731	-0.025200 
1103732	-0.013161 
1103733	-0.006151 
1103734	-0.004303 
1103735	-0.006680 
1103736	-0.011609 
1103737	-0.017176 
1103738	-0.021635 
1103739	-0.023629 
1103740	-0.022221 
1103741	-0.016821 
1103742	-0.007200 
1103743	0.006403 
1103744	0.023056 
1103745	0.040975 
1103746	0.057619 
1103747	0.070090 
1103748	0.075817 
1103749	0.073291 
1103750	0.062596 
1103751	0.045502 
1103752	0.025030 
1103753	0.004686 
1103754	-0.012335 
1103755	-0.023754 
1103756	-0.028432 
1103757	-0.026274 
1103758	-0.017910 
1103759	-0.004461 
1103760	0.012576 
1103761	0.031229 
1103762	0.048973 
1103763	0.062817 
1103764	0.069687 
1103765	0.067050 
1103766	0.053564 
1103767	0.029445 
1103768	-0.003695 
1103769	-0.043289 
1103770	-0.086378 
1103771	-0.130087 
1103772	-0.171924 
1103773	-0.209873 
1103774	-0.242250 
1103775	-0.267467 
1103776	-0.283866 
1103777	-0.289724 
1103778	-0.283441 
1103779	-0.263941 
1103780	-0.231164 
1103781	-0.186547 
1103782	-0.133318 
1103783	-0.076407 
1103784	-0.021930 
1103785	0.023733 
1103786	0.055222 
1103787	0.069487 
1103788	0.066472 
1103789	0.048827 
1103790	0.020750 
1103791	-0.013333 
1103792	-0.049576 
1103793	-0.085023 
1103794	-0.117500 
1103795	-0.145390 
1103796	-0.167416 
1103797	-0.182719 
1103798	-0.191083 
1103799	-0.193139 
1103800	-0.190292 
1103801	-0.184357 
1103802	-0.176999 
1103803	-0.169157 
1103804	-0.160730 
1103805	-0.150680 
1103806	-0.137476 
1103807	-0.119718 
1103808	-0.096686 
1103809	-0.068657 
1103810	-0.036908 
1103811	-0.003519 
1103812	0.028932 
1103813	0.057672 
1103814	0.080068 
1103815	0.093933 
1103816	0.097813 
1103817	0.091263 
1103818	0.075005 
1103819	0.050954 
1103820	0.022010 
1103821	-0.008373 
1103822	-0.036677 
1103823	-0.059822 
1103824	-0.075626 
1103825	-0.083158 
1103826	-0.082766 
1103827	-0.075776 
1103828	-0.063969 
1103829	-0.049096 
1103830	-0.032587 
1103831	-0.015565 
1103832	0.000870 
1103833	0.015271 
1103834	0.025624 
1103835	0.029563 
1103836	0.024877 
1103837	0.010272 
1103838	-0.014051 
1103839	-0.046240 
1103840	-0.083245 
1103841	-0.121637 
1103842	-0.158410 
1103843	-0.191481 
1103844	-0.219776 
1103845	-0.243048 
1103846	-0.261482 
1103847	-0.275313 
1103848	-0.284550 
1103849	-0.288908 
1103850	-0.287985 
1103851	-0.281623 
1103852	-0.270235 
1103853	-0.254959 
1103854	-0.237448 
1103855	-0.219407 
1103856	-0.202124 
1103857	-0.186215 
1103858	-0.171560 
1103859	-0.157548 
1103860	-0.143410 
1103861	-0.128572 
1103862	-0.112840 
1103863	-0.096425 
1103864	-0.079809 
1103865	-0.063613 
1103866	-0.048546 
1103867	-0.035388 
1103868	-0.025025 
1103869	-0.018399 
1103870	-0.016395 
1103871	-0.019705 
1103872	-0.028628 
1103873	-0.042957 
1103874	-0.061932 
1103875	-0.084274 
1103876	-0.108300 
1103877	-0.132132 
1103878	-0.153997 
1103879	-0.172479 
1103880	-0.186696 
1103881	-0.196268 
1103882	-0.201155 
1103883	-0.201418 
1103884	-0.197048 
1103885	-0.187894 
1103886	-0.173835 
1103887	-0.155021 
1103888	-0.132055 
1103889	-0.105988 
1103890	-0.078146 
1103891	-0.049826 
1103892	-0.022166 
1103893	0.003829 
1103894	0.027069 
1103895	0.046127 
1103896	0.059090 
1103897	0.063683 
1103898	0.057663 
1103899	0.039358 
1103900	0.008152 
1103901	-0.035105 
1103902	-0.087988 
1103903	-0.146843 
1103904	-0.207461 
1103905	-0.265539 
1103906	-0.316861 
1103907	-0.357583 
1103908	-0.384584 
1103909	-0.395599 
1103910	-0.389215 
1103911	-0.364962 
1103912	-0.323547 
1103913	-0.267238 
1103914	-0.200240 
1103915	-0.128720 
1103916	-0.060248 
1103917	-0.002720 
1103918	0.037079 
1103919	0.055302 
1103920	0.052344 
1103921	0.032525 
1103922	0.002175 
1103923	-0.032499 
1103924	-0.066736 
1103925	-0.097592 
1103926	-0.123697 
1103927	-0.144672 
1103928	-0.160524 
1103929	-0.171275 
1103930	-0.176815 
1103931	-0.176950 
1103932	-0.171604 
1103933	-0.161001 
1103934	-0.145678 
1103935	-0.126378 
1103936	-0.103967 
1103937	-0.079402 
1103938	-0.053834 
1103939	-0.028791 
1103940	-0.006353 
1103941	0.010889 
1103942	0.020274 
1103943	0.019733 
1103944	0.008487 
1103945	-0.012577 
1103946	-0.041026 
1103947	-0.073397 
1103948	-0.105872 
1103949	-0.134971 
1103950	-0.158217 
1103951	-0.174458 
1103952	-0.183670 
1103953	-0.186501 
1103954	-0.183797 
1103955	-0.176298 
1103956	-0.164622 
1103957	-0.149511 
1103958	-0.132097 
1103959	-0.114038 
1103960	-0.097329 
1103961	-0.083982 
1103962	-0.075712 
1103963	-0.073666 
1103964	-0.078271 
1103965	-0.089260 
1103966	-0.105849 
1103967	-0.126929 
1103968	-0.151276 
1103969	-0.177564 
1103970	-0.204375 
1103971	-0.230136 
1103972	-0.253132 
1103973	-0.271538 
1103974	-0.283602 
1103975	-0.287973 
1103976	-0.284098 
1103977	-0.272405 
1103978	-0.254309 
1103979	-0.232045 
1103980	-0.208360 
1103981	-0.186062 
1103982	-0.167595 
1103983	-0.154757 
1103984	-0.148583 
1103985	-0.149280 
1103986	-0.156196 
1103987	-0.167888 
1103988	-0.182258 
1103989	-0.196661 
1103990	-0.208202 
1103991	-0.214295 
1103992	-0.213210 
1103993	-0.204402 
1103994	-0.188600 
1103995	-0.167699 
1103996	-0.144450 
1103997	-0.121977 
1103998	-0.103241 
1103999	-0.090509 
1104000	-0.085031 
1104001	-0.087037 
1104002	-0.095959 
1104003	-0.110725 
1104004	-0.130074 
1104005	-0.152617 
1104006	-0.176726 
1104007	-0.200540 
1104008	-0.222212 
1104009	-0.240286 
1104010	-0.254078 
1104011	-0.263872 
1104012	-0.270803 
1104013	-0.276380 
1104014	-0.281807 
1104015	-0.287482 
1104016	-0.292833 
1104017	-0.296601 
1104018	-0.297292 
1104019	-0.293737 
1104020	-0.285449 
1104021	-0.272681 
1104022	-0.256164 
1104023	-0.236687 
1104024	-0.214707 
1104025	-0.190267 
1104026	-0.163236 
1104027	-0.133775 
1104028	-0.102810 
1104029	-0.072239 
1104030	-0.044679 
1104031	-0.022948 
1104032	-0.009447 
1104033	-0.005635 
1104034	-0.011848 
1104035	-0.027391 
1104036	-0.050806 
1104037	-0.080276 
1104038	-0.113875 
1104039	-0.149624 
1104040	-0.185389 
1104041	-0.218675 
1104042	-0.246638 
1104043	-0.266385 
1104044	-0.275410 
1104045	-0.272082 
1104046	-0.256012 
1104047	-0.228281 
1104048	-0.191482 
1104049	-0.149524 
1104050	-0.107158 
1104051	-0.069355 
1104052	-0.040559 
1104053	-0.023964 
1104054	-0.020936 
1104055	-0.030900 
1104056	-0.051638 
1104057	-0.079751 
1104058	-0.111189 
1104059	-0.141733 
1104060	-0.167526 
1104061	-0.185504 
1104062	-0.193737 
1104063	-0.191672 
1104064	-0.180171 
1104065	-0.161345 
1104066	-0.138152 
1104067	-0.113843 
1104068	-0.091387 
1104069	-0.073034 
1104070	-0.060120 
1104071	-0.053097 
1104072	-0.051715 
1104073	-0.055254 
1104074	-0.062715 
1104075	-0.072902 
1104076	-0.084459 
1104077	-0.095892 
1104078	-0.105610 
1104079	-0.111991 
1104080	-0.113467 
1104081	-0.108650 
1104082	-0.096500 
1104083	-0.076506 
1104084	-0.048850 
1104085	-0.014560 
1104086	0.024349 
1104087	0.064844 
1104088	0.103113 
1104089	0.134986 
1104090	0.156457 
1104091	0.164332 
1104092	0.156925 
1104093	0.134435 
1104094	0.098812 
1104095	0.053189 
1104096	0.001272 
1104097	-0.053032 
1104098	-0.105802 
1104099	-0.153397 
1104100	-0.192689 
1104101	-0.221097 
1104102	-0.236485 
1104103	-0.237205 
1104104	-0.222286 
1104105	-0.191627 
1104106	-0.146181 
1104107	-0.088162 
1104108	-0.021369 
1104109	0.048510 
1104110	0.114032 
1104111	0.166649 
1104112	0.198064 
1104113	0.202792 
1104114	0.180794 
1104115	0.137729 
1104116	0.082629 
1104117	0.024940 
1104118	-0.027362 
1104119	-0.068608 
1104120	-0.095624 
1104121	-0.107503 
1104122	-0.105192 
1104123	-0.091030 
1104124	-0.068309 
1104125	-0.040874 
1104126	-0.012716 
1104127	0.012452 
1104128	0.031671 
1104129	0.043105 
1104130	0.046227 
1104131	0.041785 
1104132	0.031649 
1104133	0.018512 
1104134	0.005467 
1104135	-0.004506 
1104136	-0.009029 
1104137	-0.006698 
1104138	0.002698 
1104139	0.018200 
1104140	0.037824 
1104141	0.058839 
1104142	0.078114 
1104143	0.092508 
1104144	0.099243 
1104145	0.096206 
1104146	0.082208 
1104147	0.057124 
1104148	0.021914 
1104149	-0.021497 
1104150	-0.070429 
1104151	-0.121742 
1104152	-0.172205 
1104153	-0.218700 
1104154	-0.258257 
1104155	-0.287946 
1104156	-0.304897 
1104157	-0.306472 
1104158	-0.290656 
1104159	-0.256528 
1104160	-0.204744 
1104161	-0.137921 
1104162	-0.061132 
1104163	0.017947 
1104164	0.089629 
1104165	0.143385 
1104166	0.170369 
1104167	0.167011 
1104168	0.136470 
1104169	0.086599 
1104170	0.026419 
1104171	-0.036242 
1104172	-0.095642 
1104173	-0.148207 
1104174	-0.192078 
1104175	-0.226476 
1104176	-0.251141 
1104177	-0.265975 
1104178	-0.271033 
1104179	-0.266732 
1104180	-0.254049 
1104181	-0.234489 
1104182	-0.209740 
1104183	-0.181345 
1104184	-0.150644 
1104185	-0.118830 
1104186	-0.087123 
1104187	-0.057005 
1104188	-0.030471 
1104189	-0.010073 
1104190	0.001306 
1104191	0.001040 
1104192	-0.012487 
1104193	-0.039219 
1104194	-0.077131 
1104195	-0.122400 
1104196	-0.170026 
1104197	-0.214719 
1104198	-0.251876 
1104199	-0.278229 
1104200	-0.291997 
1104201	-0.292620 
1104202	-0.280350 
1104203	-0.255839 
1104204	-0.219888 
1104205	-0.173431 
1104206	-0.117919 
1104207	-0.056037 
1104208	0.007680 
1104209	0.066770 
1104210	0.113414 
1104211	0.139950 
1104212	0.141400 
1104213	0.117712 
1104214	0.073920 
1104215	0.017964 
1104216	-0.041679 
1104217	-0.097633 
1104218	-0.145057 
1104219	-0.181814 
1104220	-0.207625 
1104221	-0.223049 
1104222	-0.228795 
1104223	-0.225447 
1104224	-0.213589 
1104225	-0.194154 
1104226	-0.168783 
1104227	-0.140030 
1104228	-0.111112 
1104229	-0.085106 
1104230	-0.064213 
1104231	-0.049444 
1104232	-0.040604 
1104233	-0.036594 
1104234	-0.035963 
1104235	-0.037466 
1104236	-0.040397 
1104237	-0.044643 
1104238	-0.050508 
1104239	-0.058429 
1104240	-0.068745 
1104241	-0.081578 
1104242	-0.096839 
1104243	-0.114333 
1104244	-0.133875 
1104245	-0.155295 
1104246	-0.178253 
1104247	-0.202034 
1104248	-0.225493 
1104249	-0.247146 
1104250	-0.265383 
1104251	-0.278761 
1104252	-0.286278 
1104253	-0.287562 
1104254	-0.282857 
1104255	-0.272805 
1104256	-0.258116 
1104257	-0.239341 
1104258	-0.216896 
1104259	-0.191198 
1104260	-0.162892 
1104261	-0.133167 
1104262	-0.103923 
1104263	-0.077574 
1104264	-0.056470 
1104265	-0.042227 
1104266	-0.035280 
1104267	-0.034889 
1104268	-0.039494 
1104269	-0.047294 
1104270	-0.056799 
1104271	-0.067213 
1104272	-0.078447 
1104273	-0.090833 
1104274	-0.104703 
1104275	-0.120002 
1104276	-0.136208 
1104277	-0.152507 
1104278	-0.168122 
1104279	-0.182623 
1104280	-0.195938 
1104281	-0.208075 
1104282	-0.218757 
1104283	-0.227147 
1104284	-0.231753 
1104285	-0.230665 
1104286	-0.222033 
1104287	-0.204648 
1104288	-0.178405 
1104289	-0.144539 
1104290	-0.105611 
1104291	-0.065298 
1104292	-0.027923 
1104293	0.002178 
1104294	0.021464 
1104295	0.027885 
1104296	0.021232 
1104297	0.003041 
1104298	-0.023816 
1104299	-0.055689 
1104300	-0.088759 
1104301	-0.119517 
1104302	-0.145002 
1104303	-0.162884 
1104304	-0.171582 
1104305	-0.170452 
1104306	-0.159968 
1104307	-0.141697 
1104308	-0.118055 
1104309	-0.091784 
1104310	-0.065227 
1104311	-0.039829 
1104312	-0.016253 
1104313	0.005147 
1104314	0.023880 
1104315	0.039070 
1104316	0.049509 
1104317	0.053988 
1104318	0.051665 
1104319	0.042342 
1104320	0.026421 
1104321	0.004636 
1104322	-0.022268 
1104323	-0.053664 
1104324	-0.088964 
1104325	-0.127338 
1104326	-0.167255 
1104327	-0.206053 
1104328	-0.240210 
1104329	-0.266219 
1104330	-0.281137 
1104331	-0.282794 
1104332	-0.269953 
1104333	-0.242256 
1104334	-0.200067 
1104335	-0.144427 
1104336	-0.077408 
1104337	-0.002966 
1104338	0.072291 
1104339	0.138993 
1104340	0.185106 
1104341	0.198207 
1104342	0.171416 
1104343	0.107954 
1104344	0.019559 
1104345	-0.079600 
1104346	-0.177548 
1104347	-0.264797 
1104348	-0.334373 
1104349	-0.382208 
1104350	-0.406796 
1104351	-0.408609 
1104352	-0.389519 
1104353	-0.352060 
1104354	-0.298867 
1104355	-0.232620 
1104356	-0.156761 
1104357	-0.076665 
1104358	-0.000124 
1104359	0.062997 
1104360	0.102019 
1104361	0.109238 
1104362	0.084283 
1104363	0.034501 
1104364	-0.028700 
1104365	-0.093848 
1104366	-0.151736 
1104367	-0.196545 
1104368	-0.225841 
1104369	-0.239703 
1104370	-0.239688 
1104371	-0.227937 
1104372	-0.206694 
1104373	-0.178253 
1104374	-0.145264 
1104375	-0.111047 
1104376	-0.079600 
1104377	-0.055192 
1104378	-0.041513 
1104379	-0.040664 
1104380	-0.052328 
1104381	-0.073637 
1104382	-0.099743 
1104383	-0.124944 
1104384	-0.143919 
1104385	-0.152753 
1104386	-0.149456 
1104387	-0.133967 
1104388	-0.107762 
1104389	-0.073314 
1104390	-0.033681 
1104391	0.007563 
1104392	0.046193 
1104393	0.077520 
1104394	0.097255 
1104395	0.102748 
1104396	0.093920 
1104397	0.073330 
1104398	0.045420 
1104399	0.015522 
1104400	-0.011096 
1104401	-0.030028 
1104402	-0.038412 
1104403	-0.035327 
1104404	-0.021752 
1104405	-0.000199 
1104406	0.025818 
1104407	0.052329 
1104408	0.075370 
1104409	0.091390 
1104410	0.097632 
1104411	0.092436 
1104412	0.075470 
1104413	0.047817 
1104414	0.011919 
1104415	-0.028582 
1104416	-0.069111 
1104417	-0.104724 
1104418	-0.130875 
1104419	-0.144055 
1104420	-0.142270 
1104421	-0.125247 
1104422	-0.094358 
1104423	-0.052339 
1104424	-0.002987 
1104425	0.049124 
1104426	0.098761 
1104427	0.140316 
1104428	0.168570 
1104429	0.179913 
1104430	0.173497 
1104431	0.151575 
1104432	0.118784 
1104433	0.080931 
1104434	0.043933 
1104435	0.013048 
1104436	-0.007822 
1104437	-0.016637 
1104438	-0.013502 
1104439	-0.000581 
1104440	0.018318 
1104441	0.038476 
1104442	0.055174 
1104443	0.064628 
1104444	0.064648 
1104445	0.054882 
1104446	0.036514 
1104447	0.011591 
1104448	-0.017641 
1104449	-0.048993 
1104450	-0.080208 
1104451	-0.108701 
1104452	-0.131580 
1104453	-0.146050 
1104454	-0.149999 
1104455	-0.142538 
1104456	-0.124291 
1104457	-0.097307 
1104458	-0.064571 
1104459	-0.029366 
1104460	0.005301 
1104461	0.037010 
1104462	0.063948 
1104463	0.084792 
1104464	0.098609 
1104465	0.104884 
1104466	0.103629 
1104467	0.095587 
1104468	0.082340 
1104469	0.066247 
1104470	0.050131 
1104471	0.036785 
1104472	0.028420 
1104473	0.026237 
1104474	0.030297 
1104475	0.039693 
1104476	0.052912 
1104477	0.068199 
1104478	0.083792 
1104479	0.097982 
1104480	0.109084 
1104481	0.115391 
1104482	0.115293 
1104483	0.107576 
1104484	0.091851 
1104485	0.068952 
1104486	0.041009 
1104487	0.011179 
1104488	-0.016975 
1104489	-0.040272 
1104490	-0.056620 
1104491	-0.065388 
1104492	-0.067283 
1104493	-0.063780 
1104494	-0.056389 
1104495	-0.046054 
1104496	-0.032951 
1104497	-0.016694 
1104498	0.003119 
1104499	0.026380 
1104500	0.052106 
1104501	0.078483 
1104502	0.103165 
1104503	0.123796 
1104504	0.138462 
1104505	0.146012 
1104506	0.146122 
1104507	0.139175 
1104508	0.125962 
1104509	0.107434 
1104510	0.084591 
1104511	0.058552 
1104512	0.030726 
1104513	0.002932 
1104514	-0.022718 
1104515	-0.044158 
1104516	-0.059888 
1104517	-0.069323 
1104518	-0.072930 
1104519	-0.072009 
1104520	-0.068239 
1104521	-0.063239 
1104522	-0.058266 
1104523	-0.054152 
1104524	-0.051429 
1104525	-0.050571 
1104526	-0.052126 
1104527	-0.056600 
1104528	-0.064156 
1104529	-0.074251 
1104530	-0.085469 
1104531	-0.095582 
1104532	-0.101895 
1104533	-0.101753 
1104534	-0.093098 
1104535	-0.074896 
1104536	-0.047337 
1104537	-0.011828 
1104538	0.029172 
1104539	0.072359 
1104540	0.113765 
1104541	0.148908 
1104542	0.172947 
1104543	0.181368 
1104544	0.171243 
1104545	0.142446 
1104546	0.097845 
1104547	0.042517 
1104548	-0.017305 
1104549	-0.075197 
1104550	-0.125366 
1104551	-0.163336 
1104552	-0.186329 
1104553	-0.193319 
1104554	-0.184879 
1104555	-0.162755 
1104556	-0.129438 
1104557	-0.087842 
1104558	-0.041301 
1104559	0.006303 
1104560	0.050455 
1104561	0.086144 
1104562	0.108439 
1104563	0.113647 
1104564	0.100616 
1104565	0.071415 
1104566	0.030980 
1104567	-0.014130 
1104568	-0.056990 
1104569	-0.091297 
1104570	-0.112214 
1104571	-0.116885 
1104572	-0.104426 
1104573	-0.075662 
1104574	-0.032947 
1104575	0.019865 
1104576	0.077345 
1104577	0.132494 
1104578	0.177050 
1104579	0.202603 
1104580	0.202950 
1104581	0.176678 
1104582	0.127890 
1104583	0.064438 
1104584	-0.004653 
1104585	-0.070930 
1104586	-0.127640 
1104587	-0.170309 
1104588	-0.196729 
1104589	-0.206429 
1104590	-0.200055 
1104591	-0.178913 
1104592	-0.144729 
1104593	-0.099780 
1104594	-0.047245 
1104595	0.008416 
1104596	0.061481 
1104597	0.105604 
1104598	0.134959 
1104599	0.145783 
1104600	0.137854 
1104601	0.114774 
1104602	0.082817 
1104603	0.049092 
1104604	0.019933 
1104605	-0.000148 
1104606	-0.008788 
1104607	-0.005591 
1104608	0.008249 
1104609	0.030283 
1104610	0.057014 
1104611	0.084005 
1104612	0.106084 
1104613	0.117879 
1104614	0.114855 
1104615	0.094635 
1104616	0.057820 
1104617	0.007832 
1104618	-0.050077 
1104619	-0.109954 
1104620	-0.166018 
1104621	-0.213297 
1104622	-0.247960 
1104623	-0.267426 
1104624	-0.270320 
1104625	-0.256372 
1104626	-0.226335 
1104627	-0.182032 
1104628	-0.126461 
1104629	-0.063958 
1104630	-0.000145 
1104631	0.058387 
1104632	0.104682 
1104633	0.132770 
1104634	0.139725 
1104635	0.127025 
1104636	0.100111 
1104637	0.066568 
1104638	0.034243 
1104639	0.009937 
1104640	-0.001380 
1104641	0.003133 
1104642	0.024207 
1104643	0.060508 
1104644	0.108525 
1104645	0.162406 
1104646	0.214046 
1104647	0.253819 
1104648	0.272479 
1104649	0.264417 
1104650	0.230300 
1104651	0.176617 
1104652	0.112546 
1104653	0.047140 
1104654	-0.011767 
1104655	-0.058006 
1104656	-0.087289 
1104657	-0.097064 
1104658	-0.086307 
1104659	-0.055562 
1104660	-0.007225 
1104661	0.054033 
1104662	0.121078 
1104663	0.184774 
1104664	0.234876 
1104665	0.261908 
1104666	0.260593 
1104667	0.232613 
1104668	0.185830 
1104669	0.130552 
1104670	0.076249 
1104671	0.030313 
1104672	-0.002174 
1104673	-0.018387 
1104674	-0.017506 
1104675	-0.000469 
1104676	0.030070 
1104677	0.069823 
1104678	0.113096 
1104679	0.153372 
1104680	0.184167 
1104681	0.200350 
1104682	0.199520 
1104683	0.182672 
1104684	0.153665 
1104685	0.117862 
1104686	0.080694 
1104687	0.046738 
1104688	0.019302 
1104689	0.000416 
1104690	-0.008955 
1104691	-0.008664 
1104692	0.000742 
1104693	0.018022 
1104694	0.041256 
1104695	0.068050 
1104696	0.095780 
1104697	0.121849 
1104698	0.143995 
1104699	0.160624 
1104700	0.171001 
1104701	0.175286 
1104702	0.174293 
1104703	0.169197 
1104704	0.161250 
1104705	0.151593 
1104706	0.141169 
1104707	0.130663 
1104708	0.120465 
1104709	0.110617 
1104710	0.100776 
1104711	0.090247 
1104712	0.078112 
1104713	0.063540 
1104714	0.046182 
1104715	0.026443 
1104716	0.005504 
1104717	-0.014898 
1104718	-0.032831 
1104719	-0.046531 
1104720	-0.054714 
1104721	-0.056716 
1104722	-0.052478 
1104723	-0.042425 
1104724	-0.027474 
1104725	-0.009025 
1104726	0.011075 
1104727	0.030688 
1104728	0.047528 
1104729	0.059334 
1104730	0.064233 
1104731	0.061244 
1104732	0.050664 
1104733	0.034039 
1104734	0.013819 
1104735	-0.007242 
1104736	-0.026686 
1104737	-0.042772 
1104738	-0.054687 
1104739	-0.062454 
1104740	-0.066628 
1104741	-0.067896 
1104742	-0.066774 
1104743	-0.063425 
1104744	-0.057709 
1104745	-0.049355 
1104746	-0.038178 
1104747	-0.024232 
1104748	-0.007875 
1104749	0.010271 
1104750	0.029296 
1104751	0.047978 
1104752	0.064777 
1104753	0.077943 
1104754	0.085773 
1104755	0.086956 
1104756	0.080960 
1104757	0.068309 
1104758	0.050620 
1104759	0.030320 
1104760	0.010144 
1104761	-0.007341 
1104762	-0.020087 
1104763	-0.026784 
1104764	-0.026923 
1104765	-0.020803 
1104766	-0.009466 
1104767	0.005363 
1104768	0.021378 
1104769	0.035899 
1104770	0.046147 
1104771	0.049617 
1104772	0.044514 
1104773	0.030163 
1104774	0.007266 
1104775	-0.022066 
1104776	-0.054615 
1104777	-0.086553 
1104778	-0.114041 
1104779	-0.133715 
1104780	-0.142994 
1104781	-0.140353 
1104782	-0.125450 
1104783	-0.099099 
1104784	-0.063152 
1104785	-0.020399 
1104786	0.025536 
1104787	0.070432 
1104788	0.109929 
1104789	0.140087 
1104790	0.158015 
1104791	0.162405 
1104792	0.153789 
1104793	0.134349 
1104794	0.107380 
1104795	0.076641 
1104796	0.045791 
1104797	0.017982 
1104798	-0.004425 
1104799	-0.019976 
1104800	-0.028027 
1104801	-0.028551 
1104802	-0.021971 
1104803	-0.009069 
1104804	0.008991 
1104805	0.030597 
1104806	0.053731 
1104807	0.076136 
1104808	0.095609 
1104809	0.110312 
1104810	0.119107 
1104811	0.121743 
1104812	0.118819 
1104813	0.111515 
1104814	0.101288 
1104815	0.089656 
1104816	0.078099 
1104817	0.068040 
1104818	0.060850 
1104819	0.057772 
1104820	0.059798 
1104821	0.067489 
1104822	0.080794 
1104823	0.098858 
1104824	0.120017 
1104825	0.141930 
1104826	0.161877 
1104827	0.177146 
1104828	0.185470 
1104829	0.185386 
1104830	0.176470 
1104831	0.159371 
1104832	0.135655 
1104833	0.107522 
1104834	0.077419 
1104835	0.047710 
1104836	0.020400 
1104837	-0.003021 
1104838	-0.021667 
1104839	-0.035319 
1104840	-0.044429 
1104841	-0.050048 
1104842	-0.053664 
1104843	-0.056910 
1104844	-0.061274 
1104845	-0.067808 
1104846	-0.076860 
1104847	-0.088006 
1104848	-0.100133 
1104849	-0.111791 
1104850	-0.121563 
1104851	-0.128384 
1104852	-0.131685 
1104853	-0.131399 
1104854	-0.127876 
1104855	-0.121807 
1104856	-0.114152 
1104857	-0.106080 
1104858	-0.098887 
1104859	-0.093810 
1104860	-0.091866 
1104861	-0.093628 
1104862	-0.099112 
1104863	-0.107765 
1104864	-0.118596 
1104865	-0.130433 
1104866	-0.142192 
1104867	-0.153086 
1104868	-0.162713 
1104869	-0.171002 
1104870	-0.178085 
1104871	-0.184085 
1104872	-0.188893 
1104873	-0.192001 
1104874	-0.192598 
1104875	-0.189825 
1104876	-0.183087 
1104877	-0.172208 
1104878	-0.157401 
1104879	-0.139140 
1104880	-0.118062 
1104881	-0.094952 
1104882	-0.070769 
1104883	-0.046753 
1104884	-0.024442 
1104885	-0.005562 
1104886	0.008278 
1104887	0.016044 
1104888	0.017757 
1104889	0.014649 
1104890	0.009053 
1104891	0.004005 
1104892	0.002588 
1104893	0.007285 
1104894	0.019545 
1104895	0.039623 
1104896	0.066554 
1104897	0.098231 
1104898	0.131526 
1104899	0.162571 
1104900	0.187189 
1104901	0.201473 
1104902	0.202449 
1104903	0.188756 
1104904	0.161154 
1104905	0.122513 
1104906	0.077276 
1104907	0.030586 
1104908	-0.012510 
1104909	-0.047628 
1104910	-0.071394 
1104911	-0.081683 
1104912	-0.077784 
1104913	-0.060474 
1104914	-0.032017 
1104915	0.003930 
1104916	0.042544 
1104917	0.078231 
1104918	0.105328 
1104919	0.119033 
1104920	0.116465 
1104921	0.097493 
1104922	0.064881 
1104923	0.023627 
1104924	-0.020185 
1104925	-0.060458 
1104926	-0.091834 
1104927	-0.110230 
1104928	-0.113044 
1104929	-0.099186 
1104930	-0.069064 
1104931	-0.024744 
1104932	0.029713 
1104933	0.088000 
1104934	0.141636 
1104935	0.180629 
1104936	0.195274 
1104937	0.179604 
1104938	0.134446 
1104939	0.067074 
1104940	-0.012327 
1104941	-0.093921 
1104942	-0.169281 
1104943	-0.231650 
1104944	-0.276166 
1104945	-0.299658 
1104946	-0.300421 
1104947	-0.278086 
1104948	-0.233537 
1104949	-0.169047 
1104950	-0.088716 
1104951	0.000709 
1104952	0.089383 
1104953	0.164704 
1104954	0.212942 
1104955	0.224102 
1104956	0.197738 
1104957	0.143577 
1104958	0.076140 
1104959	0.009133 
1104960	-0.046689 
1104961	-0.084216 
1104962	-0.099699 
1104963	-0.091959 
1104964	-0.061726 
1104965	-0.011520 
1104966	0.054018 
1104967	0.127506 
1104968	0.198537 
1104969	0.254137 
1104970	0.280716 
1104971	0.268900 
1104972	0.218633 
1104973	0.139166 
1104974	0.043752 
1104975	-0.054858 
1104976	-0.145796 
1104977	-0.221077 
1104978	-0.275567 
1104979	-0.306154 
1104980	-0.311282 
1104981	-0.290898 
1104982	-0.246438 
1104983	-0.180899 
1104984	-0.099229 
1104985	-0.009107 
1104986	0.078696 
1104987	0.150613 
1104988	0.192029 
1104989	0.193079 
1104990	0.154823 
1104991	0.088914 
1104992	0.011119 
1104993	-0.064294 
1104994	-0.126361 
1104995	-0.167773 
1104996	-0.184526 
1104997	-0.175325 
1104998	-0.141220 
1104999	-0.085679 
1105000	-0.014973 
1105001	0.061415 
1105002	0.130906 
1105003	0.178628 
1105004	0.191076 
1105005	0.162609 
1105006	0.098824 
1105007	0.012972 
1105008	-0.080687 
1105009	-0.170398 
1105010	-0.247232 
1105011	-0.304703 
1105012	-0.338412 
1105013	-0.345780 
1105014	-0.325986 
1105015	-0.279990 
1105016	-0.210566 
1105017	-0.122440 
1105018	-0.022744 
1105019	0.078593 
1105020	0.169028 
1105021	0.234287 
1105022	0.262273 
1105023	0.249336 
1105024	0.202704 
1105025	0.136244 
1105026	0.064173 
1105027	-0.002083 
1105028	-0.054265 
1105029	-0.087051 
1105030	-0.097470 
1105031	-0.084296 
1105032	-0.047964 
1105033	0.008923 
1105034	0.080826 
1105035	0.158713 
1105036	0.230206 
1105037	0.280939 
1105038	0.298271 
1105039	0.277272 
1105040	0.223622 
1105041	0.149997 
1105042	0.070102 
1105043	-0.004414 
1105044	-0.064741 
1105045	-0.104913 
1105046	-0.121152 
1105047	-0.111269 
1105048	-0.074695 
1105049	-0.013150 
1105050	0.068245 
1105051	0.160161 
1105052	0.249235 
1105053	0.318657 
1105054	0.352101 
1105055	0.341822 
1105056	0.293397 
1105057	0.221851 
1105058	0.143525 
1105059	0.071284 
1105060	0.013943 
1105061	-0.023281 
1105062	-0.037935 
1105063	-0.029379 
1105064	0.001648 
1105065	0.052772 
1105066	0.119209 
1105067	0.192837 
1105068	0.261912 
1105069	0.312271 
1105070	0.330556 
1105071	0.309968 
1105072	0.253852 
1105073	0.173115 
1105074	0.080672 
1105075	-0.012077 
1105076	-0.096609 
1105077	-0.167532 
1105078	-0.221919 
1105079	-0.258337 
1105080	-0.276038 
1105081	-0.274484 
1105082	-0.253202 
1105083	-0.212033 
1105084	-0.151604 
1105085	-0.074059 
1105086	0.016000 
1105087	0.110798 
1105088	0.199850 
1105089	0.270962 
1105090	0.311723 
1105091	0.314666 
1105092	0.281907 
1105093	0.224029 
1105094	0.154456 
1105095	0.084715 
1105096	0.022951 
1105097	-0.025955 
1105098	-0.059885 
1105099	-0.078829 
1105100	-0.084339 
1105101	-0.079150 
1105102	-0.066931 
1105103	-0.052008 
1105104	-0.038832 
1105105	-0.031210 
1105106	-0.031688 
1105107	-0.041199 
1105108	-0.059076 
1105109	-0.083369 
1105110	-0.111320 
1105111	-0.139839 
1105112	-0.165833 
1105113	-0.186316 
1105114	-0.198449 
1105115	-0.199714 
1105116	-0.188288 
1105117	-0.163566 
1105118	-0.126641 
1105119	-0.080593 
1105120	-0.030485 
1105121	0.017061 
1105122	0.054850 
1105123	0.076779 
1105124	0.079694 
1105125	0.064360 
1105126	0.034864 
1105127	-0.003092 
1105128	-0.043757 
1105129	-0.082063 
1105130	-0.113994 
1105131	-0.136708 
1105132	-0.148350 
1105133	-0.147792 
1105134	-0.134598 
1105135	-0.109328 
1105136	-0.074061 
1105137	-0.032853 
1105138	0.008272 
1105139	0.041980 
1105140	0.061139 
1105141	0.061081 
1105142	0.041296 
1105143	0.005529 
1105144	-0.039702 
1105145	-0.086769 
1105146	-0.128400 
1105147	-0.158970 
1105148	-0.174939 
1105149	-0.174470 
1105150	-0.156895 
1105151	-0.122345 
1105152	-0.071830 
1105153	-0.007730 
1105154	0.065436 
1105155	0.140655 
1105156	0.208995 
1105157	0.260858 
1105158	0.288208 
1105159	0.287941 
1105160	0.263522 
1105161	0.223258 
1105162	0.177179 
1105163	0.134585 
1105164	0.102490 
1105165	0.085141 
1105166	0.084368 
1105167	0.100147 
1105168	0.131044 
1105169	0.174256 
1105170	0.225422 
1105171	0.278376 
1105172	0.325339 
1105173	0.357984 
1105174	0.369282 
1105175	0.355686 
1105176	0.318685 
1105177	0.264378 
1105178	0.201556 
1105179	0.139794 
1105180	0.087555 
1105181	0.051066 
1105182	0.034179 
1105183	0.038510 
1105184	0.063576 
1105185	0.106752 
1105186	0.163055 
1105187	0.225037 
1105188	0.282937 
1105189	0.324956 
1105190	0.339459 
1105191	0.319862 
1105192	0.268428 
1105193	0.195254 
1105194	0.113663 
1105195	0.035973 
1105196	-0.028173 
1105197	-0.071915 
1105198	-0.091299 
1105199	-0.085059 
1105200	-0.054220 
1105201	-0.001950 
1105202	0.066172 
1105203	0.141832 
1105204	0.214131 
1105205	0.270331 
1105206	0.297529 
1105207	0.287213 
1105208	0.239890 
1105209	0.164743 
1105210	0.074669 
1105211	-0.017875 
1105212	-0.102341 
1105213	-0.170846 
1105214	-0.218100 
1105215	-0.240718 
1105216	-0.236803 
1105217	-0.205971 
1105218	-0.149653 
1105219	-0.071731 
1105220	0.020521 
1105221	0.115893 
1105222	0.199725 
1105223	0.254877 
1105224	0.266558 
1105225	0.230491 
1105226	0.155841 
1105227	0.059416 
1105228	-0.042147 
1105229	-0.135375 
1105230	-0.210521 
1105231	-0.261301 
1105232	-0.283857 
1105233	-0.276030 
1105234	-0.237209 
1105235	-0.168604 
1105236	-0.074141 
1105237	0.037965 
1105238	0.154283 
1105239	0.255744 
1105240	0.317964 
1105241	0.321767 
1105242	0.266028 
1105243	0.168156 
1105244	0.051592 
1105245	-0.065055 
1105246	-0.168473 
1105247	-0.250169 
1105248	-0.305348 
1105249	-0.331109 
1105250	-0.325722 
1105251	-0.288763 
1105252	-0.221488 
1105253	-0.127348 
1105254	-0.013276 
1105255	0.108659 
1105256	0.221345 
1105257	0.302759 
1105258	0.331424 
1105259	0.299674 
1105260	0.219552 
1105261	0.114205 
1105262	0.004900 
1105263	-0.093085 
1105264	-0.169797 
1105265	-0.219929 
1105266	-0.241208 
1105267	-0.233107 
1105268	-0.196395 
1105269	-0.133309 
1105270	-0.048121 
1105271	0.051873 
1105272	0.156047 
1105273	0.251386 
1105274	0.322633 
1105275	0.355544 
1105276	0.344394 
1105277	0.295420 
1105278	0.222762 
1105279	0.141328 
1105280	0.063099 
1105281	-0.003140 
1105282	-0.051394 
1105283	-0.077836 
1105284	-0.080288 
1105285	-0.058181 
1105286	-0.012980 
1105287	0.051083 
1105288	0.126281 
1105289	0.201281 
1105290	0.262222 
1105291	0.295278 
1105292	0.292165 
1105293	0.255106 
1105294	0.195471 
1105295	0.127515 
1105296	0.063530 
1105297	0.012536 
1105298	-0.019806 
1105299	-0.030855 
1105300	-0.020417 
1105301	0.009579 
1105302	0.054997 
1105303	0.109346 
1105304	0.163968 
1105305	0.208849 
1105306	0.234667 
1105307	0.236098 
1105308	0.214128 
1105309	0.175444 
1105310	0.129440 
1105311	0.085246 
1105312	0.050376 
1105313	0.030191 
1105314	0.027600 
1105315	0.043080 
1105316	0.074806 
1105317	0.118685 
1105318	0.168345 
1105319	0.215249 
1105320	0.249258 
1105321	0.260642 
1105322	0.243737 
1105323	0.199803 
1105324	0.136309 
1105325	0.063445 
1105326	-0.008789 
1105327	-0.071908 
1105328	-0.119645 
1105329	-0.148038 
1105330	-0.155097 
1105331	-0.140615 
1105332	-0.106158 
1105333	-0.055224 
1105334	0.006538 
1105335	0.071357 
1105336	0.129909 
1105337	0.172592 
1105338	0.191794 
1105339	0.184735 
1105340	0.154809 
1105341	0.110021 
1105342	0.060029 
1105343	0.014012 
1105344	-0.020417 
1105345	-0.037875 
1105346	-0.035415 
1105347	-0.012517 
1105348	0.028817 
1105349	0.083861 
1105350	0.145190 
1105351	0.202931 
1105352	0.245417 
1105353	0.261467 
1105354	0.244693 
1105355	0.196833 
1105356	0.126848 
1105357	0.046647 
1105358	-0.032650 
1105359	-0.101989 
1105360	-0.154604 
1105361	-0.186158 
1105362	-0.194596 
1105363	-0.179893 
1105364	-0.144041 
1105365	-0.091190 
1105366	-0.027818 
1105367	0.037423 
1105368	0.094585 
1105369	0.134007 
1105370	0.148387 
1105371	0.134892 
1105372	0.096013 
1105373	0.038392 
1105374	-0.029333 
1105375	-0.098555 
1105376	-0.161897 
1105377	-0.213604 
1105378	-0.249653 
1105379	-0.267685 
1105380	-0.266632 
1105381	-0.246386 
1105382	-0.207574 
1105383	-0.151464 
1105384	-0.080185 
1105385	0.002523 
1105386	0.090541 
1105387	0.175219 
1105388	0.244885 
1105389	0.285479 
1105390	0.286013 
1105391	0.245304 
1105392	0.173062 
1105393	0.084359 
1105394	-0.006420 
1105395	-0.087803 
1105396	-0.151528 
1105397	-0.192446 
1105398	-0.208068 
1105399	-0.198267 
1105400	-0.165273 
1105401	-0.113656 
1105402	-0.050034 
1105403	0.017380 
1105404	0.079511 
1105405	0.127774 
1105406	0.155816 
1105407	0.161119 
1105408	0.145652 
1105409	0.115035 
1105410	0.076806 
1105411	0.038822 
1105412	0.008277 
1105413	-0.008795 
1105414	-0.007966 
1105415	0.013310 
1105416	0.055441 
1105417	0.116308 
1105418	0.190683 
1105419	0.270196 
1105420	0.343975 
1105421	0.399820 
1105422	0.427064 
1105423	0.420848 
1105424	0.384351 
1105425	0.326806 
1105426	0.259456 
1105427	0.192740 
1105428	0.135063 
1105429	0.092383 
1105430	0.068319 
1105431	0.064371 
1105432	0.079974 
1105433	0.112322 
1105434	0.156128 
1105435	0.203829 
1105436	0.246598 
1105437	0.275926 
1105438	0.285582 
1105439	0.273452 
1105440	0.242030 
1105441	0.197192 
1105442	0.146254 
1105443	0.096411 
1105444	0.053716 
1105445	0.022602 
1105446	0.005860 
1105447	0.004852 
1105448	0.019718 
1105449	0.049451 
1105450	0.091771 
1105451	0.142908 
1105452	0.197456 
1105453	0.248594 
1105454	0.288713 
1105455	0.310642 
1105456	0.309526 
1105457	0.284624 
1105458	0.239706 
1105459	0.181572 
1105460	0.117822 
1105461	0.055093 
1105462	-0.001739 
1105463	-0.049681 
1105464	-0.087322 
1105465	-0.114369 
1105466	-0.131295 
1105467	-0.139103 
1105468	-0.139155 
1105469	-0.133021 
1105470	-0.122267 
1105471	-0.108304 
1105472	-0.092270 
1105473	-0.074940 
1105474	-0.056778 
1105475	-0.038047 
1105476	-0.019017 
1105477	-0.000088 
1105478	0.018211 
1105479	0.035323 
1105480	0.050857 
1105481	0.064891 
1105482	0.078156 
1105483	0.091894 
1105484	0.107380 
1105485	0.125400 
1105486	0.145836 
1105487	0.167490 
1105488	0.188149 
1105489	0.204913 
1105490	0.214710 
1105491	0.214939 
1105492	0.204068 
1105493	0.182026 
1105494	0.150200 
1105495	0.111110 
1105496	0.067886 
1105497	0.023849 
1105498	-0.017713 
1105499	-0.053745 
1105500	-0.081753 
1105501	-0.100157 
1105502	-0.108534 
1105503	-0.107766 
1105504	-0.100011 
1105505	-0.088383 
1105506	-0.076432 
1105507	-0.067533 
1105508	-0.064308 
1105509	-0.068173 
1105510	-0.079121 
1105511	-0.095764 
1105512	-0.115617 
1105513	-0.135467 
1105514	-0.151742 
1105515	-0.160866 
1105516	-0.159623 
1105517	-0.145507 
1105518	-0.117026 
1105519	-0.074119 
1105520	-0.018712 
1105521	0.044847 
1105522	0.109746 
1105523	0.167000 
1105524	0.206422 
1105525	0.219520 
1105526	0.203296 
1105527	0.161676 
1105528	0.103075 
1105529	0.036690 
1105530	-0.029440 
1105531	-0.089241 
1105532	-0.138927 
1105533	-0.176477 
1105534	-0.200847 
1105535	-0.211368 
1105536	-0.207485 
1105537	-0.188771 
1105538	-0.155238 
1105539	-0.107772 
1105540	-0.048670 
1105541	0.017856 
1105542	0.085511 
1105543	0.146592 
1105544	0.192997 
1105545	0.217593 
1105546	0.216826 
1105547	0.192701 
1105548	0.152021 
1105549	0.103678 
1105550	0.056290 
1105551	0.017051 
1105552	-0.008669 
1105553	-0.017323 
1105554	-0.007166 
1105555	0.021517 
1105556	0.066049 
1105557	0.121299 
1105558	0.180064 
1105559	0.233788 
1105560	0.274196 
1105561	0.295681 
1105562	0.297135 
1105563	0.281908 
1105564	0.255997 
1105565	0.225882 
1105566	0.197039 
1105567	0.173311 
1105568	0.156878 
1105569	0.148489 
1105570	0.147689 
1105571	0.152969 
1105572	0.161861 
1105573	0.171188 
1105574	0.177565 
1105575	0.178052 
1105576	0.171036 
1105577	0.157081 
1105578	0.139048 
1105579	0.121271 
1105580	0.108394 
1105581	0.104332 
1105582	0.111421 
1105583	0.129897 
1105584	0.157666 
1105585	0.190394 
1105586	0.221936 
1105587	0.245161 
1105588	0.253314 
1105589	0.241790 
1105590	0.209635 
1105591	0.159779 
1105592	0.097877 
1105593	0.030803 
1105594	-0.034534 
1105595	-0.092197 
1105596	-0.137601 
1105597	-0.167495 
1105598	-0.179752 
1105599	-0.173178 
1105600	-0.147432 
1105601	-0.103078 
1105602	-0.041868 
1105603	0.032664 
1105604	0.114257 
1105605	0.193251 
1105606	0.257038 
1105607	0.291733 
1105608	0.286681 
1105609	0.240557 
1105610	0.162507 
1105611	0.066635 
1105612	-0.033411 
1105613	-0.126124 
1105614	-0.203071 
1105615	-0.258757 
1105616	-0.290038 
1105617	-0.295855 
1105618	-0.277237 
1105619	-0.237348 
1105620	-0.181300 
1105621	-0.115785 
1105622	-0.048685 
1105623	0.011705 
1105624	0.057879 
1105625	0.084191 
1105626	0.087793 
1105627	0.069096 
1105628	0.031354 
1105629	-0.020438 
1105630	-0.080744 
1105631	-0.144229 
1105632	-0.205972 
1105633	-0.261431 
1105634	-0.306654 
1105635	-0.338587 
1105636	-0.355166 
1105637	-0.355319 
1105638	-0.338949 
1105639	-0.306807 
1105640	-0.260390 
1105641	-0.202026 
1105642	-0.135225 
1105643	-0.065048 
1105644	0.001776 
1105645	0.056983 
1105646	0.091569 
1105647	0.098387 
1105648	0.075590 
1105649	0.027857 
1105650	-0.035684 
1105651	-0.104599 
1105652	-0.169538 
1105653	-0.223570 
1105654	-0.262365 
1105655	-0.283845 
1105656	-0.287707 
1105657	-0.274917 
1105658	-0.247296 
1105659	-0.207397 
1105660	-0.158633 
1105661	-0.105458 
1105662	-0.053258 
1105663	-0.007832 
1105664	0.025510 
1105665	0.043161 
1105666	0.044455 
1105667	0.032102 
1105668	0.011435 
1105669	-0.011082 
1105670	-0.029250 
1105671	-0.038060 
1105672	-0.034175 
1105673	-0.016081 
1105674	0.015884 
1105675	0.059387 
1105676	0.109871 
1105677	0.160417 
1105678	0.201926 
1105679	0.224620 
1105680	0.221344 
1105681	0.190698 
1105682	0.137402 
1105683	0.069770 
1105684	-0.003335 
1105685	-0.074171 
1105686	-0.136719 
1105687	-0.187021 
1105688	-0.222838 
1105689	-0.242995 
1105690	-0.246778 
1105691	-0.233576 
1105692	-0.202906 
1105693	-0.154723 
1105694	-0.090110 
1105695	-0.012239 
1105696	0.072695 
1105697	0.155266 
1105698	0.223745 
1105699	0.265805 
1105700	0.272604 
1105701	0.243582 
1105702	0.186885 
1105703	0.114932 
1105704	0.039489 
1105705	-0.030294 
1105706	-0.087955 
1105707	-0.129548 
1105708	-0.153278 
1105709	-0.158957 
1105710	-0.147546 
1105711	-0.120946 
1105712	-0.081936 
1105713	-0.034163 
1105714	0.018047 
1105715	0.069934 
1105716	0.116488 
1105717	0.152820 
1105718	0.174819 
1105719	0.179928 
1105720	0.167756 
1105721	0.140231 
1105722	0.101202 
1105723	0.055606 
1105724	0.008611 
1105725	-0.034781 
1105726	-0.069794 
1105727	-0.092302 
1105728	-0.099242 
1105729	-0.088769 
1105730	-0.060392 
1105731	-0.015257 
1105732	0.043536 
1105733	0.110601 
1105734	0.178155 
1105735	0.236358 
1105736	0.274518 
1105737	0.283840 
1105738	0.261140 
1105739	0.210541 
1105740	0.141435 
1105741	0.064429 
1105742	-0.011491 
1105743	-0.079419 
1105744	-0.134444 
1105745	-0.173762 
1105746	-0.196279 
1105747	-0.202129 
1105748	-0.192450 
1105749	-0.169264 
1105750	-0.135435 
1105751	-0.094549 
1105752	-0.050793 
1105753	-0.008633 
1105754	0.027626 
1105755	0.054338 
1105756	0.068989 
1105757	0.070875 
1105758	0.061606 
1105759	0.044872 
1105760	0.025533 
1105761	0.008576 
1105762	-0.001657 
1105763	-0.002038 
1105764	0.008920 
1105765	0.030825 
1105766	0.061270 
1105767	0.095875 
1105768	0.128611 
1105769	0.152561 
1105770	0.161260 
1105771	0.150410 
1105772	0.119199 
1105773	0.070397 
1105774	0.009246 
1105775	-0.057860 
1105776	-0.124740 
1105777	-0.186483 
1105778	-0.239467 
1105779	-0.280990 
1105780	-0.309093 
1105781	-0.322468 
1105782	-0.320471 
1105783	-0.303228 
1105784	-0.271705 
1105785	-0.227722 
1105786	-0.173927 
1105787	-0.113720 
1105788	-0.051145 
1105789	0.009171 
1105790	0.062322 
1105791	0.103750 
1105792	0.130277 
1105793	0.140943 
1105794	0.137353 
1105795	0.123373 
1105796	0.104296 
1105797	0.085823 
1105798	0.073087 
1105799	0.069798 
1105800	0.077754 
1105801	0.096603 
1105802	0.123847 
1105803	0.155066 
1105804	0.184545 
1105805	0.206270 
1105806	0.214979 
1105807	0.207187 
1105808	0.182021 
1105809	0.141238 
1105810	0.088456 
1105811	0.027954 
1105812	-0.036165 
1105813	-0.100240 
1105814	-0.160917 
1105815	-0.215043 
1105816	-0.259666 
1105817	-0.291976 
1105818	-0.309287 
1105819	-0.309083 
1105820	-0.289146 
1105821	-0.247681 
1105822	-0.183524 
1105823	-0.096594 
1105824	0.010827 
1105825	0.132041 
1105826	0.254635 
1105827	0.359994 
1105828	0.424001 
1105829	0.428025 
1105830	0.371870 
1105831	0.273864 
1105832	0.158234 
1105833	0.043945 
1105834	-0.056444 
1105835	-0.135492 
1105836	-0.189842 
1105837	-0.218907 
1105838	-0.223736 
1105839	-0.206407 
1105840	-0.169815 
1105841	-0.117549 
1105842	-0.053999 
1105843	0.015433 
1105844	0.084721 
1105845	0.147627 
1105846	0.197808 
1105847	0.229390 
1105848	0.238074 
1105849	0.222306 
1105850	0.183890 
1105851	0.127548 
1105852	0.059695 
1105853	-0.012788 
1105854	-0.083496 
1105855	-0.147296 
1105856	-0.200440 
1105857	-0.240270 
1105858	-0.264844 
1105859	-0.272739 
1105860	-0.263065 
1105861	-0.235632 
1105862	-0.191312 
1105863	-0.132637 
1105864	-0.064570 
1105865	0.005187 
1105866	0.066808 
1105867	0.109212 
1105868	0.122570 
1105869	0.102892 
1105870	0.054122 
1105871	-0.014191 
1105872	-0.091180 
1105873	-0.167487 
1105874	-0.235870 
1105875	-0.291419 
1105876	-0.331449 
1105877	-0.354964 
1105878	-0.362183 
1105879	-0.354269 
1105880	-0.333204 
1105881	-0.301597 
1105882	-0.262408 
1105883	-0.218564 
1105884	-0.172796 
1105885	-0.127469 
1105886	-0.084249 
1105887	-0.044160 
1105888	-0.008025 
1105889	0.023309 
1105890	0.048966 
1105891	0.068128 
1105892	0.080154 
1105893	0.084782 
1105894	0.082264 
1105895	0.073496 
1105896	0.059965 
1105897	0.043522 
1105898	0.026118 
1105899	0.009692 
1105900	-0.003953 
1105901	-0.013455 
1105902	-0.018118 
1105903	-0.017975 
1105904	-0.013695 
1105905	-0.006488 
1105906	0.002052 
1105907	0.010112 
1105908	0.015938 
1105909	0.018184 
1105910	0.016233 
1105911	0.010475 
1105912	0.002402 
1105913	-0.005612 
1105914	-0.010802 
1105915	-0.010615 
1105916	-0.003363 
1105917	0.011322 
1105918	0.032272 
1105919	0.056822 
1105920	0.081045 
1105921	0.100255 
1105922	0.109786 
1105923	0.105977 
1105924	0.087126 
1105925	0.053970 
1105926	0.009409 
1105927	-0.042251 
1105928	-0.095989 
1105929	-0.146812 
1105930	-0.190608 
1105931	-0.224481 
1105932	-0.246561 
1105933	-0.255755 
1105934	-0.251600 
1105935	-0.234190 
1105936	-0.204207 
1105937	-0.163087 
1105938	-0.113332 
1105939	-0.058626 
1105940	-0.003555 
1105941	0.046638 
1105942	0.086566 
1105943	0.111810 
1105944	0.120063 
1105945	0.111680 
1105946	0.089421 
1105947	0.057564 
1105948	0.020891 
1105949	-0.016036 
1105950	-0.049309 
1105951	-0.075861 
1105952	-0.093534 
1105953	-0.100973 
1105954	-0.097458 
1105955	-0.082811 
1105956	-0.057462 
1105957	-0.022590 
1105958	0.019691 
1105959	0.066193 
1105960	0.112635 
1105961	0.153917 
1105962	0.184678 
1105963	0.200088 
1105964	0.196821 
1105965	0.174026 
1105966	0.133778 
1105967	0.080610 
1105968	0.020415 
1105969	-0.040546 
1105970	-0.096368 
1105971	-0.142234 
1105972	-0.174805 
1105973	-0.192125 
1105974	-0.193372 
1105975	-0.178741 
1105976	-0.149471 
1105977	-0.107981 
1105978	-0.058110 
1105979	-0.005268 
1105980	0.043914 
1105981	0.082735 
1105982	0.105776 
1105983	0.109938 
1105984	0.095202 
1105985	0.064541 
1105986	0.022959 
1105987	-0.023790 
1105988	-0.070341 
1105989	-0.112315 
1105990	-0.146444 
1105991	-0.170421 
1105992	-0.182837 
1105993	-0.183277 
1105994	-0.172536 
1105995	-0.152724 
1105996	-0.127104 
1105997	-0.099784 
1105998	-0.075342 
1105999	-0.058196 
1106000	-0.051836 
1106001	-0.058306 
1106002	-0.078012 
1106003	-0.109881 
1106004	-0.151676 
1106005	-0.200312 
1106006	-0.252105 
1106007	-0.303075 
1106008	-0.349260 
1106009	-0.386885 
1106010	-0.412563 
1106011	-0.423636 
1106012	-0.418478 
1106013	-0.396551 
1106014	-0.358233 
1106015	-0.304650 
1106016	-0.237750 
1106017	-0.160710 
1106018	-0.078473 
1106019	0.001918 
1106020	0.071490 
1106021	0.120534 
1106022	0.141091 
1106023	0.129880 
1106024	0.089583 
1106025	0.027189 
1106026	-0.048814 
1106027	-0.130449 
1106028	-0.211696 
1106029	-0.289223 
1106030	-0.361748 
1106031	-0.428804 
1106032	-0.489782 
1106033	-0.543530 
1106034	-0.588343 
1106035	-0.622302 
1106036	-0.643722 
1106037	-0.651552 
1106038	-0.645646 
1106039	-0.626790 
1106040	-0.596509 
1106041	-0.556757 
1106042	-0.509594 
1106043	-0.456916 
1106044	-0.400255 
1106045	-0.340839 
1106046	-0.279897 
1106047	-0.219036 
1106048	-0.160596 
1106049	-0.107902 
1106050	-0.065119 
1106051	-0.036645 
1106052	-0.026272 
1106053	-0.036152 
1106054	-0.065985 
1106055	-0.112965 
1106056	-0.172503 
1106057	-0.239114 
1106058	-0.307040 
1106059	-0.370750 
1106060	-0.425423 
1106061	-0.467138 
1106062	-0.492898 
1106063	-0.500724 
1106064	-0.489833 
1106065	-0.460694 
1106066	-0.414770 
1106067	-0.354130 
1106068	-0.281320 
1106069	-0.199601 
1106070	-0.113299 
1106071	-0.028230 
1106072	0.048131 
1106073	0.107150 
1106074	0.140829 
1106075	0.144798 
1106076	0.120442 
1106077	0.074046 
1106078	0.013791 
1106079	-0.052580 
1106080	-0.118344 
1106081	-0.178391 
1106082	-0.229598 
1106083	-0.270395 
1106084	-0.300168 
1106085	-0.318918 
1106086	-0.327065 
1106087	-0.325240 
1106088	-0.314061 
1106089	-0.293927 
1106090	-0.264916 
1106091	-0.226919 
1106092	-0.179954 
1106093	-0.124689 
1106094	-0.062908 
1106095	0.002103 
1106096	0.065481 
1106097	0.121200 
1106098	0.162967 
1106099	0.185494 
1106100	0.185943 
1106101	0.164972 
1106102	0.126499 
1106103	0.076343 
1106104	0.020745 
1106105	-0.034625 
1106106	-0.085297 
1106107	-0.128184 
1106108	-0.161364 
1106109	-0.183858 
1106110	-0.195517 
1106111	-0.197015 
1106112	-0.189815 
1106113	-0.176006 
1106114	-0.157930 
1106115	-0.137824 
1106116	-0.117597 
1106117	-0.098805 
1106118	-0.082707 
1106119	-0.070414 
1106120	-0.063028 
1106121	-0.061688 
1106122	-0.067420 
1106123	-0.080783 
1106124	-0.101469 
1106125	-0.128102 
1106126	-0.158334 
1106127	-0.189218 
1106128	-0.217660 
1106129	-0.240955 
1106130	-0.257300 
1106131	-0.265960 
1106132	-0.267056 
1106133	-0.261255 
1106134	-0.249538 
1106135	-0.233181 
1106136	-0.213843 
1106137	-0.193633 
1106138	-0.175008 
1106139	-0.160413 
1106140	-0.151737 
1106141	-0.149827 
1106142	-0.154184 
1106143	-0.163039 
1106144	-0.173742 
1106145	-0.183416 
1106146	-0.189517 
1106147	-0.190266 
1106148	-0.184792 
1106149	-0.173059 
1106150	-0.155657 
1106151	-0.133617 
1106152	-0.108329 
1106153	-0.081543 
1106154	-0.055411 
1106155	-0.032499 
1106156	-0.015587 
1106157	-0.007323 
1106158	-0.009746 
1106159	-0.023809 
1106160	-0.049131 
1106161	-0.084011 
1106162	-0.125775 
1106163	-0.171257 
1106164	-0.217308 
1106165	-0.261139 
1106166	-0.300448 
1106167	-0.333315 
1106168	-0.358019 
1106169	-0.372996 
1106170	-0.376990 
1106171	-0.369358 
1106172	-0.350414 
1106173	-0.321685 
1106174	-0.285892 
1106175	-0.246575 
1106176	-0.207481 
1106177	-0.172059 
1106178	-0.143198 
1106179	-0.123082 
1106180	-0.113174 
1106181	-0.114300 
1106182	-0.126697 
1106183	-0.149948 
1106184	-0.182854 
1106185	-0.223322 
1106186	-0.268250 
1106187	-0.313698 
1106188	-0.355275 
1106189	-0.388691 
1106190	-0.410386 
1106191	-0.418098 
1106192	-0.411087 
1106193	-0.389915 
1106194	-0.355992 
1106195	-0.311158 
1106196	-0.257523 
1106197	-0.197553 
1106198	-0.134343 
1106199	-0.071762 
1106200	-0.014324 
1106201	0.033306 
1106202	0.066987 
1106203	0.083971 
1106204	0.083603 
1106205	0.067513 
1106206	0.039159 
1106207	0.002980 
1106208	-0.036429 
1106209	-0.074937 
1106210	-0.109166 
1106211	-0.136519 
1106212	-0.155107 
1106213	-0.163620 
1106214	-0.161274 
1106215	-0.147783 
1106216	-0.123347 
1106217	-0.088714 
1106218	-0.045248 
1106219	0.004906 
1106220	0.058641 
1106221	0.111803 
1106222	0.159404 
1106223	0.196280 
1106224	0.218061 
1106225	0.222383 
1106226	0.209770 
1106227	0.183591 
1106228	0.149152 
1106229	0.112486 
1106230	0.079345 
1106231	0.054417 
1106232	0.040865 
1106233	0.040111 
1106234	0.051761 
1106235	0.073551 
1106236	0.101408 
1106237	0.129886 
1106238	0.152924 
1106239	0.164965 
1106240	0.162234 
1106241	0.143790 
1106242	0.111760 
1106243	0.070629 
1106244	0.026009 
1106245	-0.016530 
1106246	-0.052248 
1106247	-0.077588 
1106248	-0.090236 
1106249	-0.089065 
1106250	-0.074176 
1106251	-0.047103 
1106252	-0.011054 
1106253	0.029132 
1106254	0.067486 
1106255	0.097576 
1106256	0.113634 
1106257	0.112123 
1106258	0.092850 
1106259	0.058916 
1106260	0.015632 
1106261	-0.030966 
1106262	-0.075209 
1106263	-0.112431 
1106264	-0.139220 
1106265	-0.153291 
1106266	-0.153261 
1106267	-0.138521 
1106268	-0.109404 
1106269	-0.067583 
1106270	-0.016548 
1106271	0.038217 
1106272	0.089395 
1106273	0.128445 
1106274	0.147203 
1106275	0.140520 
1106276	0.108351 
1106277	0.055584 
1106278	-0.010270 
1106279	-0.081597 
1106280	-0.152125 
1106281	-0.217374 
1106282	-0.274510 
1106283	-0.322025 
1106284	-0.359298 
1106285	-0.386177 
1106286	-0.402706 
1106287	-0.409069 
1106288	-0.405614 
1106289	-0.392851 
1106290	-0.371388 
1106291	-0.341873 
1106292	-0.304947 
1106293	-0.261275 
1106294	-0.211777 
1106295	-0.157846 
1106296	-0.101632 
1106297	-0.046246 
1106298	0.004361 
1106299	0.046113 
1106300	0.075598 
1106301	0.090687 
1106302	0.091003 
1106303	0.078050 
1106304	0.054788 
1106305	0.024864 
1106306	-0.008202 
1106307	-0.041638 
1106308	-0.073772 
1106309	-0.104151 
1106310	-0.133448 
1106311	-0.163170 
1106312	-0.195214 
1106313	-0.231310 
1106314	-0.272497 
1106315	-0.318751 
1106316	-0.369004 
1106317	-0.421358 
1106318	-0.473253 
1106319	-0.521451 
1106320	-0.562109 
1106321	-0.591132 
1106322	-0.605076 
1106323	-0.602216 
1106324	-0.583221 
1106325	-0.551000 
1106326	-0.509835 
1106327	-0.464313 
1106328	-0.418595 
1106329	-0.375974 
1106330	-0.338661 
1106331	-0.307665 
1106332	-0.282827 
1106333	-0.263043 
1106334	-0.246659 
1106335	-0.231959 
1106336	-0.217513 
1106337	-0.202332 
1106338	-0.185812 
1106339	-0.167605 
1106340	-0.147550 
1106341	-0.125740 
1106342	-0.102680 
1106343	-0.079432 
1106344	-0.057666 
1106345	-0.039500 
1106346	-0.027123 
1106347	-0.022288 
1106348	-0.025859 
1106349	-0.037556 
1106350	-0.056007 
1106351	-0.079036 
1106352	-0.104068 
1106353	-0.128536 
1106354	-0.150161 
1106355	-0.167100 
1106356	-0.177998 
1106357	-0.182007 
1106358	-0.178851 
1106359	-0.168907 
1106360	-0.153254 
1106361	-0.133603 
1106362	-0.112106 
1106363	-0.091053 
1106364	-0.072536 
1106365	-0.058119 
1106366	-0.048628 
1106367	-0.044112 
1106368	-0.043959 
1106369	-0.047086 
1106370	-0.052133 
1106371	-0.057509 
1106372	-0.061410 
1106373	-0.061926 
1106374	-0.057282 
1106375	-0.046128 
1106376	-0.027877 
1106377	-0.002967 
1106378	0.026977 
1106379	0.059169 
1106380	0.089867 
1106381	0.114842 
1106382	0.130070 
1106383	0.132593 
1106384	0.121263 
1106385	0.097040 
1106386	0.062710 
1106387	0.022228 
1106388	-0.019984 
1106389	-0.059529 
1106390	-0.092392 
1106391	-0.115153 
1106392	-0.125122 
1106393	-0.120417 
1106394	-0.100104 
1106395	-0.064390 
1106396	-0.014858 
1106397	0.045359 
1106398	0.111492 
1106399	0.177331 
1106400	0.235721 
1106401	0.279613 
1106402	0.303624 
1106403	0.305700 
1106404	0.287836 
1106405	0.255306 
1106406	0.215090 
1106407	0.174289 
1106408	0.138928 
1106409	0.113266 
1106410	0.099752 
1106411	0.099319 
1106412	0.111697 
1106413	0.135621 
1106414	0.168991 
1106415	0.208954 
1106416	0.251959 
1106417	0.293850 
1106418	0.330129 
1106419	0.356459 
1106420	0.369344 
1106421	0.366896 
1106422	0.349334 
1106423	0.319038 
1106424	0.280018 
1106425	0.237156 
1106426	0.195409 
1106427	0.159224 
1106428	0.132172 
1106429	0.116762 
1106430	0.114346 
1106431	0.124995 
1106432	0.147366 
1106433	0.178580 
1106434	0.214243 
1106435	0.248760 
1106436	0.276035 
1106437	0.290516 
1106438	0.288328 
1106439	0.268262 
1106440	0.232124 
1106441	0.184246 
1106442	0.130424 
1106443	0.076745 
1106444	0.028686 
1106445	-0.009277 
1106446	-0.033713 
1106447	-0.042227 
1106448	-0.033512 
1106449	-0.007529 
1106450	0.034132 
1106451	0.087812 
1106452	0.147447 
1106453	0.204693 
1106454	0.249627 
1106455	0.272231 
1106456	0.265148 
1106457	0.226772 
1106458	0.161891 
1106459	0.079264 
1106460	-0.011467 
1106461	-0.101527 
1106462	-0.184046 
1106463	-0.254459 
1106464	-0.309917 
1106465	-0.348603 
1106466	-0.369469 
1106467	-0.372324 
1106468	-0.357929 
1106469	-0.328018 
1106470	-0.285149 
1106471	-0.232566 
1106472	-0.174120 
1106473	-0.114302 
1106474	-0.058254 
1106475	-0.011546 
1106476	0.020442 
1106477	0.033611 
1106478	0.026496 
1106479	0.000967 
1106480	-0.038257 
1106481	-0.084942 
1106482	-0.132714 
1106483	-0.176016 
1106484	-0.210727 
1106485	-0.234480 
1106486	-0.246614 
1106487	-0.247857 
1106488	-0.239898 
1106489	-0.224973 
1106490	-0.205599 
1106491	-0.184388 
1106492	-0.163938 
1106493	-0.146715 
1106494	-0.134752 
1106495	-0.129286 
1106496	-0.130401 
1106497	-0.136811 
1106498	-0.145894 
1106499	-0.154050 
1106500	-0.157309 
1106501	-0.152078 
1088001	-0.480705 
1088002	-0.481686 
1088003	-0.465514 
1088004	-0.432720 
1088005	-0.385290 
1088006	-0.326423 
1088007	-0.260248 
1088008	-0.191541 
1088009	-0.125560 
1088010	-0.067799 
1088011	-0.023351 
1088012	0.003918 
1088013	0.012075 
1088014	0.001463 
1088015	-0.025450 
1088016	-0.064668 
1088017	-0.111341 
1088018	-0.160302 
1088019	-0.206547 
1088020	-0.245605 
1088021	-0.273773 
1088022	-0.288299 
1088023	-0.287537 
1088024	-0.271043 
1088025	-0.239471 
1088026	-0.194396 
1088027	-0.138100 
1088028	-0.073617 
1088029	-0.004974 
1088030	0.062612 
1088031	0.122874 
1088032	0.169086 
1088033	0.195106 
1088034	0.197135 
1088035	0.175393 
1088036	0.134323 
1088037	0.081242 
1088038	0.024460 
1088039	-0.028351 
1088040	-0.071296 
1088041	-0.100711 
1088042	-0.114964 
1088043	-0.113929 
1088044	-0.098436 
1088045	-0.069994 
1088046	-0.030796 
1088047	0.015951 
1088048	0.065758 
1088049	0.112891 
1088050	0.150915 
1088051	0.173755 
1088052	0.177197 
1088053	0.160274 
1088054	0.125678 
1088055	0.078853 
1088056	0.026615 
1088057	-0.024193 
1088058	-0.067886 
1088059	-0.100632 
1088060	-0.120406 
1088061	-0.126520 
1088062	-0.119059 
1088063	-0.098568 
1088064	-0.066018 
1088065	-0.023078 
1088066	0.027410 
1088067	0.081077 
1088068	0.132043 
1088069	0.173557 
1088070	0.199304 
1088071	0.205131 
1088072	0.190549 
1088073	0.159076 
1088074	0.117095 
1088075	0.071983 
1088076	0.030490 
1088077	-0.002203 
1088078	-0.022811 
1088079	-0.029861 
1088080	-0.023441 
1088081	-0.005026 
1088082	0.022547 
1088083	0.055088 
1088084	0.087253 
1088085	0.113176 
1088086	0.127481 
1088087	0.126460 
1088088	0.109061 
1088089	0.077176 
1088090	0.035109 
1088091	-0.011456 
1088092	-0.056679 
1088093	-0.095595 
1088094	-0.124682 
1088095	-0.141898 
1088096	-0.146400 
1088097	-0.138163 
1088098	-0.117754 
1088099	-0.086369 
1088100	-0.046087 
1088101	-0.000264 
1088102	0.046319 
1088103	0.087755 
1088104	0.117882 
1088105	0.131567 
1088106	0.126063 
1088107	0.101848 
1088108	0.062475 
1088109	0.013519 
1088110	-0.038738 
1088111	-0.088406 
1088112	-0.130707 
1088113	-0.162289 
1088114	-0.181013 
1088115	-0.185572 
1088116	-0.175235 
1088117	-0.149964 
1088118	-0.110883 
1088119	-0.060986 
1088120	-0.005653 
1088121	0.047506 
1088122	0.089707 
1088123	0.112724 
1088124	0.111079 
1088125	0.083809 
1088126	0.034551 
1088127	-0.030105 
1088128	-0.102639 
1088129	-0.176225 
1088130	-0.245760 
1088131	-0.307812 
1088132	-0.359871 
1088133	-0.399673 
1088134	-0.425035 
1088135	-0.434132 
1088136	-0.426008 
1088137	-0.400999 
1088138	-0.360809 
1088139	-0.308296 
1088140	-0.247119 
1088141	-0.181524 
1088142	-0.116268 
1088143	-0.056649 
1088144	-0.008237 
1088145	0.023765 
1088146	0.035413 
1088147	0.024940 
1088148	-0.006663 
1088149	-0.055737 
1088150	-0.116638 
1088151	-0.182691 
1088152	-0.247278 
1088153	-0.304613 
1088154	-0.350154 
1088155	-0.380879 
1088156	-0.395499 
1088157	-0.394368 
1088158	-0.379044 
1088159	-0.351713 
1088160	-0.314745 
1088161	-0.270591 
1088162	-0.222060 
1088163	-0.172715 
1088164	-0.127124 
1088165	-0.090561 
1088166	-0.068072 
1088167	-0.063154 
1088168	-0.076639 
1088169	-0.106318 
1088170	-0.147480 
1088171	-0.194123 
1088172	-0.240255 
1088173	-0.280838 
1088174	-0.312151 
1088175	-0.331684 
1088176	-0.337895 
1088177	-0.329974 
1088178	-0.307838 
1088179	-0.272398 
1088180	-0.226056 
1088181	-0.173193 
1088182	-0.120267 
1088183	-0.075124 
1088184	-0.045560 
1088185	-0.037489 
1088186	-0.053220 
1088187	-0.090759 
1088188	-0.144523 
1088189	-0.207001 
1088190	-0.270449 
1088191	-0.328233 
1088192	-0.375333 
1088193	-0.408194 
1088194	-0.424370 
1088195	-0.422379 
1088196	-0.401705 
1088197	-0.362917 
1088198	-0.307776 
1088199	-0.239383 
1088200	-0.162348 
1088201	-0.082988 
1088202	-0.009167 
1088203	0.050708 
1088204	0.089241 
1088205	0.101760 
1088206	0.087676 
1088207	0.050496 
1088208	-0.003661 
1088209	-0.067885 
1088210	-0.135830 
1088211	-0.202453 
1088212	-0.263972 
1088213	-0.317306 
1088214	-0.359647 
1088215	-0.388517 
1088216	-0.402190 
1088217	-0.400203 
1088218	-0.383572 
1088219	-0.354489 
1088220	-0.315655 
1088221	-0.269622 
1088222	-0.218464 
1088223	-0.164010 
1088224	-0.108409 
1088225	-0.054686 
1088226	-0.006886 
1088227	0.030441 
1088228	0.053193 
1088229	0.058885 
1088230	0.047600 
1088231	0.022160 
1088232	-0.012644 
1088233	-0.051372 
1088234	-0.089238 
1088235	-0.122955 
1088236	-0.150991 
1088237	-0.173235 
1088238	-0.190375 
1088239	-0.203303 
1088240	-0.212763 
1088241	-0.219271 
1088242	-0.223293 
1088243	-0.225431 
1088244	-0.226484 
1088245	-0.227311 
1088246	-0.228490 
1088247	-0.230031 
1088248	-0.231200 
1088249	-0.230600 
1088250	-0.226443 
1088251	-0.216943 
1088252	-0.200742 
1088253	-0.177279 
1088254	-0.147021 
1088255	-0.111518 
1088256	-0.073388 
1088257	-0.036151 
1088258	-0.003970 
1088259	0.018820 
1088260	0.028400 
1088261	0.022231 
1088262	-0.000412 
1088263	-0.038365 
1088264	-0.088951 
1088265	-0.148454 
1088266	-0.212430 
1088267	-0.276103 
1088268	-0.334859 
1088269	-0.384694 
1088270	-0.422388 
1088271	-0.445579 
1088272	-0.452844 
1088273	-0.443796 
1088274	-0.419060 
1088275	-0.380126 
1088276	-0.329150 
1088277	-0.268875 
1088278	-0.202786 
1088279	-0.135406 
1088280	-0.072386 
1088281	-0.019991 
1088282	0.015994 
1088283	0.031622 
1088284	0.025937 
1088285	0.001357 
1088286	-0.037040 
1088287	-0.082863 
1088288	-0.129701 
1088289	-0.171995 
1088290	-0.205393 
1088291	-0.226651 
1088292	-0.233404 
1088293	-0.224063 
1088294	-0.197925 
1088295	-0.155453 
1088296	-0.098650 
1088297	-0.031353 
1088298	0.040778 
1088299	0.110747 
1088300	0.171085 
1088301	0.214985 
1088302	0.237696 
1088303	0.237874 
1088304	0.217969 
1088305	0.183319 
1088306	0.140582 
1088307	0.096453 
1088308	0.056940 
1088309	0.027037 
1088310	0.010680 
1088311	0.010716 
1088312	0.028705 
1088313	0.064551 
1088314	0.116033 
1088315	0.178396 
1088316	0.244347 
1088317	0.304763 
1088318	0.350120 
1088319	0.372507 
1088320	0.368003 
1088321	0.338089 
1088322	0.288867 
1088323	0.228735 
1088324	0.166301 
1088325	0.109074 
1088326	0.062713 
1088327	0.030988 
1088328	0.016175 
1088329	0.019372 
1088330	0.040534 
1088331	0.078201 
1088332	0.129174 
1088333	0.188271 
1088334	0.248420 
1088335	0.301260 
1088336	0.338345 
1088337	0.352866 
1088338	0.341652 
1088339	0.306349 
1088340	0.252804 
1088341	0.189127 
1088342	0.123663 
1088343	0.063526 
1088344	0.013924 
1088345	-0.021834 
1088346	-0.042072 
1088347	-0.046524 
1088348	-0.036315 
1088349	-0.014036 
1088350	0.016193 
1088351	0.048970 
1088352	0.078200 
1088353	0.097902 
1088354	0.103285 
1088355	0.092006 
1088356	0.064899 
1088357	0.025587 
1088358	-0.020776 
1088359	-0.068897 
1088360	-0.114276 
1088361	-0.153592 
1088362	-0.184659 
1088363	-0.206219 
1088364	-0.217719 
1088365	-0.219181 
1088366	-0.211228 
1088367	-0.195192 
1088368	-0.173126 
1088369	-0.147669 
1088370	-0.121728 
1088371	-0.098039 
1088372	-0.078745 
1088373	-0.065101 
1088374	-0.057336 
1088375	-0.054675 
1088376	-0.055492 
1088377	-0.057614 
1088378	-0.058637 
1088379	-0.056259 
1088380	-0.048613 
1088381	-0.034610 
1088382	-0.014277 
1088383	0.010992 
1088384	0.038378 
1088385	0.063896 
1088386	0.082962 
1088387	0.091282 
1088388	0.085913 
1088389	0.066096 
1088390	0.033396 
1088391	-0.008846 
1088392	-0.056332 
1088393	-0.104564 
1088394	-0.149424 
1088395	-0.187390 
1088396	-0.215527 
1088397	-0.231413 
1088398	-0.233198 
1088399	-0.219730 
1088400	-0.190753 
1088401	-0.147090 
1088402	-0.090889 
1088403	-0.025895 
1088404	0.042372 
1088405	0.106794 
1088406	0.159297 
1088407	0.192221 
1088408	0.200593 
1088409	0.184168 
1088410	0.147608 
1088411	0.098592 
1088412	0.045455 
1088413	-0.004477 
1088414	-0.045762 
1088415	-0.075124 
1088416	-0.091268 
1088417	-0.094412 
1088418	-0.085794 
1088419	-0.067253 
1088420	-0.040995 
1088421	-0.009501 
1088422	0.024484 
1088423	0.057966 
1088424	0.087852 
1088425	0.111277 
1088426	0.126067 
1088427	0.131251 
1088428	0.127342 
1088429	0.116309 
1088430	0.101135 
1088431	0.085168 
1088432	0.071429 
1088433	0.062026 
1088434	0.057873 
1088435	0.058667 
1088436	0.063147 
1088437	0.069444 
1088438	0.075486 
1088439	0.079375 
1088440	0.079697 
1088441	0.075717 
1088442	0.067495 
1088443	0.055857 
1088444	0.042290 
1088445	0.028771 
1088446	0.017581 
1088447	0.011101 
1088448	0.011604 
1088449	0.020984 
1088450	0.040423 
1088451	0.069982 
1088452	0.108207 
1088453	0.151849 
1088454	0.195872 
1088455	0.233798 
1088456	0.258613 
1088457	0.264418 
1088458	0.248470 
1088459	0.212263 
1088460	0.160841 
1088461	0.101002 
1088462	0.039701 
1088463	-0.016922 
1088464	-0.063887 
1088465	-0.097282 
1088466	-0.114150 
1088467	-0.112605 
1088468	-0.092120 
1088469	-0.053966 
1088470	-0.001596 
1088471	0.059160 
1088472	0.120379 
1088473	0.172851 
1088474	0.207483 
1088475	0.217531 
1088476	0.201085 
1088477	0.161909 
1088478	0.107760 
1088479	0.047659 
1088480	-0.010025 
1088481	-0.058528 
1088482	-0.093032 
1088483	-0.110520 
1088484	-0.109491 
1088485	-0.089866 
1088486	-0.053148 
1088487	-0.002692 
1088488	0.056156 
1088489	0.116286 
1088490	0.169479 
1088491	0.207405 
1088492	0.223376 
1088493	0.214563 
1088494	0.183183 
1088495	0.135498 
1088496	0.079519 
1088497	0.023102 
1088498	-0.027046 
1088499	-0.065742 
1088500	-0.089250 
1088501	-0.095064 
1088502	-0.081883 
1088503	-0.049902 
1088504	-0.001239 
1088505	0.059773 
1088506	0.126631 
1088507	0.191293 
1088508	0.245156 
1088509	0.280348 
1088510	0.291612 
1088511	0.278118 
1088512	0.243671 
1088513	0.195069 
1088514	0.139875 
1088515	0.084951 
1088516	0.035927 
1088517	-0.002783 
1088518	-0.027821 
1088519	-0.036845 
1088520	-0.028675 
1088521	-0.003536 
1088522	0.036708 
1088523	0.088361 
1088524	0.145830 
1088525	0.201939 
1088526	0.248793 
1088527	0.279118 
1088528	0.287919 
1088529	0.273937 
1088530	0.240045 
1088531	0.192127 
1088532	0.137286 
1088533	0.082298 
1088534	0.032733 
1088535	-0.007351 
1088536	-0.035271 
1088537	-0.049545 
1088538	-0.049834 
1088539	-0.037055 
1088540	-0.013490 
1088541	0.017238 
1088542	0.050507 
1088543	0.081334 
1088544	0.105133 
1088545	0.118453 
1088546	0.119559 
1088547	0.108717 
1088548	0.088072 
1088549	0.061153 
1088550	0.032198 
1088551	0.005560 
1088552	-0.014670 
1088553	-0.024905 
1088554	-0.022442 
1088555	-0.005979 
1088556	0.023716 
1088557	0.063266 
1088558	0.106633 
1088559	0.145793 
1088560	0.172215 
1088561	0.178947 
1088562	0.162730 
1088563	0.124981 
1088564	0.070883 
1088565	0.007298 
1088566	-0.059109 
1088567	-0.122962 
1088568	-0.180485 
1088569	-0.229229 
1088570	-0.267395 
1088571	-0.293261 
1088572	-0.305078 
1088573	-0.301322 
1088574	-0.281189 
1088575	-0.245073 
1088576	-0.194890 
1088577	-0.134239 
1088578	-0.068406 
1088579	-0.004166 
1088580	0.050812 
1088581	0.088876 
1088582	0.103658 
1088583	0.091818 
1088584	0.054253 
1088585	-0.004429 
1088586	-0.077807 
1088587	-0.159235 
1088588	-0.242491 
1088589	-0.322099 
1088590	-0.393357 
1088591	-0.452196 
1088592	-0.495350 
1088593	-0.520660 
1088594	-0.527340 
1088595	-0.516023 
1088596	-0.488472 
1088597	-0.447076 
1088598	-0.394458 
1088599	-0.333459 
1088600	-0.267535 
1088601	-0.201326 
1088602	-0.140892 
1088603	-0.092869 
1088604	-0.062844 
1088605	-0.053736 
1088606	-0.064853 
1088607	-0.092080 
1088608	-0.129148 
1088609	-0.169285 
1088610	-0.206653 
1088611	-0.237161 
1088612	-0.258523 
1088613	-0.269769 
1088614	-0.270591 
1088615	-0.260980 
1088616	-0.241282 
1088617	-0.212497 
1088618	-0.176551 
1088619	-0.136347 
1088620	-0.095403 
1088621	-0.057237 
1088622	-0.024716 
1088623	0.000352 
1088624	0.017430 
1088625	0.027130 
1088626	0.030821 
1088627	0.030068 
1088628	0.026154 
1088629	0.019851 
1088630	0.011459 
1088631	0.001051 
1088632	-0.011239 
1088633	-0.025116 
1088634	-0.040226 
1088635	-0.056392 
1088636	-0.073827 
1088637	-0.093209 
1088638	-0.115463 
1088639	-0.141377 
1088640	-0.171126 
1088641	-0.204002 
1088642	-0.238514 
1088643	-0.272851 
1088644	-0.305426 
1088645	-0.335279 
1088646	-0.362160 
1088647	-0.386246 
1088648	-0.407619 
1088649	-0.425738 
1088650	-0.439218 
1088651	-0.446003 
1088652	-0.443947 
1088653	-0.431528 
1088654	-0.408436 
1088655	-0.375777 
1088656	-0.335853 
1088657	-0.291654 
1088658	-0.246256 
1088659	-0.202355 
1088660	-0.162164 
1088661	-0.127549 
1088662	-0.100222 
1088663	-0.081768 
1088664	-0.073500 
1088665	-0.076169 
1088666	-0.089663 
1088667	-0.112875 
1088668	-0.143812 
1088669	-0.179905 
1088670	-0.218332 
1088671	-0.256355 
1088672	-0.291649 
1088673	-0.322504 
1088674	-0.347779 
1088675	-0.366588 
1088676	-0.378015 
1088677	-0.381020 
1088678	-0.374604 
1088679	-0.358110 
1088680	-0.331468 
1088681	-0.295378 
1088682	-0.251297 
1088683	-0.201281 
1088684	-0.147831 
1088685	-0.093883 
1088686	-0.042830 
1088687	0.001757 
1088688	0.036573 
1088689	0.058966 
1088690	0.067322 
1088691	0.061545 
1088692	0.043336 
1088693	0.016056 
1088694	-0.015835 
1088695	-0.047627 
1088696	-0.075185 
1088697	-0.095484 
1088698	-0.106802 
1088699	-0.108665 
1088700	-0.101620 
1088701	-0.086929 
1088702	-0.066290 
1088703	-0.041619 
1088704	-0.014887 
1088705	0.011964 
1088706	0.037010 
1088707	0.058365 
1088708	0.074352 
1088709	0.083745 
1088710	0.085952 
1088711	0.081074 
1088712	0.069818 
1088713	0.053288 
1088714	0.032728 
1088715	0.009245 
1088716	-0.016334 
1088717	-0.043467 
1088718	-0.071730 
1088719	-0.100556 
1088720	-0.129037 
1088721	-0.155843 
1088722	-0.179346 
1088723	-0.197857 
1088724	-0.209929 
1088725	-0.214537 
1088726	-0.211106 
1088727	-0.199418 
1088728	-0.179513 
1088729	-0.151691 
1088730	-0.116832 
1088731	-0.076914 
1088732	-0.035525 
1088733	0.002036 
1088734	0.029339 
1088735	0.040103 
1088736	0.029974 
1088737	-0.001818 
1088738	-0.052111 
1088739	-0.114942 
1088740	-0.183233 
1088741	-0.250138 
1088742	-0.309938 
1088743	-0.358472 
1088744	-0.393040 
1088745	-0.412071 
1088746	-0.414859 
1088747	-0.401476 
1088748	-0.372787 
1088749	-0.330560 
1088750	-0.277597 
1088751	-0.217899 
1088752	-0.156652 
1088753	-0.099787 
1088754	-0.053144 
1088755	-0.021544 
1088756	-0.007846 
1088757	-0.012246 
1088758	-0.032329 
1088759	-0.063813 
1088760	-0.101637 
1088761	-0.140954 
1088762	-0.177722 
1088763	-0.208831 
1088764	-0.231950 
1088765	-0.245359 
1088766	-0.247917 
1088767	-0.239159 
1088768	-0.219464 
1088769	-0.190145 
1088770	-0.153442 
1088771	-0.112475 
1088772	-0.071061 
1088773	-0.033219 
1088774	-0.002520 
1088775	0.018352 
1088776	0.027887 
1088777	0.025983 
1088778	0.013962 
1088779	-0.005661 
1088780	-0.029577 
1088781	-0.054158 
1088782	-0.075945 
1088783	-0.092082 
1088784	-0.100670 
1088785	-0.100951 
1088786	-0.093378 
1088787	-0.079482 
1088788	-0.061626 
1088789	-0.042587 
1088790	-0.025104 
1088791	-0.011391 
1088792	-0.002854 
1088793	-0.000033 
1088794	-0.002701 
1088795	-0.010072 
1088796	-0.021064 
1088797	-0.034510 
1088798	-0.049277 
1088799	-0.064394 
1088800	-0.079213 
1088801	-0.093478 
1088802	-0.107319 
1088803	-0.121094 
1088804	-0.135196 
1088805	-0.149847 
1088806	-0.164922 
1088807	-0.179853 
1088808	-0.193749 
1088809	-0.205636 
1088810	-0.214736 
1088811	-0.220512 
1088812	-0.222595 
1088813	-0.220661 
1088814	-0.214347 
1088815	-0.203258 
1088816	-0.187115 
1088817	-0.165974 
1088818	-0.140443 
1088819	-0.111784 
1088820	-0.081858 
1088821	-0.052925 
1088822	-0.027312 
1088823	-0.006863 
1088824	0.007526 
1088825	0.015999 
1088826	0.019440 
1088827	0.019093 
1088828	0.016213 
1088829	0.011906 
1088830	0.007030 
1088831	0.002130 
1088832	-0.002574 
1088833	-0.007204 
1088834	-0.012249 
1088835	-0.018576 
1088836	-0.027375 
1088837	-0.039902 
1088838	-0.057107 
1088839	-0.079227 
1088840	-0.105578 
1088841	-0.134582 
1088842	-0.164126 
1088843	-0.192067 
1088844	-0.216656 
1088845	-0.236786 
1088846	-0.252025 
1088847	-0.262491 
1088848	-0.268631 
1088849	-0.271028 
1088850	-0.270302 
1088851	-0.267186 
1088852	-0.262660 
1088853	-0.258034 
1088854	-0.254811 
1088855	-0.254337 
1088856	-0.257329 
1088857	-0.263467 
1088858	-0.271205 
1088859	-0.277988 
1088860	-0.280756 
1088861	-0.276573 
1088862	-0.263107 
1088863	-0.238895 
1088864	-0.203385 
1088865	-0.156851 
1088866	-0.100423 
1088867	-0.036367 
1088868	0.031348 
1088869	0.096665 
1088870	0.151719 
1088871	0.187757 
1088872	0.197305 
1088873	0.177521 
1088874	0.131994 
1088875	0.069033 
1088876	-0.001586 
1088877	-0.070625 
1088878	-0.130646 
1088879	-0.176868 
1088880	-0.207097 
1088881	-0.221141 
1088882	-0.220176 
1088883	-0.206176 
1088884	-0.181525 
1088885	-0.148898 
1088886	-0.111373 
1088887	-0.072619 
1088888	-0.036831 
1088889	-0.008352 
1088890	0.009033 
1088891	0.012924 
1088892	0.002987 
1088893	-0.018816 
1088894	-0.048584 
1088895	-0.081245 
1088896	-0.111681 
1088897	-0.135817 
1088898	-0.151102 
1088899	-0.156374 
1088900	-0.151387 
1088901	-0.136380 
1088902	-0.111908 
1088903	-0.079092 
1088904	-0.040148 
1088905	0.001131 
1088906	0.039260 
1088907	0.067602 
1088908	0.079725 
1088909	0.071396 
1088910	0.042235 
1088911	-0.004112 
1088912	-0.061401 
1088913	-0.122589 
1088914	-0.181151 
1088915	-0.232153 
1088916	-0.272729 
1088917	-0.301726 
1088918	-0.318955 
1088919	-0.324562 
1088920	-0.318727 
1088921	-0.301637 
1088922	-0.273752 
1088923	-0.236189 
1088924	-0.191091 
1088925	-0.141648 
1088926	-0.091674 
1088927	-0.044943 
1088928	-0.004640 
1088929	0.027034 
1088930	0.049073 
1088931	0.061594 
1088932	0.065520 
1088933	0.062221 
1088934	0.053205 
1088935	0.039978 
1088936	0.024040 
1088937	0.006903 
1088938	-0.010044 
1088939	-0.025814 
1088940	-0.040148 
1088941	-0.053677 
1088942	-0.067779 
1088943	-0.084162 
1088944	-0.104278 
1088945	-0.128800 
1088946	-0.157341 
1088947	-0.188489 
1088948	-0.220165 
1088949	-0.250191 
1088950	-0.276740 
1088951	-0.298556 
1088952	-0.314853 
1088953	-0.325024 
1088954	-0.328343 
1088955	-0.323859 
1088956	-0.310464 
1088957	-0.287186 
1088958	-0.253525 
1088959	-0.209808 
1088960	-0.157476 
1088961	-0.099302 
1088962	-0.039329 
1088963	0.017514 
1088964	0.065929 
1088965	0.100757 
1088966	0.117717 
1088967	0.114269 
1088968	0.090261 
1088969	0.047915 
1088970	-0.008774 
1088971	-0.074821 
1088972	-0.144988 
1088973	-0.214358 
1088974	-0.278759 
1088975	-0.335019 
1088976	-0.381055 
1088977	-0.415861 
1088978	-0.439410 
1088979	-0.452418 
1088980	-0.455951 
1088981	-0.451058 
1088982	-0.438645 
1088983	-0.419525 
1088984	-0.394654 
1088985	-0.365369 
1088986	-0.333465 
1088987	-0.301052 
1088988	-0.270230 
1088989	-0.242671 
1088990	-0.219326 
1088991	-0.200391 
1088992	-0.185541 
1088993	-0.174291 
1088994	-0.166323 
1088995	-0.161592 
1088996	-0.160186 
1088997	-0.162080 
1088998	-0.166906 
1088999	-0.173936 
1089000	-0.182318 
1089001	-0.191434 
1089002	-0.201212 
1089003	-0.212198 
1089004	-0.225362 
1089005	-0.241676 
1089006	-0.261673 
1089007	-0.285143 
1089008	-0.311112 
1089009	-0.337973 
1089010	-0.363812 
1089011	-0.386689 
1089012	-0.404859 
1089013	-0.416822 
1089014	-0.421256 
1089015	-0.416904 
1089016	-0.402572 
1089017	-0.377279 
1089018	-0.340513 
1089019	-0.292565 
1089020	-0.234772 
1089021	-0.169731 
1089022	-0.101413 
1089023	-0.035105 
1089024	0.022997 
1089025	0.066650 
1089026	0.090768 
1089027	0.092643 
1089028	0.072700 
1089029	0.034346 
1089030	-0.017072 
1089031	-0.075441 
1089032	-0.134860 
1089033	-0.190205 
1089034	-0.237334 
1089035	-0.273103 
1089036	-0.295387 
1089037	-0.303141 
1089038	-0.296483 
1089039	-0.276660 
1089040	-0.245926 
1089041	-0.207350 
1089042	-0.164700 
1089043	-0.122313 
1089044	-0.084849 
1089045	-0.056795 
1089046	-0.041746 
1089047	-0.041738 
1089048	-0.056847 
1089049	-0.085220 
1089050	-0.123453 
1089051	-0.167203 
1089052	-0.211886 
1089053	-0.253220 
1089054	-0.287549 
1089055	-0.311936 
1089056	-0.324201 
1089057	-0.322934 
1089058	-0.307565 
1089059	-0.278438 
1089060	-0.236890 
1089061	-0.185229 
1089062	-0.126799 
1089063	-0.066080 
1089064	-0.008624 
1089065	0.039669 
1089066	0.073768 
1089067	0.090582 
1089068	0.089549 
1089069	0.072576 
1089070	0.043379 
1089071	0.006622 
1089072	-0.032892 
1089073	-0.070865 
1089074	-0.103934 
1089075	-0.129780 
1089076	-0.146939 
1089077	-0.154635 
1089078	-0.152755 
1089079	-0.142017 
1089080	-0.124082 
1089081	-0.101502 
1089082	-0.077411 
1089083	-0.055078 
1089084	-0.037441 
1089085	-0.026709 
1089086	-0.024128 
1089087	-0.029925 
1089088	-0.043475 
1089089	-0.063566 
1089090	-0.088689 
1089091	-0.117208 
1089092	-0.147347 
1089093	-0.177107 
1089094	-0.204234 
1089095	-0.226376 
1089096	-0.241407 
1089097	-0.247746 
1089098	-0.244599 
1089099	-0.232016 
1089100	-0.210813 
1089101	-0.182403 
1089102	-0.148593 
1089103	-0.111549 
1089104	-0.073869 
1089105	-0.038703 
1089106	-0.009661 
1089107	0.009471 
1089108	0.015359 
1089109	0.005972 
1089110	-0.018592 
1089111	-0.055763 
1089112	-0.100916 
1089113	-0.148384 
1089114	-0.192573 
1089115	-0.228800 
1089116	-0.253821 
1089117	-0.266091 
1089118	-0.265683 
1089119	-0.253910 
1089120	-0.232863 
1089121	-0.205037 
1089122	-0.173206 
1089123	-0.140462 
1089124	-0.110274 
1089125	-0.086318 
1089126	-0.071996 
1089127	-0.069757 
1089128	-0.080438 
1089129	-0.102947 
1089130	-0.134422 
1089131	-0.170782 
1089132	-0.207565 
1089133	-0.240853 
1089134	-0.267944 
1089135	-0.287484 
1089136	-0.299205 
1089137	-0.303531 
1089138	-0.301251 
1089139	-0.293404 
1089140	-0.281307 
1089141	-0.266640 
1089142	-0.251491 
1089143	-0.238236 
1089144	-0.229264 
1089145	-0.226542 
1089146	-0.231194 
1089147	-0.243274 
1089148	-0.261847 
1089149	-0.285257 
1089150	-0.311445 
1089151	-0.338192 
1089152	-0.363275 
1089153	-0.384521 
1089154	-0.399898 
1089155	-0.407664 
1089156	-0.406631 
1089157	-0.396456 
1089158	-0.377853 
1089159	-0.352703 
1089160	-0.323922 
1089161	-0.295043 
1089162	-0.269574 
1089163	-0.250284 
1089164	-0.238667 
1089165	-0.234798 
1089166	-0.237493 
1089167	-0.244708 
1089168	-0.253953 
1089169	-0.262590 
1089170	-0.268032 
1089171	-0.267860 
1089172	-0.259948 
1089173	-0.242661 
1089174	-0.215190 
1089175	-0.177996 
1089176	-0.133283 
1089177	-0.085215 
1089178	-0.039627 
1089179	-0.003084 
1089180	0.018442 
1089181	0.020943 
1089182	0.003431 
1089183	-0.031967 
1089184	-0.080772 
1089185	-0.137365 
1089186	-0.196277 
1089187	-0.253065 
1089188	-0.304322 
1089189	-0.347273 
1089190	-0.379429 
1089191	-0.398523 
1089192	-0.402747 
1089193	-0.391053 
1089194	-0.363332 
1089195	-0.320376 
1089196	-0.263694 
1089197	-0.195352 
1089198	-0.118059 
1089199	-0.035598 
1089200	0.046547 
1089201	0.120975 
1089202	0.178949 
1089203	0.211882 
1089204	0.213697 
1089205	0.183092 
1089206	0.124021 
1089207	0.044096 
1089208	-0.047614 
1089209	-0.142432 
1089210	-0.233544 
1089211	-0.316627 
1089212	-0.389276 
1089213	-0.449941 
1089214	-0.497290 
1089215	-0.530075 
1089216	-0.547261 
1089217	-0.548334 
1089218	-0.533611 
1089219	-0.504421 
1089220	-0.463018 
1089221	-0.412320 
1089222	-0.355497 
1089223	-0.295605 
1089224	-0.235401 
1089225	-0.177481 
1089226	-0.124567 
1089227	-0.079617 
1089228	-0.045531 
1089229	-0.024592 
1089230	-0.017984 
1089231	-0.025387 
1089232	-0.044797 
1089233	-0.072725 
1089234	-0.104810 
1089235	-0.136718 
1089236	-0.165014 
1089237	-0.187700 
1089238	-0.204352 
1089239	-0.215901 
1089240	-0.224161 
1089241	-0.231270 
1089242	-0.239147 
1089243	-0.249118 
1089244	-0.261726 
1089245	-0.276782 
1089246	-0.293490 
1089247	-0.310602 
1089248	-0.326471 
1089249	-0.339096 
1089250	-0.346176 
1089251	-0.345248 
1089252	-0.334083 
1089253	-0.311194 
1089254	-0.276329 
1089255	-0.230755 
1089256	-0.177296 
1089257	-0.120127 
1089258	-0.064350 
1089259	-0.015458 
1089260	0.021395 
1089261	0.042227 
1089262	0.044979 
1089263	0.029832 
1089264	-0.001086 
1089265	-0.044301 
1089266	-0.095583 
1089267	-0.150534 
1089268	-0.204976 
1089269	-0.255047 
1089270	-0.297150 
1089271	-0.328029 
1089272	-0.344989 
1089273	-0.346174 
1089274	-0.330724 
1089275	-0.298774 
1089276	-0.251259 
1089277	-0.189812 
1089278	-0.116991 
1089279	-0.037002 
1089280	0.043585 
1089281	0.116148 
1089282	0.171287 
1089283	0.200271 
1089284	0.197744 
1089285	0.164478 
1089286	0.107288 
1089287	0.036205 
1089288	-0.038444 
1089289	-0.107619 
1089290	-0.164503 
1089291	-0.204728 
1089292	-0.225929 
1089293	-0.227249 
1089294	-0.209124 
1089295	-0.173365 
1089296	-0.123487 
1089297	-0.065044 
1089298	-0.005598 
1089299	0.045969 
1089300	0.080939 
1089301	0.092907 
1089302	0.079951 
1089303	0.045197 
1089304	-0.004589 
1089305	-0.061112 
1089306	-0.116371 
1089307	-0.163828 
1089308	-0.198774 
1089309	-0.218020 
1089310	-0.219462 
1089311	-0.201850 
1089312	-0.164810 
1089313	-0.109192 
1089314	-0.037797 
1089315	0.043669 
1089316	0.126187 
1089317	0.198381 
1089318	0.247601 
1089319	0.263034 
1089320	0.240977 
1089321	0.186715 
1089322	0.111056 
1089323	0.025881 
1089324	-0.058000 
1089325	-0.132235 
1089326	-0.191222 
1089327	-0.231325 
1089328	-0.250126 
1089329	-0.246003 
1089330	-0.217985 
1089331	-0.165787 
1089332	-0.090247 
1089333	0.005618 
1089334	0.114980 
1089335	0.226705 
1089336	0.326213 
1089337	0.395629 
1089338	0.419445 
1089339	0.393454 
1089340	0.327018 
1089341	0.236468 
1089342	0.137552 
1089343	0.042655 
1089344	-0.040265 
1089345	-0.107206 
1089346	-0.156535 
1089347	-0.187750 
1089348	-0.200886 
1089349	-0.196267 
1089350	-0.174510 
1089351	-0.136655 
1089352	-0.084432 
1089353	-0.020590 
1089354	0.050795 
1089355	0.123918 
1089356	0.191392 
1089357	0.245419 
1089358	0.279193 
1089359	0.288717 
1089360	0.274456 
1089361	0.241247 
1089362	0.196471 
1089363	0.147966 
1089364	0.102578 
1089365	0.065407 
1089366	0.039557 
1089367	0.026229 
1089368	0.024846 
1089369	0.033222 
1089370	0.047777 
1089371	0.064014 
1089372	0.077377 
1089373	0.084282 
1089374	0.083075 
1089375	0.074337 
1089376	0.060463 
1089377	0.044840 
1089378	0.030999 
1089379	0.021982 
1089380	0.020145 
1089381	0.027233 
1089382	0.044407 
1089383	0.072063 
1089384	0.109465 
1089385	0.154117 
1089386	0.201209 
1089387	0.243620 
1089388	0.272928 
1089389	0.281309 
1089390	0.264071 
1089391	0.221761 
1089392	0.159888 
1089393	0.086796 
1089394	0.011202 
1089395	-0.059523 
1089396	-0.120085 
1089397	-0.167218 
1089398	-0.199221 
1089399	-0.215556 
1089400	-0.216493 
1089401	-0.202839 
1089402	-0.175829 
1089403	-0.137229 
1089404	-0.089556 
1089405	-0.036297 
1089406	0.018053 
1089407	0.068238 
1089408	0.109062 
1089409	0.136602 
1089410	0.149061 
1089411	0.147156 
1089412	0.133948 
1089413	0.114082 
1089414	0.092666 
1089415	0.074165 
1089416	0.061721 
1089417	0.056873 
1089418	0.059594 
1089419	0.068392 
1089420	0.080470 
1089421	0.091983 
1089422	0.098564 
1089423	0.096133 
1089424	0.081865 
1089425	0.055027 
1089426	0.017245 
1089427	-0.027941 
1089428	-0.075852 
1089429	-0.121349 
1089430	-0.159691 
1089431	-0.187261 
1089432	-0.201590 
1089433	-0.201200 
1089434	-0.185512 
1089435	-0.154851 
1089436	-0.110647 
1089437	-0.055829 
1089438	0.004656 
1089439	0.063644 
1089440	0.112245 
1089441	0.141190 
1089442	0.143283 
1089443	0.116582 
1089444	0.065765 
1089445	0.000174 
1089446	-0.069851 
1089447	-0.134952 
1089448	-0.187555 
1089449	-0.222797 
1089450	-0.238083 
1089451	-0.232100 
1089452	-0.204316 
1089453	-0.154949 
1089454	-0.085437 
1089455	0.000480 
1089456	0.095540 
1089457	0.188565 
1089458	0.264599 
1089459	0.306639 
1089460	0.302475 
1089461	0.252213 
1089462	0.168164 
1089463	0.067290 
1089464	-0.035181 
1089465	-0.127499 
1089466	-0.201581 
1089467	-0.252471 
1089468	-0.277204 
1089469	-0.274034 
1089470	-0.242217 
1089471	-0.182244 
1089472	-0.096399 
1089473	0.009955 
1089474	0.126662 
1089475	0.238414 
1089476	0.324990 
1089477	0.364245 
1089478	0.343760 
1089479	0.269723 
1089480	0.162181 
1089481	0.042230 
1089482	-0.074181 
1089483	-0.175989 
1089484	-0.257000 
1089485	-0.314669 
1089486	-0.348307 
1089487	-0.358083 
1089488	-0.344810 
1089489	-0.309963 
1089490	-0.255695 
1089491	-0.184885 
1089492	-0.101420 
1089493	-0.010831 
1089494	0.079047 
1089495	0.158087 
1089496	0.214879 
1089497	0.238790 
1089498	0.224205 
1089499	0.174278 
1089500	0.099933 
1089501	0.014996 
1087001	0.144582 
1087002	0.187653 
1087003	0.222126 
1087004	0.242137 
1087005	0.244567 
1087006	0.230066 
1087007	0.202637 
1087008	0.167998 
1087009	0.131971 
1087010	0.099503 
1087011	0.074209 
1087012	0.058165 
1087013	0.051981 
1087014	0.055076 
1087015	0.065993 
1087016	0.082663 
1087017	0.102613 
1087018	0.123080 
1087019	0.141137 
1087020	0.154056 
1087021	0.160060 
1087022	0.159129 
1087023	0.153284 
1087024	0.146185 
1087025	0.142190 
1087026	0.145414 
1087027	0.158937 
1087028	0.184185 
1087029	0.220514 
1087030	0.265091 
1087031	0.313094 
1087032	0.358250 
1087033	0.393682 
1087034	0.413372 
1087035	0.414069 
1087036	0.396495 
1087037	0.364958 
1087038	0.325637 
1087039	0.284774 
1087040	0.247572 
1087041	0.217802 
1087042	0.197634 
1087043	0.187506 
1087044	0.185945 
1087045	0.189477 
1087046	0.192932 
1087047	0.190423 
1087048	0.177039 
1087049	0.150718 
1087050	0.113215 
1087051	0.069491 
1087052	0.025836 
1087053	-0.011876 
1087054	-0.038958 
1087055	-0.052139 
1087056	-0.049729 
1087057	-0.031751 
1087058	0.000055 
1087059	0.042318 
1087060	0.090245 
1087061	0.138020 
1087062	0.179396 
1087063	0.208700 
1087064	0.222125 
1087065	0.218829 
1087066	0.201052 
1087067	0.173187 
1087068	0.140470 
1087069	0.107932 
1087070	0.079789 
1087071	0.059086 
1087072	0.047494 
1087073	0.045236 
1087074	0.051077 
1087075	0.062486 
1087076	0.076035 
1087077	0.088044 
1087078	0.095216 
1087079	0.095240 
1087080	0.087291 
1087081	0.072279 
1087082	0.052688 
1087083	0.032086 
1087084	0.014451 
1087085	0.003498 
1087086	0.002104 
1087087	0.011842 
1087088	0.032626 
1087089	0.062480 
1087090	0.097580 
1087091	0.132619 
1087092	0.161650 
1087093	0.179432 
1087094	0.183064 
1087095	0.173078 
1087096	0.153260 
1087097	0.129340 
1087098	0.107309 
1087099	0.092139 
1087100	0.087091 
1087101	0.093496 
1087102	0.110804 
1087103	0.136751 
1087104	0.167605 
1087105	0.198568 
1087106	0.224365 
1087107	0.240185 
1087108	0.242875 
1087109	0.231913 
1087110	0.209540 
1087111	0.179958 
1087112	0.148143 
1087113	0.118777 
1087114	0.095586 
1087115	0.081002 
1087116	0.076064 
1087117	0.080431 
1087118	0.092512 
1087119	0.109667 
1087120	0.128537 
1087121	0.145496 
1087122	0.157312 
1087123	0.161909 
1087124	0.158987 
1087125	0.150139 
1087126	0.138417 
1087127	0.127564 
1087128	0.121252 
1087129	0.122525 
1087130	0.133442 
1087131	0.154765 
1087132	0.185748 
1087133	0.223985 
1087134	0.265493 
1087135	0.305121 
1087136	0.337298 
1087137	0.357199 
1087138	0.362159 
1087139	0.352646 
1087140	0.332099 
1087141	0.305700 
1087142	0.278877 
1087143	0.256228 
1087144	0.240924 
1087145	0.234412 
1087146	0.236328 
1087147	0.244553 
1087148	0.255528 
1087149	0.264840 
1087150	0.268166 
1087151	0.262448 
1087152	0.246826 
1087153	0.222916 
1087154	0.194197 
1087155	0.164903 
1087156	0.139024 
1087157	0.119749 
1087158	0.109308 
1087159	0.108914 
1087160	0.118788 
1087161	0.138211 
1087162	0.165605 
1087163	0.198666 
1087164	0.234467 
1087165	0.269620 
1087166	0.300526 
1087167	0.323836 
1087168	0.337041 
1087169	0.339074 
1087170	0.330635 
1087171	0.314032 
1087172	0.292623 
1087173	0.270139 
1087174	0.250112 
1087175	0.235431 
1087176	0.228026 
1087177	0.228654 
1087178	0.236802 
1087179	0.250740 
1087180	0.267725 
1087181	0.284408 
1087182	0.297411 
1087183	0.303951 
1087184	0.302425 
1087185	0.292784 
1087186	0.276516 
1087187	0.256203 
1087188	0.234890 
1087189	0.215472 
1087190	0.200317 
1087191	0.191042 
1087192	0.188472 
1087193	0.192611 
1087194	0.202654 
1087195	0.217025 
1087196	0.233494 
1087197	0.249438 
1087198	0.262259 
1087199	0.269895 
1087200	0.271290 
1087201	0.266644 
1087202	0.257298 
1087203	0.245413 
1087204	0.233455 
1087205	0.223799 
1087206	0.218371 
1087207	0.218418 
1087208	0.224349 
1087209	0.235613 
1087210	0.250674 
1087211	0.267082 
1087212	0.281690 
1087213	0.291042 
1087214	0.291981 
1087215	0.282335 
1087216	0.261496 
1087217	0.230639 
1087218	0.192510 
1087219	0.150844 
1087220	0.109688 
1087221	0.072801 
1087222	0.043273 
1087223	0.023342 
1087224	0.014314 
1087225	0.016491 
1087226	0.029088 
1087227	0.050185 
1087228	0.076722 
1087229	0.104687 
1087230	0.129486 
1087231	0.146510 
1087232	0.151973 
1087233	0.143844 
1087234	0.122401 
1087235	0.090117 
1087236	0.050940 
1087237	0.009511 
1087238	-0.029444 
1087239	-0.061582 
1087240	-0.083396 
1087241	-0.092507 
1087242	-0.087791 
1087243	-0.069430 
1087244	-0.038991 
1087245	0.000487 
1087246	0.044490 
1087247	0.087267 
1087248	0.122388 
1087249	0.143716 
1087250	0.146771 
1087251	0.130075 
1087252	0.095634 
1087253	0.048197 
1087254	-0.006183 
1087255	-0.061456 
1087256	-0.112436 
1087257	-0.155185 
1087258	-0.186918 
1087259	-0.205783 
1087260	-0.210649 
1087261	-0.201081 
1087262	-0.177480 
1087263	-0.141286 
1087264	-0.095185 
1087265	-0.043167 
1087266	0.009612 
1087267	0.057085 
1087268	0.092791 
1087269	0.111042 
1087270	0.108712 
1087271	0.086509 
1087272	0.048637 
1087273	0.001176 
1087274	-0.049686 
1087275	-0.098698 
1087276	-0.141986 
1087277	-0.177064 
1087278	-0.202587 
1087279	-0.218084 
1087280	-0.223820 
1087281	-0.220716 
1087282	-0.210346 
1087283	-0.194886 
1087284	-0.177031 
1087285	-0.159834 
1087286	-0.146429 
1087287	-0.139608 
1087288	-0.141361 
1087289	-0.152490 
1087290	-0.172457 
1087291	-0.199450 
1087292	-0.230665 
1087293	-0.262615 
1087294	-0.291592 
1087295	-0.314222 
1087296	-0.327969 
1087297	-0.331429 
1087298	-0.324441 
1087299	-0.308064 
1087300	-0.284477 
1087301	-0.256761 
1087302	-0.228555 
1087303	-0.203536 
1087304	-0.184852 
1087305	-0.174584 
1087306	-0.173441 
1087307	-0.180738 
1087308	-0.194645 
1087309	-0.212572 
1087310	-0.231630 
1087311	-0.249028 
1087312	-0.262325 
1087313	-0.269598 
1087314	-0.269481 
1087315	-0.261195 
1087316	-0.244594 
1087317	-0.220179 
1087318	-0.189072 
1087319	-0.152887 
1087320	-0.113618 
1087321	-0.073618 
1087322	-0.035621 
1087323	-0.002630 
1087324	0.022406 
1087325	0.037076 
1087326	0.040080 
1087327	0.031616 
1087328	0.013403 
1087329	-0.011668 
1087330	-0.040103 
1087331	-0.068338 
1087332	-0.093155 
1087333	-0.111942 
1087334	-0.122819 
1087335	-0.124640 
1087336	-0.116968 
1087337	-0.100014 
1087338	-0.074653 
1087339	-0.042477 
1087340	-0.005836 
1087341	0.032224 
1087342	0.068213 
1087343	0.098589 
1087344	0.120269 
1087345	0.131166 
1087346	0.130647 
1087347	0.119706 
1087348	0.100779 
1087349	0.077231 
1087350	0.052734 
1087351	0.030686 
1087352	0.013722 
1087353	0.003383 
1087354	0.000004 
1087355	0.002786 
1087356	0.010019 
1087357	0.019442 
1087358	0.028637 
1087359	0.035451 
1087360	0.038326 
1087361	0.036537 
1087362	0.030252 
1087363	0.020452 
1087364	0.008756 
1087365	-0.002828 
1087366	-0.012196 
1087367	-0.017399 
1087368	-0.016912 
1087369	-0.009842 
1087370	0.003871 
1087371	0.023261 
1087372	0.046280 
1087373	0.069935 
1087374	0.090699 
1087375	0.105140 
1087376	0.110604 
1087377	0.105693 
1087378	0.090421 
1087379	0.065952 
1087380	0.034155 
1087381	-0.002881 
1087382	-0.043166 
1087383	-0.084965 
1087384	-0.126796 
1087385	-0.167352 
1087386	-0.205375 
1087387	-0.239571 
1087388	-0.268549 
1087389	-0.290811 
1087390	-0.304829 
1087391	-0.309177 
1087392	-0.302756 
1087393	-0.285051 
1087394	-0.256420 
1087395	-0.218395 
1087396	-0.173897 
1087397	-0.127220 
1087398	-0.083778 
1087399	-0.049588 
1087400	-0.030437 
1087401	-0.030563 
1087402	-0.051248 
1087403	-0.090289 
1087404	-0.142607 
1087405	-0.201448 
1087406	-0.259795 
1087407	-0.311608 
1087408	-0.352327 
1087409	-0.378878 
1087410	-0.389537 
1087411	-0.383663 
1087412	-0.361411 
1087413	-0.323570 
1087414	-0.271579 
1087415	-0.207749 
1087416	-0.135711 
1087417	-0.060767 
1087418	0.010033 
1087419	0.068367 
1087420	0.105871 
1087421	0.116371 
1087422	0.098556 
1087423	0.056930 
1087424	-0.000273 
1087425	-0.064002 
1087426	-0.125733 
1087427	-0.178117 
1087428	-0.215781 
1087429	-0.235451 
1087430	-0.235624 
1087431	-0.216255 
1087432	-0.178576 
1087433	-0.125007 
1087434	-0.059313 
1087435	0.013137 
1087436	0.085396 
1087437	0.149502 
1087438	0.197330 
1087439	0.222082 
1087440	0.220420 
1087441	0.193758 
1087442	0.147532 
1087443	0.089224 
1087444	0.026672 
1087445	-0.033017 
1087446	-0.084125 
1087447	-0.122509 
1087448	-0.145516 
1087449	-0.151850 
1087450	-0.141502 
1087451	-0.115738 
1087452	-0.077155 
1087453	-0.029690 
1087454	0.021443 
1087455	0.070093 
1087456	0.109691 
1087457	0.134163 
1087458	0.139088 
1087459	0.122747 
1087460	0.086552 
1087461	0.034598 
1087462	-0.027381 
1087463	-0.093195 
1087464	-0.157138 
1087465	-0.214529 
1087466	-0.261785 
1087467	-0.296343 
1087468	-0.316524 
1087469	-0.321458 
1087470	-0.311014 
1087471	-0.285735 
1087472	-0.246749 
1087473	-0.195753 
1087474	-0.135198 
1087475	-0.068705 
1087476	-0.001572 
1087477	0.059317 
1087478	0.106316 
1087479	0.132209 
1087480	0.131978 
1087481	0.104724 
1087482	0.054161 
1087483	-0.012853 
1087484	-0.088336 
1087485	-0.164819 
1087486	-0.236519 
1087487	-0.299499 
1087488	-0.351145 
1087489	-0.389692 
1087490	-0.414037 
1087491	-0.423764 
1087492	-0.419308 
1087493	-0.402164 
1087494	-0.374894 
1087495	-0.340989 
1087496	-0.304546 
1087497	-0.269879 
1087498	-0.241079 
1087499	-0.221530 
1087500	-0.213440 
1087501	-0.217434 
1087502	-0.232425 
1087503	-0.255785 
1087504	-0.283788 
1087505	-0.312230 
1087506	-0.337016 
1087507	-0.354683 
1087508	-0.362683 
1087509	-0.359523 
1087510	-0.344710 
1087511	-0.318639 
1087512	-0.282471 
1087513	-0.238101 
1087514	-0.188233 
1087515	-0.136498 
1087516	-0.087521 
1087517	-0.046626 
1087518	-0.019130 
1087519	-0.009331 
1087520	-0.019568 
1087521	-0.049574 
1087522	-0.096545 
1087523	-0.155794 
1087524	-0.221733 
1087525	-0.288813 
1087526	-0.352003 
1087527	-0.406914 
1087528	-0.449888 
1087529	-0.478229 
1087530	-0.490474 
1087531	-0.486628 
1087532	-0.468214 
1087533	-0.437984 
1087534	-0.399446 
1087535	-0.356347 
1087536	-0.312309 
1087537	-0.270603 
1087538	-0.234003 
1087539	-0.204704 
1087540	-0.184179 
1087541	-0.172981 
1087542	-0.170564 
1087543	-0.175214 
1087544	-0.184149 
1087545	-0.193876 
1087546	-0.200706 
1087547	-0.201402 
1087548	-0.193719 
1087549	-0.176808 
1087550	-0.151411 
1087551	-0.119886 
1087552	-0.086031 
1087553	-0.054688 
1087554	-0.031011 
1087555	-0.019539 
1087556	-0.023299 
1087557	-0.043212 
1087558	-0.078067 
1087559	-0.125008 
1087560	-0.180240 
1087561	-0.239636 
1087562	-0.299113 
1087563	-0.354869 
1087564	-0.403446 
1087565	-0.441794 
1087566	-0.467355 
1087567	-0.478346 
1087568	-0.474006 
1087569	-0.454660 
1087570	-0.421485 
1087571	-0.376159 
1087572	-0.320479 
1087573	-0.256226 
1087574	-0.185362 
1087575	-0.110571 
1087576	-0.035898 
1087577	0.033079 
1087578	0.089986 
1087579	0.128950 
1087580	0.146089 
1087581	0.140983 
1087582	0.117159 
1087583	0.080989 
1087584	0.039949 
1087585	0.001150 
1087586	-0.029721 
1087587	-0.048813 
1087588	-0.053979 
1087589	-0.044565 
1087590	-0.021393 
1087591	0.012952 
1087592	0.053766 
1087593	0.094205 
1087594	0.126013 
1087595	0.141015 
1087596	0.133321 
1087597	0.101535 
1087598	0.049239 
1087599	-0.016556 
1087600	-0.087396 
1087601	-0.154964 
1087602	-0.212382 
1087603	-0.254698 
1087604	-0.278694 
1087605	-0.282513 
1087606	-0.265347 
1087607	-0.227164 
1087608	-0.168620 
1087609	-0.091388 
1087610	0.000997 
1087611	0.101972 
1087612	0.201361 
1087613	0.285863 
1087614	0.341127 
1087615	0.357374 
1087616	0.335495 
1087617	0.286856 
1087618	0.226896 
1087619	0.169353 
1087620	0.124703 
1087621	0.099790 
1087622	0.097975 
1087623	0.119729 
1087624	0.162913 
1087625	0.222485 
1087626	0.289890 
1087627	0.352957 
1087628	0.396812 
1087629	0.406973 
1087630	0.375720 
1087631	0.306758 
1087632	0.212918 
1087633	0.109344 
1087634	0.008851 
1087635	-0.079087 
1087636	-0.148465 
1087637	-0.196351 
1087638	-0.222017 
1087639	-0.226093 
1087640	-0.210024 
1087641	-0.175781 
1087642	-0.125847 
1087643	-0.063509 
1087644	0.006548 
1087645	0.077787 
1087646	0.142036 
1087647	0.190339 
1087648	0.214781 
1087649	0.211358 
1087650	0.182038 
1087651	0.134158 
1087652	0.077648 
1087653	0.022207 
1087654	-0.024220 
1087655	-0.056007 
1087656	-0.070039 
1087657	-0.065512 
1087658	-0.043553 
1087659	-0.007022 
1087660	0.039466 
1087661	0.089447 
1087662	0.134706 
1087663	0.165853 
1087664	0.174087 
1087665	0.154233 
1087666	0.107037 
1087667	0.038483 
1087668	-0.043060 
1087669	-0.129272 
1087670	-0.212911 
1087671	-0.288056 
1087672	-0.349825 
1087673	-0.394077 
1087674	-0.417508 
1087675	-0.418170 
1087676	-0.396043 
1087677	-0.353232 
1087678	-0.293703 
1087679	-0.222836 
1087680	-0.147114 
1087681	-0.073815 
1087682	-0.010650 
1087683	0.034968 
1087684	0.057338 
1087685	0.054448 
1087686	0.029149 
1087687	-0.011701 
1087688	-0.059589 
1087689	-0.106415 
1087690	-0.145429 
1087691	-0.171701 
1087692	-0.182413 
1087693	-0.176758 
1087694	-0.155608 
1087695	-0.121252 
1087696	-0.077308 
1087697	-0.028787 
1087698	0.017963 
1087699	0.055635 
1087700	0.076898 
1087701	0.076146 
1087702	0.051389 
1087703	0.004928 
1087704	-0.057669 
1087705	-0.129378 
1087706	-0.203179 
1087707	-0.272943 
1087708	-0.333910 
1087709	-0.382778 
1087710	-0.417506 
1087711	-0.437121 
1087712	-0.441550 
1087713	-0.431487 
1087714	-0.408188 
1087715	-0.373289 
1087716	-0.328659 
1087717	-0.276509 
1087718	-0.219655 
1087719	-0.161680 
1087720	-0.106681 
1087721	-0.058713 
1087722	-0.021345 
1087723	0.002731 
1087724	0.012273 
1087725	0.007958 
1087726	-0.007718 
1087727	-0.031032 
1087728	-0.057865 
1087729	-0.084437 
1087730	-0.107795 
1087731	-0.126019 
1087732	-0.138235 
1087733	-0.144547 
1087734	-0.145952 
1087735	-0.144287 
1087736	-0.142018 
1087737	-0.141904 
1087738	-0.146461 
1087739	-0.157369 
1087740	-0.174967 
1087741	-0.198078 
1087742	-0.224186 
1087743	-0.249963 
1087744	-0.271936 
1087745	-0.287094 
1087746	-0.293301 
1087747	-0.289456 
1087748	-0.275425 
1087749	-0.251812 
1087750	-0.219727 
1087751	-0.180632 
1087752	-0.136347 
1087753	-0.089195 
1087754	-0.042136 
1087755	0.001224 
1087756	0.036962 
1087757	0.061407 
1087758	0.071875 
1087759	0.067269 
1087760	0.048394 
1087761	0.017692 
1087762	-0.021396 
1087763	-0.065223 
1087764	-0.110565 
1087765	-0.154987 
1087766	-0.196869 
1087767	-0.235235 
1087768	-0.269543 
1087769	-0.299561 
1087770	-0.325281 
1087771	-0.346891 
1087772	-0.364749 
1087773	-0.379344 
1087774	-0.391199 
1087775	-0.400747 
1087776	-0.408183 
1087777	-0.413353 
1087778	-0.415744 
1087779	-0.414555 
1087780	-0.408829 
1087781	-0.397572 
1087782	-0.379869 
1087783	-0.354916 
1087784	-0.322048 
1087785	-0.280817 
1087786	-0.231190 
1087787	-0.173894 
1087788	-0.110933 
1087789	-0.046093 
1087790	0.014890 
1087791	0.064869 
1087792	0.096514 
1087793	0.104208 
1087794	0.086008 
1087795	0.044456 
1087796	-0.014371 
1087797	-0.082715 
1087798	-0.152778 
1087799	-0.217914 
1087800	-0.273065 
1087801	-0.314607 
1087802	-0.340114 
1087803	-0.348319 
1087804	-0.339162 
1087805	-0.313816 
1087806	-0.274613 
1087807	-0.224917 
1087808	-0.169054 
1087809	-0.112157 
1087810	-0.059872 
1087811	-0.017847 
1087812	0.008992 
1087813	0.017383 
1087814	0.006589 
1087815	-0.021349 
1087816	-0.062129 
1087817	-0.110287 
1087818	-0.160317 
1087819	-0.207475 
1087820	-0.248168 
1087821	-0.279993 
1087822	-0.301583 
1087823	-0.312321 
1087824	-0.312117 
1087825	-0.301342 
1087826	-0.280833 
1087827	-0.251947 
1087828	-0.216581 
1087829	-0.177271 
1087830	-0.137290 
1087831	-0.100631 
1087832	-0.071655 
1087833	-0.054511 
1087834	-0.052403 
1087835	-0.066900 
1087836	-0.097361 
1087837	-0.140787 
1087838	-0.192222 
1087839	-0.245533 
1087840	-0.294259 
1087841	-0.332349 
1087842	-0.354887 
1087843	-0.358662 
1087844	-0.342483 
1087845	-0.307245 
1087846	-0.255796 
1087847	-0.192805 
1087848	-0.124646 
1087849	-0.059036 
1087850	-0.004301 
1087851	0.031771 
1087852	0.043635 
1087853	0.029616 
1087854	-0.007673 
1087855	-0.062455 
1087856	-0.127570 
1087857	-0.196116 
1087858	-0.262454 
1087859	-0.322373 
1087860	-0.372726 
1087861	-0.411044 
1087862	-0.435379 
1087863	-0.444343 
1087864	-0.437259 
1087865	-0.414291 
1087866	-0.376513 
1087867	-0.325870 
1087868	-0.265077 
1087869	-0.197629 
1087870	-0.127972 
1087871	-0.061585 
1087872	-0.004553 
1087873	0.037383 
1087874	0.059937 
1087875	0.061340 
1087876	0.042912 
1087877	0.008817 
1087878	-0.034859 
1087879	-0.081285 
1087880	-0.123976 
1087881	-0.157442 
1087882	-0.177448 
1087883	-0.181042 
1087884	-0.166629 
1087885	-0.134123 
1087886	-0.085220 
1087887	-0.023676 
1087888	0.044611 
1087889	0.111863 
1087890	0.169258 
1087891	0.208588 
1087892	0.224337 
1087893	0.215355 
1087894	0.185134 
1087895	0.140286 
1087896	0.088410 
1087897	0.036645 
1087898	-0.009066 
1087899	-0.044348 
1087900	-0.066432 
1087901	-0.074028 
1087902	-0.067169 
1087903	-0.047173 
1087904	-0.016685 
1087905	0.020288 
1087906	0.058646 
1087907	0.092886 
1087908	0.117953 
1087909	0.130170 
1087910	0.128011 
1087911	0.112429 
1087912	0.086464 
1087913	0.054344 
1087914	0.020533 
1087915	-0.011028 
1087916	-0.037348 
1087917	-0.056579 
1087918	-0.067927 
1087919	-0.071467 
1087920	-0.067871 
1087921	-0.058134 
1087922	-0.043348 
1087923	-0.024664 
1087924	-0.003333 
1087925	0.019215 
1087926	0.041425 
1087927	0.061688 
1087928	0.078391 
1087929	0.089969 
1087930	0.094984 
1087931	0.092264 
1087932	0.081047 
1087933	0.061126 
1087934	0.032926 
1087935	-0.002387 
1087936	-0.042842 
1087937	-0.085670 
1087938	-0.127549 
1087939	-0.164915 
1087940	-0.194332 
1087941	-0.212881 
1087942	-0.218564 
1087943	-0.210604 
1087944	-0.189593 
1087945	-0.157497 
1087946	-0.117581 
1087947	-0.074261 
1087948	-0.032751 
1087949	0.001564 
1087950	0.023887 
1087951	0.030681 
1087952	0.020224 
1087953	-0.007103 
1087954	-0.048996 
1087955	-0.101716 
1087956	-0.160637 
1087957	-0.220907 
1087958	-0.278153 
1087959	-0.328758 
1087960	-0.369819 
1087961	-0.399215 
1087962	-0.415745 
1087963	-0.419135 
1087964	-0.409899 
1087965	-0.389087 
1087966	-0.358116 
1087967	-0.318742 
1087968	-0.273228 
1087969	-0.224635 
1087970	-0.177034 
1087971	-0.135402 
1087972	-0.105072 
1087973	-0.090830 
1087974	-0.095875 
1087975	-0.121001 
1087976	-0.164370 
1087977	-0.221875 
1087978	-0.287926 
1087979	-0.356198 
1087980	-0.420114 
1087981	-0.473094 
1087982	-0.508810 
1087983	-0.522054 
1087984	-0.510188 
1087985	-0.474338 
1087986	-0.419354 
1087987	-0.352676 
1087988	-0.283121 
1087989	-0.219904 
1087990	-0.171205 
1087991	-0.142666 
1087992	-0.136653 
1087993	-0.152221 
1087994	-0.185737 
1087995	-0.231949 
1087996	-0.284984 
1087997	-0.339175 
1087998	-0.389596 
1087999	-0.432180 
1088000	-0.463503 
1088001	-0.480705 
1089501	0.014996 
1089502	-0.067798 
1089503	-0.137996 
1089504	-0.187841 
1089505	-0.212459 
1089506	-0.209520 
1089507	-0.178934 
1089508	-0.122939 
1089509	-0.046630 
1089510	0.041505 
1089511	0.129571 
1089512	0.201849 
1089513	0.240573 
1089514	0.233545 
1089515	0.181292 
1089516	0.096284 
1089517	-0.004771 
1089518	-0.106966 
1089519	-0.198651 
1089520	-0.271716 
1089521	-0.320876 
1089522	-0.342842 
1089523	-0.336167 
1089524	-0.301382 
1089525	-0.241056 
1089526	-0.159843 
1089527	-0.064927 
1089528	0.033409 
1089529	0.121859 
1089530	0.184915 
1089531	0.208673 
1089532	0.187823 
1089533	0.128740 
1089534	0.045071 
1089535	-0.049021 
1089536	-0.141745 
1089537	-0.224387 
1089538	-0.291510 
1089539	-0.340158 
1089540	-0.369078 
1089541	-0.378315 
1089542	-0.369023 
1089543	-0.343258 
1089544	-0.303726 
1089545	-0.253627 
1089546	-0.196646 
1089547	-0.136973 
1089548	-0.079207 
1089549	-0.028175 
1089550	0.011429 
1089551	0.035876 
1089552	0.043453 
1089553	0.035210 
1089554	0.014945 
1089555	-0.011684 
1089556	-0.038448 
1089557	-0.059751 
1089558	-0.071534 
1089559	-0.071748 
1089560	-0.060522 
1089561	-0.040022 
1089562	-0.014115 
1089563	0.012251 
1089564	0.033782 
1089565	0.045762 
1089566	0.044966 
1089567	0.030285 
1089568	0.002822 
1089569	-0.034545 
1089570	-0.077923 
1089571	-0.123068 
1089572	-0.165909 
1089573	-0.202751 
1089574	-0.230325 
1089575	-0.245884 
1089576	-0.247300 
1089577	-0.233165 
1089578	-0.202886 
1089579	-0.156840 
1089580	-0.096724 
1089581	-0.026065 
1089582	0.049358 
1089583	0.121504 
1089584	0.180737 
1089585	0.217397 
1089586	0.224465 
1089587	0.200465 
1089588	0.150071 
1089589	0.081865 
1089590	0.005666 
1089591	-0.069367 
1089592	-0.136049 
1089593	-0.189536 
1089594	-0.226980 
1089595	-0.246998 
1089596	-0.249197 
1089597	-0.233819 
1089598	-0.201585 
1089599	-0.153696 
1089600	-0.092111 
1089601	-0.020080 
1089602	0.057111 
1089603	0.132360 
1089604	0.197761 
1089605	0.245154 
1089606	0.267837 
1089607	0.263314 
1089608	0.234431 
1089609	0.188054 
1089610	0.132556 
1089611	0.075852 
1089612	0.024264 
1089613	-0.017943 
1089614	-0.048457 
1089615	-0.066492 
1089616	-0.072397 
1089617	-0.067470 
1089618	-0.053909 
1089619	-0.034854 
1089620	-0.014331 
1089621	0.003315 
1089622	0.014312 
1089623	0.016086 
1089624	0.007702 
1089625	-0.009954 
1089626	-0.034425 
1089627	-0.062394 
1089628	-0.090503 
1089629	-0.115874 
1089630	-0.136284 
1089631	-0.150119 
1089632	-0.156259 
1089633	-0.154056 
1089634	-0.143488 
1089635	-0.125453 
1089636	-0.101985 
1089637	-0.076318 
1089638	-0.052716 
1089639	-0.035829 
1089640	-0.029554 
1089641	-0.035888 
1089642	-0.054305 
1089643	-0.081907 
1089644	-0.114332 
1089645	-0.146824 
1089646	-0.175123 
1089647	-0.195937 
1089648	-0.207132 
1089649	-0.207649 
1089650	-0.197291 
1089651	-0.176563 
1089652	-0.146716 
1089653	-0.110005 
1089654	-0.069785 
1089655	-0.030193 
1089656	0.004330 
1089657	0.029591 
1089658	0.042717 
1089659	0.043144 
1089660	0.032759 
1089661	0.015112 
1089662	-0.005689 
1089663	-0.025919 
1089664	-0.042773 
1089665	-0.054588 
1089666	-0.060769 
1089667	-0.061568 
1089668	-0.057764 
1089669	-0.050366 
1089670	-0.040438 
1089671	-0.029015 
1089672	-0.017053 
1089673	-0.005335 
1089674	0.005670 
1089675	0.015913 
1089676	0.025866 
1089677	0.036465 
1089678	0.048844 
1089679	0.063947 
1089680	0.082122 
1089681	0.102817 
1089682	0.124460 
1089683	0.144609 
1089684	0.160377 
1089685	0.169114 
1089686	0.169059 
1089687	0.159772 
1089688	0.142117 
1089689	0.117944 
1089690	0.089632 
1089691	0.059728 
1089692	0.030691 
1089693	0.004793 
1089694	-0.015840 
1089695	-0.029110 
1089696	-0.032980 
1089697	-0.025736 
1089698	-0.006420 
1089699	0.024693 
1089700	0.065700 
1089701	0.112924 
1089702	0.161036 
1089703	0.203538 
1089704	0.233540 
1089705	0.245071 
1089706	0.234693 
1089707	0.202672 
1089708	0.152796 
1089709	0.090916 
1089710	0.023507 
1089711	-0.043055 
1089712	-0.103025 
1089713	-0.151861 
1089714	-0.186262 
1089715	-0.203955 
1089716	-0.203610 
1089717	-0.184819 
1089718	-0.148086 
1089719	-0.094886 
1089720	-0.027978 
1089721	0.048006 
1089722	0.125990 
1089723	0.196272 
1089724	0.247088 
1089725	0.266952 
1089726	0.249322 
1089727	0.196312 
1089728	0.117636 
1089729	0.026085 
1089730	-0.066148 
1089731	-0.149041 
1089732	-0.215452 
1089733	-0.261240 
1089734	-0.284720 
1089735	-0.286115 
1089736	-0.267210 
1089737	-0.231089 
1089738	-0.182006 
1089739	-0.125340 
1089740	-0.067637 
1089741	-0.016300 
1089742	0.021243 
1089743	0.038722 
1089744	0.032421 
1089745	0.002312 
1089746	-0.047972 
1089747	-0.112327 
1089748	-0.183619 
1089749	-0.254810 
1089750	-0.319686 
1089751	-0.373226 
1089752	-0.411616 
1089753	-0.432280 
1089754	-0.433923 
1089755	-0.416569 
1089756	-0.381571 
1089757	-0.331589 
1089758	-0.270724 
1089759	-0.204797 
1089760	-0.141537 
1089761	-0.089894 
1089762	-0.058468 
1089763	-0.053564 
1089764	-0.077187 
1089765	-0.126296 
1089766	-0.193929 
1089767	-0.270995 
1089768	-0.347908 
1089769	-0.416008 
1089770	-0.468112 
1089771	-0.498619 
1089772	-0.503908 
1089773	-0.482758 
1089774	-0.436225 
1089775	-0.366924 
1089776	-0.278480 
1089777	-0.175773 
1089778	-0.065781 
1089779	0.041603 
1089780	0.133535 
1089781	0.195775 
1089782	0.217404 
1089783	0.196748 
1089784	0.142442 
1089785	0.068455 
1089786	-0.011407 
1089787	-0.085907 
1089788	-0.147171 
1089789	-0.190700 
1089790	-0.214565 
1089791	-0.218405 
1089792	-0.202761 
1089793	-0.168798 
1089794	-0.118355 
1089795	-0.054236 
1089796	0.019227 
1089797	0.095644 
1089798	0.166959 
1089799	0.224616 
1089800	0.260913 
1089801	0.271066 
1089802	0.255013 
1089803	0.217305 
1089804	0.165250 
1089805	0.106737 
1089806	0.048811 
1089807	-0.003070 
1089808	-0.045208 
1089809	-0.075345 
1089810	-0.092201 
1089811	-0.095232 
1089812	-0.084627 
1089813	-0.061374 
1089814	-0.027295 
1089815	0.015071 
1089816	0.062664 
1089817	0.112092 
1089818	0.159802 
1089819	0.202316 
1089820	0.236533 
1089821	0.260057 
1089822	0.271473 
1089823	0.270631 
1089824	0.258800 
1089825	0.238539 
1089826	0.213279 
1089827	0.186723 
1089828	0.162189 
1089829	0.142079 
1089830	0.127496 
1089831	0.118140 
1089832	0.112482 
1089833	0.108178 
1089834	0.102652 
1089835	0.093688 
1089836	0.079896 
1089837	0.060977 
1089838	0.037762 
1089839	0.012060 
1089840	-0.013593 
1089841	-0.036266 
1089842	-0.053018 
1089843	-0.061276 
1089844	-0.059216 
1089845	-0.046008 
1089846	-0.021964 
1089847	0.011401 
1089848	0.051383 
1089849	0.094236 
1089850	0.135560 
1089851	0.170960 
1089852	0.196846 
1089853	0.211257 
1089854	0.214367 
1089855	0.208326 
1089856	0.196563 
1089857	0.182807 
1089858	0.170278 
1089859	0.161151 
1089860	0.156448 
1089861	0.156142 
1089862	0.159375 
1089863	0.164681 
1089864	0.170160 
1089865	0.173662 
1089866	0.173072 
1089867	0.166687 
1089868	0.153641 
1089869	0.134177 
1089870	0.109734 
1089871	0.082713 
1089872	0.055992 
1089873	0.032393 
1089874	0.014195 
1089875	0.002849 
1089876	-0.001156 
1089877	0.001724 
1089878	0.010220 
1089879	0.022421 
1089880	0.036025 
1089881	0.048589 
1089882	0.057814 
1089883	0.061840 
1089884	0.059529 
1089885	0.050679 
1089886	0.036072 
1089887	0.017286 
1089888	-0.003635 
1089889	-0.024540 
1089890	-0.043479 
1089891	-0.058926 
1089892	-0.069807 
1089893	-0.075476 
1089894	-0.075650 
1089895	-0.070371 
1089896	-0.060010 
1089897	-0.045401 
1089898	-0.028025 
1089899	-0.010121 
1089900	0.005380 
1089901	0.015115 
1089902	0.015791 
1089903	0.004908 
1089904	-0.018454 
1089905	-0.053232 
1089906	-0.096527 
1089907	-0.144215 
1089908	-0.191669 
1089909	-0.234372 
1089910	-0.268448 
1089911	-0.290985 
1089912	-0.300194 
1089913	-0.295505 
1089914	-0.277658 
1089915	-0.248688 
1089916	-0.211782 
1089917	-0.170966 
1089918	-0.130670 
1089919	-0.095148 
1089920	-0.067853 
1089921	-0.050872 
1089922	-0.044582 
1089923	-0.047604 
1089924	-0.057175 
1089925	-0.069857 
1089926	-0.082252 
1089927	-0.091570 
1089928	-0.096000 
1089929	-0.094880 
1089930	-0.088759 
1089931	-0.079380 
1089932	-0.069562 
1089933	-0.062924 
1089934	-0.063348 
1089935	-0.074239 
1089936	-0.097768 
1089937	-0.134241 
1089938	-0.181862 
1089939	-0.236993 
1089940	-0.294786 
1089941	-0.349961 
1089942	-0.397544 
1089943	-0.433321 
1089944	-0.454106 
1089945	-0.457927 
1089946	-0.444093 
1089947	-0.413101 
1089948	-0.366487 
1089949	-0.306777 
1089950	-0.237681 
1089951	-0.164413 
1089952	-0.093781 
1089953	-0.033709 
1089954	0.007743 
1089955	0.024214 
1089956	0.013683 
1089957	-0.020243 
1089958	-0.069767 
1089959	-0.125956 
1089960	-0.180829 
1089961	-0.227881 
1089962	-0.262468 
1089963	-0.281796 
1089964	-0.284354 
1089965	-0.269409 
1089966	-0.236870 
1089967	-0.187549 
1089968	-0.123737 
1089969	-0.050097 
1089970	0.025775 
1089971	0.093865 
1089972	0.142756 
1089973	0.162178 
1089974	0.147654 
1089975	0.102860 
1089976	0.037191 
1089977	-0.038285 
1089978	-0.113344 
1089979	-0.179995 
1089980	-0.232813 
1089981	-0.268363 
1089982	-0.284586 
1089983	-0.280469 
1089984	-0.256002 
1089985	-0.212233 
1089986	-0.151364 
1089987	-0.076836 
1089988	0.006599 
1089989	0.092767 
1089990	0.174074 
1089991	0.242460 
1089992	0.290888 
1089993	0.314812 
1089994	0.313658 
1089995	0.291241 
1089996	0.254564 
1089997	0.212052 
1089998	0.171995 
1089999	0.141367 
1090000	0.125168 
1090001	0.126126 
1090002	0.144490 
1090003	0.177798 
1090004	0.220795 
1090005	0.265815 
1090006	0.303832 
1090007	0.326092 
1090008	0.326166 
1090009	0.302004 
1090010	0.256604 
1090011	0.196616 
1090012	0.130008 
1090013	0.064185 
1090014	0.004964 
1090015	-0.043645 
1090016	-0.079053 
1090017	-0.099622 
1090018	-0.104360 
1090019	-0.092934 
1090020	-0.065850 
1090021	-0.024864 
1090022	0.026560 
1090023	0.083026 
1090024	0.137559 
1090025	0.182271 
1090026	0.209382 
1090027	0.213381 
1090028	0.193337 
1090029	0.153351 
1090030	0.100680 
1090031	0.043228 
1090032	-0.012117 
1090033	-0.060137 
1090034	-0.097430 
1090035	-0.122096 
1090036	-0.133249 
1090037	-0.130769 
1090038	-0.115335 
1090039	-0.088733 
1090040	-0.054220 
1090041	-0.016597 
1090042	0.018298 
1090043	0.044583 
1090044	0.057501 
1090045	0.054648 
1090046	0.036625 
1090047	0.006706 
1090048	-0.030278 
1090049	-0.069047 
1090050	-0.104656 
1090051	-0.132987 
1090052	-0.150989 
1090053	-0.156772 
1090054	-0.149669 
1090055	-0.130340 
1090056	-0.100833 
1090057	-0.064509 
1090058	-0.025710 
1090059	0.010921 
1090060	0.041351 
1090061	0.062871 
1090062	0.074473 
1090063	0.076871 
1090064	0.072201 
1090065	0.063428 
1090066	0.053705 
1090067	0.045873 
1090068	0.042133 
1090069	0.043852 
1090070	0.051438 
1090071	0.064225 
1090072	0.080407 
1090073	0.097088 
1090074	0.110567 
1090075	0.116925 
1090076	0.112805 
1090077	0.096179 
1090078	0.066855 
1090079	0.026563 
1090080	-0.021420 
1090081	-0.072972 
1090082	-0.123906 
1090083	-0.170597 
1090084	-0.210207 
1090085	-0.240658 
1090086	-0.260403 
1090087	-0.268186 
1090088	-0.262899 
1090089	-0.243623 
1090090	-0.209888 
1090091	-0.162053 
1090092	-0.101780 
1090093	-0.032470 
1090094	0.040569 
1090095	0.110441 
1090096	0.169131 
1090097	0.208303 
1090098	0.221418 
1090099	0.206440 
1090100	0.166832 
1090101	0.109931 
1090102	0.044489 
1090103	-0.020865 
1090104	-0.078560 
1090105	-0.122698 
1090106	-0.149129 
1090107	-0.155310 
1090108	-0.140317 
1090109	-0.105007 
1090110	-0.052274 
1090111	0.012620 
1090112	0.081962 
1090113	0.146206 
1090114	0.195171 
1090115	0.219748 
1090116	0.214541 
1090117	0.180069 
1090118	0.122201 
1090119	0.049397 
1090120	-0.029718 
1090121	-0.107471 
1090122	-0.177727 
1090123	-0.236146 
1090124	-0.280025 
1090125	-0.307976 
1090126	-0.319753 
1090127	-0.316247 
1090128	-0.299406 
1090129	-0.272016 
1090130	-0.237379 
1090131	-0.198924 
1090132	-0.159947 
1090133	-0.123446 
1090134	-0.092074 
1090135	-0.068119 
1090136	-0.053399 
1090137	-0.049110 
1090138	-0.055601 
1090139	-0.072278 
1090140	-0.097571 
1090141	-0.129100 
1090142	-0.163955 
1090143	-0.199088 
1090144	-0.231655 
1090145	-0.259203 
1090146	-0.279709 
1090147	-0.291508 
1090148	-0.293233 
1090149	-0.283876 
1090150	-0.263006 
1090151	-0.231102 
1090152	-0.189895 
1090153	-0.142671 
1090154	-0.094408 
1090155	-0.051444 
1090156	-0.020405 
1090157	-0.006714 
1090158	-0.013320 
1090159	-0.039996 
1090160	-0.083501 
1090161	-0.138534 
1090162	-0.198812 
1090163	-0.257942 
1090164	-0.310064 
1090165	-0.350299 
1090166	-0.374945 
1090167	-0.381620 
1090168	-0.369473 
1090169	-0.339276 
1090170	-0.293417 
1090171	-0.235819 
1090172	-0.171806 
1090173	-0.107775 
1090174	-0.050671 
1090175	-0.007429 
1090176	0.015872 
1090177	0.015324 
1090178	-0.009646 
1090179	-0.056208 
1090180	-0.119110 
1090181	-0.192069 
1090182	-0.269011 
1090183	-0.344785 
1090184	-0.415196 
1090185	-0.476589 
1090186	-0.525645 
1090187	-0.559579 
1090188	-0.576621 
1090189	-0.576462 
1090190	-0.560285 
1090191	-0.530240 
1090192	-0.488655 
1090193	-0.437449 
1090194	-0.377939 
1090195	-0.311004 
1090196	-0.237536 
1090197	-0.159090 
1090198	-0.078544 
1090199	-0.000591 
1090200	0.068346 
1090201	0.121139 
1090202	0.151504 
1090203	0.155759 
1090204	0.134283 
1090205	0.091496 
1090206	0.034225 
1090207	-0.030322 
1090208	-0.096050 
1090209	-0.158650 
1090210	-0.215660 
1090211	-0.266013 
1090212	-0.309482 
1090213	-0.346131 
1090214	-0.375999 
1090215	-0.399004 
1090216	-0.414913 
1090217	-0.423365 
1090218	-0.423844 
1090219	-0.415683 
1090220	-0.398030 
1090221	-0.369953 
1090222	-0.330650 
1090223	-0.279801 
1090224	-0.218081 
1090225	-0.147716 
1090226	-0.073061 
1090227	-0.000848 
1090228	0.060368 
1090229	0.101411 
1090230	0.114411 
1090231	0.095639 
1090232	0.047264 
1090233	-0.023851 
1090234	-0.109059 
1090235	-0.200150 
1090236	-0.290503 
1090237	-0.375180 
1090238	-0.450155 
1090239	-0.511824 
1090240	-0.557107 
1090241	-0.583922 
1090242	-0.591836 
1090243	-0.582229 
1090244	-0.557700 
1090245	-0.521135 
1090246	-0.474976 
1090247	-0.421004 
1090248	-0.360533 
1090249	-0.294870 
1090250	-0.226003 
1090251	-0.157311 
1090252	-0.093789 
1090253	-0.041278 
1090254	-0.005136 
1090255	0.010995 
1090256	0.006269 
1090257	-0.016954 
1090258	-0.053739 
1090259	-0.097868 
1090260	-0.143158 
1090261	-0.184411 
1090262	-0.217889 
1090263	-0.241384 
1090264	-0.253961 
1090265	-0.255583 
1090266	-0.246722 
1090267	-0.228101 
1090268	-0.200608 
1090269	-0.165414 
1090270	-0.124214 
1090271	-0.079338 
1090272	-0.033671 
1090273	0.009675 
1090274	0.047711 
1090275	0.077909 
1090276	0.098490 
1090277	0.108674 
1090278	0.108786 
1090279	0.100187 
1090280	0.084984 
1090281	0.065646 
1090282	0.044651 
1090283	0.024200 
1090284	0.006104 
1090285	-0.008295 
1090286	-0.018147 
1090287	-0.023092 
1090288	-0.023253 
1090289	-0.019175 
1090290	-0.011764 
1090291	-0.002178 
1090292	0.008358 
1090293	0.018702 
1090294	0.027951 
1090295	0.035537 
1090296	0.041236 
1090297	0.045130 
1090298	0.047526 
1090299	0.048925 
1090300	0.050008 
1090301	0.051611 
1090302	0.054634 
1090303	0.059886 
1090304	0.067811 
1090305	0.078280 
1090306	0.090448 
1090307	0.102848 
1090308	0.113642 
1090309	0.121049 
1090310	0.123891 
1090311	0.121966 
1090312	0.116128 
1090313	0.108047 
1090314	0.099770 
1090315	0.093258 
1090316	0.090045 
1090317	0.091082 
1090318	0.096723 
1090319	0.106801 
1090320	0.120672 
1090321	0.137236 
1090322	0.154969 
1090323	0.171994 
1090324	0.186291 
1090325	0.196013 
1090326	0.199894 
1090327	0.197561 
1090328	0.189687 
1090329	0.177860 
1090330	0.164221 
1090331	0.150977 
1090332	0.139902 
1090333	0.131941 
1090334	0.127028 
1090335	0.124152 
1090336	0.121685 
1090337	0.117838 
1090338	0.111069 
1090339	0.100367 
1090340	0.085354 
1090341	0.066257 
1090342	0.043780 
1090343	0.019029 
1090344	-0.006590 
1090345	-0.031415 
1090346	-0.053598 
1090347	-0.071196 
1090348	-0.082404 
1090349	-0.085883 
1090350	-0.081070 
1090351	-0.068399 
1090352	-0.049226 
1090353	-0.025566 
1090354	0.000295 
1090355	0.026129 
1090356	0.049915 
1090357	0.069842 
1090358	0.084261 
1090359	0.091742 
1090360	0.091344 
1090361	0.082967 
1090362	0.067638 
1090363	0.047538 
1090364	0.025691 
1090365	0.005427 
1090366	-0.010280 
1090367	-0.019406 
1090368	-0.021331 
1090369	-0.016934 
1090370	-0.008307 
1090371	0.001850 
1090372	0.010930 
1090373	0.017062 
1090374	0.019454 
1090375	0.018383 
1090376	0.014822 
1090377	0.009920 
1090378	0.004567 
1090379	-0.000677 
1090380	-0.005391 
1090381	-0.008983 
1090382	-0.010540 
1090383	-0.008948 
1090384	-0.003222 
1090385	0.007040 
1090386	0.021279 
1090387	0.037813 
1090388	0.054008 
1090389	0.066733 
1090390	0.072956 
1090391	0.070339 
1090392	0.057647 
1090393	0.034926 
1090394	0.003428 
1090395	-0.034567 
1090396	-0.075958 
1090397	-0.117060 
1090398	-0.153837 
1090399	-0.182106 
1090400	-0.197682 
1090401	-0.196804 
1090402	-0.176844 
1090403	-0.137208 
1090404	-0.080153 
1090405	-0.011183 
1090406	0.061235 
1090407	0.126263 
1090408	0.171832 
1090409	0.187877 
1090410	0.170714 
1090411	0.124658 
1090412	0.059239 
1090413	-0.015298 
1090414	-0.090512 
1090415	-0.160094 
1090416	-0.219453 
1090417	-0.265045 
1090418	-0.293789 
1090419	-0.302994 
1090420	-0.290849 
1090421	-0.257092 
1090422	-0.203478 
1090423	-0.133934 
1090424	-0.054594 
1090425	0.026369 
1090426	0.099520 
1090427	0.155316 
1090428	0.185996 
1090429	0.188088 
1090430	0.163801 
1090431	0.119695 
1090432	0.063941 
1090433	0.004319 
1090434	-0.052663 
1090435	-0.102061 
1090436	-0.140276 
1090437	-0.164761 
1090438	-0.173947 
1090439	-0.167244 
1090440	-0.144920 
1090441	-0.107908 
1090442	-0.057561 
1090443	0.004402 
1090444	0.075606 
1090445	0.152379 
1090446	0.229156 
1090447	0.298389 
1090448	0.351201 
1090449	0.379077 
1090450	0.376912 
1090451	0.345608 
1090452	0.291879 
1090453	0.225702 
1090454	0.157811 
1090455	0.097815 
1090456	0.052678 
1090457	0.026219 
1090458	0.019380 
1090459	0.030833 
1090460	0.057664 
1090461	0.095921 
1090462	0.140907 
1090463	0.187359 
1090464	0.229819 
1090465	0.263391 
1090466	0.284443 
1090467	0.291080 
1090468	0.283465 
1090469	0.263849 
1090470	0.236116 
1090471	0.205060 
1090472	0.175529 
1090473	0.151667 
1090474	0.136295 
1090475	0.130462 
1090476	0.133306 
1090477	0.142243 
1090478	0.153558 
1090479	0.163325 
1090480	0.168403 
1090481	0.167013 
1090482	0.158773 
1090483	0.144388 
1090484	0.125254 
1090485	0.103115 
1090486	0.079856 
1090487	0.057462 
1090488	0.037979 
1090489	0.023357 
1090490	0.015099 
1090491	0.013785 
1090492	0.018693 
1090493	0.027822 
1090494	0.038378 
1090495	0.047644 
1090496	0.053798 
1090497	0.056383 
1090498	0.056228 
1090499	0.054917 
1090500	0.054059 
1090501	0.054609 
1090502	0.056513 
1090503	0.058742 
1090504	0.059684 
1090505	0.057734 
1090506	0.051764 
1090507	0.041367 
1090508	0.026779 
1090509	0.008617 
1090510	-0.012444 
1090511	-0.035798 
1090512	-0.060852 
1090513	-0.086781 
1090514	-0.112236 
1090515	-0.135306 
1090516	-0.153762 
1090517	-0.165655 
1090518	-0.170040 
1090519	-0.167488 
1090520	-0.160067 
1090521	-0.150727 
1090522	-0.142324 
1090523	-0.136731 
1090524	-0.134373 
1090525	-0.134314 
1090526	-0.134962 
1090527	-0.134935 
1090528	-0.133763 
1090529	-0.132118 
1090530	-0.131539 
1090531	-0.133871 
1090532	-0.140634 
1090533	-0.152597 
1090534	-0.169634 
1090535	-0.190860 
1090536	-0.214958 
1090537	-0.240461 
1090538	-0.265836 
1090539	-0.289302 
1090540	-0.308662 
1090541	-0.321377 
1090542	-0.324993 
1090543	-0.317735 
1090544	-0.299124 
1090545	-0.270376 
1090546	-0.234466 
1090547	-0.195627 
1090548	-0.158360 
1090549	-0.126319 
1090550	-0.101490 
1090551	-0.083994 
1090552	-0.072516 
1090553	-0.065120 
1090554	-0.060122 
1090555	-0.056643 
1090556	-0.054661 
1090557	-0.054690 
1090558	-0.057279 
1090559	-0.062598 
1090560	-0.070278 
1090561	-0.079594 
1090562	-0.089835 
1090563	-0.100700 
1090564	-0.112374 
1090565	-0.125240 
1090566	-0.139346 
1090567	-0.153997 
1090568	-0.167710 
1090569	-0.178495 
1090570	-0.184332 
1090571	-0.183631 
1090572	-0.175532 
1090573	-0.159960 
1090574	-0.137431 
1090575	-0.108750 
1090576	-0.074708 
1090577	-0.036027 
1090578	0.006435 
1090579	0.051283 
1090580	0.096255 
1090581	0.138223 
1090582	0.173543 
1090583	0.198631 
1090584	0.210636 
1090585	0.208143 
1090586	0.191554 
1090587	0.162895 
1090588	0.125159 
1090589	0.081534 
1090590	0.034819 
1090591	-0.012762 
1090592	-0.059499 
1090593	-0.103891 
1090594	-0.144332 
1090595	-0.179019 
1090596	-0.206187 
1090597	-0.224551 
1090598	-0.233760 
1090599	-0.234565 
1090600	-0.228657 
1090601	-0.218213 
1090602	-0.205353 
1090603	-0.191715 
1090604	-0.178284 
1090605	-0.165518 
1090606	-0.153654 
1090607	-0.143026 
1090608	-0.134137 
1090609	-0.127538 
1090610	-0.123553 
1090611	-0.122106 
1090612	-0.122760 
1090613	-0.124946 
1090614	-0.128276 
1090615	-0.132826 
1090616	-0.139241 
1090617	-0.148565 
1090618	-0.161826 
1090619	-0.179477 
1090620	-0.200998 
1090621	-0.224816 
1090622	-0.248641 
1090623	-0.270024 
1090624	-0.286947 
1090625	-0.298171 
1090626	-0.303288 
1090627	-0.302470 
1090628	-0.296096 
1090629	-0.284472 
1090630	-0.267731 
1090631	-0.246026 
1090632	-0.219893 
1090633	-0.190584 
1090634	-0.160190 
1090635	-0.131360 
1090636	-0.106712 
1090637	-0.088236 
1090638	-0.076864 
1090639	-0.072439 
1090640	-0.074010 
1090641	-0.080315 
1090642	-0.090266 
1090643	-0.103184 
1090644	-0.118789 
1090645	-0.136853 
1090646	-0.156797 
1090647	-0.177476 
1090648	-0.197257 
1090649	-0.214375 
1090650	-0.227369 
1090651	-0.235458 
1090652	-0.238679 
1090653	-0.237770 
1090654	-0.233835 
1090655	-0.227982 
1090656	-0.221082 
1090657	-0.213705 
1090658	-0.206167 
1090659	-0.198629 
1090660	-0.191165 
1090661	-0.183758 
1090662	-0.176193 
1090663	-0.167913 
1090664	-0.157958 
1090665	-0.145120 
1090666	-0.128257 
1090667	-0.106803 
1090668	-0.081201 
1090669	-0.053149 
1090670	-0.025520 
1090671	-0.001903 
1090672	0.014122 
1090673	0.019820 
1090674	0.013962 
1090675	-0.002962 
1090676	-0.028979 
1090677	-0.061232 
1090678	-0.096629 
1090679	-0.132312 
1090680	-0.165823 
1090681	-0.194947 
1090682	-0.217527 
1090683	-0.231420 
1090684	-0.234661 
1090685	-0.225745 
1090686	-0.203847 
1090687	-0.168904 
1090688	-0.121620 
1090689	-0.063506 
1090690	0.002942 
1090691	0.073862 
1090692	0.143705 
1090693	0.205369 
1090694	0.250982 
1090695	0.273500 
1090696	0.269093 
1090697	0.238886 
1090698	0.188506 
1090699	0.125891 
1090700	0.059184 
1090701	-0.004457 
1090702	-0.059423 
1090703	-0.101759 
1090704	-0.128999 
1090705	-0.139905 
1090706	-0.134236 
1090707	-0.112556 
1090708	-0.076158 
1090709	-0.027205 
1090710	0.030926 
1090711	0.093234 
1090712	0.153060 
1090713	0.202590 
1090714	0.234051 
1090715	0.241666 
1090716	0.223919 
1090717	0.184423 
1090718	0.130597 
1090719	0.071345 
1090720	0.015163 
1090721	-0.031061 
1090722	-0.062639 
1090723	-0.077149 
1090724	-0.074178 
1090725	-0.055022 
1090726	-0.022509 
1090727	0.019111 
1090728	0.064289 
1090729	0.106518 
1090730	0.138929 
1090731	0.155326 
1090732	0.151716 
1090733	0.127696 
1090734	0.086680 
1090735	0.034786 
1090736	-0.020753 
1090737	-0.072844 
1090738	-0.115450 
1090739	-0.144179 
1090740	-0.156561 
1090741	-0.152027 
1090742	-0.131764 
1090743	-0.098500 
1090744	-0.056269 
1090745	-0.010109 
1090746	0.034359 
1090747	0.071529 
1090748	0.096499 
1090749	0.105825 
1090750	0.098292 
1090751	0.075194 
1090752	0.039850 
1090753	-0.003389 
1090754	-0.050005 
1090755	-0.095768 
1090756	-0.136979 
1090757	-0.170679 
1090758	-0.194809 
1090759	-0.208179 
1090760	-0.210382 
1090761	-0.201733 
1090762	-0.183182 
1090763	-0.156266 
1090764	-0.123077 
1090765	-0.086196 
1090766	-0.048629 
1090767	-0.013635 
1090768	0.015546 
1090769	0.036156 
1090770	0.046466 
1090771	0.046208 
1090772	0.036719 
1090773	0.020679 
1090774	0.001588 
1090775	-0.016868 
1090776	-0.031425 
1090777	-0.039692 
1090778	-0.040394 
1090779	-0.033387 
1090780	-0.019534 
1090781	-0.000509 
1090782	0.021434 
1090783	0.043696 
1090784	0.063649 
1090785	0.078974 
1090786	0.088004 
1090787	0.090013 
1090788	0.085370 
1090789	0.075488 
1090790	0.062604 
1090791	0.049401 
1090792	0.038545 
1090793	0.032247 
1090794	0.031929 
1090795	0.038031 
1090796	0.049975 
1090797	0.066252 
1090798	0.084598 
1090799	0.102235 
1090800	0.116186 
1090801	0.123609 
1090802	0.122179 
1090803	0.110478 
1090804	0.088298 
1090805	0.056703 
1090806	0.017899 
1090807	-0.025061 
1090808	-0.068681 
1090809	-0.109396 
1090810	-0.143962 
1090811	-0.169721 
1090812	-0.184753 
1090813	-0.187967 
1090814	-0.179132 
1090815	-0.158938 
1090816	-0.129010 
1090817	-0.091948 
1090818	-0.051282 
1090819	-0.011310 
1090820	0.023178 
1090821	0.047292 
1090822	0.056801 
1090823	0.049111 
1090824	0.023933 
1090825	-0.016801 
1090826	-0.069643 
1090827	-0.130444 
1090828	-0.195113 
1090829	-0.260151 
1090830	-0.322811 
1090831	-0.380846 
1090832	-0.432159 
1090833	-0.474556 
1090834	-0.505652 
1090835	-0.523059 
1090836	-0.524809 
1090837	-0.509873 
1090838	-0.478431 
1090839	-0.431798 
1090840	-0.372089 
1090841	-0.301982 
1090842	-0.224684 
1090843	-0.144098 
1090844	-0.065050 
1090845	0.006599 
1090846	0.064167 
1090847	0.100961 
1090848	0.112025 
1090849	0.096248 
1090850	0.057122 
1090851	0.001457 
1090852	-0.062711 
1090853	-0.127683 
1090854	-0.187121 
1090855	-0.236637 
1090856	-0.273805 
1090857	-0.297862 
1090858	-0.309370 
1090859	-0.309809 
1090860	-0.301161 
1090861	-0.285574 
1090862	-0.265132 
1090863	-0.241794 
1090864	-0.217485 
1090865	-0.194172 
1090866	-0.173858 
1090867	-0.158399 
1090868	-0.149226 
1090869	-0.147005 
1090870	-0.151434 
1090871	-0.161250 
1090872	-0.174469 
1090873	-0.188797 
1090874	-0.202113 
1090875	-0.212847 
1090876	-0.220176 
1090877	-0.223989 
1090878	-0.224709 
1090879	-0.223082 
1090880	-0.220046 
1090881	-0.216696 
1090882	-0.214300 
1090883	-0.214255 
1090884	-0.217851 
1090885	-0.225892 
1090886	-0.238241 
1090887	-0.253590 
1090888	-0.269519 
1090889	-0.282880 
1090890	-0.290387 
1090891	-0.289209 
1090892	-0.277468 
1090893	-0.254520 
1090894	-0.221052 
1090895	-0.178992 
1090896	-0.131477 
1090897	-0.082749 
1090898	-0.037967 
1090899	-0.002738 
1090900	0.017619 
1090901	0.019211 
1090902	0.000671 
1090903	-0.036431 
1090904	-0.088163 
1090905	-0.149288 
1090906	-0.214250 
1090907	-0.277953 
1090908	-0.336254 
1090909	-0.386081 
1090910	-0.425311 
1090911	-0.452635 
1090912	-0.467444 
1090913	-0.469753 
1090914	-0.460067 
1090915	-0.439271 
1090916	-0.408485 
1090917	-0.368987 
1090918	-0.322164 
1090919	-0.269559 
1090920	-0.212908 
1090921	-0.154258 
1090922	-0.096079 
1090923	-0.041266 
1090924	0.007098 
1090925	0.046043 
1090926	0.073090 
1090927	0.086586 
1090928	0.086100 
1090929	0.072672 
1090930	0.048742 
1090931	0.017781 
1090932	-0.016188 
1090933	-0.049050 
1090934	-0.077126 
1090935	-0.097730 
1090936	-0.109573 
1090937	-0.112857 
1090938	-0.109066 
1090939	-0.100500 
1090940	-0.089668 
1090941	-0.078721 
1090942	-0.069072 
1090943	-0.061364 
1090944	-0.055646 
1090945	-0.051653 
1090946	-0.049057 
1090947	-0.047534 
1090948	-0.046755 
1090949	-0.046263 
1090950	-0.045444 
1090951	-0.043619 
1090952	-0.040290 
1090953	-0.035437 
1090954	-0.029728 
1090955	-0.024518 
1090956	-0.021582 
1090957	-0.022659 
1090958	-0.028989 
1090959	-0.041036 
1090960	-0.058461 
1090961	-0.080351 
1090962	-0.105536 
1090963	-0.132891 
1090964	-0.161445 
1090965	-0.190341 
1090966	-0.218609 
1090967	-0.244918 
1090968	-0.267473 
1090969	-0.284098 
1090970	-0.292526 
1090971	-0.290766 
1090972	-0.277454 
1090973	-0.252078 
1090974	-0.215146 
1090975	-0.168275 
1090976	-0.114290 
1090977	-0.057305 
1090978	-0.002633 
1090979	0.043476 
1090980	0.074470 
1090981	0.084813 
1090982	0.071717 
1090983	0.036109 
1090984	-0.017744 
1090985	-0.083399 
1090986	-0.153513 
1090987	-0.221359 
1090988	-0.281895 
1090989	-0.331980 
1090990	-0.370087 
1090991	-0.395883 
1090992	-0.409682 
1090993	-0.411956 
1090994	-0.402972 
1090995	-0.382684 
1090996	-0.350896 
1090997	-0.307624 
1090998	-0.253484 
1090999	-0.190027 
1091000	-0.120055 
1091001	-0.047897 
1091002	0.020476 
1091003	0.077929 
1091004	0.117405 
1091005	0.133381 
1091006	0.123268 
1091007	0.088408 
1091008	0.033726 
1091009	-0.033733 
1091010	-0.106308 
1091011	-0.176848 
1091012	-0.239487 
1091013	-0.289818 
1091014	-0.324778 
1091015	-0.342675 
1091016	-0.343318 
1091017	-0.328086 
1091018	-0.299797 
1091019	-0.262375 
1091020	-0.220376 
1091021	-0.178432 
1091022	-0.140871 
1091023	-0.111564 
1091024	-0.093829 
1091025	-0.090062 
1091026	-0.101149 
1091027	-0.125985 
1091028	-0.161395 
1091029	-0.202545 
1091030	-0.243741 
1091031	-0.279441 
1091032	-0.305151 
1091033	-0.318022 
1091034	-0.317062 
1091035	-0.302981 
1091036	-0.277743 
1091037	-0.243984 
1091038	-0.204580 
1091039	-0.162429 
1091040	-0.120484 
1091041	-0.081818 
1091042	-0.049587 
1091043	-0.026743 
1091044	-0.015500 
1091045	-0.016756 
1091046	-0.029683 
1091047	-0.051740 
1091048	-0.079131 
1091049	-0.107576 
1091050	-0.133098 
1091051	-0.152561 
1091052	-0.163835 
1091053	-0.165666 
1091054	-0.157391 
1091055	-0.138707 
1091056	-0.109637 
1091057	-0.070789 
1091058	-0.023871 
1091059	0.027810 
1091060	0.079191 
1091061	0.123851 
1091062	0.155053 
1091063	0.167241 
1091064	0.157585 
1091065	0.126826 
1091066	0.078935 
1091067	0.019818 
1091068	-0.044284 
1091069	-0.108058 
1091070	-0.167632 
1091071	-0.220397 
1091072	-0.264564 
1091073	-0.298690 
1091074	-0.321459 
1091075	-0.331760 
1091076	-0.329025 
1091077	-0.313572 
1091078	-0.286725 
1091079	-0.250691 
1091080	-0.208272 
1091081	-0.162611 
1091082	-0.117019 
1091083	-0.074854 
1091084	-0.039431 
1091085	-0.013909 
1091086	-0.001081 
1091087	-0.002892 
1091088	-0.019828 
1091089	-0.050535 
1091090	-0.091857 
1091091	-0.139316 
1091092	-0.187870 
1091093	-0.232720 
1091094	-0.269944 
1091095	-0.296899 
1091096	-0.312295 
1091097	-0.316034 
1091098	-0.308885 
1091099	-0.292101 
1091100	-0.267128 
1091101	-0.235503 
1091102	-0.198971 
1091103	-0.159676 
1091104	-0.120272 
1091105	-0.083851 
1091106	-0.053552 
1091107	-0.031962 
1091108	-0.020491 
1091109	-0.018941 
1091110	-0.025473 
1091111	-0.037050 
1091112	-0.050186 
1091113	-0.061713 
1091114	-0.069303 
1091115	-0.071641 
1091116	-0.068301 
1091117	-0.059533 
1091118	-0.046096 
1091119	-0.029219 
1091120	-0.010597 
1091121	0.007662 
1091122	0.023289 
1091123	0.034246 
1091124	0.039211 
1091125	0.037994 
1091126	0.031684 
1091127	0.022380 
1091128	0.012648 
1091129	0.004851 
1091130	0.000679 
1091131	0.000942 
1091132	0.005666 
1091133	0.014346 
1091134	0.026250 
1091135	0.040608 
1091136	0.056607 
1091137	0.073261 
1091138	0.089255 
1091139	0.102977 
1091140	0.112769 
1091141	0.117349 
1091142	0.116243 
1091143	0.110039 
1091144	0.100326 
1091145	0.089335 
1091146	0.079426 
1091147	0.072572 
1091148	0.069987 
1091149	0.071967 
1091150	0.077946 
1091151	0.086739 
1091152	0.096869 
1091153	0.106838 
1091154	0.115286 
1091155	0.121071 
1091156	0.123281 
1091157	0.121300 
1091158	0.114919 
1091159	0.104465 
1091160	0.090939 
1091161	0.076056 
1091162	0.062097 
1091163	0.051580 
1091164	0.046812 
1091165	0.049462 
1091166	0.060277 
1091167	0.078985 
1091168	0.104343 
1091169	0.134276 
1091170	0.166006 
1091171	0.196246 
1091172	0.221450 
1091173	0.238278 
1091174	0.244198 
1091175	0.238095 
1091176	0.220624 
1091177	0.194071 
1091178	0.161898 
1091179	0.128142 
1091180	0.096817 
1091181	0.071366 
1091182	0.054232 
1091183	0.046612 
1091184	0.048439 
1091185	0.058549 
1091186	0.074953 
1091187	0.095107 
1091188	0.116175 
1091189	0.135226 
1091190	0.149443 
1091191	0.156394 
1091192	0.154356 
1091193	0.142680 
1091194	0.122005 
1091195	0.094216 
1091196	0.062153 
1091197	0.029149 
1091198	-0.001495 
1091199	-0.027001 
1091200	-0.045524 
1091201	-0.056378 
1091202	-0.060037 
1091203	-0.057931 
1091204	-0.052099 
1091205	-0.044760 
1091206	-0.037943 
1091207	-0.033221 
1091208	-0.031563 
1091209	-0.033261 
1091210	-0.037964 
1091211	-0.044734 
1091212	-0.052208 
1091213	-0.058798 
1091214	-0.062959 
1091215	-0.063442 
1091216	-0.059548 
1091217	-0.051335 
1091218	-0.039730 
1091219	-0.026437 
1091220	-0.013728 
1091221	-0.003998 
1091222	0.000663 
1091223	-0.001108 
1091224	-0.009720 
1091225	-0.024602 
1091226	-0.044403 
1091227	-0.067253 
1091228	-0.091078 
1091229	-0.113776 
1091230	-0.133321 
1091231	-0.147853 
1091232	-0.155864 
1091233	-0.156470 
1091234	-0.149660 
1091235	-0.136379 
1091236	-0.118402 
1091237	-0.098028 
1091238	-0.077709 
1091239	-0.059686 
1091240	-0.045711 
1091241	-0.036956 
1091242	-0.034036 
1091243	-0.037103 
1091244	-0.045944 
1091245	-0.060021 
1091246	-0.078441 
1091247	-0.099871 
1091248	-0.122495 
1091249	-0.144130 
1091250	-0.162505 
1091251	-0.175634 
1091252	-0.182104 
1091253	-0.181254 
1091254	-0.173141 
1091255	-0.158414 
1091256	-0.138072 
1091257	-0.113252 
1091258	-0.085156 
1091259	-0.055165 
1091260	-0.025033 
1091261	0.002993 
1091262	0.026221 
1091263	0.041845 
1091264	0.047459 
1091265	0.041683 
1091266	0.024618 
1091267	-0.002097 
1091268	-0.035687 
1091269	-0.072856 
1091270	-0.110399 
1091271	-0.145641 
1091272	-0.176664 
1091273	-0.202271 
1091274	-0.221778 
1091275	-0.234820 
1091276	-0.241287 
1091277	-0.241375 
1091278	-0.235650 
1091279	-0.225061 
1091280	-0.210857 
1091281	-0.194477 
1091282	-0.177355 
1091283	-0.160734 
1091284	-0.145548 
1091285	-0.132418 
1091286	-0.121788 
1091287	-0.113998 
1091288	-0.109269 
1091289	-0.107579 
1091290	-0.108560 
1091291	-0.111464 
1091292	-0.115319 
1091293	-0.119211 
1091294	-0.122620 
1091295	-0.125604 
1091296	-0.128817 
1091297	-0.133280 
1091298	-0.140023 
1091299	-0.149675 
1091300	-0.162196 
1091301	-0.176829 
1091302	-0.192301 
1091303	-0.207155 
1091304	-0.220036 
1091305	-0.229824 
1091306	-0.235612 
1091307	-0.236643 
1091308	-0.232195 
1091309	-0.221587 
1091310	-0.204274 
1091311	-0.180007 
1091312	-0.149110 
1091313	-0.112725 
1091314	-0.072947 
1091315	-0.032759 
1091316	0.004291 
1091317	0.034606 
1091318	0.055167 
1091319	0.064110 
1091320	0.061108 
1091321	0.047418 
1091322	0.025594 
1091323	-0.001040 
1091324	-0.028980 
1091325	-0.055071 
1091326	-0.076810 
1091327	-0.092458 
1091328	-0.101072 
1091329	-0.102492 
1091330	-0.097276 
1091331	-0.086597 
1091332	-0.072081 
1091333	-0.055597 
1091334	-0.039056 
1091335	-0.024215 
1091336	-0.012523 
1091337	-0.005034 
1091338	-0.002318 
1091339	-0.004429 
1091340	-0.010858 
1091341	-0.020518 
1091342	-0.031800 
1091343	-0.042680 
1091344	-0.050940 
1091345	-0.054473 
1091346	-0.051641 
1091347	-0.041657 
1091348	-0.024872 
1091349	-0.002952 
1091350	0.021224 
1091351	0.043913 
1091352	0.061157 
1091353	0.069594 
1091354	0.067171 
1091355	0.053536 
1091356	0.029912 
1091357	-0.001384 
1091358	-0.037543 
1091359	-0.075691 
1091360	-0.113155 
1091361	-0.147542 
1091362	-0.176720 
1091363	-0.198778 
1091364	-0.212087 
1091365	-0.215460 
1091366	-0.208326 
1091367	-0.190868 
1091368	-0.164055 
1091369	-0.129628 
1091370	-0.090057 
1091371	-0.048542 
1091372	-0.008869 
1091373	0.024848 
1091374	0.048661 
1091375	0.059498 
1091376	0.055792 
1091377	0.037841 
1091378	0.007734 
1091379	-0.031147 
1091380	-0.074763 
1091381	-0.119089 
1091382	-0.160607 
1091383	-0.196565 
1091384	-0.224896 
1091385	-0.244021 
1091386	-0.252662 
1091387	-0.249773 
1091388	-0.234665 
1091389	-0.207191 
1091390	-0.168070 
1091391	-0.119241 
1091392	-0.064169 
1091393	-0.007844 
1091394	0.043684 
1091395	0.084017 
1091396	0.107302 
1091397	0.109534 
1091398	0.089749 
1091399	0.050264 
1091400	-0.004172 
1091401	-0.067568 
1091402	-0.133625 
1091403	-0.196548 
1091404	-0.251765 
1091405	-0.296078 
1091406	-0.327425 
1091407	-0.344642 
1091408	-0.347375 
1091409	-0.336063 
1091410	-0.311908 
1091411	-0.276773 
1091412	-0.233074 
1091413	-0.183777 
1091414	-0.132409 
1091415	-0.083029 
1091416	-0.040037 
1091417	-0.007760 
1091418	0.010141 
1091419	0.011364 
1091420	-0.004529 
1091421	-0.035962 
1091422	-0.079748 
1091423	-0.131749 
1091424	-0.187603 
1091425	-0.243215 
1091426	-0.294929 
1091427	-0.339544 
1091428	-0.374282 
1091429	-0.396762 
1091430	-0.405134 
1091431	-0.398392 
1091432	-0.376718 
1091433	-0.341730 
1091434	-0.296487 
1091435	-0.245344 
1091436	-0.193559 
1091437	-0.146664 
1091438	-0.109759 
1091439	-0.086893 
1091440	-0.080399 
1091441	-0.090461 
1091442	-0.115146 
1091443	-0.150949 
1091444	-0.193522 
1091445	-0.238369 
1091446	-0.281425 
1091447	-0.319435 
1091448	-0.350040 
1091449	-0.371846 
1091450	-0.384419 
1091451	-0.388301 
1091452	-0.384980 
1091453	-0.376707 
1091454	-0.366091 
1091455	-0.355641 
1091456	-0.347316 
1091457	-0.342220 
1091458	-0.340565 
1091459	-0.341785 
1091460	-0.344765 
1091461	-0.348077 
1091462	-0.350180 
1091463	-0.349476 
1091464	-0.344362 
1091465	-0.333334 
1091466	-0.315174 
1091467	-0.289250 
1091468	-0.255804 
1091469	-0.216193 
1091470	-0.172953 
1091471	-0.129599 
1091472	-0.090168 
1091473	-0.058600 
1091474	-0.038121 
1091475	-0.030711 
1091476	-0.036777 
1091477	-0.055103 
1091478	-0.083166 
1091479	-0.117724 
1091480	-0.155322 
1091481	-0.192602 
1091482	-0.226541 
1091483	-0.254540 
1091484	-0.274572 
1091485	-0.285344 
1091486	-0.286417 
1091487	-0.278266 
1091488	-0.262190 
1091489	-0.240109 
1091490	-0.214348 
1091491	-0.187427 
1091492	-0.161903 
1091493	-0.140171 
1091494	-0.124233 
1091495	-0.115425 
1091496	-0.114158 
1091497	-0.119805 
1091498	-0.130706 
1091499	-0.144355 
1091500	-0.157753 
1091501	-0.167873 
1091502	-0.172133 
1091503	-0.168808 
1091504	-0.157249 
1091505	-0.137932 
1091506	-0.112348 
1091507	-0.082789 
1091508	-0.052112 
1091509	-0.023427 
1091510	0.000267 
1091511	0.016494 
1091512	0.023655 
1091513	0.021288 
1091514	0.010130 
1091515	-0.007953 
1091516	-0.030198 
1091517	-0.053234 
1091518	-0.073464 
1091519	-0.087506 
1091520	-0.092627 
1091521	-0.087099 
1091522	-0.070444 
1091523	-0.043553 
1091524	-0.008638 
1091525	0.030977 
1091526	0.071235 
1091527	0.107766 
1091528	0.136315 
1091529	0.153216 
1091530	0.155944 
1091531	0.143639 
1091532	0.117342 
1091533	0.079738 
1091534	0.034640 
1091535	-0.013568 
1091536	-0.060458 
1091537	-0.102085 
1091538	-0.135379 
1091539	-0.158370 
1091540	-0.170159 
1091541	-0.170751 
1091542	-0.160800 
1091543	-0.141429 
1091544	-0.114195 
1091545	-0.081219 
1091546	-0.045421 
1091547	-0.010643 
1091548	0.018471 
1091549	0.037037 
1091550	0.040934 
1091551	0.028028 
1091552	-0.001009 
1091553	-0.042831 
1091554	-0.092409 
1091555	-0.144245 
1091556	-0.193283 
1091557	-0.235468 
1091558	-0.268008 
1091559	-0.289289 
1091560	-0.298614 
1091561	-0.295921 
1091562	-0.281707 
1091563	-0.257111 
1091564	-0.224114 
1091565	-0.185681 
1091566	-0.145683 
1091567	-0.108512 
1091568	-0.078392 
1091569	-0.058589 
1091570	-0.050788 
1091571	-0.054837 
1091572	-0.068968 
1091573	-0.090402 
1091574	-0.116076 
1091575	-0.143270 
1091576	-0.169944 
1091577	-0.194801 
1091578	-0.217150 
1091579	-0.236718 
1091580	-0.253558 
1091581	-0.268011 
1091582	-0.280721 
1091583	-0.292621 
1091584	-0.304766 
1091585	-0.318072 
1091586	-0.332984 
1091587	-0.349254 
1091588	-0.365930 
1091589	-0.381559 
1091590	-0.394542 
1091591	-0.403488 
1091592	-0.407454 
1091593	-0.406001 
1091594	-0.399070 
1091595	-0.386807 
1091596	-0.369437 
1091597	-0.347299 
1091598	-0.321029 
1091599	-0.291797 
1091600	-0.261455 
1091601	-0.232496 
1091602	-0.207752 
1091603	-0.189922 
1091604	-0.181055 
1091605	-0.182219 
1091606	-0.193415 
1091607	-0.213768 
1091608	-0.241825 
1091609	-0.275864 
1091610	-0.313994 
1091611	-0.354074 
1091612	-0.393494 
1091613	-0.429013 
1091614	-0.456874 
1091615	-0.473286 
1091616	-0.475202 
1091617	-0.461101 
1091618	-0.431446 
1091619	-0.388603 
1091620	-0.336371 
1091621	-0.279384 
1091622	-0.222495 
1091623	-0.170225 
1091624	-0.126455 
1091625	-0.094332 
1091626	-0.076102 
1091627	-0.072859 
1091628	-0.084187 
1091629	-0.108068 
1091630	-0.141047 
1091631	-0.178762 
1091632	-0.216707 
1091633	-0.250997 
1091634	-0.278897 
1091635	-0.299092 
1091636	-0.311682 
1091637	-0.317903 
1091638	-0.319616 
1091639	-0.318718 
1091640	-0.316699 
1091641	-0.314465 
1091642	-0.312478 
1091643	-0.311060 
1091644	-0.310694 
1091645	-0.312086 
1091646	-0.315989 
1091647	-0.322852 
1091648	-0.332496 
1091649	-0.344010 
1091650	-0.355876 
1091651	-0.366324 
1091652	-0.373732 
1091653	-0.376947 
1091654	-0.375381 
1091655	-0.368895 
1091656	-0.357492 
1091657	-0.341096 
1091658	-0.319466 
1091659	-0.292335 
1091660	-0.259711 
1091661	-0.222183 
1091662	-0.181184 
1091663	-0.139030 
1091664	-0.098745 
1091665	-0.063681 
1091666	-0.037098 
1091667	-0.021691 
1091668	-0.019175 
1091669	-0.029990 
1091670	-0.053234 
1091671	-0.086829 
1091672	-0.127842 
1091673	-0.172816 
1091674	-0.218042 
1091675	-0.259786 
1091676	-0.294612 
1091677	-0.319804 
1091678	-0.333847 
1091679	-0.336675 
1091680	-0.329650 
1091681	-0.315215 
1091682	-0.296362 
1091683	-0.276065 
1091684	-0.256853 
1091685	-0.240618 
1091686	-0.228668 
1091687	-0.221831 
1091688	-0.220598 
1091689	-0.225081 
1091690	-0.234885 
1091691	-0.248869 
1091692	-0.265033 
1091693	-0.280651 
1091694	-0.292675 
1091695	-0.298277 
1091696	-0.295367 
1091697	-0.282937 
1091698	-0.261141 
1091699	-0.231143 
1091700	-0.194864 
1091701	-0.154762 
1091702	-0.113722 
1091703	-0.075034 
1091704	-0.042263 
1091705	-0.019002 
1091706	-0.008367 
1091707	-0.012307 
1091708	-0.030960 
1091709	-0.062396 
1091710	-0.102852 
1091711	-0.147350 
1091712	-0.190533 
1091713	-0.227544 
1091714	-0.254680 
1091715	-0.269704 
1091716	-0.271840 
1091717	-0.261565 
1091718	-0.240277 
1091719	-0.210088 
1091720	-0.173767 
1091721	-0.134770 
1091722	-0.097185 
1091723	-0.065376 
1091724	-0.043380 
1091725	-0.034114 
1091726	-0.038639 
1091727	-0.055782 
1091728	-0.082332 
1091729	-0.113765 
1091730	-0.145218 
1091731	-0.172382 
1091732	-0.192074 
1091733	-0.202430 
1091734	-0.202728 
1091735	-0.193057 
1091736	-0.174004 
1091737	-0.146555 
1091738	-0.112243 
1091739	-0.073422 
1091740	-0.033483 
1091741	0.003229 
1091742	0.031912 
1091743	0.048284 
1091744	0.049799 
1091745	0.036493 
1091746	0.010996 
1091747	-0.022276 
1091748	-0.058254 
1091749	-0.092170 
1091750	-0.120175 
1091751	-0.139615 
1091752	-0.149006 
1091753	-0.147864 
1091754	-0.136509 
1091755	-0.116050 
1091756	-0.088485 
1091757	-0.056770 
1091758	-0.024761 
1091759	0.003183 
1091760	0.022854 
1091761	0.031013 
1091762	0.026140 
1091763	0.008744 
1091764	-0.018812 
1091765	-0.052942 
1091766	-0.089661 
1091767	-0.125274 
1091768	-0.156701 
1091769	-0.181487 
1091770	-0.197625 
1091771	-0.203442 
1091772	-0.197705 
1091773	-0.179927 
1091774	-0.150806 
1091775	-0.112617 
1091776	-0.069415 
1091777	-0.026848 
1091778	0.008611 
1091779	0.030859 
1091780	0.035468 
1091781	0.020663 
1091782	-0.012367 
1091783	-0.060013 
1091784	-0.117310 
1091785	-0.179021 
1091786	-0.240432 
1091787	-0.297663 
1091788	-0.347563 
1091789	-0.387516 
1091790	-0.415405 
1091791	-0.429799 
1091792	-0.430195 
1091793	-0.417149 
1091794	-0.392134 
1091795	-0.357194 
1091796	-0.314576 
1091797	-0.266549 
1091798	-0.215459 
1091799	-0.163968 
1091800	-0.115256 
1091801	-0.073007 
1091802	-0.041029 
1091803	-0.022514 
1091804	-0.019223 
1091805	-0.030827 
1091806	-0.054806 
1091807	-0.086932 
1091808	-0.122154 
1091809	-0.155610 
1091810	-0.183417 
1091811	-0.203125 
1091812	-0.213719 
1091813	-0.215363 
1091814	-0.209026 
1091815	-0.196145 
1091816	-0.178395 
1091817	-0.157582 
1091818	-0.135659 
1091819	-0.114665 
1091820	-0.096582 
1091821	-0.083007 
1091822	-0.074814 
1091823	-0.071909 
1091824	-0.073216 
1091825	-0.076928 
1091826	-0.080954 
1091827	-0.083420 
1091828	-0.083047 
1091829	-0.079340 
1091830	-0.072560 
1091831	-0.063572 
1091832	-0.053618 
1091833	-0.044122 
1091834	-0.036525 
1091835	-0.032177 
1091836	-0.032223 
1091837	-0.037484 
1091838	-0.048302 
1091839	-0.064421 
1091840	-0.084928 
1091841	-0.108314 
1091842	-0.132621 
1091843	-0.155672 
1091844	-0.175305 
1091845	-0.189575 
1091846	-0.196887 
1091847	-0.196025 
1091848	-0.186166 
1091849	-0.166887 
1091850	-0.138280 
1091851	-0.101190 
1091852	-0.057584 
1091853	-0.010831 
1091854	0.034244 
1091855	0.071886 
1091856	0.096388 
1091857	0.103319 
1091858	0.090685 
1091859	0.059495 
1091860	0.013389 
1091861	-0.042325 
1091862	-0.101802 
1091863	-0.159690 
1091864	-0.211683 
1091865	-0.254501 
1091866	-0.285610 
1091867	-0.302921 
1091868	-0.304668 
1091869	-0.289463 
1091870	-0.256487 
1091871	-0.205793 
1091872	-0.138751 
1091873	-0.058694 
1091874	0.028412 
1091875	0.113731 
1091876	0.186199 
1091877	0.233899 
1091878	0.247288 
1091879	0.223954 
1091880	0.170506 
1091881	0.099418 
1091882	0.024228 
1091883	-0.043315 
1091884	-0.094400 
1091885	-0.123354 
1091886	-0.127307 
1091887	-0.105898 
1091888	-0.061404 
1091889	0.000791 
1091890	0.071889 
1091891	0.140031 
1091892	0.191503 
1091893	0.213799 
1091894	0.200606 
1091895	0.154868 
1091896	0.086500 
1091897	0.007132 
1091898	-0.073113 
1091899	-0.146282 
1091900	-0.206741 
1091901	-0.250861 
1091902	-0.276235 
1091903	-0.281169 
1091904	-0.264557 
1091905	-0.226068 
1091906	-0.166420 
1091907	-0.087851 
1091908	0.005142 
1091909	0.104970 
1091910	0.200764 
1091911	0.278711 
1091912	0.323788 
1091913	0.325630 
1091914	0.284786 
1091915	0.212433 
1091916	0.123906 
1091917	0.033089 
1091918	-0.049232 
1091919	-0.115800 
1091920	-0.162540 
1091921	-0.187754 
1091922	-0.191404 
1091923	-0.174714 
1091924	-0.139988 
1091925	-0.090668 
1091926	-0.031521 
1091927	0.031328 
1091928	0.090760 
1091929	0.139082 
1091930	0.168757 
1091931	0.174169 
1091932	0.153937 
1091933	0.111801 
1091934	0.055255 
1091935	-0.006851 
1091936	-0.065924 
1091937	-0.114509 
1091938	-0.146963 
1091939	-0.159791 
1091940	-0.151671 
1091941	-0.123400 
1091942	-0.077930 
1091943	-0.020476 
1091944	0.041587 
1091945	0.099352 
1091946	0.143510 
1091947	0.166072 
1091948	0.162725 
1091949	0.134509 
1091950	0.087267 
1091951	0.029337 
1091952	-0.030563 
1091953	-0.084476 
1091954	-0.125845 
1091955	-0.149937 
1091956	-0.153971 
1091957	-0.137136 
1091958	-0.100680 
1091959	-0.048060 
1091960	0.015000 
1091961	0.080848 
1091962	0.140645 
1091963	0.185192 
1091964	0.206415 
1091965	0.199906 
1091966	0.166747 
1091967	0.112872 
1091968	0.046528 
1091969	-0.023830 
1091970	-0.090642 
1091971	-0.147947 
1091972	-0.191556 
1091973	-0.218749 
1091974	-0.228044 
1091975	-0.219081 
1091976	-0.192613 
1091977	-0.150493 
1091978	-0.095786 
1091979	-0.032937 
1091980	0.032211 
1091981	0.092850 
1091982	0.141653 
1091983	0.171439 
1091984	0.176722 
1091985	0.155594 
1091986	0.110379 
1091987	0.046568 
1091988	-0.028871 
1091989	-0.108709 
1091990	-0.186240 
1091991	-0.255934 
1091992	-0.313672 
1091993	-0.356617 
1091994	-0.382944 
1091995	-0.391661 
1091996	-0.382465 
1091997	-0.355599 
1091998	-0.311796 
1091999	-0.252493 
1092000	-0.180384 
1092001	-0.100141 
