1091501	0.403997 
1091502	0.426051 
1091503	0.424081 
1091504	0.399056 
1091505	0.357578 
1091506	0.309072 
1091507	0.262755 
1091508	0.225979 
1091509	0.203694 
1091510	0.198411 
1091511	0.210338 
1091512	0.237436 
1091513	0.275415 
1091514	0.317731 
1091515	0.355880 
1091516	0.380694 
1091517	0.385018 
1091518	0.366637 
1091519	0.329279 
1091520	0.280956 
1091521	0.231061 
1091522	0.188112 
1091523	0.158610 
1091524	0.146511 
1091525	0.153111 
1091526	0.177058 
1091527	0.214419 
1091528	0.258738 
1091529	0.301222 
1091530	0.331612 
1091531	0.340673 
1091532	0.323767 
1091533	0.282961 
1091534	0.225802 
1091535	0.161872 
1091536	0.099942 
1091537	0.046952 
1091538	0.007908 
1091539	-0.014109 
1091540	-0.017958 
1091541	-0.004424 
1091542	0.023802 
1091543	0.062237 
1091544	0.104917 
1091545	0.144884 
1091546	0.174918 
1091547	0.188913 
1091548	0.183742 
1091549	0.160494 
1091550	0.123992 
1091551	0.080993 
1091552	0.038383 
1091553	0.002123 
1091554	-0.023192 
1091555	-0.034535 
1091556	-0.030594 
1091557	-0.011946 
1091558	0.018826 
1091559	0.057191 
1091560	0.097114 
1091561	0.131924 
1091562	0.155618 
1091563	0.164416 
1091564	0.157868 
1091565	0.138840 
1091566	0.112381 
1091567	0.084270 
1091568	0.059919 
1091569	0.043774 
1091570	0.039033 
1091571	0.047515 
1091572	0.069506 
1091573	0.103473 
1091574	0.145757 
1091575	0.190396 
1091576	0.229436 
1091577	0.254202 
1091578	0.257878 
1091579	0.238441 
1091580	0.199723 
1091581	0.149714 
1091582	0.097718 
1091583	0.052219 
1091584	0.019819 
1091585	0.004860 
1091586	0.009480 
1091587	0.033903 
1091588	0.076679 
1091589	0.134674 
1091590	0.202840 
1091591	0.273845 
1091592	0.337943 
1091593	0.384172 
1091594	0.403708 
1091595	0.393825 
1091596	0.359323 
1091597	0.310158 
1091598	0.257573 
1091599	0.211435 
1091600	0.179124 
1091601	0.165045 
1091602	0.170492 
1091603	0.193726 
1091604	0.230210 
1091605	0.273093 
1091606	0.314093 
1091607	0.344781 
1091608	0.358274 
1091609	0.351156 
1091610	0.324552 
1091611	0.283554 
1091612	0.235299 
1091613	0.187012 
1091614	0.144844 
1091615	0.113439 
1091616	0.095845 
1091617	0.093516 
1091618	0.106151 
1091619	0.131470 
1091620	0.164972 
1091621	0.199964 
1091622	0.228216 
1091623	0.241768 
1091624	0.235557 
1091625	0.209448 
1091626	0.168218 
1091627	0.119482 
1091628	0.071104 
1091629	0.029497 
1091630	-0.000953 
1091631	-0.017890 
1091632	-0.020763 
1091633	-0.010580 
1091634	0.010239 
1091635	0.037801 
1091636	0.066703 
1091637	0.090484 
1091638	0.102888 
1091639	0.099834 
1091640	0.081008 
1091641	0.050045 
1091642	0.013080 
1091643	-0.023295 
1091644	-0.053495 
1091645	-0.073625 
1091646	-0.081649 
1091647	-0.077265 
1091648	-0.061525 
1091649	-0.036332 
1091650	-0.004026 
1091651	0.032833 
1091652	0.071387 
1091653	0.108321 
1091654	0.139919 
1091655	0.162678 
1091656	0.174313 
1091657	0.174647 
1091658	0.165896 
1091659	0.152183 
1091660	0.138521 
1091661	0.129691 
1091662	0.129269 
1091663	0.138902 
1091664	0.157938 
1091665	0.183553 
1091666	0.211394 
1091667	0.236702 
1091668	0.255647 
1091669	0.266354 
1091670	0.269263 
1091671	0.266667 
1091672	0.261731 
1091673	0.257466 
1091674	0.256067 
1091675	0.258662 
1091676	0.265402 
1091677	0.275698 
1091678	0.288434 
1091679	0.302129 
1091680	0.315022 
1091681	0.325298 
1091682	0.331494 
1091683	0.333012 
1091684	0.330462 
1091685	0.325661 
1091686	0.321186 
1091687	0.319662 
1091688	0.323089 
1091689	0.332347 
1091690	0.346953 
1091691	0.365072 
1091692	0.383760 
1091693	0.399498 
1091694	0.408952 
1091695	0.409788 
1091696	0.401351 
1091697	0.384906 
1091698	0.363280 
1091699	0.340157 
1091700	0.319228 
1091701	0.303521 
1091702	0.295012 
1091703	0.294562 
1091704	0.301967 
1091705	0.316033 
1091706	0.334554 
1091707	0.354365 
1091708	0.371598 
1091709	0.382274 
1091710	0.383242 
1091711	0.373142 
1091712	0.352962 
1091713	0.325893 
1091714	0.296537 
1091715	0.269826 
1091716	0.249994 
1091717	0.239863 
1091718	0.240474 
1091719	0.251101 
1091720	0.269505 
1091721	0.292364 
1091722	0.315695 
1091723	0.335328 
1091724	0.347484 
1091725	0.349578 
1091726	0.340920 
1091727	0.322921 
1091728	0.298674 
1091729	0.272139 
1091730	0.247322 
1091731	0.227694 
1091732	0.215763 
1091733	0.212760 
1091734	0.218463 
1091735	0.231171 
1091736	0.247918 
1091737	0.264888 
1091738	0.278007 
1091739	0.283735 
1091740	0.279934 
1091741	0.266575 
1091742	0.245785 
1091743	0.221193 
1091744	0.196905 
1091745	0.176661 
1091746	0.163310 
1091747	0.158578 
1091748	0.162986 
1091749	0.175804 
1091750	0.194990 
1091751	0.217242 
1091752	0.238313 
1091753	0.253767 
1091754	0.260090 
1091755	0.255797 
1091756	0.241985 
1091757	0.222034 
1091758	0.200661 
1091759	0.182771 
1091760	0.172499 
1091761	0.172587 
1091762	0.184161 
1091763	0.206806 
1091764	0.238744 
1091765	0.277019 
1091766	0.317589 
1091767	0.355534 
1091768	0.385533 
1091769	0.402879 
1091770	0.404811 
1091771	0.391535 
1091772	0.366257 
1091773	0.334264 
1091774	0.301634 
1091775	0.274109 
1091776	0.256272 
1091777	0.250948 
1091778	0.258846 
1091779	0.278483 
1091780	0.306357 
1091781	0.337404 
1091782	0.365671 
1091783	0.385371 
1091784	0.392292 
1091785	0.385108 
1091786	0.365831 
1091787	0.339008 
1091788	0.310251 
1091789	0.284839 
1091790	0.266879 
1091791	0.258967 
1091792	0.262081 
1091793	0.275505 
1091794	0.296845 
1091795	0.322122 
1091796	0.346215 
1091797	0.363793 
1091798	0.370675 
1091799	0.365167 
1091800	0.348665 
1091801	0.325202 
1091802	0.300218 
1091803	0.279171 
1091804	0.266456 
1091805	0.264736 
1091806	0.274664 
1091807	0.294930 
1091808	0.322496 
1091809	0.352944 
1091810	0.380978 
1091811	0.401218 
1091812	0.409397 
1091813	0.403598 
1091814	0.384868 
1091815	0.356818 
1091816	0.324446 
1091817	0.292954 
1091818	0.266929 
1091819	0.249904 
1091820	0.244049 
1091821	0.249940 
1091822	0.266432 
1091823	0.290723 
1091824	0.318620 
1091825	0.345143 
1091826	0.365384 
1091827	0.375609 
1091828	0.374276 
1091829	0.362482 
1091830	0.343571 
1091831	0.322038 
1091832	0.302347 
1091833	0.288027 
1091834	0.281241 
1091835	0.282665 
1091836	0.291541 
1091837	0.305741 
1091838	0.321906 
1091839	0.335837 
1091840	0.343249 
1091841	0.340911 
1091842	0.327690 
1091843	0.305060 
1091844	0.276738 
1091845	0.247753 
1091846	0.223316 
1091847	0.207836 
1091848	0.204130 
1091849	0.212943 
1091850	0.232768 
1091851	0.260040 
1091852	0.289565 
1091853	0.315334 
1091854	0.331692 
1091855	0.334855 
1091856	0.324104 
1091857	0.301957 
1091858	0.273169 
1091859	0.243245 
1091860	0.217223 
1091861	0.199052 
1091862	0.191329 
1091863	0.195192 
1091864	0.210214 
1091865	0.234318 
1091866	0.263851 
1091867	0.293926 
1091868	0.319185 
1091869	0.334990 
1091870	0.338745 
1091871	0.330727 
1091872	0.313912 
1091873	0.292884 
1091874	0.272462 
1091875	0.256585 
1091876	0.247714 
1091877	0.246641 
1091878	0.252602 
1091879	0.263480 
1091880	0.276094 
1091881	0.286632 
1091882	0.291351 
1091883	0.287519 
1091884	0.274270 
1091885	0.252958 
1091886	0.226777 
1091887	0.199911 
1091888	0.176596 
1091889	0.160391 
1091890	0.153672 
1091891	0.157348 
1091892	0.170716 
1091893	0.191518 
1091894	0.216146 
1091895	0.240118 
1091896	0.258793 
1091897	0.268370 
1091898	0.266897 
1091899	0.254848 
1091900	0.234901 
1091901	0.211069 
1091902	0.187677 
1091903	0.168619 
1091904	0.156989 
1091905	0.154945 
1091906	0.163533 
1091907	0.182468 
1091908	0.209850 
1091909	0.242036 
1091910	0.273769 
1091911	0.298915 
1091912	0.311926 
1091913	0.309670 
1091914	0.292659 
1091915	0.264845 
1091916	0.232165 
1091917	0.200741 
1091918	0.175549 
1091919	0.159775 
1091920	0.154633 
1091921	0.159541 
1091922	0.172479 
1091923	0.190476 
1091924	0.210085 
1091925	0.227917 
1091926	0.241213 
1091927	0.248369 
1091928	0.249238 
1091929	0.245030 
1091930	0.237936 
1091931	0.230542 
1091932	0.225300 
1091933	0.224134 
1091934	0.228171 
1091935	0.237559 
1091936	0.251385 
1091937	0.267709 
1091938	0.283831 
1091939	0.296779 
1091940	0.304041 
1091941	0.304325 
1091942	0.298018 
1091943	0.287065 
1091944	0.274368 
1091945	0.263064 
1091946	0.255890 
1091947	0.254789 
1091948	0.260736 
1091949	0.273734 
1091950	0.292859 
1091951	0.316289 
1091952	0.341403 
1091953	0.365034 
1091954	0.383939 
1091955	0.395547 
1091956	0.398679 
1091957	0.393936 
1091958	0.383484 
1091959	0.370354 
1091960	0.357573 
1091961	0.347508 
1091962	0.341455 
1091963	0.339555 
1091964	0.340856 
1091965	0.343540 
1091966	0.345260 
1091967	0.343614 
1091968	0.336709 
1091969	0.323680 
1091970	0.305032 
1091971	0.282639 
1091972	0.259359 
1091973	0.238453 
1091974	0.223001 
1091975	0.215433 
1091976	0.217250 
1091977	0.228792 
1091978	0.249042 
1091979	0.275455 
1091980	0.303958 
1091981	0.329361 
1091982	0.346340 
1091983	0.351008 
1091984	0.342391 
1091985	0.322967 
1091986	0.297869 
1091987	0.273322 
1091988	0.255315 
1091989	0.248745 
1091990	0.256775 
1091991	0.280487 
1091992	0.318854 
1091993	0.368817 
1091994	0.425241 
1091995	0.480979 
1091996	0.527505 
1091997	0.556708 
1091998	0.563528 
1091999	0.548018 
1092000	0.515375 
1092001	0.473875 
1092002	0.432194 
1092003	0.397489 
1092004	0.374459 
1092005	0.365066 
1092006	0.368523 
1092007	0.381473 
1092008	0.398397 
1092009	0.412503 
1092010	0.417254 
1092011	0.408238 
1092012	0.384531 
1092013	0.348834 
1092014	0.306321 
1092015	0.263050 
1092016	0.224765 
1092017	0.196175 
1092018	0.180581 
1092019	0.179719 
1092020	0.193735 
1092021	0.221127 
1092022	0.258670 
1092023	0.301480 
1092024	0.343260 
1092025	0.376980 
1092026	0.396340 
1092027	0.397839 
1092028	0.382211 
1092029	0.354219 
1092030	0.320898 
1092031	0.289424 
1092032	0.265610 
1092033	0.253247 
1092034	0.254018 
1092035	0.267567 
1092036	0.291585 
1092037	0.321750 
1092038	0.351729 
1092039	0.373849 
1092040	0.380928 
1092041	0.368888 
1092042	0.338547 
1092043	0.295297 
1092044	0.246987 
1092045	0.201535 
1092046	0.165404 
1092047	0.142893 
1092048	0.135944 
1092049	0.144172 
1092050	0.164941 
1092051	0.193433 
1092052	0.222834 
1092053	0.245115 
1092054	0.252987 
1092055	0.242574 
1092056	0.215171 
1092057	0.176686 
1092058	0.135290 
1092059	0.099009 
1092060	0.074339 
1092061	0.065625 
1092062	0.074732 
1092063	0.100864 
1092064	0.140495 
1092065	0.187461 
1092066	0.233375 
1092067	0.268785 
1092068	0.285603 
1092069	0.280157 
1092070	0.254813 
1092071	0.216760 
1092072	0.174978 
1092073	0.137502 
1092074	0.110179 
1092075	0.096423 
1092076	0.097372 
1092077	0.112121 
1092078	0.137903 
1092079	0.170266 
1092080	0.203345 
1092081	0.230478 
1092082	0.245506 
1092083	0.244663 
1092084	0.227990 
1092085	0.199290 
1092086	0.164658 
1092087	0.130639 
1092088	0.102938 
1092089	0.085799 
1092090	0.081756 
1092091	0.091591 
1092092	0.114390 
1092093	0.147654 
1092094	0.187412 
1092095	0.228427 
1092096	0.264612 
1092097	0.290045 
1092098	0.300505 
1092099	0.294903 
1092100	0.275681 
1092101	0.247921 
1092102	0.217805 
1092103	0.191247 
1092104	0.173035 
1092105	0.166304 
1092106	0.172182 
1092107	0.189548 
1092108	0.215006 
1092109	0.243166 
1092110	0.267413 
1092111	0.281296 
1092112	0.280468 
1092113	0.264241 
1092114	0.235760 
1092115	0.200709 
1092116	0.165477 
1092117	0.135792 
1092118	0.116091 
1092119	0.109387 
1092120	0.117273 
1092121	0.139863 
1092122	0.175571 
1092123	0.220797 
1092124	0.269717 
1092125	0.314641 
1092126	0.347345 
1092127	0.361551 
1092128	0.355408 
1092129	0.332283 
1092130	0.299289 
1092131	0.264726 
1092132	0.236007 
1092133	0.218499 
1092134	0.215003 
1092135	0.225647 
1092136	0.248029 
1092137	0.277589 
1092138	0.308195 
1092139	0.333044 
1092140	0.346017 
1092141	0.343327 
1092142	0.324772 
1092143	0.293732 
1092144	0.255973 
1092145	0.218022 
1092146	0.185992 
1092147	0.164869 
1092148	0.158084 
1092149	0.167156 
1092150	0.191369 
1092151	0.227564 
1092152	0.270152 
1092153	0.311590 
1092154	0.343416 
1092155	0.358191 
1092156	0.352049 
1092157	0.326351 
1092158	0.287135 
1092159	0.242699 
1092160	0.201120 
1092161	0.168818 
1092162	0.150096 
1092163	0.147138 
1092164	0.160154 
1092165	0.187495 
1092166	0.225583 
1092167	0.268790 
1092168	0.309484 
1092169	0.338859 
1092170	0.349232 
1092171	0.337161 
1092172	0.305224 
1092173	0.261038 
1092174	0.214346 
1092175	0.174287 
1092176	0.147903 
1092177	0.139400 
1092178	0.149788 
1092179	0.176793 
1092180	0.215086 
1092181	0.256828 
1092182	0.292735 
1092183	0.314072 
1092184	0.315454 
1092185	0.296897 
1092186	0.263555 
1092187	0.223352 
1092188	0.184413 
1092189	0.153599 
1092190	0.135990 
1092191	0.134702 
1092192	0.150705 
1092193	0.182524 
1092194	0.225857 
1092195	0.273257 
1092196	0.314297 
1092197	0.337327 
1092198	0.333685 
1092199	0.302111 
1092200	0.249656 
1092201	0.188270 
1092202	0.129999 
1092203	0.084120 
1092204	0.056423 
1092205	0.049311 
1092206	0.062160 
1092207	0.091871 
1092208	0.133365 
1092209	0.180101 
1092210	0.224535 
1092211	0.258986 
1092212	0.277298 
1092213	0.276950 
1092214	0.260159 
1092215	0.233116 
1092216	0.203910 
1092217	0.180442 
1092218	0.169081 
1092219	0.173901 
1092220	0.196227 
1092221	0.234295 
1092222	0.283103 
1092223	0.334668 
1092224	0.379192 
1092225	0.407524 
1092226	0.414321 
1092227	0.400131 
1092228	0.370883 
1092229	0.335251 
1092230	0.301785 
1092231	0.277252 
1092232	0.266020 
1092233	0.269931 
1092234	0.288355 
1092235	0.318285 
1092236	0.354388 
1092237	0.389236 
1092238	0.414244 
1092239	0.421961 
1092240	0.409096 
1092241	0.378248 
1092242	0.336868 
1092243	0.294316 
1092244	0.259112 
1092245	0.237511 
1092246	0.232965 
1092247	0.246000 
1092248	0.274317 
1092249	0.313086 
1092250	0.355532 
1092251	0.393956 
1092252	0.421413 
1092253	0.433890 
1092254	0.431821 
1092255	0.419805 
1092256	0.404645 
1092257	0.393122 
1092258	0.390508 
1092259	0.399860 
1092260	0.421744 
1092261	0.454182 
1092262	0.492781 
1092263	0.531119 
1092264	0.561628 
1092265	0.577213 
1092266	0.573485 
1092267	0.550507 
1092268	0.512892 
1092269	0.468172 
1092270	0.424607 
1092271	0.389490 
1092272	0.368127 
1092273	0.363272 
1092274	0.374815 
1092275	0.399685 
1092276	0.432036 
1092277	0.463865 
1092278	0.486342 
1092279	0.492122 
1092280	0.478052 
1092281	0.446591 
1092282	0.404799 
1092283	0.361719 
1092284	0.325851 
1092285	0.303594 
1092286	0.298551 
1092287	0.311388 
1092288	0.339988 
1092289	0.379654 
1092290	0.423467 
1092291	0.463140 
1092292	0.490688 
1092293	0.500745 
1092294	0.492422 
1092295	0.469505 
1092296	0.438834 
1092297	0.407948 
1092298	0.383230 
1092299	0.368884 
1092300	0.366460 
1092301	0.374673 
1092302	0.389477 
1092303	0.404540 
1092304	0.412448 
1092305	0.406876 
1092306	0.385132 
1092307	0.349524 
1092308	0.306476 
1092309	0.264063 
1092310	0.229634 
1092311	0.208572 
1092312	0.203890 
1092313	0.216147 
1092314	0.243479 
1092315	0.281642 
1092316	0.324200 
1092317	0.363178 
1092318	0.390767 
1092319	0.401948 
1092320	0.396578 
1092321	0.379426 
1092322	0.358058 
1092323	0.340094 
1092324	0.331340 
1092325	0.335033 
1092326	0.351681 
1092327	0.379163 
1092328	0.412894 
1092329	0.446174 
1092330	0.470926 
1092331	0.479407 
1092332	0.466743 
1092333	0.432947 
1092334	0.383052 
1092335	0.325252 
1092336	0.268487 
1092337	0.220598 
1092338	0.187374 
1092339	0.172171 
1092340	0.175797 
1092341	0.196477 
1092342	0.229805 
1092343	0.268755 
1092344	0.304163 
1092345	0.326414 
1092346	0.328373 
1092347	0.308140 
1092348	0.269734 
1092349	0.221302 
1092350	0.172266 
1092351	0.131165 
1092352	0.104621 
1092353	0.096967 
1092354	0.110063 
1092355	0.143157 
1092356	0.192753 
1092357	0.252666 
1092358	0.314342 
1092359	0.367961 
1092360	0.405031 
1092361	0.421428 
1092362	0.418878 
1092363	0.403806 
1092364	0.384410 
1092365	0.367993 
1092366	0.359602 
1092367	0.361618 
1092368	0.373665 
1092369	0.392538 
1092370	0.412286 
1092371	0.424901 
1092372	0.422296 
1092373	0.399416 
1092374	0.356724 
1092375	0.300253 
1092376	0.239189 
1092377	0.182771 
1092378	0.138395 
1092379	0.110995 
1092380	0.103041 
1092381	0.114651 
1092382	0.143674 
1092383	0.185691 
1092384	0.234072 
1092385	0.280428 
1092386	0.315922 
1092387	0.333843 
1092388	0.332386 
1092389	0.315645 
1092390	0.291968 
1092391	0.270798 
1092392	0.260017 
1092393	0.264759 
1092394	0.287165 
1092395	0.326377 
1092396	0.378609 
1092397	0.437383 
1092398	0.494029 
1092399	0.538761 
1092400	0.562985 
1092401	0.562393 
1092402	0.538884 
1092403	0.499706 
1092404	0.454594 
1092405	0.412897 
1092406	0.382024 
1092407	0.366903 
1092408	0.369780 
1092409	0.389973 
1092410	0.423690 
1092411	0.464131 
1092412	0.502137 
1092413	0.527997 
1092414	0.534528 
1092415	0.519942 
1092416	0.488498 
1092417	0.448396 
1092418	0.408685 
1092419	0.377103 
1092420	0.359186 
1092421	0.358011 
1092422	0.374059 
1092423	0.405101 
1092424	0.446216 
1092425	0.490167 
1092426	0.528440 
1092427	0.553258 
1092428	0.560204 
1092429	0.549920 
1092430	0.527603 
1092431	0.500722 
1092432	0.476660 
1092433	0.461209 
1092434	0.457790 
1092435	0.467136 
1092436	0.487237 
1092437	0.513444 
1092438	0.538750 
1092439	0.554627 
1092440	0.552989 
1092441	0.529129 
1092442	0.484127 
1092443	0.424801 
1092444	0.361046 
1092445	0.302593 
1092446	0.257318 
1092447	0.230703 
1092448	0.225441 
1092449	0.241287 
1092450	0.275095 
1092451	0.320992 
1092452	0.370758 
1092453	0.414507 
1092454	0.442621 
1092455	0.449202 
1092456	0.434767 
1092457	0.405858 
1092458	0.372029 
1092459	0.342645 
1092460	0.324917 
1092461	0.323106 
1092462	0.338363 
1092463	0.368833 
1092464	0.409770 
1092465	0.453518 
1092466	0.489929 
1092467	0.508076 
1092468	0.499801 
1092469	0.463247 
1092470	0.403744 
1092471	0.331266 
1092472	0.256641 
1092473	0.189038 
1092474	0.135173 
1092475	0.099242 
1092476	0.083007 
1092477	0.085745 
1092478	0.104054 
1092479	0.131702 
1092480	0.159977 
1092481	0.179009 
1092482	0.180826 
1092483	0.162864 
1092484	0.129238 
1092485	0.088813 
1092486	0.051623 
1092487	0.026078 
1092488	0.017759 
1092489	0.029043 
1092490	0.058976 
1092491	0.103121 
1092492	0.153552 
1092493	0.199610 
1092494	0.230470 
1092495	0.239214 
1092496	0.225936 
1092497	0.197480 
1092498	0.163939 
1092499	0.134894 
1092500	0.117502 
1092501	0.116172 
1092502	0.132630 
1092503	0.166041 
1092504	0.213074 
1092505	0.267956 
1092506	0.322681 
1092507	0.367971 
1092508	0.395531 
1092509	0.401046 
1092510	0.385974 
1092511	0.356726 
1092512	0.321927 
1092513	0.289771 
1092514	0.266610 
1092515	0.256519 
1092516	0.261327 
1092517	0.280755 
1092518	0.312519 
1092519	0.352419 
1092520	0.394492 
1092521	0.431433 
1092522	0.455989 
1092523	0.463243 
1092524	0.452548 
1092525	0.427692 
1092526	0.395420 
1092527	0.363417 
1092528	0.338682 
1092529	0.326482 
1092530	0.329739 
1092531	0.348795 
1092532	0.381381 
1092533	0.422812 
1092534	0.466385 
1092535	0.504014 
1092536	0.527494 
1092537	0.530774 
1092538	0.512453 
1092539	0.476493 
1092540	0.430528 
1092541	0.383178 
1092542	0.342157 
1092543	0.313345 
1092544	0.300367 
1092545	0.304470 
1092546	0.324459 
1092547	0.356618 
1092548	0.394740 
1092549	0.430456 
1092550	0.454390 
1092551	0.458771 
1092552	0.440645 
1092553	0.403281 
1092554	0.354635 
1092555	0.304326 
1092556	0.261178 
1092557	0.231848 
1092558	0.220176 
1092559	0.227001 
1092560	0.250269 
1092561	0.285265 
1092562	0.324857 
1092563	0.359919 
1092564	0.380637 
1092565	0.379239 
1092566	0.353150 
1092567	0.306166 
1092568	0.246630 
1092569	0.184089 
1092570	0.126850 
1092571	0.081123 
1092572	0.051002 
1092573	0.038554 
1092574	0.043850 
1092575	0.065039 
1092576	0.098443 
1092577	0.138753 
1092578	0.179245 
1092579	0.212142 
1092580	0.229831 
1092581	0.227184 
1092582	0.203708 
1092583	0.163744 
1092584	0.114593 
1092585	0.064019 
1092586	0.018673 
1092587	-0.016512 
1092588	-0.038392 
1092589	-0.045532 
1092590	-0.038149 
1092591	-0.018078 
1092592	0.011340 
1092593	0.045584 
1092594	0.079540 
1092595	0.108320 
1092596	0.128221 
1092597	0.137562 
1092598	0.137041 
1092599	0.129422 
1092600	0.118660 
1092601	0.108944 
1092602	0.103940 
1092603	0.106355 
1092604	0.117687 
1092605	0.138054 
1092606	0.165960 
1092607	0.198140 
1092608	0.229597 
1092609	0.254201 
1092610	0.266146 
1092611	0.261962 
1092612	0.241950 
1092613	0.210089 
1092614	0.172497 
1092615	0.135698 
1092616	0.105479 
1092617	0.086265 
1092618	0.080773 
1092619	0.089887 
1092620	0.112704 
1092621	0.146673 
1092622	0.187751 
1092623	0.230658 
1092624	0.269336 
1092625	0.297846 
1092626	0.311835 
1092627	0.309982 
1092628	0.294572 
1092629	0.270679 
1092630	0.244578 
1092631	0.222247 
1092632	0.208431 
1092633	0.206093 
1092634	0.216179 
1092635	0.237576 
1092636	0.267234 
1092637	0.300448 
1092638	0.331382 
1092639	0.353927 
1092640	0.363027 
1092641	0.356243 
1092642	0.334724 
1092643	0.302923 
1092644	0.267168 
1092645	0.233972 
1092646	0.208800 
1092647	0.195388 
1092648	0.195506 
1092649	0.208902 
1092650	0.233404 
1092651	0.265007 
1092652	0.298144 
1092653	0.326248 
1092654	0.342910 
1092655	0.343610 
1092656	0.327318 
1092657	0.296925 
1092658	0.258224 
1092659	0.218128 
1092660	0.183142 
1092661	0.158428 
1092662	0.147379 
1092663	0.151418 
1092664	0.169961 
1092665	0.200450 
1092666	0.238455 
1092667	0.277889 
1092668	0.311542 
1092669	0.332219 
1092670	0.334667 
1092671	0.317491 
1092672	0.283738 
1092673	0.239666 
1092674	0.192590 
1092675	0.149201 
1092676	0.114702 
1092677	0.092538 
1092678	0.084379 
1092679	0.090274 
1092680	0.108861 
1092681	0.137602 
1092682	0.172989 
1092683	0.210702 
1092684	0.245842 
1092685	0.273407 
1092686	0.289191 
1092687	0.290949 
1092688	0.279222 
1092689	0.257276 
1092690	0.230180 
1092691	0.203613 
1092692	0.182840 
1092693	0.172002 
1092694	0.173636 
1092695	0.188365 
1092696	0.214779 
1092697	0.249509 
1092698	0.287538 
1092699	0.322828 
1092700	0.349340 
1092701	0.362398 
1092702	0.359993 
1092703	0.343395 
1092704	0.316649 
1092705	0.285274 
1092706	0.254921 
1092707	0.230444 
1092708	0.215422 
1092709	0.211951 
1092710	0.220563 
1092711	0.240168 
1092712	0.268073 
1092713	0.300118 
1092714	0.331098 
1092715	0.355507 
1092716	0.368597 
1092717	0.367516 
1092718	0.352078 
1092719	0.324751 
1092720	0.289932 
1092721	0.252896 
1092722	0.218884 
1092723	0.192448 
1092724	0.177140 
1092725	0.175406 
1092726	0.188495 
1092727	0.216249 
1092728	0.256707 
1092729	0.305754 
1092730	0.357032 
1092731	0.402342 
1092732	0.432801 
1092733	0.441198 
1092734	0.424861 
1092735	0.386987 
1092736	0.335329 
1092737	0.279421 
1092738	0.228243 
1092739	0.188929 
1092740	0.166184 
1092741	0.162215 
1092742	0.176956 
1092743	0.208239 
1092744	0.251873 
1092745	0.301627 
1092746	0.349393 
1092747	0.385823 
1092748	0.402173 
1092749	0.393350 
1092750	0.360313 
1092751	0.309799 
1092752	0.251610 
1092753	0.195624 
1092754	0.150006 
1092755	0.120410 
1092756	0.109676 
1092757	0.117859 
1092758	0.142352 
1092759	0.178143 
1092760	0.218275 
1092761	0.254627 
1092762	0.279168 
1092763	0.285880 
1092764	0.272681 
1092765	0.242118 
1092766	0.200287 
1092767	0.154828 
1092768	0.113331 
1092769	0.082407 
1092770	0.067157 
1092771	0.070829 
1092772	0.094541 
1092773	0.136926 
1092774	0.193781 
1092775	0.257901 
1092776	0.319222 
1092777	0.365728 
1092778	0.386275 
1092779	0.375062 
1092780	0.334462 
1092781	0.273588 
1092782	0.203955 
1092783	0.136060 
1092784	0.078096 
1092785	0.035650 
1092786	0.011949 
1092787	0.008369 
1092788	0.024828 
1092789	0.059807 
1092790	0.110123 
1092791	0.170654 
1092792	0.234222 
1092793	0.291685 
1092794	0.332938 
1092795	0.349734 
1092796	0.339280 
1092797	0.305805 
1092798	0.258707 
1092799	0.208818 
1092800	0.165635 
1092801	0.136200 
1092802	0.124816 
1092803	0.133040 
1092804	0.159859 
1092805	0.201787 
1092806	0.252926 
1092807	0.305185 
1092808	0.348922 
1092809	0.374529 
1092810	0.375332 
1092811	0.350531 
1092812	0.305645 
1092813	0.250117 
1092814	0.194153 
1092815	0.146579 
1092816	0.113835 
1092817	0.099627 
1092818	0.105020 
1092819	0.128694 
1092820	0.167170 
1092821	0.215004 
1092822	0.264957 
1092823	0.308289 
1092824	0.335879 
1092825	0.340747 
1092826	0.320893 
1092827	0.280262 
1092828	0.226977 
1092829	0.170263 
1092830	0.118251 
1092831	0.077216 
1092832	0.051503 
1092833	0.043494 
1092834	0.053542 
1092835	0.079907 
1092836	0.118747 
1092837	0.164217 
1092838	0.208852 
1092839	0.244420 
1092840	0.263420 
1092841	0.261205 
1092842	0.237667 
1092843	0.197138 
1092844	0.146621 
1092845	0.093681 
1092846	0.045087 
1092847	0.006297 
1092848	-0.018703 
1092849	-0.027362 
1092850	-0.018595 
1092851	0.007035 
1092852	0.047007 
1092853	0.096552 
1092854	0.148610 
1092855	0.194157 
1092856	0.223365 
1092857	0.228375 
1092858	0.206673 
1092859	0.162424 
1092860	0.104523 
1092861	0.043165 
1092862	-0.012580 
1092863	-0.055555 
1092864	-0.080641 
1092865	-0.084655 
1092866	-0.066301 
1092867	-0.026275 
1092868	0.032327 
1092869	0.103503 
1092870	0.178017 
1092871	0.243579 
1092872	0.286806 
1092873	0.298158 
1092874	0.276883 
1092875	0.231376 
1092876	0.174644 
1092877	0.119290 
1092878	0.075326 
1092879	0.049713 
1092880	0.046397 
1092881	0.066521 
1092882	0.108475 
1092883	0.167747 
1092884	0.236752 
1092885	0.305014 
1092886	0.360050 
1092887	0.389987 
1092888	0.388101 
1092889	0.356091 
1092890	0.303044 
1092891	0.241110 
1092892	0.181716 
1092893	0.134162 
1092894	0.105279 
1092895	0.099177 
1092896	0.117163 
1092897	0.157722 
1092898	0.216434 
1092899	0.285930 
1092900	0.356015 
1092901	0.414366 
1092902	0.448727 
1092903	0.451201 
1092904	0.422066 
1092905	0.369571 
1092906	0.305928 
1092907	0.243190 
1092908	0.191296 
1092909	0.157487 
1092910	0.146156 
1092911	0.158805 
1092912	0.193873 
1092913	0.246442 
1092914	0.308214 
1092915	0.367947 
1092916	0.412625 
1092917	0.430682 
1092918	0.416866 
1092919	0.374882 
1092920	0.315309 
1092921	0.250821 
1092922	0.192727 
1092923	0.149724 
1092924	0.127614 
1092925	0.129333 
1092926	0.155007 
1092927	0.201804 
1092928	0.263662 
1092929	0.330889 
1092930	0.389971 
1092931	0.425811 
1092932	0.427697 
1092933	0.394979 
1092934	0.337351 
1092935	0.269636 
1092936	0.206103 
1092937	0.157849 
1092938	0.132156 
1092939	0.132481 
1092940	0.158547 
1092941	0.206350 
1092942	0.268022 
1092943	0.331673 
1092944	0.381999 
1092945	0.403762 
1092946	0.388370 
1092947	0.338631 
1092948	0.267019 
1092949	0.189058 
1092950	0.117957 
1092951	0.063297 
1092952	0.031263 
1092953	0.025052 
1092954	0.045267 
1092955	0.089959 
1092956	0.154248 
1092957	0.229860 
1092958	0.304999 
1092959	0.364948 
1092960	0.395225 
1092961	0.388034 
1092962	0.346847 
1092963	0.284438 
1092964	0.216403 
1092965	0.156352 
1092966	0.114441 
1092967	0.097035 
1092968	0.106966 
1092969	0.143965 
1092970	0.204700 
1092971	0.282204 
1092972	0.365256 
1092973	0.438182 
1092974	0.482610 
1092975	0.484505 
1092976	0.442566 
1092977	0.369402 
1092978	0.284258 
1092979	0.204924 
1092980	0.144669 
1092981	0.112148 
1092982	0.111741 
1092983	0.143713 
1092984	0.204075 
1092985	0.284204 
1092986	0.370424 
1092987	0.443882 
1092988	0.484194 
1092989	0.478872 
1092990	0.430856 
1092991	0.356539 
1092992	0.276204 
1092993	0.206390 
1092994	0.158347 
1092995	0.138523 
1092996	0.149163 
1092997	0.188770 
1092998	0.252084 
1092999	0.329740 
1093000	0.408014 
1093001	0.469324 
1093002	0.496254 
1093003	0.479729 
1093004	0.424405 
1093005	0.345671 
1093006	0.261519 
1093007	0.187068 
1093008	0.133481 
1093009	0.108023 
1093010	0.114240 
1093011	0.152079 
1093012	0.217612 
1093013	0.302419 
1093014	0.392941 
1093015	0.470184 
1093016	0.513013 
1093017	0.507904 
1093018	0.457502 
1093019	0.378684 
1093020	0.292120 
1093021	0.214381 
1093022	0.156547 
1093023	0.124859 
1093024	0.121846 
1093025	0.147174 
1093026	0.197616 
1093027	0.266232 
1093028	0.341495 
1093029	0.406980 
1093030	0.443099 
1093031	0.434872 
1093032	0.381324 
1093033	0.296633 
1093034	0.201922 
1093035	0.115784 
1093036	0.050910 
1093037	0.014882 
1093038	0.010941 
1093039	0.038483 
1093040	0.093342 
1093041	0.167805 
1093042	0.250138 
1093043	0.323800 
1093044	0.369886 
1093045	0.375501 
1093046	0.341505 
1093047	0.281998 
1093048	0.215890 
1093049	0.159195 
1093050	0.123191 
1093051	0.114802 
1093052	0.137040 
1093053	0.189272 
1093054	0.266843 
1093055	0.360335 
1093056	0.455067 
1093057	0.530699 
1093058	0.566033 
1093059	0.550626 
1093060	0.491570 
1093061	0.408607 
1093062	0.322469 
1093063	0.248426 
1093064	0.196486 
1093065	0.172190 
1093066	0.177360 
1093067	0.210628 
1093068	0.267124 
1093069	0.337748 
1093070	0.408424 
1093071	0.460435 
1093072	0.475883 
1093073	0.447435 
1093074	0.383189 
1093075	0.301648 
1093076	0.222170 
1093077	0.159397 
1093078	0.122983 
1093079	0.118215 
1093080	0.146247 
1093081	0.204175 
1093082	0.284965 
1093083	0.377177 
1093084	0.464815 
1093085	0.528837 
1093086	0.553228 
1093087	0.533451 
1093088	0.479117 
1093089	0.407716 
1093090	0.336192 
1093091	0.277496 
1093092	0.240337 
1093093	0.229619 
1093094	0.247043 
1093095	0.291166 
1093096	0.356745 
1093097	0.433977 
1093098	0.507980 
1093099	0.559624 
1093100	0.571628 
1093101	0.538099 
1093102	0.468272 
1093103	0.380434 
1093104	0.292618 
1093105	0.218266 
1093106	0.166222 
1093107	0.141363 
1093108	0.145205 
1093109	0.176391 
1093110	0.230789 
1093111	0.301189 
1093112	0.376964 
1093113	0.444331 
1093114	0.488088 
1093115	0.496961 
1093116	0.470078 
1093117	0.417824 
1093118	0.356102 
1093119	0.300076 
1093120	0.261586 
1093121	0.248379 
1093122	0.263929 
1093123	0.307438 
1093124	0.373691 
1093125	0.452852 
1093126	0.530490 
1093127	0.588340 
1093128	0.608869 
1093129	0.583991 
1093130	0.520027 
1093131	0.433522 
1093132	0.342470 
1093133	0.261507 
1093134	0.200997 
1093135	0.167174 
1093136	0.162850 
1093137	0.187965 
1093138	0.239493 
1093139	0.310850 
1093140	0.391380 
1093141	0.466578 
1093142	0.519380 
1093143	0.534998 
1093144	0.508534 
1093145	0.447962 
1093146	0.369355 
1093147	0.289231 
1093148	0.220515 
1093149	0.172049 
1093150	0.148760 
1093151	0.151911 
1093152	0.179427 
1093153	0.226037 
1093154	0.283306 
1093155	0.339931 
1093156	0.382878 
1093157	0.400241 
1093158	0.385900 
1093159	0.342607 
1093160	0.280397 
1093161	0.211994 
1093162	0.149088 
1093163	0.100803 
1093164	0.073251 
1093165	0.069396 
1093166	0.088911 
1093167	0.127922 
1093168	0.178852 
1093169	0.230651 
1093170	0.269462 
1093171	0.281801 
1093172	0.260816 
1093173	0.210134 
1093174	0.141544 
1093175	0.068723 
1093176	0.003236 
1093177	-0.046088 
1093178	-0.073219 
1093179	-0.074792 
1093180	-0.049972 
1093181	-0.000637 
1093182	0.068157 
1093183	0.147735 
1093184	0.225152 
1093185	0.283490 
1093186	0.307083 
1093187	0.289634 
1093188	0.237784 
1093189	0.166704 
1093190	0.092252 
1093191	0.026699 
1093192	-0.021699 
1093193	-0.048095 
1093194	-0.050407 
1093195	-0.028875 
1093196	0.014017 
1093197	0.073145 
1093198	0.140253 
1093199	0.203903 
1093200	0.250503 
1093201	0.267812 
1093202	0.250828 
1093203	0.204808 
1093204	0.142158 
1093205	0.076175 
1093206	0.017645 
1093207	-0.025489 
1093208	-0.048160 
1093209	-0.048155 
1093210	-0.025913 
1093211	0.015601 
1093212	0.071024 
1093213	0.132906 
1093214	0.192100 
1093215	0.238097 
1093216	0.261160 
1093217	0.256485 
1093218	0.226660 
1093219	0.180127 
1093220	0.127417 
1093221	0.078339 
1093222	0.040803 
1093223	0.020403 
1093224	0.020470 
1093225	0.042162 
1093226	0.084282 
1093227	0.142794 
1093228	0.210313 
1093229	0.275925 
1093230	0.325805 
1093231	0.346526 
1093232	0.331405 
1093233	0.284543 
1093234	0.218531 
1093235	0.147946 
1093236	0.084856 
1093237	0.037976 
1093238	0.012808 
1093239	0.011932 
1093240	0.035412 
1093241	0.080867 
1093242	0.143285 
1093243	0.214819 
1093244	0.284545 
1093245	0.339363 
1093246	0.367965 
1093247	0.366199 
1093248	0.339248 
1093249	0.298871 
1093250	0.258181 
1093251	0.227830 
1093252	0.214791 
1093253	0.222252 
1093254	0.249671 
1093255	0.292857 
1093256	0.344075 
1093257	0.392202 
1093258	0.424044 
1093259	0.428378 
1093260	0.401122 
1093261	0.347436 
1093262	0.278830 
1093263	0.208091 
1093264	0.145865 
1093265	0.099806 
1093266	0.074929 
1093267	0.074067 
1093268	0.098052 
1093269	0.145458 
1093270	0.211938 
1093271	0.289576 
1093272	0.366909 
1093273	0.429951 
1093274	0.465147 
1093275	0.464898 
1093276	0.431796 
1093277	0.377216 
1093278	0.315532 
1093279	0.259319 
1093280	0.217759 
1093281	0.196393 
1093282	0.197341 
1093283	0.219860 
1093284	0.260729 
1093285	0.314298 
1093286	0.372473 
1093287	0.424973 
1093288	0.460426 
1093289	0.469713 
1093290	0.450217 
1093291	0.407298 
1093292	0.351631 
1093293	0.295196 
1093294	0.248497 
1093295	0.219435 
1093296	0.212903 
1093297	0.230561 
1093298	0.270679 
1093299	0.328009 
1093300	0.393727 
1093301	0.455625 
1093302	0.499196 
1093303	0.511413 
1093304	0.486737 
1093305	0.430463 
1093306	0.355963 
1093307	0.278443 
1093308	0.210674 
1093309	0.162063 
1093310	0.138696 
1093311	0.143428 
1093312	0.176005 
1093313	0.232914 
1093314	0.306974 
1093315	0.387083 
1093316	0.458419 
1093317	0.505007 
1093318	0.515704 
1093319	0.490026 
1093320	0.438288 
1093321	0.375912 
1093322	0.317408 
1093323	0.273708 
1093324	0.251503 
1093325	0.253366 
1093326	0.278128 
1093327	0.321233 
1093328	0.374982 
1093329	0.428889 
1093330	0.470551 
1093331	0.488367 
1093332	0.476470 
1093333	0.437987 
1093334	0.383335 
1093335	0.325210 
1093336	0.274945 
1093337	0.241480 
1093338	0.230911 
1093339	0.246236 
1093340	0.287169 
1093341	0.349763 
1093342	0.426018 
1093343	0.504001 
1093344	0.568889 
1093345	0.605884 
1093346	0.605772 
1093347	0.569695 
1093348	0.508396 
1093349	0.436715 
1093350	0.368577 
1093351	0.314778 
1093352	0.282401 
1093353	0.275112 
1093354	0.293704 
1093355	0.336211 
1093356	0.397456 
1093357	0.468641 
1093358	0.537299 
1093359	0.588113 
1093360	0.607372 
1093361	0.589932 
1093362	0.542373 
1093363	0.479292 
1093364	0.416595 
1093365	0.367529 
1093366	0.341364 
1093367	0.342788 
1093368	0.371935 
1093369	0.424694 
1093370	0.493100 
1093371	0.565984 
1093372	0.629942 
1093373	0.671278 
1093374	0.680427 
1093375	0.656492 
1093376	0.607550 
1093377	0.546346 
1093378	0.485378 
1093379	0.434391 
1093380	0.399872 
1093381	0.385234 
1093382	0.391012 
1093383	0.414722 
1093384	0.450540 
1093385	0.489035 
1093386	0.517786 
1093387	0.524294 
1093388	0.500983 
1093389	0.449106 
1093390	0.378165 
1093391	0.301328 
1093392	0.230751 
1093393	0.175624 
1093394	0.141911 
1093395	0.132339 
1093396	0.146637 
1093397	0.181923 
1093398	0.233054 
1093399	0.292777 
1093400	0.352017 
1093401	0.400681 
1093402	0.429852 
1093403	0.435217 
1093404	0.419124 
1093405	0.389376 
1093406	0.355697 
1093407	0.326692 
1093408	0.308685 
1093409	0.305435 
1093410	0.317984 
1093411	0.344559 
1093412	0.380491 
1093413	0.418255 
1093414	0.447912 
1093415	0.458422 
1093416	0.441042 
1093417	0.393867 
1093418	0.323558 
1093419	0.242085 
1093420	0.161520 
1093421	0.091662 
1093422	0.039349 
1093423	0.008237 
1093424	-0.000598 
1093425	0.011976 
1093426	0.043373 
1093427	0.089229 
1093428	0.143112 
1093429	0.196357 
1093430	0.238755 
1093431	0.260701 
1093432	0.256542 
1093433	0.227119 
1093434	0.179500 
1093435	0.124169 
1093436	0.071891 
1093437	0.031707 
1093438	0.010023 
1093439	0.010394 
1093440	0.033683 
1093441	0.078418 
1093442	0.141070 
1093443	0.216011 
1093444	0.295449 
1093445	0.369050 
1093446	0.424160 
1093447	0.449334 
1093448	0.439706 
1093449	0.399485 
1093450	0.339612 
1093451	0.272744 
1093452	0.209585 
1093453	0.158079 
1093454	0.123660 
1093455	0.109257 
1093456	0.115075 
1093457	0.138399 
1093458	0.173690 
1093459	0.213271 
1093460	0.248523 
1093461	0.271218 
1093462	0.275761 
1093463	0.261248 
1093464	0.231444 
1093465	0.192899 
1093466	0.152706 
1093467	0.117128 
1093468	0.091086 
1093469	0.078143 
1093470	0.080516 
1093471	0.098896 
1093472	0.132126 
1093473	0.176942 
1093474	0.228021 
1093475	0.278571 
1093476	0.321695 
1093477	0.352320 
1093478	0.368581 
1093479	0.372041 
1093480	0.366678 
1093481	0.357245 
1093482	0.347928 
1093483	0.341645 
1093484	0.339892 
1093485	0.342873 
1093486	0.349726 
1093487	0.358699 
1093488	0.367194 
1093489	0.371929 
1093490	0.369481 
1093491	0.357337 
1093492	0.335031 
1093493	0.304626 
1093494	0.270223 
1093495	0.236787 
1093496	0.209211 
1093497	0.191767 
1093498	0.187440 
1093499	0.197250 
1093500	0.220032 
1093501	0.252664 
1093502	0.290659 
1093503	0.328909 
1093504	0.362460 
1093505	0.387284 
1093506	0.401027 
1093507	0.403522 
1093508	0.396771 
1093509	0.384398 
1093510	0.370753 
1093511	0.360169 
1093512	0.356433 
1093513	0.362310 
1093514	0.379070 
1093515	0.405992 
1093516	0.440112 
1093517	0.476307 
1093518	0.507819 
1093519	0.527374 
1093520	0.529021 
1093521	0.510236 
1093522	0.473114 
1093523	0.423807 
1093524	0.370566 
1093525	0.321532 
1093526	0.283203 
1093527	0.259855 
1093528	0.253530 
1093529	0.264220 
1093530	0.289911 
1093531	0.326485 
1093532	0.367540 
1093533	0.404535 
1093534	0.427938 
1093535	0.429838 
1093536	0.407105 
1093537	0.362880 
1093538	0.305215 
1093539	0.244105 
1093540	0.188983 
1093541	0.147402 
1093542	0.124388 
1093543	0.122137 
1093544	0.139941 
1093545	0.174382 
1093546	0.219624 
1093547	0.267667 
1093548	0.308730 
1093549	0.332702 
1093550	0.332297 
1093551	0.306207 
1093552	0.259692 
1093553	0.202103 
1093554	0.143322 
1093555	0.091641 
1093556	0.053345 
1093557	0.032917 
1093558	0.033008 
1093559	0.054126 
1093560	0.094180 
1093561	0.148027 
1093562	0.207172 
1093563	0.260119 
1093564	0.294490 
1093565	0.301377 
1093566	0.279651 
1093567	0.236550 
1093568	0.184052 
1093569	0.134199 
1093570	0.096480 
1093571	0.077114 
1093572	0.079053 
1093573	0.102196 
1093574	0.143554 
1093575	0.197220 
1093576	0.254233 
1093577	0.302882 
1093578	0.330691 
1093579	0.328858 
1093580	0.296481 
1093581	0.240939 
1093582	0.174237 
1093583	0.108669 
1093584	0.054544 
1093585	0.019431 
1093586	0.007891 
1093587	0.021347 
1093588	0.057985 
1093589	0.112837 
1093590	0.178013 
1093591	0.242786 
1093592	0.293940 
1093593	0.318665 
1093594	0.309871 
1093595	0.269775 
1093596	0.208570 
1093597	0.139347 
1093598	0.073611 
1093599	0.020183 
1093600	-0.014289 
1093601	-0.025204 
1093602	-0.010353 
1093603	0.029607 
1093604	0.090591 
1093605	0.164576 
1093606	0.239335 
1093607	0.299278 
1093608	0.329252 
1093609	0.321500 
1093610	0.280258 
1093611	0.219312 
1093612	0.154904 
1093613	0.100482 
1093614	0.065282 
1093615	0.054428 
1093616	0.069437 
1093617	0.108713 
1093618	0.167648 
1093619	0.238377 
1093620	0.309266 
1093621	0.365051 
1093622	0.390453 
1093623	0.377345 
1093624	0.329520 
1093625	0.260627 
1093626	0.187218 
1093627	0.123338 
1093628	0.079402 
1093629	0.062356 
1093630	0.075514 
1093631	0.118398 
1093632	0.186513 
1093633	0.271279 
1093634	0.360253 
1093635	0.437442 
1093636	0.486028 
1093637	0.495496 
1093638	0.467224 
1093639	0.413239 
1093640	0.349290 
1093641	0.288870 
1093642	0.241795 
1093643	0.214664 
1093644	0.211226 
1093645	0.232545 
1093646	0.276851 
1093647	0.339194 
1093648	0.411261 
1093649	0.481561 
1093650	0.536392 
1093651	0.563183 
1093652	0.555763 
1093653	0.517605 
1093654	0.459996 
1093655	0.397122 
1093656	0.341994 
1093657	0.304397 
1093658	0.290148 
1093659	0.301076 
1093660	0.335341 
1093661	0.387749 
1093662	0.450074 
1093663	0.511455 
1093664	0.559023 
1093665	0.580607 
1093666	0.569693 
1093667	0.528701 
1093668	0.467479 
1093669	0.398630 
1093670	0.333967 
1093671	0.283075 
1093672	0.252711 
1093673	0.246575 
1093674	0.265284 
1093675	0.306223 
1093676	0.363248 
1093677	0.426707 
1093678	0.484106 
1093679	0.521471 
1093680	0.527644 
1093681	0.500144 
1093682	0.446803 
1093683	0.381299 
1093684	0.317089 
1093685	0.264564 
1093686	0.230684 
1093687	0.219089 
1093688	0.230352 
1093689	0.262155 
1093690	0.309221 
1093691	0.363314 
1093692	0.413714 
1093693	0.448569 
1093694	0.457955 
1093695	0.438025 
1093696	0.393090 
1093697	0.333628 
1093698	0.271942 
1093699	0.218957 
1093700	0.182965 
1093701	0.169044 
1093702	0.178819 
1093703	0.210639 
1093704	0.259789 
1093705	0.318731 
1093706	0.377441 
1093707	0.424117 
1093708	0.447194 
1093709	0.439393 
1093710	0.401108 
1093711	0.339989 
1093712	0.267076 
1093713	0.192992 
1093714	0.126277 
1093715	0.073104 
1093716	0.037318 
1093717	0.020632 
1093718	0.022841 
1093719	0.041971 
1093720	0.074393 
1093721	0.115027 
1093722	0.157766 
1093723	0.195999 
1093724	0.223008 
1093725	0.233077 
1093726	0.223517 
1093727	0.196044 
1093728	0.156264 
1093729	0.111668 
1093730	0.069592 
1093731	0.036103 
1093732	0.015562 
1093733	0.010375 
1093734	0.020691 
1093735	0.044132 
1093736	0.075692 
1093737	0.108129 
1093738	0.133158 
1093739	0.143767 
1093740	0.136882 
1093741	0.114599 
1093742	0.083100 
1093743	0.050194 
1093744	0.023056 
1093745	0.006969 
1093746	0.005093 
1093747	0.018781 
1093748	0.047911 
1093749	0.090977 
1093750	0.144853 
1093751	0.204370 
1093752	0.261952 
1093753	0.307958 
1093754	0.332703 
1093755	0.330009 
1093756	0.300117 
1093757	0.249582 
1093758	0.188280 
1093759	0.126030 
1093760	0.070859 
1093761	0.028751 
1093762	0.003691 
1093763	-0.002345 
1093764	0.010817 
1093765	0.041777 
1093766	0.087660 
1093767	0.144043 
1093768	0.204850 
1093769	0.262369 
1093770	0.307800 
1093771	0.332990 
1093772	0.333347 
1093773	0.310014 
1093774	0.269503 
1093775	0.221213 
1093776	0.174804 
1093777	0.138531 
1093778	0.118393 
1093779	0.117742 
1093780	0.137234 
1093781	0.174932 
1093782	0.226441 
1093783	0.285234 
1093784	0.343096 
1093785	0.390669 
1093786	0.419188 
1093787	0.423521 
1093788	0.404325 
1093789	0.367458 
1093790	0.321385 
1093791	0.274657 
1093792	0.234636 
1093793	0.206973 
1093794	0.195311 
1093795	0.200987 
1093796	0.222718 
1093797	0.256355 
1093798	0.294943 
1093799	0.329318 
1093800	0.349588 
1093801	0.348146 
1093802	0.323038 
1093803	0.278986 
1093804	0.225227 
1093805	0.172102 
1093806	0.128498 
1093807	0.100762 
1093808	0.092691 
1093809	0.105818 
1093810	0.139539 
1093811	0.190858 
1093812	0.253726 
1093813	0.318454 
1093814	0.372388 
1093815	0.403190 
1093816	0.404107 
1093817	0.377606 
1093818	0.334092 
1093819	0.286887 
1093820	0.247632 
1093821	0.224430 
1093822	0.221700 
1093823	0.240279 
1093824	0.277451 
1093825	0.327015 
1093826	0.379543 
1093827	0.423196 
1093828	0.446133 
1093829	0.440760 
1093830	0.407421 
1093831	0.354192 
1093832	0.292891 
1093833	0.234827 
1093834	0.188722 
1093835	0.160410 
1093836	0.152993 
1093837	0.166964 
1093838	0.200030 
1093839	0.246740 
1093840	0.298163 
1093841	0.342150 
1093842	0.365465 
1093843	0.358760 
1093844	0.321628 
1093845	0.263304 
1093846	0.198352 
1093847	0.141243 
1093848	0.103553 
1093849	0.093013 
1093850	0.112995 
1093851	0.162226 
1093852	0.234618 
1093853	0.319108 
1093854	0.399578 
1093855	0.456795 
1093856	0.475815 
1093857	0.454296 
1093858	0.403650 
1093859	0.342128 
1093860	0.286237 
1093861	0.247090 
1093862	0.230880 
1093863	0.239836 
1093864	0.272618 
1093865	0.324239 
1093866	0.385672 
1093867	0.443765 
1093868	0.483163 
1093869	0.491714 
1093870	0.466696 
1093871	0.416390 
1093872	0.355541 
1093873	0.299022 
1093874	0.258544 
1093875	0.241824 
1093876	0.252453 
1093877	0.289961 
1093878	0.349919 
1093879	0.424001 
1093880	0.500142 
1093881	0.563490 
1093882	0.599917 
1093883	0.602318 
1093884	0.574618 
1093885	0.529374 
1093886	0.481395 
1093887	0.443002 
1093888	0.422629 
1093889	0.424997 
1093890	0.451488 
1093891	0.500231 
1093892	0.565857 
1093893	0.639131 
1093894	0.706866 
1093895	0.752998 
1093896	0.763098 
1093897	0.731538 
1093898	0.665168 
1093899	0.579649 
1093900	0.492305 
1093901	0.417858 
1093902	0.366845 
1093903	0.344949 
1093904	0.353169 
1093905	0.388236 
1093906	0.442967 
1093907	0.506534 
1093908	0.564572 
1093909	0.601244 
1093910	0.604705 
1093911	0.572801 
1093912	0.513904 
1093913	0.442210 
1093914	0.372209 
1093915	0.316079 
1093916	0.282928 
1093917	0.278543 
1093918	0.305287 
1093919	0.361902 
1093920	0.443082 
1093921	0.539082 
1093922	0.636284 
1093923	0.718375 
1093924	0.769709 
1093925	0.782484 
1093926	0.760731 
1093927	0.716962 
1093928	0.665362 
1093929	0.617594 
1093930	0.581739 
1093931	0.562326 
1093932	0.560772 
1093933	0.575629 
1093934	0.602390 
1093935	0.633105 
1093936	0.656197 
1093937	0.657558 
1093938	0.625664 
1093939	0.558798 
1093940	0.467155 
1093941	0.367410 
1093942	0.275532 
1093943	0.203969 
1093944	0.160944 
1093945	0.150202 
1093946	0.171131 
1093947	0.218875 
1093948	0.284331 
1093949	0.354302 
1093950	0.412609 
1093951	0.444406 
1093952	0.443368 
1093953	0.415514 
1093954	0.375331 
1093955	0.337978 
1093956	0.314557 
1093957	0.311600 
1093958	0.331823 
1093959	0.374769 
1093960	0.436916 
1093961	0.511225 
1093962	0.586414 
1093963	0.646763 
1093964	0.675543 
1093965	0.663080 
1093966	0.612775 
1093967	0.539055 
1093968	0.459425 
1093969	0.388186 
1093970	0.335084 
1093971	0.305706 
1093972	0.301726 
1093973	0.320762 
1093974	0.355739 
1093975	0.393989 
1093976	0.417924 
1093977	0.411194 
1093978	0.368081 
1093979	0.297472 
1093980	0.217526 
1093981	0.146426 
1093982	0.096928 
1093983	0.076071 
1093984	0.086371 
1093985	0.126535 
1093986	0.191422 
1093987	0.271284 
1093988	0.350948 
1093989	0.411885 
1093990	0.439453 
1093991	0.430996 
1093992	0.397272 
1093993	0.355699 
1093994	0.322060 
1093995	0.306955 
1093996	0.315966 
1093997	0.350211 
1093998	0.406345 
1093999	0.476179 
1094000	0.546215 
1094001	0.598481 
1094002	0.615905 
1094003	0.591192 
1094004	0.531378 
1094005	0.453436 
1094006	0.375446 
1094007	0.311265 
1094008	0.269867 
1094009	0.255664 
1094010	0.268824 
1094011	0.305358 
1094012	0.356876 
1094013	0.410361 
1094014	0.449253 
1094015	0.458694 
1094016	0.433245 
1094017	0.380114 
1094018	0.314665 
1094019	0.252751 
1094020	0.206580 
1094021	0.184210 
1094022	0.189749 
1094023	0.223484 
1094024	0.281844 
1094025	0.357327 
1094026	0.438652 
1094027	0.511461 
1094028	0.560892 
1094029	0.577318 
1094030	0.561416 
1094031	0.523678 
1094032	0.478737 
1094033	0.439869 
1094034	0.416932 
1094035	0.416029 
1094036	0.439423 
1094037	0.485557 
1094038	0.548902 
1094039	0.619726 
1094040	0.684193 
1094041	0.725777 
1094042	0.730451 
1094043	0.693936 
1094044	0.624435 
1094045	0.538045 
1094046	0.451585 
1094047	0.378850 
1094048	0.329728 
1094049	0.309894 
1094050	0.320670 
1094051	0.358860 
1094052	0.416588 
1094053	0.481667 
1094054	0.538258 
1094055	0.569346 
1094056	0.563535 
1094057	0.521362 
1094058	0.455018 
1094059	0.381733 
1094060	0.316819 
1094061	0.271035 
1094062	0.250677 
1094063	0.258029 
1094064	0.291718 
1094065	0.346741 
1094066	0.414277 
1094067	0.481841 
1094068	0.534758 
1094069	0.560299 
1094070	0.553746 
1094071	0.520964 
1094072	0.474783 
1094073	0.429040 
1094074	0.395010 
1094075	0.380358 
1094076	0.388957 
1094077	0.420927 
1094078	0.472587 
1094079	0.536346 
1094080	0.600617 
1094081	0.650014 
1094082	0.668578 
1094083	0.647134 
1094084	0.588859 
1094085	0.507464 
1094086	0.419784 
1094087	0.340042 
1094088	0.278405 
1094089	0.241124 
1094090	0.230950 
1094091	0.247321 
1094092	0.286045 
1094093	0.338620 
1094094	0.391760 
1094095	0.428646 
1094096	0.434415 
1094097	0.404037 
1094098	0.345591 
1094099	0.275545 
1094100	0.210883 
1094101	0.164588 
1094102	0.144520 
1094103	0.153267 
1094104	0.188262 
1094105	0.241955 
1094106	0.302098 
1094107	0.352590 
1094108	0.376747 
1094109	0.364105 
1094110	0.316128 
1094111	0.245320 
1094112	0.168409 
1094113	0.099536 
1094114	0.048342 
1094115	0.021004 
1094116	0.020886 
1094117	0.048868 
1094118	0.103320 
1094119	0.179722 
1094120	0.269972 
1094121	0.361368 
1094122	0.437445 
1094123	0.483000 
1094124	0.491289 
1094125	0.467691 
1094126	0.426104 
1094127	0.381677 
1094128	0.346308 
1094129	0.327769 
1094130	0.329923 
1094131	0.353028 
1094132	0.393789 
1094133	0.445103 
1094134	0.495549 
1094135	0.529521 
1094136	0.531212 
1094137	0.492670 
1094138	0.419123 
1094139	0.326266 
1094140	0.232554 
1094141	0.153188 
1094142	0.098314 
1094143	0.073748 
1094144	0.081624 
1094145	0.120214 
1094146	0.183453 
1094147	0.260590 
1094148	0.336131 
1094149	0.391633 
1094150	0.412295 
1094151	0.394619 
1094152	0.347947 
1094153	0.288613 
1094154	0.232563 
1094155	0.191949 
1094156	0.174580 
1094157	0.183977 
1094158	0.219574 
1094159	0.276809 
1094160	0.347142 
1094161	0.418010 
1094162	0.473424 
1094163	0.498541 
1094164	0.487189 
1094165	0.445331 
1094166	0.387299 
1094167	0.328909 
1094168	0.282911 
1094169	0.257980 
1094170	0.259184 
1094171	0.288300 
1094172	0.343992 
1094173	0.421675 
1094174	0.513020 
1094175	0.605764 
1094176	0.684276 
1094177	0.731856 
1094178	0.737190 
1094179	0.701126 
1094180	0.636505 
1094181	0.561029 
1094182	0.490260 
1094183	0.435665 
1094184	0.404327 
1094185	0.398822 
1094186	0.417384 
1094187	0.454030 
1094188	0.498768 
1094189	0.538219 
1094190	0.557169 
1094191	0.543744 
1094192	0.495861 
1094193	0.422729 
1094194	0.340133 
1094195	0.263943 
1094196	0.206876 
1094197	0.178207 
1094198	0.183210 
1094199	0.222614 
1094200	0.291994 
1094201	0.380979 
1094202	0.472898 
1094203	0.544978 
1094204	0.573204 
1094205	0.544866 
1094206	0.467289 
1094207	0.363006 
1094208	0.256757 
1094209	0.167457 
1094210	0.107339 
1094211	0.082684 
1094212	0.094873 
1094213	0.141298 
1094214	0.215550 
1094215	0.307303 
1094216	0.401888 
1094217	0.479688 
1094218	0.520942 
1094219	0.515781 
1094220	0.470263 
1094221	0.402359 
1094222	0.331893 
1094223	0.274293 
1094224	0.239754 
1094225	0.233564 
1094226	0.256556 
1094227	0.305342 
1094228	0.372179 
1094229	0.444261 
1094230	0.503260 
1094231	0.529106 
1094232	0.509172 
1094233	0.445900 
1094234	0.355134 
1094235	0.256762 
1094236	0.167130 
1094237	0.097689 
1094238	0.055341 
1094239	0.043114 
1094240	0.060766 
1094241	0.104831 
1094242	0.168248 
1094243	0.240131 
1094244	0.306544 
1094245	0.352333 
1094246	0.366761 
1094247	0.348762 
1094248	0.306210 
1094249	0.250885 
1094250	0.194064 
1094251	0.144870 
1094252	0.110013 
1094253	0.093736 
1094254	0.097799 
1094255	0.121321 
1094256	0.160610 
1094257	0.209241 
1094258	0.258263 
1094259	0.297230 
1094260	0.317366 
1094261	0.315336 
1094262	0.295053 
1094263	0.265442 
1094264	0.236417 
1094265	0.216060 
1094266	0.209707 
1094267	0.219997 
1094268	0.247094 
1094269	0.288783 
1094270	0.340611 
1094271	0.396067 
1094272	0.446759 
1094273	0.483730 
1094274	0.500395 
1094275	0.495520 
1094276	0.473935 
1094277	0.444278 
1094278	0.415776 
1094279	0.396072 
1094280	0.390039 
1094281	0.399278 
1094282	0.421991 
1094283	0.453045 
1094284	0.484275 
1094285	0.505348 
1094286	0.506110 
1094287	0.480661 
1094288	0.430625 
1094289	0.364515 
1094290	0.294189 
1094291	0.231384 
1094292	0.185778 
1094293	0.164237 
1094294	0.170554 
1094295	0.205319 
1094296	0.265811 
1094297	0.345792 
1094298	0.435341 
1094299	0.520295 
1094300	0.582821 
1094301	0.606460 
1094302	0.584342 
1094303	0.523481 
1094304	0.440994 
1094305	0.355504 
1094306	0.281800 
1094307	0.230741 
1094308	0.208957 
1094309	0.218707 
1094310	0.258272 
1094311	0.322193 
1094312	0.401404 
1094313	0.483641 
1094314	0.554411 
1094315	0.599483 
1094316	0.609450 
1094317	0.584339 
1094318	0.533609 
1094319	0.471153 
1094320	0.410229 
1094321	0.361505 
1094322	0.332487 
1094323	0.327234 
1094324	0.346402 
1094325	0.387235 
1094326	0.443377 
1094327	0.504874 
1094328	0.558798 
1094329	0.590647 
1094330	0.588731 
1094331	0.550099 
1094332	0.482171 
1094333	0.398449 
1094334	0.312843 
1094335	0.236947 
1094336	0.179315 
1094337	0.145189 
1094338	0.136574 
1094339	0.152297 
1094340	0.187904 
1094341	0.235623 
1094342	0.284305 
1094343	0.320269 
1094344	0.331507 
1094345	0.313106 
1094346	0.269490 
1094347	0.211654 
1094348	0.152116 
1094349	0.101518 
1094350	0.067642 
1094351	0.055220 
1094352	0.065961 
1094353	0.098560 
1094354	0.148596 
1094355	0.208360 
1094356	0.266860 
1094357	0.311164 
1094358	0.330456 
1094359	0.321438 
1094360	0.290263 
1094361	0.249145 
1094362	0.210964 
1094363	0.185764 
1094364	0.179989 
1094365	0.196584 
1094366	0.234964 
1094367	0.290776 
1094368	0.355537 
1094369	0.416333 
1094370	0.456772 
1094371	0.461961 
1094372	0.426390 
1094373	0.357824 
1094374	0.273085 
1094375	0.189943 
1094376	0.122254 
1094377	0.078953 
1094378	0.064323 
1094379	0.078591 
1094380	0.118295 
1094381	0.176471 
1094382	0.242743 
1094383	0.303651 
1094384	0.344010 
1094385	0.351293 
1094386	0.321427 
1094387	0.260846 
1094388	0.182752 
1094389	0.101185 
1094390	0.027912 
1094391	-0.027920 
1094392	-0.059962 
1094393	-0.064544 
1094394	-0.040367 
1094395	0.011574 
1094396	0.087573 
1094397	0.180515 
1094398	0.279193 
1094399	0.366929 
1094400	0.422856 
1094401	0.431038 
1094402	0.390245 
1094403	0.314819 
1094404	0.225939 
1094405	0.141561 
1094406	0.073524 
1094407	0.028925 
1094408	0.011000 
1094409	0.019861 
1094410	0.053153 
1094411	0.106351 
1094412	0.172802 
1094413	0.243845 
1094414	0.309128 
1094415	0.357566 
1094416	0.379969 
1094417	0.372620 
1094418	0.339090 
1094419	0.288595 
1094420	0.232444 
1094421	0.181323 
1094422	0.144032 
1094423	0.126895 
1094424	0.133410 
1094425	0.163916 
1094426	0.215224 
1094427	0.280277 
1094428	0.348354 
1094429	0.406157 
1094430	0.440647 
1094431	0.444096 
1094432	0.417639 
1094433	0.370053 
1094434	0.313149 
1094435	0.257788 
1094436	0.212242 
1094437	0.181823 
1094438	0.168988 
1094439	0.173750 
1094440	0.194103 
1094441	0.226357 
1094442	0.265298 
1094443	0.304455 
1094444	0.336823 
1094445	0.356272 
1094446	0.359428 
1094447	0.346812 
1094448	0.322375 
1094449	0.291858 
1094450	0.261026 
1094451	0.234563 
1094452	0.215517 
1094453	0.205151 
1094454	0.203037 
1094455	0.207369 
1094456	0.215431 
1094457	0.224253 
1094458	0.231514 
1094459	0.236454 
1094460	0.240137 
1094461	0.244824 
1094462	0.253027 
1094463	0.266620 
1094464	0.286269 
1094465	0.311164 
1094466	0.338969 
1094467	0.365992 
1094468	0.387612 
1094469	0.399106 
1094470	0.396818 
1094471	0.379404 
1094472	0.348449 
1094473	0.308172 
1094474	0.264311 
1094475	0.222737 
1094476	0.188333 
1094477	0.164488 
1094478	0.153113 
1094479	0.154666 
1094480	0.168040 
1094481	0.190573 
1094482	0.218321 
1094483	0.246552 
1094484	0.270492 
1094485	0.286248 
1094486	0.291747 
1094487	0.287296 
1094488	0.275473 
1094489	0.260327 
1094490	0.246250 
1094491	0.237044 
1094492	0.235402 
1094493	0.242739 
1094494	0.259241 
1094495	0.283886 
1094496	0.314409 
1094497	0.347242 
1094498	0.377683 
1094499	0.400489 
1094500	0.410955 
1094501	0.406299 
1096001	0.219290 
1096002	0.187163 
1096003	0.177108 
1096004	0.189978 
1096005	0.223437 
1096006	0.271877 
1096007	0.326120 
1096008	0.373384 
1096009	0.399268 
1096010	0.393293 
1096011	0.354683 
1096012	0.293021 
1096013	0.223208 
1096014	0.159382 
1096015	0.112001 
1096016	0.087477 
1096017	0.088530 
1096018	0.114494 
1096019	0.161350 
1096020	0.221591 
1096021	0.284057 
1096022	0.334834 
1096023	0.361260 
1096024	0.357968 
1096025	0.329794 
1096026	0.288890 
1096027	0.248668 
1096028	0.219726 
1096029	0.209060 
1096030	0.220336 
1096031	0.253965 
1096032	0.306934 
1096033	0.372429 
1096034	0.439472 
1096035	0.493365 
1096036	0.519241 
1096037	0.508943 
1096038	0.465815 
1096039	0.402799 
1096040	0.335670 
1096041	0.277213 
1096042	0.235866 
1096043	0.216509 
1096044	0.221117 
1096045	0.248966 
1096046	0.296379 
1096047	0.356218 
1096048	0.417474 
1096049	0.465845 
1096050	0.487351 
1096051	0.474923 
1096052	0.432618 
1096053	0.373379 
1096054	0.312590 
1096055	0.263028 
1096056	0.233305 
1096057	0.227817 
1096058	0.246849 
1096059	0.286610 
1096060	0.339258 
1096061	0.392978 
1096062	0.433196 
1096063	0.446913 
1096064	0.428684 
1096065	0.383531 
1096066	0.323966 
1096067	0.264053 
1096068	0.215373 
1096069	0.185975 
1096070	0.180590 
1096071	0.200914 
1096072	0.245590 
1096073	0.309692 
1096074	0.383818 
1096075	0.453254 
1096076	0.499674 
1096077	0.508530 
1096078	0.477549 
1096079	0.418254 
1096080	0.349062 
1096081	0.286713 
1096082	0.242798 
1096083	0.223981 
1096084	0.232647 
1096085	0.267209 
1096086	0.322025 
1096087	0.386962 
1096088	0.447064 
1096089	0.484721 
1096090	0.486891 
1096091	0.452767 
1096092	0.394419 
1096093	0.329821 
1096094	0.274917 
1096095	0.240451 
1096096	0.232047 
1096097	0.250781 
1096098	0.293407 
1096099	0.352157 
1096100	0.414176 
1096101	0.462138 
1096102	0.479306 
1096103	0.457993 
1096104	0.404198 
1096105	0.333861 
1096106	0.264511 
1096107	0.209949 
1096108	0.179494 
1096109	0.178201 
1096110	0.206879 
1096111	0.261770 
1096112	0.334110 
1096113	0.409784 
1096114	0.470345 
1096115	0.498575 
1096116	0.487520 
1096117	0.444793 
1096118	0.387742 
1096119	0.334342 
1096120	0.297816 
1096121	0.285844 
1096122	0.301122 
1096123	0.341978 
1096124	0.402748 
1096125	0.473854 
1096126	0.541903 
1096127	0.591026 
1096128	0.607566 
1096129	0.586710 
1096130	0.535237 
1096131	0.467656 
1096132	0.399516 
1096133	0.343262 
1096134	0.307268 
1096135	0.296043 
1096136	0.310400 
1096137	0.347334 
1096138	0.399666 
1096139	0.455589 
1096140	0.499298 
1096141	0.515197 
1096142	0.495158 
1096143	0.443271 
1096144	0.373661 
1096145	0.303695 
1096146	0.248465 
1096147	0.218680 
1096148	0.220074 
1096149	0.253253 
1096150	0.313596 
1096151	0.391165 
1096152	0.470545 
1096153	0.532044 
1096154	0.557657 
1096155	0.540259 
1096156	0.487860 
1096157	0.418611 
1096158	0.351546 
1096159	0.301139 
1096160	0.276400 
1096161	0.281199 
1096162	0.314594 
1096163	0.370891 
1096164	0.439527 
1096165	0.505203 
1096166	0.549805 
1096167	0.558649 
1096168	0.528213 
1096169	0.468132 
1096170	0.395504 
1096171	0.327227 
1096172	0.276203 
1096173	0.250703 
1096174	0.254285 
1096175	0.285838 
1096176	0.339719 
1096177	0.405901 
1096178	0.470124 
1096179	0.515280 
1096180	0.526735 
1096181	0.499705 
1096182	0.441975 
1096183	0.369192 
1096184	0.297281 
1096185	0.238430 
1096186	0.200884 
1096187	0.189579 
1096188	0.206544 
1096189	0.250864 
1096190	0.318001 
1096191	0.398893 
1096192	0.479263 
1096193	0.540461 
1096194	0.565226 
1096195	0.546896 
1096196	0.493533 
1096197	0.422775 
1096198	0.352815 
1096199	0.297580 
1096200	0.266040 
1096201	0.262300 
1096202	0.285904 
1096203	0.332156 
1096204	0.392327 
1096205	0.453889 
1096206	0.501253 
1096207	0.519164 
1096208	0.499380 
1096209	0.445339 
1096210	0.370018 
1096211	0.289096 
1096212	0.215821 
1096213	0.159865 
1096214	0.127714 
1096215	0.123146 
1096216	0.147358 
1096217	0.198590 
1096218	0.271443 
1096219	0.356278 
1096220	0.438734 
1096221	0.500611 
1096222	0.525551 
1096223	0.507721 
1096224	0.455399 
1096225	0.385714 
1096226	0.316024 
1096227	0.259559 
1096228	0.224787 
1096229	0.215812 
1096230	0.233139 
1096231	0.274159 
1096232	0.333040 
1096233	0.400129 
1096234	0.460997 
1096235	0.497101 
1096236	0.492393 
1096237	0.442838 
1096238	0.359277 
1096239	0.260693 
1096240	0.164985 
1096241	0.085487 
1096242	0.031413 
1096243	0.008338 
1096244	0.018382 
1096245	0.060016 
1096246	0.127586 
1096247	0.210912 
1096248	0.295459 
1096249	0.363145 
1096250	0.396307 
1096251	0.386124 
1096252	0.338178 
1096253	0.269118 
1096254	0.197844 
1096255	0.139579 
1096256	0.104680 
1096257	0.099045 
1096258	0.124838 
1096259	0.180944 
1096260	0.262669 
1096261	0.360930 
1096262	0.461508 
1096263	0.545043 
1096264	0.591371 
1096265	0.589467 
1096266	0.544154 
1096267	0.472470 
1096268	0.393766 
1096269	0.323470 
1096270	0.272298 
1096271	0.246571 
1096272	0.248486 
1096273	0.276202 
1096274	0.323571 
1096275	0.379811 
1096276	0.429557 
1096277	0.454710 
1096278	0.441107 
1096279	0.386468 
1096280	0.301354 
1096281	0.202069 
1096282	0.103406 
1096283	0.016558 
1096284	-0.050638 
1096285	-0.092848 
1096286	-0.106313 
1096287	-0.088461 
1096288	-0.038335 
1096289	0.042302 
1096290	0.147336 
1096291	0.264889 
1096292	0.376521 
1096293	0.457279 
1096294	0.484826 
1096295	0.454759 
1096296	0.384688 
1096297	0.302400 
1096298	0.231376 
1096299	0.186767 
1096300	0.176427 
1096301	0.202443 
1096302	0.262555 
1096303	0.350581 
1096304	0.455781 
1096305	0.561759 
1096306	0.645215 
1096307	0.681364 
1096308	0.658161 
1096309	0.584753 
1096310	0.485025 
1096311	0.383327 
1096312	0.297652 
1096313	0.240490 
1096314	0.219409 
1096315	0.237228 
1096316	0.291502 
1096317	0.373243 
1096318	0.465905 
1096319	0.544735 
1096320	0.581268 
1096321	0.558183 
1096322	0.480874 
1096323	0.372631 
1096324	0.259191 
1096325	0.159427 
1096326	0.085388 
1096327	0.043489 
1096328	0.036127 
1096329	0.063233 
1096330	0.122797 
1096331	0.210174 
1096332	0.316451 
1096333	0.427209 
1096334	0.522321 
1096335	0.578316 
1096336	0.579646 
1096337	0.529688 
1096338	0.448679 
1096339	0.361015 
1096340	0.285994 
1096341	0.236823 
1096342	0.220868 
1096343	0.240173 
1096344	0.291947 
1096345	0.368438 
1096346	0.456474 
1096347	0.536951 
1096348	0.585486 
1096349	0.581457 
1096350	0.521034 
1096351	0.420050 
1096352	0.303338 
1096353	0.192352 
1096354	0.102108 
1096355	0.042275 
1096356	0.018196 
1096357	0.031854 
1096358	0.081944 
1096359	0.162786 
1096360	0.262862 
1096361	0.364133 
1096362	0.442054 
1096363	0.472190 
1096364	0.444371 
1096365	0.369550 
1096366	0.271712 
1096367	0.174179 
1096368	0.093887 
1096369	0.041722 
1096370	0.023457 
1096371	0.040870 
1096372	0.092240 
1096373	0.171910 
1096374	0.269517 
1096375	0.368557 
1096376	0.445387 
1096377	0.476696 
1096378	0.453400 
1096379	0.387151 
1096380	0.302199 
1096381	0.221570 
1096382	0.161448 
1096383	0.131933 
1096384	0.137969 
1096385	0.180045 
1096386	0.254110 
1096387	0.350684 
1096388	0.453793 
1096389	0.539295 
1096390	0.579013 
1096391	0.555981 
1096392	0.476351 
1096393	0.365086 
1096394	0.249949 
1096395	0.151392 
1096396	0.082600 
1096397	0.050315 
1096398	0.055993 
1096399	0.096790 
1096400	0.165774 
1096401	0.251651 
1096402	0.338739 
1096403	0.407195 
1096404	0.437753 
1096405	0.421532 
1096406	0.365187 
1096407	0.285898 
1096408	0.202024 
1096409	0.128324 
1096410	0.075329 
1096411	0.049603 
1096412	0.054281 
1096413	0.089364 
1096414	0.151244 
1096415	0.231863 
1096416	0.318020 
1096417	0.391208 
1096418	0.430606 
1096419	0.422688 
1096420	0.370423 
1096421	0.291676 
1096422	0.207865 
1096423	0.135540 
1096424	0.085434 
1096425	0.063213 
1096426	0.070888 
1096427	0.107931 
1096428	0.171427 
1096429	0.255342 
1096430	0.349371 
1096431	0.437128 
1096432	0.495135 
1096433	0.500951 
1096434	0.447286 
1096435	0.347740 
1096436	0.227704 
1096437	0.110426 
1096438	0.012650 
1096439	-0.055004 
1096440	-0.087407 
1096441	-0.083729 
1096442	-0.046442 
1096443	0.019100 
1096444	0.104623 
1096445	0.199141 
1096446	0.288755 
1096447	0.356367 
1096448	0.385645 
1096449	0.368815 
1096450	0.310916 
1096451	0.226260 
1096452	0.130828 
1096453	0.038033 
1096454	-0.041638 
1096455	-0.100329 
1096456	-0.132551 
1096457	-0.134906 
1096458	-0.105936 
1096459	-0.046354 
1096460	0.040200 
1096461	0.146071 
1096462	0.258811 
1096463	0.360793 
1096464	0.430152 
1096465	0.449034 
1096466	0.414785 
1096467	0.341430 
1096468	0.249823 
1096469	0.157627 
1096470	0.077237 
1096471	0.016490 
1096472	-0.020431 
1096473	-0.031854 
1096474	-0.017984 
1096475	0.019025 
1096476	0.074457 
1096477	0.140727 
1096478	0.207811 
1096479	0.263738 
1096480	0.296890 
1096481	0.300529 
1096482	0.276438 
1096483	0.233817 
1096484	0.184281 
1096485	0.138020 
1096486	0.102708 
1096487	0.083354 
1096488	0.082502 
1096489	0.100463 
1096490	0.135302 
1096491	0.182451 
1096492	0.234429 
1096493	0.280865 
1096494	0.309434 
1096495	0.309515 
1096496	0.277965 
1096497	0.221424 
1096498	0.152579 
1096499	0.084805 
1096500	0.029227 
1096501	-0.006258 
1094501	0.406299 
1094502	0.386761 
1094503	0.355782 
1094504	0.319068 
1094505	0.283118 
1094506	0.253977 
1094507	0.236447 
1094508	0.233482 
1094509	0.246027 
1094510	0.273200 
1094511	0.312520 
1094512	0.359939 
1094513	0.409789 
1094514	0.454837 
1094515	0.486969 
1094516	0.498966 
1094517	0.486992 
1094518	0.452280 
1094519	0.400801 
1094520	0.341220 
1094521	0.282731 
1094522	0.233579 
1094523	0.200098 
1094524	0.186064 
1094525	0.192421 
1094526	0.217330 
1094527	0.256609 
1094528	0.304357 
1094529	0.353268 
1094530	0.394960 
1094531	0.421141 
1094532	0.425737 
1094533	0.407040 
1094534	0.368393 
1094535	0.316818 
1094536	0.260718 
1094537	0.208051 
1094538	0.165498 
1094539	0.138121 
1094540	0.129092 
1094541	0.139198 
1094542	0.166352 
1094543	0.205445 
1094544	0.248871 
1094545	0.287797 
1094546	0.314158 
1094547	0.323022 
1094548	0.314119 
1094549	0.291494 
1094550	0.261561 
1094551	0.230916 
1094552	0.204941 
1094553	0.187313 
1094554	0.180160 
1094555	0.184403 
1094556	0.200004 
1094557	0.225856 
1094558	0.259525 
1094559	0.297119 
1094560	0.333574 
1094561	0.363430 
1094562	0.382016 
1094563	0.386738 
1094564	0.377863 
1094565	0.358319 
1094566	0.332708 
1094567	0.305985 
1094568	0.282298 
1094569	0.264266 
1094570	0.252751 
1094571	0.247066 
1094572	0.245574 
1094573	0.246434 
1094574	0.248156 
1094575	0.249838 
1094576	0.250976 
1094577	0.251133 
1094578	0.249660 
1094579	0.245746 
1094580	0.238696 
1094581	0.228383 
1094582	0.215637 
1094583	0.202346 
1094584	0.191192 
1094585	0.185047 
1094586	0.186240 
1094587	0.195967 
1094588	0.214082 
1094589	0.239277 
1094590	0.269437 
1094591	0.301931 
1094592	0.333702 
1094593	0.361276 
1094594	0.380917 
1094595	0.389164 
1094596	0.383689 
1094597	0.364212 
1094598	0.332936 
1094599	0.294277 
1094600	0.253943 
1094601	0.217869 
1094602	0.191380 
1094603	0.178488 
1094604	0.181240 
1094605	0.199462 
1094606	0.230945 
1094607	0.271838 
1094608	0.316893 
1094609	0.359600 
1094610	0.392725 
1094611	0.409755 
1094612	0.406957 
1094613	0.384906 
1094614	0.348336 
1094615	0.304406 
1094616	0.260573 
1094617	0.223169 
1094618	0.196817 
1094619	0.184218 
1094620	0.185951 
1094621	0.200357 
1094622	0.223691 
1094623	0.250703 
1094624	0.275525 
1094625	0.292874 
1094626	0.299417 
1094627	0.294691 
1094628	0.280995 
1094629	0.262349 
1094630	0.243091 
1094631	0.226803 
1094632	0.215822 
1094633	0.211285 
1094634	0.213419 
1094635	0.221828 
1094636	0.235532 
1094637	0.252855 
1094638	0.271344 
1094639	0.287930 
1094640	0.299381 
1094641	0.303044 
1094642	0.297590 
1094643	0.283493 
1094644	0.262887 
1094645	0.239004 
1094646	0.215354 
1094647	0.194996 
1094648	0.180050 
1094649	0.171551 
1094650	0.169592 
1094651	0.173634 
1094652	0.182807 
1094653	0.196120 
1094654	0.212460 
1094655	0.230429 
1094656	0.248100 
1094657	0.262985 
1094658	0.272333 
1094659	0.273794 
1094660	0.266180 
1094661	0.249943 
1094662	0.227101 
1094663	0.200679 
1094664	0.173855 
1094665	0.149209 
1094666	0.128331 
1094667	0.111868 
1094668	0.099909 
1094669	0.092428 
1094670	0.089515 
1094671	0.091348 
1094672	0.097916 
1094673	0.108658 
1094674	0.122244 
1094675	0.136635 
1094676	0.149480 
1094677	0.158693 
1094678	0.163110 
1094679	0.162882 
1094680	0.159515 
1094681	0.155444 
1094682	0.153375 
1094683	0.155612 
1094684	0.163608 
1094685	0.177773 
1094686	0.197516 
1094687	0.221437 
1094688	0.247469 
1094689	0.272989 
1094690	0.294963 
1094691	0.310304 
1094692	0.316487 
1094693	0.312275 
1094694	0.298235 
1094695	0.276755 
1094696	0.251524 
1094697	0.226702 
1094698	0.206147 
1094699	0.192831 
1094700	0.188505 
1094701	0.193565 
1094702	0.207202 
1094703	0.227798 
1094704	0.253336 
1094705	0.281640 
1094706	0.310455 
1094707	0.337385 
1094708	0.359931 
1094709	0.375695 
1094710	0.382814 
1094711	0.380500 
1094712	0.369453 
1094713	0.351941 
1094714	0.331492 
1094715	0.312224 
1094716	0.298078 
1094717	0.292060 
1094718	0.295738 
1094719	0.309038 
1094720	0.330292 
1094721	0.356510 
1094722	0.383796 
1094723	0.407838 
1094724	0.424496 
1094725	0.430494 
1094726	0.424144 
1094727	0.405873 
1094728	0.378199 
1094729	0.345175 
1094730	0.311648 
1094731	0.282540 
1094732	0.262265 
1094733	0.254072 
1094734	0.259391 
1094735	0.277400 
1094736	0.304866 
1094737	0.336373 
1094738	0.364983 
1094739	0.383386 
1094740	0.385679 
1094741	0.369257 
1094742	0.335767 
1094743	0.290375 
1094744	0.239908 
1094745	0.191120 
1094746	0.149752 
1094747	0.120209 
1094748	0.105544 
1094749	0.107547 
1094750	0.126667 
1094751	0.161643 
1094752	0.208985 
1094753	0.262465 
1094754	0.312837 
1094755	0.348711 
1094756	0.359867 
1094757	0.341941 
1094758	0.299016 
1094759	0.241729 
1094760	0.182710 
1094761	0.132811 
1094762	0.099484 
1094763	0.086569 
1094764	0.094686 
1094765	0.121747 
1094766	0.163404 
1094767	0.213279 
1094768	0.263114 
1094769	0.303367 
1094770	0.325149 
1094771	0.323330 
1094772	0.298879 
1094773	0.258473 
1094774	0.211798 
1094775	0.168718 
1094776	0.137647 
1094777	0.124734 
1094778	0.133324 
1094779	0.163534 
1094780	0.211957 
1094781	0.271538 
1094782	0.331622 
1094783	0.378858 
1094784	0.400580 
1094785	0.390130 
1094786	0.350311 
1094787	0.291777 
1094788	0.227781 
1094789	0.169733 
1094790	0.125848 
1094791	0.101246 
1094792	0.098285 
1094793	0.116853 
1094794	0.154420 
1094795	0.205940 
1094796	0.263719 
1094797	0.317531 
1094798	0.355768 
1094799	0.368806 
1094800	0.353291 
1094801	0.314026 
1094802	0.261752 
1094803	0.208757 
1094804	0.165485 
1094805	0.139250 
1094806	0.133968 
1094807	0.150168 
1094808	0.185147 
1094809	0.233167 
1094810	0.285736 
1094811	0.332278 
1094812	0.362082 
1094813	0.367802 
1094814	0.348592 
1094815	0.310275 
1094816	0.262430 
1094817	0.214982 
1094818	0.176370 
1094819	0.153028 
1094820	0.149200 
1094821	0.166714 
1094822	0.204667 
1094823	0.259105 
1094824	0.322764 
1094825	0.384880 
1094826	0.431903 
1094827	0.451007 
1094828	0.435838 
1094829	0.390009 
1094830	0.325149 
1094831	0.255356 
1094832	0.192908 
1094833	0.146747 
1094834	0.122240 
1094835	0.121412 
1094836	0.143265 
1094837	0.183871 
1094838	0.236295 
1094839	0.290457 
1094840	0.333868 
1094841	0.354808 
1094842	0.347352 
1094843	0.314583 
1094844	0.267035 
1094845	0.217841 
1094846	0.178591 
1094847	0.157577 
1094848	0.159315 
1094849	0.184441 
1094850	0.229855 
1094851	0.288928 
1094852	0.351832 
1094853	0.406344 
1094854	0.440263 
1094855	0.445754 
1094856	0.422948 
1094857	0.379613 
1094858	0.327174 
1094859	0.276547 
1094860	0.236263 
1094861	0.212234 
1094862	0.207808 
1094863	0.223702 
1094864	0.257886 
1094865	0.305411 
1094866	0.358494 
1094867	0.407082 
1094868	0.440290 
1094869	0.449327 
1094870	0.431084 
1094871	0.389655 
1094872	0.334458 
1094873	0.276599 
1094874	0.226067 
1094875	0.190477 
1094876	0.174599 
1094877	0.180299 
1094878	0.206619 
1094879	0.249755 
1094880	0.302931 
1094881	0.356306 
1094882	0.397686 
1094883	0.415488 
1094884	0.403552 
1094885	0.364205 
1094886	0.306954 
1094887	0.244074 
1094888	0.186775 
1094889	0.143661 
1094890	0.120390 
1094891	0.119572 
1094892	0.140764 
1094893	0.180539 
1094894	0.232590 
1094895	0.287781 
1094896	0.334632 
1094897	0.361524 
1094898	0.360939 
1094899	0.333034 
1094900	0.285503 
1094901	0.229848 
1094902	0.177278 
1094903	0.136640 
1094904	0.113975 
1094905	0.112456 
1094906	0.132208 
1094907	0.169926 
1094908	0.218420 
1094909	0.266470 
1094910	0.300058 
1094911	0.306626 
1094912	0.281096 
1094913	0.228728 
1094914	0.162168 
1094915	0.095510 
1094916	0.040170 
1094917	0.003850 
1094918	-0.009328 
1094919	0.001567 
1094920	0.034721 
1094921	0.085809 
1094922	0.147972 
1094923	0.211569 
1094924	0.264435 
1094925	0.294452 
1094926	0.294559 
1094927	0.266555 
1094928	0.220194 
1094929	0.168408 
1094930	0.122896 
1094931	0.092314 
1094932	0.081980 
1094933	0.093782 
1094934	0.126132 
1094935	0.174000 
1094936	0.229126 
1094937	0.280563 
1094938	0.316322 
1094939	0.326954 
1094940	0.309682 
1094941	0.269739 
1094942	0.217694 
1094943	0.165156 
1094944	0.121858 
1094945	0.094710 
1094946	0.087730 
1094947	0.102340 
1094948	0.137607 
1094949	0.190239 
1094950	0.254199 
1094951	0.320126 
1094952	0.375584 
1094953	0.407768 
1094954	0.408582 
1094955	0.378617 
1094956	0.326635 
1094957	0.265183 
1094958	0.206333 
1094959	0.159894 
1094960	0.132875 
1094961	0.129195 
1094962	0.149608 
1094963	0.191856 
1094964	0.250852 
1094965	0.318997 
1094966	0.386649 
1094967	0.443031 
1094968	0.478358 
1094969	0.487314 
1094970	0.471574 
1094971	0.439051 
1094972	0.400458 
1094973	0.366029 
1094974	0.343885 
1094975	0.339465 
1094976	0.355233 
1094977	0.390384 
1094978	0.440550 
1094979	0.497759 
1094980	0.550886 
1094981	0.587283 
1094982	0.596626 
1094983	0.575593 
1094984	0.529692 
1094985	0.470549 
1094986	0.411187 
1094987	0.362748 
1094988	0.333174 
1094989	0.326715 
1094990	0.343856 
1094991	0.381454 
1094992	0.432858 
1094993	0.488056 
1094994	0.534261 
1094995	0.558332 
1094996	0.551775 
1094997	0.515222 
1094998	0.458231 
1094999	0.394636 
1095000	0.337575 
1095001	0.297097 
1095002	0.279464 
1095003	0.286873 
1095004	0.317278 
1095005	0.364332 
1095006	0.417709 
1095007	0.464237 
1095008	0.490652 
1095009	0.488427 
1095010	0.457904 
1095011	0.408038 
1095012	0.351906 
1095013	0.301846 
1095014	0.266999 
1095015	0.252724 
1095016	0.260660 
1095017	0.289111 
1095018	0.333443 
1095019	0.386268 
1095020	0.437415 
1095021	0.474720 
1095022	0.487216 
1095023	0.469941 
1095024	0.426601 
1095025	0.367712 
1095026	0.305962 
1095027	0.252647 
1095028	0.216390 
1095029	0.202675 
1095030	0.213421 
1095031	0.246554 
1095032	0.295779 
1095033	0.350772 
1095034	0.398099 
1095035	0.424122 
1095036	0.420386 
1095037	0.388040 
1095038	0.337313 
1095039	0.282482 
1095040	0.236566 
1095041	0.208738 
1095042	0.203746 
1095043	0.222049 
1095044	0.260114 
1095045	0.310519 
1095046	0.362051 
1095047	0.400773 
1095048	0.413885 
1095049	0.395375 
1095050	0.349126 
1095051	0.286584 
1095052	0.221277 
1095053	0.164732 
1095054	0.125298 
1095055	0.108140 
1095056	0.115344 
1095057	0.145826 
1095058	0.195150 
1095059	0.255506 
1095060	0.316229 
1095061	0.365428 
1095062	0.393312 
1095063	0.396048 
1095064	0.377519 
1095065	0.347332 
1095066	0.316702 
1095067	0.295044 
1095068	0.288598 
1095069	0.300255 
1095070	0.329804 
1095071	0.374107 
1095072	0.427126 
1095073	0.479967 
1095074	0.521625 
1095075	0.541549 
1095076	0.533718 
1095077	0.499527 
1095078	0.446984 
1095079	0.387005 
1095080	0.330001 
1095081	0.284414 
1095082	0.256319 
1095083	0.249160 
1095084	0.263358 
1095085	0.295891 
1095086	0.340036 
1095087	0.385596 
1095088	0.420344 
1095089	0.433582 
1095090	0.420712 
1095091	0.385499 
1095092	0.338039 
1095093	0.290218 
1095094	0.252121 
1095095	0.230627 
1095096	0.229317 
1095097	0.248788 
1095098	0.286860 
1095099	0.338583 
1095100	0.396205 
1095101	0.449689 
1095102	0.488637 
1095103	0.505703 
1095104	0.499827 
1095105	0.476739 
1095106	0.446309 
1095107	0.418992 
1095108	0.403480 
1095109	0.405590 
1095110	0.427717 
1095111	0.468603 
1095112	0.523283 
1095113	0.583362 
1095114	0.637722 
1095115	0.674329 
1095116	0.683824 
1095117	0.663643 
1095118	0.619317 
1095119	0.561790 
1095120	0.503044 
1095121	0.453091 
1095122	0.418838 
1095123	0.403936 
1095124	0.408957 
1095125	0.431474 
1095126	0.465934 
1095127	0.503665 
1095128	0.533766 
1095129	0.545786 
1095130	0.533744 
1095131	0.498972 
1095132	0.449496 
1095133	0.396532 
1095134	0.350916 
1095135	0.321146 
1095136	0.312431 
1095137	0.326301 
1095138	0.360545 
1095139	0.409434 
1095140	0.464201 
1095141	0.513845 
1095142	0.546774 
1095143	0.554164 
1095144	0.533735 
1095145	0.490941 
1095146	0.436417 
1095147	0.381894 
1095148	0.337218 
1095149	0.309259 
1095150	0.301824 
1095151	0.315703 
1095152	0.348611 
1095153	0.395047 
1095154	0.446326 
1095155	0.491077 
1095156	0.516939 
1095157	0.514530 
1095158	0.481970 
1095159	0.426061 
1095160	0.359011 
1095161	0.293744 
1095162	0.240988 
1095163	0.208222 
1095164	0.199346 
1095165	0.214598 
1095166	0.250422 
1095167	0.299256 
1095168	0.349346 
1095169	0.385897 
1095170	0.395423 
1095171	0.372110 
1095172	0.321033 
1095173	0.255152 
1095174	0.188875 
1095175	0.133487 
1095176	0.096296 
1095177	0.081240 
1095178	0.089267 
1095179	0.118429 
1095180	0.163772 
1095181	0.217433 
1095182	0.269252 
1095183	0.308377 
1095184	0.326399 
1095185	0.320830 
1095186	0.296250 
1095187	0.262077 
1095188	0.228813 
1095189	0.205304 
1095190	0.197708 
1095191	0.209221 
1095192	0.239982 
1095193	0.286966 
1095194	0.343975 
1095195	0.401933 
1095196	0.450053 
1095197	0.478500 
1095198	0.482057 
1095199	0.462579 
1095200	0.427842 
1095201	0.387870 
1095202	0.351804 
1095203	0.326475 
1095204	0.316066 
1095205	0.322120 
1095206	0.343537 
1095207	0.376460 
1095208	0.414179 
1095209	0.447337 
1095210	0.465242 
1095211	0.459025 
1095212	0.425896 
1095213	0.371233 
1095214	0.306198 
1095215	0.242940 
1095216	0.191765 
1095217	0.160001 
1095218	0.151395 
1095219	0.166264 
1095220	0.201819 
1095221	0.252267 
1095222	0.308829 
1095223	0.360280 
1095224	0.394885 
1095225	0.403907 
1095226	0.385249 
1095227	0.344444 
1095228	0.292159 
1095229	0.240294 
1095230	0.199172 
1095231	0.176237 
1095232	0.175624 
1095233	0.198289 
1095234	0.242203 
1095235	0.302324 
1095236	0.370573 
1095237	0.436361 
1095238	0.487917 
1095239	0.514917 
1095240	0.512276 
1095241	0.482351 
1095242	0.433444 
1095243	0.376065 
1095244	0.319893 
1095245	0.272451 
1095246	0.238776 
1095247	0.221330 
1095248	0.219971 
1095249	0.231873 
1095250	0.251570 
1095251	0.271458 
1095252	0.283118 
1095253	0.279586 
1095254	0.258079 
1095255	0.221223 
1095256	0.175595 
1095257	0.128936 
1095258	0.088138 
1095259	0.058475 
1095260	0.043415 
1095261	0.044622 
1095262	0.061943 
1095263	0.093310 
1095264	0.134543 
1095265	0.179290 
1095266	0.219363 
1095267	0.246182 
1095268	0.253655 
1095269	0.241037 
1095270	0.213467 
1095271	0.179772 
1095272	0.149192 
1095273	0.129055 
1095274	0.123932 
1095275	0.135574 
1095276	0.163260 
1095277	0.204174 
1095278	0.253730 
1095279	0.305835 
1095280	0.353256 
1095281	0.388330 
1095282	0.404618 
1095283	0.399138 
1095284	0.373713 
1095285	0.334245 
1095286	0.288456 
1095287	0.243779 
1095288	0.206294 
1095289	0.180346 
1095290	0.168237 
1095291	0.169985 
1095292	0.183246 
1095293	0.203545 
1095294	0.224964 
1095295	0.241292 
1095296	0.247564 
1095297	0.241718 
1095298	0.225451 
1095299	0.203609 
1095300	0.182565 
1095301	0.168537 
1095302	0.166366 
1095303	0.178897 
1095304	0.206801 
1095305	0.248561 
1095306	0.300410 
1095307	0.356248 
1095308	0.408015 
1095309	0.447053 
1095310	0.466619 
1095311	0.464534 
1095312	0.444130 
1095313	0.412728 
1095314	0.378950 
1095315	0.350524 
1095316	0.333036 
1095317	0.329417 
1095318	0.339969 
1095319	0.362722 
1095320	0.393886 
1095321	0.428366 
1095322	0.460310 
1095323	0.483874 
1095324	0.494211 
1095325	0.488662 
1095326	0.467606 
1095327	0.434439 
1095328	0.394610 
1095329	0.354304 
1095330	0.319430 
1095331	0.294947 
1095332	0.284311 
1095333	0.288897 
1095334	0.307587 
1095335	0.336585 
1095336	0.369584 
1095337	0.398531 
1095338	0.415435 
1095339	0.415049 
1095340	0.397059 
1095341	0.366272 
1095342	0.330651 
1095343	0.298583 
1095344	0.276849 
1095345	0.269673 
1095346	0.278445 
1095347	0.301740 
1095348	0.335530 
1095349	0.373490 
1095350	0.407556 
1095351	0.429334 
1095352	0.432705 
1095353	0.416342 
1095354	0.384311 
1095355	0.344254 
1095356	0.304713 
1095357	0.273152 
1095358	0.254911 
1095359	0.252805 
1095360	0.266940 
1095361	0.294603 
1095362	0.330343 
1095363	0.366441 
1095364	0.394154 
1095365	0.405898 
1095366	0.397850 
1095367	0.371488 
1095368	0.332974 
1095369	0.290751 
1095370	0.253041 
1095371	0.226278 
1095372	0.214492 
1095373	0.219201 
1095374	0.239481 
1095375	0.271987 
1095376	0.310939 
1095377	0.348456 
1095378	0.375902 
1095379	0.386523 
1095380	0.378179 
1095381	0.354265 
1095382	0.322131 
1095383	0.290286 
1095384	0.266110 
1095385	0.254654 
1095386	0.258108 
1095387	0.275563 
1095388	0.302989 
1095389	0.333513 
1095390	0.358430 
1095391	0.369309 
1095392	0.361026 
1095393	0.333966 
1095394	0.293721 
1095395	0.248539 
1095396	0.206527 
1095397	0.174068 
1095398	0.155399 
1095399	0.152640 
1095400	0.165969 
1095401	0.193745 
1095402	0.232576 
1095403	0.277374 
1095404	0.321531 
1095405	0.357494 
1095406	0.378118 
1095407	0.378903 
1095408	0.360007 
1095409	0.326467 
1095410	0.286461 
1095411	0.248877 
1095412	0.221455 
1095413	0.209695 
1095414	0.216222 
1095415	0.240519 
1095416	0.278880 
1095417	0.324719 
1095418	0.369205 
1095419	0.402558 
1095420	0.416482 
1095421	0.407206 
1095422	0.377152 
1095423	0.333819 
1095424	0.286802 
1095425	0.245077 
1095426	0.215639 
1095427	0.203044 
1095428	0.209247 
1095429	0.233416 
1095430	0.271659 
1095431	0.316860 
1095432	0.359072 
1095433	0.387235 
1095434	0.392660 
1095435	0.372781 
1095436	0.332321 
1095437	0.280918 
1095438	0.229243 
1095439	0.186266 
1095440	0.158310 
1095441	0.148921 
1095442	0.159016 
1095443	0.187030 
1095444	0.229062 
1095445	0.278967 
1095446	0.328586 
1095447	0.368672 
1095448	0.391223 
1095449	0.392582 
1095450	0.375202 
1095451	0.346471 
1095452	0.315662 
1095453	0.291150 
1095454	0.278969 
1095455	0.282289 
1095456	0.301245 
1095457	0.332925 
1095458	0.371578 
1095459	0.409237 
1095460	0.437078 
1095461	0.447812 
1095462	0.438471 
1095463	0.411751 
1095464	0.374868 
1095465	0.336935 
1095466	0.306652 
1095467	0.290818 
1095468	0.293510 
1095469	0.315811 
1095470	0.355891 
1095471	0.409240 
1095472	0.468906 
1095473	0.525787 
1095474	0.569559 
1095475	0.591119 
1095476	0.586026 
1095477	0.556557 
1095478	0.510621 
1095479	0.458606 
1095480	0.410783 
1095481	0.375910 
1095482	0.360292 
1095483	0.367117 
1095484	0.396053 
1095485	0.443084 
1095486	0.500657 
1095487	0.558164 
1095488	0.603002 
1095489	0.623432 
1095490	0.613248 
1095491	0.574923 
1095492	0.518418 
1095493	0.456631 
1095494	0.401262 
1095495	0.360976 
1095496	0.341018 
1095497	0.343194 
1095498	0.365946 
1095499	0.404426 
1095500	0.450693 
1095501	0.494346 
1095502	0.524109 
1095503	0.530844 
1095504	0.511146 
1095505	0.468975 
1095506	0.413806 
1095507	0.356888 
1095508	0.308278 
1095509	0.275459 
1095510	0.262753 
1095511	0.271023 
1095512	0.297470 
1095513	0.335705 
1095514	0.376216 
1095515	0.407688 
1095516	0.419746 
1095517	0.406712 
1095518	0.370121 
1095519	0.317765 
1095520	0.260059 
1095521	0.206674 
1095522	0.165096 
1095523	0.140426 
1095524	0.135485 
1095525	0.150805 
1095526	0.184309 
1095527	0.230839 
1095528	0.281690 
1095529	0.324626 
1095530	0.346074 
1095531	0.336584 
1095532	0.296085 
1095533	0.234146 
1095534	0.165016 
1095535	0.101758 
1095536	0.053554 
1095537	0.025677 
1095538	0.020038 
1095539	0.035741 
1095540	0.069539 
1095541	0.116093 
1095542	0.168130 
1095543	0.216688 
1095544	0.252013 
1095545	0.265961 
1095546	0.255248 
1095547	0.223139 
1095548	0.178097 
1095549	0.130627 
1095550	0.090664 
1095551	0.066216 
1095552	0.062682 
1095553	0.082316 
1095554	0.123765 
1095555	0.181709 
1095556	0.246740 
1095557	0.306010 
1095558	0.345915 
1095559	0.357197 
1095560	0.339416 
1095561	0.300976 
1095562	0.254631 
1095563	0.212449 
1095564	0.183481 
1095565	0.173540 
1095566	0.185457 
1095567	0.219162 
1095568	0.271509 
1095569	0.335871 
1095570	0.401817 
1095571	0.455744 
1095572	0.484342 
1095573	0.480531 
1095574	0.447426 
1095575	0.396671 
1095576	0.342815 
1095577	0.298596 
1095578	0.273056 
1095579	0.271089 
1095580	0.293395 
1095581	0.336677 
1095582	0.393986 
1095583	0.455359 
1095584	0.508931 
1095585	0.543260 
1095586	0.551002 
1095587	0.532046 
1095588	0.493326 
1095589	0.445515 
1095590	0.399331 
1095591	0.363543 
1095592	0.344281 
1095593	0.344847 
1095594	0.365661 
1095595	0.404084 
1095596	0.454260 
1095597	0.507238 
1095598	0.551865 
1095599	0.577053 
1095600	0.575555 
1095601	0.547177 
1095602	0.498778 
1095603	0.441049 
1095604	0.384891 
1095605	0.339364 
1095606	0.310854 
1095607	0.302825 
1095608	0.315883 
1095609	0.347994 
1095610	0.394654 
1095611	0.448998 
1095612	0.502024 
1095613	0.543408 
1095614	0.563797 
1095615	0.558410 
1095616	0.529491 
1095617	0.485323 
1095618	0.436753 
1095619	0.394081 
1095620	0.365419 
1095621	0.355893 
1095622	0.367189 
1095623	0.397297 
1095624	0.440438 
1095625	0.487255 
1095626	0.525487 
1095627	0.542298 
1095628	0.529002 
1095629	0.485419 
1095630	0.420095 
1095631	0.346070 
1095632	0.275785 
1095633	0.218366 
1095634	0.179172 
1095635	0.160272 
1095636	0.161127 
1095637	0.179042 
1095638	0.209279 
1095639	0.244874 
1095640	0.276754 
1095641	0.295123 
1095642	0.292625 
1095643	0.267659 
1095644	0.225271 
1095645	0.174992 
1095646	0.127447 
1095647	0.091907 
1095648	0.075136 
1095649	0.080762 
1095650	0.108939 
1095651	0.156177 
1095652	0.215325 
1095653	0.275704 
1095654	0.324494 
1095655	0.350506 
1095656	0.349008 
1095657	0.323956 
1095658	0.285584 
1095659	0.245434 
1095660	0.212741 
1095661	0.193507 
1095662	0.190880 
1095663	0.205598 
1095664	0.236043 
1095665	0.277901 
1095666	0.323695 
1095667	0.362782 
1095668	0.383401 
1095669	0.377485 
1095670	0.345249 
1095671	0.295581 
1095672	0.241839 
1095673	0.196748 
1095674	0.169849 
1095675	0.166559 
1095676	0.187777 
1095677	0.230028 
1095678	0.285824 
1095679	0.344276 
1095680	0.392679 
1095681	0.419966 
1095682	0.420928 
1095683	0.398272 
1095684	0.360861 
1095685	0.319609 
1095686	0.284191 
1095687	0.261676 
1095688	0.256337 
1095689	0.269714 
1095690	0.300596 
1095691	0.344781 
1095692	0.394886 
1095693	0.440683 
1095694	0.470807 
1095695	0.476540 
1095696	0.455912 
1095697	0.414785 
1095698	0.364004 
1095699	0.315098 
1095700	0.277454 
1095701	0.257197 
1095702	0.256888 
1095703	0.275710 
1095704	0.309843 
1095705	0.352999 
1095706	0.397063 
1095707	0.433039 
1095708	0.452774 
1095709	0.451497 
1095710	0.429809 
1095711	0.393497 
1095712	0.351197 
1095713	0.311593 
1095714	0.281664 
1095715	0.265982 
1095716	0.266537 
1095717	0.282609 
1095718	0.310659 
1095719	0.344338 
1095720	0.374917 
1095721	0.392770 
1095722	0.390243 
1095723	0.364794 
1095724	0.320132 
1095725	0.264484 
1095726	0.207528 
1095727	0.158033 
1095728	0.122650 
1095729	0.105507 
1095730	0.108201 
1095731	0.130010 
1095732	0.168096 
1095733	0.217630 
1095734	0.271829 
1095735	0.322099 
1095736	0.358881 
1095737	0.374097 
1095738	0.364515 
1095739	0.333556 
1095740	0.289910 
1095741	0.244233 
1095742	0.206405 
1095743	0.184212 
1095744	0.182725 
1095745	0.203867 
1095746	0.246089 
1095747	0.304164 
1095748	0.369067 
1095749	0.428231 
1095750	0.467592 
1095751	0.476431 
1095752	0.452440 
1095753	0.402867 
1095754	0.340717 
1095755	0.279238 
1095756	0.228827 
1095757	0.196394 
1095758	0.185387 
1095759	0.196139 
1095760	0.226325 
1095761	0.271264 
1095762	0.324059 
1095763	0.376091 
1095764	0.418084 
1095765	0.442203 
1095766	0.444740 
1095767	0.427561 
1095768	0.397129 
1095769	0.362023 
1095770	0.330528 
1095771	0.309123 
1095772	0.301635 
1095773	0.308873 
1095774	0.328543 
1095775	0.355517 
1095776	0.382330 
1095777	0.400420 
1095778	0.402702 
1095779	0.386480 
1095780	0.354698 
1095781	0.314569 
1095782	0.274792 
1095783	0.243130 
1095784	0.225240 
1095785	0.224416 
1095786	0.241574 
1095787	0.275191 
1095788	0.321084 
1095789	0.372170 
1095790	0.418728 
1095791	0.450028 
1095792	0.457945 
1095793	0.440836 
1095794	0.404670 
1095795	0.360351 
1095796	0.319424 
1095797	0.290960 
1095798	0.280296 
1095799	0.288747 
1095800	0.313813 
1095801	0.349737 
1095802	0.388406 
1095803	0.420554 
1095804	0.437627 
1095805	0.434270 
1095806	0.410346 
1095807	0.370990 
1095808	0.324660 
1095809	0.280572 
1095810	0.246926 
1095811	0.229944 
1095812	0.233369 
1095813	0.258068 
1095814	0.301627 
1095815	0.357941 
1095816	0.417115 
1095817	0.466229 
1095818	0.492090 
1095819	0.486218 
1095820	0.449134 
1095821	0.390106 
1095822	0.322624 
1095823	0.259665 
1095824	0.211372 
1095825	0.184169 
1095826	0.180575 
1095827	0.199497 
1095828	0.236798 
1095829	0.285888 
1095830	0.338237 
1095831	0.384092 
1095832	0.414209 
1095833	0.422771 
1095834	0.409818 
1095835	0.381178 
1095836	0.345957 
1095837	0.313501 
1095838	0.291419 
1095839	0.284720 
1095840	0.295451 
1095841	0.322562 
1095842	0.361989 
1095843	0.407029 
1095844	0.449184 
1095845	0.479620 
1095846	0.491423 
1095847	0.481961 
1095848	0.453872 
1095849	0.413853 
1095850	0.370239 
1095851	0.330913 
1095852	0.302139 
1095853	0.288064 
1095854	0.290538 
1095855	0.309108 
1095856	0.340989 
1095857	0.381104 
1095858	0.422360 
1095859	0.456349 
1095860	0.474838 
1095861	0.472299 
1095862	0.448350 
1095863	0.408049 
1095864	0.359772 
1095865	0.312581 
1095866	0.274558 
1095867	0.251922 
1095868	0.248363 
1095869	0.264640 
1095870	0.298458 
1095871	0.344567 
1095872	0.395168 
1095873	0.440636 
1095874	0.470954 
1095875	0.478389 
1095876	0.460606 
1095877	0.421908 
1095878	0.371459 
1095879	0.319949 
1095880	0.276921 
1095881	0.249466 
1095882	0.241795 
1095883	0.255221 
1095884	0.288133 
1095885	0.335927 
1095886	0.390907 
1095887	0.442652 
1095888	0.479612 
1095889	0.492576 
1095890	0.478552 
1095891	0.442244 
1095892	0.393802 
1095893	0.344804 
1095894	0.305214 
1095895	0.281887 
1095896	0.277997 
1095897	0.292900 
1095898	0.322314 
1095899	0.358776 
1095900	0.392532 
1095901	0.413349 
1095902	0.413626 
1095903	0.391477 
1095904	0.351506 
1095905	0.302610 
1095906	0.254621 
1095907	0.215977 
1095908	0.192816 
1095909	0.188778 
1095910	0.204878 
1095911	0.239284 
1095912	0.286951 
1095913	0.339316 
1095914	0.384797 
1095915	0.411337 
1095916	0.411280 
1095917	0.385334 
1095918	0.342292 
1095919	0.294803 
1095920	0.254709 
1095921	0.230621 
1095922	0.227303 
1095923	0.245675 
1095924	0.282924 
1095925	0.332665 
1095926	0.385283 
1095927	0.428992 
1095928	0.452654 
1095929	0.449999 
1095930	0.422605 
1095931	0.379091 
1095932	0.331222 
1095933	0.290017 
1095934	0.263832 
1095935	0.257843 
1095936	0.273781 
1095937	0.309718 
1095938	0.359991 
1095939	0.415509 
1095940	0.464654 
1095941	0.495525 
1095942	0.499805 
1095943	0.476370 
1095944	0.431633 
1095945	0.376442 
1095946	0.322276 
1095947	0.278971 
1095948	0.253735 
1095949	0.250702 
1095950	0.270735 
1095951	0.311388 
1095952	0.366883 
1095953	0.428160 
1095954	0.483315 
1095955	0.519532 
1095956	0.527380 
1095957	0.505282 
1095958	0.460203 
1095959	0.404038 
1095960	0.348996 
1095961	0.305105 
1095962	0.279374 
1095963	0.275586 
1095964	0.294339 
1095965	0.333061 
1095966	0.385941 
1095967	0.444002 
1095968	0.495612 
1095969	0.528198 
1095970	0.532353 
1095971	0.506484 
1095972	0.457882 
1095973	0.399208 
1095974	0.343497 
1095975	0.301206 
1095976	0.279312 
1095977	0.281018 
1095978	0.305543 
1095979	0.347998 
1095980	0.399387 
1095981	0.447026 
1095982	0.476569 
1095983	0.476863 
1095984	0.445289 
1095985	0.389078 
1095986	0.321447 
1095987	0.256191 
1095988	0.204633 
1095989	0.174681 
1095990	0.170516 
1095991	0.192530 
1095992	0.237179 
1095993	0.296833 
1095994	0.359730 
1095995	0.410745 
1095996	0.435221 
1095997	0.425686 
1095998	0.385991 
1095999	0.328851 
1096000	0.269220 
1096001	0.219290 
1096501	-0.006258 
1096502	-0.017053 
1096503	-0.001504 
1096504	0.039666 
1096505	0.103611 
1096506	0.184926 
1096507	0.274788 
1096508	0.360148 
1096509	0.423301 
1096510	0.445759 
1096511	0.418115 
1096512	0.346638 
1096513	0.249632 
1096514	0.147293 
1096515	0.055319 
1096516	-0.015113 
1096517	-0.057106 
1096518	-0.067578 
1096519	-0.046576 
1096520	0.003098 
1096521	0.076113 
1096522	0.164744 
1096523	0.258626 
1096524	0.344836 
1096525	0.409204 
1096526	0.439883 
1096527	0.432501 
1096528	0.392599 
1096529	0.332615 
1096530	0.266407 
1096531	0.205747 
1096532	0.159613 
1096533	0.134435 
1096534	0.134212 
1096535	0.160251 
1096536	0.210450 
1096537	0.278210 
1096538	0.351777 
1096539	0.414878 
1096540	0.450322 
1096541	0.447966 
1096542	0.410796 
1096543	0.352690 
1096544	0.290464 
1096545	0.237922 
1096546	0.205009 
1096547	0.197741 
1096548	0.218531 
1096549	0.266720 
1096550	0.338473 
1096551	0.426104 
1096552	0.517233 
1096553	0.593461 
1096554	0.632309 
1096555	0.617814 
1096556	0.551318 
1096557	0.450833 
1096558	0.339840 
1096559	0.237674 
1096560	0.157807 
1096561	0.108310 
1096562	0.092603 
1096563	0.110396 
1096564	0.158293 
1096565	0.229865 
1096566	0.315290 
1096567	0.401107 
1096568	0.470906 
1096569	0.508109 
1096570	0.503068 
1096571	0.458843 
1096572	0.389317 
1096573	0.311691 
1096574	0.240589 
1096575	0.186546 
1096576	0.156183 
1096577	0.152553 
1096578	0.175494 
1096579	0.221665 
1096580	0.284281 
1096581	0.353207 
1096582	0.415100 
1096583	0.455520 
1096584	0.465065 
1096585	0.444261 
1096586	0.402917 
1096587	0.354716 
1096588	0.312122 
1096589	0.284464 
1096590	0.277584 
1096591	0.293964 
1096592	0.332887 
1096593	0.390396 
1096594	0.459054 
1096595	0.527456 
1096596	0.580104 
1096597	0.600578 
1096598	0.579036 
1096599	0.517981 
1096600	0.430601 
1096601	0.333230 
1096602	0.239849 
1096603	0.161140 
1096604	0.104225 
1096605	0.072936 
1096606	0.068393 
1096607	0.089403 
1096608	0.132558 
1096609	0.192286 
1096610	0.261119 
1096611	0.329671 
1096612	0.386816 
1096613	0.421614 
1096614	0.426910 
1096615	0.402751 
1096616	0.356591 
1096617	0.299852 
1096618	0.243750 
1096619	0.197036 
1096620	0.165515 
1096621	0.152074 
1096622	0.156789 
1096623	0.177129 
1096624	0.208177 
1096625	0.242997 
1096626	0.273421 
1096627	0.291871 
1096628	0.293764 
1096629	0.279177 
1096630	0.252611 
1096631	0.221020 
1096632	0.191608 
1096633	0.170566 
1096634	0.162336 
1096635	0.169109 
1096636	0.190529 
1096637	0.223600 
1096638	0.262638 
1096639	0.299360 
1096640	0.323921 
1096641	0.327734 
1096642	0.306993 
1096643	0.264279 
1096644	0.206951 
1096645	0.143869 
1096646	0.083071 
1096647	0.031064 
1096648	-0.007227 
1096649	-0.028290 
1096650	-0.029913 
1096651	-0.011210 
1096652	0.027191 
1096653	0.082885 
1096654	0.151517 
1096655	0.226783 
1096656	0.300653 
1096657	0.364112 
1096658	0.408791 
1096659	0.429473 
1096660	0.426067 
1096661	0.403477 
1096662	0.369464 
1096663	0.332135 
1096664	0.298399 
1096665	0.273353 
1096666	0.260048 
1096667	0.259416 
1096668	0.270239 
1096669	0.289325 
1096670	0.311895 
1096671	0.332358 
1096672	0.345472 
1096673	0.347742 
1096674	0.338539 
1096675	0.320259 
1096676	0.297392 
1096677	0.275064 
1096678	0.257838 
1096679	0.248992 
1096680	0.250173 
1096681	0.261270 
1096682	0.280389 
1096683	0.303903 
1096684	0.326745 
1096685	0.343164 
1096686	0.348037 
1096687	0.338448 
1096688	0.314769 
1096689	0.280480 
1096690	0.240900 
1096691	0.201622 
1096692	0.167470 
1096693	0.142031 
1096694	0.127529 
1096695	0.124907 
1096696	0.133894 
1096697	0.153004 
1096698	0.179513 
1096699	0.209548 
1096700	0.238360 
1096701	0.260935 
1096702	0.273036 
1096703	0.272499 
1096704	0.260063 
1096705	0.239124 
1096706	0.214589 
1096707	0.191472 
1096708	0.173895 
1096709	0.164570 
1096710	0.164685 
1096711	0.174014 
1096712	0.191078 
1096713	0.213313 
1096714	0.237380 
1096715	0.259497 
1096716	0.276002 
1096717	0.284044 
1096718	0.282325 
1096719	0.271433 
1096720	0.253651 
1096721	0.232269 
1096722	0.210765 
1096723	0.192146 
1096724	0.178540 
1096725	0.171040 
1096726	0.169727 
1096727	0.173792 
1096728	0.181727 
1096729	0.191533 
1096730	0.200984 
1096731	0.207975 
1096732	0.210943 
1096733	0.209206 
1096734	0.203167 
1096735	0.194245 
1096736	0.184578 
1096737	0.176497 
1096738	0.171947 
1096739	0.172013 
1096740	0.176645 
1096741	0.184650 
1096742	0.193922 
1096743	0.201938 
1096744	0.206428 
1096745	0.206062 
1096746	0.200870 
1096747	0.192264 
1096748	0.182672 
1096749	0.174949 
1096750	0.171844 
1096751	0.175570 
1096752	0.187530 
1096753	0.208195 
1096754	0.236966 
1096755	0.272035 
1096756	0.310332 
1096757	0.347670 
1096758	0.379280 
1096759	0.400790 
1096760	0.409496 
1096761	0.405281 
1096762	0.390608 
1096763	0.369644 
1096764	0.347012 
1096765	0.326787 
1096766	0.311953 
1096767	0.304138 
1096768	0.303541 
1096769	0.308992 
1096770	0.318199 
1096771	0.328189 
1096772	0.335971 
1096773	0.339372 
1096774	0.337677 
1096775	0.331809 
1096776	0.323895 
1096777	0.316503 
1096778	0.311893 
1096779	0.311520 
1096780	0.315831 
1096781	0.324287 
1096782	0.335497 
1096783	0.347524 
1096784	0.358254 
1096785	0.365853 
1096786	0.369179 
1096787	0.368087 
1096788	0.363466 
1096789	0.357042 
1096790	0.350994 
1096791	0.347542 
1096792	0.348577 
1096793	0.355364 
1096794	0.368335 
1096795	0.386979 
1096796	0.409828 
1096797	0.434566 
1096798	0.458293 
1096799	0.478031 
1096800	0.491313 
1096801	0.496755 
1096802	0.494343 
1096803	0.485361 
1096804	0.471944 
1096805	0.456506 
1096806	0.441202 
1096807	0.427583 
1096808	0.416406 
1096809	0.407555 
1096810	0.400100 
1096811	0.392476 
1096812	0.382826 
1096813	0.369535 
1096814	0.351784 
1096815	0.329976 
1096816	0.305836 
1096817	0.282086 
1096818	0.261786 
1096819	0.247586 
1096820	0.241081 
1096821	0.242430 
1096822	0.250302 
1096823	0.262168 
1096824	0.274864 
1096825	0.285362 
1096826	0.291546 
1096827	0.292733 
1096828	0.289770 
1096829	0.284628 
1096830	0.279759 
1096831	0.277458 
1096832	0.279440 
1096833	0.286665 
1096834	0.299337 
1096835	0.316914 
1096836	0.338138 
1096837	0.361119 
1096838	0.383512 
1096839	0.402819 
1096840	0.416803 
1096841	0.423892 
1096842	0.423497 
1096843	0.416150 
1096844	0.403394 
1096845	0.387460 
1096846	0.370794 
1096847	0.355602 
1096848	0.343489 
1096849	0.335308 
1096850	0.331123 
1096851	0.330297 
1096852	0.331646 
1096853	0.333624 
1096854	0.334558 
1096855	0.332929 
1096856	0.327681 
1096857	0.318449 
1096858	0.305674 
1096859	0.290582 
1096860	0.275027 
1096861	0.261216 
1096862	0.251405 
1096863	0.247471 
1096864	0.250542 
1096865	0.260745 
1096866	0.277188 
1096867	0.298124 
1096868	0.321239 
1096869	0.344065 
1096870	0.364374 
1096871	0.380503 
1096872	0.391531 
1096873	0.397273 
1096874	0.398184 
1096875	0.395167 
1096876	0.389456 
1096877	0.382456 
1096878	0.375543 
1096879	0.369829 
1096880	0.365942 
1096881	0.363915 
1096882	0.363162 
1096883	0.362623 
1096884	0.361003 
1096885	0.357139 
1096886	0.350336 
1096887	0.340584 
1096888	0.328551 
1096889	0.315369 
1096890	0.302332 
1096891	0.290635 
1096892	0.281282 
1096893	0.275036 
1096894	0.272417 
1096895	0.273649 
1096896	0.278531 
1096897	0.286273 
1096898	0.295406 
1096899	0.303907 
1096900	0.309529 
1096901	0.310338 
1096902	0.305301 
1096903	0.294592 
1096904	0.279530 
1096905	0.262191 
1096906	0.244833 
1096907	0.229480 
1096908	0.217681 
1096909	0.210422 
1096910	0.208121 
1096911	0.210591 
1096912	0.216946 
1096913	0.225606 
1096914	0.234427 
1096915	0.241101 
1096916	0.243669 
1096917	0.241080 
1096918	0.233565 
1096919	0.222622 
1096920	0.210619 
1096921	0.200155 
1096922	0.193377 
1096923	0.191458 
1096924	0.194324 
1096925	0.200731 
1096926	0.208558 
1096927	0.215388 
1096928	0.219116 
1096929	0.218527 
1096930	0.213626 
1096931	0.205599 
1096932	0.196443 
1096933	0.188401 
1096934	0.183448 
1096935	0.182986 
1096936	0.187783 
1096937	0.198001 
1096938	0.213181 
1096939	0.232194 
1096940	0.253122 
1096941	0.273294 
1096942	0.289542 
1096943	0.298807 
1096944	0.298913 
1096945	0.289210 
1096946	0.270819 
1096947	0.246362 
1096948	0.219322 
1096949	0.193342 
1096950	0.171627 
1096951	0.156552 
1096952	0.149523 
1096953	0.150950 
1096954	0.160324 
1096955	0.176264 
1096956	0.196597 
1096957	0.218537 
1096958	0.239000 
1096959	0.255052 
1096960	0.264475 
1096961	0.266305 
1096962	0.261162 
1096963	0.251177 
1096964	0.239537 
1096965	0.229808 
1096966	0.225181 
1096967	0.227892 
1096968	0.238834 
1096969	0.257434 
1096970	0.281735 
1096971	0.308698 
1096972	0.334697 
1096973	0.356192 
1096974	0.370489 
1096975	0.376330 
1096976	0.374128 
1096977	0.365706 
1096978	0.353720 
1096979	0.341085 
1096980	0.330502 
1096981	0.324140 
1096982	0.323382 
1096983	0.328594 
1096984	0.338967 
1096985	0.352491 
1096986	0.366165 
1096987	0.376521 
1096988	0.380410 
1096989	0.375850 
1096990	0.362696 
1096991	0.342806 
1096992	0.319648 
1096993	0.297546 
1096994	0.280788 
1096995	0.272877 
1096996	0.276002 
1096997	0.290764 
1096998	0.316055 
1096999	0.349042 
1097000	0.385268 
1097001	0.419089 
1097002	0.444561 
1097003	0.456852 
1097004	0.453768 
1097005	0.436557 
1097006	0.409456 
1097007	0.378319 
1097008	0.349144 
1097009	0.327018 
1097010	0.315433 
1097011	0.315903 
1097012	0.327877 
1097013	0.348975 
1097014	0.375452 
1097015	0.402866 
1097016	0.426812 
1097017	0.443672 
1097018	0.451276 
1097019	0.449353 
1097020	0.439494 
1097021	0.424633 
1097022	0.408315 
1097023	0.394008 
1097024	0.384595 
1097025	0.381954 
1097026	0.386642 
1097027	0.397688 
1097028	0.412629 
1097029	0.427874 
1097030	0.439418 
1097031	0.443925 
1097032	0.439713 
1097033	0.427332 
1097034	0.409405 
1097035	0.389892 
1097036	0.373141 
1097037	0.362982 
1097038	0.361973 
1097039	0.370848 
1097040	0.388279 
1097041	0.411009 
1097042	0.434318 
1097043	0.452838 
1097044	0.461740 
1097045	0.458143 
1097046	0.442123 
1097047	0.416737 
1097048	0.386995 
1097049	0.358453 
1097050	0.336044 
1097051	0.323449 
1097052	0.322833 
1097053	0.334718 
1097054	0.357857 
1097055	0.389174 
1097056	0.423932 
1097057	0.456355 
1097058	0.480764 
1097059	0.493050 
1097060	0.491895 
1097061	0.479125 
1097062	0.459013 
1097063	0.436945 
1097064	0.418043 
1097065	0.406132 
1097066	0.403159 
1097067	0.409039 
1097068	0.421742 
1097069	0.437528 
1097070	0.451333 
1097071	0.457520 
1097072	0.451255 
1097073	0.430107 
1097074	0.395029 
1097075	0.350090 
1097076	0.301298 
1097077	0.255217 
1097078	0.217879 
1097079	0.194019 
1097080	0.186566 
1097081	0.196210 
1097082	0.221130 
1097083	0.256876 
1097084	0.296566 
1097085	0.331641 
1097086	0.353647 
1097087	0.356885 
1097088	0.340717 
1097089	0.309877 
1097090	0.272536 
1097091	0.237388 
1097092	0.211446 
1097093	0.199079 
1097094	0.201929 
1097095	0.219135 
1097096	0.247495 
1097097	0.281570 
1097098	0.314206 
1097099	0.337919 
1097100	0.347078 
1097101	0.339898 
1097102	0.319121 
1097103	0.290881 
1097104	0.262640 
1097105	0.241407 
1097106	0.232679 
1097107	0.239768 
1097108	0.263283 
1097109	0.300820 
1097110	0.346939 
1097111	0.393580 
1097112	0.431176 
1097113	0.450963 
1097114	0.448140 
1097115	0.423965 
1097116	0.385130 
1097117	0.340852 
1097118	0.299881 
1097119	0.268745 
1097120	0.251213 
1097121	0.248393 
1097122	0.259023 
1097123	0.279702 
1097124	0.304974 
1097125	0.327685 
1097126	0.340279 
1097127	0.337140 
1097128	0.316839 
1097129	0.282730 
1097130	0.241645 
1097131	0.201738 
1097132	0.170642 
1097133	0.154285 
1097134	0.156190 
1097135	0.177025 
1097136	0.214300 
1097137	0.262331 
1097138	0.312501 
1097139	0.354316 
1097140	0.377901 
1097141	0.377567 
1097142	0.354293 
1097143	0.315209 
1097144	0.270415 
1097145	0.229466 
1097146	0.199415 
1097147	0.184428 
1097148	0.186079 
1097149	0.203655 
1097150	0.234187 
1097151	0.272369 
1097152	0.310758 
1097153	0.340903 
1097154	0.355589 
1097155	0.351461 
1097156	0.330452 
1097157	0.299024 
1097158	0.265802 
1097159	0.239143 
1097160	0.225640 
1097161	0.229350 
1097162	0.251490 
1097163	0.290302 
1097164	0.341185 
1097165	0.396923 
1097166	0.448234 
1097167	0.485121 
1097168	0.499632 
1097169	0.489009 
1097170	0.456886 
1097171	0.411497 
1097172	0.362370 
1097173	0.317822 
1097174	0.284080 
1097175	0.265226 
1097176	0.263232 
1097177	0.277808 
1097178	0.306110 
1097179	0.342642 
1097180	0.379599 
1097181	0.408070 
1097182	0.420244 
1097183	0.412057 
1097184	0.384839 
1097185	0.344697 
1097186	0.300195 
1097187	0.259861 
1097188	0.230457 
1097189	0.216155 
1097190	0.218444 
1097191	0.236453 
1097192	0.267318 
1097193	0.306371 
1097194	0.347172 
1097195	0.381739 
1097196	0.401725 
1097197	0.400980 
1097198	0.378280 
1097199	0.338118 
1097200	0.288927 
1097201	0.240300 
1097202	0.200971 
1097203	0.177671 
1097204	0.174397 
1097205	0.191947 
1097206	0.227746 
1097207	0.275899 
1097208	0.327419 
1097209	0.371178 
1097210	0.396478 
1097211	0.397016 
1097212	0.373737 
1097213	0.334263 
1097214	0.289329 
1097215	0.248976 
1097216	0.220520 
1097217	0.208148 
1097218	0.213128 
1097219	0.234093 
1097220	0.267048 
1097221	0.305172 
1097222	0.338983 
1097223	0.358052 
1097224	0.354645 
1097225	0.327390 
1097226	0.282068 
1097227	0.228900 
1097228	0.178693 
1097229	0.140360 
1097230	0.120009 
1097231	0.120593 
1097232	0.141744 
1097233	0.179769 
1097234	0.227845 
1097235	0.276499 
1097236	0.314930 
1097237	0.333968 
1097238	0.329778 
1097239	0.305630 
1097240	0.270184 
1097241	0.233668 
1097242	0.204729 
1097243	0.189175 
1097244	0.189918 
1097245	0.207316 
1097246	0.239481 
1097247	0.282369 
1097248	0.329800 
1097249	0.373810 
1097250	0.405935 
1097251	0.419652 
1097252	0.412937 
1097253	0.389131 
1097254	0.355538 
1097255	0.320936 
1097256	0.293547 
1097257	0.279803 
1097258	0.283563 
1097259	0.305582 
1097260	0.343237 
1097261	0.390507 
1097262	0.438384 
1097263	0.476082 
1097264	0.493805 
1097265	0.486585 
1097266	0.456588 
1097267	0.411941 
1097268	0.363047 
1097269	0.319262 
1097270	0.287404 
1097271	0.271605 
1097272	0.273576 
1097273	0.292787 
1097274	0.326410 
1097275	0.369194 
1097276	0.413695 
1097277	0.451200 
1097278	0.473622 
1097279	0.476127 
1097280	0.459135 
1097281	0.428152 
1097282	0.391621 
1097283	0.358304 
1097284	0.335355 
1097285	0.327287 
1097286	0.335610 
1097287	0.358885 
1097288	0.393116 
1097289	0.432237 
1097290	0.468807 
1097291	0.495073 
1097292	0.504670 
1097293	0.494642 
1097294	0.466532 
1097295	0.425667 
1097296	0.379208 
1097297	0.334314 
1097298	0.297121 
1097299	0.272285 
1097300	0.262648 
1097301	0.268857 
1097302	0.288992 
1097303	0.318298 
1097304	0.349245 
1097305	0.372344 
1097306	0.378418 
1097307	0.362071 
1097308	0.324347 
1097309	0.272355 
1097310	0.216194 
1097311	0.165467 
1097312	0.127256 
1097313	0.105507 
1097314	0.101205 
1097315	0.112841 
1097316	0.136910 
1097317	0.168273 
1097318	0.200390 
1097319	0.225937 
1097320	0.238342 
1097321	0.234020 
1097322	0.213953 
1097323	0.183388 
1097324	0.149885 
1097325	0.121082 
1097326	0.103191 
1097327	0.100195 
1097328	0.113385 
1097329	0.141145 
1097330	0.179027 
1097331	0.220179 
1097332	0.256315 
1097333	0.279538 
1097334	0.284813 
1097335	0.271912 
1097336	0.245383 
1097337	0.212627 
1097338	0.181384 
1097339	0.158089 
1097340	0.147240 
1097341	0.151316 
1097342	0.170680 
1097343	0.203353 
1097344	0.244694 
1097345	0.287333 
1097346	0.321962 
1097347	0.339613 
1097348	0.334957 
1097349	0.308668 
1097350	0.267075 
1097351	0.219400 
1097352	0.174786 
1097353	0.140596 
1097354	0.121697 
1097355	0.120262 
1097356	0.135888 
1097357	0.165965 
1097358	0.206131 
1097359	0.250774 
1097360	0.293496 
1097361	0.327818 
1097362	0.348472 
1097363	0.353005 
1097364	0.342779 
1097365	0.322499 
1097366	0.298650 
1097367	0.277749 
1097368	0.265118 
1097369	0.264203 
1097370	0.276184 
1097371	0.299799 
1097372	0.331435 
1097373	0.365587 
1097374	0.395810 
1097375	0.416138 
1097376	0.422775 
1097377	0.415363 
1097378	0.396984 
1097379	0.373017 
1097380	0.349434 
1097381	0.331504 
1097382	0.323069 
1097383	0.326321 
1097384	0.341751 
1097385	0.368071 
1097386	0.402024 
1097387	0.438310 
1097388	0.469952 
1097389	0.489638 
1097390	0.492002 
1097391	0.475796 
1097392	0.444525 
1097393	0.405093 
1097394	0.365498 
1097395	0.332905 
1097396	0.312514 
1097397	0.307049 
1097398	0.316599 
1097399	0.338815 
1097400	0.369303 
1097401	0.402195 
1097402	0.430959 
1097403	0.449582 
1097404	0.454145 
1097405	0.444165 
1097406	0.422795 
1097407	0.395618 
1097408	0.368866 
1097409	0.347871 
1097410	0.336170 
1097411	0.335163 
1097412	0.344045 
1097413	0.359948 
1097414	0.378307 
1097415	0.393587 
1097416	0.400458 
1097417	0.395251 
1097418	0.377179 
1097419	0.348663 
1097420	0.314550 
1097421	0.280746 
1097422	0.252865 
1097423	0.235335 
1097424	0.230808 
1097425	0.239856 
1097426	0.260890 
1097427	0.290247 
1097428	0.322476 
1097429	0.350971 
1097430	0.369366 
1097431	0.373511 
1097432	0.363058 
1097433	0.341504 
1097434	0.314657 
1097435	0.288595 
1097436	0.268228 
1097437	0.256765 
1097438	0.255687 
1097439	0.264780 
1097440	0.282148 
1097441	0.304312 
1097442	0.326543 
1097443	0.343607 
1097444	0.350978 
1097445	0.346269 
1097446	0.330179 
1097447	0.306374 
1097448	0.280302 
1097449	0.257642 
1097450	0.242964 
1097451	0.238903 
1097452	0.245863 
1097453	0.262088 
1097454	0.283995 
1097455	0.306709 
1097456	0.324868 
1097457	0.333814 
1097458	0.330893 
1097459	0.316353 
1097460	0.293189 
1097461	0.266089 
1097462	0.240094 
1097463	0.219675 
1097464	0.208240 
1097465	0.207902 
1097466	0.219245 
1097467	0.241072 
1097468	0.270248 
1097469	0.301789 
1097470	0.329469 
1097471	0.347185 
1097472	0.350866 
1097473	0.340013 
1097474	0.317903 
1097475	0.290293 
1097476	0.263433 
1097477	0.242444 
1097478	0.230514 
1097479	0.228716 
1097480	0.236218 
1097481	0.250688 
1097482	0.268718 
1097483	0.286275 
1097484	0.299234 
1097485	0.304138 
1097486	0.299019 
1097487	0.283994 
1097488	0.261252 
1097489	0.234525 
1097490	0.208230 
1097491	0.186649 
1097492	0.173250 
1097493	0.170152 
1097494	0.177796 
1097495	0.194776 
1097496	0.217989 
1097497	0.243090 
1097498	0.265220 
1097499	0.279959 
1097500	0.284420 
1097501	0.278032 
1097502	0.262665 
1097503	0.241985 
1097504	0.220431 
1097505	0.202287 
1097506	0.191125 
1097507	0.189484 
1097508	0.198664 
1097509	0.218484 
1097510	0.247028 
1097511	0.280566 
1097512	0.313796 
1097513	0.340727 
1097514	0.356178 
1097515	0.357521 
1097516	0.345642 
1097517	0.324522 
1097518	0.299761 
1097519	0.276906 
1097520	0.260255 
1097521	0.252290 
1097522	0.253536 
1097523	0.262773 
1097524	0.277402 
1097525	0.293974 
1097526	0.308770 
1097527	0.318386 
1097528	0.320375 
1097529	0.313748 
1097530	0.299238 
1097531	0.279066 
1097532	0.256407 
1097533	0.234765 
1097534	0.217456 
1097535	0.207202 
1097536	0.205774 
1097537	0.213576 
1097538	0.229340 
1097539	0.250034 
1097540	0.271240 
1097541	0.288000 
1097542	0.296054 
1097543	0.293047 
1097544	0.279248 
1097545	0.257331 
1097546	0.231388 
1097547	0.205712 
1097548	0.183860 
1097549	0.168253 
1097550	0.160223 
1097551	0.160286 
1097552	0.168338 
1097553	0.183616 
1097554	0.204444 
1097555	0.227980 
1097556	0.250332 
1097557	0.267205 
1097558	0.275043 
1097559	0.272199 
1097560	0.259575 
1097561	0.240314 
1097562	0.218774 
1097563	0.199296 
1097564	0.185253 
1097565	0.178529 
1097566	0.179420 
1097567	0.186862 
1097568	0.198784 
1097569	0.212499 
1097570	0.225048 
1097571	0.233577 
1097572	0.235810 
1097573	0.230576 
1097574	0.218168 
1097575	0.200364 
1097576	0.180062 
1097577	0.160711 
1097578	0.145713 
1097579	0.137852 
1097580	0.138814 
1097581	0.148771 
1097582	0.166117 
1097583	0.187501 
1097584	0.208272 
1097585	0.223505 
1097586	0.229398 
1097587	0.224536 
1097588	0.210351 
1097589	0.190537 
1097590	0.169766 
1097591	0.152412 
1097592	0.141721 
1097593	0.139537 
1097594	0.146395 
1097595	0.161780 
1097596	0.184350 
1097597	0.212007 
1097598	0.241899 
1097599	0.270541 
1097600	0.294290 
1097601	0.310211 
1097602	0.317041 
1097603	0.315695 
1097604	0.309060 
1097605	0.301184 
1097606	0.296295 
1097607	0.297875 
1097608	0.308035 
1097609	0.327163 
1097610	0.353898 
1097611	0.385293 
1097612	0.417174 
1097613	0.444692 
1097614	0.463229 
1097615	0.469565 
1097616	0.462882 
1097617	0.445057 
1097618	0.420034 
1097619	0.392731 
1097620	0.367994 
1097621	0.349913 
1097622	0.341396 
1097623	0.343883 
1097624	0.357073 
1097625	0.378735 
1097626	0.404771 
1097627	0.429691 
1097628	0.447645 
1097629	0.453976 
1097630	0.446752 
1097631	0.427543 
1097632	0.400884 
1097633	0.372842 
1097634	0.349433 
1097635	0.335397 
1097636	0.333520 
1097637	0.344424 
1097638	0.366752 
1097639	0.397437 
1097640	0.432038 
1097641	0.465167 
1097642	0.491274 
1097643	0.505816 
1097644	0.506480 
1097645	0.493841 
1097646	0.471090 
1097647	0.443055 
1097648	0.415089 
1097649	0.392168 
1097650	0.378201 
1097651	0.375511 
1097652	0.384458 
1097653	0.403283 
1097654	0.428238 
1097655	0.454147 
1097656	0.475359 
1097657	0.487044 
1097658	0.486471 
1097659	0.473727 
1097660	0.451516 
1097661	0.424158 
1097662	0.396353 
1097663	0.372236 
1097664	0.354917 
1097665	0.346308 
1097666	0.347145 
1097667	0.356989 
1097668	0.374158 
1097669	0.395667 
1097670	0.417338 
1097671	0.434296 
1097672	0.441934 
1097673	0.437208 
1097674	0.419657 
1097675	0.391609 
1097676	0.357459 
1097677	0.322431 
1097678	0.291378 
1097679	0.267900 
1097680	0.253840 
1097681	0.249139 
1097682	0.251992 
1097683	0.259229 
1097684	0.266896 
1097685	0.271004 
1097686	0.268397 
1097687	0.257543 
1097688	0.238923 
1097689	0.214877 
1097690	0.188985 
1097691	0.165313 
1097692	0.147773 
1097693	0.139626 
1097694	0.143023 
1097695	0.158548 
1097696	0.184859 
1097697	0.218540 
1097698	0.254351 
1097699	0.285901 
1097700	0.307015 
1097701	0.313536 
1097702	0.304826 
1097703	0.283942 
1097704	0.256350 
1097705	0.228027 
1097706	0.204043 
1097707	0.187974 
1097708	0.181828 
1097709	0.186202 
1097710	0.200372 
1097711	0.222303 
1097712	0.248579 
1097713	0.274424 
1097714	0.294179 
1097715	0.302509 
1097716	0.296162 
1097717	0.275374 
1097718	0.243930 
1097719	0.207848 
1097720	0.173627 
1097721	0.146902 
1097722	0.131719 
1097723	0.130129 
1097724	0.142015 
1097725	0.165128 
1097726	0.195386 
1097727	0.227459 
1097728	0.255750 
1097729	0.275685 
1097730	0.285007 
1097731	0.284390 
1097732	0.277033 
1097733	0.267475 
1097734	0.260346 
1097735	0.259519 
1097736	0.267668 
1097737	0.285987 
1097738	0.313882 
1097739	0.348675 
1097740	0.385489 
1097741	0.417669 
1097742	0.438099 
1097743	0.441385 
1097744	0.426020 
1097745	0.395100 
1097746	0.355183 
1097747	0.314125 
1097748	0.279187 
1097749	0.255887 
1097750	0.247440 
1097751	0.254527 
1097752	0.275394 
1097753	0.306115 
1097754	0.341029 
1097755	0.373362 
1097756	0.396366 
1097757	0.405061 
1097758	0.397965 
1097759	0.377623 
1097760	0.349532 
1097761	0.320174 
1097762	0.295420 
1097763	0.279762 
1097764	0.276076 
1097765	0.285572 
1097766	0.307688 
1097767	0.339984 
1097768	0.378104 
1097769	0.416029 
1097770	0.446842 
1097771	0.464254 
1097772	0.464658 
1097773	0.448627 
1097774	0.420769 
1097775	0.388024 
1097776	0.357552 
1097777	0.335239 
1097778	0.324943 
1097779	0.328172 
1097780	0.343977 
1097781	0.368963 
1097782	0.397447 
1097783	0.422078 
1097784	0.435299 
1097785	0.431682 
1097786	0.410060 
1097787	0.373978 
1097788	0.330227 
1097789	0.286524 
1097790	0.249818 
1097791	0.225435 
1097792	0.216659 
1097793	0.224411 
1097794	0.247032 
1097795	0.280266 
1097796	0.317491 
1097797	0.350433 
1097798	0.370728 
1097799	0.372443 
1097800	0.354427 
1097801	0.320731 
1097802	0.278810 
1097803	0.236844 
1097804	0.201839 
1097805	0.178915 
1097806	0.171204 
1097807	0.179873 
1097808	0.204059 
1097809	0.240759 
1097810	0.284849 
1097811	0.329373 
1097812	0.366448 
1097813	0.389029 
1097814	0.393246 
1097815	0.379917 
1097816	0.354129 
1097817	0.323198 
1097818	0.294380 
1097819	0.273406 
1097820	0.263920 
1097821	0.267400 
1097822	0.283283 
1097823	0.309122 
1097824	0.340745 
1097825	0.372536 
1097826	0.398029 
1097827	0.411131 
1097828	0.407832 
1097829	0.387607 
1097830	0.353585 
1097831	0.311487 
1097832	0.268110 
1097833	0.230152 
1097834	0.203348 
1097835	0.191799 
1097836	0.197505 
1097837	0.220035 
1097838	0.256385 
1097839	0.301063 
1097840	0.346483 
1097841	0.383832 
1097842	0.404735 
1097843	0.403751 
1097844	0.380567 
1097845	0.340135 
1097846	0.290634 
1097847	0.240819 
1097848	0.198261 
1097849	0.168610 
1097850	0.155423 
1097851	0.160231 
1097852	0.182568 
1097853	0.219887 
1097854	0.267367 
1097855	0.317902 
1097856	0.362538 
1097857	0.391904 
1097858	0.398957 
1097859	0.381937 
1097860	0.345312 
1097861	0.297847 
1097862	0.249407 
1097863	0.208447 
1097864	0.180780 
1097865	0.169207 
1097866	0.173669 
1097867	0.191657 
1097868	0.218719 
1097869	0.248878 
1097870	0.275166 
1097871	0.290616 
1097872	0.290017 
1097873	0.271712 
1097874	0.238271 
1097875	0.195500 
1097876	0.150594 
1097877	0.110539 
1097878	0.081181 
1097879	0.066652 
1097880	0.068913 
1097881	0.087438 
1097882	0.119165 
1097883	0.158773 
1097884	0.199296 
1097885	0.233100 
1097886	0.253416 
1097887	0.256309 
1097888	0.242070 
1097889	0.214963 
1097890	0.181464 
1097891	0.148258 
1097892	0.121061 
1097893	0.104189 
1097894	0.100421 
1097895	0.110878 
1097896	0.134841 
1097897	0.169581 
1097898	0.210312 
1097899	0.250514 
1097900	0.282784 
1097901	0.300445 
1097902	0.299680 
1097903	0.281013 
1097904	0.249052 
1097905	0.210611 
1097906	0.172488 
1097907	0.139980 
1097908	0.116338 
1097909	0.102895 
1097910	0.099524 
1097911	0.105194 
1097912	0.118381 
1097913	0.137232 
1097914	0.159525 
1097915	0.182586 
1097916	0.203374 
1097917	0.218845 
1097918	0.226599 
1097919	0.225640 
1097920	0.216772 
1097921	0.202467 
1097922	0.186210 
1097923	0.171634 
1097924	0.161718 
1097925	0.158257 
1097926	0.161695 
1097927	0.171345 
1097928	0.185815 
1097929	0.203358 
1097930	0.222093 
1097931	0.240103 
1097932	0.255536 
1097933	0.266783 
1097934	0.272736 
1097935	0.273072 
1097936	0.268408 
1097937	0.260304 
1097938	0.250971 
1097939	0.242849 
1097940	0.238099 
1097941	0.238201 
1097942	0.243649 
1097943	0.253826 
1097944	0.267059 
1097945	0.280898 
1097946	0.292539 
1097947	0.299329 
1097948	0.299277 
1097949	0.291504 
1097950	0.276478 
1097951	0.255892 
1097952	0.232280 
1097953	0.208544 
1097954	0.187637 
1097955	0.172287 
1097956	0.164755 
1097957	0.166478 
1097958	0.177608 
1097959	0.196624 
1097960	0.220189 
1097961	0.243420 
1097962	0.260742 
1097963	0.267302 
1097964	0.260532 
1097965	0.241050 
1097966	0.212425 
1097967	0.179957 
1097968	0.149244 
1097969	0.125120 
1097970	0.111108 
1097971	0.109199 
1097972	0.119891 
1097973	0.142240 
1097974	0.173958 
1097975	0.211461 
1097976	0.250072 
1097977	0.284456 
1097978	0.309525 
1097979	0.321732 
1097980	0.320316 
1097981	0.307608 
1097982	0.288243 
1097983	0.267773 
1097984	0.251309 
1097985	0.242627 
1097986	0.243660 
1097987	0.254307 
1097988	0.272431 
1097989	0.294109 
1097990	0.314183 
1097991	0.327203 
1097992	0.328754 
1097993	0.316811 
1097994	0.292385 
1097995	0.259059 
1097996	0.221732 
1097997	0.185391 
1097998	0.154501 
1097999	0.132894 
1098000	0.123633 
1098001	0.128644 
1100001	0.324041 
1100002	0.319737 
1100003	0.296895 
1100004	0.258685 
1100005	0.211234 
1100006	0.161449 
1100007	0.115391 
1100008	0.077571 
1100009	0.050852 
1100010	0.036625 
1100011	0.035081 
1100012	0.045411 
1100013	0.065909 
1100014	0.093995 
1100015	0.126217 
1100016	0.158304 
1100017	0.185475 
1100018	0.203181 
1100019	0.208267 
1100020	0.200048 
1100021	0.180655 
1100022	0.154414 
1100023	0.126632 
1100024	0.102342 
1100025	0.085367 
1100026	0.077812 
1100027	0.079984 
1100028	0.090619 
1100029	0.107222 
1100030	0.126456 
1100031	0.144512 
1100032	0.157602 
1100033	0.162587 
1100034	0.157766 
1100035	0.143450 
1100036	0.122023 
1100037	0.097465 
1100038	0.074569 
1100039	0.058205 
1100040	0.052556 
1100041	0.060419 
1100042	0.082505 
1100043	0.116899 
1100044	0.158859 
1100045	0.201201 
1100046	0.235504 
1100047	0.254343 
1100048	0.253902 
1100049	0.235443 
1100050	0.204535 
1100051	0.168673 
1100052	0.134969 
1100053	0.108950 
1100054	0.094250 
1100055	0.092740 
1100056	0.104835 
1100057	0.129687 
1100058	0.165190 
1100059	0.207812 
1100060	0.252516 
1100061	0.292971 
1100062	0.322488 
1100063	0.335842 
1100064	0.331348 
1100065	0.311753 
1100066	0.283259 
1100067	0.253299 
1100068	0.228421 
1100069	0.213058 
1100070	0.209142 
1100071	0.216310 
1100072	0.232401 
1100073	0.254111 
1100074	0.277586 
1100075	0.298956 
1100076	0.314867 
1100077	0.323043 
1100078	0.322737 
1100079	0.314859 
1100080	0.301707 
1100081	0.286419 
1100082	0.272343 
1100083	0.262415 
1100084	0.258573 
1100085	0.261285 
1100086	0.269252 
1100087	0.279441 
1100088	0.287613 
1100089	0.289347 
1100090	0.281386 
1100091	0.262785 
1100092	0.235293 
1100093	0.202704 
1100094	0.169567 
1100095	0.139981 
1100096	0.116954 
1100097	0.102312 
1100098	0.096941 
1100099	0.101115 
1100100	0.114680 
1100101	0.137017 
1100102	0.166729 
1100103	0.201278 
1100104	0.236832 
1100105	0.268689 
1100106	0.292375 
1100107	0.305048 
1100108	0.306544 
1100109	0.299407 
1100110	0.287894 
1100111	0.276518 
1100112	0.268772 
1100113	0.266412 
1100114	0.269233 
1100115	0.275291 
1100116	0.281471 
1100117	0.284281 
1100118	0.280816 
1100119	0.269612 
1100120	0.251077 
1100121	0.227303 
1100122	0.201401 
1100123	0.176662 
1100124	0.156015 
1100125	0.141891 
1100126	0.136235 
1100127	0.140373 
1100128	0.154689 
1100129	0.178240 
1100130	0.208517 
1100131	0.241528 
1100132	0.272358 
1100133	0.296134 
1100134	0.309292 
1100135	0.310709 
1100136	0.302150 
1100137	0.287640 
1100138	0.272212 
1100139	0.260668 
1100140	0.256746 
1100141	0.262616 
1100142	0.278713 
1100143	0.303792 
1100144	0.335112 
1100145	0.368625 
1100146	0.399249 
1100147	0.421442 
1100148	0.430320 
1100149	0.423176 
1100150	0.400684 
1100151	0.366907 
1100152	0.328137 
1100153	0.291190 
1100154	0.262051 
1100155	0.245091 
1100156	0.242675 
1100157	0.254989 
1100158	0.280017 
1100159	0.313738 
1100160	0.350492 
1100161	0.383643 
1100162	0.406700 
1100163	0.415008 
1100164	0.407322 
1100165	0.386260 
1100166	0.357171 
1100167	0.326335 
1100168	0.299546 
1100169	0.281376 
1100170	0.274819 
1100171	0.281037 
1100172	0.299220 
1100173	0.326511 
1100174	0.358133 
1100175	0.387857 
1100176	0.408966 
1100177	0.415751 
1100178	0.405285 
1100179	0.378513 
1100180	0.339968 
1100181	0.296259 
1100182	0.254268 
1100183	0.219794 
1100184	0.196876 
1100185	0.187661 
1100186	0.192510 
1100187	0.210200 
1100188	0.238031 
1100189	0.271858 
1100190	0.306099 
1100191	0.334110 
1100192	0.349409 
1100193	0.347752 
1100194	0.328927 
1100195	0.296973 
1100196	0.258755 
1100197	0.221912 
1100198	0.193211 
1100199	0.177517 
1100200	0.177223 
1100201	0.192005 
1100202	0.218757 
1100203	0.251752 
1100204	0.283115 
1100205	0.304018 
1100206	0.306952 
1100207	0.288503 
1100208	0.250781 
1100209	0.200350 
1100210	0.145524 
1100211	0.093934 
1100212	0.051516 
1100213	0.022342 
1100214	0.008822 
1100215	0.011834 
1100216	0.030711 
1100217	0.063101 
1100218	0.104836 
1100219	0.150051 
1100220	0.191634 
1100221	0.222351 
1100222	0.236762 
1100223	0.233270 
1100224	0.214876 
1100225	0.188059 
1100226	0.160564 
1100227	0.139437 
1100228	0.129923 
1100229	0.135103 
1100230	0.155812 
1100231	0.190585 
1100232	0.235527 
1100233	0.284214 
1100234	0.328113 
1100235	0.358222 
1100236	0.367997 
1100237	0.356077 
1100238	0.326858 
1100239	0.288489 
1100240	0.250023 
1100241	0.219410 
1100242	0.202488 
1100243	0.202544 
1100244	0.220162 
1100245	0.253249 
1100246	0.297248 
1100247	0.345545 
1100248	0.390207 
1100249	0.423224 
1100250	0.438455 
1100251	0.433666 
1100252	0.411313 
1100253	0.377434 
1100254	0.339554 
1100255	0.304898 
1100256	0.279417 
1100257	0.267304 
1100258	0.270800 
1100259	0.290068 
1100260	0.323054 
1100261	0.365392 
1100262	0.410545 
1100263	0.450431 
1100264	0.476737 
1100265	0.483184 
1100266	0.467970 
1100267	0.434677 
1100268	0.390763 
1100269	0.344890 
1100270	0.304769 
1100271	0.276079 
1100272	0.262139 
1100273	0.263969 
1100274	0.280413 
1100275	0.308221 
1100276	0.342082 
1100277	0.374921 
1100278	0.398789 
1100279	0.406785 
1100280	0.395614 
1100281	0.367158 
1100282	0.327823 
1100283	0.286189 
1100284	0.250595 
1100285	0.227643 
1100286	0.221448 
1100287	0.233339 
1100288	0.261796 
1100289	0.302538 
1100290	0.348861 
1100291	0.392415 
1100292	0.424777 
1100293	0.439903 
1100294	0.436405 
1100295	0.417914 
1100296	0.391229 
1100297	0.363739 
1100298	0.341706 
1100299	0.329647 
1100300	0.330228 
1100301	0.344286 
1100302	0.370747 
1100303	0.406440 
1100304	0.445924 
1100305	0.481586 
1100306	0.504614 
1100307	0.507576 
1100308	0.487739 
1100309	0.448667 
1100310	0.398678 
1100311	0.347463 
1100312	0.303351 
1100313	0.272215 
1100314	0.257238 
1100315	0.258877 
1100316	0.275012 
1100317	0.301217 
1100318	0.331198 
1100319	0.357504 
1100320	0.372813 
1100321	0.371849 
1100322	0.353300 
1100323	0.320390 
1100324	0.279656 
1100325	0.238842 
1100326	0.205154 
1100327	0.184244 
1100328	0.179643 
1100329	0.192395 
1100330	0.220806 
1100331	0.260377 
1100332	0.303930 
1100333	0.342337 
1100334	0.366462 
1100335	0.370429 
1100336	0.354286 
1100337	0.323856 
1100338	0.287904 
1100339	0.254885 
1100340	0.231189 
1100341	0.220819 
1100342	0.225563 
1100343	0.245117 
1100344	0.276920 
1100345	0.315760 
1100346	0.353447 
1100347	0.379671 
1100348	0.385204 
1100349	0.366230 
1100350	0.326566 
1100351	0.275897 
1100352	0.225490 
1100353	0.184641 
1100354	0.159353 
1100355	0.152384 
1100356	0.163556 
1100357	0.190055 
1100358	0.226617 
1100359	0.265805 
1100360	0.298854 
1100361	0.317692 
1100362	0.317799 
1100363	0.300154 
1100364	0.270724 
1100365	0.237952 
1100366	0.210076 
1100367	0.193560 
1100368	0.192450 
1100369	0.208073 
1100370	0.238894 
1100371	0.280510 
1100372	0.325836 
1100373	0.365847 
1100374	0.391352 
1100375	0.395876 
1100376	0.378205 
1100377	0.342781 
1100378	0.297644 
1100379	0.251631 
1100380	0.212487 
1100381	0.186104 
1100382	0.176309 
1100383	0.184835 
1100384	0.211216 
1100385	0.252587 
1100386	0.303457 
1100387	0.355661 
1100388	0.398927 
1100389	0.423049 
1100390	0.421573 
1100391	0.394832 
1100392	0.349808 
1100393	0.296936 
1100394	0.246381 
1100395	0.205999 
1100396	0.180847 
1100397	0.173345 
1100398	0.183570 
1100399	0.209473 
1100400	0.247030 
1100401	0.290456 
1100402	0.332705 
1100403	0.366447 
1100404	0.385551 
1100405	0.386810 
1100406	0.371052 
1100407	0.342773 
1100408	0.308469 
1100409	0.274696 
1100410	0.246714 
1100411	0.227823 
1100412	0.219188 
1100413	0.219975 
1100414	0.227628 
1100415	0.238284 
1100416	0.247357 
1100417	0.250377 
1100418	0.244067 
1100419	0.227324 
1100420	0.201642 
1100421	0.170699 
1100422	0.139383 
1100423	0.112735 
1100424	0.095156 
1100425	0.089829 
1100426	0.098208 
1100427	0.119570 
1100428	0.150775 
1100429	0.186309 
1100430	0.218911 
1100431	0.241108 
1100432	0.247518 
1100433	0.236839 
1100434	0.212134 
1100435	0.179229 
1100436	0.144430 
1100437	0.112975 
1100438	0.088539 
1100439	0.073389 
1100440	0.068681 
1100441	0.074671 
1100442	0.090729 
1100443	0.115199 
1100444	0.145345 
1100445	0.177524 
1100446	0.207750 
1100447	0.232549 
1100448	0.249744 
1100449	0.258988 
1100450	0.261695 
1100451	0.260397 
1100452	0.257785 
1100453	0.255912 
1100454	0.255838 
1100455	0.257673 
1100456	0.260869 
1100457	0.264541 
1100458	0.267772 
1100459	0.269839 
1100460	0.270358 
1100461	0.269372 
1100462	0.267368 
1100463	0.265217 
1100464	0.264047 
1100465	0.264989 
1100466	0.268911 
1100467	0.276177 
1100468	0.286453 
1100469	0.298674 
1100470	0.311072 
1100471	0.321423 
1100472	0.327437 
1100473	0.327369 
1100474	0.320611 
1100475	0.308003 
1100476	0.291689 
1100477	0.274564 
1100478	0.259516 
1100479	0.248801 
1100480	0.243676 
1100481	0.244210 
1100482	0.249319 
1100483	0.256942 
1100484	0.264414 
1100485	0.268946 
1100486	0.268220 
1100487	0.260943 
1100488	0.247248 
1100489	0.228723 
1100490	0.208083 
1100491	0.188618 
1100492	0.173596 
1100493	0.165759 
1100494	0.166850 
1100495	0.177214 
1100496	0.195522 
1100497	0.218725 
1100498	0.242372 
1100499	0.261424 
1100500	0.271532 
1100501	0.270378 
1098501	0.340710 
1098502	0.389038 
1098503	0.438712 
1098504	0.478333 
1098505	0.497242 
1098506	0.489397 
1098507	0.456281 
1098508	0.406211 
1098509	0.350555 
1098510	0.300006 
1098511	0.262754 
1098512	0.244009 
1098513	0.246009 
1098514	0.268178 
1098515	0.307191 
1098516	0.356893 
1098517	0.408261 
1098518	0.449892 
1098519	0.470314 
1098520	0.462411 
1098521	0.427095 
1098522	0.372947 
1098523	0.312192 
1098524	0.256422 
1098525	0.214568 
1098526	0.192419 
1098527	0.192662 
1098528	0.214949 
1098529	0.255924 
1098530	0.309132 
1098531	0.365091 
1098532	0.412003 
1098533	0.438435 
1098534	0.437894 
1098535	0.412162 
1098536	0.370377 
1098537	0.324678 
1098538	0.286000 
1098539	0.262160 
1098540	0.257554 
1098541	0.273256 
1098542	0.307072 
1098543	0.353399 
1098544	0.403030 
1098545	0.443542 
1098546	0.461995 
1098547	0.450155 
1098548	0.408695 
1098549	0.346874 
1098550	0.277850 
1098551	0.213648 
1098552	0.162993 
1098553	0.131246 
1098554	0.120716 
1098555	0.130914 
1098556	0.158773 
1098557	0.198796 
1098558	0.243231 
1098559	0.282544 
1098560	0.307046 
1098561	0.310113 
1098562	0.291107 
1098563	0.255679 
1098564	0.213206 
1098565	0.173496 
1098566	0.144702 
1098567	0.132513 
1098568	0.139877 
1098569	0.166910 
1098570	0.210905 
1098571	0.266424 
1098572	0.325586 
1098573	0.378853 
1098574	0.416982 
1098575	0.433997 
1098576	0.429532 
1098577	0.408769 
1098578	0.380048 
1098579	0.351960 
1098580	0.331529 
1098581	0.323470 
1098582	0.330047 
1098583	0.351053 
1098584	0.383780 
1098585	0.422981 
1098586	0.461032 
1098587	0.488768 
1098588	0.497669 
1098589	0.482995 
1098590	0.445924 
1098591	0.393005 
1098592	0.333373 
1098593	0.276003 
1098594	0.228209 
1098595	0.195092 
1098596	0.179387 
1098597	0.181548 
1098598	0.199901 
1098599	0.230846 
1098600	0.269155 
1098601	0.308484 
1098602	0.342060 
1098603	0.363823 
1098604	0.370102 
1098605	0.361009 
1098606	0.340488 
1098607	0.314874 
1098608	0.290981 
1098609	0.274613 
1098610	0.269670 
1098611	0.277690 
1098612	0.297705 
1098613	0.326376 
1098614	0.358323 
1098615	0.386825 
1098616	0.405044 
1098617	0.407844 
1098618	0.393482 
1098619	0.364222 
1098620	0.325406 
1098621	0.283661 
1098622	0.245295 
1098623	0.215441 
1098624	0.197770 
1098625	0.194468 
1098626	0.206237 
1098627	0.232237 
1098628	0.269901 
1098629	0.314760 
1098630	0.360429 
1098631	0.399079 
1098632	0.422800 
1098633	0.426028 
1098634	0.407893 
1098635	0.372766 
1098636	0.328525 
1098637	0.283948 
1098638	0.246751 
1098639	0.222629 
1098640	0.214988 
1098641	0.225010 
1098642	0.251819 
1098643	0.292539 
1098644	0.342172 
1098645	0.393410 
1098646	0.436893 
1098647	0.462919 
1098648	0.464832 
1098649	0.442169 
1098650	0.401083 
1098651	0.351637 
1098652	0.304197 
1098653	0.267051 
1098654	0.245530 
1098655	0.241900 
1098656	0.255498 
1098657	0.282910 
1098658	0.318252 
1098659	0.353695 
1098660	0.380714 
1098661	0.392236 
1098662	0.384996 
1098663	0.360741 
1098664	0.325364 
1098665	0.286673 
1098666	0.252189 
1098667	0.227853 
1098668	0.217435 
1098669	0.222343 
1098670	0.241636 
1098671	0.272188 
1098672	0.308879 
1098673	0.344937 
1098674	0.372728 
1098675	0.385390 
1098676	0.379064 
1098677	0.354429 
1098678	0.316355 
1098679	0.272013 
1098680	0.228818 
1098681	0.193154 
1098682	0.169813 
1098683	0.161730 
1098684	0.169854 
1098685	0.192992 
1098686	0.227700 
1098687	0.268257 
1098688	0.306878 
1098689	0.334708 
1098690	0.344182 
1098691	0.331992 
1098692	0.300653 
1098693	0.257359 
1098694	0.211087 
1098695	0.170026 
1098696	0.140373 
1098697	0.126048 
1098698	0.128752 
1098699	0.148065 
1098700	0.181454 
1098701	0.224253 
1098702	0.269760 
1098703	0.309856 
1098704	0.336684 
1098705	0.345230 
1098706	0.335426 
1098707	0.312171 
1098708	0.283275 
1098709	0.256764 
1098710	0.238980 
1098711	0.233729 
1098712	0.242085 
1098713	0.262560 
1098714	0.291418 
1098715	0.323167 
1098716	0.351233 
1098717	0.369056 
1098718	0.371676 
1098719	0.357340 
1098720	0.328204 
1098721	0.289566 
1098722	0.248209 
1098723	0.210831 
1098724	0.183075 
1098725	0.169020 
1098726	0.170838 
1098727	0.188462 
1098728	0.219311 
1098729	0.258175 
1098730	0.297516 
1098731	0.328525 
1098732	0.343269 
1098733	0.337461 
1098734	0.312178 
1098735	0.273223 
1098736	0.228611 
1098737	0.186044 
1098738	0.151549 
1098739	0.129249 
1098740	0.121461 
1098741	0.128874 
1098742	0.150671 
1098743	0.184569 
1098744	0.226808 
1098745	0.272249 
1098746	0.314707 
1098747	0.347721 
1098748	0.366039 
1098749	0.367409 
1098750	0.353471 
1098751	0.329127 
1098752	0.300763 
1098753	0.274381 
1098754	0.254412 
1098755	0.243322 
1098756	0.241654 
1098757	0.248272 
1098758	0.260620 
1098759	0.275045 
1098760	0.287261 
1098761	0.292977 
1098762	0.288784 
1098763	0.273087 
1098764	0.246708 
1098765	0.212847 
1098766	0.176356 
1098767	0.142698 
1098768	0.117003 
1098769	0.103359 
1098770	0.104378 
1098771	0.120832 
1098772	0.151337 
1098773	0.192021 
1098774	0.236353 
1098775	0.275394 
1098776	0.299291 
1098777	0.300318 
1098778	0.276169 
1098779	0.231011 
1098780	0.173454 
1098781	0.113130 
1098782	0.058493 
1098783	0.016177 
1098784	-0.009178 
1098785	-0.014872 
1098786	0.000137 
1098787	0.035459 
1098788	0.089187 
1098789	0.157495 
1098790	0.234067 
1098791	0.309702 
1098792	0.372253 
1098793	0.408313 
1098794	0.408441 
1098795	0.372336 
1098796	0.308839 
1098797	0.230864 
1098798	0.150580 
1098799	0.077810 
1098800	0.019511 
1098801	-0.020014 
1098802	-0.038431 
1098803	-0.034841 
1098804	-0.009689 
1098805	0.034986 
1098806	0.095091 
1098807	0.163904 
1098808	0.231484 
1098809	0.284959 
1098810	0.311165 
1098811	0.302279 
1098812	0.260483 
1098813	0.196909 
1098814	0.125874 
1098815	0.059850 
1098816	0.008157 
1098817	-0.022824 
1098818	-0.029648 
1098819	-0.011870 
1098820	0.027831 
1098821	0.083532 
1098822	0.145978 
1098823	0.202381 
1098824	0.237632 
1098825	0.239684 
1098826	0.206093 
1098827	0.145584 
1098828	0.073054 
1098829	0.002656 
1098830	-0.055100 
1098831	-0.093328 
1098832	-0.108312 
1098833	-0.098875 
1098834	-0.065909 
1098835	-0.012344 
1098836	0.056567 
1098837	0.132979 
1098838	0.206473 
1098839	0.264667 
1098840	0.295573 
1098841	0.292155 
1098842	0.255971 
1098843	0.196303 
1098844	0.125713 
1098845	0.056112 
1098846	-0.002870 
1098847	-0.044404 
1098848	-0.064463 
1098849	-0.061443 
1098850	-0.035803 
1098851	0.009932 
1098852	0.070866 
1098853	0.139551 
1098854	0.205868 
1098855	0.257230 
1098856	0.281536 
1098857	0.272674 
1098858	0.233855 
1098859	0.175840 
1098860	0.111967 
1098861	0.054460 
1098862	0.013209 
1098863	-0.004740 
1098864	0.004460 
1098865	0.041306 
1098866	0.102905 
1098867	0.182938 
1098868	0.271270 
1098869	0.353121 
1098870	0.410633 
1098871	0.429962 
1098872	0.409062 
1098873	0.358972 
1098874	0.297282 
1098875	0.240067 
1098876	0.198718 
1098877	0.180112 
1098878	0.187157 
1098879	0.219160 
1098880	0.271908 
1098881	0.337623 
1098882	0.405207 
1098883	0.461155 
1098884	0.492232 
1098885	0.490339 
1098886	0.456532 
1098887	0.400340 
1098888	0.335111 
1098889	0.273517 
1098890	0.225459 
1098891	0.197442 
1098892	0.192551 
1098893	0.210790 
1098894	0.249402 
1098895	0.303039 
1098896	0.363916 
1098897	0.422043 
1098898	0.466006 
1098899	0.485463 
1098900	0.475142 
1098901	0.437445 
1098902	0.381201 
1098903	0.317806 
1098904	0.257917 
1098905	0.210066 
1098906	0.180230 
1098907	0.171705 
1098908	0.185164 
1098909	0.218814 
1098910	0.268584 
1098911	0.328311 
1098912	0.389998 
1098913	0.444219 
1098914	0.481277 
1098915	0.493723 
1098916	0.479301 
1098917	0.441926 
1098918	0.389809 
1098919	0.332402 
1098920	0.278339 
1098921	0.234612 
1098922	0.206304 
1098923	0.196484 
1098924	0.206037 
1098925	0.233316 
1098926	0.273767 
1098927	0.319888 
1098928	0.361558 
1098929	0.387302 
1098930	0.387707 
1098931	0.359776 
1098932	0.308545 
1098933	0.244415 
1098934	0.178578 
1098935	0.120040 
1098936	0.074991 
1098937	0.047138 
1098938	0.038247 
1098939	0.048552 
1098940	0.076873 
1098941	0.120431 
1098942	0.174518 
1098943	0.232133 
1098944	0.284046 
1098945	0.320346 
1098946	0.333911 
1098947	0.323771 
1098948	0.295702 
1098949	0.259600 
1098950	0.225761 
1098951	0.202282 
1098952	0.194188 
1098953	0.203501 
1098954	0.229571 
1098955	0.269430 
1098956	0.317996 
1098957	0.368237 
1098958	0.411524 
1098959	0.438793 
1098960	0.443043 
1098961	0.422247 
1098962	0.380397 
1098963	0.325821 
1098964	0.268149 
1098965	0.216107 
1098966	0.176754 
1098967	0.155348 
1098968	0.154991 
1098969	0.176067 
1098970	0.215634 
1098971	0.267066 
1098972	0.320124 
1098973	0.361922 
1098974	0.380139 
1098975	0.368183 
1098976	0.328572 
1098977	0.271480 
1098978	0.209940 
1098979	0.155728 
1098980	0.117664 
1098981	0.101404 
1098982	0.109705 
1098983	0.142674 
1098984	0.197713 
1098985	0.269116 
1098986	0.347626 
1098987	0.420453 
1098988	0.472974 
1098989	0.493879 
1098990	0.480893 
1098991	0.441918 
1098992	0.390563 
1098993	0.340496 
1098994	0.302379 
1098995	0.283065 
1098996	0.285530 
1098997	0.309070 
1098998	0.349536 
1098999	0.399533 
1099000	0.448565 
1099001	0.483855 
1100501	0.270378 
1100502	0.258501 
1100503	0.239100 
1100504	0.216932 
1100505	0.196860 
1100506	0.182689 
1100507	0.176629 
1100508	0.179289 
1100509	0.189978 
1100510	0.207013 
1100511	0.227944 
1100512	0.249690 
1100513	0.268734 
1100514	0.281576 
1100515	0.285468 
1100516	0.279246 
1100517	0.263793 
1100518	0.241881 
1100519	0.217538 
1100520	0.195170 
1100521	0.178681 
1100522	0.170852 
1100523	0.173015 
1100524	0.184973 
1100525	0.205088 
1100526	0.230418 
1100527	0.256925 
1100528	0.279793 
1100529	0.294085 
1100530	0.295814 
1100531	0.283170 
1100532	0.257287 
1100533	0.221972 
1100534	0.182612 
1100535	0.144809 
1100536	0.113373 
1100537	0.091838 
1100538	0.082303 
1100539	0.085410 
1100540	0.100373 
1100541	0.125063 
1100542	0.156153 
1100543	0.189349 
1100544	0.219807 
1100545	0.243007 
1100546	0.255935 
1100547	0.258131 
1100548	0.251894 
1100549	0.241601 
1100550	0.232436 
1100551	0.229161 
1100552	0.235197 
1100553	0.252088 
1100554	0.279265 
1100555	0.313928 
1100556	0.351106 
1100557	0.384105 
1100558	0.405689 
1100559	0.410091 
1100560	0.395046 
1100561	0.362696 
1100562	0.318705 
1100563	0.270273 
1100564	0.224410 
1100565	0.187006 
1100566	0.162344 
1100567	0.152812 
1100568	0.158691 
1100569	0.178112 
1100570	0.207155 
1100571	0.240061 
1100572	0.269755 
1100573	0.289018 
1100574	0.292491 
1100575	0.278638 
1100576	0.250328 
1100577	0.213612 
1100578	0.175554 
1100579	0.142455 
1100580	0.119024 
1100581	0.108205 
1100582	0.111242 
1100583	0.127741 
1100584	0.155690 
1100585	0.191519 
1100586	0.230286 
1100587	0.266129 
1100588	0.293155 
1100589	0.306794 
1100590	0.305168 
1100591	0.289743 
1100592	0.264761 
1100593	0.235837 
1100594	0.208546 
1100595	0.187526 
1100596	0.176029 
1100597	0.175743 
1100598	0.186685 
1100599	0.207169 
1100600	0.233903 
1100601	0.262270 
1100602	0.286874 
1100603	0.302451 
1100604	0.305116 
1100605	0.293507 
1100606	0.269254 
1100607	0.236454 
1100608	0.200508 
1100609	0.166932 
1100610	0.140502 
1100611	0.124737 
1100612	0.121633 
1100613	0.131565 
1100614	0.153330 
1100615	0.184285 
1100616	0.220564 
1100617	0.257316 
1100618	0.289198 
1100619	0.311335 
1100620	0.320561 
1100621	0.316382 
1100622	0.301079 
1100623	0.278888 
1100624	0.254812 
1100625	0.233584 
1100626	0.218994 
1100627	0.213482 
1100628	0.217922 
1100629	0.231547 
1100630	0.252019 
1100631	0.275685 
1100632	0.298061 
1100633	0.314655 
1100634	0.322024 
1100635	0.318777 
1100636	0.305944 
1100637	0.286578 
1100638	0.264832 
1100639	0.245027 
1100640	0.230915 
1100641	0.225213 
1100642	0.229339 
1100643	0.243285 
1100644	0.265600 
1100645	0.293465 
1100646	0.322963 
1100647	0.349593 
1100648	0.369108 
1100649	0.378607 
1100650	0.377445 
1100651	0.367487 
1100652	0.352468 
1100653	0.336857 
1100654	0.324796 
1100655	0.319420 
1100656	0.322485 
1100657	0.334191 
1100658	0.353165 
1100659	0.376582 
1100660	0.400516 
1100661	0.420516 
1100662	0.432541 
1100663	0.434017 
1100664	0.424635 
1100665	0.406532 
1100666	0.383680 
1100667	0.360842 
1100668	0.342605 
1100669	0.332665 
1100670	0.333367 
1100671	0.345403 
1100672	0.367635 
1100673	0.397044 
1100674	0.428968 
1100675	0.457678 
1100676	0.477448 
1100677	0.484074 
1100678	0.476284 
1100679	0.456258 
1100680	0.428901 
1100681	0.400364 
1100682	0.376554 
1100683	0.362054 
1100684	0.359493 
1100685	0.369250 
1100686	0.389443 
1100687	0.416057 
1100688	0.443328 
1100689	0.464499 
1100690	0.473226 
1100691	0.465523 
1100692	0.441396 
1100693	0.404993 
1100694	0.363123 
1100695	0.323113 
1100696	0.291062 
1100697	0.270966 
1100698	0.264391 
1100699	0.270515 
1100700	0.286300 
1100701	0.306912 
1100702	0.326404 
1100703	0.338867 
1100704	0.339986 
1100705	0.328457 
1100706	0.306451 
1100707	0.278798 
1100708	0.251431 
1100709	0.229902 
1100710	0.218411 
1100711	0.219316 
1100712	0.232852 
1100713	0.256996 
1100714	0.287474 
1100715	0.318097 
1100716	0.341688 
1100717	0.351842 
1100718	0.345059 
1100719	0.322136 
1100720	0.287855 
1100721	0.249242 
1100722	0.213579 
1100723	0.186992 
1100724	0.173673 
1100725	0.175482 
1100726	0.191769 
1100727	0.219410 
1100728	0.253019 
1100729	0.285559 
1100730	0.309599 
1100731	0.319409 
1100732	0.313097 
1100733	0.293347 
1100734	0.266245 
1100735	0.238946 
1100736	0.217652 
1100737	0.206565 
1100738	0.207647 
1100739	0.220771 
1100740	0.243979 
1100741	0.273729 
1100742	0.305215 
1100743	0.332885 
1100744	0.351373 
1100745	0.356908 
1100746	0.348543 
1100747	0.328535 
1100748	0.301622 
1100749	0.273632 
1100750	0.250176 
1100751	0.235691 
1100752	0.232793 
1100753	0.241908 
1100754	0.261185 
1100755	0.286653 
1100756	0.312717 
1100757	0.333100 
1100758	0.342371 
1100759	0.337591 
1100760	0.319356 
1100761	0.291504 
1100762	0.259780 
1100763	0.230268 
1100764	0.208294 
1100765	0.197835 
1100766	0.201230 
1100767	0.218987 
1100768	0.249626 
1100769	0.289563 
1100770	0.333172 
1100771	0.373260 
1100772	0.402480 
1100773	0.415699 
1100774	0.412083 
1100775	0.395482 
1100776	0.372761 
1100777	0.351264 
1100778	0.336838 
1100779	0.332872 
1100780	0.340107 
1100781	0.356804 
1100782	0.379115 
1100783	0.401678 
1100784	0.418549 
1100785	0.424624 
1100786	0.417188 
1100787	0.396892 
1100788	0.367528 
1100789	0.334744 
1100790	0.304466 
1100791	0.281798 
1100792	0.270352 
1100793	0.271883 
1100794	0.286024 
1100795	0.310175 
1100796	0.339609 
1100797	0.368020 
1100798	0.388678 
1100799	0.396198 
1100800	0.388344 
1100801	0.366881 
1100802	0.336861 
1100803	0.304907 
1100804	0.277476 
1100805	0.259773 
1100806	0.255259 
1100807	0.265500 
1100808	0.290150 
1100809	0.326886 
1100810	0.371260 
1100811	0.416641 
1100812	0.454756 
1100813	0.477523 
1100814	0.479904 
1100815	0.462143 
1100816	0.429669 
1100817	0.390795 
1100818	0.353862 
1100819	0.325330 
1100820	0.308986 
1100821	0.305823 
1100822	0.314220 
1100823	0.330378 
1100824	0.348925 
1100825	0.363803 
1100826	0.369529 
1100827	0.362713 
1100828	0.343225 
1100829	0.314255 
1100830	0.281192 
1100831	0.250128 
1100832	0.226587 
1100833	0.214752 
1100834	0.217027 
1100835	0.233728 
1100836	0.262885 
1100837	0.300166 
1100838	0.339065 
1100839	0.371762 
1100840	0.390912 
1100841	0.392088 
1100842	0.375546 
1100843	0.346064 
1100844	0.310978 
1100845	0.277803 
1100846	0.252648 
1100847	0.239512 
1100848	0.240114 
1100849	0.253960 
1100850	0.278516 
1100851	0.309450 
1100852	0.341026 
1100853	0.366833 
1100854	0.381113 
1100855	0.380482 
1100856	0.365230 
1100857	0.339270 
1100858	0.308718 
1100859	0.279965 
1100860	0.258181 
1100861	0.246531 
1100862	0.245945 
1100863	0.255097 
1100864	0.270609 
1100865	0.287477 
1100866	0.299987 
1100867	0.303152 
1100868	0.294305 
1100869	0.274100 
1100870	0.246326 
1100871	0.216679 
1100872	0.191159 
1100873	0.174861 
1100874	0.171285 
1100875	0.182039 
1100876	0.206735 
1100877	0.242898 
1100878	0.285921 
1100879	0.329118 
1100880	0.364256 
1100881	0.383147 
1100882	0.380267 
1100883	0.355079 
1100884	0.312265 
1100885	0.259771 
1100886	0.206245 
1100887	0.159303 
1100888	0.124728 
1100889	0.106208 
1100890	0.105321 
1100891	0.121529 
1100892	0.152205 
1100893	0.192754 
1100894	0.236944 
1100895	0.277609 
1100896	0.307714 
1100897	0.322131 
1100898	0.319435 
1100899	0.302470 
1100900	0.277071 
1100901	0.249935 
1100902	0.226855 
1100903	0.211865 
1100904	0.207035 
1100905	0.212553 
1100906	0.226887 
1100907	0.246982 
1100908	0.268598 
1100909	0.286957 
1100910	0.297779 
1100911	0.298490 
1100912	0.289084 
1100913	0.272197 
1100914	0.252323 
1100915	0.234547 
1100916	0.223342 
1100917	0.221708 
1100918	0.230672 
1100919	0.249137 
1100920	0.274004 
1100921	0.300651 
1100922	0.323678 
1100923	0.338050 
1100924	0.340349 
1100925	0.329806 
1100926	0.308543 
1100927	0.280875 
1100928	0.252158 
1100929	0.227676 
1100930	0.211859 
1100931	0.207793 
1100932	0.216926 
1100933	0.238948 
1100934	0.271781 
1100935	0.311642 
1100936	0.353307 
1100937	0.390743 
1100938	0.418180 
1100939	0.431579 
1100940	0.429896 
1100941	0.415328 
1100942	0.392432 
1100943	0.366576 
1100944	0.342601 
1100945	0.323968 
1100946	0.312450 
1100947	0.308188 
1100948	0.310008 
1100949	0.315801 
1100950	0.322910 
1100951	0.328525 
1100952	0.330085 
1100953	0.325771 
1100954	0.314972 
1100955	0.298547 
1100956	0.278737 
1100957	0.258700 
1100958	0.241840 
1100959	0.231080 
1100960	0.228210 
1100961	0.233421 
1100962	0.245113 
1100963	0.260005 
1100964	0.273661 
1100965	0.281388 
1100966	0.279371 
1100967	0.265731 
1100968	0.241056 
1100969	0.208153 
1100970	0.171240 
1100971	0.135036 
1100972	0.104019 
1100973	0.081927 
1100974	0.071427 
1100975	0.073911 
1100976	0.089346 
1100977	0.116192 
1100978	0.151417 
1100979	0.190634 
1100980	0.228507 
1100981	0.259485 
1100982	0.278992 
1100983	0.284693 
1100984	0.277211 
1100985	0.259822 
1100986	0.237276 
1100987	0.214443 
1100988	0.195306 
1100989	0.182532 
1100990	0.177371 
1100991	0.179743 
1100992	0.188351 
1100993	0.200761 
1100994	0.213598 
1100995	0.222937 
1100996	0.225065 
1100997	0.217518 
1100998	0.200003 
1100999	0.174696 
1101000	0.145626 
1101001	0.117564 
1101002	0.094924 
1101003	0.081014 
1101004	0.077613 
1101005	0.084783 
1101006	0.100960 
1101007	0.123228 
1101008	0.147758 
1101009	0.170427 
1101010	0.187515 
1101011	0.196476 
1101012	0.196519 
1101013	0.188780 
1101014	0.175946 
1101015	0.161535 
1101016	0.149107 
1101017	0.141665 
1101018	0.141247 
1101019	0.148717 
1101020	0.163661 
1101021	0.184417 
1101022	0.208272 
1101023	0.231828 
1101024	0.251624 
1101025	0.264898 
1101026	0.270334 
1101027	0.268409 
1101028	0.261221 
1101029	0.251819 
1101030	0.243420 
1101031	0.238709 
1101032	0.239426 
1101033	0.246185 
1101034	0.258501 
1101035	0.274943 
1101036	0.293350 
1101037	0.311138 
1101038	0.325682 
1101039	0.334792 
1101040	0.337175 
1101041	0.332765 
1101042	0.322742 
1101043	0.309247 
1101044	0.294875 
1101045	0.282179 
1101046	0.273252 
1101047	0.269453 
1101048	0.271233 
1101049	0.278101 
1101050	0.288730 
1101051	0.301171 
1101052	0.313126 
1101053	0.322252 
1101054	0.326505 
1101055	0.324498 
1101056	0.315806 
1101057	0.301073 
1101058	0.281883 
1101059	0.260418 
1101060	0.239044 
1101061	0.219908 
1101062	0.204647 
1101063	0.194227 
1101064	0.188916 
1101065	0.188411 
1101066	0.191998 
1101067	0.198770 
1101068	0.207796 
1101069	0.218252 
1101070	0.229466 
1101071	0.240840 
1101072	0.251812 
1101073	0.261787 
1101074	0.270170 
1101075	0.276444 
1101076	0.280264 
1101077	0.281523 
1101078	0.280374 
1101079	0.277158 
1101080	0.272275 
1101081	0.266061 
1101082	0.258704 
1101083	0.250223 
1101084	0.240530 
1101085	0.229571 
1101086	0.217427 
1101087	0.204398 
1101088	0.190984 
1101089	0.177801 
1101090	0.165536 
1101091	0.154895 
1101092	0.146604 
1101093	0.141461 
1101094	0.140332 
1101095	0.144035 
1101096	0.153090 
1101097	0.167398 
1101098	0.185976 
1101099	0.206812 
1101100	0.226977 
1101101	0.242989 
1101102	0.251543 
1101103	0.250390 
1101104	0.239041 
1101105	0.218905 
1101106	0.192770 
1101107	0.164039 
1101108	0.136038 
1101109	0.111688 
1101110	0.093392 
1101111	0.083026 
1101112	0.081855 
1101113	0.090404 
1101114	0.108266 
1101115	0.133904 
1101116	0.164531 
1101117	0.196132 
1101118	0.223826 
1101119	0.242721 
1101120	0.249216 
1101121	0.242190 
1101122	0.223366 
1101123	0.196646 
1101124	0.166870 
1101125	0.138697 
1101126	0.115920 
1101127	0.101176 
1101128	0.095902 
1101129	0.100372 
1101130	0.113757 
1101131	0.134141 
1101132	0.158526 
1101133	0.182967 
1101134	0.203043 
1101135	0.214751 
1101136	0.215628 
1101137	0.205553 
1101138	0.186829 
1101139	0.163483 
1101140	0.140143 
1101141	0.120962 
1101142	0.108847 
1101143	0.105094 
1101144	0.109403 
1101145	0.120147 
1101146	0.134871 
1101147	0.150772 
1101148	0.165151 
1101149	0.175735 
1101150	0.181011 
1101151	0.180483 
1101152	0.174866 
1101153	0.166029 
1101154	0.156649 
1101155	0.149655 
1101156	0.147573 
1101157	0.151903 
1101158	0.162644 
1101159	0.178091 
1101160	0.194993 
1101161	0.209135 
1101162	0.216277 
1101163	0.213262 
1101164	0.198930 
1101165	0.174375 
1101166	0.142515 
1101167	0.107205 
1101168	0.072380 
1101169	0.041479 
1101170	0.017159 
1101171	0.001234 
1101172	-0.005264 
1101173	-0.002007 
1101174	0.010639 
1101175	0.031493 
1101176	0.058364 
1101177	0.087939 
1101178	0.115984 
1101179	0.137959 
1101180	0.150030 
1101181	0.150156 
1101182	0.138780 
1101183	0.118655 
1101184	0.093892 
1101185	0.068724 
1101186	0.046545 
1101187	0.029402 
1101188	0.018018 
1101189	0.012141 
1101190	0.011034 
1101191	0.013912 
1101192	0.020154 
1101193	0.029220 
1101194	0.040454 
1101195	0.052864 
1101196	0.065183 
1101197	0.076083 
1101198	0.084506 
1101199	0.089995 
1101200	0.092833 
1101201	0.093848 
1101202	0.094041 
1101203	0.094143 
1101204	0.094397 
1101205	0.094599 
1101206	0.094346 
1101207	0.093343 
1101208	0.091592 
1101209	0.089407 
1101210	0.087250 
1101211	0.085563 
1101212	0.084639 
1101213	0.084617 
1101214	0.085586 
1101215	0.087734 
1101216	0.091423 
1101217	0.097150 
1101218	0.105360 
1101219	0.116203 
1101220	0.129245 
1101221	0.143260 
1101222	0.156238 
1101223	0.165642 
1101224	0.168865 
1101225	0.163898 
1101226	0.149809 
1101227	0.126969 
1101228	0.096820 
1101229	0.061345 
1101230	0.022477 
1101231	-0.018249 
1101232	-0.059706 
1101233	-0.100952 
1101234	-0.140863 
1101235	-0.177821 
1101236	-0.209673 
1101237	-0.233948 
1101238	-0.248314 
1101239	-0.251088 
1101240	-0.241650 
1101241	-0.220718 
1101242	-0.190401 
1101243	-0.154047 
1101244	-0.115885 
1101245	-0.080579 
1101246	-0.052749 
1101247	-0.036301 
1101248	-0.033584 
1101249	-0.044680 
1101250	-0.067304 
1101251	-0.097425 
1101252	-0.130191 
1101253	-0.160755 
1101254	-0.184923 
1101255	-0.199700 
1101256	-0.203683 
1101257	-0.197126 
1101258	-0.181750 
1101259	-0.160243 
1101260	-0.135605 
1101261	-0.110542 
1101262	-0.087106 
1101263	-0.066677 
1101264	-0.050139 
1101265	-0.038029 
1101266	-0.030518 
1101267	-0.027241 
1101268	-0.027087 
1101269	-0.028098 
1101270	-0.027596 
1101271	-0.022599 
1101272	-0.010431 
1101273	0.010634 
1101274	0.040882 
1101275	0.079030 
1101276	0.122405 
1101277	0.167313 
1101278	0.209492 
1101279	0.244591 
1101280	0.268702 
1101281	0.279047 
1101282	0.274565 
1101283	0.256158 
1101284	0.226383 
1101285	0.188795 
1101286	0.147307 
1101287	0.105850 
1101288	0.068216 
1101289	0.037889 
1101290	0.017729 
1101291	0.009625 
1101292	0.014290 
1101293	0.031217 
1101294	0.058727 
1101295	0.094047 
1101296	0.133376 
1101297	0.171944 
1101298	0.204231 
1101299	0.224629 
1101300	0.228830 
1101301	0.215469 
1101302	0.186875 
1101303	0.148404 
1101304	0.106754 
1101305	0.068363 
1101306	0.038427 
1101307	0.020457 
1101308	0.016114 
1101309	0.025200 
1101310	0.045801 
1101311	0.074522 
1101312	0.106756 
1101313	0.137042 
1101314	0.159769 
1101315	0.170343 
1101316	0.166506 
1101317	0.149044 
1101318	0.121479 
1101319	0.088920 
1101320	0.056852 
1101321	0.030286 
1101322	0.013319 
1101323	0.008771 
1101324	0.017876 
1101325	0.040023 
1101326	0.072636 
1101327	0.111383 
1101328	0.150673 
1101329	0.184477 
1101330	0.207440 
1101331	0.216179 
1101332	0.210210 
1101333	0.191996 
1101334	0.166089 
1101335	0.137915 
1101336	0.112721 
1101337	0.094864 
1101338	0.087370 
1101339	0.091710 
1101340	0.107688 
1101341	0.133404 
1101342	0.165285 
1101343	0.198291 
1101344	0.226454 
1101345	0.243805 
1101346	0.245750 
1101347	0.230345 
1101348	0.198844 
1101349	0.155198 
1101350	0.104912 
1101351	0.053967 
1101352	0.007962 
1101353	-0.028450 
1101354	-0.051916 
1101355	-0.060527 
1101356	-0.053854 
1101357	-0.032934 
1101358	-0.000263 
1101359	0.040212 
1101360	0.083162 
1101361	0.122069 
1101362	0.149809 
1101363	0.160100 
1101364	0.149540 
1101365	0.119078 
1101366	0.073691 
1101367	0.020551 
1101368	-0.032965 
1101369	-0.080511 
1101370	-0.117375 
1101371	-0.140574 
1101372	-0.148733 
1101373	-0.141794 
1101374	-0.120752 
1101375	-0.087494 
1101376	-0.044778 
1101377	0.003601 
1101378	0.052561 
1101379	0.095742 
1101380	0.126229 
1101381	0.138437 
1101382	0.130383 
1101383	0.104723 
1101384	0.067743 
1101385	0.027131 
1101386	-0.010056 
1101387	-0.038496 
1101388	-0.054951 
1101389	-0.058168 
1101390	-0.048484 
1101391	-0.027380 
1101392	0.002877 
1101393	0.039464 
1101394	0.079079 
1101395	0.117973 
1101396	0.152089 
1101397	0.177537 
1101398	0.191494 
1101399	0.193195 
1101400	0.184457 
1101401	0.169402 
1101402	0.153499 
1101403	0.142367 
1101404	0.140699 
1101405	0.151416 
1101406	0.175119 
1101407	0.209889 
1101408	0.251374 
1101409	0.293265 
1101410	0.328320 
1101411	0.350057 
1101412	0.354719 
1101413	0.342560 
1101414	0.317578 
1101415	0.285979 
1101416	0.254437 
1101417	0.228932 
1101418	0.214157 
1101419	0.213207 
1101420	0.227335 
1101421	0.255691 
1101422	0.295089 
1101423	0.340009 
1101424	0.382998 
1101425	0.415785 
1101426	0.431289 
1101427	0.426013 
1101428	0.401449 
1101429	0.363352 
1101430	0.319487 
1101431	0.277399 
1101432	0.243104 
1101433	0.220678 
1101434	0.212358 
1101435	0.218837 
1101436	0.239475 
1101437	0.272332 
1101438	0.313959 
1101439	0.359147 
1101440	0.400919 
1101441	0.431385 
1101442	0.443942 
1101443	0.435918 
1101444	0.409938 
1101445	0.372944 
1101446	0.333717 
1101447	0.300539 
1101448	0.279737 
1101449	0.274898 
1101450	0.286550 
1101451	0.312248 
1101452	0.346969 
1101453	0.383798 
1101454	0.414900 
1101455	0.433113 
1101456	0.434031 
1101457	0.417582 
1101458	0.387956 
1101459	0.351905 
1101460	0.316657 
1101461	0.288573 
1101462	0.272572 
1101463	0.271869 
1101464	0.287610 
1101465	0.318400 
1101466	0.359831 
1101467	0.404383 
1101468	0.442169 
1101469	0.463252 
1101470	0.461190 
1101471	0.435781 
1101472	0.392949 
1101473	0.341987 
1101474	0.292415 
1101475	0.252056 
1101476	0.226177 
1101477	0.217257 
1101478	0.225108 
1101479	0.247130 
1101480	0.278493 
1101481	0.312200 
1101482	0.339336 
1101483	0.350632 
1101484	0.339824 
1101485	0.306685 
1101486	0.257263 
1101487	0.201125 
1101488	0.147884 
1101489	0.105214 
1101490	0.078358 
1101491	0.070101 
1101492	0.080698 
1101493	0.107773 
1101494	0.146326 
1101495	0.189072 
1101496	0.227307 
1101497	0.252733 
1101498	0.260134 
1101499	0.249440 
1101500	0.225572 
1101501	0.196134 
1099001	0.483855 
1099002	0.493432 
1099003	0.471117 
1099004	0.419709 
1099005	0.349509 
1099006	0.273596 
1099007	0.203932 
1099008	0.150016 
1099009	0.118705 
1099010	0.114028 
1099011	0.136766 
1099012	0.183781 
1099013	0.247305 
1099014	0.314525 
1099015	0.368303 
1099016	0.391711 
1099017	0.376123 
1099018	0.326086 
1099019	0.256292 
1099020	0.183636 
1099021	0.121474 
1099022	0.078453 
1099023	0.059136 
1099024	0.064599 
1099025	0.092883 
1099026	0.139123 
1099027	0.195530 
1099028	0.251424 
1099029	0.294449 
1099030	0.314207 
1099031	0.306887 
1099032	0.276990 
1099033	0.234658 
1099034	0.191054 
1099035	0.155441 
1099036	0.134378 
1099037	0.131635 
1099038	0.148292 
1099039	0.182813 
1099040	0.231028 
1099041	0.286211 
1099042	0.339467 
1099043	0.380523 
1099044	0.399931 
1099045	0.392739 
1099046	0.361006 
1099047	0.312757 
1099048	0.258479 
1099049	0.208115 
1099050	0.169621 
1099051	0.148445 
1099052	0.147365 
1099053	0.166430 
1099054	0.202754 
1099055	0.250336 
1099056	0.300166 
1099057	0.341063 
1099058	0.362039 
1099059	0.356344 
1099060	0.324705 
1099061	0.274799 
1099062	0.217536 
1099063	0.163401 
1099064	0.120838 
1099065	0.095833 
1099066	0.091876 
1099067	0.110107 
1099068	0.149454 
1099069	0.206462 
1099070	0.274948 
1099071	0.345737 
1099072	0.406962 
1099073	0.446198 
1099074	0.455152 
1099075	0.433942 
1099076	0.390950 
1099077	0.338458 
1099078	0.288191 
1099079	0.249366 
1099080	0.228346 
1099081	0.228685 
1099082	0.251261 
1099083	0.294281 
1099084	0.353027 
1099085	0.419600 
1099086	0.482855 
1099087	0.529183 
1099088	0.545973 
1099089	0.527475 
1099090	0.478228 
1099091	0.410628 
1099092	0.339089 
1099093	0.275832 
1099094	0.229556 
1099095	0.205261 
1099096	0.204536 
1099097	0.225983 
1099098	0.265550 
1099099	0.316866 
1099100	0.371693 
1099101	0.420609 
1099102	0.454216 
1099103	0.465625 
1099104	0.453210 
1099105	0.421327 
1099106	0.378354 
1099107	0.333817 
1099108	0.296428 
1099109	0.273124 
1099110	0.268543 
1099111	0.284651 
1099112	0.320477 
1099113	0.371768 
1099114	0.430813 
1099115	0.486768 
1099116	0.526978 
1099117	0.540365 
1099118	0.522290 
1099119	0.477004 
1099120	0.415315 
1099121	0.349662 
1099122	0.290739 
1099123	0.246480 
1099124	0.221899 
1099125	0.219264 
1099126	0.238353 
1099127	0.276432 
1099128	0.328097 
1099129	0.385123 
1099130	0.436577 
1099131	0.469918 
1099132	0.474629 
1099133	0.447172 
1099134	0.393018 
1099135	0.323762 
1099136	0.252027 
1099137	0.188222 
1099138	0.139666 
1099139	0.110699 
1099140	0.102995 
1099141	0.115873 
1099142	0.146493 
1099143	0.189952 
1099144	0.239432 
1099145	0.286671 
1099146	0.322951 
1099147	0.341097 
1099148	0.338069 
1099149	0.316400 
1099150	0.283110 
1099151	0.247020 
1099152	0.216367 
1099153	0.197499 
1099154	0.194315 
1099155	0.208006 
1099156	0.236943 
1099157	0.276596 
1099158	0.319597 
1099159	0.356218 
1099160	0.376084 
1099161	0.371569 
1099162	0.341274 
1099163	0.290723 
1099164	0.229693 
1099165	0.168532 
1099166	0.115934 
1099167	0.078243 
1099168	0.059322 
1099169	0.060591 
1099170	0.081165 
1099171	0.117947 
1099172	0.165660 
1099173	0.216903 
1099174	0.262377 
1099175	0.291780 
1099176	0.296512 
1099177	0.273441 
1099178	0.226638 
1099179	0.165366 
1099180	0.100238 
1099181	0.040544 
1099182	-0.006566 
1099183	-0.036159 
1099184	-0.045458 
1099185	-0.033715 
1099186	-0.002260 
1099187	0.045356 
1099188	0.103149 
1099189	0.162772 
1099190	0.213923 
1099191	0.245655 
1099192	0.249654 
1099193	0.224039 
1099194	0.174336 
1099195	0.110557 
1099196	0.043273 
1099197	-0.018118 
1099198	-0.065630 
1099199	-0.093163 
1099200	-0.096809 
1099201	-0.074728 
1099202	-0.027147 
1099203	0.043401 
1099204	0.131612 
1099205	0.228959 
1099206	0.323560 
1099207	0.400510 
1099208	0.444937 
1099209	0.449057 
1099210	0.417133 
1099211	0.362908 
1099212	0.302247 
1099213	0.248110 
1099214	0.209610 
1099215	0.192322 
1099216	0.198695 
1099217	0.228349 
1099218	0.277952 
1099219	0.340838 
1099220	0.406666 
1099221	0.461487 
1099222	0.489627 
1099223	0.479467 
1099224	0.430266 
1099225	0.353301 
1099226	0.265828 
1099227	0.184033 
1099228	0.120717 
1099229	0.085015 
1099230	0.082079 
1099231	0.113060 
1099232	0.174840 
1099233	0.259347 
1099234	0.353083 
1099235	0.437033 
1099236	0.488742 
1099237	0.491262 
1099238	0.443396 
1099239	0.360347 
1099240	0.263918 
1099241	0.172931 
1099242	0.100617 
1099243	0.055077 
1099244	0.040177 
1099245	0.056656 
1099246	0.102781 
1099247	0.174267 
1099248	0.263580 
1099249	0.359210 
1099250	0.445165 
1099251	0.502011 
1099252	0.513713 
1099253	0.477170 
1099254	0.404484 
1099255	0.315579 
1099256	0.228978 
1099257	0.158413 
1099258	0.112751 
1099259	0.096447 
1099260	0.110201 
1099261	0.151213 
1099262	0.212987 
1099263	0.284976 
1099264	0.352563 
1099265	0.398048 
1099266	0.405591 
1099267	0.369300 
1099268	0.296745 
1099269	0.204161 
1099270	0.108407 
1099271	0.023020 
1099272	-0.042232 
1099273	-0.081195 
1099274	-0.090848 
1099275	-0.070762 
1099276	-0.022880 
1099277	0.048183 
1099278	0.134604 
1099279	0.224883 
1099280	0.303122 
1099281	0.350411 
1099282	0.352690 
1099283	0.309563 
1099284	0.234836 
1099285	0.148298 
1099286	0.067165 
1099287	0.003671 
1099288	-0.034428 
1099289	-0.043213 
1099290	-0.022004 
1099291	0.026903 
1099292	0.097995 
1099293	0.182203 
1099294	0.266604 
1099295	0.334553 
1099296	0.369146 
1099297	0.361162 
1099298	0.314574 
1099299	0.243946 
1099300	0.166449 
1099301	0.096208 
1099302	0.043203 
1099303	0.013624 
1099304	0.010357 
1099305	0.033428 
1099306	0.080044 
1099307	0.144307 
1099308	0.216767 
1099309	0.283700 
1099310	0.328243 
1099311	0.336337 
1099312	0.304147 
1099313	0.240015 
1099314	0.159080 
1099315	0.075994 
1099316	0.001740 
1099317	-0.056369 
1099318	-0.094152 
1099319	-0.109892 
1099320	-0.103707 
1099321	-0.077145 
1099322	-0.033103 
1099323	0.024028 
1099324	0.088238 
1099325	0.151846 
1099326	0.205718 
1099327	0.240542 
1099328	0.249849 
1099329	0.233137 
1099330	0.196466 
1099331	0.149908 
1099332	0.104040 
1099333	0.067626 
1099334	0.046686 
1099335	0.044232 
1099336	0.060271 
1099337	0.091942 
1099338	0.133731 
1099339	0.177922 
1099340	0.215602 
1099341	0.238526 
1099342	0.241601 
1099343	0.224720 
1099344	0.192549 
1099345	0.152386 
1099346	0.111729 
1099347	0.076919 
1099348	0.052806 
1099349	0.042773 
1099350	0.048739 
1099351	0.071097 
1099352	0.108530 
1099353	0.157676 
1099354	0.212889 
1099355	0.266391 
1099356	0.309228 
1099357	0.333422 
1099358	0.334690 
1099359	0.314031 
1099360	0.276967 
1099361	0.231108 
1099362	0.184002 
1099363	0.142053 
1099364	0.110111 
1099365	0.091422 
1099366	0.087770 
1099367	0.099596 
1099368	0.125992 
1099369	0.164538 
1099370	0.211226 
1099371	0.260655 
1099372	0.306381 
1099373	0.341591 
1099374	0.360498 
1099375	0.359993 
1099376	0.340668 
1099377	0.306530 
1099378	0.263664 
1099379	0.218756 
1099380	0.177998 
1099381	0.146507 
1099382	0.128014 
1099383	0.124729 
1099384	0.137203 
1099385	0.164094 
1099386	0.201952 
1099387	0.245298 
1099388	0.287051 
1099389	0.319386 
1099390	0.335228 
1099391	0.330273 
1099392	0.304558 
1099393	0.262368 
1099394	0.210550 
1099395	0.156416 
1099396	0.106296 
1099397	0.064913 
1099398	0.035244 
1099399	0.018664 
1099400	0.015172 
1099401	0.023615 
1099402	0.041845 
1099403	0.066840 
1099404	0.094886 
1099405	0.121820 
1099406	0.143454 
1099407	0.156088 
1099408	0.157195 
1099409	0.146045 
1099410	0.123983 
1099411	0.094126 
1099412	0.060585 
1099413	0.027698 
1099414	-0.000601 
1099415	-0.021307 
1099416	-0.032627 
1099417	-0.034026 
1099418	-0.026170 
1099419	-0.010841 
1099420	0.009211 
1099421	0.030523 
1099422	0.049321 
1099423	0.062097 
1099424	0.066320 
1099425	0.061109 
1099426	0.047564 
1099427	0.028536 
1099428	0.007885 
1099429	-0.010399 
1099430	-0.022868 
1099431	-0.026945 
1099432	-0.021018 
1099433	-0.004429 
1099434	0.022464 
1099435	0.058027 
1099436	0.099046 
1099437	0.140573 
1099438	0.176273 
1099439	0.199474 
1099440	0.204952 
1099441	0.190796 
1099442	0.159224 
1099443	0.115761 
1099444	0.067622 
1099445	0.022282 
1099446	-0.013582 
1099447	-0.034799 
1099448	-0.038022 
1099449	-0.021734 
1099450	0.013680 
1099451	0.065688 
1099452	0.129269 
1099453	0.196847 
1099454	0.258347 
1099455	0.301678 
1099456	0.316057 
1099457	0.297096 
1099458	0.248957 
1099459	0.181572 
1099460	0.105891 
1099461	0.031251 
1099462	-0.035243 
1099463	-0.088858 
1099464	-0.126927 
1099465	-0.148252 
1099466	-0.152604 
1099467	-0.140442 
1099468	-0.112923 
1099469	-0.072111 
1099470	-0.021277 
1099471	0.034959 
1099472	0.090894 
1099473	0.140353 
1099474	0.177392 
1099475	0.197359 
1099476	0.198374 
1099477	0.182223 
1099478	0.153950 
1099479	0.120336 
1099480	0.088269 
1099481	0.063563 
1099482	0.050268 
1099483	0.050377 
1099484	0.063980 
1099485	0.089610 
1099486	0.124581 
1099487	0.165259 
1099488	0.207290 
1099489	0.245939 
1099490	0.276652 
1099491	0.295882 
1099492	0.302018 
1099493	0.295964 
1099494	0.280975 
1099495	0.261846 
1099496	0.243797 
1099497	0.231528 
1099498	0.228576 
1099499	0.236897 
1099500	0.256631 
1099501	0.286040 
1099502	0.321637 
1099503	0.358483 
1099504	0.390736 
1099505	0.412546 
1099506	0.419396 
1099507	0.409405 
1099508	0.383929 
1099509	0.347031 
1099510	0.304245 
1099511	0.261376 
1099512	0.223645 
1099513	0.195136 
1099514	0.178445 
1099515	0.174490 
1099516	0.182386 
1099517	0.199550 
1099518	0.221975 
1099519	0.244761 
1099520	0.262806 
1099521	0.271625 
1099522	0.268279 
1099523	0.252170 
1099524	0.225221 
1099525	0.191304 
1099526	0.155224 
1099527	0.121752 
1099528	0.095044 
1099529	0.078401 
1099530	0.074124 
1099531	0.083308 
1099532	0.105467 
1099533	0.138085 
1099534	0.176310 
1099535	0.213037 
1099536	0.239848 
1099537	0.249276 
1099538	0.237710 
1099539	0.207024 
1099540	0.163658 
1099541	0.115917 
1099542	0.071516 
1099543	0.036425 
1099544	0.014646 
1099545	0.008386 
1099546	0.018312 
1099547	0.043723 
1099548	0.082535 
1099549	0.131027 
1099550	0.183526 
1099551	0.232389 
1099552	0.268986 
1099553	0.286200 
1099554	0.281397 
1099555	0.257714 
1099556	0.222694 
1099557	0.185336 
1099558	0.153658 
1099559	0.133470 
1099560	0.127965 
1099561	0.137686 
1099562	0.160769 
1099563	0.193418 
1099564	0.230488 
1099565	0.266070 
1099566	0.294204 
1099567	0.309783 
1099568	0.309709 
1099569	0.293801 
1099570	0.264910 
1099571	0.228065 
1099572	0.189216 
1099573	0.154213 
1099574	0.128223 
1099575	0.115365 
1099576	0.118315 
1099577	0.137897 
1099578	0.172692 
1099579	0.218780 
1099580	0.269728 
1099581	0.317020 
1099582	0.351201 
1099583	0.364273 
1099584	0.352779 
1099585	0.319490 
1099586	0.272225 
1099587	0.220770 
1099588	0.174127 
1099589	0.139248 
1099590	0.120731 
1099591	0.120781 
1099592	0.139185 
1099593	0.173159 
1099594	0.217100 
1099595	0.262506 
1099596	0.298519 
1099597	0.314189 
1099598	0.302538 
1099599	0.263865 
1099600	0.205529 
1099601	0.138443 
1099602	0.073382 
1099603	0.019221 
1099604	-0.017598 
1099605	-0.033264 
1099606	-0.026575 
1099607	0.001121 
1099608	0.045924 
1099609	0.101323 
1099610	0.158081 
1099611	0.204388 
1099612	0.227874 
1099613	0.220357 
1099614	0.182031 
1099615	0.121268 
1099616	0.050309 
1099617	-0.019327 
1099618	-0.078709 
1099619	-0.121428 
1099620	-0.143330 
1099621	-0.142471 
1099622	-0.119099 
1099623	-0.075668 
1099624	-0.016850 
1099625	0.050513 
1099626	0.117509 
1099627	0.173450 
1099628	0.207585 
1099629	0.212941 
1099630	0.189780 
1099631	0.145594 
1099632	0.091542 
1099633	0.038365 
1099634	-0.005591 
1099635	-0.034581 
1099636	-0.045246 
1099637	-0.036483 
1099638	-0.009350 
1099639	0.033019 
1099640	0.085544 
1099641	0.141460 
1099642	0.192856 
1099643	0.231640 
1099644	0.251369 
1099645	0.249441 
1099646	0.228208 
1099647	0.194051 
1099648	0.155122 
1099649	0.119349 
1099650	0.093386 
1099651	0.082228 
1099652	0.089026 
1099653	0.114825 
1099654	0.158118 
1099655	0.214404 
1099656	0.275795 
1099657	0.331228 
1099658	0.368265 
1099659	0.377225 
1099660	0.355667 
1099661	0.309585 
1099662	0.250293 
1099663	0.189896 
1099664	0.138546 
1099665	0.103699 
1099666	0.090061 
1099667	0.099762 
1099668	0.132578 
1099669	0.186038 
1099670	0.255289 
1099671	0.332753 
1099672	0.407755 
1099673	0.467082 
1099674	0.498302 
1099675	0.495322 
1099676	0.461770 
1099677	0.408999 
1099678	0.350639 
1099679	0.298323 
1099680	0.260195 
1099681	0.240712 
1099682	0.240888 
1099683	0.258614 
1099684	0.288997 
1099685	0.324719 
1099686	0.356658 
1099687	0.375212 
1099688	0.372998 
1099689	0.347974 
1099690	0.304566 
1099691	0.251802 
1099692	0.200017 
1099693	0.158380 
1099694	0.133753 
1099695	0.130163 
1099696	0.148547 
1099697	0.186589 
1099698	0.238593 
1099699	0.295409 
1099700	0.344944 
1099701	0.374617 
1099702	0.376203 
1099703	0.349915 
1099704	0.304183 
1099705	0.251316 
1099706	0.202723 
1099707	0.166806 
1099708	0.148897 
1099709	0.151582 
1099710	0.174924 
1099711	0.216487 
1099712	0.271241 
1099713	0.331479 
1099714	0.387041 
1099715	0.426741 
1099716	0.441755 
1099717	0.429616 
1099718	0.395543 
1099719	0.349839 
1099720	0.303622 
1099721	0.265923 
1099722	0.242689 
1099723	0.236663 
1099724	0.247607 
1099725	0.272603 
1099726	0.306399 
1099727	0.341823 
1099728	0.370578 
1099729	0.384752 
1099730	0.379202 
1099731	0.353666 
1099732	0.312994 
1099733	0.265263 
1099734	0.219208 
1099735	0.182381 
1099736	0.160222 
1099737	0.155691 
1099738	0.169109 
1099739	0.198111 
1099740	0.237617 
1099741	0.279976 
1099742	0.315662 
1099743	0.335360 
1099744	0.333357 
1099745	0.310123 
1099746	0.272010 
1099747	0.228297 
1099748	0.187978 
1099749	0.158055 
1099750	0.143124 
1099751	0.145407 
1099752	0.164875 
1099753	0.199206 
1099754	0.243561 
1099755	0.290239 
1099756	0.329009 
1099757	0.349595 
1099758	0.346018 
1099759	0.319803 
1099760	0.279235 
1099761	0.235374 
1099762	0.198022 
1099763	0.173852 
1099764	0.166160 
1099765	0.175118 
1099766	0.198131 
1099767	0.230152 
1099768	0.264077 
1099769	0.291541 
1099770	0.304749 
1099771	0.299158 
1099772	0.275483 
1099773	0.239443 
1099774	0.199421 
1099775	0.163831 
1099776	0.139492 
1099777	0.130956 
1099778	0.140282 
1099779	0.166857 
1099780	0.207244 
1099781	0.255132 
1099782	0.301673 
1099783	0.336906 
1099784	0.352675 
1099785	0.345866 
1099786	0.319654 
1099787	0.281690 
1099788	0.240907 
1099789	0.205176 
1099790	0.180358 
1099791	0.170084 
1099792	0.175770 
1099793	0.196667 
1099794	0.229849 
1099795	0.270213 
1099796	0.310606 
1099797	0.342490 
1099798	0.357925 
1099799	0.352638 
1099800	0.328176 
1099801	0.291306 
1099802	0.251219 
1099803	0.216624 
1099804	0.194080 
1099805	0.187361 
1099806	0.197391 
1099807	0.222464 
1099808	0.258575 
1099809	0.299823 
1099810	0.339069 
1099811	0.369060 
1099812	0.384208 
1099813	0.382418 
1099814	0.365840 
1099815	0.340022 
1099816	0.312030 
1099817	0.288676 
1099818	0.275364 
1099819	0.275428 
1099820	0.289769 
1099821	0.316660 
1099822	0.351734 
1099823	0.388322 
1099824	0.418332 
1099825	0.434037 
1099826	0.430536 
1099827	0.407572 
1099828	0.369527 
1099829	0.323570 
1099830	0.277445 
1099831	0.238013 
1099832	0.210614 
1099833	0.198735 
1099834	0.203772 
1099835	0.224845 
1099836	0.258644 
1099837	0.299567 
1099838	0.340205 
1099839	0.372427 
1099840	0.389205 
1099841	0.386958 
1099842	0.367060 
1099843	0.335216 
1099844	0.299205 
1099845	0.266491 
1099846	0.242784 
1099847	0.231444 
1099848	0.233401 
1099849	0.247330 
1099850	0.270013 
1099851	0.296792 
1099852	0.322168 
1099853	0.340554 
1099854	0.347327 
1099855	0.340064 
1099856	0.319393 
1099857	0.288811 
1099858	0.253601 
1099859	0.219525 
1099860	0.191770 
1099861	0.174194 
1099862	0.168913 
1099863	0.176198 
1099864	0.194477 
1099865	0.220410 
1099866	0.249122 
1099867	0.274640 
1099868	0.290870 
1099869	0.293120 
1099870	0.279675 
1099871	0.252470 
1099872	0.216386 
1099873	0.177623 
1099874	0.142107 
1099875	0.114561 
1099876	0.098153 
1099877	0.094438 
1099878	0.103440 
1099879	0.123704 
1099880	0.152296 
1099881	0.184883 
1099882	0.216047 
1099883	0.240124 
1099884	0.252624 
1099885	0.251728 
1099886	0.238958 
1099887	0.218606 
1099888	0.196258 
1099889	0.177268 
1099890	0.165720 
1099891	0.163890 
1099892	0.172104 
1099893	0.188885 
1099894	0.211283 
1099895	0.235325 
1099896	0.256599 
1099897	0.271019 
1099898	0.275760 
1099899	0.269982 
1099900	0.255053 
1099901	0.234043 
1099902	0.210850 
1099903	0.189370 
1099904	0.172901 
1099905	0.163843 
1099906	0.163498 
1099907	0.172008 
1099908	0.188344 
1099909	0.210436 
1099910	0.235388 
1099911	0.259808 
1099912	0.280222 
1099913	0.293591 
1099914	0.297932 
1099915	0.292837 
1099916	0.279668 
1099917	0.261236 
1099918	0.241119 
1099919	0.222928 
1099920	0.209682 
1099921	0.203424 
1099922	0.204964 
1099923	0.213794 
1099924	0.228106 
1099925	0.245019 
1099926	0.261010 
1099927	0.272574 
1099928	0.277033 
1099929	0.273246 
1099930	0.261932 
1099931	0.245455 
1099932	0.227250 
1099933	0.211084 
1099934	0.200443 
1099935	0.198057 
1099936	0.205579 
1099937	0.223396 
1099938	0.250467 
1099939	0.284301 
1099940	0.321064 
1099941	0.355964 
1099942	0.383999 
1099943	0.401044 
1099944	0.404997 
1099945	0.396419 
1099946	0.378270 
1099947	0.354983 
1099948	0.331412 
1099949	0.312035 
1099950	0.300490 
1099951	0.299266 
1099952	0.309480 
1099953	0.330679 
1099954	0.360726 
1099955	0.395839 
1099956	0.430893 
1099957	0.460130 
1099958	0.478360 
1099959	0.482435 
1099960	0.472330 
1099961	0.451191 
1099962	0.424281 
1099963	0.397589 
1099964	0.376586 
1099965	0.365407 
1099966	0.366373 
1099967	0.379723 
1099968	0.403567 
1099969	0.433990 
1099970	0.465406 
1099971	0.491269 
1099972	0.505337 
1099973	0.503414 
1099974	0.484805 
1099975	0.452628 
1099976	0.412747 
1099977	0.372093 
1099978	0.337180 
1099979	0.313140 
1099980	0.303158 
1099981	0.308208 
1099982	0.326964 
1099983	0.355863 
1099984	0.389317 
1099985	0.420281 
1099986	0.441336 
1099987	0.446486 
1099988	0.433129 
1099989	0.402999 
1099990	0.361382 
1099991	0.315204 
1099992	0.271342 
1099993	0.235578 
1099994	0.212120 
1099995	0.203283 
1099996	0.209302 
1099997	0.228186 
1099998	0.255731 
1099999	0.285798 
1100000	0.311002 
1100001	0.324041 
1098001	0.128644 
1098002	0.148155 
1098003	0.180157 
1098004	0.220140 
1098005	0.261363 
1098006	0.295777 
1098007	0.315729 
1098008	0.316222 
1098009	0.296762 
1098010	0.261508 
1098011	0.217642 
1098012	0.173114 
1098013	0.134896 
1098014	0.108142 
1098015	0.095927 
1098016	0.099379 
1098017	0.117839 
1098018	0.148982 
1098019	0.188822 
1098020	0.231658 
1098021	0.270282 
1098022	0.297058 
1098023	0.306146 
1098024	0.295865 
1098025	0.269552 
1098026	0.234313 
1098027	0.198663 
1098028	0.170499 
1098029	0.155891 
1098030	0.158373 
1098031	0.178520 
1098032	0.213790 
1098033	0.258572 
1098034	0.304510 
1098035	0.341484 
1098036	0.359883 
1098037	0.353960 
1098038	0.324269 
1098039	0.277239 
1098040	0.222309 
1098041	0.169045 
1098042	0.125641 
1098043	0.098314 
1098044	0.090919 
1098045	0.104780 
1098046	0.138515 
1098047	0.187869 
1098048	0.245722 
1098049	0.302545 
1098050	0.347599 
1098051	0.371366 
1098052	0.368919 
1098053	0.342138 
1098054	0.298756 
1098055	0.248993 
1098056	0.202345 
1098057	0.166045 
1098058	0.144787 
1098059	0.140886 
1098060	0.154437 
1098061	0.183399 
1098062	0.223523 
1098063	0.268196 
1098064	0.308669 
1098065	0.335302 
1098066	0.340377 
1098067	0.321263 
1098068	0.281739 
1098069	0.230446 
1098070	0.177772 
1098071	0.133260 
1098072	0.104246 
1098073	0.095310 
1098074	0.108096 
1098075	0.141287 
1098076	0.190541 
1098077	0.248469 
1098078	0.304689 
1098079	0.346715 
1098080	0.363118 
1098081	0.348371 
1098082	0.305713 
1098083	0.245439 
1098084	0.180142 
1098085	0.120862 
1098086	0.075745 
1098087	0.049974 
1098088	0.045801 
1098089	0.062577 
1098090	0.096723 
1098091	0.141779 
1098092	0.188552 
1098093	0.226010 
1098094	0.244020 
1098095	0.237270 
1098096	0.207682 
1098097	0.163339 
1098098	0.114832 
1098099	0.071954 
1098100	0.042148 
1098101	0.030135 
1098102	0.037979 
1098103	0.065253 
1098104	0.109099 
1098105	0.164077 
1098106	0.222061 
1098107	0.272649 
1098108	0.305160 
1098109	0.312571 
1098110	0.294993 
1098111	0.259689 
1098112	0.217678 
1098113	0.179829 
1098114	0.154790 
1098115	0.148273 
1098116	0.162716 
1098117	0.197053 
1098118	0.246776 
1098119	0.304305 
1098120	0.359730 
1098121	0.402286 
1098122	0.423080 
1098123	0.418251 
1098124	0.390433 
1098125	0.347285 
1098126	0.298380 
1098127	0.252701 
1098128	0.217369 
1098129	0.197116 
1098130	0.194185 
1098131	0.208289 
1098132	0.236537 
1098133	0.273358 
1098134	0.310715 
1098135	0.339009 
1098136	0.349118 
1098137	0.335572 
1098138	0.299003 
1098139	0.245779 
1098140	0.185204 
1098141	0.126707 
1098142	0.078330 
1098143	0.046137 
1098144	0.033910 
1098145	0.043004 
1098146	0.072290 
1098147	0.118082 
1098148	0.174103 
1098149	0.231389 
1098150	0.278694 
1098151	0.305343 
1098152	0.306025 
1098153	0.283671 
1098154	0.247902 
1098155	0.210623 
1098156	0.182236 
1098157	0.169991 
1098158	0.177651 
1098159	0.205605 
1098160	0.250915 
1098161	0.307372 
1098162	0.365668 
1098163	0.414257 
1098164	0.441732 
1098165	0.440836 
1098166	0.411795 
1098167	0.362103 
1098168	0.302948 
1098169	0.245311 
1098170	0.197983 
1098171	0.166957 
1098172	0.155445 
1098173	0.164061 
1098174	0.191040 
1098175	0.232296 
1098176	0.281507 
1098177	0.330366 
1098178	0.369303 
1098179	0.389646 
1098180	0.386972 
1098181	0.363161 
1098182	0.325392 
1098183	0.283150 
1098184	0.245553 
1098185	0.219884 
1098186	0.210851 
1098187	0.220126 
1098188	0.246235 
1098189	0.284648 
1098190	0.328204 
1098191	0.367917 
1098192	0.394515 
1098193	0.401010 
1098194	0.385530 
1098195	0.352315 
1098196	0.309837 
1098197	0.267675 
1098198	0.234424 
1098199	0.216768 
1098200	0.218868 
1098201	0.242041 
1098202	0.284537 
1098203	0.341326 
1098204	0.404056 
1098205	0.461517 
1098206	0.501151 
1098207	0.512695 
1098208	0.492778 
1098209	0.446626 
1098210	0.385240 
1098211	0.320704 
1098212	0.263211 
1098213	0.220104 
1098214	0.195670 
1098215	0.191305 
1098216	0.205753 
1098217	0.235345 
1098218	0.274078 
1098219	0.313729 
1098220	0.344531 
1098221	0.357269 
1098222	0.346784 
1098223	0.314654 
1098224	0.268676 
1098225	0.219503 
1098226	0.177054 
1098227	0.148651 
1098228	0.138503 
1098229	0.147652 
1098230	0.173896 
1098231	0.211792 
1098232	0.252985 
1098233	0.287254 
1098234	0.304976 
1098235	0.300623 
1098236	0.275196 
1098237	0.235690 
1098238	0.192070 
1098239	0.154066 
1098240	0.129421 
1098241	0.123330 
1098242	0.138315 
1098243	0.174161 
1098244	0.227828 
1098245	0.293339 
1098246	0.361827 
1098247	0.422152 
1098248	0.462888 
1098249	0.476210 
1098250	0.461505 
1098251	0.425676 
1098252	0.379743 
1098253	0.334728 
1098254	0.299400 
1098255	0.279609 
1098256	0.278076 
1098257	0.294221 
1098258	0.324144 
1098259	0.360800 
1098260	0.394689 
1098261	0.415411 
1098262	0.414633 
1098263	0.389472 
1098264	0.343820 
1098265	0.286496 
1098266	0.227777 
1098267	0.176778 
1098268	0.140320 
1098269	0.122674 
1098270	0.125599 
1098271	0.148445 
1098272	0.188041 
1098273	0.238422 
1098274	0.290645 
1098275	0.333314 
1098276	0.355050 
1098277	0.348940 
1098278	0.316088 
1098279	0.265237 
1098280	0.208844 
1098281	0.158866 
1098282	0.124487 
1098283	0.111350 
1098284	0.121426 
1098285	0.153113 
1098286	0.201457 
1098287	0.258475 
1098288	0.313774 
1098289	0.356284 
1098290	0.377509 
1098291	0.374963 
1098292	0.353169 
1098293	0.321242 
1098294	0.289079 
1098295	0.264806 
1098296	0.253987 
1098297	0.259584 
1098298	0.281976 
1098299	0.318749 
1098300	0.364332 
1098301	0.409711 
1098302	0.443218 
1098303	0.453646 
1098304	0.435119 
1098305	0.390243 
1098306	0.328877 
1098307	0.263688 
1098308	0.206147 
1098309	0.164751 
1098310	0.144572 
1098311	0.147128 
1098312	0.170347 
1098313	0.208642 
1098314	0.253059 
1098315	0.291964 
1098316	0.313572 
1098317	0.310523 
1098318	0.283398 
1098319	0.240460 
1098320	0.193776 
1098321	0.154881 
1098322	0.132439 
1098323	0.131508 
1098324	0.153343 
1098325	0.195228 
1098326	0.250282 
1098327	0.307472 
1098328	0.352957 
1098329	0.374274 
1098330	0.366006 
1098331	0.332599 
1098332	0.285829 
1098333	0.239223 
1098334	0.203743 
1098335	0.186501 
1098336	0.190899 
1098337	0.217005 
1098338	0.261810 
1098339	0.319398 
1098340	0.381149 
1098341	0.436357 
1098342	0.474035 
1098343	0.486477 
1098344	0.472700 
1098345	0.438860 
1098346	0.395167 
1098347	0.351938 
1098348	0.317245 
1098349	0.296252 
1098350	0.291233 
1098351	0.301725 
1098352	0.324631 
1098353	0.354358 
1098354	0.383198 
1098355	0.402388 
1098356	0.404264 
1098357	0.385241 
1098358	0.347541 
1098359	0.298217 
1098360	0.246449 
1098361	0.201358 
1098362	0.170827 
1098363	0.160648 
1098364	0.173926 
1098365	0.210602 
1098366	0.266991 
1098367	0.335290 
1098368	0.402915 
1098369	0.453354 
1098370	0.471589 
1098371	0.451766 
1098372	0.400613 
1098373	0.333720 
1098374	0.267820 
1098375	0.215573 
1098376	0.184888 
1098377	0.179643 
1098378	0.200167 
1098379	0.243477 
1098380	0.303367 
1098381	0.370577 
1098382	0.433310 
1098383	0.479089 
1098384	0.498897 
1098385	0.491372 
1098386	0.463320 
1098387	0.426014 
1098388	0.390648 
1098389	0.365853 
1098390	0.357027 
1098391	0.366317 
1098392	0.392712 
1098393	0.432066 
1098394	0.477059 
1098395	0.517346 
1098396	0.540883 
1098397	0.537712 
1098398	0.504763 
1098399	0.447657 
1098400	0.377811 
1098401	0.307649 
1098402	0.247623 
1098403	0.205398 
1098404	0.185759 
1098405	0.190630 
1098406	0.218929 
1098407	0.266139 
1098408	0.323762 
1098409	0.379106 
1098410	0.416928 
1098411	0.424919 
1098412	0.400296 
1098413	0.351522 
1098414	0.293427 
1098415	0.240538 
1098416	0.203589 
1098417	0.189012 
1098418	0.199190 
1098419	0.232691 
1098420	0.284294 
1098421	0.344997 
1098422	0.402337 
1098423	0.442187 
1098424	0.453540 
1098425	0.434073 
1098426	0.391445 
1098427	0.338985 
1098428	0.289755 
1098429	0.253385 
1098430	0.235730 
1098431	0.239410 
1098432	0.264199 
1098433	0.307109 
1098434	0.362146 
1098435	0.419784 
1098436	0.467236 
1098437	0.491729 
1098438	0.486294 
1098439	0.453574 
1098440	0.404278 
1098441	0.351732 
1098442	0.307336 
1098443	0.279163 
1098444	0.272029 
1098445	0.287614 
1098446	0.324366 
1098447	0.377122 
1098448	0.436588 
1098449	0.489152 
1098450	0.519330 
1098451	0.516162 
1098452	0.479396 
1098453	0.419583 
1098454	0.352079 
1098455	0.290674 
1098456	0.245218 
1098457	0.221546 
1098458	0.221759 
1098459	0.244540 
1098460	0.285296 
1098461	0.336216 
1098462	0.386452 
1098463	0.423228 
1098464	0.435434 
1098465	0.418739 
1098466	0.377986 
1098467	0.324652 
1098468	0.271679 
1098469	0.229815 
1098470	0.206542 
1098471	0.206079 
1098472	0.229444 
1098473	0.274473 
1098474	0.335708 
1098475	0.404328 
1098476	0.468522 
1098477	0.515186 
1098478	0.533918 
1098479	0.521805 
1098480	0.484872 
1098481	0.434780 
1098482	0.383898 
1098483	0.342447 
1098484	0.317636 
1098485	0.313491 
1098486	0.330888 
1098487	0.367557 
1098488	0.417970 
1098489	0.473308 
1098490	0.521871 
1098491	0.551081 
1098492	0.551896 
1098493	0.523332 
1098494	0.473003 
1098495	0.413208 
1098496	0.356258 
1098497	0.311984 
1098498	0.286961 
1098499	0.284258 
1098500	0.303448 
1098501	0.340710 
1101501	0.196134 
1101502	0.168628 
1101503	0.148772 
1101504	0.139999 
1101505	0.143551 
1101506	0.158674 
1101507	0.182684 
1101508	0.210937 
1101509	0.236922 
1101510	0.252985 
1101511	0.252115 
1101512	0.230470 
1101513	0.189095 
1101514	0.133583 
1101515	0.071940 
1101516	0.012311 
1101517	-0.038332 
1101518	-0.074567 
1101519	-0.092685 
1101520	-0.090909 
1101521	-0.069497 
1101522	-0.030695 
1101523	0.021335 
1101524	0.080555 
1101525	0.139085 
1101526	0.187783 
1101527	0.218180 
1101528	0.225611 
1101529	0.211507 
1101530	0.182928 
1101531	0.149661 
1101532	0.121244 
1101533	0.105268 
1101534	0.106873 
1101535	0.128587 
1101536	0.170051 
1101537	0.227684 
1101538	0.294509 
1101539	0.360606 
1101540	0.414706 
1101541	0.447400 
1101542	0.454945 
1101543	0.440852 
1101544	0.413947 
1101545	0.384562 
1101546	0.361637 
1101547	0.351479 
1101548	0.357420 
1101549	0.379933 
1101550	0.416858 
1101551	0.463535 
1101552	0.512839 
1101553	0.555461 
1101554	0.581193 
1101555	0.581960 
1101556	0.555512 
1101557	0.506779 
1101558	0.445740 
1101559	0.383793 
1101560	0.331151 
1101561	0.295732 
1101562	0.282598 
1101563	0.293542 
1101564	0.326687 
1101565	0.376181 
1101566	0.432392 
1101567	0.483056 
1101568	0.515922 
1101569	0.523212 
1101570	0.505421 
1101571	0.470894 
1101572	0.431450 
1101573	0.397846 
1101574	0.377652 
1101575	0.374939 
1101576	0.390495 
1101577	0.422101 
1101578	0.464709 
1101579	0.510560 
1101580	0.549668 
1101581	0.571630 
1101582	0.569210 
1101583	0.541855 
1101584	0.496214 
1101585	0.443121 
1101586	0.393597 
1101587	0.356562 
1101588	0.338163 
1101589	0.341347 
1101590	0.365719 
1101591	0.407637 
1101592	0.460572 
1101593	0.515651 
1101594	0.562587 
1101595	0.591755 
1101596	0.597393 
1101597	0.580017 
1101598	0.546064 
1101599	0.505009 
1101600	0.466189 
1101601	0.436934 
1101602	0.421845 
1101603	0.422635 
1101604	0.438099 
1101605	0.464118 
1101606	0.493726 
1101607	0.517704 
1101608	0.526385 
1101609	0.513011 
1101610	0.476922 
1101611	0.424024 
1101612	0.364183 
1101613	0.307761 
1101614	0.263421 
1101615	0.237201 
1101616	0.232149 
1101617	0.248227 
1101618	0.282313 
1101619	0.328174 
1101620	0.376553 
1101621	0.416015 
1101622	0.435828 
1101623	0.430186 
1101624	0.400851 
1101625	0.356160 
1101626	0.307115 
1101627	0.263599 
1101628	0.232598 
1101629	0.217952 
1101630	0.220602 
1101631	0.238872 
1101632	0.268600 
1101633	0.303188 
1101634	0.334058 
1101635	0.352373 
1101636	0.352174 
1101637	0.333119 
1101638	0.300793 
1101639	0.264328 
1101640	0.233269 
1101641	0.215393 
1101642	0.215624 
1101643	0.235495 
1101644	0.272906 
1101645	0.322094 
1101646	0.373940 
1101647	0.417105 
1101648	0.441000 
1101649	0.439931 
1101650	0.415696 
1101651	0.376443 
1101652	0.332820 
1101653	0.294315 
1101654	0.267651 
1101655	0.256571 
1101656	0.262010 
1101657	0.282320 
1101658	0.313441 
1101659	0.349151 
1101660	0.381632 
1101661	0.402789 
1101662	0.406605 
1101663	0.391546 
1101664	0.361293 
1101665	0.323112 
1101666	0.285253 
1101667	0.254971 
1101668	0.237529 
1101669	0.235632 
1101670	0.249291 
1101671	0.276040 
1101672	0.311422 
1101673	0.349564 
1101674	0.383781 
1101675	0.407488 
1101676	0.415684 
1101677	0.406585 
1101678	0.382335 
1101679	0.348268 
1101680	0.311251 
1101681	0.278076 
1101682	0.254444 
1101683	0.244355 
1101684	0.249633 
1101685	0.269591 
1101686	0.300843 
1101687	0.337439 
1101688	0.371495 
1101689	0.394686 
1101690	0.400659 
1101691	0.387474 
1101692	0.358390 
1101693	0.320405 
1101694	0.281616 
1101695	0.249109 
1101696	0.227943 
1101697	0.220930 
1101698	0.228762 
1101699	0.250148 
1101700	0.281945 
1101701	0.319187 
1101702	0.355337 
1101703	0.383025 
1101704	0.395692 
1101705	0.389823 
1101706	0.366434 
1101707	0.330686 
1101708	0.289920 
1101709	0.251443 
1101710	0.220996 
1101711	0.201988 
1101712	0.195243 
1101713	0.199202 
1101714	0.210430 
1101715	0.224403 
1101716	0.236476 
1101717	0.242841 
1101718	0.241326 
1101719	0.231778 
1101720	0.215946 
1101721	0.196914 
1101722	0.178395 
1101723	0.164126 
1101724	0.157463 
1101725	0.161016 
1101726	0.176240 
1101727	0.202948 
1101728	0.238883 
1101729	0.279587 
1101730	0.318843 
1101731	0.350001 
1101732	0.367856 
1101733	0.370370 
1101734	0.359250 
1101735	0.339002 
1101736	0.315163 
1101737	0.292795 
1101738	0.275640 
1101739	0.265940 
1101740	0.264526 
1101741	0.271038 
1101742	0.284144 
1101743	0.301640 
1101744	0.320407 
1101745	0.336516 
1101746	0.345792 
1101747	0.344904 
1101748	0.332530 
1101749	0.309985 
1101750	0.280919 
1101751	0.250227 
1101752	0.222781 
1101753	0.202418 
1101754	0.191347 
1101755	0.189977 
1101756	0.197057 
1101757	0.210134 
1101758	0.226193 
1101759	0.242342 
1101760	0.256378 
1101761	0.267118 
1101762	0.274431 
1101763	0.279002 
1101764	0.281968 
1101765	0.284522 
1101766	0.287640 
1101767	0.292011 
1101768	0.298090 
1101769	0.306161 
1101770	0.316225 
1101771	0.327763 
1101772	0.339515 
1101773	0.349462 
1101774	0.355168 
1101775	0.354412 
1101776	0.345930 
1101777	0.329933 
1101778	0.308189 
1101779	0.283674 
1101780	0.259884 
1101781	0.240145 
1101782	0.227034 
1101783	0.222139 
1101784	0.226014 
1101785	0.238327 
1101786	0.257984 
1101787	0.283140 
1101788	0.311110 
1101789	0.338320 
1101790	0.360535 
1101791	0.373550 
1101792	0.374352 
1101793	0.362172 
1101794	0.338899 
1101795	0.308605 
1101796	0.276479 
1101797	0.247667 
1101798	0.226303 
1101799	0.214864 
1101800	0.213861 
1101801	0.221924 
1101802	0.236172 
1101803	0.252696 
1101804	0.267186 
1101805	0.275567 
1101806	0.274728 
1101807	0.263213 
1101808	0.241565 
1101809	0.212110 
1101810	0.178197 
1101811	0.143393 
1101812	0.110932 
1101813	0.083529 
1101814	0.063291 
1101815	0.051537 
1101816	0.048553 
1101817	0.053429 
1101818	0.064122 
1101819	0.077871 
1101820	0.091791 
1101821	0.103480 
1101822	0.111446 
1101823	0.115252 
1101824	0.115379 
1101825	0.112909 
1101826	0.109131 
1101827	0.105243 
1101828	0.102228 
1101829	0.100893 
1101830	0.101939 
1101831	0.105853 
1101832	0.112633 
1101833	0.121506 
1101834	0.130863 
1101835	0.138511 
1101836	0.142264 
1101837	0.140638 
1101838	0.133475 
1101839	0.122146 
1101840	0.109317 
1101841	0.098283 
1101842	0.092179 
1101843	0.093317 
1101844	0.102842 
1101845	0.120750 
1101846	0.146134 
1101847	0.177438 
1101848	0.212542 
1101849	0.248701 
1101850	0.282516 
1101851	0.310245 
1101852	0.328627 
1101853	0.335871 
1101854	0.332349 
1101855	0.320566 
1101856	0.304501 
1101857	0.288726 
1101858	0.277585 
1101859	0.274512 
1101860	0.281475 
1101861	0.298638 
1101862	0.324310 
1101863	0.355194 
1101864	0.386886 
1101865	0.414572 
1101866	0.433843 
1101867	0.441624 
1101868	0.436935 
1101869	0.421160 
1101870	0.397588 
1101871	0.370523 
1101872	0.344374 
1101873	0.323024 
1101874	0.309422 
1101875	0.305340 
1101876	0.311123 
1101877	0.325557 
1101878	0.345893 
1101879	0.368099 
1101880	0.387419 
1101881	0.399348 
1101882	0.400802 
1101883	0.391093 
1101884	0.372134 
1101885	0.347843 
1101886	0.323023 
1101887	0.302217 
1101888	0.288858 
1101889	0.284814 
1101890	0.290298 
1101891	0.303960 
1101892	0.323078 
1101893	0.343807 
1101894	0.361622 
1101895	0.372032 
1101896	0.371636 
1101897	0.359176 
1101898	0.336058 
1101899	0.306023 
1101900	0.274170 
1101901	0.245883 
1101902	0.225931 
1101903	0.217779 
1101904	0.223001 
1101905	0.240839 
1101906	0.267983 
1101907	0.298796 
1101908	0.326092 
1101909	0.342721 
1101910	0.343789 
1101911	0.328530 
1101912	0.300599 
1101913	0.266580 
1101914	0.233772 
1101915	0.208464 
1101916	0.195069 
1101917	0.195851 
1101918	0.210921 
1101919	0.238317 
1101920	0.274138 
1101921	0.312816 
1101922	0.347693 
1101923	0.372155 
1101924	0.381306 
1101925	0.373579 
1101926	0.351275 
1101927	0.319661 
1101928	0.285293 
1101929	0.254478 
1101930	0.232249 
1101931	0.221769 
1101932	0.224025 
1101933	0.237853 
1101934	0.260233 
1101935	0.286753 
1101936	0.312213 
1101937	0.331351 
1101938	0.339808 
1101939	0.335216 
1101940	0.317959 
1101941	0.291097 
1101942	0.259480 
1101943	0.228545 
1101944	0.203278 
1101945	0.187533 
1101946	0.183517 
1101947	0.191439 
1101948	0.209262 
1101949	0.232727 
1101950	0.255832 
1101951	0.271934 
1101952	0.275500 
1101953	0.263874 
1101954	0.238164 
1101955	0.202673 
1101956	0.163304 
1101957	0.125934 
1101958	0.095421 
1101959	0.075181 
1101960	0.067046 
1101961	0.071311 
1101962	0.086823 
1101963	0.111065 
1101964	0.140312 
1101965	0.169910 
1101966	0.194774 
1101967	0.210319 
1101968	0.213708 
1101969	0.204915 
1101970	0.186825 
1101971	0.164298 
1101972	0.142730 
1101973	0.126854 
1101974	0.120040 
1101975	0.123938 
1101976	0.138344 
1101977	0.161298 
1101978	0.189442 
1101979	0.218593 
1101980	0.244479 
1101981	0.263491 
1101982	0.273374 
1101983	0.273652 
1101984	0.265619 
1101985	0.251985 
1101986	0.236244 
1101987	0.222088 
1101988	0.212863 
1101989	0.211158 
1101990	0.218412 
1101991	0.234570 
1101992	0.257863 
1101993	0.284859 
1101994	0.310886 
1101995	0.330928 
1101996	0.340839 
1101997	0.338535 
1101998	0.324633 
1101999	0.302186 
1102000	0.275694 
1102001	0.249899 
1102002	0.228784 
1102003	0.214952 
1102004	0.209313 
1102005	0.211098 
1102006	0.218127 
1102007	0.227282 
1102008	0.235128 
1102009	0.238559 
1102010	0.235403 
1102011	0.224806 
1102012	0.207345 
1102013	0.184791 
1102014	0.159699 
1102015	0.134918 
1102016	0.113195 
1102017	0.096823 
1102018	0.087361 
1102019	0.085387 
1102020	0.090321 
1102021	0.100430 
1102022	0.113037 
1102023	0.125064 
1102024	0.133676 
1102025	0.136973 
1102026	0.134423 
1102027	0.126919 
1102028	0.116384 
1102029	0.105111 
1102030	0.095100 
1102031	0.087609 
1102032	0.083040 
1102033	0.081048 
1102034	0.080833 
1102035	0.081461 
1102036	0.082200 
1102037	0.082769 
1102038	0.083435 
1102039	0.084977 
1102040	0.088534 
1102041	0.095375 
1102042	0.106628 
1102043	0.123003 
1102044	0.144537 
1102045	0.170397 
1102046	0.198767 
1102047	0.226905 
1102048	0.251489 
1102049	0.269296 
1102050	0.278101 
1102051	0.277428 
1102052	0.268704 
1102053	0.254774 
1102054	0.239055 
1102055	0.224682 
1102056	0.214001 
1102057	0.208453 
1102058	0.208662 
1102059	0.214569 
1102060	0.225503 
1102061	0.240214 
1102062	0.256954 
1102063	0.273622 
1102064	0.288059 
1102065	0.298408 
1102066	0.303537 
1102067	0.303324 
1102068	0.298673 
1102069	0.291210 
1102070	0.282814 
1102071	0.275160 
1102072	0.269405 
1102073	0.265998 
1102074	0.264668 
1102075	0.264529 
1102076	0.264329 
1102077	0.262769 
1102078	0.258868 
1102079	0.252328 
1102080	0.243732 
1102081	0.234534 
1102082	0.226769 
1102083	0.222573 
1102084	0.223677 
1102085	0.230951 
1102086	0.244071 
1102087	0.261384 
1102088	0.279981 
1102089	0.296067 
1102090	0.305691 
1102091	0.305741 
1102092	0.294838 
1102093	0.273710 
1102094	0.244892 
1102095	0.211984 
1102096	0.178919 
1102097	0.149384 
1102098	0.126472 
1102099	0.112384 
1102100	0.108208 
1102101	0.113766 
1102102	0.127615 
1102103	0.147200 
1102104	0.169175 
1102105	0.189863 
1102106	0.205789 
1102107	0.214307 
1102108	0.214140 
1102109	0.205671 
1102110	0.190801 
1102111	0.172440 
1102112	0.153780 
1102113	0.137636 
1102114	0.125957 
1102115	0.119526 
1102116	0.117900 
1102117	0.119562 
1102118	0.122316 
1102119	0.123879 
1102120	0.122521 
1102121	0.117578 
1102122	0.109640 
1102123	0.100378 
1102124	0.092137 
1102125	0.087389 
1102126	0.088251 
1102127	0.096111 
1102128	0.111387 
1102129	0.133341 
1102130	0.159910 
1102131	0.187627 
1102132	0.211806 
1102133	0.227187 
1102134	0.229136 
1102135	0.215116 
1102136	0.185575 
1102137	0.143762 
1102138	0.094641 
1102139	0.043675 
1102140	-0.004037 
1102141	-0.044124 
1102142	-0.073164 
1102143	-0.088720 
1102144	-0.089413 
1102145	-0.075015 
1102146	-0.046571 
1102147	-0.006559 
1102148	0.041004 
1102149	0.090424 
1102150	0.134468 
1102151	0.165364 
1102152	0.177021 
1102153	0.167510 
1102154	0.139970 
1102155	0.101213 
1102156	0.059118 
1102157	0.020520 
1102158	-0.009572 
1102159	-0.027953 
1102160	-0.032985 
1102161	-0.024383 
1102162	-0.003077 
1102163	0.028922 
1102164	0.068600 
1102165	0.112010 
1102166	0.154471 
1102167	0.191067 
1102168	0.217578 
1102169	0.231552 
1102170	0.233091 
1102171	0.224874 
1102172	0.211285 
1102173	0.197153 
1102174	0.186612 
1102175	0.182453 
1102176	0.185960 
1102177	0.197011 
1102178	0.214301 
1102179	0.235532 
1102180	0.257676 
1102181	0.277391 
1102182	0.291609 
1102183	0.298245 
1102184	0.296755 
1102185	0.288373 
1102186	0.275884 
1102187	0.263028 
1102188	0.253707 
1102189	0.251262 
1102190	0.257950 
1102191	0.274606 
1102192	0.300473 
1102193	0.333209 
1102194	0.369057 
1102195	0.403234 
1102196	0.430548 
1102197	0.446366 
1102198	0.447737 
1102199	0.434284 
1102200	0.408365 
1102201	0.374425 
1102202	0.337956 
1102203	0.304504 
1102204	0.278942 
1102205	0.264959 
1102206	0.264716 
1102207	0.278570 
1102208	0.304883 
1102209	0.339898 
1102210	0.377892 
1102211	0.411774 
1102212	0.434415 
1102213	0.440551 
1102214	0.428654 
1102215	0.401631 
1102216	0.365699 
1102217	0.328231 
1102218	0.295875 
1102219	0.273662 
1102220	0.264680 
1102221	0.269964 
1102222	0.288495 
1102223	0.317261 
1102224	0.351430 
1102225	0.384869 
1102226	0.411088 
1102227	0.424731 
1102228	0.423251 
1102229	0.407944 
1102230	0.383484 
1102231	0.356305 
1102232	0.332848 
1102233	0.318269 
1102234	0.315743 
1102235	0.326227 
1102236	0.348465 
1102237	0.379130 
1102238	0.413060 
1102239	0.443741 
1102240	0.464230 
1102241	0.468742 
1102242	0.454534 
1102243	0.422992 
1102244	0.379207 
1102245	0.330399 
1102246	0.284186 
1102247	0.247394 
1102248	0.225284 
1102249	0.220989 
1102250	0.235164 
1102251	0.265747 
1102252	0.307885 
1102253	0.354180 
1102254	0.395557 
1102255	0.423024 
1102256	0.430303 
1102257	0.416093 
1102258	0.384405 
1102259	0.342607 
1102260	0.298797 
1102261	0.259986 
1102262	0.231288 
1102263	0.215681 
1102264	0.214011 
1102265	0.225078 
1102266	0.245798 
1102267	0.271393 
1102268	0.295796 
1102269	0.312653 
1102270	0.316954 
1102271	0.306716 
1102272	0.283774 
1102273	0.253128 
1102274	0.221277 
1102275	0.194512 
1102276	0.177791 
1102277	0.174161 
1102278	0.184571 
1102279	0.207887 
1102280	0.240946 
1102281	0.278753 
1102282	0.314888 
1102283	0.342496 
1102284	0.356024 
1102285	0.353072 
1102286	0.335284 
1102287	0.307648 
1102288	0.276727 
1102289	0.248838 
1102290	0.228851 
1102291	0.219610 
1102292	0.221648 
1102293	0.233031 
1102294	0.249392 
1102295	0.264380 
1102296	0.270893 
1102297	0.263195 
1102298	0.239158 
1102299	0.201312 
1102300	0.155835 
1102301	0.110240 
1102302	0.071242 
1102303	0.043706 
1102304	0.030453 
1102305	0.032354 
1102306	0.048421 
1102307	0.075853 
1102308	0.110126 
1102309	0.145309 
1102310	0.174862 
1102311	0.193119 
1102312	0.197060 
1102313	0.187414 
1102314	0.168348 
1102315	0.145919 
1102316	0.126288 
1102317	0.114454 
1102318	0.113757 
1102319	0.125785 
1102320	0.150493 
1102321	0.186310 
1102322	0.230156 
1102323	0.277401 
1102324	0.321965 
1102325	0.356946 
1102326	0.376207 
1102327	0.376521 
1102328	0.359013 
1102329	0.328833 
1102330	0.293274 
1102331	0.259622 
1102332	0.233809 
1102333	0.219811 
1102334	0.219401 
1102335	0.232027 
1102336	0.254850 
1102337	0.282985 
1102338	0.310117 
1102339	0.329653 
1102340	0.336397 
1102341	0.328196 
1102342	0.306682 
1102343	0.276626 
1102344	0.244341 
1102345	0.216076 
1102346	0.196931 
1102347	0.190346 
1102348	0.197893 
1102349	0.219173 
1102350	0.251644 
1102351	0.290429 
1102352	0.328459 
1102353	0.357316 
1102354	0.369253 
1102355	0.359921 
1102356	0.330247 
1102357	0.286007 
1102358	0.235504 
1102359	0.187105 
1102360	0.147789 
1102361	0.122542 
1102362	0.114138 
1102363	0.123160 
1102364	0.148157 
1102365	0.185833 
1102366	0.231271 
1102367	0.278135 
1102368	0.318964 
1102369	0.346299 
1102370	0.354994 
1102371	0.344444 
1102372	0.318909 
1102373	0.285697 
1102374	0.252676 
1102375	0.226531 
1102376	0.211996 
1102377	0.211511 
1102378	0.225042 
1102379	0.250031 
1102380	0.281584 
1102381	0.313031 
1102382	0.337017 
1102383	0.347384 
1102384	0.341293 
1102385	0.320420 
1102386	0.290285 
1102387	0.258241 
1102388	0.231259 
1102389	0.214503 
1102390	0.210657 
1102391	0.219800 
1102392	0.239551 
1102393	0.265333 
1102394	0.290857 
1102395	0.309087 
1102396	0.313932 
1102397	0.302246 
1102398	0.275004 
1102399	0.236830 
1102400	0.194274 
1102401	0.154006 
1102402	0.121759 
1102403	0.101917 
1102404	0.097296 
1102405	0.108844 
1102406	0.135389 
1102407	0.173457 
1102408	0.217296 
1102409	0.259218 
1102410	0.290749 
1102411	0.304929 
1102412	0.298972 
1102413	0.275435 
1102414	0.240959 
1102415	0.203482 
1102416	0.169906 
1102417	0.145128 
1102418	0.132026 
1102419	0.131774 
1102420	0.144051 
1102421	0.166983 
1102422	0.196977 
1102423	0.228657 
1102424	0.255301 
1102425	0.270105 
1102426	0.268332 
1102427	0.249339 
1102428	0.217097 
1102429	0.178831 
1102430	0.142623 
1102431	0.115383 
1102432	0.101644 
1102433	0.103141 
1102434	0.118872 
1102435	0.145497 
1102436	0.177909 
1102437	0.209880 
1102438	0.234958 
1102439	0.247818 
1102440	0.245814 
1102441	0.229917 
1102442	0.204353 
1102443	0.175226 
1102444	0.149020 
1102445	0.131591 
1102446	0.127549 
1102447	0.139701 
1102448	0.168507 
1102449	0.211668 
1102450	0.263907 
1102451	0.317099 
1102452	0.361151 
1102453	0.386274 
1102454	0.386556 
1102455	0.362658 
1102456	0.321397 
1102457	0.272567 
1102458	0.225496 
1102459	0.187256 
1102460	0.162329 
1102461	0.152950 
1102462	0.159584 
1102463	0.181216 
1102464	0.215367 
1102465	0.257912 
1102466	0.302843 
1102467	0.342477 
1102468	0.368692 
1102469	0.375459 
1102470	0.361451 
1102471	0.330874 
1102472	0.291895 
1102473	0.253837 
1102474	0.224782 
1102475	0.210141 
1102476	0.212019 
1102477	0.229205 
1102478	0.257662 
1102479	0.291301 
1102480	0.322956 
1102481	0.345679 
1102482	0.354391 
1102483	0.347364 
1102484	0.326658 
1102485	0.297242 
1102486	0.265438 
1102487	0.237569 
1102488	0.219095 
1102489	0.214048 
1102490	0.224509 
1102491	0.250080 
1102492	0.287436 
1102493	0.330149 
1102494	0.369166 
1102495	0.394551 
1102496	0.398702 
1102497	0.379605 
1102498	0.341699 
1102499	0.293669 
1102500	0.245016 
1102501	0.203553 
1102502	0.174421 
1102503	0.160084 
1102504	0.160765 
1102505	0.175010 
1102506	0.200149 
1102507	0.232491 
1102508	0.267382 
1102509	0.299470 
1102510	0.323501 
1102511	0.335683 
1102512	0.335051 
1102513	0.323897 
1102514	0.306958 
1102515	0.289906 
1102516	0.277882 
1102517	0.274482 
1102518	0.281080 
1102519	0.296527 
1102520	0.317211 
1102521	0.337676 
1102522	0.351896 
1102523	0.355100 
1102524	0.345558 
1102525	0.325290 
1102526	0.299327 
1102527	0.273995 
1102528	0.255235 
1102529	0.247458 
1102530	0.253006 
1102531	0.271996 
1102532	0.302396 
1102533	0.340149 
1102534	0.379349 
1102535	0.412828 
1102536	0.433502 
1102537	0.436451 
1102538	0.420720 
1102539	0.389642 
1102540	0.349462 
1102541	0.307363 
1102542	0.269975 
1102543	0.242661 
1102544	0.229027 
1102545	0.230565 
1102546	0.246517 
1102547	0.274004 
1102548	0.308459 
1102549	0.344200 
1102550	0.375124 
1102551	0.395588 
1102552	0.401640 
1102553	0.392138 
1102554	0.369066 
1102555	0.336759 
1102556	0.300582 
1102557	0.265814 
1102558	0.236969 
1102559	0.217492 
1102560	0.209509 
1102561	0.213587 
1102562	0.228543 
1102563	0.251395 
1102564	0.277559 
1102565	0.301400 
1102566	0.317230 
1102567	0.320695 
1102568	0.310202 
1102569	0.287550 
1102570	0.257327 
1102571	0.225410 
1102572	0.197343 
1102573	0.177208 
1102574	0.167084 
1102575	0.166995 
1102576	0.175129 
1102577	0.188162 
1102578	0.201727 
1102579	0.211129 
1102580	0.212386 
1102581	0.203316 
1102582	0.184167 
1102583	0.157465 
1102584	0.127166 
1102585	0.097607 
1102586	0.072651 
1102587	0.055158 
1102588	0.046697 
1102589	0.047429 
1102590	0.056147 
1102591	0.070508 
1102592	0.087465 
1102593	0.103871 
1102594	0.117104 
1102595	0.125569 
1102596	0.128835 
1102597	0.127473 
1102598	0.122646 
1102599	0.115735 
1102600	0.108096 
1102601	0.101050 
1102602	0.095962 
1102603	0.094278 
1102604	0.097365 
1102605	0.106175 
1102606	0.120835 
1102607	0.140365 
1102608	0.162671 
1102609	0.184905 
1102610	0.204099 
1102611	0.217897 
1102612	0.225110 
1102613	0.225881 
1102614	0.221400 
1102615	0.213412 
1102616	0.203678 
1102617	0.193738 
1102618	0.184858 
1102619	0.178165 
1102620	0.174684 
1102621	0.175267 
1102622	0.180365 
1102623	0.189799 
1102624	0.202611 
1102625	0.217115 
1102626	0.231170 
1102627	0.242601 
1102628	0.249650 
1102629	0.251344 
1102630	0.247620 
1102631	0.239255 
1102632	0.227591 
1102633	0.214220 
1102634	0.200708 
1102635	0.188447 
1102636	0.178578 
1102637	0.171939 
1102638	0.168984 
1102639	0.169654 
1102640	0.173321 
1102641	0.178827 
1102642	0.184656 
1102643	0.189261 
1102644	0.191441 
1102645	0.190661 
1102646	0.187264 
1102647	0.182419 
1102648	0.177897 
1102649	0.175671 
1102650	0.177481 
1102651	0.184447 
1102652	0.196771 
1102653	0.213643 
1102654	0.233308 
1102655	0.253329 
1102656	0.271011 
1102657	0.283944 
1102658	0.290475 
1102659	0.290053 
1102660	0.283239 
1102661	0.271515 
1102662	0.256928 
1102663	0.241751 
1102664	0.228236 
1102665	0.218394 
1102666	0.213802 
1102667	0.215368 
1102668	0.223098 
1102669	0.236037 
1102670	0.252385 
1102671	0.269792 
1102672	0.285773 
1102673	0.298196 
1102674	0.305655 
1102675	0.307664 
1102676	0.304620 
1102677	0.297599 
1102678	0.288141 
1102679	0.278013 
1102680	0.269060 
1102681	0.263062 
1102682	0.261572 
1102683	0.265650 
1102684	0.275559 
1102685	0.290497 
1102686	0.308553 
1102687	0.326931 
1102688	0.342447 
1102689	0.352196 
1102690	0.354263 
1102691	0.348219 
1102692	0.335239 
1102693	0.317770 
1102694	0.298878 
1102695	0.281562 
1102696	0.268229 
1102697	0.260433 
1102698	0.258828 
1102699	0.263216 
1102700	0.272627 
1102701	0.285398 
1102702	0.299345 
1102703	0.311958 
1102704	0.320726 
1102705	0.323582 
1102706	0.319349 
1102707	0.308082 
1102708	0.291154 
1102709	0.271005 
1102710	0.250622 
1102711	0.232939 
1102712	0.220227 
1102713	0.213657 
1102714	0.213148 
1102715	0.217455 
1102716	0.224493 
1102717	0.231777 
1102718	0.236909 
1102719	0.238046 
1102720	0.234209 
1102721	0.225419 
1102722	0.212677 
1102723	0.197809 
1102724	0.183240 
1102725	0.171766 
1102726	0.166266 
1102727	0.169328 
1102728	0.182736 
1102729	0.206870 
1102730	0.240230 
1102731	0.279245 
1102732	0.318549 
1102733	0.351820 
1102734	0.373317 
1102735	0.379789 
1102736	0.371685 
1102737	0.352850 
1102738	0.328909 
1102739	0.305408 
1102740	0.286556 
1102741	0.274745 
1102742	0.270581 
1102743	0.273219 
1102744	0.280884 
1102745	0.291412 
1102746	0.302724 
1102747	0.313097 
1102748	0.321250 
1102749	0.326337 
1102750	0.327934 
1102751	0.326026 
1102752	0.321005 
1102753	0.313589 
1102754	0.304641 
1102755	0.294926 
1102756	0.284910 
1102757	0.274632 
1102758	0.263742 
1102759	0.251715 
1102760	0.238144 
1102761	0.223069 
1102762	0.207188 
1102763	0.191817 
1102764	0.178639 
1102765	0.169318 
1102766	0.165145 
1102767	0.166741 
1102768	0.173888 
1102769	0.185485 
1102770	0.199565 
1102771	0.213409 
1102772	0.223748 
1102773	0.227245 
1102774	0.221269 
1102775	0.204752 
1102776	0.178687 
1102777	0.146008 
1102778	0.110899 
1102779	0.077908 
1102780	0.051147 
1102781	0.033763 
1102782	0.027608 
1102783	0.033013 
1102784	0.048753 
1102785	0.072270 
1102786	0.100073 
1102787	0.128248 
1102788	0.152999 
1102789	0.171240 
1102790	0.181214 
1102791	0.182894 
1102792	0.177955 
1102793	0.169320 
1102794	0.160407 
1102795	0.154399 
1102796	0.153719 
1102797	0.159707 
1102798	0.172495 
1102799	0.190969 
1102800	0.212923 
1102801	0.235385 
1102802	0.255166 
1102803	0.269574 
1102804	0.277048 
1102805	0.277521 
1102806	0.272362 
1102807	0.263972 
1102808	0.255129 
1102809	0.248305 
1102810	0.245109 
1102811	0.245977 
1102812	0.250114 
1102813	0.255740 
1102814	0.260558 
1102815	0.262348 
1102816	0.259592 
1102817	0.251884 
1102818	0.239974 
1102819	0.225479 
1102820	0.210366 
1102821	0.196520 
1102822	0.185512 
1102823	0.178544 
1102824	0.176464 
1102825	0.179706 
1102826	0.188151 
1102827	0.200992 
1102828	0.216655 
1102829	0.232966 
1102830	0.247583 
1102831	0.258593 
1102832	0.265118 
1102833	0.267548 
1102834	0.267270 
1102835	0.266072 
1102836	0.265421 
1102837	0.265941 
1102838	0.267186 
1102839	0.267788 
1102840	0.265889 
1102841	0.259736 
1102842	0.248222 
1102843	0.231235 
1102844	0.209699 
1102845	0.185352 
1102846	0.160435 
1102847	0.137414 
1102848	0.118770 
1102849	0.106761 
1102850	0.103179 
1102851	0.108932 
1102852	0.123591 
1102853	0.145037 
1102854	0.169396 
1102855	0.191486 
1102856	0.205815 
1102857	0.208050 
1102858	0.196411 
1102859	0.172246 
1102860	0.139462 
1102861	0.103238 
1102862	0.068751 
1102863	0.040420 
1102864	0.021581 
1102865	0.014409 
1102866	0.019987 
1102867	0.038395 
1102868	0.068726 
1102869	0.108961 
1102870	0.155798 
1102871	0.204554 
1102872	0.249264 
1102873	0.283208 
1102874	0.300325 
1102875	0.297288 
1102876	0.275039 
1102877	0.238540 
1102878	0.194875 
1102879	0.151059 
1102880	0.112635 
1102881	0.083140 
1102882	0.064145 
1102883	0.055601 
1102884	0.056308 
1102885	0.064327 
1102886	0.077290 
1102887	0.092575 
1102888	0.107524 
1102889	0.119733 
1102890	0.127447 
1102891	0.129948 
1102892	0.127815 
1102893	0.122825 
1102894	0.117556 
1102895	0.114717 
1102896	0.116389 
1102897	0.123378 
1102898	0.134877 
1102899	0.148584 
1102900	0.161242 
1102901	0.169540 
1102902	0.170949 
1102903	0.164394 
1102904	0.150415 
1102905	0.130884 
1102906	0.108421 
1102907	0.085820 
1102908	0.065616 
1102909	0.049927 
1102910	0.040529 
1102911	0.038954 
1102912	0.046490 
1102913	0.063948 
1102914	0.091278 
1102915	0.127098 
1102916	0.168303 
1102917	0.209940 
1102918	0.245494 
1102919	0.268064 
1102920	0.272424 
1102921	0.257209 
1102922	0.225621 
1102923	0.184168 
1102924	0.140400 
1102925	0.101092 
1102926	0.071387 
1102927	0.054642 
1102928	0.052607 
1102929	0.065669 
1102930	0.093003 
1102931	0.132503 
1102932	0.180615 
1102933	0.232168 
1102934	0.280432 
1102935	0.317700 
1102936	0.336992 
1102937	0.334469 
1102938	0.311177 
1102939	0.272643 
1102940	0.226667 
1102941	0.180829 
1102942	0.141162 
1102943	0.111891 
1102944	0.095754 
1102945	0.094270 
1102946	0.107811 
1102947	0.135376 
1102948	0.174197 
1102949	0.219432 
1102950	0.264236 
1102951	0.300472 
1102952	0.320452 
1102953	0.319588 
1102954	0.298480 
1102955	0.262863 
1102956	0.221390 
1102957	0.182912 
1102958	0.154613 
1102959	0.141168 
1102960	0.144577 
1102961	0.164319 
1102962	0.197567 
1102963	0.239377 
1102964	0.282853 
1102965	0.319626 
1102966	0.341277 
1102967	0.342002 
1102968	0.321024 
1102969	0.282970 
1102970	0.235889 
1102971	0.188577 
1102972	0.148848 
1102973	0.122781 
1102974	0.114319 
1102975	0.124930 
1102976	0.153292 
1102977	0.195088 
1102978	0.243084 
1102979	0.287735 
1102980	0.318866 
1102981	0.328735 
1102982	0.315124 
1102983	0.282168 
1102984	0.238232 
1102985	0.192686 
1102986	0.153809 
1102987	0.128059 
1102988	0.119953 
1102989	0.132021 
1102990	0.164705 
1102991	0.216024 
1102992	0.281154 
1102993	0.352234 
1102994	0.418688 
1102995	0.468712 
1102996	0.492693 
1102997	0.487251 
1102998	0.456744 
1102999	0.410929 
1103000	0.360975 
1103001	0.316717 
1103002	0.285534 
1103003	0.271985 
1103004	0.277766 
1103005	0.301807 
1103006	0.340357 
1103007	0.387090 
1103008	0.433474 
1103009	0.469686 
1103010	0.486707 
1103011	0.479387 
1103012	0.448709 
1103013	0.401314 
1103014	0.346736 
1103015	0.294464 
1103016	0.252335 
1103017	0.225886 
1103018	0.217972 
1103019	0.228515 
1103020	0.254407 
1103021	0.289712 
1103022	0.326294 
1103023	0.355116 
1103024	0.368296 
1103025	0.361510 
1103026	0.335537 
1103027	0.295660 
1103028	0.249357 
1103029	0.204039 
1103030	0.165808 
1103031	0.138988 
1103032	0.126068 
1103033	0.127793 
1103034	0.143143 
1103035	0.169190 
1103036	0.200929 
1103037	0.231326 
1103038	0.252143 
1103039	0.256070 
1103040	0.239617 
1103041	0.204784 
1103042	0.158114 
1103043	0.108024 
1103044	0.062400 
1103045	0.027311 
1103046	0.006440 
1103047	0.000967 
1103048	0.009683 
1103049	0.029309 
1103050	0.054877 
1103051	0.080286 
1103052	0.099088 
1103053	0.105799 
1103054	0.097543 
1103055	0.075133 
1103056	0.042718 
1103057	0.006266 
1103058	-0.028043 
1103059	-0.054910 
1103060	-0.070495 
1103061	-0.072716 
1103062	-0.061374 
1103063	-0.038142 
1103064	-0.006459 
1103065	0.028787 
1103066	0.061798 
1103067	0.086781 
1103068	0.099288 
1103069	0.097587 
1103070	0.083355 
1103071	0.061102 
1103072	0.036752 
1103073	0.016170 
1103074	0.004169 
1103075	0.003954 
1103076	0.016762 
1103077	0.041647 
1103078	0.075351 
1103079	0.112478 
1103080	0.146060 
1103081	0.168782 
1103082	0.175011 
1103083	0.162925 
1103084	0.135354 
1103085	0.098717 
1103086	0.060945 
1103087	0.029623 
1103088	0.010844 
1103089	0.008620 
1103090	0.024599 
1103091	0.058015 
1103092	0.105730 
1103093	0.162293 
1103094	0.219922 
1103095	0.268854 
1103096	0.298975 
1103097	0.303328 
1103098	0.281406 
1103099	0.239389 
1103100	0.187034 
1103101	0.134117 
1103102	0.088655 
1103103	0.056506 
1103104	0.041336 
1103105	0.044722 
1103106	0.066318 
1103107	0.103922 
1103108	0.153502 
1103109	0.209328 
1103110	0.264434 
1103111	0.311162 
1103112	0.342239 
1103113	0.352937 
1103114	0.343118 
1103115	0.317405 
1103116	0.283331 
1103117	0.248829 
1103118	0.220550 
1103119	0.203213 
1103120	0.199522 
1103121	0.210104 
1103122	0.233335 
1103123	0.265194 
1103124	0.299359 
1103125	0.327900 
1103126	0.342900 
1103127	0.339045 
1103128	0.315816 
1103129	0.277723 
1103130	0.232488 
1103131	0.188661 
1103132	0.153781 
1103133	0.133331 
1103134	0.130310 
1103135	0.145255 
1103136	0.176440 
1103137	0.219988 
1103138	0.269923 
1103139	0.318343 
1103140	0.356073 
1103141	0.374508 
1103142	0.368584 
1103143	0.339070 
1103144	0.292219 
1103145	0.237101 
1103146	0.182640 
1103147	0.136057 
1103148	0.102406 
1103149	0.084520 
1103150	0.083125 
1103151	0.097158 
1103152	0.124148 
1103153	0.160528 
1103154	0.201764 
1103155	0.242231 
1103156	0.275232 
1103157	0.293931 
1103158	0.293375 
1103159	0.272546 
1103160	0.234887 
1103161	0.186968 
1103162	0.136347 
1103163	0.089960 
1103164	0.053433 
1103165	0.030799 
1103166	0.024247 
1103167	0.033884 
1103168	0.057607 
1103169	0.091193 
1103170	0.128582 
1103171	0.162531 
1103172	0.185829 
1103173	0.193209 
1103174	0.183222 
1103175	0.158806 
1103176	0.126000 
1103177	0.091730 
1103178	0.062055 
1103179	0.041448 
1103180	0.032783 
1103181	0.037521 
1103182	0.055670 
1103183	0.085523 
1103184	0.123358 
1103185	0.163378 
1103186	0.198299 
1103187	0.220912 
1103188	0.226402 
1103189	0.214278 
1103190	0.188638 
1103191	0.156619 
1103192	0.126201 
1103193	0.104478 
1103194	0.096674 
1103195	0.105659 
1103196	0.131821 
1103197	0.173100 
1103198	0.225021 
1103199	0.280788 
1103200	0.331644 
1103201	0.368159 
1103202	0.382813 
1103203	0.372904 
1103204	0.341666 
1103205	0.296688 
1103206	0.246979 
1103207	0.200921 
1103208	0.165571 
1103209	0.146382 
1103210	0.146814 
1103211	0.167887 
1103212	0.207860 
1103213	0.262058 
1103214	0.322984 
1103215	0.380670 
1103216	0.423547 
1103217	0.441087 
1103218	0.428022 
1103219	0.387033 
1103220	0.327246 
1103221	0.260039 
1103222	0.195641 
1103223	0.141811 
1103224	0.103837 
1103225	0.084868 
1103226	0.086257 
1103227	0.107526 
1103228	0.145948 
1103229	0.196064 
1103230	0.249588 
1103231	0.296053 
1103232	0.324573 
1103233	0.327268 
1103234	0.302934 
1103235	0.257939 
1103236	0.203345 
1103237	0.150728 
1103238	0.109397 
1103239	0.085421 
1103240	0.081625 
1103241	0.097973 
1103242	0.131993 
1103243	0.178933 
1103244	0.231683 
1103245	0.280676 
1103246	0.314909 
1103247	0.325076 
1103248	0.307625 
1103249	0.266496 
1103250	0.211128 
1103251	0.152744 
1103252	0.101908 
1103253	0.067524 
1103254	0.056170 
1103255	0.071363 
1103256	0.112972 
1103257	0.176707 
1103258	0.253840 
1103259	0.331299 
1103260	0.392608 
1103261	0.421896 
1103262	0.411177 
1103263	0.364892 
1103264	0.297047 
1103265	0.223745 
1103266	0.158032 
1103267	0.109026 
1103268	0.082333 
1103269	0.080701 
1103270	0.104515 
1103271	0.151698 
1103272	0.217078 
1103273	0.291772 
1103274	0.363168 
1103275	0.415965 
1103276	0.436069 
1103277	0.417310 
1103278	0.365363 
1103279	0.294819 
1103280	0.222378 
1103281	0.162033 
1103282	0.123365 
1103283	0.111144 
1103284	0.125677 
1103285	0.163461 
1103286	0.217807 
1103287	0.279297 
1103288	0.336199 
1103289	0.375554 
1103290	0.386484 
1103291	0.364890 
1103292	0.315542 
1103293	0.249521 
1103294	0.179506 
1103295	0.116751 
1103296	0.070307 
1103297	0.046779 
1103298	0.049873 
1103299	0.079782 
1103300	0.132552 
1103301	0.199695 
1103302	0.268169 
1103303	0.321032 
1103304	0.341624 
1103305	0.321403 
1103306	0.264945 
1103307	0.187004 
1103308	0.104599 
1103309	0.031412 
1103310	-0.023369 
1103311	-0.054506 
1103312	-0.059861 
1103313	-0.039683 
1103314	0.003571 
1103315	0.064992 
1103316	0.136547 
1103317	0.206209 
1103318	0.258386 
1103319	0.278631 
1103320	0.260946 
1103321	0.211372 
1103322	0.144611 
1103323	0.076743 
1103324	0.020371 
1103325	-0.016214 
1103326	-0.028663 
1103327	-0.016075 
1103328	0.019604 
1103329	0.074117 
1103330	0.141079 
1103331	0.211941 
1103332	0.275960 
1103333	0.321372 
1103334	0.338957 
1103335	0.326405 
1103336	0.289657 
1103337	0.240048 
1103338	0.189833 
1103339	0.149293 
1103340	0.125762 
1103341	0.123309 
1103342	0.142566 
1103343	0.180689 
1103344	0.231477 
1103345	0.285816 
1103346	0.332592 
1103347	0.360918 
1103348	0.363765 
1103349	0.340923 
1103350	0.298858 
1103351	0.247615 
1103352	0.197413 
1103353	0.156668 
1103354	0.131201 
1103355	0.124209 
1103356	0.136566 
1103357	0.167054 
1103358	0.212294 
1103359	0.266413 
1103360	0.320803 
1103361	0.364509 
1103362	0.386459 
1103363	0.379751 
1103364	0.345206 
1103365	0.291020 
1103366	0.228898 
1103367	0.169985 
1103368	0.122900 
1103369	0.093310 
1103370	0.083927 
1103371	0.094759 
1103372	0.123566 
1103373	0.166321 
1103374	0.217515 
1103375	0.270287 
1103376	0.316578 
1103377	0.348115 
1103378	0.358727 
1103379	0.346982 
1103380	0.317070 
1103381	0.277121 
1103382	0.236299 
1103383	0.202547 
1103384	0.181527 
1103385	0.176238 
1103386	0.186869 
1103387	0.210800 
1103388	0.242822 
1103389	0.275779 
1103390	0.301744 
1103391	0.313874 
1103392	0.308551 
1103393	0.286757 
1103394	0.253683 
1103395	0.216758 
1103396	0.183409 
1103397	0.159590 
1103398	0.149216 
1103399	0.154095 
1103400	0.174034 
1103401	0.206887 
1103402	0.248547 
1103403	0.292986 
1103404	0.332623 
1103405	0.359453 
1103406	0.367183 
1103407	0.353561 
1103408	0.321358 
1103409	0.277237 
1103410	0.229366 
1103411	0.185378 
1103412	0.151223 
1103413	0.130737 
1103414	0.125553 
1103415	0.135263 
1103416	0.157732 
1103417	0.189438 
1103418	0.225802 
1103419	0.261400 
1103420	0.290347 
1103421	0.307199 
1103422	0.308426 
1103423	0.293705 
1103424	0.266157 
1103425	0.231258 
1103426	0.195263 
1103427	0.164006 
1103428	0.142312 
1103429	0.133640 
1103430	0.139682 
1103431	0.159821 
1103432	0.190707 
1103433	0.226190 
1103434	0.257904 
1103435	0.276888 
1103436	0.276367 
1103437	0.254513 
1103438	0.215211 
1103439	0.166204 
1103440	0.116053 
1103441	0.071971 
1103442	0.039060 
1103443	0.020315 
1103444	0.016935 
1103445	0.028624 
1103446	0.053720 
1103447	0.089150 
1103448	0.130300 
1103449	0.171056 
1103450	0.204377 
1103451	0.223708 
1103452	0.225020 
1103453	0.208386 
1103454	0.177987 
1103455	0.140522 
1103456	0.103213 
1103457	0.072377 
1103458	0.052644 
1103459	0.046657 
1103460	0.055067 
1103461	0.076756 
1103462	0.109118 
1103463	0.148320 
1103464	0.189580 
1103465	0.227434 
1103466	0.256227 
1103467	0.271157 
1103468	0.269725 
1103469	0.252734 
1103470	0.224191 
1103471	0.190191 
1103472	0.157561 
1103473	0.132793 
1103474	0.121174 
1103475	0.125962 
1103476	0.147656 
1103477	0.183576 
1103478	0.227900 
1103479	0.272209 
1103480	0.306795 
1103481	0.323067 
1103482	0.316607 
1103483	0.289001 
1103484	0.246901 
1103485	0.199104 
1103486	0.153742 
1103487	0.116949 
1103488	0.092726 
1103489	0.083233 
1103490	0.089075 
1103491	0.109345 
1103492	0.141457 
1103493	0.180895 
1103494	0.221216 
1103495	0.254680 
1103496	0.273935 
1103497	0.274459 
1103498	0.256410 
1103499	0.224602 
1103500	0.186600 
1103501	0.150315 
1103502	0.122265 
1103503	0.106718 
1103504	0.105432 
1103505	0.117702 
1103506	0.140621 
1103507	0.169486 
1103508	0.198352 
1103509	0.220908 
1103510	0.231750 
1103511	0.227877 
1103512	0.209727 
1103513	0.181039 
1103514	0.147658 
1103515	0.116093 
1103516	0.092342 
1103517	0.081131 
1103518	0.085294 
1103519	0.105232 
1103520	0.138556 
1103521	0.180111 
1103522	0.222455 
1103523	0.257081 
1103524	0.276611 
1103525	0.277396 
1103526	0.260915 
1103527	0.232848 
1103528	0.200655 
1103529	0.171340 
1103530	0.150309 
1103531	0.141057 
1103532	0.145171 
1103533	0.162393 
1103534	0.190669 
1103535	0.226199 
1103536	0.263676 
1103537	0.296960 
1103538	0.320471 
1103539	0.330999 
1103540	0.328845 
1103541	0.317589 
1103542	0.302638 
1103543	0.289593 
1103544	0.282981 
1103545	0.285539 
1103546	0.297895 
1103547	0.318507 
1103548	0.343951 
1103549	0.369483 
1103550	0.389990 
1103551	0.401208 
1103552	0.400939 
1103553	0.389751 
1103554	0.370703 
1103555	0.348328 
1103556	0.327454 
1103557	0.312290 
1103558	0.305851 
1103559	0.309600 
1103560	0.323220 
1103561	0.344606 
1103562	0.369976 
1103563	0.394234 
1103564	0.411775 
1103565	0.417869 
1103566	0.410277 
1103567	0.390177 
1103568	0.361876 
1103569	0.331499 
1103570	0.305436 
1103571	0.289089 
1103572	0.286049 
1103573	0.297624 
1103574	0.322578 
1103575	0.357088 
1103576	0.394942 
1103577	0.428294 
1103578	0.449368 
1103579	0.452996 
1103580	0.438671 
1103581	0.410709 
1103582	0.376405 
1103583	0.343513 
1103584	0.318422 
1103585	0.305253 
1103586	0.305637 
1103587	0.318864 
1103588	0.342191 
1103589	0.371224 
1103590	0.400369 
1103591	0.423597 
1103592	0.435667 
1103593	0.433677 
1103594	0.418095 
1103595	0.392657 
1103596	0.363128 
1103597	0.335716 
1103598	0.315761 
1103599	0.306894 
1103600	0.310525 
1103601	0.325576 
1103602	0.348448 
1103603	0.373319 
1103604	0.393053 
1103605	0.400935 
1103606	0.392837 
1103607	0.368784 
1103608	0.332874 
1103609	0.291696 
1103610	0.252354 
1103611	0.221073 
1103612	0.202442 
1103613	0.199067 
1103614	0.211378 
1103615	0.237521 
1103616	0.273316 
1103617	0.312358 
1103618	0.346548 
1103619	0.367642 
1103620	0.369943 
1103621	0.352742 
1103622	0.320755 
1103623	0.282112 
1103624	0.245403 
1103625	0.217485 
1103626	0.202556 
1103627	0.202020 
1103628	0.214642 
1103629	0.236768 
1103630	0.262685 
1103631	0.285397 
1103632	0.298184 
1103633	0.296752 
1103634	0.280964 
1103635	0.254946 
1103636	0.225547 
1103637	0.200137 
1103638	0.184855 
1103639	0.183652 
1103640	0.197834 
1103641	0.225882 
1103642	0.263411 
1103643	0.303457 
1103644	0.337508 
1103645	0.357739 
1103646	0.359915 
1103647	0.345229 
1103648	0.319651 
1103649	0.291318 
1103650	0.267743 
1103651	0.254211 
1103652	0.253312 
1103653	0.265038 
1103654	0.287018 
1103655	0.314773 
1103656	0.342154 
1103657	0.362344 
1103658	0.369633 
1103659	0.361474 
1103660	0.339619 
1103661	0.309493 
1103662	0.278209 
1103663	0.252448 
1103664	0.237069 
1103665	0.234438 
1103666	0.244238 
1103667	0.263599 
1103668	0.287573 
1103669	0.310023 
1103670	0.325041 
1103671	0.328659 
1103672	0.320175 
1103673	0.302334 
1103674	0.280298 
1103675	0.260020 
1103676	0.246835 
1103677	0.244516 
1103678	0.254732 
1103679	0.276804 
1103680	0.307698 
1103681	0.342244 
1103682	0.373816 
1103683	0.395702 
1103684	0.403159 
1103685	0.395223 
1103686	0.375145 
1103687	0.349093 
1103688	0.324067 
1103689	0.306149 
1103690	0.299472 
1103691	0.305807 
1103692	0.324421 
1103693	0.352183 
1103694	0.383862 
1103695	0.412919 
1103696	0.433007 
1103697	0.439935 
1103698	0.433215 
1103699	0.416209 
1103700	0.394738 
1103701	0.375075 
1103702	0.362357 
1103703	0.359719 
1103704	0.367976 
1103705	0.385558 
1103706	0.408636 
1103707	0.431568 
1103708	0.447950 
1103709	0.452384 
1103710	0.442431 
1103711	0.419627 
1103712	0.388892 
1103713	0.356785 
1103714	0.329678 
1103715	0.312531 
1103716	0.308315 
1103717	0.317720 
1103718	0.338985 
1103719	0.367836 
1103720	0.397829 
1103721	0.421397 
1103722	0.431885 
1103723	0.425999 
1103724	0.405229 
1103725	0.375188 
1103726	0.343380 
1103727	0.316833 
1103728	0.300713 
1103729	0.297847 
1103730	0.308657 
1103731	0.331199 
1103732	0.361309 
1103733	0.393070 
1103734	0.419797 
1103735	0.435720 
1103736	0.437912 
1103737	0.427418 
1103738	0.408799 
1103739	0.388457 
1103740	0.372765 
1103741	0.366774 
1103742	0.373529 
1103743	0.393729 
1103744	0.425564 
1103745	0.464737 
1103746	0.504857 
1103747	0.538508 
1103748	0.559131 
1103749	0.563233 
1103750	0.551640 
1103751	0.528943 
1103752	0.501602 
1103753	0.475948 
1103754	0.456943 
1103755	0.447675 
1103756	0.449190 
1103757	0.460469 
1103758	0.478454 
1103759	0.498154 
1103760	0.513135 
1103761	0.516854 
1103762	0.504881 
1103763	0.476906 
1103764	0.437116 
1103765	0.392620 
1103766	0.350970 
1103767	0.318309 
1103768	0.298454 
1103769	0.292693 
1103770	0.299835 
1103771	0.316445 
1103772	0.337297 
1103773	0.356199 
1103774	0.367372 
1103775	0.367201 
1103776	0.355542 
1103777	0.335782 
1103778	0.313607 
1103779	0.295207 
1103780	0.285785 
1103781	0.288645 
1103782	0.304713 
1103783	0.332386 
1103784	0.367679 
1103785	0.404774 
1103786	0.437113 
1103787	0.459108 
1103788	0.467903 
1103789	0.464284 
1103790	0.452114 
1103791	0.436712 
1103792	0.423161 
1103793	0.415218 
1103794	0.414878 
1103795	0.422305 
1103796	0.435972 
1103797	0.452928 
1103798	0.469184 
1103799	0.480336 
1103800	0.482541 
1103801	0.473691 
1103802	0.454221 
1103803	0.427046 
1103804	0.396641 
1103805	0.367725 
1103806	0.344222 
1103807	0.328584 
1103808	0.321532 
1103809	0.322067 
1103810	0.327720 
1103811	0.335003 
1103812	0.340105 
1103813	0.339807 
1103814	0.332427 
1103815	0.318356 
1103816	0.300011 
1103817	0.281115 
1103818	0.265716 
1103819	0.257241 
1103820	0.257799 
1103821	0.267776 
1103822	0.285706 
1103823	0.308379 
1103824	0.331243 
1103825	0.349174 
1103826	0.357662 
1103827	0.354165 
1103828	0.338979 
1103829	0.315147 
1103830	0.287425 
1103831	0.260955 
1103832	0.240158 
1103833	0.228135 
1103834	0.226344 
1103835	0.234457 
1103836	0.250350 
1103837	0.270337 
1103838	0.289734 
1103839	0.303870 
1103840	0.309363 
1103841	0.305139 
1103842	0.292724 
1103843	0.275593 
1103844	0.257988 
1103845	0.243749 
1103846	0.235472 
1103847	0.234113 
1103848	0.238965 
1103849	0.247932 
1103850	0.258070 
1103851	0.266283 
1103852	0.270109 
1103853	0.268393 
1103854	0.261634 
1103855	0.251829 
1103856	0.241900 
1103857	0.234918 
1103858	0.233451 
1103859	0.239037 
1103860	0.251850 
1103861	0.270484 
1103862	0.291873 
1103863	0.311581 
1103864	0.324642 
1103865	0.326965 
1103866	0.316801 
1103867	0.295463 
1103868	0.266918 
1103869	0.236499 
1103870	0.209491 
1103871	0.190119 
1103872	0.181008 
1103873	0.182948 
1103874	0.194893 
1103875	0.214165 
1103876	0.236926 
1103877	0.258946 
1103878	0.276589 
1103879	0.287766 
1103880	0.292450 
1103881	0.292538 
1103882	0.291164 
1103883	0.291794 
1103884	0.297410 
1103885	0.309981 
1103886	0.330126 
1103887	0.357012 
1103888	0.388363 
1103889	0.420676 
1103890	0.449734 
1103891	0.471463 
1103892	0.482988 
1103893	0.483496 
1103894	0.474450 
1103895	0.459122 
1103896	0.441692 
1103897	0.426338 
1103898	0.416469 
1103899	0.414165 
1103900	0.419813 
1103901	0.431969 
1103902	0.447435 
1103903	0.461652 
1103904	0.469572 
1103905	0.467084 
1103906	0.452556 
1103907	0.427537 
1103908	0.396226 
1103909	0.364067 
1103910	0.336304 
1103911	0.316977 
1103912	0.308464 
1103913	0.311331 
1103914	0.324363 
1103915	0.344659 
1103916	0.367944 
1103917	0.389323 
1103918	0.404524 
1103919	0.411248 
1103920	0.409986 
1103921	0.403796 
1103922	0.397202 
1103923	0.394840 
1103924	0.400359 
1103925	0.415737 
1103926	0.441008 
1103927	0.474294 
1103928	0.512095 
1103929	0.549824 
1103930	0.582555 
1103931	0.606016 
1103932	0.617611 
1103933	0.617048 
1103934	0.606248 
1103935	0.588620 
1103936	0.568082 
1103937	0.548287 
1103938	0.532164 
1103939	0.521689 
1103940	0.517679 
1103941	0.519654 
1103942	0.525693 
1103943	0.532521 
1103944	0.535988 
1103945	0.532102 
1103946	0.518295 
1103947	0.494440 
1103948	0.462972 
1103949	0.428130 
1103950	0.394752 
1103951	0.367162 
1103952	0.348456 
1103953	0.340206 
1103954	0.342439 
1103955	0.353803 
1103956	0.371793 
1103957	0.392966 
1103958	0.413246 
1103959	0.428475 
1103960	0.435287 
1103961	0.432083 
1103962	0.419638 
1103963	0.400965 
1103964	0.380521 
1103965	0.363192 
1103966	0.353405 
1103967	0.354395 
1103968	0.367682 
1103969	0.392774 
1103970	0.427188 
1103971	0.466788 
1103972	0.506370 
1103973	0.540519 
1103974	0.564637 
1103975	0.576012 
1103976	0.574489 
1103977	0.562376 
1103978	0.543601 
1103979	0.522565 
1103980	0.503202 
1103981	0.488403 
1103982	0.479761 
1103983	0.477489 
1103984	0.480392 
1103985	0.485902 
1103986	0.490330 
1103987	0.489505 
1103988	0.479809 
1103989	0.459384 
1103990	0.428890 
1103991	0.391456 
1103992	0.351854 
1103993	0.315446 
1103994	0.287209 
1103995	0.271005 
1103996	0.269063 
1103997	0.281710 
1103998	0.307344 
1103999	0.342498 
1104000	0.381974 
1104001	0.419108 
1104002	0.446699 
1104003	0.458761 
1104004	0.452550 
1104005	0.429593 
1104006	0.395007 
1104007	0.355640 
1104008	0.318323 
1104009	0.288781 
1104010	0.271036 
1104011	0.267110 
1104012	0.276889 
1104013	0.298162 
1104014	0.326848 
1104015	0.357471 
1104016	0.384011 
1104017	0.401162 
1104018	0.405661 
1104019	0.397254 
1104020	0.378698 
1104021	0.354759 
1104022	0.330721 
1104023	0.311236 
1104024	0.299667 
1104025	0.297766 
1104026	0.305492 
1104027	0.320892 
1104028	0.340071 
1104029	0.357431 
1104030	0.366496 
1104031	0.361580 
1104032	0.339871 
1104033	0.302628 
1104034	0.254691 
1104035	0.202779 
1104036	0.153895 
1104037	0.114358 
1104038	0.089129 
1104039	0.081405 
1104040	0.092302 
1104041	0.120627 
1104042	0.162682 
1104043	0.212179 
1104044	0.260329 
1104045	0.296864 
1104046	0.312802 
1104047	0.304194 
1104048	0.274078 
1104049	0.231008 
1104050	0.185391 
1104051	0.146517 
1104052	0.121366 
1104053	0.114388 
1104054	0.127503 
1104055	0.160022 
1104056	0.208523 
1104057	0.266812 
1104058	0.326261 
1104059	0.376957 
1104060	0.410008 
1104061	0.420587 
1104062	0.409838 
1104063	0.384188 
1104064	0.352548 
1104065	0.323514 
1104066	0.303734 
1104067	0.297303 
1104068	0.305649 
1104069	0.327696 
1104070	0.360050 
1104071	0.397235 
1104072	0.432115 
1104073	0.456834 
1104074	0.464661 
1104075	0.452290 
1104076	0.421198 
1104077	0.376995 
1104078	0.327370 
1104079	0.280110 
1104080	0.241909 
1104081	0.217770 
1104082	0.210659 
1104083	0.221247 
1104084	0.247741 
1104085	0.285916 
1104086	0.329412 
1104087	0.370328 
1104088	0.400236 
1104089	0.411942 
1104090	0.401752 
1104091	0.370949 
1104092	0.325295 
1104093	0.272902 
1104094	0.222104 
1104095	0.180196 
1104096	0.152902 
1104097	0.144091 
1104098	0.155497 
1104099	0.186348 
1104100	0.232951 
1104101	0.288445 
1104102	0.343004 
1104103	0.384820 
1104104	0.402992 
1104105	0.392125 
1104106	0.355233 
1104107	0.302246 
1104108	0.245409 
1104109	0.195277 
1104110	0.159032 
1104111	0.140343 
1104112	0.139730 
1104113	0.155100 
1104114	0.182150 
1104115	0.214543 
1104116	0.244075 
1104117	0.261726 
1104118	0.260255 
1104119	0.237239 
1104120	0.196259 
1104121	0.145315 
1104122	0.093805 
1104123	0.050261 
1104124	0.021295 
1104125	0.011106 
1104126	0.021140 
1104127	0.049774 
1104128	0.092154 
1104129	0.140296 
1104130	0.183831 
1104131	0.212011 
1104132	0.217330 
1104133	0.198828 
1104134	0.162461 
1104135	0.118165 
1104136	0.076126 
1104137	0.044720 
1104138	0.030124 
1104139	0.036291 
1104140	0.064822 
1104141	0.114662 
1104142	0.181613 
1104143	0.257733 
1104144	0.331140 
1104145	0.387395 
1104146	0.414074 
1104147	0.406759 
1104148	0.371456 
1104149	0.321175 
1104150	0.269900 
1104151	0.228737 
1104152	0.204984 
1104153	0.202266 
1104154	0.220858 
1104155	0.258066 
1104156	0.308536 
1104157	0.364492 
1104158	0.415967 
1104159	0.451899 
1104160	0.463144 
1104161	0.446395 
1104162	0.406012 
1104163	0.352071 
1104164	0.296429 
1104165	0.249690 
1104166	0.219843 
1104167	0.211727 
1104168	0.226733 
1104169	0.262619 
1104170	0.313462 
1104171	0.369873 
1104172	0.419753 
1104173	0.450370 
1104174	0.452645 
1104175	0.425491 
1104176	0.376486 
1104177	0.318167 
1104178	0.263248 
1104179	0.221888 
1104180	0.200963 
1104181	0.203984 
1104182	0.231171 
1104183	0.279439 
1104184	0.342313 
1104185	0.409905 
1104186	0.469445 
1104187	0.507534 
1104188	0.514988 
1104189	0.491468 
1104190	0.445659 
1104191	0.390742 
1104192	0.339336 
1104193	0.301159 
1104194	0.282619 
1104195	0.286764 
1104196	0.313238 
1104197	0.358176 
1104198	0.414219 
1104199	0.470803 
1104200	0.515276 
1104201	0.535935 
1104202	0.526746 
1104203	0.490375 
1104204	0.436702 
1104205	0.378228 
1104206	0.326175 
1104207	0.288893 
1104208	0.271436 
1104209	0.275687 
1104210	0.300554 
1104211	0.342114 
1104212	0.393680 
1104213	0.446144 
1104214	0.488966 
1104215	0.512463 
1104216	0.511113 
1104217	0.485881 
1104218	0.443672 
1104219	0.394388 
1104220	0.347854 
1104221	0.312063 
1104222	0.292417 
1104223	0.291354 
1104224	0.308210 
1104225	0.339308 
1104226	0.378275 
1104227	0.416671 
1104228	0.445089 
1104229	0.455345 
1104230	0.443556 
1104231	0.412022 
1104232	0.368159 
1104233	0.321384 
1104234	0.280376 
1104235	0.251839 
1104236	0.240132 
1104237	0.247088 
1104238	0.271792 
1104239	0.310338 
1104240	0.355751 
1104241	0.398461 
1104242	0.428087 
1104243	0.436838 
1104244	0.422770 
1104245	0.390529 
1104246	0.348998 
1104247	0.307786 
1104248	0.274765 
1104249	0.255038 
1104250	0.250679 
1104251	0.260837 
1104252	0.282030 
1104253	0.308577 
1104254	0.333218 
1104255	0.348251 
1104256	0.347518 
1104257	0.328665 
1104258	0.294265 
1104259	0.250863 
1104260	0.206543 
1104261	0.168719 
1104262	0.143069 
1104263	0.133201 
1104264	0.140455 
1104265	0.163737 
1104266	0.199453 
1104267	0.241701 
1104268	0.282822 
1104269	0.314568 
1104270	0.330027 
1104271	0.325928 
1104272	0.303943 
1104273	0.269851 
1104274	0.231244 
1104275	0.195415 
1104276	0.168034 
1104277	0.152661 
1104278	0.150867 
1104279	0.162650 
1104280	0.186757 
1104281	0.220784 
1104282	0.261072 
1104283	0.302564 
1104284	0.338987 
1104285	0.363797 
1104286	0.371985 
1104287	0.361996 
1104288	0.336517 
1104289	0.301606 
1104290	0.264718 
1104291	0.232716 
1104292	0.210468 
1104293	0.200119 
1104294	0.200907 
1104295	0.209524 
1104296	0.220865 
1104297	0.229074 
1104298	0.228833 
1104299	0.216703 
1104300	0.192019 
1104301	0.156915 
1104302	0.115439 
1104303	0.072305 
1104304	0.031995 
1104305	-0.001672 
1104306	-0.025654 
1104307	-0.037831 
1104308	-0.037285 
1104309	-0.024679 
1104310	-0.002579 
1104311	0.024536 
1104312	0.050638 
1104313	0.069213 
1104314	0.075063 
1104315	0.066278 
1104316	0.045005 
1104317	0.016503 
1104318	-0.012879 
1104319	-0.037463 
1104320	-0.053172 
1104321	-0.057657 
1104322	-0.050015 
1104323	-0.030395 
1104324	0.000192 
1104325	0.039814 
1104326	0.085305 
1104327	0.132102 
1104328	0.174601 
1104329	0.207334 
1104330	0.226568 
1104331	0.231605 
1104332	0.224975 
1104333	0.211458 
1104334	0.196597 
1104335	0.185337 
1104336	0.181184 
1104337	0.185767 
1104338	0.198782 
1104339	0.218186 
1104340	0.240579 
1104341	0.261809 
1104342	0.277700 
1104343	0.284897 
1104344	0.281677 
1104345	0.268407 
1104346	0.247391 
1104347	0.222222 
1104348	0.197009 
1104349	0.175782 
1104350	0.162050 
1104351	0.158372 
1104352	0.165941 
1104353	0.184254 
1104354	0.211024 
1104355	0.242401 
1104356	0.273491 
1104357	0.299231 
1104358	0.315617 
1104359	0.321020 
1104360	0.316773 
1104361	0.306652 
1104362	0.295554 
1104363	0.288141 
1104364	0.287885 
1104365	0.296603 
1104366	0.314379 
1104367	0.339690 
1104368	0.369573 
1104369	0.399837 
1104370	0.425515 
1104371	0.441777 
1104372	0.445333 
1104373	0.435672 
1104374	0.415395 
1104375	0.389373 
1104376	0.363275 
1104377	0.342305 
1104378	0.330372 
1104379	0.329649 
1104380	0.340305 
1104381	0.360440 
1104382	0.386242 
1104383	0.412467 
1104384	0.433336 
1104385	0.443902 
1104386	0.441600 
1104387	0.427163 
1104388	0.404281 
1104389	0.378231 
1104390	0.354314 
1104391	0.336795 
1104392	0.328447 
1104393	0.330475 
1104394	0.342613 
1104395	0.363185 
1104396	0.389186 
1104397	0.416520 
1104398	0.440576 
1104399	0.457261 
1104400	0.464166 
1104401	0.461367 
1104402	0.451364 
1104403	0.438282 
1104404	0.426727 
1104405	0.420747 
1104406	0.423026 
1104407	0.434433 
1104408	0.453859 
1104409	0.478391 
1104410	0.503768 
1104411	0.525095 
1104412	0.537807 
1104413	0.538709 
1104414	0.526844 
1104415	0.503745 
1104416	0.472928 
1104417	0.438914 
1104418	0.406212 
1104419	0.378624 
1104420	0.358872 
1104421	0.348437 
1104422	0.347478 
1104423	0.354787 
1104424	0.367823 
1104425	0.382891 
1104426	0.395620 
1104427	0.401838 
1104428	0.398728 
1104429	0.385769 
1104430	0.364941 
1104431	0.340038 
1104432	0.315475 
1104433	0.295141 
1104434	0.281706 
1104435	0.276346 
1104436	0.278815 
1104437	0.287690 
1104438	0.300645 
1104439	0.314698 
1104440	0.326551 
1104441	0.333096 
1104442	0.332098 
1104443	0.322813 
1104444	0.306239 
1104445	0.284910 
1104446	0.262286 
1104447	0.242018 
1104448	0.227266 
1104449	0.220191 
1104450	0.221602 
1104451	0.230782 
1104452	0.245510 
1104453	0.262369 
1104454	0.277383 
1104455	0.286975 
1104456	0.288985 
1104457	0.283282 
1104458	0.271695 
1104459	0.257330 
1104460	0.243670 
1104461	0.233819 
1104462	0.230033 
1104463	0.233528 
1104464	0.244451 
1104465	0.261928 
1104466	0.284151 
1104467	0.308490 
1104468	0.331743 
1104469	0.350592 
1104470	0.362259 
1104471	0.365219 
1104472	0.359614 
1104473	0.347209 
1104474	0.330869 
1104475	0.313843 
1104476	0.299121 
1104477	0.289004 
1104478	0.284887 
1104479	0.287144 
1104480	0.295154 
1104481	0.307381 
1104482	0.321513 
1104483	0.334707 
1104484	0.343947 
1104485	0.346577 
1104486	0.340970 
1104487	0.327000 
1104488	0.306175 
1104489	0.281218 
1104490	0.255427 
1104491	0.231964 
1104492	0.213364 
1104493	0.201199 
1104494	0.195912 
1104495	0.196786 
1104496	0.202007 
1104497	0.208933 
1104498	0.214528 
1104499	0.215921 
1104500	0.211016 
1104501	0.198947 
1104502	0.180248 
1104503	0.156610 
1104504	0.130437 
1104505	0.104357 
1104506	0.080869 
1104507	0.062146 
1104508	0.049918 
1104509	0.045312 
1104510	0.048576 
1104511	0.058812 
1104512	0.073871 
1104513	0.090531 
1104514	0.105044 
1104515	0.113979 
1104516	0.115145 
1104517	0.108235 
1104518	0.094878 
1104519	0.078109 
1104520	0.061505 
1104521	0.048454 
1104522	0.041729 
1104523	0.043342 
1104524	0.054575 
1104525	0.075945 
1104526	0.107044 
1104527	0.146205 
1104528	0.190110 
1104529	0.233607 
1104530	0.270205 
1104531	0.293552 
1104532	0.299628 
1104533	0.288430 
1104534	0.264060 
1104535	0.233132 
1104536	0.202674 
1104537	0.178619 
1104538	0.165171 
1104539	0.164637 
1104540	0.177475 
1104541	0.202350 
1104542	0.236237 
1104543	0.274599 
1104544	0.311728 
1104545	0.341528 
1104546	0.358836 
1104547	0.360980 
1104548	0.348759 
1104549	0.326187 
1104550	0.299234 
1104551	0.274281 
1104552	0.256923 
1104553	0.251174 
1104554	0.258982 
1104555	0.279974 
1104556	0.311464 
1104557	0.348710 
1104558	0.385478 
1104559	0.414950 
1104560	0.431093 
1104561	0.430284 
1104562	0.412531 
1104563	0.381437 
1104564	0.342955 
1104565	0.303732 
1104566	0.269867 
1104567	0.246239 
1104568	0.236163 
1104569	0.241142 
1104570	0.260569 
1104571	0.291464 
1104572	0.328356 
1104573	0.363669 
1104574	0.389087 
1104575	0.398091 
1104576	0.388529 
1104577	0.363561 
1104578	0.330250 
1104579	0.296938 
1104580	0.271032 
1104581	0.257881 
1104582	0.260396 
1104583	0.279018 
1104584	0.311862 
1104585	0.354876 
1104586	0.401985 
1104587	0.445474 
1104588	0.477087 
1104589	0.490193 
1104590	0.482189 
1104591	0.455559 
1104592	0.416763 
1104593	0.373912 
1104594	0.334739 
1104595	0.305489 
1104596	0.290371 
1104597	0.291253 
1104598	0.307499 
1104599	0.335945 
1104600	0.371087 
1104601	0.405526 
1104602	0.431019 
1104603	0.440440 
1104604	0.430297 
1104605	0.402197 
1104606	0.362177 
1104607	0.318399 
1104608	0.278837 
1104609	0.249919 
1104610	0.235951 
1104611	0.238883 
1104612	0.258152 
1104613	0.290499 
1104614	0.329970 
1104615	0.368300 
1104616	0.396197 
1104617	0.405904 
1104618	0.394151 
1104619	0.363590 
1104620	0.321609 
1104621	0.277499 
1104622	0.239891 
1104623	0.215297 
1104624	0.207413 
1104625	0.216850 
1104626	0.241010 
1104627	0.274085 
1104628	0.307272 
1104629	0.330001 
1104630	0.333121 
1104631	0.312868 
1104632	0.272706 
1104633	0.221541 
1104634	0.169715 
1104635	0.125759 
1104636	0.095340 
1104637	0.081487 
1104638	0.084989 
1104639	0.104557 
1104640	0.136757 
1104641	0.175810 
1104642	0.213690 
1104643	0.241245 
1104644	0.250881 
1104645	0.239719 
1104646	0.210979 
1104647	0.172505 
1104648	0.133593 
1104649	0.102333 
1104650	0.084379 
1104651	0.082645 
1104652	0.097305 
1104653	0.125861 
1104654	0.163280 
1104655	0.202276 
1104656	0.234152 
1104657	0.250745 
1104658	0.247193 
1104659	0.223941 
1104660	0.186428 
1104661	0.142755 
1104662	0.101190 
1104663	0.068813 
1104664	0.051099 
1104665	0.051723 
1104666	0.072261 
1104667	0.111773 
1104668	0.166365 
1104669	0.228974 
1104670	0.289530 
1104671	0.336347 
1104672	0.359746 
1104673	0.356503 
1104674	0.331536 
1104675	0.295304 
1104676	0.259165 
1104677	0.232153 
1104678	0.220044 
1104679	0.225483 
1104680	0.248292 
1104681	0.285686 
1104682	0.332386 
1104683	0.380658 
1104684	0.420685 
1104685	0.442301 
1104686	0.438452 
1104687	0.408478 
1104688	0.358540 
1104689	0.298758 
1104690	0.239620 
1104691	0.190021 
1104692	0.156721 
1104693	0.144002 
1104694	0.153372 
1104695	0.183387 
1104696	0.229623 
1104697	0.284832 
1104698	0.339444 
1104699	0.382759 
1104700	0.405302 
1104701	0.402202 
1104702	0.375354 
1104703	0.332518 
1104704	0.284118 
1104705	0.240306 
1104706	0.209429 
1104707	0.197420 
1104708	0.207592 
1104709	0.240460 
1104710	0.293488 
1104711	0.360810 
1104712	0.433057 
1104713	0.497711 
1104714	0.541473 
1104715	0.555145 
1104716	0.537923 
1104717	0.497505 
1104718	0.445995 
1104719	0.395445 
1104720	0.355561 
1104721	0.332967 
1104722	0.331011 
1104723	0.349773 
1104724	0.386022 
1104725	0.433132 
1104726	0.481110 
1104727	0.517295 
1104728	0.529251 
1104729	0.509982 
1104730	0.461717 
1104731	0.394676 
1104732	0.322078 
1104733	0.255842 
1104734	0.205101 
1104735	0.175995 
1104736	0.171598 
1104737	0.191887 
1104738	0.233615 
1104739	0.290316 
1104740	0.352573 
1104741	0.408585 
1104742	0.446228 
1104743	0.457404 
1104744	0.441807 
1104745	0.406738 
1104746	0.363263 
1104747	0.322071 
1104748	0.291357 
1104749	0.276238 
1104750	0.278783 
1104751	0.298224 
1104752	0.331092 
1104753	0.371287 
1104754	0.410327 
1104755	0.438334 
1104756	0.446619 
1104757	0.431161 
1104758	0.394576 
1104759	0.344806 
1104760	0.291873 
1104761	0.245256 
1104762	0.212671 
1104763	0.199465 
1104764	0.208240 
1104765	0.238609 
1104766	0.286997 
1104767	0.346493 
1104768	0.407019 
1104769	0.455945 
1104770	0.480663 
1104771	0.473774 
1104772	0.437396 
1104773	0.382230 
1104774	0.322222 
1104775	0.269664 
1104776	0.233316 
1104777	0.218304 
1104778	0.226462 
1104779	0.256595 
1104780	0.304432 
1104781	0.362327 
1104782	0.419108 
1104783	0.460778 
1104784	0.473910 
1104785	0.451571 
1104786	0.397251 
1104787	0.323005 
1104788	0.243647 
1104789	0.172129 
1104790	0.117997 
1104791	0.087293 
1104792	0.082688 
1104793	0.103936 
1104794	0.148230 
1104795	0.210248 
1104796	0.282098 
1104797	0.353304 
1104798	0.411006 
1104799	0.442336 
1104800	0.439582 
1104801	0.404291 
1104802	0.346475 
1104803	0.279788 
1104804	0.217223 
1104805	0.169337 
1104806	0.143637 
1104807	0.144375 
1104808	0.172364 
1104809	0.224758 
1104810	0.294727 
1104811	0.371411 
1104812	0.440272 
1104813	0.484603 
1104814	0.491106 
1104815	0.457021 
1104816	0.391877 
1104817	0.312015 
1104818	0.233158 
1104819	0.166897 
1104820	0.120771 
1104821	0.098841 
1104822	0.102244 
1104823	0.129519 
1104824	0.176493 
1104825	0.235925 
1104826	0.297401 
1104827	0.348072 
1104828	0.375369 
1104829	0.371689 
1104830	0.338038 
1104831	0.283299 
1104832	0.219949 
1104833	0.160043 
1104834	0.113376 
1104835	0.086784 
1104836	0.083901 
1104837	0.105320 
1104838	0.148906 
1104839	0.209950 
1104840	0.281168 
1104841	0.352792 
1104842	0.413188 
1104843	0.450950 
1104844	0.459071 
1104845	0.438463 
1104846	0.397343 
1104847	0.347170 
1104848	0.298757 
1104849	0.260726 
1104850	0.239091 
1104851	0.236983 
1104852	0.254356 
1104853	0.287778 
1104854	0.330516 
1104855	0.373165 
1104856	0.405138 
1104857	0.417229 
1104858	0.404973 
1104859	0.370618 
1104860	0.321869 
1104861	0.268453 
1104862	0.219283 
1104863	0.181202 
1104864	0.158653 
1104865	0.153808 
1104866	0.166874 
1104867	0.196158 
1104868	0.237913 
1104869	0.286062 
1104870	0.332264 
1104871	0.366838 
1104872	0.381100 
1104873	0.370704 
1104874	0.337700 
1104875	0.289624 
1104876	0.236481 
1104877	0.187828 
1104878	0.151226 
1104879	0.131535 
1104880	0.130748 
1104881	0.148159 
1104882	0.180716 
1104883	0.223383 
1104884	0.269371 
1104885	0.310343 
1104886	0.337342 
1104887	0.343329 
1104888	0.326203 
1104889	0.289895 
1104890	0.242644 
1104891	0.194072 
1104892	0.152971 
1104893	0.126212 
1104894	0.118295 
1104895	0.130988 
1104896	0.163014 
1104897	0.209844 
1104898	0.263746 
1104899	0.314164 
1104900	0.349162 
1104901	0.358906 
1104902	0.339923 
1104903	0.296766 
1104904	0.239570 
1104905	0.179804 
1104906	0.127424 
1104907	0.089811 
1104908	0.071637 
1104909	0.075189 
1104910	0.100652 
1104911	0.146029 
1104912	0.206708 
1104913	0.274833 
1104914	0.338527 
1104915	0.382800 
1104916	0.394608 
1104917	0.369673 
1104918	0.315101 
1104919	0.245473 
1104920	0.176129 
1104921	0.119422 
1104922	0.083856 
1104923	0.073862 
1104924	0.089961 
1104925	0.129192 
1104926	0.185594 
1104927	0.250672 
1104928	0.313871 
1104929	0.363485 
1104930	0.389131 
1104931	0.385657 
1104932	0.355617 
1104933	0.307921 
1104934	0.253890 
1104935	0.204002 
1104936	0.166641 
1104937	0.147820 
1104938	0.151111 
1104939	0.177493 
1104940	0.225081 
1104941	0.288854 
1104942	0.360581 
1104943	0.429066 
1104944	0.481161 
1104945	0.504782 
1104946	0.493676 
1104947	0.450468 
1104948	0.385101 
1104949	0.310032 
1104950	0.236467 
1104951	0.173303 
1104952	0.127006 
1104953	0.101707 
1104954	0.099621 
1104955	0.121370 
1104956	0.165713 
1104957	0.228775 
1104958	0.303390 
1104959	0.379110 
1104960	0.442611 
1104961	0.479539 
1104962	0.479810 
1104963	0.443213 
1104964	0.379889 
1104965	0.305193 
1104966	0.233955 
1104967	0.177784 
1104968	0.144240 
1104969	0.136868 
1104970	0.155785 
1104971	0.198177 
1104972	0.258354 
1104973	0.327534 
1104974	0.393875 
1104975	0.443549 
1104976	0.464465 
1104977	0.451778 
1104978	0.410513 
1104979	0.352695 
1104980	0.291968 
1104981	0.240089 
1104982	0.205876 
1104983	0.194907 
1104984	0.209325 
1104985	0.247725 
1104986	0.305051 
1104987	0.372434 
1104988	0.436817 
1104989	0.481837 
1104990	0.493022 
1104991	0.465248 
1104992	0.405738 
1104993	0.329592 
1104994	0.252446 
1104995	0.186641 
1104996	0.140543 
1104997	0.118961 
1104998	0.123878 
1104999	0.154833 
1105000	0.208785 
1105001	0.279675 
1105002	0.358038 
1105003	0.430971 
1105004	0.483436 
1105005	0.502664 
1105006	0.484126 
1105007	0.433976 
1105008	0.365513 
1105009	0.293182 
1105010	0.228968 
1105011	0.181391 
1105012	0.155463 
1105013	0.153050 
1105014	0.173289 
1105015	0.212688 
1105016	0.264952 
1105017	0.320734 
1105018	0.367810 
1105019	0.393445 
1105020	0.389311 
1105021	0.355725 
1105022	0.301493 
1105023	0.239632 
1105024	0.182821 
1105025	0.141067 
1105026	0.120886 
1105027	0.125027 
1105028	0.152473 
1105029	0.198519 
1105030	0.254954 
1105031	0.310380 
1105032	0.351454 
1105033	0.366393 
1105034	0.350212 
1105035	0.307478 
1105036	0.249910 
1105037	0.190857 
1105038	0.141049 
1105039	0.107652 
1105040	0.094885 
1105041	0.104488 
1105042	0.135716 
1105043	0.185014 
1105044	0.245449 
1105045	0.306332 
1105046	0.354067 
1105047	0.375836 
1105048	0.365310 
1105049	0.326012 
1105050	0.269252 
1105051	0.208705 
1105052	0.156192 
1105053	0.120209 
1105054	0.105802 
1105055	0.114793 
1105056	0.146008 
1105057	0.195339 
1105058	0.255617 
1105059	0.316586 
1105060	0.365511 
1105061	0.389917 
1105062	0.382635 
1105063	0.345688 
1105064	0.289289 
1105065	0.226791 
1105066	0.170022 
1105067	0.127649 
1105068	0.105119 
1105069	0.104696 
1105070	0.125543 
1105071	0.163815 
1105072	0.212797 
1105073	0.263238 
1105074	0.304014 
1105075	0.324170 
1105076	0.316932 
1105077	0.283207 
1105078	0.231268 
1105079	0.172933 
1105080	0.119688 
1105081	0.080628 
1105082	0.061668 
1105083	0.065507 
1105084	0.091800 
1105085	0.137165 
1105086	0.194970 
1105087	0.255017 
1105088	0.303685 
1105089	0.326585 
1105090	0.314588 
1105091	0.268863 
1105092	0.200035 
1105093	0.122371 
1105094	0.048644 
1105095	-0.011528 
1105096	-0.051778 
1105097	-0.068741 
1105098	-0.061691 
1105099	-0.032363 
1105100	0.015066 
1105101	0.074022 
1105102	0.135440 
1105103	0.187505 
1105104	0.217648 
1105105	0.217966 
1105106	0.189496 
1105107	0.141634 
1105108	0.087348 
1105109	0.038747 
1105110	0.005244 
1105111	-0.006960 
1105112	0.005005 
1105113	0.040615 
1105114	0.095776 
1105115	0.162696 
1105116	0.229778 
1105117	0.282307 
1105118	0.306149 
1105119	0.294035 
1105120	0.249412 
1105121	0.184125 
1105122	0.112347 
1105123	0.046384 
1105124	-0.004491 
1105125	-0.034053 
1105126	-0.038803 
1105127	-0.017596 
1105128	0.028516 
1105129	0.096137 
1105130	0.179248 
1105131	0.268650 
1105132	0.351059 
1105133	0.410004 
1105134	0.431306 
1105135	0.410503 
1105136	0.355378 
1105137	0.281123 
1105138	0.203371 
1105139	0.134771 
1105140	0.084293 
1105141	0.057250 
1105142	0.055776 
1105143	0.079305 
1105144	0.124691 
1105145	0.186022 
1105146	0.254605 
1105147	0.319254 
1105148	0.367159 
1105149	0.386748 
1105150	0.372547 
1105151	0.328115 
1105152	0.264049 
1105153	0.193133 
1105154	0.126903 
1105155	0.074516 
1105156	0.042435 
1105157	0.034532 
1105158	0.052239 
1105159	0.094356 
1105160	0.156548 
1105161	0.230880 
1105162	0.305908 
1105163	0.367412 
1105164	0.400942 
1105165	0.397633 
1105166	0.359209 
1105167	0.297093 
1105168	0.226433 
1105169	0.160572 
1105170	0.109266 
1105171	0.078892 
1105172	0.072885 
1105173	0.092060 
1105174	0.134650 
1105175	0.196021 
1105176	0.268182 
1105177	0.339458 
1105178	0.395335 
1105179	0.422058 
1105180	0.412521 
1105181	0.369958 
1105182	0.305904 
1105183	0.234519 
1105184	0.168330 
1105185	0.116836 
1105186	0.086206 
1105187	0.079403 
1105188	0.096556 
1105189	0.135299 
1105190	0.190894 
1105191	0.256228 
1105192	0.322108 
1105193	0.377880 
1105194	0.412924 
1105195	0.420171 
1105196	0.399596 
1105197	0.358331 
1105198	0.307398 
1105199	0.258089 
1105200	0.219989 
1105201	0.200115 
1105202	0.202279 
1105203	0.226641 
1105204	0.269492 
1105205	0.323356 
1105206	0.377608 
1105207	0.420026 
1105208	0.439992 
1105209	0.432649 
1105210	0.400996 
1105211	0.354003 
1105212	0.302468 
1105213	0.255712 
1105214	0.220386 
1105215	0.200565 
1105216	0.198128 
1105217	0.213060 
1105218	0.243477 
1105219	0.285388 
1105220	0.332264 
1105221	0.374725 
1105222	0.401593 
1105223	0.403327 
1105224	0.376440 
1105225	0.325552 
1105226	0.261335 
1105227	0.196123 
1105228	0.140798 
1105229	0.103498 
1105230	0.089138 
1105231	0.099218 
1105232	0.131892 
1105233	0.182114 
1105234	0.241912 
1105235	0.300790 
1105236	0.346734 
1105237	0.369142 
1105238	0.363440 
1105239	0.333735 
1105240	0.290834 
1105241	0.247461 
1105242	0.214615 
1105243	0.200263 
1105244	0.208940 
1105245	0.241667 
1105246	0.295886 
1105247	0.365357 
1105248	0.440145 
1105249	0.507012 
1105250	0.551615 
1105251	0.563528 
1105252	0.541303 
1105253	0.493025 
1105254	0.431780 
1105255	0.370255 
1105256	0.318100 
1105257	0.281599 
1105258	0.264028 
1105259	0.266104 
1105260	0.286318 
1105261	0.320986 
1105262	0.364138 
1105263	0.407462 
1105264	0.440835 
1105265	0.454400 
1105266	0.442216 
1105267	0.405149 
1105268	0.350526 
1105269	0.288972 
1105270	0.231265 
1105271	0.186630 
1105272	0.161817 
1105273	0.160663 
1105274	0.183912 
1105275	0.229204 
1105276	0.291151 
1105277	0.361541 
1105278	0.429479 
1105279	0.482412 
1105280	0.509629 
1105281	0.507000 
1105282	0.478944 
1105283	0.435945 
1105284	0.389854 
1105285	0.350599 
1105286	0.325105 
1105287	0.317168 
1105288	0.327524 
1105289	0.353851 
1105290	0.390695 
1105291	0.429469 
1105292	0.459328 
1105293	0.469828 
1105294	0.455244 
1105295	0.417599 
1105296	0.365482 
1105297	0.309812 
1105298	0.260434 
1105299	0.224692 
1105300	0.206943 
1105301	0.208669 
1105302	0.228722 
1105303	0.263437 
1105304	0.306519 
1105305	0.348729 
1105306	0.378449 
1105307	0.384953 
1105308	0.363428 
1105309	0.317779 
1105310	0.258772 
1105311	0.199233 
1105312	0.150395 
1105313	0.120540 
1105314	0.114695 
1105315	0.134704 
1105316	0.179212 
1105317	0.243404 
1105318	0.318651 
1105319	0.392500 
1105320	0.450326 
1105321	0.480244 
1105322	0.478786 
1105323	0.452531 
1105324	0.414197 
1105325	0.376709 
1105326	0.349632 
1105327	0.338487 
1105328	0.345060 
1105329	0.367738 
1105330	0.401640 
1105331	0.438587 
1105332	0.467503 
1105333	0.476594 
1105334	0.457766 
1105335	0.410762 
1105336	0.343326 
1105337	0.267181 
1105338	0.193352 
1105339	0.130250 
1105340	0.083783 
1105341	0.057567 
1105342	0.053046 
1105343	0.069592 
1105344	0.104453 
1105345	0.152693 
1105346	0.207216 
1105347	0.258939 
1105348	0.297597 
1105349	0.314290 
1105350	0.305210 
1105351	0.273740 
1105352	0.229004 
1105353	0.182141 
1105354	0.143243 
1105355	0.120008 
1105356	0.117295 
1105357	0.137091 
1105358	0.178549 
1105359	0.237989 
1105360	0.308928 
1105361	0.382359 
1105362	0.447461 
1105363	0.493631 
1105364	0.514142 
1105365	0.509104 
1105366	0.485108 
1105367	0.451936 
1105368	0.419031 
1105369	0.393591 
1105370	0.380050 
1105371	0.380070 
1105372	0.392662 
1105373	0.414293 
1105374	0.439024 
1105375	0.458962 
1105376	0.465651 
1105377	0.452864 
1105378	0.419479 
1105379	0.370148 
1105380	0.313318 
1105381	0.258216 
1105382	0.212777 
1105383	0.182847 
1105384	0.172067 
1105385	0.181873 
1105386	0.211421 
1105387	0.257429 
1105388	0.314068 
1105389	0.373084 
1105390	0.424695 
1105391	0.459937 
1105392	0.474005 
1105393	0.468347 
1105394	0.449813 
1105395	0.427551 
1105396	0.409982 
1105397	0.403260 
1105398	0.410809 
1105399	0.433297 
1105400	0.468704 
1105401	0.512392 
1105402	0.557306 
1105403	0.594484 
1105404	0.614605 
1105405	0.610935 
1105406	0.582362 
1105407	0.534139 
1105408	0.475690 
1105409	0.417337 
1105410	0.367975 
1105411	0.333962 
1105412	0.318702 
1105413	0.322550 
1105414	0.342882 
1105415	0.374351 
1105416	0.409392 
1105417	0.439094 
1105418	0.455063 
1105419	0.452164 
1105420	0.430690 
1105421	0.396192 
1105422	0.357067 
1105423	0.321812 
1105424	0.297332 
1105425	0.288303 
1105426	0.296955 
1105427	0.323040 
1105428	0.363822 
1105429	0.414124 
1105430	0.466563 
1105431	0.512317 
1105432	0.542936 
1105433	0.553128 
1105434	0.542939 
1105435	0.517524 
1105436	0.484756 
1105437	0.452527 
1105438	0.427164 
1105439	0.412837 
1105440	0.411469 
1105441	0.422738 
1105442	0.444121 
1105443	0.470898 
1105444	0.496302 
1105445	0.512245 
1105446	0.511399 
1105447	0.490150 
1105448	0.450471 
1105449	0.399187 
1105450	0.345288 
1105451	0.297319 
1105452	0.261962 
1105453	0.243463 
1105454	0.243300 
1105455	0.259891 
1105456	0.288380 
1105457	0.320662 
1105458	0.346405 
1105459	0.355977 
1105460	0.344604 
1105461	0.314822 
1105462	0.275180 
1105463	0.236320 
1105464	0.207335 
1105465	0.194153 
1105466	0.199333 
1105467	0.222327 
1105468	0.259787 
1105469	0.305769 
1105470	0.352146 
1105471	0.389827 
1105472	0.411346 
1105473	0.413782 
1105474	0.399910 
1105475	0.376607 
1105476	0.351845 
1105477	0.332398 
1105478	0.322892 
1105479	0.325588 
1105480	0.340317 
1105481	0.364410 
1105482	0.392632 
1105483	0.417428 
1105484	0.430134 
1105485	0.423659 
1105486	0.395608 
1105487	0.349558 
1105488	0.293416 
1105489	0.236285 
1105490	0.186161 
1105491	0.148989 
1105492	0.128412 
1105493	0.125794 
1105494	0.140377 
1105495	0.169364 
1105496	0.207874 
1105497	0.248924 
1105498	0.284032 
1105499	0.305276 
1105500	0.308425 
1105501	0.294979 
1105502	0.271454 
1105503	0.246496 
1105504	0.228059 
1105505	0.221982 
1105506	0.231558 
1105507	0.257395 
1105508	0.297340 
1105509	0.346477 
1105510	0.397279 
1105511	0.440250 
1105512	0.465755 
1105513	0.467235 
1105514	0.444128 
1105515	0.402182 
1105516	0.350837 
1105517	0.299790 
1105518	0.256782 
1105519	0.226979 
1105520	0.213118 
1105521	0.215665 
1105522	0.232811 
1105523	0.260294 
1105524	0.291342 
1105525	0.317262 
1105526	0.329356 
1105527	0.322136 
1105528	0.295878 
1105529	0.256495 
1105530	0.212968 
1105531	0.174479 
1105532	0.148793 
1105533	0.141560 
1105534	0.155948 
1105535	0.192407 
1105536	0.248475 
1105537	0.318568 
1105538	0.393921 
1105539	0.463124 
1105540	0.514553 
1105541	0.540698 
1105542	0.541560 
1105543	0.524182 
1105544	0.498806 
1105545	0.474813 
1105546	0.458824 
1105547	0.454447 
1105548	0.462419 
1105549	0.480620 
1105550	0.503924 
1105551	0.524236 
1105552	0.531510 
1105553	0.516746 
1105554	0.476252 
1105555	0.414042 
1105556	0.340100 
1105557	0.266209 
1105558	0.202798 
1105559	0.157397 
1105560	0.134277 
1105561	0.134729 
1105562	0.157470 
1105563	0.198831 
1105564	0.252890 
1105565	0.311648 
1105566	0.365541 
1105567	0.404833 
1105568	0.422300 
1105569	0.416071 
1105570	0.390444 
1105571	0.353959 
1105572	0.316262 
1105573	0.285761 
1105574	0.268672 
1105575	0.268805 
1105576	0.287445 
1105577	0.323275 
1105578	0.372455 
1105579	0.428957 
1105580	0.485046 
1105581	0.531976 
1105582	0.561786 
1105583	0.570013 
1105584	0.557480 
1105585	0.529790 
1105586	0.494933 
1105587	0.460709 
1105588	0.433219 
1105589	0.416271 
1105590	0.411201 
1105591	0.416869 
1105592	0.429741 
1105593	0.444023 
1105594	0.452163 
1105595	0.446420 
1105596	0.421604 
1105597	0.377526 
1105598	0.319188 
1105599	0.254769 
1105600	0.192984 
1105601	0.141221 
1105602	0.104741 
1105603	0.086456 
1105604	0.086981 
1105605	0.104799 
1105606	0.136483 
1105607	0.177016 
1105608	0.220272 
1105609	0.259771 
1105610	0.289655 
1105611	0.305966 
1105612	0.307863 
1105613	0.297936 
1105614	0.281125 
1105615	0.263049 
1105616	0.248729 
1105617	0.241999 
1105618	0.245200 
1105619	0.258948 
1105620	0.281933 
1105621	0.310808 
1105622	0.340318 
1105623	0.363888 
1105624	0.375088 
1105625	0.369830 
1105626	0.348193 
1105627	0.314619 
1105628	0.276246 
1105629	0.240572 
1105630	0.213655 
1105631	0.199280 
1105632	0.198662 
1105633	0.210465 
1105634	0.231003 
1105635	0.254738 
1105636	0.275147 
1105637	0.286167 
1105638	0.284012 
1105639	0.268484 
1105640	0.242867 
1105641	0.212538 
1105642	0.183246 
1105643	0.159991 
1105644	0.146582 
1105645	0.145550 
1105646	0.158054 
1105647	0.183690 
1105648	0.220266 
1105649	0.263715 
1105650	0.308353 
1105651	0.347698 
1105652	0.375822 
1105653	0.389053 
1105654	0.387214 
1105655	0.373554 
1105656	0.353374 
1105657	0.332223 
1105658	0.314575 
1105659	0.303286 
1105660	0.299502 
1105661	0.302794 
1105662	0.311298 
1105663	0.321871 
1105664	0.330344 
1105665	0.332184 
1105666	0.323583 
1105667	0.302712 
1105668	0.270444 
1105669	0.230171 
1105670	0.186803 
1105671	0.145575 
1105672	0.111180 
1105673	0.087179 
1105674	0.075507 
1105675	0.076169 
1105676	0.087230 
1105677	0.105187 
1105678	0.125659 
1105679	0.144177 
1105680	0.156965 
1105681	0.161597 
1105682	0.157531 
1105683	0.146232 
1105684	0.130759 
1105685	0.114997 
1105686	0.102856 
1105687	0.097792 
1105688	0.102469 
1105689	0.118476 
1105690	0.145941 
1105691	0.183225 
1105692	0.226777 
1105693	0.271367 
1105694	0.310880 
1105695	0.339702 
1105696	0.354383 
1105697	0.354734 
1105698	0.343649 
1105699	0.325775 
1105700	0.305935 
1105701	0.287977 
1105702	0.274300 
1105703	0.265886 
1105704	0.262624 
1105705	0.263651 
1105706	0.267527 
1105707	0.272202 
1105708	0.274937 
1105709	0.272609 
1105710	0.262440 
1105711	0.242880 
1105712	0.214234 
1105713	0.178709 
1105714	0.139893 
1105715	0.101959 
1105716	0.068801 
1105717	0.043377 
1105718	0.027326 
1105719	0.020893 
1105720	0.023117 
1105721	0.032197 
1105722	0.045948 
1105723	0.062194 
1105724	0.078930 
1105725	0.094342 
1105726	0.106769 
1105727	0.114798 
1105728	0.117474 
1105729	0.114584 
1105730	0.106886 
1105731	0.096113 
1105732	0.084686 
1105733	0.075177 
1105734	0.069610 
1105735	0.068870 
1105736	0.072310 
1105737	0.077853 
1105738	0.082615 
1105739	0.083933 
1105740	0.080396 
1105741	0.072451 
1105742	0.062215 
1105743	0.052718 
1105744	0.046874 
1105745	0.046748 
1105746	0.053298 
1105747	0.066605 
1105748	0.086246 
1105749	0.111562 
1105750	0.141558 
1105751	0.174526 
1105752	0.207667 
1105753	0.237127 
1105754	0.258591 
1105755	0.268502 
1105756	0.265325 
1105757	0.250231 
1105758	0.226744 
1105759	0.199635 
1105760	0.173699 
1105761	0.152817 
1105762	0.139349 
1105763	0.133880 
1105764	0.135351 
1105765	0.141520 
1105766	0.149538 
1105767	0.156529 
1105768	0.160071 
1105769	0.158555 
1105770	0.151402 
1105771	0.139030 
1105772	0.122770 
1105773	0.104727 
1105774	0.087606 
1105775	0.074507 
1105776	0.068548 
1105777	0.072288 
1105778	0.087047 
1105779	0.112317 
1105780	0.145487 
1105781	0.182084 
1105782	0.216487 
1105783	0.243186 
1105784	0.258403 
1105785	0.261394 
1105786	0.254618 
1105787	0.242647 
1105788	0.230553 
1105789	0.222640 
1105790	0.221814 
1105791	0.229500 
1105792	0.245722 
1105793	0.269101 
1105794	0.296723 
1105795	0.324039 
1105796	0.345154 
1105797	0.353902 
1105798	0.345727 
1105799	0.319578 
1105800	0.278574 
1105801	0.228995 
1105802	0.178381 
1105803	0.133899 
1105804	0.101380 
1105805	0.084662 
1105806	0.085142 
1105807	0.101688 
1105808	0.130898 
1105809	0.167668 
1105810	0.205901 
1105811	0.239262 
1105812	0.262144 
1105813	0.270905 
1105814	0.264886 
1105815	0.246511 
1105816	0.220390 
1105817	0.192023 
1105818	0.166821 
1105819	0.149558 
1105820	0.143957 
1105821	0.152298 
1105822	0.174995 
1105823	0.210259 
1105824	0.254016 
1105825	0.300230 
1105826	0.341714 
1105827	0.371394 
1105828	0.384169 
1105829	0.378674 
1105830	0.357769 
1105831	0.327282 
1105832	0.293948 
1105833	0.263709 
1105834	0.240812 
1105835	0.227576 
1105836	0.224596 
1105837	0.231039 
1105838	0.244815 
1105839	0.262655 
1105840	0.280241 
1105841	0.292618 
1105842	0.295091 
1105843	0.284475 
1105844	0.260251 
1105845	0.224899 
1105846	0.183313 
1105847	0.141570 
1105848	0.105669 
1105849	0.080538 
1105850	0.069389 
1105851	0.073456 
1105852	0.092050 
1105853	0.122729 
1105854	0.161484 
1105855	0.202831 
1105856	0.240045 
1105857	0.265972 
1105858	0.274759 
1105859	0.263966 
1105860	0.235614 
1105861	0.195427 
1105862	0.150916 
1105863	0.109636 
1105864	0.078073 
1105865	0.060914 
1105866	0.060589 
1105867	0.077066 
1105868	0.107849 
1105869	0.148284 
1105870	0.192073 
1105871	0.231962 
1105872	0.260713 
1105873	0.272672 
1105874	0.265657 
1105875	0.241948 
1105876	0.207433 
1105877	0.169475 
1105878	0.134891 
1105879	0.108857 
1105880	0.094629 
1105881	0.093535 
1105882	0.105058 
1105883	0.126895 
1105884	0.155156 
1105885	0.184689 
1105886	0.209790 
1105887	0.225276 
1105888	0.227790 
1105889	0.216769 
1105890	0.194555 
1105891	0.165554 
1105892	0.134915 
1105893	0.107310 
1105894	0.086089 
1105895	0.072960 
1105896	0.068123 
1105897	0.070687 
1105898	0.079190 
1105899	0.091959 
1105900	0.107294 
1105901	0.123381 
1105902	0.138212 
1105903	0.149608 
1105904	0.155535 
1105905	0.154644 
1105906	0.146773 
1105907	0.133097 
1105908	0.115874 
1105909	0.097807 
1105910	0.081404 
1105911	0.068488 
1105912	0.060050 
1105913	0.056356 
1105914	0.057248 
1105915	0.062436 
1105916	0.071669 
1105917	0.084679 
1105918	0.100865 
1105919	0.118968 
1105920	0.136921 
1105921	0.152063 
1105922	0.161700 
1105923	0.163870 
1105924	0.158005 
1105925	0.145239 
1105926	0.128204 
1105927	0.110421 
1105928	0.095506 
1105929	0.086452 
1105930	0.085295 
1105931	0.093086 
1105932	0.110052 
1105933	0.135650 
1105934	0.168401 
1105935	0.205567 
1105936	0.242960 
1105937	0.275170 
1105938	0.296421 
1105939	0.302013 
1105940	0.289849 
1105941	0.261334 
1105942	0.221121 
1105943	0.175986 
1105944	0.133327 
1105945	0.099922 
1105946	0.081184 
1105947	0.080667 
1105948	0.099829 
1105949	0.138089 
1105950	0.192896 
1105951	0.259801 
1105952	0.332564 
1105953	0.402991 
1105954	0.460768 
1105955	0.494943 
1105956	0.497606 
1105957	0.467536 
1105958	0.410879 
1105959	0.338175 
1105960	0.260765 
1105961	0.189042 
1105962	0.131164 
1105963	0.092145 
1105964	0.074080 
1105965	0.076841 
1105966	0.098735 
1105967	0.136935 
1105968	0.187530 
1105969	0.245323 
1105970	0.303660 
1105971	0.354435 
1105972	0.388588 
1105973	0.398102 
1105974	0.379470 
1105975	0.335946 
1105976	0.276440 
1105977	0.212467 
1105978	0.155337 
1105979	0.114055 
1105980	0.094173 
1105981	0.097626 
1105982	0.122978 
1105983	0.165788 
1105984	0.219007 
1105985	0.273543 
1105986	0.318763 
1105987	0.343471 
1105988	0.339140 
1105989	0.304174 
1105990	0.244865 
1105991	0.171928 
1105992	0.096243 
1105993	0.027352 
1105994	-0.027044 
1105995	-0.061374 
1105996	-0.072100 
1105997	-0.057674 
1105998	-0.018820 
1105999	0.040949 
1106000	0.114788 
1106001	0.192490 
1106002	0.261070 
1106003	0.306136 
1106004	0.316199 
1106005	0.288598 
1106006	0.231196 
1106007	0.157770 
1106008	0.081691 
1106009	0.013224 
1106010	-0.040348 
1106011	-0.074413 
1106012	-0.086396 
1106013	-0.075112 
1106014	-0.040685 
1106015	0.014952 
1106016	0.087263 
1106017	0.168357 
1106018	0.246992 
1106019	0.309617 
1106020	0.342912 
1106021	0.338705 
1106022	0.298382 
1106023	0.232160 
1106024	0.153865 
1106025	0.076274 
1106026	0.009528 
1106027	-0.039055 
1106028	-0.064643 
1106029	-0.064315 
1106030	-0.036724 
1106031	0.017638 
1106032	0.095471 
1106033	0.189424 
1106034	0.287349 
1106035	0.371926 
1106036	0.422528 
1106037	0.424048 
1106038	0.376223 
1106039	0.293571 
1106040	0.196192 
1106041	0.101069 
1106042	0.019819 
1106043	-0.040586 
1106044	-0.076739 
1106045	-0.087810 
1106046	-0.074827 
1106047	-0.040463 
1106048	0.010724 
1106049	0.071760 
1106050	0.133060 
1106051	0.183031 
1106052	0.209808 
1106053	0.205328 
1106054	0.169024 
1106055	0.107557 
1106056	0.031124 
1106057	-0.049982 
1106058	-0.126873 
1106059	-0.192882 
1106060	-0.243927 
1106061	-0.278125 
1106062	-0.294978 
1106063	-0.294710 
1106064	-0.277866 
1106065	-0.245185 
1106066	-0.197684 
1106067	-0.137113 
1106068	-0.066628 
1106069	0.008961 
1106070	0.083597 
1106071	0.149884 
1106072	0.199188 
1106073	0.224101 
1106074	0.222028 
1106075	0.196962 
1106076	0.157929 
1106077	0.115404 
1106078	0.078275 
1106079	0.052488 
1106080	0.040944 
1106081	0.043861 
1106082	0.059208 
1106083	0.083037 
1106084	0.109791 
1106085	0.132831 
1106086	0.145502 
1106087	0.142835 
1106088	0.123259 
1106089	0.089308 
1106090	0.046831 
1106091	0.003252 
1106092	-0.033966 
1106093	-0.058211 
1106094	-0.064333 
1106095	-0.049222 
1106096	-0.012224 
1106097	0.044613 
1106098	0.116318 
1106099	0.194817 
1106100	0.268817 
1106101	0.324497 
1106102	0.348932 
1106103	0.335915 
1106104	0.289181 
1106105	0.219787 
1106106	0.140390 
1106107	0.061753 
1106108	-0.007770 
1106109	-0.061980 
1106110	-0.096373 
1106111	-0.107827 
1106112	-0.094566 
1106113	-0.056300 
1106114	0.005582 
1106115	0.087659 
1106116	0.183842 
1106117	0.284502 
1106118	0.375395 
1106119	0.438336 
1106120	0.458097 
1106121	0.431860 
1106122	0.371572 
1106123	0.296665 
1106124	0.224927 
1106125	0.169072 
1106126	0.136914 
1106127	0.131920 
1106128	0.153675 
1106129	0.198125 
1106130	0.257676 
1106131	0.321681 
1106132	0.377330 
1106133	0.411411 
1106134	0.414493 
1106135	0.385261 
1106136	0.330825 
1106137	0.262714 
1106138	0.192677 
1106139	0.130744 
1106140	0.084555 
1106141	0.059311 
1106142	0.058144 
1106143	0.082365 
1106144	0.131112 
1106145	0.200392 
1106146	0.281944 
1106147	0.362747 
1106148	0.425530 
1106149	0.452301 
1106150	0.432774 
1106151	0.370994 
1106152	0.282909 
1106153	0.187720 
1106154	0.101559 
1106155	0.035613 
1106156	-0.003732 
1106157	-0.014087 
1106158	0.003880 
1106159	0.047237 
1106160	0.111077 
1106161	0.188282 
1106162	0.268744 
1106163	0.338648 
1106164	0.381642 
1106165	0.384091 
1106166	0.342198 
1106167	0.264255 
1106168	0.165673 
1106169	0.062239 
1106170	-0.032667 
1106171	-0.108589 
1106172	-0.158234 
1106173	-0.177406 
1106174	-0.164856 
1106175	-0.122391 
1106176	-0.055219 
1106177	0.027608 
1106178	0.113267 
1106179	0.185373 
1106180	0.225654 
1106181	0.221413 
1106182	0.173256 
1106183	0.094367 
1106184	0.002178 
1106185	-0.088550 
1106186	-0.167122 
1106187	-0.226458 
1106188	-0.262219 
1106189	-0.272113 
1106190	-0.255819 
1106191	-0.215375 
1106192	-0.155589 
1106193	-0.083999 
1106194	-0.010159 
1106195	0.055500 
1106196	0.102963 
1106197	0.125204 
1106198	0.121565 
1106199	0.098449 
1106200	0.066245 
1106201	0.035361 
1106202	0.014119 
1106203	0.008262 
1106204	0.020792 
1106205	0.051853 
1106206	0.098581 
1106207	0.155063 
1106208	0.212738 
1106209	0.261292 
1106210	0.290724 
1106211	0.294683 
1106212	0.272991 
1106213	0.231215 
1106214	0.177870 
1106215	0.121812 
1106216	0.070606 
1106217	0.029745 
1106218	0.002523 
1106219	-0.009602 
1106220	-0.006417 
1106221	0.011550 
1106222	0.043279 
1106223	0.087151 
1106224	0.140537 
1106225	0.199536 
1106226	0.259064 
1106227	0.312894 
1106228	0.353975 
1106229	0.375854 
1106230	0.374778 
1106231	0.351099 
1106232	0.309131 
1106233	0.255635 
1106234	0.197902 
1106235	0.142398 
1106236	0.094147 
1106237	0.056824 
1106238	0.033097 
1106239	0.024872 
1106240	0.033190 
1106241	0.057780 
1106242	0.096471 
1106243	0.145002 
1106244	0.197437 
1106245	0.246486 
1106246	0.284478 
1106247	0.305835 
1106248	0.309231 
1106249	0.297884 
1106250	0.278055 
1106251	0.256885 
1106252	0.240630 
1106253	0.233650 
1106254	0.238012 
1106255	0.253370 
1106256	0.276887 
1106257	0.303166 
1106258	0.324605 
1106259	0.332946 
1106260	0.322126 
1106261	0.290955 
1106262	0.243565 
1106263	0.187441 
1106264	0.130671 
1106265	0.080135 
1106266	0.041082 
1106267	0.017462 
1106268	0.011972 
1106269	0.025693 
1106270	0.057719 
1106271	0.105136 
1106272	0.163281 
1106273	0.226071 
1106274	0.286274 
1106275	0.336099 
1106276	0.368594 
1106277	0.379692 
1106278	0.369696 
1106279	0.343066 
1106280	0.306634 
1106281	0.267580 
1106282	0.232246 
1106283	0.205670 
1106284	0.191338 
1106285	0.190900 
1106286	0.203955 
1106287	0.227984 
1106288	0.258568 
1106289	0.290055 
1106290	0.316820 
1106291	0.334925 
1106292	0.343272 
1106293	0.343755 
1106294	0.340370 
1106295	0.337882 
1106296	0.340601 
1106297	0.351533 
1106298	0.371933 
1106299	0.401188 
1106300	0.436782 
1106301	0.474269 
1106302	0.507442 
1106303	0.529171 
1106304	0.533242 
1106305	0.516616 
1106306	0.480759 
1106307	0.431077 
1106308	0.375029 
1106309	0.320313 
1106310	0.273646 
1106311	0.240082 
1106312	0.222662 
1106313	0.222178 
1106314	0.237010 
1106315	0.263212 
1106316	0.294943 
1106317	0.325399 
1106318	0.348134 
1106319	0.358456 
1106320	0.354736 
1106321	0.338787 
1106322	0.314899 
1106323	0.288199 
1106324	0.263292 
1106325	0.243705 
1106326	0.231863 
1106327	0.229112 
1106328	0.235657 
1106329	0.250402 
1106330	0.270841 
1106331	0.293158 
1106332	0.312765 
1106333	0.325394 
1106334	0.328484 
1106335	0.322131 
1106336	0.309050 
1106337	0.293650 
1106338	0.280728 
1106339	0.274421 
1106340	0.277520 
1106341	0.291132 
1106342	0.314736 
1106343	0.346391 
1106344	0.382899 
1106345	0.419890 
1106346	0.452016 
1106347	0.473534 
1106348	0.479503 
1106349	0.467270 
1106350	0.437494 
1106351	0.394097 
1106352	0.343149 
1106353	0.291478 
1106354	0.245532 
1106355	0.210605 
1106356	0.190220 
1106357	0.185706 
1106358	0.195967 
1106359	0.217579 
1106360	0.245177 
1106361	0.272081 
1106362	0.291303 
1106363	0.297142 
1106364	0.286863 
1106365	0.261468 
1106366	0.225021 
1106367	0.183054 
1106368	0.141082 
1106369	0.103836 
1106370	0.075094 
1106371	0.057637 
1106372	0.053109 
1106373	0.061779 
1106374	0.082294 
1106375	0.111678 
1106376	0.145591 
1106377	0.178914 
1106378	0.206563 
1106379	0.224608 
1106380	0.231415 
1106381	0.228129 
1106382	0.218153 
1106383	0.205880 
1106384	0.195368 
1106385	0.189520 
1106386	0.189901 
1106387	0.196925 
1106388	0.210043 
1106389	0.227740 
1106390	0.247440 
1106391	0.265535 
1106392	0.277716 
1106393	0.279802 
1106394	0.268976 
1106395	0.244956 
1106396	0.210431 
1106397	0.170374 
1106398	0.130720 
1106399	0.097036 
1106400	0.073549 
1106401	0.062560 
1106402	0.064253 
1106403	0.076937 
1106404	0.097501 
1106405	0.121969 
1106406	0.146077 
1106407	0.165854 
1106408	0.178207 
1106409	0.181378 
1106410	0.175155 
1106411	0.160777 
1106412	0.140642 
1106413	0.117905 
1106414	0.096036 
1106415	0.078351 
1106416	0.067521 
1106417	0.065133 
1106418	0.071458 
1106419	0.085502 
1106420	0.105353 
1106421	0.128602 
1106422	0.152603 
1106423	0.174683 
1106424	0.192537 
1106425	0.204748 
1106426	0.211120 
1106427	0.212692 
1106428	0.211408 
1106429	0.209640 
1106430	0.209793 
1106431	0.214015 
1106432	0.223904 
1106433	0.240186 
1106434	0.262374 
1106435	0.288581 
1106436	0.315579 
1106437	0.339195 
1106438	0.355043 
1106439	0.359562 
1106440	0.351109 
1106441	0.330583 
1106442	0.301190 
1106443	0.267466 
1106444	0.234050 
1106445	0.204724 
1106446	0.182028 
1106447	0.167359 
1106448	0.161298 
1106449	0.163802 
1106450	0.174217 
1106451	0.191145 
1106452	0.212385 
1106453	0.235019 
1106454	0.255793 
1106455	0.271742 
1106456	0.280862 
1106457	0.282610 
1106458	0.278012 
1106459	0.269360 
1106460	0.259612 
1106461	0.251707 
1106462	0.248046 
1106463	0.250186 
1106464	0.258775 
1106465	0.273613 
1106466	0.293742 
1106467	0.317571 
1106468	0.342966 
1106469	0.367358 
1106470	0.387997 
1106471	0.402357 
1106472	0.408591 
1106473	0.405936 
1106474	0.394979 
1106475	0.377605 
1106476	0.356634 
1106477	0.335185 
1106478	0.316021 
1106479	0.301046 
1106480	0.291039 
1106481	0.285594 
1106482	0.283355 
1106483	0.282334 
1106484	0.280278 
1106485	0.274948 
1106486	0.264392 
1106487	0.247209 
1106488	0.222870 
1106489	0.191950 
1106490	0.156242 
1106491	0.118682 
1106492	0.083033 
1106493	0.053480 
1106494	0.034084 
1106495	0.028204 
1106496	0.037796 
1106497	0.063000 
1106498	0.102054 
1106499	0.151402 
1106500	0.205601 
1106501	0.256981 
1088001	-0.067890 
1088002	-0.071686 
1088003	-0.056626 
1088004	-0.024237 
1088005	0.021900 
1088006	0.076175 
1088007	0.131045 
1088008	0.177365 
1088009	0.205771 
1088010	0.209757 
1088011	0.188640 
1088012	0.147893 
1088013	0.096571 
1088014	0.044035 
1088015	-0.001814 
1088016	-0.034988 
1088017	-0.051463 
1088018	-0.049285 
1088019	-0.028595 
1088020	0.008459 
1088021	0.057897 
1088022	0.114158 
1088023	0.170479 
1088024	0.219520 
1088025	0.254452 
1088026	0.270563 
1088027	0.266780 
1088028	0.246013 
1088029	0.214005 
1088030	0.177473 
1088031	0.142700 
1088032	0.114853 
1088033	0.097677 
1088034	0.093395 
1088035	0.102635 
1088036	0.124394 
1088037	0.156042 
1088038	0.193570 
1088039	0.232119 
1088040	0.266712 
1088041	0.293069 
1088042	0.308392 
1088043	0.311891 
1088044	0.304793 
1088045	0.289852 
1088046	0.270615 
1088047	0.250716 
1088048	0.233466 
1088049	0.221608 
1088050	0.217218 
1088051	0.221563 
1088052	0.234870 
1088053	0.256060 
1088054	0.282581 
1088055	0.310496 
1088056	0.334951 
1088057	0.351086 
1088058	0.355218 
1088059	0.345887 
1088060	0.324215 
1088061	0.293462 
1088062	0.258070 
1088063	0.222673 
1088064	0.191389 
1088065	0.167498 
1088066	0.153336 
1088067	0.150341 
1088068	0.158962 
1088069	0.178418 
1088070	0.206355 
1088071	0.238639 
1088072	0.269528 
1088073	0.292405 
1088074	0.301169 
1088075	0.292020 
1088076	0.264821 
1088077	0.223169 
1088078	0.173156 
1088079	0.121619 
1088080	0.074792 
1088081	0.037663 
1088082	0.013821 
1088083	0.005558 
1088084	0.014009 
1088085	0.039179 
1088086	0.079709 
1088087	0.132400 
1088088	0.191781 
1088089	0.249961 
1088090	0.297082 
1088091	0.323318 
1088092	0.322695 
1088093	0.296134 
1088094	0.251091 
1088095	0.198125 
1088096	0.147323 
1088097	0.106489 
1088098	0.080575 
1088099	0.071690 
1088100	0.079393 
1088101	0.101210 
1088102	0.133116 
1088103	0.170002 
1088104	0.206098 
1088105	0.235593 
1088106	0.253629 
1088107	0.257525 
1088108	0.247551 
1088109	0.226834 
1088110	0.200446 
1088111	0.174226 
1088112	0.153723 
1088113	0.143473 
1088114	0.146484 
1088115	0.163990 
1088116	0.195344 
1088117	0.238057 
1088118	0.287896 
1088119	0.339181 
1088120	0.385474 
1088121	0.420637 
1088122	0.440192 
1088123	0.442629 
1088124	0.429888 
1088125	0.406616 
1088126	0.378718 
1088127	0.352038 
1088128	0.331493 
1088129	0.320559 
1088130	0.320889 
1088131	0.332058 
1088132	0.351533 
1088133	0.374963 
1088134	0.396850 
1088135	0.411601 
1088136	0.414934 
1088137	0.405227 
1088138	0.384088 
1088139	0.355722 
1088140	0.325534 
1088141	0.298754 
1088142	0.279567 
1088143	0.270750 
1088144	0.273608 
1088145	0.288070 
1088146	0.312749 
1088147	0.344986 
1088148	0.380878 
1088149	0.415524 
1088150	0.443686 
1088151	0.460962 
1088152	0.465122 
1088153	0.456870 
1088154	0.439538 
1088155	0.417902 
1088156	0.396793 
1088157	0.380025 
1088158	0.369795 
1088159	0.366513 
1088160	0.368932 
1088161	0.374506 
1088162	0.379910 
1088163	0.381643 
1088164	0.376756 
1088165	0.363533 
1088166	0.341969 
1088167	0.313784 
1088168	0.281963 
1088169	0.250107 
1088170	0.221847 
1088171	0.200439 
1088172	0.188465 
1088173	0.187501 
1088174	0.197735 
1088175	0.217669 
1088176	0.244060 
1088177	0.272243 
1088178	0.296910 
1088179	0.313329 
1088180	0.318683 
1088181	0.313005 
1088182	0.299087 
1088183	0.281452 
1088184	0.265021 
1088185	0.254002 
1088186	0.251301 
1088187	0.258330 
1088188	0.275012 
1088189	0.299844 
1088190	0.329878 
1088191	0.360761 
1088192	0.387056 
1088193	0.403189 
1088194	0.405099 
1088195	0.391881 
1088196	0.366304 
1088197	0.333834 
1088198	0.300866 
1088199	0.273199 
1088200	0.255113 
1088201	0.248928 
1088202	0.254839 
1088203	0.270949 
1088204	0.293560 
1088205	0.317711 
1088206	0.338056 
1088207	0.350057 
1088208	0.351261 
1088209	0.342064 
1088210	0.325484 
1088211	0.306043 
1088212	0.288400 
1088213	0.276385 
1088214	0.272546 
1088215	0.278050 
1088216	0.292702 
1088217	0.314982 
1088218	0.342081 
1088219	0.370053 
1088220	0.394317 
1088221	0.410523 
1088222	0.415743 
1088223	0.409429 
1088224	0.393634 
1088225	0.372365 
1088226	0.350442 
1088227	0.332422 
1088228	0.321842 
1088229	0.320810 
1088230	0.329883 
1088231	0.348108 
1088232	0.373183 
1088233	0.401664 
1088234	0.429288 
1088235	0.451548 
1088236	0.464576 
1088237	0.466165 
1088238	0.456420 
1088239	0.437687 
1088240	0.413832 
1088241	0.389280 
1088242	0.368197 
1088243	0.353910 
1088244	0.348538 
1088245	0.352768 
1088246	0.365750 
1088247	0.385154 
1088248	0.407392 
1088249	0.428050 
1088250	0.442572 
1088251	0.447148 
1088252	0.439682 
1088253	0.420369 
1088254	0.391599 
1088255	0.357162 
1088256	0.321239 
1088257	0.287634 
1088258	0.259392 
1088259	0.238654 
1088260	0.226610 
1088261	0.223395 
1088262	0.227949 
1088263	0.237929 
1088264	0.249837 
1088265	0.259439 
1088266	0.262592 
1088267	0.256315 
1088268	0.239804 
1088269	0.214787 
1088270	0.184993 
1088271	0.155022 
1088272	0.129181 
1088273	0.110729 
1088274	0.101585 
1088275	0.102376 
1088276	0.112583 
1088277	0.130681 
1088278	0.154174 
1088279	0.179675 
1088280	0.203177 
1088281	0.220693 
1088282	0.229212 
1088283	0.227625 
1088284	0.217194 
1088285	0.201203 
1088286	0.184039 
1088287	0.170091 
1088288	0.162828 
1088289	0.164200 
1088290	0.174306 
1088291	0.191343 
1088292	0.211788 
1088293	0.230875 
1088294	0.243498 
1088295	0.245499 
1088296	0.234972 
1088297	0.212910 
1088298	0.182777 
1088299	0.149270 
1088300	0.117088 
1088301	0.090225 
1088302	0.071799 
1088303	0.064116 
1088304	0.068582 
1088305	0.085420 
1088306	0.113262 
1088307	0.148830 
1088308	0.186957 
1088309	0.221187 
1088310	0.245131 
1088311	0.254405 
1088312	0.248214 
1088313	0.229634 
1088314	0.204355 
1088315	0.178807 
1088316	0.158627 
1088317	0.147836 
1088318	0.148542 
1088319	0.160949 
1088320	0.183531 
1088321	0.213295 
1088322	0.246028 
1088323	0.276669 
1088324	0.300000 
1088325	0.311842 
1088326	0.310362 
1088327	0.296863 
1088328	0.275525 
1088329	0.252226 
1088330	0.233074 
1088331	0.223193 
1088332	0.225889 
1088333	0.242112 
1088334	0.270245 
1088335	0.306179 
1088336	0.343746 
1088337	0.375708 
1088338	0.395453 
1088339	0.399090 
1088340	0.386890 
1088341	0.363016 
1088342	0.333814 
1088343	0.305860 
1088344	0.284728 
1088345	0.274480 
1088346	0.277455 
1088347	0.294139 
1088348	0.323039 
1088349	0.360576 
1088350	0.401191 
1088351	0.437788 
1088352	0.462923 
1088353	0.470804 
1088354	0.459505 
1088355	0.431910 
1088356	0.394685 
1088357	0.356021 
1088358	0.323437 
1088359	0.302374 
1088360	0.295620 
1088361	0.303280 
1088362	0.323053 
1088363	0.350619 
1088364	0.380140 
1088365	0.404983 
1088366	0.419045 
1088367	0.418537 
1088368	0.403338 
1088369	0.377024 
1088370	0.345509 
1088371	0.315241 
1088372	0.291847 
1088373	0.279465 
1088374	0.280406 
1088375	0.294864 
1088376	0.320676 
1088377	0.353241 
1088378	0.385952 
1088379	0.411295 
1088380	0.422753 
1088381	0.416879 
1088382	0.394480 
1088383	0.360126 
1088384	0.320377 
1088385	0.281871 
1088386	0.250064 
1088387	0.228659 
1088388	0.219521 
1088389	0.222857 
1088390	0.237428 
1088391	0.260696 
1088392	0.288860 
1088393	0.316973 
1088394	0.339339 
1088395	0.350615 
1088396	0.347430 
1088397	0.329711 
1088398	0.300828 
1088399	0.266488 
1088400	0.233112 
1088401	0.206523 
1088402	0.191072 
1088403	0.189159 
1088404	0.201012 
1088405	0.224740 
1088406	0.256617 
1088407	0.291557 
1088408	0.323777 
1088409	0.347672 
1088410	0.358961 
1088411	0.355787 
1088412	0.339213 
1088413	0.312835 
1088414	0.281659 
1088415	0.250907 
1088416	0.225093 
1088417	0.207445 
1088418	0.199530 
1088419	0.201053 
1088420	0.209835 
1088421	0.222086 
1088422	0.233107 
1088423	0.238384 
1088424	0.234860 
1088425	0.221960 
1088426	0.201830 
1088427	0.178616 
1088428	0.157192 
1088429	0.142038 
1088430	0.136578 
1088431	0.142924 
1088432	0.161748 
1088433	0.192161 
1088434	0.231555 
1088435	0.275560 
1088436	0.318302 
1088437	0.353316 
1088438	0.375144 
1088439	0.381109 
1088440	0.372339 
1088441	0.353297 
1088442	0.330143 
1088443	0.309008 
1088444	0.294808 
1088445	0.290598 
1088446	0.297297 
1088447	0.313634 
1088448	0.336427 
1088449	0.361053 
1088450	0.382224 
1088451	0.394978 
1088452	0.395899 
1088453	0.384136 
1088454	0.361665 
1088455	0.332572 
1088456	0.301825 
1088457	0.274150 
1088458	0.253327 
1088459	0.241859 
1088460	0.240808 
1088461	0.249681 
1088462	0.266361 
1088463	0.287199 
1088464	0.307409 
1088465	0.321896 
1088466	0.326493 
1088467	0.319204 
1088468	0.300902 
1088469	0.275046 
1088470	0.246596 
1088471	0.220696 
1088472	0.201639 
1088473	0.192286 
1088474	0.193885 
1088475	0.206132 
1088476	0.227342 
1088477	0.254569 
1088478	0.283749 
1088479	0.309957 
1088480	0.328051 
1088481	0.333831 
1088482	0.325408 
1088483	0.303990 
1088484	0.273584 
1088485	0.239783 
1088486	0.208391 
1088487	0.184337 
1088488	0.170935 
1088489	0.169493 
1088490	0.179198 
1088491	0.197324 
1088492	0.219741 
1088493	0.241667 
1088494	0.258576 
1088495	0.267172 
1088496	0.266186 
1088497	0.256626 
1088498	0.241306 
1088499	0.223914 
1088500	0.208109 
1088501	0.196927 
1088502	0.192520 
1088503	0.196020 
1088504	0.207365 
1088505	0.225084 
1088506	0.246132 
1088507	0.266027 
1088508	0.279528 
1088509	0.281931 
1088510	0.270607 
1088511	0.246009 
1088512	0.211550 
1088513	0.172416 
1088514	0.134133 
1088515	0.101433 
1088516	0.077638 
1088517	0.064477 
1088518	0.062236 
1088519	0.070076 
1088520	0.086362 
1088521	0.108862 
1088522	0.134793 
1088523	0.160900 
1088524	0.183602 
1088525	0.199436 
1088526	0.205750 
1088527	0.201499 
1088528	0.187722 
1088529	0.167427 
1088530	0.144901 
1088531	0.124714 
1088532	0.110710 
1088533	0.105237 
1088534	0.108832 
1088535	0.120297 
1088536	0.137102 
1088537	0.155895 
1088538	0.172945 
1088539	0.184559 
1088540	0.187562 
1088541	0.179887 
1088542	0.161076 
1088543	0.132422 
1088544	0.096694 
1088545	0.057594 
1088546	0.019299 
1088547	-0.013932 
1088548	-0.038125 
1088549	-0.050030 
1088550	-0.047584 
1088551	-0.030315 
1088552	0.000415 
1088553	0.041402 
1088554	0.087781 
1088555	0.133418 
1088556	0.171554 
1088557	0.196061 
1088558	0.203315 
1088559	0.193654 
1088560	0.171254 
1088561	0.142453 
1088562	0.113707 
1088563	0.090388 
1088564	0.076441 
1088565	0.074376 
1088566	0.085172 
1088567	0.108050 
1088568	0.140227 
1088569	0.176882 
1088570	0.211554 
1088571	0.237190 
1088572	0.247980 
1088573	0.241387 
1088574	0.219113 
1088575	0.186354 
1088576	0.149967 
1088577	0.116716 
1088578	0.092062 
1088579	0.079676 
1088580	0.081423 
1088581	0.097556 
1088582	0.126803 
1088583	0.166218 
1088584	0.210886 
1088585	0.253677 
1088586	0.285849 
1088587	0.299277 
1088588	0.289606 
1088589	0.258150 
1088590	0.211230 
1088591	0.157706 
1088592	0.106666 
1088593	0.065922 
1088594	0.041116 
1088595	0.035309 
1088596	0.048906 
1088597	0.079790 
1088598	0.123481 
1088599	0.173386 
1088600	0.221185 
1088601	0.257533 
1088602	0.273995 
1088603	0.266177 
1088604	0.235849 
1088605	0.190103 
1088606	0.138455 
1088607	0.090409 
1088608	0.054271 
1088609	0.036494 
1088610	0.041106 
1088611	0.069177 
1088612	0.118247 
1088613	0.181885 
1088614	0.249684 
1088615	0.308013 
1088616	0.342566 
1088617	0.343961 
1088618	0.312914 
1088619	0.259937 
1088620	0.199805 
1088621	0.145651 
1088622	0.106762 
1088623	0.088811 
1088624	0.094321 
1088625	0.123007 
1088626	0.171823 
1088627	0.234641 
1088628	0.301886 
1088629	0.360816 
1088630	0.397737 
1088631	0.403008 
1088632	0.375936 
1088633	0.325232 
1088634	0.264659 
1088635	0.207928 
1088636	0.165951 
1088637	0.146070 
1088638	0.151788 
1088639	0.182692 
1088640	0.234505 
1088641	0.299335 
1088642	0.365985 
1088643	0.420592 
1088644	0.449477 
1088645	0.444474 
1088646	0.406934 
1088647	0.346702 
1088648	0.277058 
1088649	0.210453 
1088650	0.157037 
1088651	0.124162 
1088652	0.116272 
1088653	0.135021 
1088654	0.179082 
1088655	0.243656 
1088656	0.320106 
1088657	0.395714 
1088658	0.453703 
1088659	0.477238 
1088660	0.457836 
1088661	0.400462 
1088662	0.320663 
1088663	0.236345 
1088664	0.161663 
1088665	0.106187 
1088666	0.075587 
1088667	0.072004 
1088668	0.094435 
1088669	0.139014 
1088670	0.199042 
1088671	0.264833 
1088672	0.323802 
1088673	0.362152 
1088674	0.369375 
1088675	0.343512 
1088676	0.292386 
1088677	0.229533 
1088678	0.168587 
1088679	0.120325 
1088680	0.092386 
1088681	0.089384 
1088682	0.112700 
1088683	0.160190 
1088684	0.225989 
1088685	0.300277 
1088686	0.369168 
1088687	0.416508 
1088688	0.429562 
1088689	0.405444 
1088690	0.352644 
1088691	0.286161 
1088692	0.220990 
1088693	0.168921 
1088694	0.137922 
1088695	0.132122 
1088696	0.152118 
1088697	0.195112 
1088698	0.254782 
1088699	0.321158 
1088700	0.380752 
1088701	0.418161 
1088702	0.421433 
1088703	0.388423 
1088704	0.328136 
1088705	0.255774 
1088706	0.186394 
1088707	0.131926 
1088708	0.100546 
1088709	0.096569 
1088710	0.120494 
1088711	0.169006 
1088712	0.234850 
1088713	0.306862 
1088714	0.370396 
1088715	0.409730 
1088716	0.414072 
1088717	0.383470 
1088718	0.328854 
1088719	0.266146 
1088720	0.209847 
1088721	0.170445 
1088722	0.154326 
1088723	0.164141 
1088724	0.199003 
1088725	0.254424 
1088726	0.322093 
1088727	0.389788 
1088728	0.442302 
1088729	0.465293 
1088730	0.451665 
1088731	0.405380 
1088732	0.339029 
1088733	0.267644 
1088734	0.204214 
1088735	0.158277 
1088736	0.135634 
1088737	0.138433 
1088738	0.165430 
1088739	0.212255 
1088740	0.271656 
1088741	0.333790 
1088742	0.386616 
1088743	0.417557 
1088744	0.417640 
1088745	0.385804 
1088746	0.329497 
1088747	0.260916 
1088748	0.192263 
1088749	0.133357 
1088750	0.091256 
1088751	0.070351 
1088752	0.072389 
1088753	0.096438 
1088754	0.138807 
1088755	0.193045 
1088756	0.250043 
1088757	0.298417 
1088758	0.326369 
1088759	0.325771 
1088760	0.296122 
1088761	0.244929 
1088762	0.184047 
1088763	0.125085 
1088764	0.076868 
1088765	0.045016 
1088766	0.032313 
1088767	0.039119 
1088768	0.063617 
1088769	0.101816 
1088770	0.147339 
1088771	0.191297 
1088772	0.223268 
1088773	0.234364 
1088774	0.220983 
1088775	0.186513 
1088776	0.139581 
1088777	0.090471 
1088778	0.048465 
1088779	0.020770 
1088780	0.012112 
1088781	0.024610 
1088782	0.057800 
1088783	0.108748 
1088784	0.172096 
1088785	0.240032 
1088786	0.302464 
1088787	0.348282 
1088788	0.368596 
1088789	0.360524 
1088790	0.328435 
1088791	0.281518 
1088792	0.229921 
1088793	0.182379 
1088794	0.145555 
1088795	0.124016 
1088796	0.120276 
1088797	0.134782 
1088798	0.165779 
1088799	0.209077 
1088800	0.258002 
1088801	0.303756 
1088802	0.336467 
1088803	0.347727 
1088804	0.333999 
1088805	0.298439 
1088806	0.249463 
1088807	0.197333 
1088808	0.151297 
1088809	0.118236 
1088810	0.102285 
1088811	0.104927 
1088812	0.125303 
1088813	0.160549 
1088814	0.205983 
1088815	0.255314 
1088816	0.301091 
1088817	0.335919 
1088818	0.354497 
1088819	0.355477 
1088820	0.341845 
1088821	0.319529 
1088822	0.295161 
1088823	0.274339 
1088824	0.260919 
1088825	0.256840 
1088826	0.262142 
1088827	0.275000 
1088828	0.291830 
1088829	0.307458 
1088830	0.315609 
1088831	0.310113 
1088832	0.286847 
1088833	0.245386 
1088834	0.189160 
1088835	0.124002 
1088836	0.056238 
1088837	-0.008572 
1088838	-0.065903 
1088839	-0.112043 
1088840	-0.143961 
1088841	-0.159453 
1088842	-0.157403 
1088843	-0.138043 
1088844	-0.103161 
1088845	-0.056072 
1088846	-0.001414 
1088847	0.055328 
1088848	0.108405 
1088849	0.152382 
1088850	0.183007 
1088851	0.198421 
1088852	0.199966 
1088853	0.191827 
1088854	0.179626 
1088855	0.169104 
1088856	0.165263 
1088857	0.171822 
1088858	0.190956 
1088859	0.223131 
1088860	0.266958 
1088861	0.319065 
1088862	0.374013 
1088863	0.424376 
1088864	0.461509 
1088865	0.477568 
1088866	0.468426 
1088867	0.435645 
1088868	0.385878 
1088869	0.328106 
1088870	0.270786 
1088871	0.220599 
1088872	0.182382 
1088873	0.159251 
1088874	0.152616 
1088875	0.162049 
1088876	0.185112 
1088877	0.217194 
1088878	0.251683 
1088879	0.280646 
1088880	0.296338 
1088881	0.293669 
1088882	0.272371 
1088883	0.237218 
1088884	0.196149 
1088885	0.157738 
1088886	0.129460 
1088887	0.116857 
1088888	0.123184 
1088889	0.149271 
1088890	0.193450 
1088891	0.251528 
1088892	0.316796 
1088893	0.380299 
1088894	0.431743 
1088895	0.462050 
1088896	0.467108 
1088897	0.449744 
1088898	0.418111 
1088899	0.381911 
1088900	0.349403 
1088901	0.326386 
1088902	0.316233 
1088903	0.320075 
1088904	0.336788 
1088905	0.362877 
1088906	0.392380 
1088907	0.417142 
1088908	0.428377 
1088909	0.419579 
1088910	0.389421 
1088911	0.342486 
1088912	0.287342 
1088913	0.233559 
1088914	0.189448 
1088915	0.161054 
1088916	0.151952 
1088917	0.163293 
1088918	0.193898 
1088919	0.240235 
1088920	0.296377 
1088921	0.354022 
1088922	0.403215 
1088923	0.434599 
1088924	0.442793 
1088925	0.428761 
1088926	0.399168 
1088927	0.363374 
1088928	0.330495 
1088929	0.307795 
1088930	0.300053 
1088931	0.309377 
1088932	0.335136 
1088933	0.373922 
1088934	0.419554 
1088935	0.463319 
1088936	0.494897 
1088937	0.504774 
1088938	0.487975 
1088939	0.446632 
1088940	0.388993 
1088941	0.325868 
1088942	0.267329 
1088943	0.221131 
1088944	0.192240 
1088945	0.182907 
1088946	0.192914 
1088947	0.219675 
1088948	0.258248 
1088949	0.301369 
1088950	0.339733 
1088951	0.363402 
1088952	0.364948 
1088953	0.342857 
1088954	0.302429 
1088955	0.253388 
1088956	0.206143 
1088957	0.169203 
1088958	0.148324 
1088959	0.146386 
1088960	0.163430 
1088961	0.196728 
1088962	0.240843 
1088963	0.287786 
1088964	0.327585 
1088965	0.350272 
1088966	0.349357 
1088967	0.324714 
1088968	0.282612 
1088969	0.232796 
1088970	0.184944 
1088971	0.146679 
1088972	0.123247 
1088973	0.117718 
1088974	0.131038 
1088975	0.161891 
1088976	0.206496 
1088977	0.258349 
1088978	0.308258 
1088979	0.345467 
1088980	0.360724 
1088981	0.350116 
1088982	0.316925 
1088983	0.269922 
1088984	0.219566 
1088985	0.174972 
1088986	0.142749 
1088987	0.126836 
1088988	0.128705 
1088989	0.147555 
1088990	0.180521 
1088991	0.222764 
1088992	0.267558 
1088993	0.306622 
1088994	0.331381 
1088995	0.335472 
1088996	0.317301 
1088997	0.280763 
1088998	0.233589 
1088999	0.184767 
1089000	0.142626 
1089001	0.113794 
1089002	0.102610 
1089003	0.110819 
1089004	0.137372 
1089005	0.178366 
1089006	0.227158 
1089007	0.274822 
1089008	0.311261 
1089009	0.327613 
1089010	0.319558 
1089011	0.289325 
1089012	0.244648 
1089013	0.195601 
1089014	0.151701 
1089015	0.120341 
1089016	0.106234 
1089017	0.111283 
1089018	0.134728 
1089019	0.173376 
1089020	0.221881 
1089021	0.273065 
1089022	0.318288 
1089023	0.348728 
1089024	0.358105 
1089025	0.345316 
1089026	0.314892 
1089027	0.274944 
1089028	0.234207 
1089029	0.199926 
1089030	0.177057 
1089031	0.168143 
1089032	0.173355 
1089033	0.190571 
1089034	0.215463 
1089035	0.241699 
1089036	0.261764 
1089037	0.268730 
1089038	0.258582 
1089039	0.231776 
1089040	0.192978 
1089041	0.149274 
1089042	0.108121 
1089043	0.075876 
1089044	0.056996 
1089045	0.053691 
1089046	0.065783 
1089047	0.090737 
1089048	0.123873 
1089049	0.158736 
1089050	0.187804 
1089051	0.203885 
1089052	0.202220 
1089053	0.182216 
1089054	0.147567 
1089055	0.104717 
1089056	0.060738 
1089057	0.021785 
1089058	-0.007604 
1089059	-0.024596 
1089060	-0.027909 
1089061	-0.017636 
1089062	0.004916 
1089063	0.037324 
1089064	0.076185 
1089065	0.117321 
1089066	0.156176 
1089067	0.188406 
1089068	0.210687 
1089069	0.221506 
1089070	0.221577 
1089071	0.213535 
1089072	0.201108 
1089073	0.188186 
1089074	0.178116 
1089075	0.173283 
1089076	0.174862 
1089077	0.182709 
1089078	0.195338 
1089079	0.210074 
1089080	0.223414 
1089081	0.231702 
1089082	0.232002 
1089083	0.222969 
1089084	0.205345 
1089085	0.181845 
1089086	0.156499 
1089087	0.133725 
1089088	0.117491 
1089089	0.110730 
1089090	0.115009 
1089091	0.130417 
1089092	0.155537 
1089093	0.187479 
1089094	0.222008 
1089095	0.253889 
1089096	0.277644 
1089097	0.288776 
1089098	0.285121 
1089099	0.267591 
1089100	0.239854 
1089101	0.207156 
1089102	0.175010 
1089103	0.148246 
1089104	0.130465 
1089105	0.123814 
1089106	0.128973 
1089107	0.145213 
1089108	0.170508 
1089109	0.201646 
1089110	0.234427 
1089111	0.264077 
1089112	0.285949 
1089113	0.296520 
1089114	0.294414 
1089115	0.280850 
1089116	0.259225 
1089117	0.234115 
1089118	0.210197 
1089119	0.191517 
1089120	0.181007 
1089121	0.180258 
1089122	0.189389 
1089123	0.207042 
1089124	0.230494 
1089125	0.255864 
1089126	0.278525 
1089127	0.293794 
1089128	0.297951 
1089129	0.289360 
1089130	0.269030 
1089131	0.240322 
1089132	0.207892 
1089133	0.176513 
1089134	0.150255 
1089135	0.132086 
1089136	0.123776 
1089137	0.125870 
1089138	0.137682 
1089139	0.157274 
1089140	0.181461 
1089141	0.205988 
1089142	0.226084 
1089143	0.237426 
1089144	0.237403 
1089145	0.226063 
1089146	0.206182 
1089147	0.182429 
1089148	0.160137 
1089149	0.144112 
1089150	0.137868 
1089151	0.143137 
1089152	0.159700 
1089153	0.185401 
1089154	0.216336 
1089155	0.247304 
1089156	0.272647 
1089157	0.287581 
1089158	0.289722 
1089159	0.279900 
1089160	0.261858 
1089161	0.240975 
1089162	0.222916 
1089163	0.212606 
1089164	0.213570 
1089165	0.227495 
1089166	0.254041 
1089167	0.290811 
1089168	0.333501 
1089169	0.376281 
1089170	0.412545 
1089171	0.436288 
1089172	0.443813 
1089173	0.435020 
1089174	0.413417 
1089175	0.384805 
1089176	0.355485 
1089177	0.330883 
1089178	0.314861 
1089179	0.309451 
1089180	0.314824 
1089181	0.329299 
1089182	0.349491 
1089183	0.370674 
1089184	0.387523 
1089185	0.395296 
1089186	0.391175 
1089187	0.375212 
1089188	0.350374 
1089189	0.321631 
1089190	0.294649 
1089191	0.274639 
1089192	0.265598 
1089193	0.269892 
1089194	0.288041 
1089195	0.318636 
1089196	0.358364 
1089197	0.402204 
1089198	0.443909 
1089199	0.476920 
1089200	0.495740 
1089201	0.497544 
1089202	0.483200 
1089203	0.456926 
1089204	0.424766 
1089205	0.392880 
1089206	0.366447 
1089207	0.349203 
1089208	0.343218 
1089209	0.348757 
1089210	0.364185 
1089211	0.386004 
1089212	0.409120 
1089213	0.427516 
1089214	0.435447 
1089215	0.429076 
1089216	0.407930 
1089217	0.375189 
1089218	0.336535 
1089219	0.298394 
1089220	0.266470 
1089221	0.244929 
1089222	0.235982 
1089223	0.239753 
1089224	0.254366 
1089225	0.276119 
1089226	0.299908 
1089227	0.319919 
1089228	0.330802 
1089229	0.329242 
1089230	0.315166 
1089231	0.291832 
1089232	0.264635 
1089233	0.239483 
1089234	0.221605 
1089235	0.214863 
1089236	0.221345 
1089237	0.241152 
1089238	0.272284 
1089239	0.310613 
1089240	0.350038 
1089241	0.383055 
1089242	0.402232 
1089243	0.402605 
1089244	0.383746 
1089245	0.350001 
1089246	0.308677 
1089247	0.267589 
1089248	0.233418 
1089249	0.210990 
1089250	0.203052 
1089251	0.210181 
1089252	0.230766 
1089253	0.261079 
1089254	0.295561 
1089255	0.327438 
1089256	0.349933 
1089257	0.358073 
1089258	0.350452 
1089259	0.329814 
1089260	0.301967 
1089261	0.273815 
1089262	0.251647 
1089263	0.240152 
1089264	0.242072 
1089265	0.258117 
1089266	0.286950 
1089267	0.325205 
1089268	0.367537 
1089269	0.407038 
1089270	0.436430 
1089271	0.450134 
1089272	0.446388 
1089273	0.427974 
1089274	0.401022 
1089275	0.372836 
1089276	0.350013 
1089277	0.337321 
1089278	0.337233 
1089279	0.349727 
1089280	0.372288 
1089281	0.400031 
1089282	0.426080 
1089283	0.442649 
1089284	0.443249 
1089285	0.425286 
1089286	0.391366 
1089287	0.348268 
1089288	0.304307 
1089289	0.266936 
1089290	0.241525 
1089291	0.231045 
1089292	0.235995 
1089293	0.254385 
1089294	0.281713 
1089295	0.311214 
1089296	0.334794 
1089297	0.345097 
1089298	0.338221 
1089299	0.315439 
1089300	0.282651 
1089301	0.247983 
1089302	0.219257 
1089303	0.202411 
1089304	0.200901 
1089305	0.215572 
1089306	0.244726 
1089307	0.284297 
1089308	0.328091 
1089309	0.368421 
1089310	0.397653 
1089311	0.410586 
1089312	0.406384 
1089313	0.388716 
1089314	0.363960 
1089315	0.338914 
1089316	0.319251 
1089317	0.308911 
1089318	0.309914 
1089319	0.322250 
1089320	0.343830 
1089321	0.370572 
1089322	0.396810 
1089323	0.416173 
1089324	0.423078 
1089325	0.414473 
1089326	0.390997 
1089327	0.356846 
1089328	0.318441 
1089329	0.282707 
1089330	0.255682 
1089331	0.241674 
1089332	0.242840 
1089333	0.259089 
1089334	0.288114 
1089335	0.325597 
1089336	0.365539 
1089337	0.400948 
1089338	0.425028 
1089339	0.432995 
1089340	0.423738 
1089341	0.400300 
1089342	0.368698 
1089343	0.336004 
1089344	0.308692 
1089345	0.291682 
1089346	0.287893 
1089347	0.297976 
1089348	0.320225 
1089349	0.350723 
1089350	0.383779 
1089351	0.412848 
1089352	0.431994 
1089353	0.437583 
1089354	0.429503 
1089355	0.411148 
1089356	0.388208 
1089357	0.366978 
1089358	0.352970 
1089359	0.350140 
1089360	0.360542 
1089361	0.384235 
1089362	0.419332 
1089363	0.462083 
1089364	0.507075 
1089365	0.547710 
1089366	0.577290 
1089367	0.590664 
1089368	0.585882 
1089369	0.564847 
1089370	0.532594 
1089371	0.495710 
1089372	0.460767 
1089373	0.433225 
1089374	0.416764 
1089375	0.412977 
1089376	0.421292 
1089377	0.439165 
1089378	0.462487 
1089379	0.486167 
1089380	0.504901 
1089381	0.514186 
1089382	0.511403 
1089383	0.496496 
1089384	0.471908 
1089385	0.441775 
1089386	0.410836 
1089387	0.383556 
1089388	0.363570 
1089389	0.353272 
1089390	0.353452 
1089391	0.362984 
1089392	0.378710 
1089393	0.395699 
1089394	0.408014 
1089395	0.410089 
1089396	0.398409 
1089397	0.372837 
1089398	0.336722 
1089399	0.295677 
1089400	0.255804 
1089401	0.222289 
1089402	0.198710 
1089403	0.186821 
1089404	0.186753 
1089405	0.197329 
1089406	0.216318 
1089407	0.240496 
1089408	0.265572 
1089409	0.286424 
1089410	0.297865 
1089411	0.296060 
1089412	0.279958 
1089413	0.251877 
1089414	0.216837 
1089415	0.180997 
1089416	0.150080 
1089417	0.128220 
1089418	0.117345 
1089419	0.116982 
1089420	0.124462 
1089421	0.135594 
1089422	0.145723 
1089423	0.151065 
1089424	0.149841 
1089425	0.142732 
1089426	0.132424 
1089427	0.122509 
1089428	0.116343 
1089429	0.116252 
1089430	0.123272 
1089431	0.137221 
1089432	0.156960 
1089433	0.180503 
1089434	0.205082 
1089435	0.227325 
1089436	0.243783 
1089437	0.251804 
1089438	0.250466 
1089439	0.241067 
1089440	0.226840 
1089441	0.211981 
1089442	0.200561 
1089443	0.195742 
1089444	0.199279 
1089445	0.211281 
1089446	0.230286 
1089447	0.253622 
1089448	0.278027 
1089449	0.300370 
1089450	0.318318 
1089451	0.330740 
1089452	0.337777 
1089453	0.340605 
1089454	0.341036 
1089455	0.341068 
1089456	0.342543 
1089457	0.346962 
1089458	0.355365 
1089459	0.368215 
1089460	0.385208 
1089461	0.405087 
1089462	0.425564 
1089463	0.443581 
1089464	0.455883 
1089465	0.459890 
1089466	0.454554 
1089467	0.440809 
1089468	0.421387 
1089469	0.400119 
1089470	0.380958 
1089471	0.367122 
1089472	0.360567 
1089473	0.361792 
1089474	0.369973 
1089475	0.383248 
1089476	0.399097 
1089477	0.414720 
1089478	0.427403 
1089479	0.434899 
1089480	0.435812 
1089481	0.429883 
1089482	0.418103 
1089483	0.402512 
1089484	0.385828 
1089485	0.370929 
1089486	0.360302 
1089487	0.355602 
1089488	0.357298 
1089489	0.364560 
1089490	0.375443 
1089491	0.387298 
1089492	0.397375 
1089493	0.403400 
1089494	0.404041 
1089495	0.399127 
1089496	0.389557 
1089497	0.376984 
1089498	0.363402 
1089499	0.350751 
1089500	0.340657 
1089501	0.334271 
1087001	0.342729 
1087002	0.380599 
1087003	0.403920 
1087004	0.406998 
1087005	0.390242 
1087006	0.359727 
1087007	0.324324 
1087008	0.292697 
1087009	0.271641 
1087010	0.265482 
1087011	0.275965 
1087012	0.302296 
1087013	0.341168 
1087014	0.386874 
1087015	0.431595 
1087016	0.466344 
1087017	0.483039 
1087018	0.477500 
1087019	0.451429 
1087020	0.411689 
1087021	0.367459 
1087022	0.327458 
1087023	0.298460 
1087024	0.284869 
1087025	0.288692 
1087026	0.309501 
1087027	0.344259 
1087028	0.387044 
1087029	0.429060 
1087030	0.459711 
1087031	0.469776 
1087032	0.455582 
1087033	0.421049 
1087034	0.375790 
1087035	0.331018 
1087036	0.296328 
1087037	0.278353 
1087038	0.280391 
1087039	0.302354 
1087040	0.340769 
1087041	0.388792 
1087042	0.436476 
1087043	0.472150 
1087044	0.486056 
1087045	0.474939 
1087046	0.443884 
1087047	0.403585 
1087048	0.365475 
1087049	0.338375 
1087050	0.327562 
1087051	0.334973 
1087052	0.359566 
1087053	0.397500 
1087054	0.442151 
1087055	0.484329 
1087056	0.513582 
1087057	0.521434 
1087058	0.505218 
1087059	0.469479 
1087060	0.423667 
1087061	0.378219 
1087062	0.341830 
1087063	0.320405 
1087064	0.316797 
1087065	0.330767 
1087066	0.358922 
1087067	0.394712 
1087068	0.428779 
1087069	0.450513 
1087070	0.451475 
1087071	0.429198 
1087072	0.388360 
1087073	0.338241 
1087074	0.288790 
1087075	0.248108 
1087076	0.221600 
1087077	0.211960 
1087078	0.219453 
1087079	0.242168 
1087080	0.276081 
1087081	0.315029 
1087082	0.350877 
1087083	0.374494 
1087084	0.378370 
1087085	0.359860 
1087086	0.322544 
1087087	0.274553 
1087088	0.225219 
1087089	0.182474 
1087090	0.151978 
1087091	0.137093 
1087092	0.139007 
1087093	0.156861 
1087094	0.187878 
1087095	0.227482 
1087096	0.269526 
1087097	0.306777 
1087098	0.332167 
1087099	0.341216 
1087100	0.334317 
1087101	0.316882 
1087102	0.297105 
1087103	0.282963 
1087104	0.280296 
1087105	0.292281 
1087106	0.319402 
1087107	0.359454 
1087108	0.407605 
1087109	0.456731 
1087110	0.498476 
1087111	0.525425 
1087112	0.533830 
1087113	0.525146 
1087114	0.505114 
1087115	0.481100 
1087116	0.459628 
1087117	0.445163 
1087118	0.439850 
1087119	0.443592 
1087120	0.454152 
1087121	0.467311 
1087122	0.477198 
1087123	0.477291 
1087124	0.462402 
1087125	0.430976 
1087126	0.386125 
1087127	0.334509 
1087128	0.283719 
1087129	0.239940 
1087130	0.207113 
1087131	0.187116 
1087132	0.180034 
1087133	0.184322 
1087134	0.196949 
1087135	0.213656 
1087136	0.229578 
1087137	0.240271 
1087138	0.242965 
1087139	0.237545 
1087140	0.226615 
1087141	0.214632 
1087142	0.206570 
1087143	0.206752 
1087144	0.218084 
1087145	0.241658 
1087146	0.276661 
1087147	0.320429 
1087148	0.368639 
1087149	0.415754 
1087150	0.455988 
1087151	0.484815 
1087152	0.500399 
1087153	0.504129 
1087154	0.499888 
1087155	0.492544 
1087156	0.486570 
1087157	0.485247 
1087158	0.490327 
1087159	0.501935 
1087160	0.518520 
1087161	0.536852 
1087162	0.552269 
1087163	0.559482 
1087164	0.554110 
1087165	0.534439 
1087166	0.502361 
1087167	0.462801 
1087168	0.422030 
1087169	0.385895 
1087170	0.358676 
1087171	0.342637 
1087172	0.337955 
1087173	0.342853 
1087174	0.353871 
1087175	0.366390 
1087176	0.375557 
1087177	0.377627 
1087178	0.371259 
1087179	0.358014 
1087180	0.341763 
1087181	0.327358 
1087182	0.319322 
1087183	0.320962 
1087184	0.333956 
1087185	0.358135 
1087186	0.391455 
1087187	0.430041 
1087188	0.468537 
1087189	0.501026 
1087190	0.522556 
1087191	0.530786 
1087192	0.526773 
1087193	0.514387 
1087194	0.498786 
1087195	0.484865 
1087196	0.476278 
1087197	0.475025 
1087198	0.481341 
1087199	0.493766 
1087200	0.509329 
1087201	0.523983 
1087202	0.533397 
1087203	0.534176 
1087204	0.525038 
1087205	0.507332 
1087206	0.484552 
1087207	0.461171 
1087208	0.441471 
1087209	0.428748 
1087210	0.424946 
1087211	0.430547 
1087212	0.444610 
1087213	0.464873 
1087214	0.488007 
1087215	0.510067 
1087216	0.527221 
1087217	0.536706 
1087218	0.537628 
1087219	0.531229 
1087220	0.520425 
1087221	0.508915 
1087222	0.500232 
1087223	0.497045 
1087224	0.500736 
1087225	0.511222 
1087226	0.526949 
1087227	0.545054 
1087228	0.561730 
1087229	0.572897 
1087230	0.575159 
1087231	0.566850 
1087232	0.548635 
1087233	0.523333 
1087234	0.495061 
1087235	0.468184 
1087236	0.446460 
1087237	0.432494 
1087238	0.427429 
1087239	0.430796 
1087240	0.440475 
1087241	0.452933 
1087242	0.463823 
1087243	0.469039 
1087244	0.466012 
1087245	0.454681 
1087246	0.437523 
1087247	0.418646 
1087248	0.402436 
1087249	0.392396 
1087250	0.390516 
1087251	0.397057 
1087252	0.410716 
1087253	0.428942 
1087254	0.448385 
1087255	0.465424 
1087256	0.476876 
1087257	0.480726 
1087258	0.476649 
1087259	0.466053 
1087260	0.451615 
1087261	0.436516 
1087262	0.423730 
1087263	0.415537 
1087264	0.413186 
1087265	0.416718 
1087266	0.424869 
1087267	0.435132 
1087268	0.444148 
1087269	0.448445 
1087270	0.445446 
1087271	0.434393 
1087272	0.416680 
1087273	0.395420 
1087274	0.374488 
1087275	0.357508 
1087276	0.347114 
1087277	0.344576 
1087278	0.349715 
1087279	0.360987 
1087280	0.375680 
1087281	0.390290 
1087282	0.401146 
1087283	0.405292 
1087284	0.401378 
1087285	0.390132 
1087286	0.374118 
1087287	0.356893 
1087288	0.342038 
1087289	0.332421 
1087290	0.329723 
1087291	0.334192 
1087292	0.344486 
1087293	0.357665 
1087294	0.369561 
1087295	0.375713 
1087296	0.372789 
1087297	0.359887 
1087298	0.338992 
1087299	0.314292 
1087300	0.290803 
1087301	0.273040 
1087302	0.264143 
1087303	0.265434 
1087304	0.276300 
1087305	0.294338 
1087306	0.315737 
1087307	0.335977 
1087308	0.350888 
1087309	0.357898 
1087310	0.356911 
1087311	0.350260 
1087312	0.341732 
1087313	0.335340 
1087314	0.334368 
1087315	0.340904 
1087316	0.355649 
1087317	0.377811 
1087318	0.405059 
1087319	0.433624 
1087320	0.458843 
1087321	0.476296 
1087322	0.483328 
1087323	0.480116 
1087324	0.469617 
1087325	0.456446 
1087326	0.445393 
1087327	0.440263 
1087328	0.443244 
1087329	0.454638 
1087330	0.472831 
1087331	0.494477 
1087332	0.515012 
1087333	0.529608 
1087334	0.534588 
1087335	0.528748 
1087336	0.513814 
1087337	0.493724 
1087338	0.473145 
1087339	0.456161 
1087340	0.445590 
1087341	0.442894 
1087342	0.448241 
1087343	0.460532 
1087344	0.477367 
1087345	0.495131 
1087346	0.509558 
1087347	0.516928 
1087348	0.515488 
1087349	0.506194 
1087350	0.492364 
1087351	0.478523 
1087352	0.469127 
1087353	0.467584 
1087354	0.475651 
1087355	0.493131 
1087356	0.517876 
1087357	0.546041 
1087358	0.572644 
1087359	0.592543 
1087360	0.601793 
1087361	0.598920 
1087362	0.585416 
1087363	0.565101 
1087364	0.542748 
1087365	0.522777 
1087366	0.508440 
1087367	0.501533 
1087368	0.502385 
1087369	0.509917 
1087370	0.521772 
1087371	0.534565 
1087372	0.544440 
1087373	0.548000 
1087374	0.543375 
1087375	0.530912 
1087376	0.513073 
1087377	0.493644 
1087378	0.476741 
1087379	0.465947 
1087380	0.463683 
1087381	0.470784 
1087382	0.486289 
1087383	0.507503 
1087384	0.530342 
1087385	0.550035 
1087386	0.562195 
1087387	0.564065 
1087388	0.555408 
1087389	0.538517 
1087390	0.517332 
1087391	0.496172 
1087392	0.478724 
1087393	0.467533 
1087394	0.463925 
1087395	0.468064 
1087396	0.478983 
1087397	0.494574 
1087398	0.511625 
1087399	0.526127 
1087400	0.534030 
1087401	0.532446 
1087402	0.520774 
1087403	0.501024 
1087404	0.477187 
1087405	0.453960 
1087406	0.435534 
1087407	0.424716 
1087408	0.422476 
1087409	0.427823 
1087410	0.438016 
1087411	0.449094 
1087412	0.456767 
1087413	0.457573 
1087414	0.449977 
1087415	0.434850 
1087416	0.415054 
1087417	0.394335 
1087418	0.376181 
1087419	0.363152 
1087420	0.356675 
1087421	0.357131 
1087422	0.363953 
1087423	0.375639 
1087424	0.389738 
1087425	0.403033 
1087426	0.412080 
1087427	0.414097 
1087428	0.407859 
1087429	0.394142 
1087430	0.375431 
1087431	0.355134 
1087432	0.336643 
1087433	0.322578 
1087434	0.314356 
1087435	0.312046 
1087436	0.314497 
1087437	0.319628 
1087438	0.324865 
1087439	0.327632 
1087440	0.325880 
1087441	0.318555 
1087442	0.305881 
1087443	0.289299 
1087444	0.271109 
1087445	0.253984 
1087446	0.240537 
1087447	0.233011 
1087448	0.233008 
1087449	0.241178 
1087450	0.256897 
1087451	0.278070 
1087452	0.301276 
1087453	0.322401 
1087454	0.337727 
1087455	0.345129 
1087456	0.344814 
1087457	0.339176 
1087458	0.331916 
1087459	0.326839 
1087460	0.326896 
1087461	0.333589 
1087462	0.346823 
1087463	0.365042 
1087464	0.385564 
1087465	0.405054 
1087466	0.420075 
1087467	0.427755 
1087468	0.426439 
1087469	0.416066 
1087470	0.398116 
1087471	0.375105 
1087472	0.349962 
1087473	0.325500 
1087474	0.304082 
1087475	0.287377 
1087476	0.276092 
1087477	0.269753 
1087478	0.266609 
1087479	0.263864 
1087480	0.258324 
1087481	0.247387 
1087482	0.230085 
1087483	0.207671 
1087484	0.183390 
1087485	0.161519 
1087486	0.146169 
1087487	0.140304 
1087488	0.145221 
1087489	0.160522 
1087490	0.184419 
1087491	0.214166 
1087492	0.246518 
1087493	0.278205 
1087494	0.306487 
1087495	0.329735 
1087496	0.347767 
1087497	0.361706 
1087498	0.373471 
1087499	0.385111 
1087500	0.398273 
1087501	0.413772 
1087502	0.431295 
1087503	0.449243 
1087504	0.464807 
1087505	0.474406 
1087506	0.474581 
1087507	0.463113 
1087508	0.439968 
1087509	0.407557 
1087510	0.370152 
1087511	0.332767 
1087512	0.299990 
1087513	0.275067 
1087514	0.259476 
1087515	0.252917 
1087516	0.253625 
1087517	0.258877 
1087518	0.265617 
1087519	0.271156 
1087520	0.273809 
1087521	0.273292 
1087522	0.270708 
1087523	0.268219 
1087524	0.268497 
1087525	0.274186 
1087526	0.287423 
1087527	0.309352 
1087528	0.339730 
1087529	0.376676 
1087530	0.416768 
1087531	0.455558 
1087532	0.488506 
1087533	0.512083 
1087534	0.524694 
1087535	0.526980 
1087536	0.521381 
1087537	0.511234 
1087538	0.499812 
1087539	0.489603 
1087540	0.481886 
1087541	0.476635 
1087542	0.472673 
1087543	0.467996 
1087544	0.460267 
1087545	0.447425 
1087546	0.428287 
1087547	0.402977 
1087548	0.372964 
1087549	0.340714 
1087550	0.309080 
1087551	0.280764 
1087552	0.257984 
1087553	0.242388 
1087554	0.234986 
1087555	0.236059 
1087556	0.245015 
1087557	0.260387 
1087558	0.280022 
1087559	0.301523 
1087560	0.322801 
1087561	0.342612 
1087562	0.360849 
1087563	0.378457 
1087564	0.397017 
1087565	0.418151 
1087566	0.443005 
1087567	0.471903 
1087568	0.504235 
1087569	0.538525 
1087570	0.572633 
1087571	0.604017 
1087572	0.630051 
1087573	0.648375 
1087574	0.657240 
1087575	0.655827 
1087576	0.644418 
1087577	0.624347 
1087578	0.597791 
1087579	0.567438 
1087580	0.536088 
1087581	0.506243 
1087582	0.479634 
1087583	0.456874 
1087584	0.437328 
1087585	0.419324 
1087586	0.400723 
1087587	0.379736 
1087588	0.355640 
1087589	0.329201 
1087590	0.302462 
1087591	0.278125 
1087592	0.258720 
1087593	0.245983 
1087594	0.240577 
1087595	0.242136 
1087596	0.249560 
1087597	0.261328 
1087598	0.275833 
1087599	0.291615 
1087600	0.307539 
1087601	0.322897 
1087602	0.337484 
1087603	0.351613 
1087604	0.365997 
1087605	0.381512 
1087606	0.398854 
1087607	0.418200 
1087608	0.438929 
1087609	0.459459 
1087610	0.477311 
1087611	0.489464 
1087612	0.492984 
1087613	0.485816 
1087614	0.467456 
1087615	0.439210 
1087616	0.403925 
1087617	0.365285 
1087618	0.327020 
1087619	0.292240 
1087620	0.263028 
1087621	0.240315 
1087622	0.223925 
1087623	0.212735 
1087624	0.204865 
1087625	0.197948 
1087626	0.189535 
1087627	0.177615 
1087628	0.161132 
1087629	0.140338 
1087630	0.116789 
1087631	0.093037 
1087632	0.072082 
1087633	0.056726 
1087634	0.048983 
1087635	0.049677 
1087636	0.058384 
1087637	0.073726 
1087638	0.093893 
1087639	0.117167 
1087640	0.142222 
1087641	0.168192 
1087642	0.194496 
1087643	0.220567 
1087644	0.245715 
1087645	0.269134 
1087646	0.290048 
1087647	0.307888 
1087648	0.322430 
1087649	0.333778 
1087650	0.342222 
1087651	0.348012 
1087652	0.351141 
1087653	0.351247 
1087654	0.347679 
1087655	0.339760 
1087656	0.327123 
1087657	0.310008 
1087658	0.289379 
1087659	0.266834 
1087660	0.244288 
1087661	0.223593 
1087662	0.206217 
1087663	0.193138 
1087664	0.184860 
1087665	0.181503 
1087666	0.182861 
1087667	0.188393 
1087668	0.197147 
1087669	0.207709 
1087670	0.218306 
1087671	0.227092 
1087672	0.232611 
1087673	0.234258 
1087674	0.232529 
1087675	0.228922 
1087676	0.225527 
1087677	0.224455 
1087678	0.227264 
1087679	0.234533 
1087680	0.245666 
1087681	0.259023 
1087682	0.272361 
1087683	0.283480 
1087684	0.290885 
1087685	0.294207 
1087686	0.294265 
1087687	0.292738 
1087688	0.291597 
1087689	0.292610 
1087690	0.297010 
1087691	0.305451 
1087692	0.318027 
1087693	0.334274 
1087694	0.353147 
1087695	0.372996 
1087696	0.391665 
1087697	0.406781 
1087698	0.416251 
1087699	0.418838 
1087700	0.414571 
1087701	0.404862 
1087702	0.392175 
1087703	0.379444 
1087704	0.369416 
1087705	0.364077 
1087706	0.364316 
1087707	0.369811 
1087708	0.379180 
1087709	0.390357 
1087710	0.401080 
1087711	0.409379 
1087712	0.413939 
1087713	0.414321 
1087714	0.410937 
1087715	0.404902 
1087716	0.397782 
1087717	0.391337 
1087718	0.387314 
1087719	0.387260 
1087720	0.392297 
1087721	0.402888 
1087722	0.418630 
1087723	0.438176 
1087724	0.459371 
1087725	0.479639 
1087726	0.496553 
1087727	0.508469 
1087728	0.514964 
1087729	0.516911 
1087730	0.516176 
1087731	0.515044 
1087732	0.515683 
1087733	0.519722 
1087734	0.528052 
1087735	0.540770 
1087736	0.557119 
1087737	0.575499 
1087738	0.593516 
1087739	0.608169 
1087740	0.616282 
1087741	0.615151 
1087742	0.603285 
1087743	0.580891 
1087744	0.549910 
1087745	0.513586 
1087746	0.475740 
1087747	0.439994 
1087748	0.409178 
1087749	0.384878 
1087750	0.367216 
1087751	0.354859 
1087752	0.345316 
1087753	0.335522 
1087754	0.322622 
1087755	0.304762 
1087756	0.281625 
1087757	0.254525 
1087758	0.225998 
1087759	0.199109 
1087760	0.176803 
1087761	0.161508 
1087762	0.154971 
1087763	0.158118 
1087764	0.170861 
1087765	0.191819 
1087766	0.218108 
1087767	0.245418 
1087768	0.268617 
1087769	0.282988 
1087770	0.285792 
1087771	0.277385 
1087772	0.261161 
1087773	0.242306 
1087774	0.226127 
1087775	0.216740 
1087776	0.216477 
1087777	0.225830 
1087778	0.243613 
1087779	0.267238 
1087780	0.293063 
1087781	0.316781 
1087782	0.334023 
1087783	0.341280 
1087784	0.336885 
1087785	0.321577 
1087786	0.298241 
1087787	0.271022 
1087788	0.244242 
1087789	0.221608 
1087790	0.205705 
1087791	0.197712 
1087792	0.197229 
1087793	0.202221 
1087794	0.209196 
1087795	0.213740 
1087796	0.211569 
1087797	0.199919 
1087798	0.178601 
1087799	0.150143 
1087800	0.118986 
1087801	0.090237 
1087802	0.068563 
1087803	0.057395 
1087804	0.058513 
1087805	0.071869 
1087806	0.095575 
1087807	0.125951 
1087808	0.157699 
1087809	0.184443 
1087810	0.199982 
1087811	0.200143 
1087812	0.184300 
1087813	0.155509 
1087814	0.119203 
1087815	0.081442 
1087816	0.047763 
1087817	0.022637 
1087818	0.009168 
1087819	0.008945 
1087820	0.022024 
1087821	0.047074 
1087822	0.081539 
1087823	0.121842 
1087824	0.163562 
1087825	0.201668 
1087826	0.231061 
1087827	0.247670 
1087828	0.249746 
1087829	0.238605 
1087830	0.218270 
1087831	0.194231 
1087832	0.172087 
1087833	0.156619 
1087834	0.151301 
1087835	0.158042 
1087836	0.176967 
1087837	0.206267 
1087838	0.242224 
1087839	0.279526 
1087840	0.311923 
1087841	0.333353 
1087842	0.339487 
1087843	0.329161 
1087844	0.304860 
1087845	0.271832 
1087846	0.236417 
1087847	0.204517 
1087848	0.180687 
1087849	0.167817 
1087850	0.166997 
1087851	0.177344 
1087852	0.195840 
1087853	0.217414 
1087854	0.235634 
1087855	0.244123 
1087856	0.238427 
1087857	0.217491 
1087858	0.183910 
1087859	0.142881 
1087860	0.100676 
1087861	0.063371 
1087862	0.036076 
1087863	0.022504 
1087864	0.024758 
1087865	0.043291 
1087866	0.076943 
1087867	0.122912 
1087868	0.176669 
1087869	0.231807 
1087870	0.280305 
1087871	0.313931 
1087872	0.326956 
1087873	0.318566 
1087874	0.293154 
1087875	0.258286 
1087876	0.221966 
1087877	0.190784 
1087878	0.169199 
1087879	0.159376 
1087880	0.161284 
1087881	0.172871 
1087882	0.190327 
1087883	0.208551 
1087884	0.221864 
1087885	0.225118 
1087886	0.215140 
1087887	0.191862 
1087888	0.158322 
1087889	0.119526 
1087890	0.081083 
1087891	0.048237 
1087892	0.025316 
1087893	0.015395 
1087894	0.020083 
1087895	0.039334 
1087896	0.071287 
1087897	0.112221 
1087898	0.156797 
1087899	0.198732 
1087900	0.231796 
1087901	0.251203 
1087902	0.255089 
1087903	0.245171 
1087904	0.225910 
1087905	0.202848 
1087906	0.181175 
1087907	0.164960 
1087908	0.156881 
1087909	0.158176 
1087910	0.168742 
1087911	0.187183 
1087912	0.210818 
1087913	0.235763 
1087914	0.257308 
1087915	0.270787 
1087916	0.272858 
1087917	0.262644 
1087918	0.242149 
1087919	0.215668 
1087920	0.188584 
1087921	0.166101 
1087922	0.152322 
1087923	0.149728 
1087924	0.158988 
1087925	0.179030 
1087926	0.207254 
1087927	0.239824 
1087928	0.272010 
1087929	0.298763 
1087930	0.315627 
1087931	0.319885 
1087932	0.311397 
1087933	0.292636 
1087934	0.267906 
1087935	0.242255 
1087936	0.220507 
1087937	0.206587 
1087938	0.203084 
1087939	0.210947 
1087940	0.229314 
1087941	0.255468 
1087942	0.285044 
1087943	0.312547 
1087944	0.332235 
1087945	0.339403 
1087946	0.331752 
1087947	0.310247 
1087948	0.278749 
1087949	0.242705 
1087950	0.207644 
1087951	0.178209 
1087952	0.157695 
1087953	0.147973 
1087954	0.149533 
1087955	0.161589 
1087956	0.182111 
1087957	0.207872 
1087958	0.234638 
1087959	0.257662 
1087960	0.272487 
1087961	0.276013 
1087962	0.267382 
1087963	0.248246 
1087964	0.222276 
1087965	0.194146 
1087966	0.168490 
1087967	0.149065 
1087968	0.138316 
1087969	0.137216 
1087970	0.145328 
1087971	0.160937 
1087972	0.181178 
1087973	0.202191 
1087974	0.219447 
1087975	0.228345 
1087976	0.225165 
1087977	0.208064 
1087978	0.177655 
1087979	0.136838 
1087980	0.090096 
1087981	0.042644 
1087982	-0.000301 
1087983	-0.034197 
1087984	-0.055654 
1087985	-0.062715 
1087986	-0.054838 
1087987	-0.032819 
1087988	0.001342 
1087989	0.044487 
1087990	0.092239 
1087991	0.138852 
1087992	0.177287 
1087993	0.200258 
1087994	0.202409 
1087995	0.182542 
1087996	0.144199 
1087997	0.094287 
1087998	0.040976 
1087999	-0.007895 
1088000	-0.045754 
1088001	-0.067890 
1089501	0.334271 
1089502	0.332168 
1089503	0.334301 
1089504	0.339963 
1089505	0.347872 
1089506	0.356324 
1089507	0.363566 
1089508	0.368183 
1089509	0.369470 
1089510	0.367604 
1089511	0.363524 
1089512	0.358618 
1089513	0.354266 
1089514	0.351432 
1089515	0.350368 
1089516	0.350542 
1089517	0.350761 
1089518	0.349499 
1089519	0.345327 
1089520	0.337327 
1089521	0.325378 
1089522	0.310183 
1089523	0.293102 
1089524	0.275824 
1089525	0.260058 
1089526	0.247314 
1089527	0.238749 
1089528	0.235132 
1089529	0.236754 
1089530	0.243343 
1089531	0.253949 
1089532	0.266886 
1089533	0.279830 
1089534	0.290159 
1089535	0.295473 
1089536	0.294220 
1089537	0.286166 
1089538	0.272540 
1089539	0.255733 
1089540	0.238642 
1089541	0.223964 
1089542	0.213662 
1089543	0.208769 
1089544	0.209448 
1089545	0.215237 
1089546	0.225289 
1089547	0.238477 
1089548	0.253450 
1089549	0.268664 
1089550	0.282525 
1089551	0.293666 
1089552	0.301296 
1089553	0.305459 
1089554	0.307034 
1089555	0.307485 
1089556	0.308405 
1089557	0.311046 
1089558	0.315937 
1089559	0.322689 
1089560	0.330049 
1089561	0.336188 
1089562	0.339165 
1089563	0.337472 
1089564	0.330445 
1089565	0.318425 
1089566	0.302576 
1089567	0.284518 
1089568	0.265934 
1089569	0.248373 
1089570	0.233207 
1089571	0.221706 
1089572	0.215076 
1089573	0.214352 
1089574	0.220180 
1089575	0.232531 
1089576	0.250427 
1089577	0.271851 
1089578	0.293917 
1089579	0.313385 
1089580	0.327377 
1089581	0.334113 
1089582	0.333345 
1089583	0.326341 
1089584	0.315434 
1089585	0.303357 
1089586	0.292686 
1089587	0.285548 
1089588	0.283543 
1089589	0.287721 
1089590	0.298505 
1089591	0.315550 
1089592	0.337547 
1089593	0.362220 
1089594	0.386513 
1089595	0.407118 
1089596	0.421199 
1089597	0.427114 
1089598	0.424866 
1089599	0.416050 
1089600	0.403324 
1089601	0.389677 
1089602	0.377729 
1089603	0.369279 
1089604	0.365142 
1089605	0.365222 
1089606	0.368685 
1089607	0.374171 
1089608	0.379956 
1089609	0.384102 
1089610	0.384690 
1089611	0.380148 
1089612	0.369676 
1089613	0.353594 
1089614	0.333505 
1089615	0.312155 
1089616	0.293004 
1089617	0.279571 
1089618	0.274688 
1089619	0.279815 
1089620	0.294579 
1089621	0.316687 
1089622	0.342208 
1089623	0.366195 
1089624	0.383637 
1089625	0.390608 
1089626	0.385384 
1089627	0.368961 
1089628	0.344690 
1089629	0.317187 
1089630	0.291157 
1089631	0.270608 
1089632	0.258480 
1089633	0.256566 
1089634	0.265403 
1089635	0.284065 
1089636	0.309940 
1089637	0.338706 
1089638	0.364811 
1089639	0.382689 
1089640	0.388482 
1089641	0.381507 
1089642	0.364483 
1089643	0.342473 
1089644	0.321166 
1089645	0.305394 
1089646	0.298203 
1089647	0.300494 
1089648	0.311059 
1089649	0.326872 
1089650	0.343578 
1089651	0.356195 
1089652	0.360042 
1089653	0.351863 
1089654	0.330770 
1089655	0.298499 
1089656	0.258845 
1089657	0.216667 
1089658	0.177007 
1089659	0.144478 
1089660	0.122852 
1089661	0.114583 
1089662	0.120286 
1089663	0.138265 
1089664	0.164369 
1089665	0.192358 
1089666	0.214996 
1089667	0.225926 
1089668	0.221817 
1089669	0.203632 
1089670	0.176151 
1089671	0.146047 
1089672	0.119773 
1089673	0.102214 
1089674	0.096309 
1089675	0.103290 
1089676	0.123092 
1089677	0.154561 
1089678	0.195320 
1089679	0.241435 
1089680	0.287303 
1089681	0.326304 
1089682	0.352533 
1089683	0.362928 
1089684	0.358547 
1089685	0.344060 
1089686	0.325986 
1089687	0.310792 
1089688	0.303543 
1089689	0.307098 
1089690	0.321730 
1089691	0.345087 
1089692	0.372556 
1089693	0.397997 
1089694	0.414926 
1089695	0.418207 
1089696	0.405746 
1089697	0.379227 
1089698	0.343383 
1089699	0.304316 
1089700	0.268019 
1089701	0.239545 
1089702	0.222674 
1089703	0.219755 
1089704	0.231503 
1089705	0.256664 
1089706	0.291622 
1089707	0.330322 
1089708	0.364852 
1089709	0.387014 
1089710	0.390904 
1089711	0.375325 
1089712	0.344444 
1089713	0.306174 
1089714	0.269499 
1089715	0.242234 
1089716	0.229755 
1089717	0.234401 
1089718	0.255445 
1089719	0.289418 
1089720	0.330686 
1089721	0.372121 
1089722	0.406135 
1089723	0.426357 
1089724	0.429736 
1089725	0.417696 
1089726	0.395527 
1089727	0.370384 
1089728	0.349258 
1089729	0.337728 
1089730	0.339399 
1089731	0.355604 
1089732	0.385126 
1089733	0.423943 
1089734	0.465232 
1089735	0.500066 
1089736	0.519402 
1089737	0.517190 
1089738	0.492992 
1089739	0.452216 
1089740	0.403812 
1089741	0.357128 
1089742	0.319754 
1089743	0.296657 
1089744	0.290004 
1089745	0.299276 
1089746	0.321468 
1089747	0.351384 
1089748	0.382141 
1089749	0.406031 
1089750	0.416288 
1089751	0.409493 
1089752	0.386923 
1089753	0.353803 
1089754	0.317183 
1089755	0.283999 
1089756	0.260004 
1089757	0.249164 
1089758	0.253186 
1089759	0.271147 
1089760	0.299351 
1089761	0.331640 
1089762	0.360375 
1089763	0.378145 
1089764	0.380028 
1089765	0.365407 
1089766	0.338129 
1089767	0.304925 
1089768	0.273233 
1089769	0.249501 
1089770	0.238189 
1089771	0.241499 
1089772	0.259560 
1089773	0.290683 
1089774	0.331547 
1089775	0.377274 
1089776	0.421538 
1089777	0.457041 
1089778	0.477132 
1089779	0.478202 
1089780	0.461231 
1089781	0.431300 
1089782	0.395632 
1089783	0.361613 
1089784	0.335391 
1089785	0.321090 
1089786	0.320367 
1089787	0.332134 
1089788	0.352513 
1089789	0.375092 
1089790	0.391695 
1089791	0.394018 
1089792	0.376238 
1089793	0.337590 
1089794	0.283069 
1089795	0.221427 
1089796	0.161819 
1089797	0.111363 
1089798	0.074563 
1089799	0.053744 
1089800	0.049490 
1089801	0.060807 
1089802	0.084950 
1089803	0.117083 
1089804	0.150182 
1089805	0.175785 
1089806	0.186081 
1089807	0.176767 
1089808	0.148965 
1089809	0.108851 
1089810	0.065435 
1089811	0.028103 
1089812	0.004798 
1089813	0.000895 
1089814	0.018666 
1089815	0.057331 
1089816	0.113413 
1089817	0.181085 
1089818	0.252256 
1089819	0.316832 
1089820	0.364246 
1089821	0.386791 
1089822	0.382976 
1089823	0.358078 
1089824	0.321323 
1089825	0.282218 
1089826	0.248551 
1089827	0.225970 
1089828	0.217899 
1089829	0.225362 
1089830	0.246690 
1089831	0.277340 
1089832	0.310009 
1089833	0.335351 
1089834	0.344092 
1089835	0.330682 
1089836	0.296067 
1089837	0.247179 
1089838	0.193749 
1089839	0.145100 
1089840	0.108351 
1089841	0.087817 
1089842	0.085204 
1089843	0.100098 
1089844	0.130300 
1089845	0.171862 
1089846	0.218913 
1089847	0.263623 
1089848	0.296982 
1089849	0.311099 
1089850	0.302393 
1089851	0.273437 
1089852	0.232060 
1089853	0.188530 
1089854	0.152811 
1089855	0.132918 
1089856	0.133986 
1089857	0.157551 
1089858	0.201143 
1089859	0.258365 
1089860	0.319522 
1089861	0.372890 
1089862	0.407442 
1089863	0.416911 
1089864	0.402584 
1089865	0.372276 
1089866	0.336410 
1089867	0.304217 
1089868	0.281960 
1089869	0.272900 
1089870	0.277866 
1089871	0.295690 
1089872	0.323244 
1089873	0.355230 
1089874	0.384135 
1089875	0.401254 
1089876	0.399185 
1089877	0.375078 
1089878	0.332424 
1089879	0.279897 
1089880	0.228038 
1089881	0.186426 
1089882	0.162384 
1089883	0.160219 
1089884	0.180684 
1089885	0.220929 
1089886	0.274853 
1089887	0.333703 
1089888	0.386890 
1089889	0.423559 
1089890	0.435539 
1089891	0.420500 
1089892	0.382858 
1089893	0.331569 
1089894	0.276638 
1089895	0.226894 
1089896	0.189358 
1089897	0.169200 
1089898	0.169591 
1089899	0.191418 
1089900	0.232886 
1089901	0.289320 
1089902	0.353151 
1089903	0.414348 
1089904	0.462140 
1089905	0.488142 
1089906	0.489446 
1089907	0.469750 
1089908	0.437452 
1089909	0.402099 
1089910	0.371622 
1089911	0.351220 
1089912	0.343250 
1089913	0.347486 
1089914	0.361449 
1089915	0.380625 
1089916	0.398567 
1089917	0.407382 
1089918	0.399512 
1089919	0.370527 
1089920	0.321109 
1089921	0.256937 
1089922	0.186581 
1089923	0.118961 
1089924	0.061918 
1089925	0.021678 
1089926	0.002415 
1089927	0.005800 
1089928	0.030738 
1089929	0.073419 
1089930	0.127606 
1089931	0.185072 
1089932	0.236176 
1089933	0.271109 
1089934	0.282479 
1089935	0.268172 
1089936	0.232173 
1089937	0.182610 
1089938	0.128615 
1089939	0.078271 
1089940	0.037990 
1089941	0.012510 
1089942	0.004817 
1089943	0.015956 
1089944	0.044801 
1089945	0.087958 
1089946	0.139878 
1089947	0.193393 
1089948	0.240880 
1089949	0.275873 
1089950	0.294691 
1089951	0.297514 
1089952	0.288005 
1089953	0.271688 
1089954	0.254172 
1089955	0.239995 
1089956	0.232212 
1089957	0.232292 
1089958	0.240140 
1089959	0.254074 
1089960	0.270774 
1089961	0.285432 
1089962	0.292457 
1089963	0.286957 
1089964	0.266542 
1089965	0.232397 
1089966	0.188942 
1089967	0.142302 
1089968	0.098815 
1089969	0.064169 
1089970	0.042690 
1089971	0.036872 
1089972	0.047385 
1089973	0.073306 
1089974	0.112378 
1089975	0.161117 
1089976	0.214739 
1089977	0.266978 
1089978	0.310149 
1089979	0.336358 
1089980	0.340182 
1089981	0.321422 
1089982	0.285610 
1089983	0.241884 
1089984	0.200004 
1089985	0.168376 
1089986	0.153182 
1089987	0.157942 
1089988	0.183233 
1089989	0.226607 
1089990	0.282792 
1089991	0.344181 
1089992	0.401644 
1089993	0.445939 
1089994	0.469996 
1089995	0.471303 
1089996	0.452754 
1089997	0.421194 
1089998	0.384849 
1089999	0.351236 
1090000	0.326168 
1090001	0.313415 
1090002	0.314581 
1090003	0.328948 
1090004	0.353222 
1090005	0.381391 
1090006	0.405222 
1090007	0.416028 
1090008	0.407631 
1090009	0.379149 
1090010	0.335551 
1090011	0.285624 
1090012	0.239054 
1090013	0.204235 
1090014	0.187063 
1090015	0.190401 
1090016	0.213966 
1090017	0.254442 
1090018	0.305696 
1090019	0.359059 
1090020	0.403918 
1090021	0.429410 
1090022	0.427951 
1090023	0.398845 
1090024	0.348851 
1090025	0.289074 
1090026	0.230923 
1090027	0.183819 
1090028	0.154540 
1090029	0.147144 
1090030	0.162958 
1090031	0.200457 
1090032	0.255148 
1090033	0.319699 
1090034	0.384295 
1090035	0.437405 
1090036	0.468362 
1090037	0.471420 
1090038	0.448224 
1090039	0.406734 
1090040	0.357563 
1090041	0.310570 
1090042	0.273232 
1090043	0.250184 
1090044	0.243236 
1090045	0.251538 
1090046	0.271695 
1090047	0.297808 
1090048	0.321841 
1090049	0.334971 
1090050	0.330176 
1090051	0.305176 
1090052	0.263679 
1090053	0.213758 
1090054	0.164908 
1090055	0.125726 
1090056	0.102651 
1090057	0.099474 
1090058	0.117177 
1090059	0.153924 
1090060	0.205088 
1090061	0.263347 
1090062	0.319082 
1090063	0.361697 
1090064	0.382440 
1090065	0.377783 
1090066	0.350941 
1090067	0.310222 
1090068	0.265589 
1090069	0.225981 
1090070	0.198227 
1090071	0.186797 
1090072	0.193878 
1090073	0.219455 
1090074	0.261261 
1090075	0.314675 
1090076	0.372890 
1090077	0.427616 
1090078	0.470355 
1090079	0.494378 
1090080	0.496895 
1090081	0.479914 
1090082	0.449146 
1090083	0.411864 
1090084	0.375055 
1090085	0.344313 
1090086	0.323283 
1090087	0.313502 
1090088	0.314512 
1090089	0.324146 
1090090	0.338912 
1090091	0.354491 
1090092	0.366424 
1090093	0.371073 
1090094	0.366616 
1090095	0.353505 
1090096	0.334209 
1090097	0.312499 
1090098	0.292519 
1090099	0.277962 
1090100	0.271514 
1090101	0.274521 
1090102	0.286736 
1090103	0.306077 
1090104	0.328468 
1090105	0.348078 
1090106	0.358379 
1090107	0.354145 
1090108	0.333663 
1090109	0.299867 
1090110	0.259532 
1090111	0.220789 
1090112	0.190679 
1090113	0.174098 
1090114	0.173653 
1090115	0.189678 
1090116	0.220457 
1090117	0.262415 
1090118	0.310232 
1090119	0.357206 
1090120	0.396220 
1090121	0.421319 
1090122	0.429404 
1090123	0.421272 
1090124	0.401246 
1090125	0.375583 
1090126	0.350602 
1090127	0.331291 
1090128	0.320646 
1090129	0.319390 
1090130	0.325965 
1090131	0.336714 
1090132	0.346412 
1090133	0.349268 
1090134	0.340429 
1090135	0.317735 
1090136	0.282805 
1090137	0.240655 
1090138	0.198143 
1090139	0.162178 
1090140	0.138432 
1090141	0.130729 
1090142	0.140823 
1090143	0.168237 
1090144	0.209990 
1090145	0.260232 
1090146	0.310228 
1090147	0.349367 
1090148	0.368023 
1090149	0.361572 
1090150	0.332792 
1090151	0.290737 
1090152	0.246995 
1090153	0.212055 
1090154	0.193412 
1090155	0.195124 
1090156	0.217842 
1090157	0.259073 
1090158	0.313632 
1090159	0.374387 
1090160	0.433233 
1090161	0.482382 
1090162	0.516049 
1090163	0.532081 
1090164	0.532390 
1090165	0.521842 
1090166	0.506465 
1090167	0.491912 
1090168	0.482571 
1090169	0.481108 
1090170	0.488192 
1090171	0.502299 
1090172	0.519770 
1090173	0.535183 
1090174	0.542346 
1090175	0.535984 
1090176	0.513799 
1090177	0.477658 
1090178	0.433120 
1090179	0.387683 
1090180	0.348765 
1090181	0.322190 
1090182	0.311410 
1090183	0.317248 
1090184	0.338039 
1090185	0.369956 
1090186	0.407337 
1090187	0.443120 
1090188	0.469777 
1090189	0.480985 
1090190	0.473639 
1090191	0.448994 
1090192	0.412148 
1090193	0.370270 
1090194	0.330653 
1090195	0.299432 
1090196	0.280871 
1090197	0.276985 
1090198	0.287337 
1090199	0.309110 
1090200	0.337534 
1090201	0.366677 
1090202	0.390574 
1090203	0.404655 
1090204	0.407001 
1090205	0.398720 
1090206	0.383302 
1090207	0.365227 
1090208	0.348639 
1090209	0.336546 
1090210	0.330529 
1090211	0.330752 
1090212	0.336027 
1090213	0.343865 
1090214	0.350628 
1090215	0.351962 
1090216	0.343714 
1090217	0.323270 
1090218	0.290691 
1090219	0.248982 
1090220	0.203241 
1090221	0.159264 
1090222	0.122267 
1090223	0.096101 
1090224	0.082768 
1090225	0.082196 
1090226	0.092241 
1090227	0.109006 
1090228	0.127466 
1090229	0.142434 
1090230	0.149810 
1090231	0.147703 
1090232	0.136905 
1090233	0.120427 
1090234	0.102363 
1090235	0.086772 
1090236	0.076941 
1090237	0.075098 
1090238	0.082344 
1090239	0.098635 
1090240	0.122740 
1090241	0.152179 
1090242	0.183347 
1090243	0.211944 
1090244	0.233823 
1090245	0.246074 
1090246	0.247931 
1090247	0.240959 
1090248	0.228485 
1090249	0.214547 
1090250	0.202822 
1090251	0.195855 
1090252	0.194731 
1090253	0.199207 
1090254	0.208086 
1090255	0.219723 
1090256	0.232385 
1090257	0.244463 
1090258	0.254528 
1090259	0.261350 
1090260	0.264030 
1090261	0.262214 
1090262	0.256332 
1090263	0.247729 
1090264	0.238611 
1090265	0.231749 
1090266	0.229922 
1090267	0.235252 
1090268	0.248518 
1090269	0.268784 
1090270	0.293440 
1090271	0.318723 
1090272	0.340576 
1090273	0.355627 
1090274	0.362035 
1090275	0.359923 
1090276	0.351203 
1090277	0.338893 
1090278	0.326281 
1090279	0.316247 
1090280	0.310911 
1090281	0.311543 
1090282	0.318545 
1090283	0.331418 
1090284	0.348662 
1090285	0.367761 
1090286	0.385369 
1090287	0.397835 
1090288	0.402071 
1090289	0.396441 
1090290	0.381337 
1090291	0.359134 
1090292	0.333551 
1090293	0.308760 
1090294	0.288480 
1090295	0.275339 
1090296	0.270583 
1090297	0.274118 
1090298	0.284715 
1090299	0.300217 
1090300	0.317658 
1090301	0.333433 
1090302	0.343661 
1090303	0.344905 
1090304	0.335134 
1090305	0.314457 
1090306	0.285267 
1090307	0.251693 
1090308	0.218674 
1090309	0.191082 
1090310	0.172929 
1090311	0.166717 
1090312	0.172922 
1090313	0.189762 
1090314	0.213381 
1090315	0.238448 
1090316	0.259156 
1090317	0.270564 
1090318	0.270073 
1090319	0.258314 
1090320	0.238879 
1090321	0.217002 
1090322	0.197916 
1090323	0.185649 
1090324	0.182444 
1090325	0.188672 
1090326	0.202909 
1090327	0.222131 
1090328	0.242026 
1090329	0.257630 
1090330	0.264405 
1090331	0.259542 
1090332	0.242897 
1090333	0.217075 
1090334	0.186627 
1090335	0.156848 
1090336	0.132757 
1090337	0.118353 
1090338	0.116102 
1090339	0.126580 
1090340	0.148338 
1090341	0.178044 
1090342	0.210854 
1090343	0.241104 
1090344	0.263401 
1090345	0.274010 
1090346	0.271982 
1090347	0.259346 
1090348	0.240185 
1090349	0.219218 
1090350	0.200671 
1090351	0.187777 
1090352	0.182725 
1090353	0.186707 
1090354	0.199892 
1090355	0.221278 
1090356	0.248499 
1090357	0.277883 
1090358	0.304961 
1090359	0.325498 
1090360	0.336744 
1090361	0.338365 
1090362	0.332572 
1090363	0.323338 
1090364	0.315159 
1090365	0.311812 
1090366	0.315580 
1090367	0.326925 
1090368	0.344586 
1090369	0.365896 
1090370	0.387262 
1090371	0.404805 
1090372	0.415178 
1090373	0.416450 
1090374	0.408656 
1090375	0.393769 
1090376	0.375113 
1090377	0.356511 
1090378	0.341606 
1090379	0.333352 
1090380	0.333651 
1090381	0.343007 
1090382	0.360242 
1090383	0.382421 
1090384	0.405143 
1090385	0.423347 
1090386	0.432593 
1090387	0.430499 
1090388	0.417651 
1090389	0.397436 
1090390	0.374881 
1090391	0.355097 
1090392	0.342023 
1090393	0.337773 
1090394	0.342534 
1090395	0.354825 
1090396	0.371938 
1090397	0.390431 
1090398	0.406670 
1090399	0.417440 
1090400	0.420615 
1090401	0.415660 
1090402	0.403766 
1090403	0.387530 
1090404	0.370312 
1090405	0.355497 
1090406	0.345852 
1090407	0.343076 
1090408	0.347538 
1090409	0.358177 
1090410	0.372659 
1090411	0.387742 
1090412	0.399928 
1090413	0.406194 
1090414	0.404700 
1090415	0.395208 
1090416	0.379071 
1090417	0.358811 
1090418	0.337444 
1090419	0.317849 
1090420	0.302380 
1090421	0.292705 
1090422	0.289793 
1090423	0.293882 
1090424	0.304394 
1090425	0.319781 
1090426	0.337414 
1090427	0.353714 
1090428	0.364736 
1090429	0.367179 
1090430	0.359476 
1090431	0.342390 
1090432	0.318770 
1090433	0.292628 
1090434	0.268035 
1090435	0.248204 
1090436	0.234972 
1090437	0.228683 
1090438	0.228370 
1090439	0.232138 
1090440	0.237618 
1090441	0.242411 
1090442	0.244532 
1090443	0.242761 
1090444	0.236879 
1090445	0.227620 
1090446	0.216447 
1090447	0.205180 
1090448	0.195647 
1090449	0.189374 
1090450	0.187341 
1090451	0.189807 
1090452	0.196183 
1090453	0.205019 
1090454	0.214196 
1090455	0.221454 
1090456	0.225116 
1090457	0.224753 
1090458	0.221411 
1090459	0.217368 
1090460	0.215463 
1090461	0.218354 
1090462	0.227853 
1090463	0.244467 
1090464	0.267239 
1090465	0.293855 
1090466	0.320961 
1090467	0.344695 
1090468	0.361466 
1090469	0.368837 
1090470	0.366270 
1090471	0.355314 
1090472	0.339129 
1090473	0.321607 
1090474	0.306437 
1090475	0.296400 
1090476	0.292941 
1090477	0.296017 
1090478	0.304197 
1090479	0.315029 
1090480	0.325623 
1090481	0.333400 
1090482	0.336849 
1090483	0.335977 
1090484	0.332286 
1090485	0.328278 
1090486	0.326709 
1090487	0.329875 
1090488	0.339085 
1090489	0.354362 
1090490	0.374394 
1090491	0.396730 
1090492	0.418250 
1090493	0.435834 
1090494	0.447166 
1090495	0.451375 
1090496	0.449283 
1090497	0.443104 
1090498	0.435782 
1090499	0.430263 
1090500	0.428920 
1090501	0.433195 
1090502	0.443401 
1090503	0.458684 
1090504	0.477095 
1090505	0.495841 
1090506	0.511743 
1090507	0.521847 
1090508	0.524132 
1090509	0.518037 
1090510	0.504617 
1090511	0.486234 
1090512	0.465948 
1090513	0.446766 
1090514	0.431061 
1090515	0.420148 
1090516	0.414073 
1090517	0.411628 
1090518	0.410625 
1090519	0.408431 
1090520	0.402655 
1090521	0.391854 
1090522	0.375992 
1090523	0.356521 
1090524	0.336009 
1090525	0.317545 
1090526	0.304132 
1090527	0.298217 
1090528	0.301330 
1090529	0.313803 
1090530	0.334584 
1090531	0.361227 
1090532	0.390152 
1090533	0.417233 
1090534	0.438720 
1090535	0.452217 
1090536	0.457361 
1090537	0.455809 
1090538	0.450613 
1090539	0.445220 
1090540	0.442592 
1090541	0.444582 
1090542	0.451606 
1090543	0.462482 
1090544	0.474513 
1090545	0.483833 
1090546	0.486189 
1090547	0.478137 
1090548	0.458308 
1090549	0.428138 
1090550	0.391586 
1090551	0.353995 
1090552	0.320690 
1090553	0.295830 
1090554	0.281707 
1090555	0.278376 
1090556	0.283639 
1090557	0.293407 
1090558	0.302540 
1090559	0.306151 
1090560	0.301120 
1090561	0.287139 
1090562	0.266747 
1090563	0.244351 
1090564	0.224857 
1090565	0.212519 
1090566	0.210282 
1090567	0.219452 
1090568	0.239512 
1090569	0.268017 
1090570	0.300696 
1090571	0.332041 
1090572	0.356501 
1090573	0.370140 
1090574	0.372014 
1090575	0.364499 
1090576	0.352361 
1090577	0.341180 
1090578	0.335878 
1090579	0.339816 
1090580	0.354323 
1090581	0.378533 
1090582	0.409435 
1090583	0.442219 
1090584	0.471061 
1090585	0.490446 
1090586	0.496784 
1090587	0.489589 
1090588	0.471562 
1090589	0.447542 
1090590	0.422977 
1090591	0.402673 
1090592	0.390043 
1090593	0.386769 
1090594	0.392742 
1090595	0.406129 
1090596	0.423623 
1090597	0.440903 
1090598	0.453387 
1090599	0.457347 
1090600	0.451059 
1090601	0.435455 
1090602	0.413834 
1090603	0.390902 
1090604	0.371570 
1090605	0.359928 
1090606	0.358559 
1090607	0.368173 
1090608	0.387551 
1090609	0.413698 
1090610	0.442181 
1090611	0.467760 
1090612	0.485389 
1090613	0.491606 
1090614	0.485660 
1090615	0.469873 
1090616	0.448921 
1090617	0.428478 
1090618	0.413880 
1090619	0.409206 
1090620	0.416718 
1090621	0.436613 
1090622	0.466939 
1090623	0.503694 
1090624	0.541247 
1090625	0.573198 
1090626	0.593708 
1090627	0.599109 
1090628	0.589040 
1090629	0.566481 
1090630	0.536601 
1090631	0.505167 
1090632	0.477209 
1090633	0.456222 
1090634	0.443818 
1090635	0.439719 
1090636	0.441974 
1090637	0.447291 
1090638	0.451537 
1090639	0.450497 
1090640	0.440941 
1090641	0.421682 
1090642	0.393991 
1090643	0.361211 
1090644	0.327758 
1090645	0.298019 
1090646	0.275560 
1090647	0.262642 
1090648	0.260012 
1090649	0.266800 
1090650	0.280563 
1090651	0.297482 
1090652	0.312797 
1090653	0.321536 
1090654	0.319661 
1090655	0.305383 
1090656	0.279861 
1090657	0.246843 
1090658	0.211529 
1090659	0.179384 
1090660	0.155069 
1090661	0.141684 
1090662	0.140514 
1090663	0.151080 
1090664	0.171374 
1090665	0.198203 
1090666	0.227496 
1090667	0.254599 
1090668	0.274684 
1090669	0.283540 
1090670	0.278646 
1090671	0.259939 
1090672	0.229813 
1090673	0.192349 
1090674	0.152232 
1090675	0.113822 
1090676	0.080539 
1090677	0.054527 
1090678	0.036525 
1090679	0.025978 
1090680	0.021326 
1090681	0.020458 
1090682	0.021191 
1090683	0.021596 
1090684	0.020276 
1090685	0.016515 
1090686	0.010328 
1090687	0.002372 
1090688	-0.006187 
1090689	-0.013816 
1090690	-0.018802 
1090691	-0.019511 
1090692	-0.014722 
1090693	-0.003924 
1090694	0.012455 
1090695	0.033020 
1090696	0.055556 
1090697	0.077415 
1090698	0.096038 
1090699	0.109574 
1090700	0.117351 
1090701	0.120052 
1090702	0.119452 
1090703	0.117894 
1090704	0.117717 
1090705	0.120856 
1090706	0.128666 
1090707	0.141849 
1090708	0.160398 
1090709	0.183502 
1090710	0.209486 
1090711	0.235866 
1090712	0.259587 
1090713	0.277535 
1090714	0.287259 
1090715	0.287654 
1090716	0.279330 
1090717	0.264506 
1090718	0.246469 
1090719	0.228900 
1090720	0.215243 
1090721	0.208228 
1090722	0.209563 
1090723	0.219745 
1090724	0.237956 
1090725	0.262093 
1090726	0.288887 
1090727	0.314207 
1090728	0.333637 
1090729	0.343397 
1090730	0.341395 
1090731	0.327934 
1090732	0.305640 
1090733	0.278668 
1090734	0.251674 
1090735	0.228957 
1090736	0.213872 
1090737	0.208474 
1090738	0.213256 
1090739	0.227079 
1090740	0.247302 
1090741	0.270093 
1090742	0.290975 
1090743	0.305565 
1090744	0.310510 
1090745	0.304333 
1090746	0.287880 
1090747	0.264083 
1090748	0.237187 
1090749	0.211784 
1090750	0.191982 
1090751	0.180768 
1090752	0.179591 
1090753	0.188131 
1090754	0.204201 
1090755	0.223885 
1090756	0.242008 
1090757	0.253090 
1090758	0.252762 
1090759	0.239222 
1090760	0.213890 
1090761	0.180887 
1090762	0.145673 
1090763	0.113688 
1090764	0.089501 
1090765	0.076381 
1090766	0.076095 
1090767	0.088770 
1090768	0.112791 
1090769	0.144799 
1090770	0.179854 
1090771	0.211892 
1090772	0.234716 
1090773	0.243619 
1090774	0.236937 
1090775	0.216654 
1090776	0.187567 
1090777	0.155677 
1090778	0.126695 
1090779	0.105155 
1090780	0.093994 
1090781	0.094315 
1090782	0.105323 
1090783	0.124466 
1090784	0.147823 
1090785	0.170717 
1090786	0.188500 
1090787	0.197442 
1090788	0.195497 
1090789	0.182736 
1090790	0.161219 
1090791	0.134421 
1090792	0.106439 
1090793	0.081267 
1090794	0.062273 
1090795	0.051850 
1090796	0.051267 
1090797	0.060613 
1090798	0.078810 
1090799	0.103665 
1090800	0.132011 
1090801	0.159989 
1090802	0.183515 
1090803	0.198964 
1090804	0.203960 
1090805	0.197982 
1090806	0.182485 
1090807	0.160473 
1090808	0.135697 
1090809	0.111905 
1090810	0.092241 
1090811	0.078946 
1090812	0.073206 
1090813	0.075142 
1090814	0.083856 
1090815	0.097502 
1090816	0.113469 
1090817	0.128648 
1090818	0.139922 
1090819	0.144766 
1090820	0.141890 
1090821	0.131638 
1090822	0.115926 
1090823	0.097772 
1090824	0.080558 
1090825	0.067325 
1090826	0.060262 
1090827	0.060442 
1090828	0.067791 
1090829	0.081196 
1090830	0.098685 
1090831	0.117688 
1090832	0.135399 
1090833	0.149232 
1090834	0.157375 
1090835	0.159214 
1090836	0.155461 
1090837	0.147944 
1090838	0.139152 
1090839	0.131731 
1090840	0.128049 
1090841	0.129927 
1090842	0.138469 
1090843	0.153986 
1090844	0.175995 
1090845	0.203270 
1090846	0.233936 
1090847	0.265584 
1090848	0.295436 
1090849	0.320642 
1090850	0.338677 
1090851	0.347803 
1090852	0.347440 
1090853	0.338298 
1090854	0.322181 
1090855	0.301611 
1090856	0.279357 
1090857	0.258040 
1090858	0.239824 
1090859	0.226282 
1090860	0.218388 
1090861	0.216569 
1090862	0.220763 
1090863	0.230409 
1090864	0.244388 
1090865	0.260991 
1090866	0.277984 
1090867	0.292794 
1090868	0.302872 
1090869	0.306120 
1090870	0.301369 
1090871	0.288734 
1090872	0.269678 
1090873	0.246748 
1090874	0.223028 
1090875	0.201543 
1090876	0.184746 
1090877	0.174183 
1090878	0.170346 
1090879	0.172636 
1090880	0.179487 
1090881	0.188605 
1090882	0.197327 
1090883	0.203095 
1090884	0.203938 
1090885	0.198898 
1090886	0.188257 
1090887	0.173532 
1090888	0.157175 
1090889	0.142142 
1090890	0.131346 
1090891	0.127157 
1090892	0.130984 
1090893	0.143013 
1090894	0.162059 
1090895	0.185557 
1090896	0.209750 
1090897	0.230165 
1090898	0.242491 
1090899	0.243687 
1090900	0.232985 
1090901	0.212159 
1090902	0.184986 
1090903	0.156236 
1090904	0.130752 
1090905	0.112788 
1090906	0.105641 
1090907	0.111347 
1090908	0.130394 
1090909	0.161418 
1090910	0.200938 
1090911	0.243338 
1090912	0.281359 
1090913	0.307571 
1090914	0.316720 
1090915	0.307856 
1090916	0.284750 
1090917	0.254384 
1090918	0.224625 
1090919	0.202447 
1090920	0.192957 
1090921	0.198950 
1090922	0.220722 
1090923	0.256058 
1090924	0.300348 
1090925	0.346955 
1090926	0.388061 
1090927	0.416266 
1090928	0.426838 
1090929	0.419481 
1090930	0.398435 
1090931	0.370802 
1090932	0.344344 
1090933	0.325787 
1090934	0.319842 
1090935	0.328706 
1090936	0.351818 
1090937	0.385805 
1090938	0.424662 
1090939	0.460313 
1090940	0.484021 
1090941	0.488921 
1090942	0.472773 
1090943	0.438946 
1090944	0.394933 
1090945	0.349662 
1090946	0.311295 
1090947	0.285979 
1090948	0.277290 
1090949	0.286053 
1090950	0.310447 
1090951	0.346210 
1090952	0.386968 
1090953	0.424842 
1090954	0.451723 
1090955	0.461355 
1090956	0.451553 
1090957	0.425061 
1090958	0.388395 
1090959	0.349602 
1090960	0.316320 
1090961	0.294591 
1090962	0.288200 
1090963	0.298327 
1090964	0.323507 
1090965	0.359828 
1090966	0.401433 
1090967	0.441278 
1090968	0.472281 
1090969	0.488819 
1090970	0.488291 
1090971	0.471938 
1090972	0.444275 
1090973	0.411492 
1090974	0.379832 
1090975	0.354519 
1090976	0.339161 
1090977	0.335491 
1090978	0.343240 
1090979	0.360170 
1090980	0.382223 
1090981	0.403866 
1090982	0.418772 
1090983	0.421078 
1090984	0.407094 
1090985	0.376639 
1090986	0.333154 
1090987	0.282498 
1090988	0.231276 
1090989	0.185593 
1090990	0.150329 
1090991	0.128775 
1090992	0.122475 
1090993	0.131212 
1090994	0.152992 
1090995	0.184030 
1090996	0.218848 
1090997	0.250619 
1090998	0.272081 
1090999	0.277322 
1091000	0.263879 
1091001	0.233837 
1091002	0.193013 
1091003	0.148958 
1091004	0.109000 
1091005	0.079155 
1091006	0.063553 
1091007	0.064173 
1091008	0.080847 
1091009	0.111364 
1091010	0.151711 
1091011	0.196366 
1091012	0.238777 
1091013	0.272072 
1091014	0.290354 
1091015	0.290461 
1091016	0.273194 
1091017	0.243081 
1091018	0.206751 
1091019	0.171009 
1091020	0.141474 
1091021	0.121915 
1091022	0.114069 
1091023	0.117736 
1091024	0.130959 
1091025	0.150239 
1091026	0.170866 
1091027	0.187565 
1091028	0.195594 
1091029	0.192029 
1091030	0.176671 
1091031	0.152072 
1091032	0.122659 
1091033	0.093572 
1091034	0.069580 
1091035	0.054420 
1091036	0.050494 
1091037	0.058884 
1091038	0.079477 
1091039	0.110999 
1091040	0.150899 
1091041	0.195145 
1091042	0.238206 
1091043	0.273583 
1091044	0.295210 
1091045	0.299491 
1091046	0.286799 
1091047	0.261399 
1091048	0.229895 
1091049	0.199240 
1091050	0.175293 
1091051	0.162083 
1091052	0.161578 
1091053	0.173757 
1091054	0.196830 
1091055	0.227545 
1091056	0.261472 
1091057	0.293360 
1091058	0.317810 
1091059	0.330382 
1091060	0.328882 
1091061	0.314115 
1091062	0.289617 
1091063	0.260526 
1091064	0.232326 
1091065	0.209912 
1091066	0.197022 
1091067	0.195828 
1091068	0.206617 
1091069	0.227561 
1091070	0.254708 
1091071	0.282351 
1091072	0.303933 
1091073	0.313527 
1091074	0.307633 
1091075	0.286416 
1091076	0.253582 
1091077	0.214975 
1091078	0.176808 
1091079	0.144413 
1091080	0.121635 
1091081	0.110731 
1091082	0.112467 
1091083	0.126227 
1091084	0.150088 
1091085	0.180778 
1091086	0.213677 
1091087	0.243122 
1091088	0.263275 
1091089	0.269647 
1091090	0.260640 
1091091	0.238235 
1091092	0.207343 
1091093	0.174283 
1091094	0.145219 
1091095	0.125042 
1091096	0.116791 
1091097	0.121479 
1091098	0.138160 
1091099	0.164195 
1091100	0.195537 
1091101	0.227117 
1091102	0.253386 
1091103	0.269194 
1091104	0.271074 
1091105	0.258344 
1091106	0.233356 
1091107	0.200681 
1091108	0.165832 
1091109	0.134163 
1091110	0.110223 
1091111	0.097347 
1091112	0.097403 
1091113	0.110557 
1091114	0.135099 
1091115	0.167431 
1091116	0.202258 
1091117	0.233199 
1091118	0.253933 
1091119	0.259867 
1091120	0.249613 
1091121	0.225304 
1091122	0.191526 
1091123	0.153596 
1091124	0.116296 
1091125	0.083413 
1091126	0.057816 
1091127	0.041646 
1091128	0.036433 
1091129	0.043046 
1091130	0.061488 
1091131	0.090659 
1091132	0.128162 
1091133	0.170269 
1091134	0.212154 
1091135	0.248472 
1091136	0.274377 
1091137	0.286804 
1091138	0.285566 
1091139	0.273470 
1091140	0.255346 
1091141	0.236609 
1091142	0.222010 
1091143	0.214972 
1091144	0.217293 
1091145	0.229020 
1091146	0.248383 
1091147	0.271774 
1091148	0.293967 
1091149	0.308905 
1091150	0.311255 
1091151	0.298290 
1091152	0.271105 
1091153	0.234338 
1091154	0.194681 
1091155	0.159098 
1091156	0.133439 
1091157	0.121556 
1091158	0.124860 
1091159	0.142227 
1091160	0.170220 
1091161	0.203605 
1091162	0.236021 
1091163	0.261016 
1091164	0.273577 
1091165	0.271718 
1091166	0.257139 
1091167	0.234458 
1091168	0.209519 
1091169	0.187820 
1091170	0.173665 
1091171	0.169937 
1091172	0.178061 
1091173	0.197978 
1091174	0.228022 
1091175	0.264894 
1091176	0.303873 
1091177	0.339470 
1091178	0.366585 
1091179	0.381926 
1091180	0.385051 
1091181	0.378452 
1091182	0.366610 
1091183	0.354630 
1091184	0.346995 
1091185	0.346824 
1091186	0.355485 
1091187	0.372526 
1091188	0.395719 
1091189	0.421265 
1091190	0.444202 
1091191	0.459258 
1091192	0.462143 
1091193	0.450937 
1091194	0.426866 
1091195	0.394036 
1091196	0.358249 
1091197	0.325653 
1091198	0.301708 
1091199	0.290574 
1091200	0.294571 
1091201	0.313716 
1091202	0.345496 
1091203	0.384985 
1091204	0.425392 
1091205	0.458928 
1091206	0.478255 
1091207	0.478538 
1091208	0.459303 
1091209	0.424667 
1091210	0.381758 
1091211	0.338466 
1091212	0.301866 
1091213	0.277388 
1091214	0.268418 
1091215	0.276095 
1091216	0.299169 
1091217	0.333948 
1091218	0.374422 
1091219	0.412827 
1091220	0.440940 
1091221	0.452295 
1091222	0.444517 
1091223	0.420246 
1091224	0.385958 
1091225	0.349550 
1091226	0.318265 
1091227	0.297491 
1091228	0.290237 
1091229	0.296999 
1091230	0.315803 
1091231	0.342371 
1091232	0.370445 
1091233	0.392443 
1091234	0.400933 
1091235	0.390941 
1091236	0.362041 
1091237	0.318669 
1091238	0.268345 
1091239	0.219114 
1091240	0.177650 
1091241	0.148513 
1091242	0.134036 
1091243	0.134430 
1091244	0.147889 
1091245	0.170768 
1091246	0.197902 
1091247	0.223177 
1091248	0.240544 
1091249	0.245430 
1091250	0.236098 
1091251	0.214184 
1091252	0.184041 
1091253	0.151344 
1091254	0.121726 
1091255	0.099871 
1091256	0.089066 
1091257	0.091050 
1091258	0.105952 
1091259	0.132207 
1091260	0.166441 
1091261	0.203487 
1091262	0.236884 
1091263	0.260156 
1091264	0.268776 
1091265	0.261866 
1091266	0.242550 
1091267	0.216733 
1091268	0.191241 
1091269	0.172247 
1091270	0.164375 
1091271	0.170253 
1091272	0.190301 
1091273	0.222547 
1091274	0.262448 
1091275	0.302783 
1091276	0.334343 
1091277	0.348295 
1091278	0.339762 
1091279	0.310240 
1091280	0.266934 
1091281	0.219507 
1091282	0.176755 
1091283	0.144996 
1091284	0.127813 
1091285	0.126252 
1091286	0.139086 
1091287	0.163022 
1091288	0.192961 
1091289	0.222480 
1091290	0.244875 
1091291	0.254917 
1091292	0.250669 
1091293	0.234193 
1091294	0.210669 
1091295	0.186580 
1091296	0.168015 
1091297	0.159757 
1091298	0.164854 
1091299	0.184426 
1091300	0.217549 
1091301	0.261236 
1091302	0.310560 
1091303	0.359144 
1091304	0.400112 
1091305	0.427687 
1091306	0.438933 
1091307	0.434725 
1091308	0.419275 
1091309	0.398614 
1091310	0.378972 
1091311	0.365659 
1091312	0.362436 
1091313	0.371158 
1091314	0.391560 
1091315	0.421185 
1091316	0.455531 
1091317	0.488571 
1091318	0.513743 
1091319	0.525507 
1091320	0.521060 
1091321	0.501376 
1091322	0.470779 
1091323	0.435338 
1091324	0.401174 
1091325	0.373377 
1091326	0.355478 
1091327	0.349283 
1091328	0.354941 
1091329	0.371036 
1091330	0.394707 
1091331	0.421758 
1091332	0.447009 
1091333	0.464983 
1091334	0.471018 
1091335	0.462615 
1091336	0.440397 
1091337	0.408026 
1091338	0.371154 
1091339	0.335957 
1091340	0.307892 
1091341	0.290857 
1091342	0.286792 
1091343	0.295607 
1091344	0.315370 
1091345	0.342659 
1091346	0.372972 
1091347	0.401194 
1091348	0.422201 
1091349	0.431758 
1091350	0.427584 
1091351	0.410067 
1091352	0.382223 
1091353	0.348867 
1091354	0.315524 
1091355	0.287417 
1091356	0.268696 
1091357	0.261883 
1091358	0.267495 
1091359	0.283893 
1091360	0.307343 
1091361	0.332390 
1091362	0.352604 
1091363	0.361817 
1091364	0.355806 
1091365	0.333703 
1091366	0.298336 
1091367	0.255126 
1091368	0.210418 
1091369	0.170129 
1091370	0.139159 
1091371	0.121171 
1091372	0.118439 
1091373	0.131573 
1091374	0.159161 
1091375	0.197387 
1091376	0.239876 
1091377	0.278074 
1091378	0.302655 
1091379	0.306374 
1091380	0.287131 
1091381	0.248958 
1091382	0.200087 
1091383	0.149750 
1091384	0.105785 
1091385	0.073679 
1091386	0.056383 
1091387	0.054502 
1091388	0.066642 
1091389	0.089830 
1091390	0.119882 
1091391	0.151737 
1091392	0.179867 
1091393	0.198951 
1091394	0.204968 
1091395	0.196351 
1091396	0.174575 
1091397	0.143706 
1091398	0.109233 
1091399	0.076856 
1091400	0.051583 
1091401	0.037115 
1091402	0.035436 
1091403	0.046632 
1091404	0.068886 
1091405	0.098680 
1091406	0.131200 
1091407	0.160916 
1091408	0.182347 
1091409	0.191055 
1091410	0.184678 
1091411	0.163506 
1091412	0.130291 
1091413	0.089450 
1091414	0.046301 
1091415	0.006559 
1091416	-0.024110 
1091417	-0.040630 
1091418	-0.039065 
1091419	-0.017101 
1091420	0.025471 
1091421	0.086265 
1091422	0.159844 
1091423	0.237554 
1091424	0.307722 
1091425	0.356968 
1091426	0.374207 
1091427	0.356096 
1091428	0.309050 
1091429	0.245744 
1091430	0.179482 
1091431	0.120963 
1091432	0.077669 
1091433	0.054045 
1091434	0.051861 
1091435	0.070559 
1091436	0.107388 
1091437	0.157375 
1091438	0.213371 
1091439	0.266332 
1091440	0.306132 
1091441	0.323773 
1091442	0.314900 
1091443	0.282116 
1091444	0.233844 
1091445	0.180726 
1091446	0.132301 
1091447	0.095565 
1091448	0.074778 
1091449	0.071725 
1091450	0.086024 
1091451	0.115386 
1091452	0.155722 
1091453	0.201236 
1091454	0.244731 
1091455	0.278489 
1091456	0.296021 
1091457	0.294129 
1091458	0.274101 
1091459	0.241125 
1091460	0.202443 
1091461	0.165541 
1091462	0.136909 
1091463	0.121321 
1091464	0.121486 
1091465	0.137934 
1091466	0.169054 
1091467	0.211136 
1091468	0.258549 
1091469	0.304153 
1091470	0.340120 
1091471	0.359437 
1091472	0.358044 
1091473	0.336457 
1091474	0.299604 
1091475	0.254997 
1091476	0.210578 
1091477	0.173307 
1091478	0.148471 
1091479	0.139386 
1091480	0.147270 
1091481	0.171277 
1091482	0.208630 
1091483	0.254775 
1091484	0.303578 
1091485	0.347666 
1091486	0.379346 
1091487	0.392401 
1091488	0.384268 
1091489	0.357120 
1091490	0.316974 
1091491	0.271575 
1091492	0.228530 
1091493	0.194318 
1091494	0.173871 
1091495	0.170301 
1091496	0.184675 
1091497	0.215822 
1091498	0.260210 
1091499	0.311952 
1091500	0.363021 
1091501	0.403997 
1091502	0.426051 
1091503	0.424081 
1091504	0.399056 
1091505	0.357578 
1091506	0.309072 
1091507	0.262755 
1091508	0.225979 
1091509	0.203694 
1091510	0.198411 
1091511	0.210338 
1091512	0.237436 
1091513	0.275415 
1091514	0.317731 
1091515	0.355880 
1091516	0.380694 
1091517	0.385018 
1091518	0.366637 
1091519	0.329279 
1091520	0.280956 
1091521	0.231061 
1091522	0.188112 
1091523	0.158610 
1091524	0.146511 
1091525	0.153111 
1091526	0.177058 
1091527	0.214419 
1091528	0.258738 
1091529	0.301222 
1091530	0.331612 
1091531	0.340673 
1091532	0.323767 
1091533	0.282961 
1091534	0.225802 
1091535	0.161872 
1091536	0.099942 
1091537	0.046952 
1091538	0.007908 
1091539	-0.014109 
1091540	-0.017958 
1091541	-0.004424 
1091542	0.023802 
1091543	0.062237 
1091544	0.104917 
1091545	0.144884 
1091546	0.174918 
1091547	0.188913 
1091548	0.183742 
1091549	0.160494 
1091550	0.123992 
1091551	0.080993 
1091552	0.038383 
1091553	0.002123 
1091554	-0.023192 
1091555	-0.034535 
1091556	-0.030594 
1091557	-0.011946 
1091558	0.018826 
1091559	0.057191 
1091560	0.097114 
1091561	0.131924 
1091562	0.155618 
1091563	0.164416 
1091564	0.157868 
1091565	0.138840 
1091566	0.112381 
1091567	0.084270 
1091568	0.059919 
1091569	0.043774 
1091570	0.039033 
1091571	0.047515 
1091572	0.069506 
1091573	0.103473 
1091574	0.145757 
1091575	0.190396 
1091576	0.229436 
1091577	0.254202 
1091578	0.257878 
1091579	0.238441 
1091580	0.199723 
1091581	0.149714 
1091582	0.097718 
1091583	0.052219 
1091584	0.019819 
1091585	0.004860 
1091586	0.009480 
1091587	0.033903 
1091588	0.076679 
1091589	0.134674 
1091590	0.202840 
1091591	0.273845 
1091592	0.337943 
1091593	0.384172 
1091594	0.403708 
1091595	0.393825 
1091596	0.359323 
1091597	0.310158 
1091598	0.257573 
1091599	0.211435 
1091600	0.179124 
1091601	0.165045 
1091602	0.170492 
1091603	0.193726 
1091604	0.230210 
1091605	0.273093 
1091606	0.314093 
1091607	0.344781 
1091608	0.358274 
1091609	0.351156 
1091610	0.324552 
1091611	0.283554 
1091612	0.235299 
1091613	0.187012 
1091614	0.144844 
1091615	0.113439 
1091616	0.095845 
1091617	0.093516 
1091618	0.106151 
1091619	0.131470 
1091620	0.164972 
1091621	0.199964 
1091622	0.228216 
1091623	0.241768 
1091624	0.235557 
1091625	0.209448 
1091626	0.168218 
1091627	0.119482 
1091628	0.071104 
1091629	0.029497 
1091630	-0.000953 
1091631	-0.017890 
1091632	-0.020763 
1091633	-0.010580 
1091634	0.010239 
1091635	0.037801 
1091636	0.066703 
1091637	0.090484 
1091638	0.102888 
1091639	0.099834 
1091640	0.081008 
1091641	0.050045 
1091642	0.013080 
1091643	-0.023295 
1091644	-0.053495 
1091645	-0.073625 
1091646	-0.081649 
1091647	-0.077265 
1091648	-0.061525 
1091649	-0.036332 
1091650	-0.004026 
1091651	0.032833 
1091652	0.071387 
1091653	0.108321 
1091654	0.139919 
1091655	0.162678 
1091656	0.174313 
1091657	0.174647 
1091658	0.165896 
1091659	0.152183 
1091660	0.138521 
1091661	0.129691 
1091662	0.129269 
1091663	0.138902 
1091664	0.157938 
1091665	0.183553 
1091666	0.211394 
1091667	0.236702 
1091668	0.255647 
1091669	0.266354 
1091670	0.269263 
1091671	0.266667 
1091672	0.261731 
1091673	0.257466 
1091674	0.256067 
1091675	0.258662 
1091676	0.265402 
1091677	0.275698 
1091678	0.288434 
1091679	0.302129 
1091680	0.315022 
1091681	0.325298 
1091682	0.331494 
1091683	0.333012 
1091684	0.330462 
1091685	0.325661 
1091686	0.321186 
1091687	0.319662 
1091688	0.323089 
1091689	0.332347 
1091690	0.346953 
1091691	0.365072 
1091692	0.383760 
1091693	0.399498 
1091694	0.408952 
1091695	0.409788 
1091696	0.401351 
1091697	0.384906 
1091698	0.363280 
1091699	0.340157 
1091700	0.319228 
1091701	0.303521 
1091702	0.295012 
1091703	0.294562 
1091704	0.301967 
1091705	0.316033 
1091706	0.334554 
1091707	0.354365 
1091708	0.371598 
1091709	0.382274 
1091710	0.383242 
1091711	0.373142 
1091712	0.352962 
1091713	0.325893 
1091714	0.296537 
1091715	0.269826 
1091716	0.249994 
1091717	0.239863 
1091718	0.240474 
1091719	0.251101 
1091720	0.269505 
1091721	0.292364 
1091722	0.315695 
1091723	0.335328 
1091724	0.347484 
1091725	0.349578 
1091726	0.340920 
1091727	0.322921 
1091728	0.298674 
1091729	0.272139 
1091730	0.247322 
1091731	0.227694 
1091732	0.215763 
1091733	0.212760 
1091734	0.218463 
1091735	0.231171 
1091736	0.247918 
1091737	0.264888 
1091738	0.278007 
1091739	0.283735 
1091740	0.279934 
1091741	0.266575 
1091742	0.245785 
1091743	0.221193 
1091744	0.196905 
1091745	0.176661 
1091746	0.163310 
1091747	0.158578 
1091748	0.162986 
1091749	0.175804 
1091750	0.194990 
1091751	0.217242 
1091752	0.238313 
1091753	0.253767 
1091754	0.260090 
1091755	0.255797 
1091756	0.241985 
1091757	0.222034 
1091758	0.200661 
1091759	0.182771 
1091760	0.172499 
1091761	0.172587 
1091762	0.184161 
1091763	0.206806 
1091764	0.238744 
1091765	0.277019 
1091766	0.317589 
1091767	0.355534 
1091768	0.385533 
1091769	0.402879 
1091770	0.404811 
1091771	0.391535 
1091772	0.366257 
1091773	0.334264 
1091774	0.301634 
1091775	0.274109 
1091776	0.256272 
1091777	0.250948 
1091778	0.258846 
1091779	0.278483 
1091780	0.306357 
1091781	0.337404 
1091782	0.365671 
1091783	0.385371 
1091784	0.392292 
1091785	0.385108 
1091786	0.365831 
1091787	0.339008 
1091788	0.310251 
1091789	0.284839 
1091790	0.266879 
1091791	0.258967 
1091792	0.262081 
1091793	0.275505 
1091794	0.296845 
1091795	0.322122 
1091796	0.346215 
1091797	0.363793 
1091798	0.370675 
1091799	0.365167 
1091800	0.348665 
1091801	0.325202 
1091802	0.300218 
1091803	0.279171 
1091804	0.266456 
1091805	0.264736 
1091806	0.274664 
1091807	0.294930 
1091808	0.322496 
1091809	0.352944 
1091810	0.380978 
1091811	0.401218 
1091812	0.409397 
1091813	0.403598 
1091814	0.384868 
1091815	0.356818 
1091816	0.324446 
1091817	0.292954 
1091818	0.266929 
1091819	0.249904 
1091820	0.244049 
1091821	0.249940 
1091822	0.266432 
1091823	0.290723 
1091824	0.318620 
1091825	0.345143 
1091826	0.365384 
1091827	0.375609 
1091828	0.374276 
1091829	0.362482 
1091830	0.343571 
1091831	0.322038 
1091832	0.302347 
1091833	0.288027 
1091834	0.281241 
1091835	0.282665 
1091836	0.291541 
1091837	0.305741 
1091838	0.321906 
1091839	0.335837 
1091840	0.343249 
1091841	0.340911 
1091842	0.327690 
1091843	0.305060 
1091844	0.276738 
1091845	0.247753 
1091846	0.223316 
1091847	0.207836 
1091848	0.204130 
1091849	0.212943 
1091850	0.232768 
1091851	0.260040 
1091852	0.289565 
1091853	0.315334 
1091854	0.331692 
1091855	0.334855 
1091856	0.324104 
1091857	0.301957 
1091858	0.273169 
1091859	0.243245 
1091860	0.217223 
1091861	0.199052 
1091862	0.191329 
1091863	0.195192 
1091864	0.210214 
1091865	0.234318 
1091866	0.263851 
1091867	0.293926 
1091868	0.319185 
1091869	0.334990 
1091870	0.338745 
1091871	0.330727 
1091872	0.313912 
1091873	0.292884 
1091874	0.272462 
1091875	0.256585 
1091876	0.247714 
1091877	0.246641 
1091878	0.252602 
1091879	0.263480 
1091880	0.276094 
1091881	0.286632 
1091882	0.291351 
1091883	0.287519 
1091884	0.274270 
1091885	0.252958 
1091886	0.226777 
1091887	0.199911 
1091888	0.176596 
1091889	0.160391 
1091890	0.153672 
1091891	0.157348 
1091892	0.170716 
1091893	0.191518 
1091894	0.216146 
1091895	0.240118 
1091896	0.258793 
1091897	0.268370 
1091898	0.266897 
1091899	0.254848 
1091900	0.234901 
1091901	0.211069 
1091902	0.187677 
1091903	0.168619 
1091904	0.156989 
1091905	0.154945 
1091906	0.163533 
1091907	0.182468 
1091908	0.209850 
1091909	0.242036 
1091910	0.273769 
1091911	0.298915 
1091912	0.311926 
1091913	0.309670 
1091914	0.292659 
1091915	0.264845 
1091916	0.232165 
1091917	0.200741 
1091918	0.175549 
1091919	0.159775 
1091920	0.154633 
1091921	0.159541 
1091922	0.172479 
1091923	0.190476 
1091924	0.210085 
1091925	0.227917 
1091926	0.241213 
1091927	0.248369 
1091928	0.249238 
1091929	0.245030 
1091930	0.237936 
1091931	0.230542 
1091932	0.225300 
1091933	0.224134 
1091934	0.228171 
1091935	0.237559 
1091936	0.251385 
1091937	0.267709 
1091938	0.283831 
1091939	0.296779 
1091940	0.304041 
1091941	0.304325 
1091942	0.298018 
1091943	0.287065 
1091944	0.274368 
1091945	0.263064 
1091946	0.255890 
1091947	0.254789 
1091948	0.260736 
1091949	0.273734 
1091950	0.292859 
1091951	0.316289 
1091952	0.341403 
1091953	0.365034 
1091954	0.383939 
1091955	0.395547 
1091956	0.398679 
1091957	0.393936 
1091958	0.383484 
1091959	0.370354 
1091960	0.357573 
1091961	0.347508 
1091962	0.341455 
1091963	0.339555 
1091964	0.340856 
1091965	0.343540 
1091966	0.345260 
1091967	0.343614 
1091968	0.336709 
1091969	0.323680 
1091970	0.305032 
1091971	0.282639 
1091972	0.259359 
1091973	0.238453 
1091974	0.223001 
1091975	0.215433 
1091976	0.217250 
1091977	0.228792 
1091978	0.249042 
1091979	0.275455 
1091980	0.303958 
1091981	0.329361 
1091982	0.346340 
1091983	0.351008 
1091984	0.342391 
1091985	0.322967 
1091986	0.297869 
1091987	0.273322 
1091988	0.255315 
1091989	0.248745 
1091990	0.256775 
1091991	0.280487 
1091992	0.318854 
1091993	0.368817 
1091994	0.425241 
1091995	0.480979 
1091996	0.527505 
1091997	0.556708 
1091998	0.563528 
1091999	0.548018 
1092000	0.515375 
1092001	0.473875 
