1091501	1.562910 
1091502	1.594110 
1091503	1.638572 
1091504	1.688002 
1091505	1.730064 
1091506	1.751649 
1091507	1.745855 
1091508	1.716488 
1091509	1.675122 
1091510	1.634110 
1091511	1.602323 
1091512	1.585095 
1091513	1.584942 
1091514	1.601859 
1091515	1.633190 
1091516	1.673095 
1091517	1.711614 
1091518	1.735521 
1091519	1.734066 
1091520	1.706052 
1091521	1.660954 
1091522	1.612762 
1091523	1.573230 
1091524	1.549837 
1091525	1.546449 
1091526	1.563946 
1091527	1.600325 
1091528	1.650341 
1091529	1.704734 
1091530	1.750032 
1091531	1.772596 
1091532	1.766202 
1091533	1.735842 
1091534	1.693915 
1091535	1.653154 
1091536	1.622213 
1091537	1.605769 
1091538	1.605633 
1091539	1.621157 
1091540	1.648997 
1091541	1.682382 
1091542	1.710218 
1091543	1.718644 
1091544	1.697544 
1091545	1.647628 
1091546	1.580649 
1091547	1.512749 
1091548	1.457435 
1091549	1.423059 
1091550	1.413633 
1091551	1.429535 
1091552	1.467400 
1091553	1.519246 
1091554	1.571373 
1091555	1.606269 
1091556	1.610695 
1091557	1.584271 
1091558	1.539415 
1091559	1.492980 
1091560	1.458161 
1091561	1.442419 
1091562	1.448835 
1091563	1.477110 
1091564	1.523692 
1091565	1.581019 
1091566	1.636309 
1091567	1.673892 
1091568	1.682380 
1091569	1.661501 
1091570	1.622159 
1091571	1.579552 
1091572	1.546065 
1091573	1.528958 
1091574	1.531476 
1091575	1.553784 
1091576	1.593159 
1091577	1.643396 
1091578	1.693810 
1091579	1.730221 
1091580	1.740522 
1091581	1.721744 
1091582	1.681988 
1091583	1.635021 
1091584	1.593146 
1091585	1.564240 
1091586	1.552428 
1091587	1.558938 
1091588	1.582369 
1091589	1.618426 
1091590	1.659255 
1091591	1.693164 
1091592	1.707855 
1091593	1.697421 
1091594	1.666640 
1091595	1.627719 
1091596	1.593113 
1091597	1.571243 
1091598	1.566597 
1091599	1.580665 
1091600	1.612478 
1091601	1.658712 
1091602	1.713281 
1091603	1.766561 
1091604	1.806690 
1091605	1.824505 
1091606	1.818599 
1091607	1.795813 
1091608	1.766470 
1091609	1.739268 
1091610	1.719729 
1091611	1.710765 
1091612	1.713295 
1091613	1.726510 
1091614	1.747759 
1091615	1.771777 
1091616	1.789732 
1091617	1.791256 
1091618	1.769902 
1091619	1.727743 
1091620	1.674680 
1091621	1.622721 
1091622	1.581203 
1091623	1.556077 
1091624	1.550423 
1091625	1.564739 
1091626	1.596859 
1091627	1.641335 
1091628	1.688603 
1091629	1.725878 
1091630	1.742312 
1091631	1.735547 
1091632	1.713030 
1091633	1.686577 
1091634	1.666107 
1091635	1.657583 
1091636	1.663731 
1091637	1.684801 
1091638	1.718893 
1091639	1.761867 
1091640	1.806837 
1091641	1.843609 
1091642	1.860729 
1091643	1.851179 
1091644	1.816850 
1091645	1.767244 
1091646	1.713731 
1091647	1.665328 
1091648	1.628073 
1091649	1.605487 
1091650	1.598894 
1091651	1.607357 
1091652	1.627031 
1091653	1.649895 
1091654	1.663351 
1091655	1.654673 
1091656	1.618809 
1091657	1.562564 
1091658	1.500605 
1091659	1.447418 
1091660	1.412802 
1091661	1.401989 
1091662	1.416465 
1091663	1.454200 
1091664	1.509363 
1091665	1.571527 
1091666	1.625972 
1091667	1.658690 
1091668	1.663964 
1091669	1.647538 
1091670	1.621835 
1091671	1.598555 
1091672	1.585230 
1091673	1.585685 
1091674	1.601007 
1091675	1.630024 
1091676	1.669377 
1091677	1.713014 
1091678	1.751393 
1091679	1.773021 
1091680	1.769933 
1091681	1.742808 
1091682	1.700777 
1091683	1.656128 
1091684	1.618865 
1091685	1.594926 
1091686	1.587148 
1091687	1.596085 
1091688	1.620206 
1091689	1.655540 
1091690	1.694814 
1091691	1.727643 
1091692	1.744163 
1091693	1.740481 
1091694	1.721124 
1091695	1.695687 
1091696	1.673232 
1091697	1.659518 
1091698	1.657386 
1091699	1.667571 
1091700	1.689072 
1091701	1.719137 
1091702	1.752881 
1091703	1.782694 
1091704	1.798969 
1091705	1.794171 
1091706	1.767740 
1091707	1.726662 
1091708	1.681043 
1091709	1.639362 
1091710	1.607085 
1091711	1.587259 
1091712	1.581026 
1091713	1.587763 
1091714	1.604763 
1091715	1.626459 
1091716	1.643897 
1091717	1.647326 
1091718	1.632049 
1091719	1.602117 
1091720	1.567571 
1091721	1.538437 
1091722	1.521348 
1091723	1.519705 
1091724	1.534556 
1091725	1.564998 
1091726	1.608110 
1091727	1.658441 
1091728	1.707418 
1091729	1.744491 
1091730	1.761736 
1091731	1.758462 
1091732	1.741004 
1091733	1.718123 
1091734	1.696861 
1091735	1.681653 
1091736	1.674908 
1091737	1.677436 
1091738	1.688503 
1091739	1.705510 
1091740	1.723189 
1091741	1.733022 
1091742	1.725514 
1091743	1.695671 
1091744	1.646991 
1091745	1.589914 
1091746	1.536317 
1091747	1.494896 
1091748	1.470777 
1091749	1.466279 
1091750	1.481058 
1091751	1.511753 
1091752	1.551158 
1091753	1.587494 
1091754	1.607028 
1091755	1.601063 
1091756	1.571497 
1091757	1.529103 
1091758	1.486550 
1091759	1.453037 
1091760	1.433729 
1091761	1.430791 
1091762	1.443955 
1091763	1.470490 
1091764	1.504629 
1091765	1.536603 
1091766	1.553813 
1091767	1.546697 
1091768	1.515243 
1091769	1.469379 
1091770	1.422666 
1091771	1.386019 
1091772	1.366079 
1091773	1.366007 
1091774	1.386091 
1091775	1.423761 
1091776	1.473035 
1091777	1.523678 
1091778	1.562318 
1091779	1.578289 
1091780	1.570251 
1091781	1.546673 
1091782	1.519863 
1091783	1.499759 
1091784	1.492035 
1091785	1.499075 
1091786	1.520878 
1091787	1.555275 
1091788	1.597460 
1091789	1.639039 
1091790	1.668504 
1091791	1.675443 
1091792	1.656482 
1091793	1.617662 
1091794	1.570519 
1091795	1.526154 
1091796	1.492074 
1091797	1.472395 
1091798	1.468719 
1091799	1.480368 
1091800	1.503885 
1091801	1.531805 
1091802	1.552395 
1091803	1.553865 
1091804	1.531424 
1091805	1.491035 
1091806	1.445543 
1091807	1.407396 
1091808	1.384505 
1091809	1.380653 
1091810	1.396615 
1091811	1.430487 
1091812	1.477272 
1091813	1.527883 
1091814	1.569278 
1091815	1.588893 
1091816	1.581707 
1091817	1.553321 
1091818	1.515586 
1091819	1.479774 
1091820	1.453454 
1091821	1.440871 
1091822	1.443680 
1091823	1.461079 
1091824	1.489376 
1091825	1.520885 
1091826	1.543458 
1091827	1.544314 
1091828	1.517803 
1091829	1.470084 
1091830	1.415390 
1091831	1.368363 
1091832	1.339124 
1091833	1.332903 
1091834	1.351091 
1091835	1.391577 
1091836	1.448217 
1091837	1.509901 
1091838	1.561538 
1091839	1.589687 
1091840	1.590162 
1091841	1.570155 
1091842	1.542386 
1091843	1.517939 
1091844	1.503690 
1091845	1.503019 
1091846	1.516631 
1091847	1.542790 
1091848	1.576994 
1091849	1.611099 
1091850	1.633188 
1091851	1.631522 
1091852	1.601708 
1091853	1.550435 
1091854	1.491385 
1091855	1.438086 
1091856	1.399837 
1091857	1.381635 
1091858	1.385172 
1091859	1.409188 
1091860	1.448881 
1091861	1.494538 
1091862	1.531965 
1091863	1.547976 
1091864	1.538128 
1091865	1.509772 
1091866	1.476777 
1091867	1.451755 
1091868	1.442294 
1091869	1.451762 
1091870	1.480523 
1091871	1.526344 
1091872	1.584255 
1091873	1.646109 
1091874	1.700481 
1091875	1.735683 
1091876	1.746036 
1091877	1.735177 
1091878	1.713143 
1091879	1.690518 
1091880	1.674506 
1091881	1.668934 
1091882	1.675379 
1091883	1.693629 
1091884	1.721666 
1091885	1.755036 
1091886	1.785803 
1091887	1.803345 
1091888	1.799065 
1091889	1.771860 
1091890	1.729331 
1091891	1.683280 
1091892	1.643832 
1091893	1.617285 
1091894	1.606950 
1091895	1.613821 
1091896	1.636652 
1091897	1.671600 
1091898	1.711230 
1091899	1.743930 
1091900	1.757345 
1091901	1.745271 
1091902	1.711805 
1091903	1.668449 
1091904	1.627165 
1091905	1.596204 
1091906	1.580260 
1091907	1.581295 
1091908	1.598866 
1091909	1.629978 
1091910	1.668457 
1091911	1.704102 
1091912	1.724159 
1091913	1.719398 
1091914	1.690383 
1091915	1.647227 
1091916	1.603179 
1091917	1.568695 
1091918	1.550071 
1091919	1.550261 
1091920	1.569535 
1091921	1.605559 
1091922	1.652936 
1091923	1.702415 
1091924	1.741355 
1091925	1.758256 
1091926	1.749394 
1091927	1.721117 
1091928	1.685165 
1091929	1.652239 
1091930	1.629359 
1091931	1.620334 
1091932	1.626456 
1091933	1.646722 
1091934	1.677632 
1091935	1.712501 
1091936	1.740750 
1091937	1.750115 
1091938	1.733160 
1091939	1.692605 
1091940	1.639758 
1091941	1.587748 
1091942	1.546479 
1091943	1.521909 
1091944	1.516828 
1091945	1.531287 
1091946	1.562489 
1091947	1.604073 
1091948	1.645184 
1091949	1.672224 
1091950	1.675240 
1091951	1.654358 
1091952	1.619445 
1091953	1.583427 
1091954	1.556195 
1091955	1.543338 
1091956	1.547227 
1091957	1.567750 
1091958	1.602420 
1091959	1.646010 
1091960	1.689618 
1091961	1.720825 
1091962	1.728119 
1091963	1.707580 
1091964	1.665508 
1091965	1.614125 
1091966	1.565016 
1091967	1.526219 
1091968	1.502537 
1091969	1.496112 
1091970	1.506563 
1091971	1.530584 
1091972	1.560902 
1091973	1.585461 
1091974	1.590626 
1091975	1.569069 
1091976	1.525443 
1091977	1.473357 
1091978	1.427271 
1091979	1.397310 
1091980	1.388902 
1091981	1.403772 
1091982	1.440346 
1091983	1.493511 
1091984	1.553832 
1091985	1.607097 
1091986	1.638333 
1091987	1.639781 
1091988	1.615509 
1091989	1.578037 
1091990	1.540506 
1091991	1.512076 
1091992	1.497997 
1091993	1.500448 
1091994	1.518937 
1091995	1.550217 
1091996	1.587615 
1091997	1.620000 
1091998	1.633560 
1091999	1.618778 
1092000	1.577130 
1092001	1.520476 
1092002	1.463696 
1092003	1.418370 
1092004	1.391404 
1092005	1.385853 
1092006	1.401518 
1092007	1.434883 
1092008	1.478244 
1092009	1.518585 
1092010	1.540171 
1092011	1.532534 
1092012	1.497650 
1092013	1.448760 
1092014	1.402131 
1092015	1.369847 
1092016	1.358537 
1092017	1.370715 
1092018	1.405505 
1092019	1.458582 
1092020	1.521505 
1092021	1.581144 
1092022	1.622699 
1092023	1.636978 
1092024	1.625886 
1092025	1.600468 
1092026	1.573720 
1092027	1.555174 
1092028	1.550215 
1092029	1.561074 
1092030	1.587411 
1092031	1.626317 
1092032	1.671929 
1092033	1.714768 
1092034	1.742252 
1092035	1.743532 
1092036	1.716259 
1092037	1.668545 
1092038	1.614006 
1092039	1.565036 
1092040	1.530078 
1092041	1.514021 
1092042	1.518781 
1092043	1.543400 
1092044	1.583589 
1092045	1.630636 
1092046	1.671207 
1092047	1.691568 
1092048	1.685272 
1092049	1.657497 
1092050	1.621220 
1092051	1.589508 
1092052	1.571080 
1092053	1.570404 
1092054	1.588735 
1092055	1.624577 
1092056	1.673670 
1092057	1.728493 
1092058	1.777780 
1092059	1.808648 
1092060	1.812760 
1092061	1.791480 
1092062	1.754675 
1092063	1.714459 
1092064	1.680175 
1092065	1.657613 
1092066	1.649733 
1092067	1.657123 
1092068	1.678043 
1092069	1.708014 
1092070	1.738965 
1092071	1.759197 
1092072	1.757459 
1092073	1.729852 
1092074	1.682968 
1092075	1.629866 
1092076	1.583103 
1092077	1.551221 
1092078	1.539016 
1092079	1.548186 
1092080	1.577527 
1092081	1.622695 
1092082	1.675477 
1092083	1.723392 
1092084	1.752610 
1092085	1.754860 
1092086	1.732564 
1092087	1.696780 
1092088	1.660163 
1092089	1.631806 
1092090	1.616818 
1092091	1.617323 
1092092	1.632963 
1092093	1.660936 
1092094	1.695615 
1092095	1.727820 
1092096	1.745086 
1092097	1.736038 
1092098	1.697341 
1092099	1.636509 
1092100	1.567644 
1092101	1.504679 
1092102	1.457375 
1092103	1.431249 
1092104	1.428442 
1092105	1.447867 
1092106	1.484596 
1092107	1.528484 
1092108	1.564049 
1092109	1.576023 
1092110	1.558227 
1092111	1.517795 
1092112	1.470275 
1092113	1.430831 
1092114	1.409045 
1092115	1.409327 
1092116	1.432326 
1092117	1.475413 
1092118	1.532400 
1092119	1.592781 
1092120	1.642127 
1092121	1.666613 
1092122	1.660409 
1092123	1.629261 
1092124	1.586263 
1092125	1.544430 
1092126	1.512700 
1092127	1.496081 
1092128	1.496517 
1092129	1.513220 
1092130	1.542435 
1092131	1.576685 
1092132	1.604224 
1092133	1.611864 
1092134	1.592280 
1092135	1.549322 
1092136	1.495721 
1092137	1.445763 
1092138	1.409660 
1092139	1.392913 
1092140	1.397513 
1092141	1.422524 
1092142	1.463975 
1092143	1.513952 
1092144	1.560073 
1092145	1.589112 
1092146	1.593724 
1092147	1.576637 
1092148	1.548248 
1092149	1.520184 
1092150	1.500566 
1092151	1.493533 
1092152	1.500438 
1092153	1.520446 
1092154	1.550536 
1092155	1.585022 
1092156	1.614983 
1092157	1.629530 
1092158	1.620700 
1092159	1.588827 
1092160	1.542743 
1092161	1.494471 
1092162	1.453875 
1092163	1.427082 
1092164	1.417231 
1092165	1.425116 
1092166	1.449231 
1092167	1.485218 
1092168	1.524771 
1092169	1.556220 
1092170	1.569492 
1092171	1.562247 
1092172	1.541268 
1092173	1.517433 
1092174	1.499750 
1092175	1.493462 
1092176	1.500811 
1092177	1.521802 
1092178	1.554466 
1092179	1.594689 
1092180	1.635443 
1092181	1.666512 
1092182	1.677867 
1092183	1.665263 
1092184	1.633033 
1092185	1.591307 
1092186	1.550507 
1092187	1.517732 
1092188	1.496990 
1092189	1.490121 
1092190	1.496993 
1092191	1.515159 
1092192	1.538897 
1092193	1.558425 
1092194	1.562397 
1092195	1.544310 
1092196	1.507454 
1092197	1.462947 
1092198	1.423320 
1092199	1.397653 
1092200	1.390731 
1092201	1.404020 
1092202	1.436236 
1092203	1.483170 
1092204	1.536995 
1092205	1.586307 
1092206	1.619227 
1092207	1.629171 
1092208	1.618663 
1092209	1.596979 
1092210	1.574211 
1092211	1.557461 
1092212	1.550669 
1092213	1.555419 
1092214	1.571358 
1092215	1.596157 
1092216	1.625065 
1092217	1.650172 
1092218	1.661154 
1092219	1.649636 
1092220	1.614719 
1092221	1.564124 
1092222	1.509601 
1092223	1.461537 
1092224	1.426933 
1092225	1.409726 
1092226	1.411239 
1092227	1.430123 
1092228	1.461742 
1092229	1.497109 
1092230	1.523429 
1092231	1.529218 
1092232	1.511505 
1092233	1.477935 
1092234	1.441389 
1092235	1.413182 
1092236	1.400284 
1092237	1.405933 
1092238	1.430472 
1092239	1.471575 
1092240	1.523932 
1092241	1.578447 
1092242	1.622646 
1092243	1.645181 
1092244	1.642189 
1092245	1.619525 
1092246	1.588485 
1092247	1.559558 
1092248	1.539718 
1092249	1.532812 
1092250	1.540182 
1092251	1.560896 
1092252	1.591505 
1092253	1.625344 
1092254	1.652027 
1092255	1.660091 
1092256	1.643129 
1092257	1.604240 
1092258	1.554103 
1092259	1.504985 
1092260	1.466057 
1092261	1.442614 
1092262	1.436974 
1092263	1.448973 
1092264	1.475739 
1092265	1.510685 
1092266	1.542483 
1092267	1.557619 
1092268	1.547130 
1092269	1.512540 
1092270	1.465155 
1092271	1.419305 
1092272	1.385962 
1092273	1.371443 
1092274	1.378435 
1092275	1.406507 
1092276	1.451971 
1092277	1.507125 
1092278	1.559569 
1092279	1.594804 
1092280	1.603277 
1092281	1.586297 
1092282	1.554600 
1092283	1.521304 
1092284	1.496302 
1092285	1.485282 
1092286	1.490675 
1092287	1.512213 
1092288	1.546918 
1092289	1.588489 
1092290	1.626338 
1092291	1.646785 
1092292	1.638947 
1092293	1.601689 
1092294	1.544837 
1092295	1.483268 
1092296	1.430213 
1092297	1.394561 
1092298	1.381117 
1092299	1.391157 
1092300	1.422371 
1092301	1.467901 
1092302	1.514958 
1092303	1.547099 
1092304	1.551955 
1092305	1.528909 
1092306	1.489451 
1092307	1.449755 
1092308	1.422767 
1092309	1.415649 
1092310	1.431096 
1092311	1.468366 
1092312	1.523425 
1092313	1.588466 
1092314	1.651319 
1092315	1.697127 
1092316	1.714455 
1092317	1.702007 
1092318	1.668946 
1092319	1.628585 
1092320	1.591919 
1092321	1.565880 
1092322	1.554190 
1092323	1.557965 
1092324	1.575707 
1092325	1.602766 
1092326	1.630222 
1092327	1.644997 
1092328	1.634999 
1092329	1.597017 
1092330	1.539786 
1092331	1.478636 
1092332	1.427755 
1092333	1.396433 
1092334	1.389285 
1092335	1.407140 
1092336	1.447295 
1092337	1.503051 
1092338	1.562980 
1092339	1.612022 
1092340	1.637165 
1092341	1.634892 
1092342	1.612876 
1092343	1.583946 
1092344	1.559139 
1092345	1.545188 
1092346	1.545299 
1092347	1.560070 
1092348	1.587794 
1092349	1.624068 
1092350	1.660681 
1092351	1.685588 
1092352	1.687096 
1092353	1.660432 
1092354	1.611411 
1092355	1.553189 
1092356	1.499172 
1092357	1.458839 
1092358	1.437832 
1092359	1.438543 
1092360	1.460267 
1092361	1.498802 
1092362	1.545478 
1092363	1.586515 
1092364	1.606894 
1092365	1.598625 
1092366	1.566059 
1092367	1.522766 
1092368	1.483448 
1092369	1.458247 
1092370	1.452404 
1092371	1.467450 
1092372	1.501761 
1092373	1.550412 
1092374	1.604438 
1092375	1.650541 
1092376	1.674524 
1092377	1.668517 
1092378	1.636128 
1092379	1.589913 
1092380	1.543898 
1092381	1.508430 
1092382	1.489580 
1092383	1.489964 
1092384	1.509184 
1092385	1.543716 
1092386	1.586041 
1092387	1.623683 
1092388	1.642090 
1092389	1.632162 
1092390	1.596176 
1092391	1.546373 
1092392	1.497463 
1092393	1.460359 
1092394	1.441357 
1092395	1.443073 
1092396	1.464925 
1092397	1.503117 
1092398	1.550090 
1092399	1.593851 
1092400	1.620106 
1092401	1.619256 
1092402	1.592638 
1092403	1.551442 
1092404	1.509665 
1092405	1.477805 
1092406	1.461707 
1092407	1.463760 
1092408	1.483564 
1092409	1.517908 
1092410	1.560086 
1092411	1.598851 
1092412	1.620235 
1092413	1.614333 
1092414	1.581888 
1092415	1.534058 
1092416	1.485494 
1092417	1.447719 
1092418	1.427613 
1092419	1.428353 
1092420	1.450008 
1092421	1.489573 
1092422	1.540388 
1092423	1.591277 
1092424	1.628443 
1092425	1.642197 
1092426	1.632817 
1092427	1.609691 
1092428	1.584996 
1092429	1.567881 
1092430	1.563082 
1092431	1.572270 
1092432	1.594937 
1092433	1.628561 
1092434	1.668029 
1092435	1.704714 
1092436	1.727528 
1092437	1.727436 
1092438	1.702879 
1092439	1.661042 
1092440	1.613418 
1092441	1.570234 
1092442	1.538074 
1092443	1.520437 
1092444	1.518494 
1092445	1.531202 
1092446	1.554846 
1092447	1.582096 
1092448	1.601952 
1092449	1.603562 
1092450	1.582852 
1092451	1.545710 
1092452	1.504021 
1092453	1.469081 
1092454	1.448191 
1092455	1.444935 
1092456	1.460101 
1092457	1.492070 
1092458	1.536612 
1092459	1.586084 
1092460	1.629525 
1092461	1.656338 
1092462	1.661844 
1092463	1.650042 
1092464	1.630492 
1092465	1.612687 
1092466	1.602878 
1092467	1.604224 
1092468	1.617671 
1092469	1.642348 
1092470	1.675511 
1092471	1.712080 
1092472	1.744047 
1092473	1.761535 
1092474	1.757067 
1092475	1.730298 
1092476	1.688335 
1092477	1.641282 
1092478	1.597674 
1092479	1.563146 
1092480	1.540926 
1092481	1.532261 
1092482	1.536414 
1092483	1.550147 
1092484	1.566737 
1092485	1.575540 
1092486	1.565458 
1092487	1.531970 
1092488	1.481207 
1092489	1.426498 
1092490	1.381103 
1092491	1.353938 
1092492	1.349578 
1092493	1.369073 
1092494	1.410220 
1092495	1.467225 
1092496	1.529815 
1092497	1.583799 
1092498	1.616551 
1092499	1.623958 
1092500	1.612259 
1092501	1.593165 
1092502	1.577288 
1092503	1.570991 
1092504	1.577155 
1092505	1.596293 
1092506	1.626948 
1092507	1.665563 
1092508	1.705891 
1092509	1.738540 
1092510	1.752801 
1092511	1.741779 
1092512	1.707026 
1092513	1.657932 
1092514	1.606462 
1092515	1.562316 
1092516	1.531692 
1092517	1.517921 
1092518	1.521947 
1092519	1.542321 
1092520	1.574604 
1092521	1.610237 
1092522	1.637075 
1092523	1.644488 
1092524	1.629731 
1092525	1.599751 
1092526	1.566540 
1092527	1.540828 
1092528	1.529028 
1092529	1.533987 
1092530	1.555979 
1092531	1.592993 
1092532	1.640432 
1092533	1.690503 
1092534	1.732316 
1092535	1.755040 
1092536	1.753701 
1092537	1.732323 
1092538	1.700877 
1092539	1.669523 
1092540	1.645304 
1092541	1.632152 
1092542	1.631693 
1092543	1.643660 
1092544	1.665846 
1092545	1.693427 
1092546	1.718019 
1092547	1.729094 
1092548	1.719065 
1092549	1.688219 
1092550	1.644917 
1092551	1.600739 
1092552	1.565018 
1092553	1.543290 
1092554	1.538242 
1092555	1.550276 
1092556	1.577530 
1092557	1.615471 
1092558	1.655987 
1092559	1.687605 
1092560	1.699802 
1092561	1.689107 
1092562	1.661333 
1092563	1.627591 
1092564	1.598187 
1092565	1.579732 
1092566	1.575707 
1092567	1.587247 
1092568	1.613389 
1092569	1.650907 
1092570	1.693695 
1092571	1.732154 
1092572	1.755026 
1092573	1.754722 
1092574	1.732063 
1092575	1.695576 
1092576	1.656102 
1092577	1.622258 
1092578	1.599449 
1092579	1.590424 
1092580	1.595747 
1092581	1.613883 
1092582	1.640836 
1092583	1.669290 
1092584	1.688635 
1092585	1.688615 
1092586	1.665082 
1092587	1.622917 
1092588	1.573039 
1092589	1.526497 
1092590	1.490908 
1092591	1.470561 
1092592	1.467198 
1092593	1.480251 
1092594	1.506602 
1092595	1.539818 
1092596	1.569345 
1092597	1.582800 
1092598	1.572540 
1092599	1.541005 
1092600	1.499132 
1092601	1.459594 
1092602	1.431805 
1092603	1.421200 
1092604	1.429984 
1092605	1.457548 
1092606	1.500339 
1092607	1.551221 
1092608	1.598971 
1092609	1.630596 
1092610	1.637662 
1092611	1.621716 
1092612	1.592841 
1092613	1.563080 
1092614	1.541384 
1092615	1.532852 
1092616	1.539602 
1092617	1.561329 
1092618	1.595339 
1092619	1.636096 
1092620	1.674502 
1092621	1.698761 
1092622	1.699234 
1092623	1.674611 
1092624	1.633170 
1092625	1.587645 
1092626	1.549217 
1092627	1.525127 
1092628	1.519090 
1092629	1.532025 
1092630	1.562330 
1092631	1.605576 
1092632	1.653838 
1092633	1.695881 
1092634	1.720548 
1092635	1.722680 
1092636	1.706341 
1092637	1.681649 
1092638	1.658786 
1092639	1.644541 
1092640	1.642370 
1092641	1.653367 
1092642	1.676785 
1092643	1.710030 
1092644	1.748108 
1092645	1.782829 
1092646	1.803697 
1092647	1.802122 
1092648	1.776516 
1092649	1.733539 
1092650	1.684110 
1092651	1.638151 
1092652	1.602326 
1092653	1.580456 
1092654	1.574179 
1092655	1.583113 
1092656	1.604567 
1092657	1.632626 
1092658	1.657345 
1092659	1.667466 
1092660	1.656584 
1092661	1.627525 
1092662	1.590594 
1092663	1.557411 
1092664	1.536027 
1092665	1.530575 
1092666	1.542388 
1092667	1.570563 
1092668	1.612042 
1092669	1.661278 
1092670	1.709709 
1092671	1.746708 
1092672	1.763772 
1092673	1.759412 
1092674	1.739768 
1092675	1.714289 
1092676	1.690916 
1092677	1.674536 
1092678	1.667658 
1092679	1.671055 
1092680	1.683938 
1092681	1.703790 
1092682	1.725754 
1092683	1.741968 
1092684	1.743137 
1092685	1.723343 
1092686	1.684323 
1092687	1.634731 
1092688	1.585186 
1092689	1.544069 
1092690	1.516608 
1092691	1.505510 
1092692	1.511364 
1092693	1.532567 
1092694	1.564702 
1092695	1.599469 
1092696	1.625513 
1092697	1.633532 
1092698	1.621967 
1092699	1.597809 
1092700	1.571746 
1092701	1.552634 
1092702	1.545483 
1092703	1.552343 
1092704	1.573170 
1092705	1.606046 
1092706	1.646868 
1092707	1.688673 
1092708	1.721716 
1092709	1.736388 
1092710	1.728137 
1092711	1.700313 
1092712	1.661815 
1092713	1.622168 
1092714	1.588422 
1092715	1.564909 
1092716	1.553877 
1092717	1.555831 
1092718	1.569407 
1092719	1.590587 
1092720	1.611688 
1092721	1.622533 
1092722	1.615273 
1092723	1.589612 
1092724	1.553390 
1092725	1.517853 
1092726	1.492168 
1092727	1.481574 
1092728	1.488295 
1092729	1.512265 
1092730	1.551254 
1092731	1.600520 
1092732	1.652207 
1092733	1.695811 
1092734	1.721701 
1092735	1.726288 
1092736	1.713941 
1092737	1.693589 
1092738	1.673731 
1092739	1.660022 
1092740	1.655485 
1092741	1.661194 
1092742	1.676597 
1092743	1.699413 
1092744	1.725010 
1092745	1.745617 
1092746	1.751791 
1092747	1.737105 
1092748	1.702627 
1092749	1.656906 
1092750	1.611122 
1092751	1.574406 
1092752	1.552627 
1092753	1.548812 
1092754	1.563561 
1092755	1.595093 
1092756	1.638870 
1092757	1.686958 
1092758	1.728444 
1092759	1.753231 
1092760	1.757603 
1092761	1.746265 
1092762	1.728622 
1092763	1.713372 
1092764	1.706092 
1092765	1.709577 
1092766	1.724509 
1092767	1.749795 
1092768	1.782525 
1092769	1.817621 
1092770	1.847299 
1092771	1.861744 
1092772	1.853060 
1092773	1.820207 
1092774	1.770017 
1092775	1.713137 
1092776	1.659222 
1092777	1.615104 
1092778	1.585038 
1092779	1.571043 
1092780	1.572947 
1092781	1.587890 
1092782	1.609300 
1092783	1.626406 
1092784	1.627382 
1092785	1.606090 
1092786	1.566581 
1092787	1.520334 
1092788	1.479398 
1092789	1.451992 
1092790	1.442369 
1092791	1.451736 
1092792	1.478686 
1092793	1.519119 
1092794	1.565609 
1092795	1.606849 
1092796	1.630550 
1092797	1.629706 
1092798	1.606785 
1092799	1.571554 
1092800	1.534949 
1092801	1.504863 
1092802	1.485810 
1092803	1.479723 
1092804	1.486323 
1092805	1.502957 
1092806	1.523830 
1092807	1.539196 
1092808	1.537439 
1092809	1.511265 
1092810	1.463160 
1092811	1.404273 
1092812	1.347876 
1092813	1.304046 
1092814	1.278774 
1092815	1.274661 
1092816	1.291200 
1092817	1.324330 
1092818	1.365302 
1092819	1.400684 
1092820	1.416944 
1092821	1.408387 
1092822	1.381153 
1092823	1.348454 
1092824	1.322750 
1092825	1.311816 
1092826	1.319085 
1092827	1.344739 
1092828	1.386085 
1092829	1.437180 
1092830	1.488042 
1092831	1.525524 
1092832	1.538604 
1092833	1.524971 
1092834	1.492433 
1092835	1.453595 
1092836	1.419429 
1092837	1.396871 
1092838	1.389497 
1092839	1.398153 
1092840	1.420907 
1092841	1.452346 
1092842	1.482600 
1092843	1.498597 
1092844	1.489956 
1092845	1.455976 
1092846	1.406513 
1092847	1.355821 
1092848	1.315959 
1092849	1.294502 
1092850	1.295010 
1092851	1.317534 
1092852	1.358401 
1092853	1.409326 
1092854	1.456932 
1092855	1.486397 
1092856	1.489303 
1092857	1.469264 
1092858	1.439215 
1092859	1.413565 
1092860	1.402494 
1092861	1.411176 
1092862	1.440925 
1092863	1.489845 
1092864	1.552795 
1092865	1.620962 
1092866	1.682031 
1092867	1.723462 
1092868	1.738690 
1092869	1.730837 
1092870	1.709908 
1092871	1.686614 
1092872	1.668608 
1092873	1.660306 
1092874	1.663607 
1092875	1.678257 
1092876	1.701801 
1092877	1.729097 
1092878	1.751583 
1092879	1.758116 
1092880	1.739797 
1092881	1.695924 
1092882	1.635227 
1092883	1.570980 
1092884	1.515105 
1092885	1.475857 
1092886	1.457943 
1092887	1.462852 
1092888	1.488750 
1092889	1.529727 
1092890	1.574732 
1092891	1.608798 
1092892	1.619356 
1092893	1.604050 
1092894	1.572310 
1092895	1.538753 
1092896	1.515605 
1092897	1.510119 
1092898	1.525342 
1092899	1.561018 
1092900	1.613908 
1092901	1.677620 
1092902	1.742181 
1092903	1.794702 
1092904	1.823417 
1092905	1.823860 
1092906	1.801378 
1092907	1.767213 
1092908	1.732345 
1092909	1.704517 
1092910	1.688376 
1092911	1.686016 
1092912	1.697223 
1092913	1.719324 
1092914	1.746640 
1092915	1.769793 
1092916	1.776960 
1092917	1.759234 
1092918	1.716537 
1092919	1.658398 
1092920	1.598933 
1092921	1.550484 
1092922	1.520904 
1092923	1.514137 
1092924	1.530847 
1092925	1.568500 
1092926	1.620891 
1092927	1.677241 
1092928	1.723343 
1092929	1.747072 
1092930	1.744543 
1092931	1.721875 
1092932	1.690801 
1092933	1.662346 
1092934	1.643840 
1092935	1.639241 
1092936	1.649788 
1092937	1.674232 
1092938	1.708710 
1092939	1.746320 
1092940	1.776705 
1092941	1.787797 
1092942	1.771309 
1092943	1.728122 
1092944	1.668184 
1092945	1.605090 
1092946	1.550681 
1092947	1.513061 
1092948	1.496664 
1092949	1.502518 
1092950	1.528106 
1092951	1.566587 
1092952	1.605750 
1092953	1.629843 
1092954	1.626651 
1092955	1.594861 
1092956	1.544966 
1092957	1.492851 
1092958	1.452090 
1092959	1.430879 
1092960	1.432782 
1092961	1.457523 
1092962	1.500997 
1092963	1.554519 
1092964	1.604280 
1092965	1.634433 
1092966	1.634604 
1092967	1.606213 
1092968	1.561459 
1092969	1.515846 
1092970	1.481521 
1092971	1.465662 
1092972	1.471249 
1092973	1.497623 
1092974	1.540506 
1092975	1.591537 
1092976	1.638059 
1092977	1.665717 
1092978	1.665138 
1092979	1.637711 
1092980	1.594411 
1092981	1.548998 
1092982	1.512274 
1092983	1.490758 
1092984	1.487354 
1092985	1.501839 
1092986	1.530802 
1092987	1.567009 
1092988	1.598695 
1092989	1.611627 
1092990	1.595788 
1092991	1.551959 
1092992	1.491415 
1092993	1.429112 
1092994	1.377342 
1092995	1.343802 
1092996	1.332111 
1092997	1.342250 
1092998	1.370320 
1092999	1.407587 
1093000	1.440085 
1093001	1.452473 
1093002	1.436503 
1093003	1.397084 
1093004	1.348863 
1093005	1.307337 
1093006	1.283073 
1093007	1.281257 
1093008	1.302844 
1093009	1.345163 
1093010	1.401788 
1093011	1.461702 
1093012	1.510393 
1093013	1.536063 
1093014	1.535876 
1093015	1.516979 
1093016	1.491378 
1093017	1.469537 
1093018	1.457701 
1093019	1.458661 
1093020	1.472640 
1093021	1.497493 
1093022	1.528432 
1093023	1.557404 
1093024	1.573602 
1093025	1.567661 
1093026	1.537497 
1093027	1.490221 
1093028	1.438292 
1093029	1.393644 
1093030	1.364123 
1093031	1.353767 
1093032	1.363593 
1093033	1.391685 
1093034	1.432629 
1093035	1.476683 
1093036	1.510580 
1093037	1.522726 
1093038	1.510186 
1093039	1.480591 
1093040	1.446812 
1093041	1.420166 
1093042	1.407677 
1093043	1.412572 
1093044	1.435018 
1093045	1.472372 
1093046	1.518920 
1093047	1.565282 
1093048	1.598979 
1093049	1.609067 
1093050	1.592462 
1093051	1.555887 
1093052	1.511662 
1093053	1.471488 
1093054	1.442989 
1093055	1.430141 
1093056	1.434146 
1093057	1.453520 
1093058	1.483645 
1093059	1.515883 
1093060	1.537731 
1093061	1.537217 
1093062	1.510130 
1093063	1.463344 
1093064	1.410677 
1093065	1.365789 
1093066	1.337848 
1093067	1.331535 
1093068	1.347893 
1093069	1.384429 
1093070	1.434551 
1093071	1.486579 
1093072	1.525180 
1093073	1.538092 
1093074	1.523313 
1093075	1.490052 
1093076	1.452780 
1093077	1.424103 
1093078	1.411433 
1093079	1.417915 
1093080	1.443457 
1093081	1.484860 
1093082	1.535157 
1093083	1.582767 
1093084	1.613333 
1093085	1.616075 
1093086	1.590389 
1093087	1.546486 
1093088	1.499358 
1093089	1.461727 
1093090	1.441494 
1093091	1.442501 
1093092	1.465273 
1093093	1.507115 
1093094	1.561621 
1093095	1.617715 
1093096	1.661215 
1093097	1.681084 
1093098	1.675583 
1093099	1.652896 
1093100	1.625669 
1093101	1.604616 
1093102	1.595955 
1093103	1.602302 
1093104	1.623662 
1093105	1.657705 
1093106	1.699438 
1093107	1.740397 
1093108	1.768815 
1093109	1.773399 
1093110	1.749544 
1093111	1.702739 
1093112	1.645558 
1093113	1.591210 
1093114	1.549190 
1093115	1.525028 
1093116	1.521178 
1093117	1.537331 
1093118	1.570248 
1093119	1.613041 
1093120	1.654523 
1093121	1.681808 
1093122	1.686872 
1093123	1.671524 
1093124	1.645750 
1093125	1.621356 
1093126	1.606761 
1093127	1.606176 
1093128	1.620837 
1093129	1.649806 
1093130	1.690150 
1093131	1.736601 
1093132	1.781053 
1093133	1.813055 
1093134	1.823143 
1093135	1.808058 
1093136	1.772863 
1093137	1.727570 
1093138	1.681837 
1093139	1.642416 
1093140	1.613343 
1093141	1.596482 
1093142	1.591694 
1093143	1.596604 
1093144	1.605773 
1093145	1.609933 
1093146	1.598160 
1093147	1.563793 
1093148	1.509433 
1093149	1.446003 
1093150	1.386663 
1093151	1.341430 
1093152	1.316244 
1093153	1.313718 
1093154	1.333400 
1093155	1.371482 
1093156	1.419963 
1093157	1.466442 
1093158	1.497921 
1093159	1.507960 
1093160	1.500548 
1093161	1.486370 
1093162	1.475831 
1093163	1.475357 
1093164	1.487759 
1093165	1.513321 
1093166	1.550297 
1093167	1.594884 
1093168	1.640825 
1093169	1.678832 
1093170	1.698085 
1093171	1.691360 
1093172	1.659483 
1093173	1.610870 
1093174	1.556582 
1093175	1.505638 
1093176	1.464169 
1093177	1.435999 
1093178	1.422931 
1093179	1.424559 
1093180	1.437385 
1093181	1.453483 
1093182	1.461070 
1093183	1.449926 
1093184	1.418853 
1093185	1.377094 
1093186	1.338119 
1093187	1.312925 
1093188	1.307499 
1093189	1.323818 
1093190	1.360965 
1093191	1.415314 
1093192	1.480089 
1093193	1.545031 
1093194	1.597844 
1093195	1.629412 
1093196	1.638930 
1093197	1.633322 
1093198	1.622207 
1093199	1.613166 
1093200	1.610563 
1093201	1.616479 
1093202	1.631283 
1093203	1.653687 
1093204	1.680455 
1093205	1.705803 
1093206	1.721107 
1093207	1.717374 
1093208	1.690501 
1093209	1.644569 
1093210	1.589506 
1093211	1.535830 
1093212	1.491425 
1093213	1.461217 
1093214	1.447770 
1093215	1.451540 
1093216	1.470619 
1093217	1.499749 
1093218	1.528994 
1093219	1.545449 
1093220	1.539852 
1093221	1.513160 
1093222	1.476063 
1093223	1.441860 
1093224	1.420308 
1093225	1.416637 
1093226	1.432658 
1093227	1.467466 
1093228	1.517558 
1093229	1.576494 
1093230	1.634221 
1093231	1.677767 
1093232	1.696576 
1093233	1.688482 
1093234	1.660564 
1093235	1.624230 
1093236	1.589234 
1093237	1.561899 
1093238	1.545812 
1093239	1.542346 
1093240	1.550816 
1093241	1.568158 
1093242	1.587970 
1093243	1.599724 
1093244	1.591955 
1093245	1.559209 
1093246	1.506650 
1093247	1.447053 
1093248	1.393596 
1093249	1.355524 
1093250	1.337929 
1093251	1.342594 
1093252	1.368388 
1093253	1.410973 
1093254	1.461793 
1093255	1.507883 
1093256	1.535902 
1093257	1.539456 
1093258	1.523307 
1093259	1.499381 
1093260	1.479303 
1093261	1.470514 
1093262	1.476670 
1093263	1.498714 
1093264	1.535326 
1093265	1.582856 
1093266	1.634750 
1093267	1.680840 
1093268	1.709655 
1093269	1.714450 
1093270	1.697363 
1093271	1.667596 
1093272	1.635871 
1093273	1.609866 
1093274	1.593809 
1093275	1.589716 
1093276	1.597880 
1093277	1.616747 
1093278	1.642297 
1093279	1.667042 
1093280	1.680510 
1093281	1.673735 
1093282	1.645419 
1093283	1.603357 
1093284	1.559470 
1093285	1.523824 
1093286	1.502587 
1093287	1.498848 
1093288	1.513289 
1093289	1.544307 
1093290	1.587603 
1093291	1.635148 
1093292	1.675111 
1093293	1.696123 
1093294	1.693828 
1093295	1.673577 
1093296	1.646301 
1093297	1.622113 
1093298	1.607496 
1093299	1.605883 
1093300	1.618402 
1093301	1.644189 
1093302	1.680260 
1093303	1.720992 
1093304	1.757455 
1093305	1.778772 
1093306	1.777284 
1093307	1.753700 
1093308	1.716613 
1093309	1.677015 
1093310	1.643464 
1093311	1.621096 
1093312	1.612414 
1093313	1.617862 
1093314	1.635913 
1093315	1.662622 
1093316	1.690531 
1093317	1.708375 
1093318	1.705206 
1093319	1.677022 
1093320	1.629965 
1093321	1.576609 
1093322	1.528956 
1093323	1.494829 
1093324	1.478483 
1093325	1.481397 
1093326	1.502514 
1093327	1.537936 
1093328	1.580045 
1093329	1.616869 
1093330	1.635097 
1093331	1.627432 
1093332	1.597552 
1093333	1.557241 
1093334	1.519361 
1093335	1.492814 
1093336	1.482251 
1093337	1.489452 
1093338	1.513883 
1093339	1.552536 
1093340	1.599377 
1093341	1.644491 
1093342	1.674839 
1093343	1.680069 
1093344	1.659070 
1093345	1.620575 
1093346	1.577249 
1093347	1.539396 
1093348	1.513504 
1093349	1.502996 
1093350	1.508843 
1093351	1.529780 
1093352	1.561910 
1093353	1.597565 
1093354	1.624834 
1093355	1.631190 
1093356	1.610450 
1093357	1.567289 
1093358	1.514369 
1093359	1.465293 
1093360	1.429705 
1093361	1.412959 
1093362	1.417184 
1093363	1.441705 
1093364	1.482848 
1093365	1.533069 
1093366	1.580473 
1093367	1.611861 
1093368	1.619455 
1093369	1.605783 
1093370	1.581217 
1093371	1.556995 
1093372	1.540732 
1093373	1.536354 
1093374	1.545186 
1093375	1.566537 
1093376	1.597766 
1093377	1.633808 
1093378	1.666048 
1093379	1.683176 
1093380	1.676476 
1093381	1.645299 
1093382	1.597675 
1093383	1.545238 
1093384	1.497544 
1093385	1.460645 
1093386	1.437944 
1093387	1.430725 
1093388	1.438176 
1093389	1.456903 
1093390	1.479738 
1093391	1.495645 
1093392	1.494321 
1093393	1.473243 
1093394	1.439960 
1093395	1.407000 
1093396	1.385003 
1093397	1.379839 
1093398	1.393677 
1093399	1.426237 
1093400	1.475166 
1093401	1.535760 
1093402	1.600270 
1093403	1.658307 
1093404	1.699940 
1093405	1.720512 
1093406	1.722957 
1093407	1.714906 
1093408	1.704005 
1093409	1.695397 
1093410	1.691902 
1093411	1.694763 
1093412	1.703981 
1093413	1.718225 
1093414	1.734338 
1093415	1.746487 
1093416	1.746708 
1093417	1.728433 
1093418	1.691049 
1093419	1.641189 
1093420	1.589042 
1093421	1.543631 
1093422	1.510946 
1093423	1.494338 
1093424	1.495045 
1093425	1.512329 
1093426	1.543221 
1093427	1.581741 
1093428	1.618235 
1093429	1.642017 
1093430	1.647351 
1093431	1.637090 
1093432	1.620195 
1093433	1.605987 
1093434	1.600472 
1093435	1.606529 
1093436	1.624993 
1093437	1.655118 
1093438	1.694614 
1093439	1.739240 
1093440	1.782218 
1093441	1.814477 
1093442	1.827717 
1093443	1.819057 
1093444	1.792714 
1093445	1.756996 
1093446	1.719872 
1093447	1.686768 
1093448	1.660883 
1093449	1.643880 
1093450	1.636068 
1093451	1.636228 
1093452	1.640995 
1093453	1.643780 
1093454	1.635142 
1093455	1.607172 
1093456	1.559414 
1093457	1.500299 
1093458	1.442499 
1093459	1.396908 
1093460	1.370393 
1093461	1.366468 
1093462	1.385774 
1093463	1.425990 
1093464	1.481279 
1093465	1.541338 
1093466	1.592124 
1093467	1.621760 
1093468	1.627502 
1093469	1.616572 
1093470	1.600447 
1093471	1.588372 
1093472	1.585435 
1093473	1.593788 
1093474	1.613533 
1093475	1.642984 
1093476	1.678474 
1093477	1.713743 
1093478	1.739314 
1093479	1.744214 
1093480	1.721488 
1093481	1.673203 
1093482	1.609619 
1093483	1.543411 
1093484	1.484825 
1093485	1.440711 
1093486	1.415076 
1093487	1.409373 
1093488	1.422274 
1093489	1.448784 
1093490	1.478782 
1093491	1.497817 
1093492	1.493940 
1093493	1.466210 
1093494	1.425635 
1093495	1.387302 
1093496	1.362655 
1093497	1.357709 
1093498	1.374525 
1093499	1.412260 
1093500	1.467439 
1093501	1.533586 
1093502	1.600499 
1093503	1.655414 
1093504	1.688196 
1093505	1.696970 
1093506	1.688365 
1093507	1.672224 
1093508	1.656505 
1093509	1.646033 
1093510	1.643264 
1093511	1.648881 
1093512	1.661962 
1093513	1.679737 
1093514	1.696923 
1093515	1.705207 
1093516	1.695535 
1093517	1.663679 
1093518	1.614123 
1093519	1.557791 
1093520	1.506423 
1093521	1.468506 
1093522	1.448700 
1093523	1.448851 
1093524	1.468472 
1093525	1.504473 
1093526	1.550070 
1093527	1.594024 
1093528	1.623571 
1093529	1.630849 
1093530	1.617822 
1093531	1.594295 
1093532	1.571239 
1093533	1.556238 
1093534	1.553362 
1093535	1.564187 
1093536	1.588347 
1093537	1.623589 
1093538	1.665434 
1093539	1.706379 
1093540	1.735875 
1093541	1.744329 
1093542	1.728939 
1093543	1.695588 
1093544	1.654954 
1093545	1.616793 
1093546	1.587299 
1093547	1.569787 
1093548	1.565514 
1093549	1.573872 
1093550	1.592165 
1093551	1.614746 
1093552	1.631994 
1093553	1.632429 
1093554	1.609011 
1093555	1.564420 
1093556	1.509709 
1093557	1.457588 
1093558	1.417472 
1093559	1.394912 
1093560	1.392464 
1093561	1.410191 
1093562	1.445627 
1093563	1.492972 
1093564	1.541808 
1093565	1.579207 
1093566	1.596037 
1093567	1.592308 
1093568	1.576452 
1093569	1.559146 
1093570	1.548127 
1093571	1.547611 
1093572	1.559307 
1093573	1.582981 
1093574	1.616598 
1093575	1.655944 
1093576	1.693614 
1093577	1.718880 
1093578	1.721590 
1093579	1.697960 
1093580	1.653312 
1093581	1.598915 
1093582	1.546101 
1093583	1.502638 
1093584	1.473266 
1093585	1.460493 
1093586	1.464549 
1093587	1.482835 
1093588	1.508670 
1093589	1.530018 
1093590	1.532297 
1093591	1.506864 
1093592	1.457888 
1093593	1.399843 
1093594	1.348823 
1093595	1.316077 
1093596	1.307406 
1093597	1.324559 
1093598	1.365843 
1093599	1.425797 
1093600	1.493978 
1093601	1.555204 
1093602	1.594865 
1093603	1.606608 
1093604	1.595854 
1093605	1.574981 
1093606	1.555552 
1093607	1.544724 
1093608	1.545918 
1093609	1.559900 
1093610	1.585223 
1093611	1.618106 
1093612	1.651795 
1093613	1.675751 
1093614	1.677476 
1093615	1.648873 
1093616	1.592442 
1093617	1.520518 
1093618	1.448362 
1093619	1.388170 
1093620	1.347756 
1093621	1.331273 
1093622	1.339638 
1093623	1.370256 
1093624	1.415782 
1093625	1.462591 
1093626	1.493963 
1093627	1.499200 
1093628	1.481048 
1093629	1.453098 
1093630	1.430465 
1093631	1.423027 
1093632	1.435193 
1093633	1.467718 
1093634	1.518612 
1093635	1.583344 
1093636	1.654519 
1093637	1.721346 
1093638	1.771025 
1093639	1.793872 
1093640	1.788808 
1093641	1.763367 
1093642	1.728432 
1093643	1.692920 
1093644	1.662477 
1093645	1.640392 
1093646	1.628117 
1093647	1.625317 
1093648	1.629465 
1093649	1.634872 
1093650	1.631834 
1093651	1.609372 
1093652	1.562014 
1093653	1.494864 
1093654	1.421547 
1093655	1.356971 
1093656	1.311850 
1093657	1.292460 
1093658	1.301313 
1093659	1.337227 
1093660	1.394770 
1093661	1.463168 
1093662	1.526664 
1093663	1.570551 
1093664	1.589959 
1093665	1.592115 
1093666	1.589982 
1093667	1.594390 
1093668	1.610919 
1093669	1.641383 
1093670	1.685202 
1093671	1.739873 
1093672	1.800998 
1093673	1.862095 
1093674	1.913744 
1093675	1.944388 
1093676	1.945407 
1093677	1.916028 
1093678	1.863839 
1093679	1.800278 
1093680	1.735216 
1093681	1.675747 
1093682	1.626803 
1093683	1.591367 
1093684	1.570539 
1093685	1.563147 
1093686	1.564723 
1093687	1.565912 
1093688	1.553814 
1093689	1.519442 
1093690	1.465419 
1093691	1.405207 
1093692	1.354883 
1093693	1.325966 
1093694	1.324043 
1093695	1.350222 
1093696	1.402102 
1093697	1.473879 
1093698	1.555960 
1093699	1.635171 
1093700	1.697702 
1093701	1.735315 
1093702	1.749224 
1093703	1.747513 
1093704	1.739247 
1093705	1.730834 
1093706	1.725921 
1093707	1.726125 
1093708	1.731440 
1093709	1.740272 
1093710	1.749093 
1093711	1.751729 
1093712	1.739329 
1093713	1.703753 
1093714	1.643298 
1093715	1.565305 
1093716	1.482606 
1093717	1.407737 
1093718	1.349772 
1093719	1.314241 
1093720	1.303692 
1093721	1.317612 
1093722	1.351561 
1093723	1.395488 
1093724	1.433892 
1093725	1.452292 
1093726	1.446605 
1093727	1.425881 
1093728	1.404839 
1093729	1.395185 
1093730	1.403017 
1093731	1.430226 
1093732	1.475812 
1093733	1.536490 
1093734	1.606812 
1093735	1.678628 
1093736	1.740749 
1093737	1.781704 
1093738	1.794994 
1093739	1.782558 
1093740	1.752834 
1093741	1.715497 
1093742	1.677792 
1093743	1.644423 
1093744	1.618240 
1093745	1.600439 
1093746	1.590501 
1093747	1.585720 
1093748	1.580146 
1093749	1.564034 
1093750	1.527502 
1093751	1.467221 
1093752	1.390543 
1093753	1.312270 
1093754	1.247135 
1093755	1.205694 
1093756	1.193832 
1093757	1.213103 
1093758	1.260651 
1093759	1.328416 
1093760	1.402610 
1093761	1.466608 
1093762	1.508615 
1093763	1.528505 
1093764	1.536035 
1093765	1.543103 
1093766	1.557731 
1093767	1.583375 
1093768	1.620700 
1093769	1.668499 
1093770	1.723823 
1093771	1.781680 
1093772	1.834530 
1093773	1.872070 
1093774	1.883765 
1093775	1.864409 
1093776	1.817797 
1093777	1.754490 
1093778	1.686273 
1093779	1.622553 
1093780	1.569807 
1093781	1.532148 
1093782	1.511650 
1093783	1.508116 
1093784	1.518072 
1093785	1.533021 
1093786	1.539336 
1093787	1.524262 
1093788	1.485239 
1093789	1.432951 
1093790	1.384083 
1093791	1.352369 
1093792	1.345338 
1093793	1.365437 
1093794	1.411303 
1093795	1.478368 
1093796	1.559016 
1093797	1.642060 
1093798	1.713831 
1093799	1.763676 
1093800	1.788748 
1093801	1.794256 
1093802	1.788962 
1093803	1.780351 
1093804	1.773104 
1093805	1.769676 
1093806	1.770858 
1093807	1.775981 
1093808	1.782777 
1093809	1.786931 
1093810	1.781574 
1093811	1.758432 
1093812	1.712094 
1093813	1.644673 
1093814	1.565894 
1093815	1.488446 
1093816	1.423410 
1093817	1.378384 
1093818	1.357712 
1093819	1.362914 
1093820	1.392309 
1093821	1.440068 
1093822	1.494893 
1093823	1.541645 
1093824	1.568501 
1093825	1.574271 
1093826	1.568396 
1093827	1.563548 
1093828	1.568812 
1093829	1.588618 
1093830	1.624167 
1093831	1.674356 
1093832	1.736208 
1093833	1.804865 
1093834	1.873442 
1093835	1.932653 
1093836	1.972014 
1093837	1.984299 
1093838	1.969217 
1093839	1.933033 
1093840	1.884717 
1093841	1.832130 
1093842	1.780705 
1093843	1.733974 
1093844	1.694092 
1093845	1.661894 
1093846	1.636610 
1093847	1.615189 
1093848	1.591359 
1093849	1.556250 
1093850	1.503109 
1093851	1.433380 
1093852	1.357690 
1093853	1.290361 
1093854	1.243282 
1093855	1.223494 
1093856	1.233463 
1093857	1.271656 
1093858	1.332665 
1093859	1.407011 
1093860	1.481736 
1093861	1.544392 
1093862	1.588787 
1093863	1.616985 
1093864	1.636041 
1093865	1.652917 
1093866	1.671795 
1093867	1.694371 
1093868	1.720676 
1093869	1.749366 
1093870	1.777653 
1093871	1.801008 
1093872	1.812721 
1093873	1.804405 
1093874	1.769506 
1093875	1.707849 
1093876	1.626833 
1093877	1.538113 
1093878	1.453179 
1093879	1.380614 
1093880	1.326557 
1093881	1.295028 
1093882	1.287434 
1093883	1.301629 
1093884	1.329928 
1093885	1.357870 
1093886	1.369258 
1093887	1.356658 
1093888	1.327577 
1093889	1.298221 
1093890	1.282886 
1093891	1.289015 
1093892	1.318605 
1093893	1.370250 
1093894	1.440014 
1093895	1.521540 
1093896	1.605878 
1093897	1.681619 
1093898	1.736750 
1093899	1.763837 
1093900	1.763401 
1093901	1.742413 
1093902	1.709660 
1093903	1.672231 
1093904	1.634930 
1093905	1.600813 
1093906	1.571515 
1093907	1.547253 
1093908	1.526416 
1093909	1.504657 
1093910	1.474418 
1093911	1.427870 
1093912	1.362872 
1093913	1.286653 
1093914	1.212954 
1093915	1.155882 
1093916	1.125284 
1093917	1.125758 
1093918	1.157174 
1093919	1.214684 
1093920	1.288233 
1093921	1.363618 
1093922	1.427280 
1093923	1.472628 
1093924	1.502547 
1093925	1.525328 
1093926	1.548670 
1093927	1.576899 
1093928	1.611602 
1093929	1.652562 
1093930	1.698135 
1093931	1.745269 
1093932	1.789279 
1093933	1.823305 
1093934	1.838922 
1093935	1.829732 
1093936	1.795435 
1093937	1.742584 
1093938	1.681043 
1093939	1.619879 
1093940	1.565736 
1093941	1.522932 
1093942	1.493873 
1093943	1.479125 
1093944	1.476938 
1093945	1.482093 
1093946	1.484906 
1093947	1.474047 
1093948	1.443706 
1093949	1.398956 
1093950	1.352922 
1093951	1.319132 
1093952	1.306410 
1093953	1.318635 
1093954	1.355910 
1093955	1.415186 
1093956	1.490305 
1093957	1.571721 
1093958	1.647378 
1093959	1.706518 
1093960	1.744516 
1093961	1.764282 
1093962	1.772837 
1093963	1.776845 
1093964	1.780678 
1093965	1.786631 
1093966	1.795419 
1093967	1.806391 
1093968	1.817456 
1093969	1.824705 
1093970	1.821894 
1093971	1.801173 
1093972	1.756765 
1093973	1.689497 
1093974	1.607752 
1093975	1.523651 
1093976	1.448566 
1093977	1.390747 
1093978	1.355376 
1093979	1.344932 
1093980	1.358833 
1093981	1.392330 
1093982	1.434838 
1093983	1.470922 
1093984	1.487436 
1093985	1.482252 
1093986	1.465265 
1093987	1.450625 
1093988	1.448911 
1093989	1.465220 
1093990	1.500813 
1093991	1.554380 
1093992	1.622459 
1093993	1.699271 
1093994	1.776421 
1093995	1.842982 
1093996	1.888098 
1093997	1.906277 
1093998	1.900041 
1093999	1.877656 
1094000	1.848310 
1094001	1.818835 
1094002	1.793483 
1094003	1.774634 
1094004	1.763124 
1094005	1.758181 
1094006	1.757002 
1094007	1.753955 
1094008	1.740433 
1094009	1.707977 
1094010	1.653939 
1094011	1.584612 
1094012	1.512588 
1094013	1.450622 
1094014	1.407822 
1094015	1.389457 
1094016	1.397386 
1094017	1.430077 
1094018	1.482170 
1094019	1.543710 
1094020	1.600966 
1094021	1.641582 
1094022	1.661477 
1094023	1.666632 
1094024	1.667823 
1094025	1.674115 
1094026	1.690598 
1094027	1.719232 
1094028	1.759777 
1094029	1.810264 
1094030	1.867087 
1094031	1.924602 
1094032	1.974544 
1094033	2.007068 
1094034	2.014503 
1094035	1.995362 
1094036	1.955077 
1094037	1.902729 
1094038	1.846961 
1094039	1.794005 
1094040	1.747916 
1094041	1.711170 
1094042	1.684810 
1094043	1.668147 
1094044	1.657976 
1094045	1.647427 
1094046	1.626474 
1094047	1.586970 
1094048	1.529081 
1094049	1.462699 
1094050	1.402284 
1094051	1.360127 
1094052	1.343455 
1094053	1.354974 
1094054	1.393582 
1094055	1.454456 
1094056	1.528633 
1094057	1.603436 
1094058	1.666063 
1094059	1.708994 
1094060	1.733167 
1094061	1.745743 
1094062	1.754790 
1094063	1.765709 
1094064	1.781059 
1094065	1.801478 
1094066	1.826145 
1094067	1.852837 
1094068	1.877625 
1094069	1.894305 
1094070	1.894429 
1094071	1.869990 
1094072	1.818147 
1094073	1.743860 
1094074	1.657778 
1094075	1.571410 
1094076	1.493688 
1094077	1.431222 
1094078	1.388542 
1094079	1.367809 
1094080	1.368134 
1094081	1.383875 
1094082	1.402426 
1094083	1.406894 
1094084	1.385749 
1094085	1.342128 
1094086	1.292013 
1094087	1.253569 
1094088	1.238819 
1094089	1.252813 
1094090	1.295672 
1094091	1.363749 
1094092	1.449746 
1094093	1.542456 
1094094	1.627537 
1094095	1.691042 
1094096	1.725805 
1094097	1.734106 
1094098	1.724355 
1094099	1.705574 
1094100	1.684179 
1094101	1.664005 
1094102	1.647059 
1094103	1.633863 
1094104	1.623399 
1094105	1.612546 
1094106	1.595192 
1094107	1.562974 
1094108	1.509707 
1094109	1.436878 
1094110	1.354821 
1094111	1.278130 
1094112	1.219778 
1094113	1.188002 
1094114	1.186402 
1094115	1.214420 
1094116	1.267019 
1094117	1.333909 
1094118	1.400471 
1094119	1.453102 
1094120	1.485930 
1094121	1.503039 
1094122	1.513718 
1094123	1.526148 
1094124	1.544936 
1094125	1.571839 
1094126	1.606698 
1094127	1.647874 
1094128	1.692348 
1094129	1.735435 
1094130	1.770000 
1094131	1.787293 
1094132	1.781006 
1094133	1.751369 
1094134	1.705540 
1094135	1.653546 
1094136	1.604014 
1094137	1.562954 
1094138	1.534108 
1094139	1.519368 
1094140	1.518861 
1094141	1.530556 
1094142	1.549288 
1094143	1.565858 
1094144	1.569474 
1094145	1.554148 
1094146	1.523475 
1094147	1.488436 
1094148	1.460753 
1094149	1.448296 
1094150	1.454930 
1094151	1.481607 
1094152	1.526945 
1094153	1.587256 
1094154	1.656071 
1094155	1.723807 
1094156	1.779588 
1094157	1.815601 
1094158	1.830930 
1094159	1.831052 
1094160	1.823607 
1094161	1.814603 
1094162	1.807568 
1094163	1.804240 
1094164	1.804995 
1094165	1.808915 
1094166	1.813562 
1094167	1.814403 
1094168	1.804336 
1094169	1.775490 
1094170	1.723837 
1094171	1.653056 
1094172	1.573597 
1094173	1.497890 
1094174	1.435912 
1094175	1.394140 
1094176	1.376171 
1094177	1.382801 
1094178	1.411569 
1094179	1.455626 
1094180	1.502763 
1094181	1.538363 
1094182	1.553397 
1094183	1.550291 
1094184	1.539921 
1094185	1.533655 
1094186	1.538332 
1094187	1.556636 
1094188	1.588652 
1094189	1.632612 
1094190	1.685113 
1094191	1.740944 
1094192	1.792630 
1094193	1.830393 
1094194	1.845351 
1094195	1.834473 
1094196	1.802482 
1094197	1.758812 
1094198	1.712805 
1094199	1.670951 
1094200	1.637223 
1094201	1.613923 
1094202	1.601883 
1094203	1.600220 
1094204	1.605639 
1094205	1.611312 
1094206	1.607222 
1094207	1.584831 
1094208	1.543450 
1094209	1.491747 
1094210	1.442469 
1094211	1.406172 
1094212	1.389094 
1094213	1.393893 
1094214	1.420414 
1094215	1.465906 
1094216	1.524735 
1094217	1.587589 
1094218	1.642192 
1094219	1.678147 
1094220	1.692336 
1094221	1.689870 
1094222	1.679797 
1094223	1.670046 
1094224	1.665536 
1094225	1.668779 
1094226	1.680530 
1094227	1.699979 
1094228	1.724568 
1094229	1.749409 
1094230	1.766775 
1094231	1.767623 
1094232	1.746228 
1094233	1.704448 
1094234	1.651043 
1094235	1.596746 
1094236	1.550056 
1094237	1.516504 
1094238	1.499173 
1094239	1.498961 
1094240	1.514405 
1094241	1.540924 
1094242	1.569693 
1094243	1.588680 
1094244	1.588193 
1094245	1.567350 
1094246	1.534762 
1094247	1.502541 
1094248	1.480145 
1094249	1.472785 
1094250	1.482495 
1094251	1.509019 
1094252	1.550024 
1094253	1.600735 
1094254	1.653131 
1094255	1.696328 
1094256	1.720217 
1094257	1.720832 
1094258	1.702596 
1094259	1.674803 
1094260	1.646271 
1094261	1.622886 
1094262	1.607918 
1094263	1.602637 
1094264	1.606533 
1094265	1.617121 
1094266	1.629287 
1094267	1.634565 
1094268	1.622605 
1094269	1.586472 
1094270	1.528090 
1094271	1.458002 
1094272	1.389609 
1094273	1.333860 
1094274	1.297760 
1094275	1.284842 
1094276	1.295578 
1094277	1.327030 
1094278	1.371522 
1094279	1.415779 
1094280	1.444829 
1094281	1.450247 
1094282	1.435980 
1094283	1.414801 
1094284	1.399634 
1094285	1.398372 
1094286	1.414243 
1094287	1.447356 
1094288	1.495473 
1094289	1.554075 
1094290	1.615697 
1094291	1.669414 
1094292	1.703188 
1094293	1.709197 
1094294	1.688419 
1094295	1.649701 
1094296	1.604257 
1094297	1.561075 
1094298	1.525902 
1094299	1.501990 
1094300	1.490627 
1094301	1.491145 
1094302	1.500185 
1094303	1.510245 
1094304	1.509693 
1094305	1.487686 
1094306	1.441803 
1094307	1.381087 
1094308	1.320713 
1094309	1.274409 
1094310	1.250888 
1094311	1.254234 
1094312	1.284722 
1094313	1.338840 
1094314	1.408537 
1094315	1.480715 
1094316	1.540252 
1094317	1.577198 
1094318	1.592401 
1094319	1.595371 
1094320	1.597227 
1094321	1.605547 
1094322	1.624004 
1094323	1.653687 
1094324	1.693797 
1094325	1.741702 
1094326	1.792645 
1094327	1.839099 
1094328	1.870840 
1094329	1.878008 
1094330	1.856544 
1094331	1.811055 
1094332	1.751981 
1094333	1.690198 
1094334	1.633967 
1094335	1.588982 
1094336	1.558811 
1094337	1.544932 
1094338	1.546375 
1094339	1.558728 
1094340	1.572436 
1094341	1.573866 
1094342	1.552390 
1094343	1.508432 
1094344	1.454286 
1094345	1.406409 
1094346	1.377364 
1094347	1.373868 
1094348	1.398079 
1094349	1.448478 
1094350	1.520129 
1094351	1.604280 
1094352	1.687987 
1094353	1.757038 
1094354	1.801999 
1094355	1.822564 
1094356	1.826146 
1094357	1.822147 
1094358	1.817553 
1094359	1.816312 
1094360	1.820216 
1094361	1.829410 
1094362	1.842517 
1094363	1.856439 
1094364	1.865715 
1094365	1.861948 
1094366	1.835897 
1094367	1.782852 
1094368	1.707062 
1094369	1.620603 
1094370	1.537598 
1094371	1.469306 
1094372	1.423210 
1094373	1.403505 
1094374	1.411140 
1094375	1.443331 
1094376	1.492282 
1094377	1.543850 
1094378	1.580604 
1094379	1.591068 
1094380	1.577463 
1094381	1.553090 
1094382	1.532678 
1094383	1.525659 
1094384	1.536159 
1094385	1.564837 
1094386	1.609905 
1094387	1.667488 
1094388	1.731475 
1094389	1.792986 
1094390	1.840271 
1094391	1.861823 
1094392	1.852404 
1094393	1.816151 
1094394	1.763588 
1094395	1.705794 
1094396	1.650891 
1094397	1.604279 
1094398	1.569455 
1094399	1.548176 
1094400	1.540204 
1094401	1.542498 
1094402	1.547614 
1094403	1.543513 
1094404	1.518985 
1094405	1.471841 
1094406	1.411873 
1094407	1.354999 
1094408	1.315003 
1094409	1.299766 
1094410	1.312240 
1094411	1.351686 
1094412	1.414007 
1094413	1.491368 
1094414	1.571892 
1094415	1.641630 
1094416	1.689897 
1094417	1.714733 
1094418	1.722425 
1094419	1.722160 
1094420	1.721170 
1094421	1.723603 
1094422	1.731417 
1094423	1.744980 
1094424	1.763195 
1094425	1.783213 
1094426	1.799671 
1094427	1.804323 
1094428	1.788571 
1094429	1.748627 
1094430	1.689061 
1094431	1.620938 
1094432	1.556018 
1094433	1.503147 
1094434	1.468054 
1094435	1.453728 
1094436	1.460586 
1094437	1.486140 
1094438	1.523931 
1094439	1.562285 
1094440	1.587083 
1094441	1.589424 
1094442	1.571463 
1094443	1.544343 
1094444	1.520820 
1094445	1.509499 
1094446	1.514469 
1094447	1.536851 
1094448	1.575487 
1094449	1.626998 
1094450	1.685392 
1094451	1.741403 
1094452	1.783064 
1094453	1.800123 
1094454	1.789882 
1094455	1.758649 
1094456	1.717372 
1094457	1.676096 
1094458	1.641634 
1094459	1.617920 
1094460	1.606682 
1094461	1.607739 
1094462	1.618767 
1094463	1.634426 
1094464	1.645214 
1094465	1.639284 
1094466	1.608753 
1094467	1.555931 
1094468	1.492848 
1094469	1.434399 
1094470	1.392209 
1094471	1.373200 
1094472	1.380312 
1094473	1.412971 
1094474	1.466996 
1094475	1.533943 
1094476	1.600362 
1094477	1.651113 
1094478	1.676897 
1094479	1.679108 
1094480	1.667602 
1094481	1.653715 
1094482	1.645213 
1094483	1.646084 
1094484	1.657695 
1094485	1.679433 
1094486	1.708823 
1094487	1.741192 
1094488	1.768925 
1094489	1.781159 
1094490	1.767157 
1094491	1.722912 
1094492	1.654871 
1094493	1.576598 
1094494	1.501898 
1094495	1.441181 
1094496	1.401238 
1094497	1.385658 
1094498	1.394898 
1094499	1.425565 
1094500	1.468652 
1094501	1.508592 
1094502	1.528464 
1094503	1.519985 
1094504	1.489613 
1094505	1.453363 
1094506	1.426534 
1094507	1.418196 
1094508	1.432074 
1094509	1.468304 
1094510	1.524223 
1094511	1.594545 
1094512	1.671020 
1094513	1.741676 
1094514	1.793008 
1094515	1.816153 
1094516	1.811561 
1094517	1.787676 
1094518	1.755098 
1094519	1.722065 
1094520	1.693818 
1094521	1.673323 
1094522	1.661689 
1094523	1.658207 
1094524	1.659915 
1094525	1.660557 
1094526	1.650105 
1094527	1.618473 
1094528	1.562267 
1094529	1.488676 
1094530	1.412157 
1094531	1.346895 
1094532	1.302677 
1094533	1.284988 
1094534	1.295583 
1094535	1.332515 
1094536	1.389415 
1094537	1.454396 
1094538	1.511343 
1094539	1.546637 
1094540	1.557339 
1094541	1.551926 
1094542	1.542988 
1094543	1.540167 
1094544	1.548625 
1094545	1.570267 
1094546	1.604668 
1094547	1.649427 
1094548	1.699989 
1094549	1.748592 
1094550	1.784082 
1094551	1.795621 
1094552	1.778322 
1094553	1.736454 
1094554	1.680839 
1094555	1.623005 
1094556	1.571162 
1094557	1.530354 
1094558	1.503357 
1094559	1.490896 
1094560	1.491347 
1094561	1.499812 
1094562	1.506708 
1094563	1.498965 
1094564	1.467050 
1094565	1.412731 
1094566	1.349039 
1094567	1.292675 
1094568	1.256530 
1094569	1.247302 
1094570	1.266935 
1094571	1.313633 
1094572	1.381720 
1094573	1.460840 
1094574	1.536554 
1094575	1.594863 
1094576	1.629184 
1094577	1.643604 
1094578	1.648348 
1094579	1.652916 
1094580	1.662919 
1094581	1.680744 
1094582	1.706680 
1094583	1.739401 
1094584	1.775997 
1094585	1.811675 
1094586	1.838991 
1094587	1.847989 
1094588	1.830147 
1094589	1.783979 
1094590	1.716925 
1094591	1.641332 
1094592	1.568771 
1094593	1.507691 
1094594	1.463755 
1094595	1.440223 
1094596	1.437919 
1094597	1.454556 
1094598	1.482997 
1094599	1.509795 
1094600	1.519195 
1094601	1.502563 
1094602	1.465297 
1094603	1.422643 
1094604	1.389713 
1094605	1.375760 
1094606	1.384877 
1094607	1.417617 
1094608	1.471697 
1094609	1.542006 
1094610	1.620080 
1094611	1.693749 
1094612	1.749429 
1094613	1.778479 
1094614	1.781984 
1094615	1.768624 
1094616	1.748490 
1094617	1.728879 
1094618	1.714031 
1094619	1.706049 
1094620	1.705394 
1094621	1.710891 
1094622	1.719232 
1094623	1.723878 
1094624	1.714887 
1094625	1.682922 
1094626	1.625882 
1094627	1.551860 
1094628	1.474673 
1094629	1.407273 
1094630	1.358602 
1094631	1.333731 
1094632	1.334471 
1094633	1.359368 
1094634	1.402771 
1094635	1.453250 
1094636	1.494605 
1094637	1.513033 
1094638	1.506056 
1094639	1.483787 
1094640	1.460809 
1094641	1.448094 
1094642	1.451237 
1094643	1.472023 
1094644	1.509580 
1094645	1.560821 
1094646	1.620222 
1094647	1.678648 
1094648	1.723484 
1094649	1.743297 
1094650	1.733898 
1094651	1.700830 
1094652	1.655467 
1094653	1.608951 
1094654	1.568853 
1094655	1.539528 
1094656	1.523057 
1094657	1.519470 
1094658	1.526332 
1094659	1.537613 
1094660	1.542520 
1094661	1.527804 
1094662	1.485306 
1094663	1.418810 
1094664	1.342425 
1094665	1.272499 
1094666	1.221151 
1094667	1.195340 
1094668	1.197738 
1094669	1.226895 
1094670	1.276490 
1094671	1.333796 
1094672	1.380536 
1094673	1.400820 
1094674	1.391079 
1094675	1.361839 
1094676	1.329488 
1094677	1.307276 
1094678	1.302208 
1094679	1.316667 
1094680	1.349841 
1094681	1.398047 
1094682	1.454288 
1094683	1.507481 
1094684	1.543609 
1094685	1.551465 
1094686	1.529493 
1094687	1.486648 
1094688	1.436308 
1094689	1.389789 
1094690	1.354240 
1094691	1.333446 
1094692	1.328654 
1094693	1.338631 
1094694	1.358857 
1094695	1.379865 
1094696	1.387849 
1094697	1.370989 
1094698	1.327759 
1094699	1.268938 
1094700	1.210554 
1094701	1.165723 
1094702	1.142105 
1094703	1.142951 
1094704	1.167848 
1094705	1.212454 
1094706	1.267124 
1094707	1.316237 
1094708	1.343072 
1094709	1.339222 
1094710	1.310296 
1094711	1.271032 
1094712	1.236254 
1094713	1.215588 
1094714	1.213531 
1094715	1.230919 
1094716	1.265340 
1094717	1.310467 
1094718	1.354776 
1094719	1.382490 
1094720	1.380250 
1094721	1.346113 
1094722	1.291435 
1094723	1.233174 
1094724	1.185504 
1094725	1.157116 
1094726	1.152245 
1094727	1.171384 
1094728	1.210886 
1094729	1.261261 
1094730	1.306073 
1094731	1.326987 
1094732	1.314824 
1094733	1.276939 
1094734	1.231535 
1094735	1.196422 
1094736	1.182761 
1094737	1.195446 
1094738	1.234757 
1094739	1.296840 
1094740	1.373098 
1094741	1.448960 
1094742	1.506315 
1094743	1.532005 
1094744	1.525415 
1094745	1.497792 
1094746	1.464379 
1094747	1.437122 
1094748	1.422795 
1094749	1.424465 
1094750	1.442342 
1094751	1.473644 
1094752	1.511584 
1094753	1.544008 
1094754	1.555456 
1094755	1.534998 
1094756	1.484398 
1094757	1.417950 
1094758	1.353741 
1094759	1.305834 
1094760	1.282549 
1094761	1.287403 
1094762	1.319734 
1094763	1.374508 
1094764	1.441275 
1094765	1.503682 
1094766	1.544618 
1094767	1.555877 
1094768	1.543227 
1094769	1.521371 
1094770	1.504683 
1094771	1.501966 
1094772	1.517035 
1094773	1.550375 
1094774	1.599807 
1094775	1.660478 
1094776	1.724343 
1094777	1.779557 
1094778	1.812341 
1094779	1.813208 
1094780	1.782970 
1094781	1.732128 
1094782	1.674376 
1094783	1.620944 
1094784	1.579264 
1094785	1.553651 
1094786	1.545871 
1094787	1.555118 
1094788	1.577279 
1094789	1.603313 
1094790	1.618774 
1094791	1.609332 
1094792	1.570413 
1094793	1.511811 
1094794	1.451558 
1094795	1.406230 
1094796	1.386226 
1094797	1.396166 
1094798	1.436058 
1094799	1.501737 
1094800	1.584710 
1094801	1.671924 
1094802	1.747142 
1094803	1.796644 
1094804	1.816160 
1094805	1.811980 
1094806	1.795348 
1094807	1.776074 
1094808	1.760326 
1094809	1.751408 
1094810	1.750486 
1094811	1.756807 
1094812	1.767510 
1094813	1.776952 
1094814	1.775824 
1094815	1.752558 
1094816	1.699181 
1094817	1.617827 
1094818	1.521233 
1094819	1.426471 
1094820	1.348377 
1094821	1.297043 
1094822	1.277802 
1094823	1.291319 
1094824	1.333024 
1094825	1.391594 
1094826	1.448608 
1094827	1.484669 
1094828	1.490066 
1094829	1.471007 
1094830	1.444001 
1094831	1.424774 
1094832	1.422499 
1094833	1.440707 
1094834	1.479226 
1094835	1.535112 
1094836	1.602766 
1094837	1.673431 
1094838	1.734906 
1094839	1.773570 
1094840	1.780191 
1094841	1.755495 
1094842	1.709411 
1094843	1.654804 
1094844	1.602131 
1094845	1.558239 
1094846	1.527036 
1094847	1.510043 
1094848	1.506491 
1094849	1.512795 
1094850	1.521216 
1094851	1.519455 
1094852	1.495560 
1094853	1.446338 
1094854	1.381117 
1094855	1.316566 
1094856	1.268219 
1094857	1.245606 
1094858	1.252650 
1094859	1.288948 
1094860	1.350094 
1094861	1.427055 
1094862	1.505860 
1094863	1.571125 
1094864	1.612914 
1094865	1.631855 
1094866	1.637099 
1094867	1.639354 
1094868	1.645868 
1094869	1.660076 
1094870	1.682919 
1094871	1.713560 
1094872	1.749571 
1094873	1.786646 
1094874	1.817894 
1094875	1.833694 
1094876	1.824504 
1094877	1.786267 
1094878	1.723825 
1094879	1.648748 
1094880	1.573505 
1094881	1.507701 
1094882	1.457912 
1094883	1.428098 
1094884	1.419679 
1094885	1.431082 
1094886	1.456327 
1094887	1.483308 
1094888	1.496448 
1094889	1.485162 
1094890	1.451690 
1094891	1.409381 
1094892	1.373719 
1094893	1.355305 
1094894	1.359033 
1094895	1.385855 
1094896	1.433709 
1094897	1.497550 
1094898	1.568806 
1094899	1.634936 
1094900	1.681909 
1094901	1.700872 
1094902	1.693239 
1094903	1.668754 
1094904	1.638891 
1094905	1.612192 
1094906	1.593912 
1094907	1.586854 
1094908	1.591793 
1094909	1.607429 
1094910	1.629872 
1094911	1.651579 
1094912	1.661294 
1094913	1.648665 
1094914	1.611310 
1094915	1.557502 
1094916	1.501520 
1094917	1.456181 
1094918	1.429680 
1094919	1.426332 
1094920	1.447160 
1094921	1.489960 
1094922	1.548844 
1094923	1.613274 
1094924	1.668303 
1094925	1.699817 
1094926	1.702703 
1094927	1.683818 
1094928	1.656526 
1094929	1.632818 
1094930	1.620011 
1094931	1.621682 
1094932	1.638749 
1094933	1.669866 
1094934	1.711361 
1094935	1.756573 
1094936	1.794782 
1094937	1.812897 
1094938	1.801768 
1094939	1.762243 
1094940	1.705055 
1094941	1.644341 
1094942	1.591585 
1094943	1.554317 
1094944	1.536725 
1094945	1.540076 
1094946	1.562750 
1094947	1.599735 
1094948	1.641603 
1094949	1.674120 
1094950	1.682730 
1094951	1.661104 
1094952	1.615730 
1094953	1.561414 
1094954	1.512740 
1094955	1.479507 
1094956	1.467009 
1094957	1.477036 
1094958	1.508262 
1094959	1.556085 
1094960	1.611906 
1094961	1.662469 
1094962	1.692486 
1094963	1.692349 
1094964	1.664423 
1094965	1.621123 
1094966	1.577099 
1094967	1.543087 
1094968	1.525181 
1094969	1.526065 
1094970	1.545669 
1094971	1.581263 
1094972	1.626923 
1094973	1.672324 
1094974	1.703980 
1094975	1.711315 
1094976	1.692899 
1094977	1.657155 
1094978	1.616710 
1094979	1.582088 
1094980	1.559474 
1094981	1.551760 
1094982	1.559512 
1094983	1.581204 
1094984	1.612800 
1094985	1.646634 
1094986	1.671213 
1094987	1.675052 
1094988	1.653274 
1094989	1.611328 
1094990	1.561635 
1094991	1.516683 
1094992	1.484894 
1094993	1.470883 
1094994	1.476387 
1094995	1.500599 
1094996	1.539949 
1094997	1.587411 
1094998	1.631777 
1094999	1.660148 
1095000	1.664905 
1095001	1.648499 
1095002	1.621105 
1095003	1.594097 
1095004	1.575052 
1095005	1.567707 
1095006	1.573322 
1095007	1.591189 
1095008	1.618543 
1095009	1.650037 
1095010	1.676828 
1095011	1.687229 
1095012	1.672141 
1095013	1.631271 
1095014	1.573831 
1095015	1.513063 
1095016	1.459818 
1095017	1.421005 
1095018	1.400576 
1095019	1.399909 
1095020	1.417669 
1095021	1.449027 
1095022	1.484252 
1095023	1.509379 
1095024	1.512489 
1095025	1.491630 
1095026	1.456282 
1095027	1.420573 
1095028	1.395771 
1095029	1.388115 
1095030	1.400032 
1095031	1.431050 
1095032	1.478023 
1095033	1.534726 
1095034	1.591056 
1095035	1.633727 
1095036	1.651106 
1095037	1.639982 
1095038	1.607308 
1095039	1.565124 
1095040	1.524131 
1095041	1.491267 
1095042	1.470500 
1095043	1.463493 
1095044	1.469673 
1095045	1.485777 
1095046	1.504819 
1095047	1.515507 
1095048	1.505665 
1095049	1.469840 
1095050	1.414348 
1095051	1.353879 
1095052	1.303462 
1095053	1.273494 
1095054	1.269475 
1095055	1.292879 
1095056	1.341470 
1095057	1.408943 
1095058	1.484257 
1095059	1.553000 
1095060	1.603040 
1095061	1.630806 
1095062	1.642191 
1095063	1.647173 
1095064	1.653896 
1095065	1.666703 
1095066	1.687236 
1095067	1.715286 
1095068	1.749020 
1095069	1.784828 
1095070	1.816763 
1095071	1.835919 
1095072	1.832113 
1095073	1.799263 
1095074	1.740046 
1095075	1.665197 
1095076	1.588172 
1095077	1.519531 
1095078	1.466691 
1095079	1.434453 
1095080	1.424990 
1095081	1.437528 
1095082	1.467257 
1095083	1.503563 
1095084	1.530506 
1095085	1.534390 
1095086	1.513514 
1095087	1.479368 
1095088	1.448292 
1095089	1.432759 
1095090	1.438851 
1095091	1.468207 
1095092	1.519372 
1095093	1.588255 
1095094	1.668296 
1095095	1.750018 
1095096	1.820992 
1095097	1.869671 
1095098	1.890587 
1095099	1.886759 
1095100	1.866578 
1095101	1.838602 
1095102	1.808984 
1095103	1.781603 
1095104	1.758527 
1095105	1.740258 
1095106	1.725618 
1095107	1.711255 
1095108	1.690785 
1095109	1.655366 
1095110	1.598070 
1095111	1.519693 
1095112	1.430263 
1095113	1.344474 
1095114	1.275413 
1095115	1.231977 
1095116	1.218942 
1095117	1.236938 
1095118	1.281925 
1095119	1.344052 
1095120	1.407656 
1095121	1.456333 
1095122	1.482041 
1095123	1.489567 
1095124	1.491298 
1095125	1.498772 
1095126	1.518268 
1095127	1.551710 
1095128	1.598351 
1095129	1.655475 
1095130	1.718493 
1095131	1.780716 
1095132	1.833012 
1095133	1.864583 
1095134	1.867124 
1095135	1.839721 
1095136	1.789553 
1095137	1.727703 
1095138	1.664087 
1095139	1.605766 
1095140	1.557504 
1095141	1.522084 
1095142	1.500395 
1095143	1.491021 
1095144	1.489152 
1095145	1.485161 
1095146	1.466244 
1095147	1.423986 
1095148	1.361718 
1095149	1.293712 
1095150	1.237204 
1095151	1.204749 
1095152	1.202605 
1095153	1.232018 
1095154	1.289899 
1095155	1.368719 
1095156	1.456032 
1095157	1.535909 
1095158	1.594570 
1095159	1.627195 
1095160	1.639370 
1095161	1.641613 
1095162	1.642903 
1095163	1.648562 
1095164	1.661050 
1095165	1.680726 
1095166	1.706161 
1095167	1.733999 
1095168	1.758381 
1095169	1.770267 
1095170	1.758910 
1095171	1.717269 
1095172	1.647496 
1095173	1.560843 
1095174	1.471884 
1095175	1.392918 
1095176	1.332680 
1095177	1.296575 
1095178	1.286769 
1095179	1.301638 
1095180	1.333892 
1095181	1.368506 
1095182	1.386515 
1095183	1.375458 
1095184	1.338899 
1095185	1.293590 
1095186	1.258205 
1095187	1.244989 
1095188	1.258983 
1095189	1.300377 
1095190	1.365626 
1095191	1.447454 
1095192	1.534281 
1095193	1.610734 
1095194	1.662252 
1095195	1.682668 
1095196	1.677164 
1095197	1.657311 
1095198	1.633947 
1095199	1.614119 
1095200	1.601696 
1095201	1.598237 
1095202	1.603311 
1095203	1.614322 
1095204	1.625771 
1095205	1.628146 
1095206	1.609615 
1095207	1.562659 
1095208	1.490468 
1095209	1.406313 
1095210	1.326723 
1095211	1.265027 
1095212	1.229507 
1095213	1.224194 
1095214	1.249064 
1095215	1.299377 
1095216	1.364021 
1095217	1.425069 
1095218	1.463895 
1095219	1.472162 
1095220	1.457378 
1095221	1.436176 
1095222	1.423528 
1095223	1.427962 
1095224	1.452796 
1095225	1.497821 
1095226	1.560003 
1095227	1.633641 
1095228	1.709990 
1095229	1.776369 
1095230	1.818586 
1095231	1.827729 
1095232	1.805236 
1095233	1.761666 
1095234	1.710417 
1095235	1.662011 
1095236	1.623198 
1095237	1.598034 
1095238	1.588315 
1095239	1.593470 
1095240	1.609966 
1095241	1.630131 
1095242	1.641415 
1095243	1.630271 
1095244	1.590648 
1095245	1.529250 
1095246	1.461903 
1095247	1.405045 
1095248	1.369856 
1095249	1.361935 
1095250	1.382557 
1095251	1.429241 
1095252	1.495522 
1095253	1.570220 
1095254	1.638108 
1095255	1.684761 
1095256	1.703813 
1095257	1.700246 
1095258	1.685864 
1095259	1.671924 
1095260	1.665405 
1095261	1.669660 
1095262	1.685656 
1095263	1.712485 
1095264	1.747375 
1095265	1.785261 
1095266	1.817962 
1095267	1.834455 
1095268	1.824829 
1095269	1.786305 
1095270	1.725728 
1095271	1.655660 
1095272	1.588374 
1095273	1.532886 
1095274	1.494908 
1095275	1.477404 
1095276	1.480743 
1095277	1.502184 
1095278	1.534438 
1095279	1.564273 
1095280	1.575685 
1095281	1.558765 
1095282	1.517115 
1095283	1.465478 
1095284	1.420298 
1095285	1.393072 
1095286	1.389755 
1095287	1.411998 
1095288	1.457825 
1095289	1.521682 
1095290	1.593615 
1095291	1.658414 
1095292	1.699813 
1095293	1.708560 
1095294	1.687539 
1095295	1.649062 
1095296	1.607230 
1095297	1.572313 
1095298	1.550266 
1095299	1.543872 
1095300	1.553208 
1095301	1.575494 
1095302	1.604150 
1095303	1.627442 
1095304	1.630343 
1095305	1.602152 
1095306	1.544234 
1095307	1.470318 
1095308	1.398556 
1095309	1.343308 
1095310	1.313250 
1095311	1.312265 
1095312	1.339924 
1095313	1.391306 
1095314	1.456066 
1095315	1.518009 
1095316	1.559371 
1095317	1.570164 
1095318	1.554533 
1095319	1.526727 
1095320	1.501739 
1095321	1.489359 
1095322	1.494186 
1095323	1.517269 
1095324	1.556955 
1095325	1.608967 
1095326	1.665946 
1095327	1.716949 
1095328	1.748872 
1095329	1.752036 
1095330	1.726341 
1095331	1.681414 
1095332	1.630681 
1095333	1.585201 
1095334	1.551779 
1095335	1.533974 
1095336	1.532865 
1095337	1.547162 
1095338	1.572765 
1095339	1.601602 
1095340	1.621375 
1095341	1.620020 
1095342	1.593286 
1095343	1.548318 
1095344	1.499017 
1095345	1.458219 
1095346	1.433969 
1095347	1.430053 
1095348	1.447082 
1095349	1.482985 
1095350	1.532978 
1095351	1.589016 
1095352	1.639541 
1095353	1.672671 
1095354	1.682562 
1095355	1.672897 
1095356	1.653714 
1095357	1.635113 
1095358	1.623702 
1095359	1.622898 
1095360	1.633895 
1095361	1.656128 
1095362	1.687294 
1095363	1.723002 
1095364	1.756093 
1095365	1.776897 
1095366	1.776846 
1095367	1.753758 
1095368	1.713585 
1095369	1.666643 
1095370	1.622341 
1095371	1.586974 
1095372	1.564176 
1095373	1.555559 
1095374	1.560955 
1095375	1.578244 
1095376	1.602723 
1095377	1.626226 
1095378	1.638317 
1095379	1.631523 
1095380	1.606585 
1095381	1.572098 
1095382	1.538949 
1095383	1.515378 
1095384	1.506049 
1095385	1.512945 
1095386	1.535971 
1095387	1.573110 
1095388	1.620127 
1095389	1.669690 
1095390	1.711550 
1095391	1.736322 
1095392	1.740240 
1095393	1.726971 
1095394	1.704616 
1095395	1.681015 
1095396	1.661398 
1095397	1.648696 
1095398	1.644164 
1095399	1.647613 
1095400	1.657249 
1095401	1.669130 
1095402	1.676441 
1095403	1.670303 
1095404	1.644137 
1095405	1.598713 
1095406	1.542545 
1095407	1.487174 
1095408	1.442304 
1095409	1.414114 
1095410	1.405754 
1095411	1.417829 
1095412	1.448298 
1095413	1.491788 
1095414	1.538683 
1095415	1.576393 
1095416	1.595155 
1095417	1.594163 
1095418	1.581533 
1095419	1.568307 
1095420	1.562844 
1095421	1.569542 
1095422	1.589897 
1095423	1.623335 
1095424	1.667453 
1095425	1.717796 
1095426	1.767356 
1095427	1.806527 
1095428	1.825724 
1095429	1.820470 
1095430	1.794274 
1095431	1.756107 
1095432	1.715290 
1095433	1.678583 
1095434	1.650177 
1095435	1.632275 
1095436	1.625358 
1095437	1.628089 
1095438	1.636780 
1095439	1.644490 
1095440	1.641465 
1095441	1.619535 
1095442	1.578061 
1095443	1.525285 
1095444	1.473435 
1095445	1.432855 
1095446	1.409863 
1095447	1.407432 
1095448	1.425884 
1095449	1.463026 
1095450	1.513733 
1095451	1.569234 
1095452	1.617963 
1095453	1.650032 
1095454	1.662815 
1095455	1.661887 
1095456	1.656452 
1095457	1.654209 
1095458	1.659513 
1095459	1.674230 
1095460	1.698567 
1095461	1.731328 
1095462	1.769718 
1095463	1.808763 
1095464	1.840941 
1095465	1.857699 
1095466	1.853300 
1095467	1.828315 
1095468	1.789133 
1095469	1.744123 
1095470	1.700235 
1095471	1.662087 
1095472	1.632462 
1095473	1.612749 
1095474	1.602917 
1095475	1.601054 
1095476	1.602419 
1095477	1.598857 
1095478	1.581296 
1095479	1.545578 
1095480	1.496494 
1095481	1.445434 
1095482	1.404164 
1095483	1.380753 
1095484	1.379303 
1095485	1.400685 
1095486	1.442908 
1095487	1.501099 
1095488	1.567123 
1095489	1.629515 
1095490	1.676674 
1095491	1.702364 
1095492	1.708270 
1095493	1.701541 
1095494	1.689924 
1095495	1.678759 
1095496	1.670918 
1095497	1.667477 
1095498	1.668042 
1095499	1.670694 
1095500	1.671540 
1095501	1.664056 
1095502	1.639700 
1095503	1.591868 
1095504	1.520958 
1095505	1.435864 
1095506	1.349841 
1095507	1.275184 
1095508	1.220869 
1095509	1.192262 
1095510	1.191173 
1095511	1.215257 
1095512	1.256433 
1095513	1.300230 
1095514	1.330431 
1095515	1.338129 
1095516	1.327779 
1095517	1.312918 
1095518	1.306782 
1095519	1.316839 
1095520	1.345419 
1095521	1.391611 
1095522	1.452256 
1095523	1.522151 
1095524	1.593629 
1095525	1.656439 
1095526	1.699692 
1095527	1.716268 
1095528	1.706571 
1095529	1.677622 
1095530	1.638523 
1095531	1.596749 
1095532	1.557413 
1095533	1.523749 
1095534	1.497457 
1095535	1.478661 
1095536	1.465402 
1095537	1.452558 
1095538	1.431607 
1095539	1.394198 
1095540	1.338384 
1095541	1.271719 
1095542	1.207880 
1095543	1.160207 
1095544	1.137441 
1095545	1.143426 
1095546	1.177731 
1095547	1.235608 
1095548	1.307344 
1095549	1.378883 
1095550	1.436546 
1095551	1.473581 
1095552	1.493053 
1095553	1.504185 
1095554	1.516071 
1095555	1.534266 
1095556	1.561042 
1095557	1.596437 
1095558	1.638770 
1095559	1.684647 
1095560	1.728488 
1095561	1.762290 
1095562	1.777277 
1095563	1.767871 
1095564	1.735248 
1095565	1.687135 
1095566	1.633840 
1095567	1.584160 
1095568	1.544279 
1095569	1.518131 
1095570	1.507593 
1095571	1.512397 
1095572	1.529599 
1095573	1.552650 
1095574	1.571317 
1095575	1.575386 
1095576	1.560965 
1095577	1.533573 
1095578	1.504441 
1095579	1.484126 
1095580	1.479166 
1095581	1.492304 
1095582	1.523412 
1095583	1.570054 
1095584	1.627651 
1095585	1.689055 
1095586	1.744451 
1095587	1.783760 
1095588	1.800649 
1095589	1.795304 
1095590	1.773506 
1095591	1.742854 
1095592	1.709626 
1095593	1.677989 
1095594	1.650284 
1095595	1.627333 
1095596	1.608437 
1095597	1.591098 
1095598	1.570458 
1095599	1.539456 
1095600	1.491608 
1095601	1.425780 
1095602	1.348748 
1095603	1.272737 
1095604	1.210140 
1095605	1.169916 
1095606	1.156927 
1095607	1.172025 
1095608	1.211849 
1095609	1.268231 
1095610	1.328601 
1095611	1.379922 
1095612	1.415105 
1095613	1.436317 
1095614	1.451828 
1095615	1.469951 
1095616	1.495692 
1095617	1.530847 
1095618	1.575063 
1095619	1.626482 
1095620	1.681880 
1095621	1.736454 
1095622	1.783609 
1095623	1.815259 
1095624	1.824001 
1095625	1.806966 
1095626	1.767874 
1095627	1.715171 
1095628	1.658072 
1095629	1.604118 
1095630	1.558736 
1095631	1.525446 
1095632	1.505911 
1095633	1.499630 
1095634	1.503175 
1095635	1.509101 
1095636	1.506769 
1095637	1.487411 
1095638	1.450248 
1095639	1.403638 
1095640	1.360066 
1095641	1.330093 
1095642	1.319824 
1095643	1.331476 
1095644	1.364153 
1095645	1.414026 
1095646	1.474058 
1095647	1.533849 
1095648	1.581540 
1095649	1.608879 
1095650	1.615603 
1095651	1.608627 
1095652	1.597264 
1095653	1.588871 
1095654	1.587709 
1095655	1.595644 
1095656	1.612707 
1095657	1.637127 
1095658	1.664921 
1095659	1.689133 
1095660	1.700374 
1095661	1.690477 
1095662	1.657231 
1095663	1.606336 
1095664	1.548592 
1095665	1.494625 
1095666	1.452099 
1095667	1.425835 
1095668	1.418083 
1095669	1.428419 
1095670	1.453151 
1095671	1.484233 
1095672	1.509717 
1095673	1.518353 
1095674	1.506285 
1095675	1.479887 
1095676	1.451457 
1095677	1.432274 
1095678	1.429156 
1095679	1.444849 
1095680	1.479042 
1095681	1.528928 
1095682	1.589268 
1095683	1.651874 
1095684	1.706099 
1095685	1.742083 
1095686	1.754952 
1095687	1.746872 
1095688	1.724949 
1095689	1.697018 
1095690	1.669001 
1095691	1.644605 
1095692	1.625731 
1095693	1.612721 
1095694	1.604294 
1095695	1.597154 
1095696	1.585405 
1095697	1.561206 
1095698	1.518420 
1095699	1.457403 
1095700	1.386439 
1095701	1.318024 
1095702	1.263734 
1095703	1.231495 
1095704	1.225192 
1095705	1.244836 
1095706	1.286410 
1095707	1.341414 
1095708	1.397473 
1095709	1.442148 
1095710	1.468959 
1095711	1.480585 
1095712	1.485765 
1095713	1.493407 
1095714	1.509046 
1095715	1.534825 
1095716	1.570548 
1095717	1.614276 
1095718	1.662427 
1095719	1.709563 
1095720	1.748193 
1095721	1.769749 
1095722	1.767806 
1095723	1.741717 
1095724	1.697193 
1095725	1.643178 
1095726	1.588216 
1095727	1.538850 
1095728	1.499537 
1095729	1.472938 
1095730	1.459911 
1095731	1.458972 
1095732	1.465138 
1095733	1.469441 
1095734	1.461811 
1095735	1.437202 
1095736	1.399892 
1095737	1.361170 
1095738	1.332931 
1095739	1.323200 
1095740	1.335511 
1095741	1.369747 
1095742	1.422730 
1095743	1.488393 
1095744	1.557918 
1095745	1.620585 
1095746	1.666592 
1095747	1.691261 
1095748	1.696487 
1095749	1.688426 
1095750	1.673786 
1095751	1.657533 
1095752	1.642616 
1095753	1.630371 
1095754	1.620720 
1095755	1.612064 
1095756	1.600852 
1095757	1.581334 
1095758	1.547024 
1095759	1.494388 
1095760	1.426265 
1095761	1.351529 
1095762	1.281353 
1095763	1.225482 
1095764	1.190445 
1095765	1.179292 
1095766	1.191554 
1095767	1.222607 
1095768	1.262968 
1095769	1.300050 
1095770	1.323733 
1095771	1.332137 
1095772	1.332254 
1095773	1.334808 
1095774	1.348482 
1095775	1.377505 
1095776	1.422489 
1095777	1.481498 
1095778	1.550528 
1095779	1.623690 
1095780	1.693231 
1095781	1.750306 
1095782	1.787793 
1095783	1.803220 
1095784	1.799365 
1095785	1.782202 
1095786	1.758023 
1095787	1.731701 
1095788	1.706463 
1095789	1.684139 
1095790	1.665285 
1095791	1.649088 
1095792	1.633100 
1095793	1.613061 
1095794	1.583706 
1095795	1.541615 
1095796	1.488372 
1095797	1.430866 
1095798	1.378387 
1095799	1.339258 
1095800	1.318993 
1095801	1.319947 
1095802	1.341544 
1095803	1.380381 
1095804	1.430120 
1095805	1.481801 
1095806	1.526280 
1095807	1.557950 
1095808	1.576777 
1095809	1.587147 
1095810	1.594657 
1095811	1.603658 
1095812	1.616641 
1095813	1.634450 
1095814	1.656530 
1095815	1.681003 
1095816	1.704503 
1095817	1.722020 
1095818	1.727463 
1095819	1.715835 
1095820	1.686096 
1095821	1.642350 
1095822	1.592247 
1095823	1.543952 
1095824	1.503890 
1095825	1.476209 
1095826	1.463034 
1095827	1.464440 
1095828	1.478059 
1095829	1.498525 
1095830	1.517742 
1095831	1.527635 
1095832	1.524545 
1095833	1.511499 
1095834	1.496018 
1095835	1.485742 
1095836	1.485691 
1095837	1.498043 
1095838	1.522714 
1095839	1.557754 
1095840	1.599430 
1095841	1.642099 
1095842	1.678253 
1095843	1.700069 
1095844	1.702734 
1095845	1.686945 
1095846	1.658345 
1095847	1.624418 
1095848	1.591592 
1095849	1.564376 
1095850	1.545520 
1095851	1.536124 
1095852	1.535525 
1095853	1.540912 
1095854	1.546858 
1095855	1.546009 
1095856	1.532272 
1095857	1.504926 
1095858	1.469807 
1095859	1.436283 
1095860	1.412996 
1095861	1.405684 
1095862	1.416998 
1095863	1.446875 
1095864	1.492756 
1095865	1.549639 
1095866	1.610168 
1095867	1.665546 
1095868	1.708417 
1095869	1.736094 
1095870	1.751154 
1095871	1.759080 
1095872	1.765208 
1095873	1.773291 
1095874	1.785429 
1095875	1.802321 
1095876	1.823396 
1095877	1.846816 
1095878	1.869339 
1095879	1.886169 
1095880	1.891630 
1095881	1.881437 
1095882	1.855313 
1095883	1.817588 
1095884	1.775197 
1095885	1.734992 
1095886	1.702255 
1095887	1.680349 
1095888	1.670828 
1095889	1.673494 
1095890	1.686265 
1095891	1.704888 
1095892	1.722937 
1095893	1.733192 
1095894	1.730782 
1095895	1.715981 
1095896	1.693944 
1095897	1.671687 
1095898	1.655088 
1095899	1.647820 
1095900	1.651546 
1095901	1.666255 
1095902	1.690407 
1095903	1.720844 
1095904	1.752515 
1095905	1.778624 
1095906	1.792554 
1095907	1.791033 
1095908	1.775826 
1095909	1.752550 
1095910	1.727731 
1095911	1.706497 
1095912	1.692076 
1095913	1.686091 
1095914	1.688751 
1095915	1.698774 
1095916	1.713070 
1095917	1.726448 
1095918	1.732435 
1095919	1.725997 
1095920	1.706435 
1095921	1.678016 
1095922	1.647720 
1095923	1.622126 
1095924	1.605830 
1095925	1.601410 
1095926	1.609679 
1095927	1.629719 
1095928	1.658675 
1095929	1.691358 
1095930	1.720578 
1095931	1.739428 
1095932	1.744557 
1095933	1.737762 
1095934	1.724592 
1095935	1.711319 
1095936	1.702651 
1095937	1.701259 
1095938	1.708097 
1095939	1.722638 
1095940	1.742856 
1095941	1.765027 
1095942	1.783666 
1095943	1.792465 
1095944	1.786671 
1095945	1.765621 
1095946	1.733198 
1095947	1.695800 
1095948	1.659697 
1095949	1.629539 
1095950	1.608153 
1095951	1.596722 
1095952	1.594796 
1095953	1.599994 
1095954	1.607478 
1095955	1.610229 
1095956	1.601469 
1095957	1.578341 
1095958	1.544036 
1095959	1.506336 
1095960	1.473794 
1095961	1.452739 
1095962	1.446660 
1095963	1.456560 
1095964	1.481198 
1095965	1.517037 
1095966	1.558008 
1095967	1.595903 
1095968	1.622688 
1095969	1.634080 
1095970	1.631594 
1095971	1.621142 
1095972	1.609583 
1095973	1.602192 
1095974	1.602108 
1095975	1.610624 
1095976	1.627406 
1095977	1.650470 
1095978	1.675953 
1095979	1.697936 
1095980	1.709423 
1095981	1.705204 
1095982	1.684917 
1095983	1.653539 
1095984	1.618838 
1095985	1.588105 
1095986	1.566550 
1095987	1.557174 
1095988	1.560989 
1095989	1.577035 
1095990	1.602129 
1095991	1.630429 
1095992	1.653971 
1095993	1.665378 
1095994	1.661558 
1095995	1.645340 
1095996	1.623592 
1095997	1.603674 
1095998	1.590952 
1095999	1.588355 
1096000	1.596731 
1096001	1.615032 
1096002	1.640214 
1096003	1.666955 
1096004	1.687843 
1096005	1.695155 
1096006	1.684310 
1096007	1.656568 
1096008	1.618438 
1096009	1.578320 
1096010	1.543431 
1096011	1.518724 
1096012	1.506918 
1096013	1.508593 
1096014	1.522051 
1096015	1.542873 
1096016	1.563567 
1096017	1.574909 
1096018	1.569980 
1096019	1.548312 
1096020	1.516322 
1096021	1.483630 
1096022	1.458712 
1096023	1.446984 
1096024	1.450890 
1096025	1.470278 
1096026	1.502504 
1096027	1.542219 
1096028	1.581235 
1096029	1.610133 
1096030	1.622177 
1096031	1.616632 
1096032	1.598721 
1096033	1.576398 
1096034	1.556698 
1096035	1.544167 
1096036	1.541000 
1096037	1.547403 
1096038	1.561631 
1096039	1.579744 
1096040	1.595347 
1096041	1.600507 
1096042	1.588786 
1096043	1.558832 
1096044	1.515615 
1096045	1.468104 
1096046	1.425384 
1096047	1.394109 
1096048	1.378083 
1096049	1.378487 
1096050	1.393906 
1096051	1.419951 
1096052	1.448994 
1096053	1.471674 
1096054	1.480923 
1096055	1.475838 
1096056	1.461987 
1096057	1.447949 
1096058	1.441170 
1096059	1.445961 
1096060	1.463710 
1096061	1.493497 
1096062	1.532293 
1096063	1.574816 
1096064	1.613617 
1096065	1.640546 
1096066	1.649818 
1096067	1.640913 
1096068	1.618751 
1096069	1.590931 
1096070	1.564487 
1096071	1.544349 
1096072	1.533289 
1096073	1.532176 
1096074	1.539993 
1096075	1.553573 
1096076	1.567261 
1096077	1.573670 
1096078	1.566631 
1096079	1.544998 
1096080	1.513896 
1096081	1.482097 
1096082	1.458010 
1096083	1.447433 
1096084	1.453251 
1096085	1.475731 
1096086	1.512651 
1096087	1.559254 
1096088	1.608259 
1096089	1.650900 
1096090	1.679881 
1096091	1.692701 
1096092	1.692409 
1096093	1.685231 
1096094	1.677324 
1096095	1.672988 
1096096	1.674518 
1096097	1.682512 
1096098	1.695995 
1096099	1.712242 
1096100	1.726417 
1096101	1.731743 
1096102	1.721363 
1096103	1.691751 
1096104	1.645292 
1096105	1.589607 
1096106	1.534132 
1096107	1.487077 
1096108	1.454304 
1096109	1.439095 
1096110	1.442015 
1096111	1.460525 
1096112	1.488391 
1096113	1.515906 
1096114	1.532846 
1096115	1.533554 
1096116	1.520292 
1096117	1.501513 
1096118	1.486851 
1096119	1.483295 
1096120	1.494364 
1096121	1.520610 
1096122	1.560055 
1096123	1.608335 
1096124	1.658622 
1096125	1.701955 
1096126	1.729511 
1096127	1.736478 
1096128	1.724447 
1096129	1.700270 
1096130	1.672478 
1096131	1.648120 
1096132	1.631760 
1096133	1.625720 
1096134	1.630324 
1096135	1.643844 
1096136	1.662116 
1096137	1.678310 
1096138	1.684294 
1096139	1.674213 
1096140	1.647962 
1096141	1.611526 
1096142	1.573802 
1096143	1.542857 
1096144	1.524178 
1096145	1.520480 
1096146	1.531867 
1096147	1.555867 
1096148	1.587221 
1096149	1.617918 
1096150	1.638613 
1096151	1.642280 
1096152	1.627974 
1096153	1.601322 
1096154	1.571201 
1096155	1.545739 
1096156	1.530409 
1096157	1.527921 
1096158	1.538536 
1096159	1.560142 
1096160	1.588068 
1096161	1.614929 
1096162	1.631746 
1096163	1.631369 
1096164	1.612325 
1096165	1.579733 
1096166	1.542476 
1096167	1.509171 
1096168	1.485946 
1096169	1.476188 
1096170	1.480800 
1096171	1.498214 
1096172	1.524042 
1096173	1.550718 
1096174	1.568736 
1096175	1.570505 
1096176	1.554489 
1096177	1.526211 
1096178	1.495068 
1096179	1.469876 
1096180	1.456610 
1096181	1.458236 
1096182	1.474982 
1096183	1.504397 
1096184	1.541163 
1096185	1.576958 
1096186	1.601865 
1096187	1.608102 
1096188	1.593982 
1096189	1.564767 
1096190	1.529684 
1096191	1.497739 
1096192	1.475363 
1096193	1.466133 
1096194	1.470995 
1096195	1.488293 
1096196	1.513511 
1096197	1.539047 
1096198	1.555365 
1096199	1.554830 
1096200	1.535999 
1096201	1.504654 
1096202	1.470601 
1096203	1.443115 
1096204	1.428436 
1096205	1.429606 
1096206	1.446829 
1096207	1.477567 
1096208	1.516325 
1096209	1.554620 
1096210	1.582520 
1096211	1.592538 
1096212	1.583516 
1096213	1.561115 
1096214	1.534470 
1096215	1.512106 
1096216	1.499853 
1096217	1.500662 
1096218	1.514957 
1096219	1.540783 
1096220	1.573663 
1096221	1.606515 
1096222	1.630627 
1096223	1.638580 
1096224	1.628067 
1096225	1.603409 
1096226	1.573235 
1096227	1.546348 
1096228	1.528977 
1096229	1.524546 
1096230	1.534044 
1096231	1.556035 
1096232	1.586484 
1096233	1.618550 
1096234	1.643164 
1096235	1.651704 
1096236	1.640124 
1096237	1.611290 
1096238	1.573280 
1096239	1.535426 
1096240	1.505333 
1096241	1.487884 
1096242	1.485232 
1096243	1.496852 
1096244	1.519259 
1096245	1.545598 
1096246	1.566340 
1096247	1.572497 
1096248	1.560135 
1096249	1.532818 
1096250	1.499701 
1096251	1.470912 
1096252	1.454008 
1096253	1.453079 
1096254	1.469081 
1096255	1.500071 
1096256	1.541173 
1096257	1.584516 
1096258	1.620238 
1096259	1.639717 
1096260	1.639636 
1096261	1.623643 
1096262	1.600075 
1096263	1.577895 
1096264	1.563905 
1096265	1.562077 
1096266	1.573744 
1096267	1.597742 
1096268	1.630308 
1096269	1.664847 
1096270	1.692598 
1096271	1.705203 
1096272	1.698573 
1096273	1.675221 
1096274	1.642969 
1096275	1.611058 
1096276	1.586986 
1096277	1.575480 
1096278	1.578591 
1096279	1.595829 
1096280	1.624111 
1096281	1.657573 
1096282	1.687713 
1096283	1.705328 
1096284	1.704458 
1096285	1.685691 
1096286	1.655743 
1096287	1.623829 
1096288	1.597938 
1096289	1.583273 
1096290	1.582307 
1096291	1.595062 
1096292	1.619167 
1096293	1.649754 
1096294	1.679501 
1096295	1.699783 
1096296	1.703896 
1096297	1.690662 
1096298	1.665160 
1096299	1.635852 
1096300	1.610736 
1096301	1.595372 
1096302	1.592752 
1096303	1.603580 
1096304	1.626440 
1096305	1.657755 
1096306	1.691698 
1096307	1.720657 
1096308	1.737264 
1096309	1.737706 
1096310	1.723752 
1096311	1.701544 
1096312	1.678332 
1096313	1.659907 
1096314	1.649883 
1096315	1.649853 
1096316	1.659612 
1096317	1.677171 
1096318	1.698615 
1096319	1.717984 
1096320	1.728067 
1096321	1.722955 
1096322	1.701106 
1096323	1.666282 
1096324	1.625421 
1096325	1.585567 
1096326	1.552067 
1096327	1.528254 
1096328	1.515546 
1096329	1.513433 
1096330	1.519195 
1096331	1.527493 
1096332	1.530774 
1096333	1.521898 
1096334	1.498232 
1096335	1.463789 
1096336	1.427185 
1096337	1.397453 
1096338	1.381128 
1096339	1.381580 
1096340	1.399282 
1096341	1.432001 
1096342	1.474742 
1096343	1.519801 
1096344	1.558040 
1096345	1.582201 
1096346	1.590285 
1096347	1.585956 
1096348	1.575734 
1096349	1.565626 
1096350	1.559578 
1096351	1.559468 
1096352	1.565427 
1096353	1.575941 
1096354	1.587710 
1096355	1.595450 
1096356	1.592436 
1096357	1.572896 
1096358	1.535377 
1096359	1.484370 
1096360	1.428588 
1096361	1.377351 
1096362	1.338007 
1096363	1.315233 
1096364	1.310970 
1096365	1.324226 
1096366	1.350597 
1096367	1.382038 
1096368	1.408563 
1096369	1.422573 
1096370	1.423159 
1096371	1.416330 
1096372	1.410925 
1096373	1.414255 
1096374	1.430421 
1096375	1.460600 
1096376	1.503544 
1096377	1.555736 
1096378	1.611236 
1096379	1.661811 
1096380	1.698530 
1096381	1.715083 
1096382	1.710743 
1096383	1.690316 
1096384	1.661227 
1096385	1.630409 
1096386	1.602939 
1096387	1.581946 
1096388	1.568747 
1096389	1.562746 
1096390	1.560998 
1096391	1.557721 
1096392	1.545185 
1096393	1.517185 
1096394	1.473230 
1096395	1.419820 
1096396	1.367409 
1096397	1.325964 
1096398	1.302436 
1096399	1.300235 
1096400	1.319333 
1096401	1.356195 
1096402	1.403551 
1096403	1.451083 
1096404	1.488480 
1096405	1.510194 
1096406	1.518182 
1096407	1.519914 
1096408	1.523696 
1096409	1.535284 
1096410	1.557305 
1096411	1.589952 
1096412	1.631494 
1096413	1.678374 
1096414	1.725123 
1096415	1.764600 
1096416	1.789486 
1096417	1.795168 
1096418	1.782163 
1096419	1.755869 
1096420	1.723785 
1096421	1.692665 
1096422	1.667410 
1096423	1.651071 
1096424	1.644973 
1096425	1.648668 
1096426	1.659682 
1096427	1.673138 
1096428	1.682109 
1096429	1.680107 
1096430	1.664790 
1096431	1.639701 
1096432	1.612414 
1096433	1.590828 
1096434	1.580455 
1096435	1.583901 
1096436	1.601410 
1096437	1.631222 
1096438	1.669629 
1096439	1.710899 
1096440	1.747700 
1096441	1.772869 
1096442	1.782197 
1096443	1.776293 
1096444	1.759770 
1096445	1.738558 
1096446	1.717635 
1096447	1.700295 
1096448	1.688223 
1096449	1.681660 
1096450	1.679414 
1096451	1.678692 
1096452	1.674922 
1096453	1.662369 
1096454	1.636427 
1096455	1.596565 
1096456	1.547377 
1096457	1.496641 
1096458	1.452144 
1096459	1.419697 
1096460	1.402694 
1096461	1.402222 
1096462	1.416990 
1096463	1.443012 
1096464	1.473369 
1096465	1.499311 
1096466	1.513637 
1096467	1.514433 
1096468	1.505837 
1096469	1.495096 
1096470	1.488789 
1096471	1.491043 
1096472	1.503597 
1096473	1.526232 
1096474	1.556968 
1096475	1.591986 
1096476	1.625500 
1096477	1.650421 
1096478	1.660676 
1096479	1.654185 
1096480	1.634031 
1096481	1.606634 
1096482	1.578747 
1096483	1.555503 
1096484	1.540107 
1096485	1.534025 
1096486	1.537076 
1096487	1.547240 
1096488	1.560288 
1096489	1.569913 
1096490	1.569613 
1096491	1.556091 
1096492	1.531489 
1096493	1.502265 
1096494	1.475844 
1096495	1.457954 
1096496	1.451909 
1096497	1.458880 
1096498	1.478084 
1096499	1.506690 
1096500	1.539515 
1096501	1.569284 
1096502	1.588657 
1096503	1.593518 
1096504	1.585080 
1096505	1.568818 
1096506	1.551361 
1096507	1.538015 
1096508	1.532073 
1096509	1.535000 
1096510	1.546633 
1096511	1.565107 
1096512	1.586582 
1096513	1.605263 
1096514	1.614829 
1096515	1.611384 
1096516	1.595887 
1096517	1.573756 
1096518	1.552033 
1096519	1.536579 
1096520	1.531008 
1096521	1.536825 
1096522	1.553727 
1096523	1.579670 
1096524	1.610695 
1096525	1.640928 
1096526	1.663594 
1096527	1.673564 
1096528	1.669920 
1096529	1.656292 
1096530	1.638594 
1096531	1.622279 
1096532	1.611068 
1096533	1.606915 
1096534	1.610264 
1096535	1.620119 
1096536	1.633903 
1096537	1.647217 
1096538	1.654201 
1096539	1.649478 
1096540	1.631018 
1096541	1.601622 
1096542	1.567607 
1096543	1.535929 
1096544	1.511985 
1096545	1.498975 
1096546	1.498081 
1096547	1.508600 
1096548	1.527770 
1096549	1.550441 
1096550	1.569524 
1096551	1.578261 
1096552	1.573467 
1096553	1.557352 
1096554	1.536185 
1096555	1.517003 
1096556	1.505035 
1096557	1.503111 
1096558	1.512027 
1096559	1.530836 
1096560	1.556862 
1096561	1.585529 
1096562	1.610478 
1096563	1.625006 
1096564	1.624974 
1096565	1.611111 
1096566	1.588568 
1096567	1.564146 
1096568	1.543632 
1096569	1.530867 
1096570	1.527913 
1096571	1.535236 
1096572	1.551652 
1096573	1.574037 
1096574	1.597033 
1096575	1.613795 
1096576	1.618702 
1096577	1.610642 
1096578	1.593925 
1096579	1.575905 
1096580	1.563590 
1096581	1.561800 
1096582	1.572965 
1096583	1.597423 
1096584	1.633574 
1096585	1.677837 
1096586	1.724544 
1096587	1.766369 
1096588	1.796187 
1096589	1.810004 
1096590	1.808618 
1096591	1.796569 
1096592	1.779434 
1096593	1.761814 
1096594	1.746800 
1096595	1.736096 
1096596	1.730091 
1096597	1.727749 
1096598	1.726353 
1096599	1.721275 
1096600	1.706635 
1096601	1.677684 
1096602	1.633890 
1096603	1.580076 
1096604	1.524508 
1096605	1.475676 
1096606	1.440096 
1096607	1.421715 
1096608	1.421906 
1096609	1.439309 
1096610	1.469317 
1096611	1.503799 
1096612	1.532806 
1096613	1.548716 
1096614	1.550020 
1096615	1.541714 
1096616	1.531981 
1096617	1.528099 
1096618	1.534561 
1096619	1.553170 
1096620	1.583517 
1096621	1.623189 
1096622	1.667816 
1096623	1.711069 
1096624	1.745242 
1096625	1.763566 
1096626	1.763382 
1096627	1.747483 
1096628	1.722430 
1096629	1.695433 
1096630	1.672164 
1096631	1.656166 
1096632	1.649016 
1096633	1.650462 
1096634	1.658283 
1096635	1.667940 
1096636	1.672690 
1096637	1.665402 
1096638	1.641979 
1096639	1.604125 
1096640	1.558849 
1096641	1.515099 
1096642	1.480499 
1096643	1.459985 
1096644	1.455728 
1096645	1.467275 
1096646	1.491510 
1096647	1.522393 
1096648	1.551296 
1096649	1.569348 
1096650	1.571377 
1096651	1.558569 
1096652	1.537488 
1096653	1.516329 
1096654	1.501627 
1096655	1.497179 
1096656	1.504305 
1096657	1.522144 
1096658	1.547701 
1096659	1.575643 
1096660	1.598442 
1096661	1.608112 
1096662	1.599845 
1096663	1.574838 
1096664	1.539796 
1096665	1.503622 
1096666	1.473956 
1096667	1.455689 
1096668	1.451094 
1096669	1.460125 
1096670	1.480300 
1096671	1.506317 
1096672	1.530234 
1096673	1.543701 
1096674	1.541913 
1096675	1.526369 
1096676	1.503949 
1096677	1.483182 
1096678	1.470900 
1096679	1.471189 
1096680	1.485624 
1096681	1.513562 
1096682	1.552110 
1096683	1.595859 
1096684	1.637058 
1096685	1.667678 
1096686	1.682887 
1096687	1.683357 
1096688	1.674541 
1096689	1.663643 
1096690	1.656678 
1096691	1.657391 
1096692	1.667434 
1096693	1.686589 
1096694	1.712751 
1096695	1.741705 
1096696	1.767082 
1096697	1.781347 
1096698	1.778494 
1096699	1.757160 
1096700	1.721482 
1096701	1.678891 
1096702	1.636941 
1096703	1.601499 
1096704	1.576354 
1096705	1.563266 
1096706	1.561877 
1096707	1.569387 
1096708	1.580103 
1096709	1.585884 
1096710	1.578999 
1096711	1.556401 
1096712	1.522019 
1096713	1.484914 
1096714	1.454927 
1096715	1.439288 
1096716	1.441763 
1096717	1.463026 
1096718	1.500916 
1096719	1.550445 
1096720	1.603889 
1096721	1.651963 
1096722	1.686804 
1096723	1.705421 
1096724	1.710708 
1096725	1.709093 
1096726	1.707049 
1096727	1.709096 
1096728	1.717555 
1096729	1.732884 
1096730	1.753888 
1096731	1.777719 
1096732	1.799724 
1096733	1.813577 
1096734	1.812660 
1096735	1.792899 
1096736	1.755237 
1096737	1.705569 
1096738	1.652215 
1096739	1.602949 
1096740	1.563350 
1096741	1.536665 
1096742	1.524005 
1096743	1.524265 
1096744	1.533668 
1096745	1.545415 
1096746	1.550987 
1096747	1.543858 
1096748	1.523380 
1096749	1.495353 
1096750	1.468716 
1096751	1.451338 
1096752	1.447976 
1096753	1.460348 
1096754	1.487675 
1096755	1.526891 
1096756	1.572511 
1096757	1.616782 
1096758	1.651185 
1096759	1.669345 
1096760	1.669663 
1096761	1.655561 
1096762	1.633127 
1096763	1.608272 
1096764	1.585360 
1096765	1.567099 
1096766	1.554705 
1096767	1.547899 
1096768	1.544662 
1096769	1.540849 
1096770	1.530562 
1096771	1.508425 
1096772	1.472915 
1096773	1.428181 
1096774	1.382688 
1096775	1.345590 
1096776	1.323772 
1096777	1.321047 
1096778	1.338222 
1096779	1.373180 
1096780	1.420752 
1096781	1.472969 
1096782	1.520771 
1096783	1.557381 
1096784	1.580985 
1096785	1.594512 
1096786	1.602852 
1096787	1.610186 
1096788	1.619015 
1096789	1.630318 
1096790	1.643835 
1096791	1.658145 
1096792	1.670518 
1096793	1.676598 
1096794	1.670745 
1096795	1.648025 
1096796	1.607044 
1096797	1.551384 
1096798	1.488380 
1096799	1.426052 
1096800	1.370940 
1096801	1.327706 
1096802	1.299061 
1096803	1.285422 
1096804	1.284203 
1096805	1.288912 
1096806	1.289764 
1096807	1.277676 
1096808	1.249914 
1096809	1.212420 
1096810	1.176201 
1096811	1.151603 
1096812	1.145169 
1096813	1.159423 
1096814	1.193389 
1096815	1.242789 
1096816	1.299879 
1096817	1.353942 
1096818	1.394414 
1096819	1.415662 
1096820	1.419429 
1096821	1.412811 
1096822	1.403892 
1096823	1.398616 
1096824	1.400161 
1096825	1.409389 
1096826	1.425104 
1096827	1.443871 
1096828	1.459604 
1096829	1.464111 
1096830	1.450117 
1096831	1.415596 
1096832	1.366038 
1096833	1.312163 
1096834	1.265174 
1096835	1.233695 
1096836	1.222857 
1096837	1.234261 
1096838	1.265760 
1096839	1.310850 
1096840	1.358682 
1096841	1.396969 
1096842	1.417721 
1096843	1.421715 
1096844	1.417174 
1096845	1.414165 
1096846	1.420037 
1096847	1.438396 
1096848	1.469838 
1096849	1.512509 
1096850	1.562270 
1096851	1.612513 
1096852	1.654379 
1096853	1.678766 
1096854	1.680207 
1096855	1.659907 
1096856	1.625077 
1096857	1.585205 
1096858	1.548488 
1096859	1.520461 
1096860	1.504151 
1096861	1.500370 
1096862	1.507686 
1096863	1.521958 
1096864	1.535945 
1096865	1.540761 
1096866	1.530067 
1096867	1.504295 
1096868	1.470934 
1096869	1.440422 
1096870	1.421601 
1096871	1.419866 
1096872	1.437331 
1096873	1.473284 
1096874	1.524393 
1096875	1.584730 
1096876	1.645849 
1096877	1.698359 
1096878	1.735650 
1096879	1.756976 
1096880	1.767072 
1096881	1.772929 
1096882	1.780455 
1096883	1.793218 
1096884	1.812769 
1096885	1.839076 
1096886	1.870674 
1096887	1.904579 
1096888	1.936106 
1096889	1.959004 
1096890	1.966901 
1096891	1.956205 
1096892	1.928311 
1096893	1.888994 
1096894	1.845590 
1096895	1.804506 
1096896	1.770333 
1096897	1.745846 
1096898	1.732136 
1096899	1.728589 
1096900	1.732575 
1096901	1.738840 
1096902	1.739624 
1096903	1.727229 
1096904	1.698282 
1096905	1.656134 
1096906	1.609038 
1096907	1.566039 
1096908	1.534115 
1096909	1.517430 
1096910	1.517526 
1096911	1.533444 
1096912	1.561561 
1096913	1.595269 
1096914	1.625212 
1096915	1.641720 
1096916	1.639395 
1096917	1.620225 
1096918	1.592090 
1096919	1.564281 
1096920	1.544085 
1096921	1.535885 
1096922	1.541369 
1096923	1.559768 
1096924	1.587847 
1096925	1.619667 
1096926	1.646621 
1096927	1.659342 
1096928	1.651893 
1096929	1.625247 
1096930	1.586720 
1096931	1.545972 
1096932	1.511260 
1096933	1.488055 
1096934	1.479096 
1096935	1.484534 
1096936	1.501774 
1096937	1.524930 
1096938	1.544845 
1096939	1.551546 
1096940	1.539058 
1096941	1.509140 
1096942	1.470424 
1096943	1.433899 
1096944	1.408520 
1096945	1.399520 
1096946	1.408701 
1096947	1.434803 
1096948	1.473444 
1096949	1.516931 
1096950	1.554992 
1096951	1.577852 
1096952	1.580878 
1096953	1.567014 
1096954	1.544574 
1096955	1.522617 
1096956	1.507796 
1096957	1.503827 
1096958	1.511918 
1096959	1.530977 
1096960	1.557546 
1096961	1.585528 
1096962	1.606323 
1096963	1.611311 
1096964	1.596331 
1096965	1.564302 
1096966	1.523725 
1096967	1.484281 
1096968	1.453678 
1096969	1.436874 
1096970	1.436158 
1096971	1.451230 
1096972	1.478979 
1096973	1.512846 
1096974	1.543121 
1096975	1.560090 
1096976	1.558910 
1096977	1.542494 
1096978	1.519622 
1096979	1.500055 
1096980	1.491035 
1096981	1.496516 
1096982	1.517576 
1096983	1.552782 
1096984	1.598330 
1096985	1.647910 
1096986	1.692842 
1096987	1.723963 
1096988	1.735608 
1096989	1.728482 
1096990	1.708896 
1096991	1.685183 
1096992	1.664298 
1096993	1.650671 
1096994	1.646517 
1096995	1.652145 
1096996	1.665935 
1096997	1.683934 
1096998	1.699456 
1096999	1.704104 
1097000	1.691227 
1097001	1.659845 
1097002	1.615647 
1097003	1.568064 
1097004	1.526224 
1097005	1.496660 
1097006	1.482930 
1097007	1.485909 
1097008	1.503749 
1097009	1.531393 
1097010	1.560224 
1097011	1.579507 
1097012	1.580594 
1097013	1.561608 
1097014	1.528526 
1097015	1.491480 
1097016	1.459985 
1097017	1.440492 
1097018	1.436198 
1097019	1.447375 
1097020	1.471395 
1097021	1.502360 
1097022	1.530842 
1097023	1.545807 
1097024	1.539494 
1097025	1.512036 
1097026	1.471594 
1097027	1.429790 
1097028	1.396786 
1097029	1.379267 
1097030	1.380403 
1097031	1.400032 
1097032	1.434524 
1097033	1.476352 
1097034	1.514421 
1097035	1.537281 
1097036	1.538620 
1097037	1.520838 
1097038	1.493354 
1097039	1.467379 
1097040	1.451594 
1097041	1.450891 
1097042	1.466775 
1097043	1.497710 
1097044	1.539033 
1097045	1.582658 
1097046	1.617760 
1097047	1.633978 
1097048	1.626372 
1097049	1.598317 
1097050	1.559531 
1097051	1.521154 
1097052	1.491992 
1097053	1.477396 
1097054	1.479501 
1097055	1.497405 
1097056	1.526987 
1097057	1.560520 
1097058	1.587246 
1097059	1.596750 
1097060	1.584244 
1097061	1.553620 
1097062	1.515179 
1097063	1.480289 
1097064	1.457535 
1097065	1.451834 
1097066	1.464748 
1097067	1.494755 
1097068	1.537170 
1097069	1.583948 
1097070	1.624426 
1097071	1.648600 
1097072	1.651952 
1097073	1.637888 
1097074	1.615425 
1097075	1.594331 
1097076	1.581818 
1097077	1.581955 
1097078	1.596108 
1097079	1.623219 
1097080	1.659769 
1097081	1.699445 
1097082	1.733139 
1097083	1.751132 
1097084	1.747547 
1097085	1.723759 
1097086	1.687644 
1097087	1.649353 
1097088	1.617374 
1097089	1.597350 
1097090	1.592185 
1097091	1.602153 
1097092	1.624747 
1097093	1.654314 
1097094	1.681873 
1097095	1.696612 
1097096	1.690378 
1097097	1.662367 
1097098	1.619776 
1097099	1.573921 
1097100	1.535363 
1097101	1.511306 
1097102	1.505362 
1097103	1.517889 
1097104	1.545893 
1097105	1.582505 
1097106	1.616911 
1097107	1.636774 
1097108	1.633593 
1097109	1.607537 
1097110	1.567396 
1097111	1.525593 
1097112	1.492872 
1097113	1.476154 
1097114	1.478526 
1097115	1.499497 
1097116	1.534973 
1097117	1.576979 
1097118	1.613917 
1097119	1.633453 
1097120	1.628238 
1097121	1.600224 
1097122	1.559455 
1097123	1.518529 
1097124	1.487709 
1097125	1.473334 
1097126	1.477971 
1097127	1.500644 
1097128	1.536741 
1097129	1.577647 
1097130	1.611219 
1097131	1.625426 
1097132	1.614370 
1097133	1.581859 
1097134	1.539307 
1097135	1.499815 
1097136	1.473443 
1097137	1.466051 
1097138	1.479727 
1097139	1.513051 
1097140	1.561007 
1097141	1.614772 
1097142	1.662499 
1097143	1.692818 
1097144	1.700244 
1097145	1.688089 
1097146	1.666057 
1097147	1.644929 
1097148	1.632785 
1097149	1.634219 
1097150	1.650790 
1097151	1.681418 
1097152	1.722526 
1097153	1.767897 
1097154	1.808525 
1097155	1.833890 
1097156	1.835803 
1097157	1.812569 
1097158	1.769861 
1097159	1.717530 
1097160	1.665396 
1097161	1.621106 
1097162	1.589711 
1097163	1.573678 
1097164	1.572809 
1097165	1.583805 
1097166	1.599484 
1097167	1.608844 
1097168	1.600730 
1097169	1.570007 
1097170	1.521237 
1097171	1.466463 
1097172	1.419067 
1097173	1.388943 
1097174	1.381417 
1097175	1.397721 
1097176	1.435302 
1097177	1.487662 
1097178	1.544017 
1097179	1.590981 
1097180	1.617695 
1097181	1.620978 
1097182	1.606391 
1097183	1.584317 
1097184	1.564583 
1097185	1.553708 
1097186	1.554911 
1097187	1.568648 
1097188	1.592778 
1097189	1.622347 
1097190	1.649279 
1097191	1.663359 
1097192	1.656027 
1097193	1.625245 
1097194	1.577283 
1097195	1.523648 
1097196	1.475965 
1097197	1.442720 
1097198	1.428712 
1097199	1.435315 
1097200	1.460466 
1097201	1.498155 
1097202	1.538076 
1097203	1.567563 
1097204	1.576992 
1097205	1.565203 
1097206	1.540000 
1097207	1.513292 
1097208	1.495420 
1097209	1.492662 
1097210	1.507476 
1097211	1.539128 
1097212	1.583895 
1097213	1.634830 
1097214	1.681897 
1097215	1.714181 
1097216	1.724272 
1097217	1.711948 
1097218	1.683993 
1097219	1.650217 
1097220	1.619278 
1097221	1.596971 
1097222	1.586308 
1097223	1.587839 
1097224	1.599672 
1097225	1.617098 
1097226	1.632151 
1097227	1.634635 
1097228	1.616121 
1097229	1.574831 
1097230	1.517382 
1097231	1.455719 
1097232	1.401791 
1097233	1.364148 
1097234	1.347493 
1097235	1.352982 
1097236	1.378138 
1097237	1.416344 
1097238	1.456667 
1097239	1.486458 
1097240	1.497264 
1097241	1.489724 
1097242	1.472756 
1097243	1.457838 
1097244	1.453714 
1097245	1.464984 
1097246	1.492837 
1097247	1.535742 
1097248	1.589778 
1097249	1.648635 
1097250	1.703616 
1097251	1.744746 
1097252	1.764091 
1097253	1.759474 
1097254	1.735273 
1097255	1.699620 
1097256	1.660697 
1097257	1.624763 
1097258	1.595926 
1097259	1.576322 
1097260	1.566113 
1097261	1.563041 
1097262	1.561667 
1097263	1.553480 
1097264	1.529959 
1097265	1.487699 
1097266	1.431608 
1097267	1.372904 
1097268	1.323925 
1097269	1.294065 
1097270	1.288400 
1097271	1.307801 
1097272	1.348991 
1097273	1.404194 
1097274	1.461435 
1097275	1.507526 
1097276	1.533694 
1097277	1.539972 
1097278	1.534134 
1097279	1.526305 
1097280	1.524395 
1097281	1.532863 
1097282	1.553207 
1097283	1.584436 
1097284	1.623140 
1097285	1.663207 
1097286	1.695744 
1097287	1.710882 
1097288	1.701999 
1097289	1.669613 
1097290	1.621438 
1097291	1.568618 
1097292	1.521405 
1097293	1.486990 
1097294	1.469481 
1097295	1.470100 
1097296	1.486896 
1097297	1.513962 
1097298	1.540957 
1097299	1.555369 
1097300	1.548504 
1097301	1.521048 
1097302	1.482824 
1097303	1.446962 
1097304	1.424082 
1097305	1.420314 
1097306	1.437714 
1097307	1.474843 
1097308	1.526963 
1097309	1.585768 
1097310	1.639617 
1097311	1.676805 
1097312	1.690709 
1097313	1.682881 
1097314	1.661491 
1097315	1.636490 
1097316	1.615711 
1097317	1.603932 
1097318	1.603334 
1097319	1.613823 
1097320	1.633003 
1097321	1.655851 
1097322	1.674431 
1097323	1.678953 
1097324	1.661621 
1097325	1.621407 
1097326	1.565368 
1097327	1.505068 
1097328	1.451677 
1097329	1.413349 
1097330	1.394819 
1097331	1.397556 
1097332	1.419685 
1097333	1.455429 
1097334	1.494679 
1097335	1.524874 
1097336	1.536447 
1097337	1.528434 
1097338	1.509012 
1097339	1.490141 
1097340	1.481657 
1097341	1.489147 
1097342	1.514456 
1097343	1.556478 
1097344	1.611544 
1097345	1.673511 
1097346	1.733737 
1097347	1.782046 
1097348	1.809882 
1097349	1.814143 
1097350	1.798357 
1097351	1.770091 
1097352	1.737162 
1097353	1.705543 
1097354	1.679142 
1097355	1.660079 
1097356	1.648782 
1097357	1.643772 
1097358	1.641139 
1097359	1.634195 
1097360	1.615201 
1097361	1.579611 
1097362	1.529735 
1097363	1.474338 
1097364	1.424391 
1097365	1.388948 
1097366	1.373593 
1097367	1.380451 
1097368	1.408381 
1097369	1.452877 
1097370	1.505854 
1097371	1.556470 
1097372	1.594455 
1097373	1.614905 
1097374	1.620316 
1097375	1.618085 
1097376	1.616039 
1097377	1.619532 
1097378	1.631224 
1097379	1.651667 
1097380	1.679563 
1097381	1.711662 
1097382	1.742421 
1097383	1.764089 
1097384	1.768552 
1097385	1.751126 
1097386	1.713582 
1097387	1.663618 
1097388	1.611163 
1097389	1.564774 
1097390	1.530429 
1097391	1.511692 
1097392	1.509744 
1097393	1.523079 
1097394	1.546834 
1097395	1.572174 
1097396	1.587779 
1097397	1.584988 
1097398	1.563308 
1097399	1.531079 
1097400	1.500642 
1097401	1.482590 
1097402	1.483329 
1097403	1.505343 
1097404	1.547849 
1097405	1.607112 
1097406	1.676532 
1097407	1.746872 
1097408	1.807595 
1097409	1.850215 
1097410	1.871934 
1097411	1.876241 
1097412	1.869964 
1097413	1.859706 
1097414	1.850201 
1097415	1.844273 
1097416	1.843095 
1097417	1.846285 
1097418	1.851804 
1097419	1.855687 
1097420	1.851804 
1097421	1.832722 
1097422	1.792814 
1097423	1.732091 
1097424	1.657412 
1097425	1.579794 
1097426	1.510069 
1097427	1.456380 
1097428	1.423762 
1097429	1.414104 
1097430	1.425910 
1097431	1.453722 
1097432	1.487647 
1097433	1.515012 
1097434	1.525788 
1097435	1.518404 
1097436	1.500332 
1097437	1.482828 
1097438	1.475127 
1097439	1.482324 
1097440	1.505971 
1097441	1.544909 
1097442	1.595634 
1097443	1.652311 
1097444	1.706792 
1097445	1.749550 
1097446	1.772473 
1097447	1.772601 
1097448	1.753487 
1097449	1.722836 
1097450	1.688678 
1097451	1.657038 
1097452	1.631663 
1097453	1.614393 
1097454	1.605272 
1097455	1.602358 
1097456	1.601224 
1097457	1.594865 
1097458	1.575704 
1097459	1.539877 
1097460	1.490533 
1097461	1.436756 
1097462	1.389165 
1097463	1.356077 
1097464	1.342286 
1097465	1.349245 
1097466	1.375237 
1097467	1.415138 
1097468	1.460242 
1097469	1.499659 
1097470	1.524452 
1097471	1.532112 
1097472	1.527357 
1097473	1.518437 
1097474	1.512708 
1097475	1.514698 
1097476	1.526286 
1097477	1.547258 
1097478	1.575521 
1097479	1.606868 
1097480	1.634550 
1097481	1.650106 
1097482	1.646589 
1097483	1.622300 
1097484	1.582045 
1097485	1.534724 
1097486	1.489170 
1097487	1.451863 
1097488	1.426876 
1097489	1.416072 
1097490	1.418945 
1097491	1.432091 
1097492	1.448454 
1097493	1.458139 
1097494	1.452621 
1097495	1.430057 
1097496	1.397077 
1097497	1.365157 
1097498	1.344986 
1097499	1.343213 
1097500	1.362415 
1097501	1.401856 
1097502	1.457769 
1097503	1.523113 
1097504	1.587877 
1097505	1.641634 
1097506	1.677619 
1097507	1.695632 
1097508	1.701168 
1097509	1.701617 
1097510	1.702933 
1097511	1.708728 
1097512	1.720618 
1097513	1.738547 
1097514	1.760838 
1097515	1.783971 
1097516	1.802283 
1097517	1.808506 
1097518	1.796401 
1097519	1.764409 
1097520	1.717214 
1097521	1.663698 
1097522	1.613263 
1097523	1.573211 
1097524	1.548062 
1097525	1.539772 
1097526	1.547809 
1097527	1.568777 
1097528	1.595781 
1097529	1.618882 
1097530	1.628451 
1097531	1.620167 
1097532	1.597562 
1097533	1.569606 
1097534	1.545697 
1097535	1.532484 
1097536	1.533496 
1097537	1.549606 
1097538	1.579248 
1097539	1.618305 
1097540	1.659803 
1097541	1.694180 
1097542	1.711915 
1097543	1.708135 
1097544	1.685445 
1097545	1.652254 
1097546	1.618286 
1097547	1.591194 
1097548	1.575790 
1097549	1.574345 
1097550	1.586749 
1097551	1.610308 
1097552	1.639259 
1097553	1.664607 
1097554	1.676305 
1097555	1.668142 
1097556	1.641731 
1097557	1.605706 
1097558	1.570962 
1097559	1.546389 
1097560	1.537485 
1097561	1.546544 
1097562	1.572929 
1097563	1.613027 
1097564	1.659945 
1097565	1.703567 
1097566	1.732701 
1097567	1.739908 
1097568	1.725583 
1097569	1.697384 
1097570	1.665607 
1097571	1.638808 
1097572	1.622369 
1097573	1.618813 
1097574	1.628195 
1097575	1.648117 
1097576	1.673391 
1097577	1.695609 
1097578	1.704325 
1097579	1.691351 
1097580	1.655604 
1097581	1.604210 
1097582	1.548699 
1097583	1.499962 
1097584	1.465700 
1097585	1.450151 
1097586	1.454276 
1097587	1.475656 
1097588	1.507961 
1097589	1.540675 
1097590	1.561306 
1097591	1.560927 
1097592	1.539401 
1097593	1.505438 
1097594	1.471330 
1097595	1.447371 
1097596	1.439682 
1097597	1.450599 
1097598	1.479293 
1097599	1.521976 
1097600	1.571700 
1097601	1.618411 
1097602	1.651041 
1097603	1.662252 
1097604	1.652342 
1097605	1.628645 
1097606	1.601026 
1097607	1.577749 
1097608	1.564134 
1097609	1.562773 
1097610	1.573812 
1097611	1.594933 
1097612	1.621018 
1097613	1.643901 
1097614	1.653767 
1097615	1.643415 
1097616	1.612643 
1097617	1.568792 
1097618	1.522912 
1097619	1.485079 
1097620	1.461992 
1097621	1.456874 
1097622	1.469875 
1097623	1.498068 
1097624	1.534974 
1097625	1.570610 
1097626	1.594034 
1097627	1.598138 
1097628	1.583455 
1097629	1.557505 
1097630	1.530287 
1097631	1.509911 
1097632	1.501104 
1097633	1.505588 
1097634	1.522539 
1097635	1.548593 
1097636	1.577524 
1097637	1.600221 
1097638	1.606727 
1097639	1.590770 
1097640	1.553675 
1097641	1.503951 
1097642	1.452894 
1097643	1.410136 
1097644	1.381990 
1097645	1.371607 
1097646	1.379216 
1097647	1.401915 
1097648	1.433076 
1097649	1.462262 
1097650	1.478102 
1097651	1.474128 
1097652	1.453034 
1097653	1.424965 
1097654	1.401622 
1097655	1.391592 
1097656	1.399311 
1097657	1.425706 
1097658	1.468710 
1097659	1.523431 
1097660	1.582078 
1097661	1.634577 
1097662	1.671389 
1097663	1.687737 
1097664	1.685789 
1097665	1.672692 
1097666	1.656414 
1097667	1.642970 
1097668	1.635925 
1097669	1.636780 
1097670	1.645232 
1097671	1.659167 
1097672	1.674327 
1097673	1.684059 
1097674	1.680740 
1097675	1.659480 
1097676	1.621464 
1097677	1.573790 
1097678	1.525871 
1097679	1.485789 
1097680	1.458949 
1097681	1.448083 
1097682	1.453432 
1097683	1.472649 
1097684	1.500382 
1097685	1.528221 
1097686	1.546648 
1097687	1.549430 
1097688	1.537358 
1097689	1.517557 
1097690	1.499142 
1097691	1.489290 
1097692	1.492068 
1097693	1.508862 
1097694	1.538857 
1097695	1.579110 
1097696	1.624180 
1097697	1.666009 
1097698	1.695795 
1097699	1.707696 
1097700	1.701748 
1097701	1.683550 
1097702	1.661047 
1097703	1.641137 
1097704	1.628249 
1097705	1.624599 
1097706	1.630561 
1097707	1.644666 
1097708	1.663183 
1097709	1.679712 
1097710	1.686183 
1097711	1.676316 
1097712	1.649523 
1097713	1.611853 
1097714	1.572889 
1097715	1.541532 
1097716	1.523955 
1097717	1.523423 
1097718	1.540510 
1097719	1.573104 
1097720	1.616156 
1097721	1.661490 
1097722	1.698922 
1097723	1.719966 
1097724	1.722113 
1097725	1.709767 
1097726	1.691098 
1097727	1.673814 
1097728	1.663023 
1097729	1.661249 
1097730	1.668947 
1097731	1.684676 
1097732	1.704911 
1097733	1.723577 
1097734	1.732494 
1097735	1.724072 
1097736	1.695311 
1097737	1.650000 
1097738	1.596848 
1097739	1.545406 
1097740	1.503212 
1097741	1.475052 
1097742	1.463136 
1097743	1.467255 
1097744	1.484558 
1097745	1.508843 
1097746	1.530544 
1097747	1.539602 
1097748	1.530595 
1097749	1.506143 
1097750	1.475302 
1097751	1.448413 
1097752	1.433167 
1097753	1.433810 
1097754	1.451611 
1097755	1.485205 
1097756	1.530665 
1097757	1.581374 
1097758	1.628341 
1097759	1.662376 
1097760	1.678152 
1097761	1.677051 
1097762	1.665908 
1097763	1.652963 
1097764	1.644592 
1097765	1.644567 
1097766	1.654449 
1097767	1.673950 
1097768	1.701006 
1097769	1.731580 
1097770	1.759467 
1097771	1.777118 
1097772	1.778600 
1097773	1.763010 
1097774	1.735328 
1097775	1.703717 
1097776	1.675911 
1097777	1.657366 
1097778	1.651138 
1097779	1.658178 
1097780	1.677459 
1097781	1.705859 
1097782	1.737921 
1097783	1.766075 
1097784	1.782727 
1097785	1.783823 
1097786	1.771013 
1097787	1.750341 
1097788	1.728789 
1097789	1.711683 
1097790	1.702165 
1097791	1.701512 
1097792	1.709395 
1097793	1.723892 
1097794	1.741243 
1097795	1.755605 
1097796	1.759812 
1097797	1.748111 
1097798	1.719455 
1097799	1.678451 
1097800	1.632994 
1097801	1.590814 
1097802	1.557591 
1097803	1.536838 
1097804	1.530081 
1097805	1.536850 
1097806	1.554384 
1097807	1.577132 
1097808	1.596968 
1097809	1.605805 
1097810	1.600011 
1097811	1.582810 
1097812	1.562239 
1097813	1.546739 
1097814	1.542244 
1097815	1.551817 
1097816	1.576165 
1097817	1.613968 
1097818	1.661926 
1097819	1.714419 
1097820	1.763423 
1097821	1.800337 
1097822	1.819588 
1097823	1.821172 
1097824	1.810121 
1097825	1.793439 
1097826	1.777116 
1097827	1.765040 
1097828	1.759215 
1097829	1.760095 
1097830	1.766642 
1097831	1.776111 
1097832	1.783648 
1097833	1.782660 
1097834	1.767149 
1097835	1.735088 
1097836	1.690186 
1097837	1.640334 
1097838	1.593900 
1097839	1.557158 
1097840	1.533937 
1097841	1.525860 
1097842	1.532440 
1097843	1.550904 
1097844	1.575818 
1097845	1.599018 
1097846	1.611447 
1097847	1.607277 
1097848	1.587251 
1097849	1.558075 
1097850	1.528575 
1097851	1.506019 
1097852	1.494861 
1097853	1.497041 
1097854	1.512387 
1097855	1.538682 
1097856	1.571354 
1097857	1.603287 
1097858	1.626050 
1097859	1.633227 
1097860	1.623914 
1097861	1.603212 
1097862	1.579159 
1097863	1.559024 
1097864	1.547640 
1097865	1.547496 
1097866	1.559121 
1097867	1.581159 
1097868	1.610138 
1097869	1.640078 
1097870	1.662941 
1097871	1.671367 
1097872	1.662605 
1097873	1.640205 
1097874	1.611846 
1097875	1.585439 
1097876	1.566668 
1097877	1.558757 
1097878	1.562891 
1097879	1.578388 
1097880	1.602575 
1097881	1.630327 
1097882	1.654020 
1097883	1.665595 
1097884	1.660440 
1097885	1.640058 
1097886	1.611019 
1097887	1.581193 
1097888	1.556730 
1097889	1.541410 
1097890	1.536956 
1097891	1.543221 
1097892	1.558065 
1097893	1.576959 
1097894	1.592660 
1097895	1.596519 
1097896	1.582448 
1097897	1.550787 
1097898	1.508449 
1097899	1.465226 
1097900	1.429581 
1097901	1.406931 
1097902	1.399944 
1097903	1.408862 
1097904	1.431415 
1097905	1.462364 
1097906	1.493272 
1097907	1.514226 
1097908	1.518262 
1097909	1.505467 
1097910	1.482731 
1097911	1.459475 
1097912	1.443509 
1097913	1.439632 
1097914	1.449935 
1097915	1.474201 
1097916	1.509960 
1097917	1.552241 
1097918	1.593401 
1097919	1.624293 
1097920	1.637854 
1097921	1.633067 
1097922	1.615540 
1097923	1.594062 
1097924	1.576479 
1097925	1.567924 
1097926	1.570972 
1097927	1.586076 
1097928	1.611736 
1097929	1.644354 
1097930	1.677790 
1097931	1.703645 
1097932	1.714088 
1097933	1.705742 
1097934	1.681479 
1097935	1.648596 
1097936	1.614959 
1097937	1.586379 
1097938	1.566363 
1097939	1.556548 
1097940	1.556822 
1097941	1.565141 
1097942	1.577049 
1097943	1.585294 
1097944	1.581394 
1097945	1.559893 
1097946	1.522146 
1097947	1.476093 
1097948	1.432312 
1097949	1.399597 
1097950	1.383301 
1097951	1.385733 
1097952	1.406534 
1097953	1.442573 
1097954	1.487425 
1097955	1.531385 
1097956	1.563959 
1097957	1.578677 
1097958	1.576504 
1097959	1.564576 
1097960	1.551613 
1097961	1.544317 
1097962	1.546571 
1097963	1.559854 
1097964	1.583510 
1097965	1.614699 
1097966	1.648032 
1097967	1.675316 
1097968	1.687079 
1097969	1.676826 
1097970	1.645165 
1097971	1.599852 
1097972	1.551714 
1097973	1.510389 
1097974	1.482606 
1097975	1.472142 
1097976	1.479980 
1097977	1.504146 
1097978	1.539085 
1097979	1.575196 
1097980	1.600815 
1097981	1.607533 
1097982	1.595143 
1097983	1.571553 
1097984	1.547871 
1097985	1.533230 
1097986	1.532908 
1097987	1.548835 
1097988	1.580206 
1097989	1.623644 
1097990	1.673001 
1097991	1.719229 
1097992	1.751546 
1097993	1.761138 
1097994	1.745575 
1097995	1.710069 
1097996	1.664330 
1097997	1.618083 
1097998	1.578678 
1097999	1.550811 
1098000	1.536775 
1098001	1.536497 
1098002	1.547225 
1098003	1.562827 
1098004	1.573368 
1098005	1.567404 
1098006	1.537860 
1098007	1.487212 
1098008	1.426899 
1098009	1.371479 
1098010	1.332971 
1098011	1.318726 
1098012	1.331518 
1098013	1.369818 
1098014	1.427620 
1098015	1.494153 
1098016	1.555246 
1098017	1.598348 
1098018	1.618941 
1098019	1.622618 
1098020	1.620615 
1098021	1.623294 
1098022	1.636995 
1098023	1.664415 
1098024	1.705495 
1098025	1.757969 
1098026	1.817548 
1098027	1.877746 
1098028	1.929847 
1098029	1.964425 
1098030	1.974835 
1098031	1.960444 
1098032	1.926855 
1098033	1.882799 
1098034	1.836536 
1098035	1.794213 
1098036	1.759833 
1098037	1.735497 
1098038	1.721468 
1098039	1.715969 
1098040	1.714690 
1098041	1.710369 
1098042	1.693975 
1098043	1.658980 
1098044	1.605979 
1098045	1.543250 
1098046	1.482626 
1098047	1.434613 
1098048	1.406120 
1098049	1.400412 
1098050	1.417407 
1098051	1.453567 
1098052	1.501440 
1098053	1.549728 
1098054	1.585981 
1098055	1.602084 
1098056	1.598479 
1098057	1.583133 
1098058	1.566371 
1098059	1.556412 
1098060	1.558105 
1098061	1.573372 
1098062	1.601708 
1098063	1.640304 
1098064	1.683747 
1098065	1.723691 
1098066	1.750369 
1098067	1.756604 
1098068	1.741627 
1098069	1.711570 
1098070	1.676156 
1098071	1.644394 
1098072	1.622398 
1098073	1.613439 
1098074	1.618475 
1098075	1.636272 
1098076	1.663136 
1098077	1.692405 
1098078	1.714992 
1098079	1.722496 
1098080	1.711485 
1098081	1.685457 
1098082	1.652606 
1098083	1.621561 
1098084	1.598570 
1098085	1.587125 
1098086	1.588389 
1098087	1.601467 
1098088	1.623276 
1098089	1.648190 
1098090	1.668157 
1098091	1.674748 
1098092	1.663131 
1098093	1.634976 
1098094	1.597416 
1098095	1.559122 
1098096	1.527018 
1098097	1.505355 
1098098	1.496002 
1098099	1.498724 
1098100	1.511033 
1098101	1.527703 
1098102	1.540667 
1098103	1.541064 
1098104	1.523619 
1098105	1.490171 
1098106	1.448726 
1098107	1.409015 
1098108	1.378706 
1098109	1.362318 
1098110	1.361592 
1098111	1.375817 
1098112	1.401577 
1098113	1.432061 
1098114	1.457639 
1098115	1.469362 
1098116	1.463570 
1098117	1.444076 
1098118	1.419759 
1098119	1.399835 
1098120	1.390587 
1098121	1.395069 
1098122	1.413712 
1098123	1.444584 
1098124	1.483194 
1098125	1.522241 
1098126	1.552474 
1098127	1.566003 
1098128	1.560360 
1098129	1.539726 
1098130	1.512102 
1098131	1.485289 
1098132	1.464687 
1098133	1.453178 
1098134	1.451508 
1098135	1.458379 
1098136	1.470095 
1098137	1.480074 
1098138	1.479549 
1098139	1.461052 
1098140	1.423110 
1098141	1.371953 
1098142	1.318410 
1098143	1.273025 
1098144	1.243090 
1098145	1.232351 
1098146	1.241286 
1098147	1.266927 
1098148	1.302197 
1098149	1.335993 
1098150	1.356590 
1098151	1.357735 
1098152	1.342485 
1098153	1.320899 
1098154	1.304029 
1098155	1.299677 
1098156	1.311721 
1098157	1.340780 
1098158	1.384570 
1098159	1.437766 
1098160	1.491710 
1098161	1.535656 
1098162	1.560845 
1098163	1.564904 
1098164	1.552875 
1098165	1.533973 
1098166	1.517100 
1098167	1.508371 
1098168	1.511016 
1098169	1.525862 
1098170	1.551480 
1098171	1.583913 
1098172	1.616296 
1098173	1.639601 
1098174	1.645902 
1098175	1.632774 
1098176	1.605030 
1098177	1.572025 
1098178	1.543156 
1098179	1.525204 
1098180	1.521996 
1098181	1.534750 
1098182	1.562195 
1098183	1.600323 
1098184	1.642036 
1098185	1.677743 
1098186	1.698632 
1098187	1.701258 
1098188	1.689456 
1098189	1.671733 
1098190	1.656752 
1098191	1.650551 
1098192	1.656218 
1098193	1.674420 
1098194	1.703722 
1098195	1.740539 
1098196	1.778893 
1098197	1.810578 
1098198	1.827136 
1098199	1.823445 
1098200	1.800524 
1098201	1.764847 
1098202	1.724867 
1098203	1.687789 
1098204	1.658514 
1098205	1.639805 
1098206	1.632498 
1098207	1.635454 
1098208	1.645221 
1098209	1.655535 
1098210	1.657898 
1098211	1.645034 
1098212	1.615559 
1098213	1.575554 
1098214	1.535364 
1098215	1.504789 
1098216	1.490500 
1098217	1.495814 
1098218	1.521072 
1098219	1.563812 
1098220	1.618756 
1098221	1.677835 
1098222	1.731291 
1098223	1.770863 
1098224	1.793476 
1098225	1.802268 
1098226	1.803964 
1098227	1.805111 
1098228	1.809950 
1098229	1.820419 
1098230	1.836702 
1098231	1.857510 
1098232	1.880024 
1098233	1.899621 
1098234	1.909920 
1098235	1.904351 
1098236	1.879198 
1098237	1.836061 
1098238	1.781494 
1098239	1.724041 
1098240	1.670982 
1098241	1.627287 
1098242	1.595957 
1098243	1.578163 
1098244	1.573021 
1098245	1.577048 
1098246	1.583582 
1098247	1.583676 
1098248	1.569938 
1098249	1.541126 
1098250	1.503403 
1098251	1.466805 
1098252	1.440471 
1098253	1.430300 
1098254	1.438851 
1098255	1.465752 
1098256	1.507915 
1098257	1.559485 
1098258	1.611951 
1098259	1.655384 
1098260	1.681775 
1098261	1.688790 
1098262	1.680433 
1098263	1.664118 
1098264	1.647017 
1098265	1.634178 
1098266	1.628426 
1098267	1.630726 
1098268	1.640264 
1098269	1.654161 
1098270	1.666975 
1098271	1.671064 
1098272	1.659215 
1098273	1.628668 
1098274	1.583472 
1098275	1.532739 
1098276	1.486392 
1098277	1.452136 
1098278	1.434672 
1098279	1.435831 
1098280	1.454648 
1098281	1.487110 
1098282	1.525789 
1098283	1.560761 
1098284	1.583038 
1098285	1.588728 
1098286	1.580661 
1098287	1.565887 
1098288	1.551544 
1098289	1.542445 
1098290	1.540948 
1098291	1.547430 
1098292	1.560472 
1098293	1.576667 
1098294	1.590167 
1098295	1.592847 
1098296	1.576750 
1098297	1.538341 
1098298	1.481303 
1098299	1.415013 
1098300	1.350153 
1098301	1.295361 
1098302	1.256296 
1098303	1.235736 
1098304	1.233581 
1098305	1.246258 
1098306	1.265838 
1098307	1.281025 
1098308	1.282176 
1098309	1.267469 
1098310	1.244293 
1098311	1.224324 
1098312	1.217507 
1098313	1.229241 
1098314	1.260809 
1098315	1.310350 
1098316	1.373259 
1098317	1.442193 
1098318	1.507332 
1098319	1.558310 
1098320	1.588304 
1098321	1.597168 
1098322	1.590587 
1098323	1.576267 
1098324	1.560663 
1098325	1.547983 
1098326	1.540472 
1098327	1.538706 
1098328	1.541587 
1098329	1.545991 
1098330	1.546320 
1098331	1.535447 
1098332	1.508160 
1098333	1.465147 
1098334	1.413982 
1098335	1.365630 
1098336	1.329944 
1098337	1.313491 
1098338	1.319249 
1098339	1.346772 
1098340	1.392113 
1098341	1.447574 
1098342	1.502523 
1098343	1.546549 
1098344	1.573917 
1098345	1.585975 
1098346	1.589099 
1098347	1.590418 
1098348	1.594904 
1098349	1.604951 
1098350	1.620972 
1098351	1.641819 
1098352	1.664814 
1098353	1.685415 
1098354	1.697099 
1098355	1.692925 
1098356	1.668775 
1098357	1.626140 
1098358	1.572074 
1098359	1.515970 
1098360	1.466014 
1098361	1.428080 
1098362	1.405767 
1098363	1.400455 
1098364	1.411068 
1098365	1.433487 
1098366	1.460049 
1098367	1.481143 
1098368	1.489713 
1098369	1.485690 
1098370	1.475895 
1098371	1.469499 
1098372	1.473622 
1098373	1.491965 
1098374	1.525371 
1098375	1.572486 
1098376	1.630041 
1098377	1.692656 
1098378	1.752769 
1098379	1.801933 
1098380	1.833562 
1098381	1.845717 
1098382	1.841679 
1098383	1.827645 
1098384	1.809729 
1098385	1.792489 
1098386	1.778850 
1098387	1.770281 
1098388	1.766856 
1098389	1.767083 
1098390	1.767555 
1098391	1.762767 
1098392	1.746303 
1098393	1.714145 
1098394	1.667862 
1098395	1.614645 
1098396	1.564151 
1098397	1.524860 
1098398	1.502413 
1098399	1.499588 
1098400	1.516465 
1098401	1.550263 
1098402	1.594902 
1098403	1.640917 
1098404	1.677663 
1098405	1.697876 
1098406	1.701150 
1098407	1.693363 
1098408	1.682742 
1098409	1.676049 
1098410	1.677302 
1098411	1.688116 
1098412	1.708100 
1098413	1.734905 
1098414	1.764045 
1098415	1.788587 
1098416	1.799689 
1098417	1.789484 
1098418	1.755339 
1098419	1.701897 
1098420	1.638998 
1098421	1.577511 
1098422	1.526161 
1098423	1.490734 
1098424	1.474318 
1098425	1.477291 
1098426	1.496776 
1098427	1.525757 
1098428	1.553103 
1098429	1.567192 
1098430	1.562263 
1098431	1.542163 
1098432	1.517683 
1098433	1.500196 
1098434	1.497483 
1098435	1.513222 
1098436	1.547716 
1098437	1.598428 
1098438	1.660258 
1098439	1.725605 
1098440	1.784477 
1098441	1.826666 
1098442	1.845810 
1098443	1.842117 
1098444	1.821552 
1098445	1.792279 
1098446	1.761427 
1098447	1.734017 
1098448	1.713117 
1098449	1.700053 
1098450	1.694434 
1098451	1.693907 
1098452	1.693699 
1098453	1.686560 
1098454	1.664978 
1098455	1.625506 
1098456	1.571732 
1098457	1.513154 
1098458	1.460736 
1098459	1.423003 
1098460	1.404995 
1098461	1.408456 
1098462	1.431937 
1098463	1.470673 
1098464	1.516438 
1098465	1.558538 
1098466	1.587409 
1098467	1.599138 
1098468	1.597004 
1098469	1.588670 
1098470	1.581748 
1098471	1.581374 
1098472	1.590107 
1098473	1.608426 
1098474	1.634989 
1098475	1.666638 
1098476	1.698235 
1098477	1.722598 
1098478	1.731868 
1098479	1.720926 
1098480	1.690323 
1098481	1.646102 
1098482	1.596770 
1098483	1.549973 
1098484	1.511080 
1098485	1.483297 
1098486	1.467870 
1098487	1.463894 
1098488	1.467741 
1098489	1.472508 
1098490	1.469228 
1098491	1.451009 
1098492	1.417586 
1098493	1.375941 
1098494	1.336312 
1098495	1.307576 
1098496	1.295143 
1098497	1.301006 
1098498	1.324174 
1098499	1.360685 
1098500	1.403351 
1098501	1.442399 
1100001	1.430496 
1100002	1.439131 
1100003	1.460132 
1100004	1.492613 
1100005	1.533720 
1100006	1.578352 
1100007	1.619115 
1100008	1.647655 
1100009	1.657729 
1100010	1.648335 
1100011	1.624114 
1100012	1.592583 
1100013	1.560795 
1100014	1.533806 
1100015	1.514760 
1100016	1.505101 
1100017	1.504484 
1100018	1.510392 
1100019	1.517541 
1100020	1.518243 
1100021	1.505388 
1100022	1.476868 
1100023	1.437710 
1100024	1.397627 
1100025	1.366230 
1100026	1.350214 
1100027	1.353020 
1100028	1.375213 
1100029	1.414635 
1100030	1.466263 
1100031	1.522148 
1100032	1.572432 
1100033	1.608730 
1100034	1.628142 
1100035	1.634188 
1100036	1.633911 
1100037	1.633972 
1100038	1.638736 
1100039	1.650277 
1100040	1.668842 
1100041	1.693016 
1100042	1.719653 
1100043	1.743639 
1100044	1.758064 
1100045	1.756030 
1100046	1.733942 
1100047	1.693832 
1100048	1.642662 
1100049	1.589257 
1100050	1.541145 
1100051	1.503389 
1100052	1.478954 
1100053	1.468868 
1100054	1.471920 
1100055	1.484013 
1100056	1.497712 
1100057	1.503835 
1100058	1.495996 
1100059	1.474840 
1100060	1.447711 
1100061	1.424284 
1100062	1.412262 
1100063	1.415748 
1100064	1.435707 
1100065	1.470557 
1100066	1.516340 
1100067	1.566634 
1100068	1.612879 
1100069	1.646013 
1100070	1.659924 
1100071	1.654391 
1100072	1.634609 
1100073	1.607915 
1100074	1.580715 
1100075	1.557411 
1100076	1.540535 
1100077	1.530915 
1100078	1.527572 
1100079	1.527294 
1100080	1.524154 
1100081	1.510505 
1100082	1.480599 
1100083	1.434745 
1100084	1.380251 
1100085	1.328021 
1100086	1.288140 
1100087	1.267385 
1100088	1.268787 
1100089	1.291802 
1100090	1.332231 
1100091	1.382032 
1100092	1.430340 
1100093	1.466986 
1100094	1.487197 
1100095	1.493702 
1100096	1.494038 
1100097	1.495829 
1100098	1.504010 
1100099	1.520691 
1100100	1.545848 
1100101	1.577675 
1100102	1.612579 
1100103	1.644929 
1100104	1.667168 
1100105	1.671574 
1100106	1.653901 
1100107	1.616121 
1100108	1.565586 
1100109	1.511374 
1100110	1.461283 
1100111	1.420842 
1100112	1.393316 
1100113	1.379813 
1100114	1.379021 
1100115	1.386469 
1100116	1.394023 
1100117	1.391851 
1100118	1.373661 
1100119	1.341401 
1100120	1.304458 
1100121	1.274205 
1100122	1.259276 
1100123	1.264172 
1100124	1.289766 
1100125	1.333779 
1100126	1.390856 
1100127	1.452564 
1100128	1.508449 
1100129	1.549419 
1100130	1.571825 
1100131	1.578689 
1100132	1.576964 
1100133	1.573607 
1100134	1.573462 
1100135	1.579145 
1100136	1.591451 
1100137	1.609538 
1100138	1.630819 
1100139	1.650679 
1100140	1.662578 
1100141	1.659904 
1100142	1.639468 
1100143	1.604049 
1100144	1.561504 
1100145	1.521366 
1100146	1.491665 
1100147	1.477560 
1100148	1.481411 
1100149	1.502938 
1100150	1.538987 
1100151	1.583067 
1100152	1.625653 
1100153	1.656887 
1100154	1.671204 
1100155	1.670246 
1100156	1.661287 
1100157	1.652820 
1100158	1.651282 
1100159	1.660321 
1100160	1.681152 
1100161	1.712876 
1100162	1.752569 
1100163	1.795197 
1100164	1.833556 
1100165	1.859033 
1100166	1.864409 
1100167	1.847629 
1100168	1.813239 
1100169	1.770016 
1100170	1.726942 
1100171	1.690911 
1100172	1.666511 
1100173	1.656057 
1100174	1.659555 
1100175	1.674489 
1100176	1.695259 
1100177	1.712818 
1100178	1.716585 
1100179	1.699611 
1100180	1.663292 
1100181	1.617037 
1100182	1.573153 
1100183	1.541778 
1100184	1.529128 
1100185	1.537772 
1100186	1.567049 
1100187	1.613104 
1100188	1.668556 
1100189	1.722587 
1100190	1.763290 
1100191	1.782693 
1100192	1.780828 
1100193	1.764944 
1100194	1.744765 
1100195	1.728174 
1100196	1.720016 
1100197	1.722539 
1100198	1.735782 
1100199	1.757613 
1100200	1.783477 
1100201	1.806085 
1100202	1.816159 
1100203	1.805726 
1100204	1.772608 
1100205	1.722263 
1100206	1.665226 
1100207	1.612376 
1100208	1.571859 
1100209	1.548731 
1100210	1.545172 
1100211	1.560397 
1100212	1.590305 
1100213	1.627006 
1100214	1.659295 
1100215	1.676175 
1100216	1.672334 
1100217	1.651107 
1100218	1.621949 
1100219	1.595036 
1100220	1.577752 
1100221	1.574178 
1100222	1.585542 
1100223	1.610571 
1100224	1.645559 
1100225	1.684157 
1100226	1.717332 
1100227	1.734987 
1100228	1.730121 
1100229	1.702753 
1100230	1.660017 
1100231	1.612324 
1100232	1.569120 
1100233	1.536915 
1100234	1.519275 
1100235	1.517210 
1100236	1.529209 
1100237	1.550709 
1100238	1.573396 
1100239	1.586346 
1100240	1.580516 
1100241	1.553930 
1100242	1.513237 
1100243	1.470169 
1100244	1.436069 
1100245	1.418510 
1100246	1.421096 
1100247	1.444081 
1100248	1.484512 
1100249	1.535924 
1100250	1.588461 
1100251	1.631063 
1100252	1.655780 
1100253	1.661591 
1100254	1.654321 
1100255	1.642661 
1100256	1.634069 
1100257	1.633101 
1100258	1.641732 
1100259	1.659905 
1100260	1.685698 
1100261	1.715078 
1100262	1.741595 
1100263	1.756803 
1100264	1.752744 
1100265	1.725981 
1100266	1.679999 
1100267	1.623561 
1100268	1.566674 
1100269	1.517606 
1100270	1.482072 
1100271	1.463238 
1100272	1.461687 
1100273	1.474928 
1100274	1.496507 
1100275	1.515784 
1100276	1.521046 
1100277	1.505878 
1100278	1.473591 
1100279	1.435144 
1100280	1.402885 
1100281	1.385755 
1100282	1.388386 
1100283	1.411765 
1100284	1.453672 
1100285	1.508634 
1100286	1.567539 
1100287	1.618256 
1100288	1.649615 
1100289	1.656793 
1100290	1.643634 
1100291	1.619816 
1100292	1.595587 
1100293	1.578324 
1100294	1.572171 
1100295	1.578649 
1100296	1.596973 
1100297	1.623893 
1100298	1.653098 
1100299	1.675106 
1100300	1.679892 
1100301	1.661930 
1100302	1.623964 
1100303	1.575861 
1100304	1.529512 
1100305	1.494318 
1100306	1.476124 
1100307	1.477647 
1100308	1.498670 
1100309	1.535848 
1100310	1.582162 
1100311	1.626796 
1100312	1.657848 
1100313	1.668002 
1100314	1.658647 
1100315	1.638471 
1100316	1.618075 
1100317	1.605519 
1100318	1.605306 
1100319	1.618968 
1100320	1.645556 
1100321	1.681782 
1100322	1.721889 
1100323	1.757451 
1100324	1.778373 
1100325	1.776502 
1100326	1.750022 
1100327	1.704675 
1100328	1.650526 
1100329	1.597540 
1100330	1.553240 
1100331	1.522419 
1100332	1.507325 
1100333	1.507635 
1100334	1.519987 
1100335	1.537133 
1100336	1.548082 
1100337	1.541927 
1100338	1.514034 
1100339	1.469452 
1100340	1.420164 
1100341	1.378927 
1100342	1.354745 
1100343	1.352116 
1100344	1.371720 
1100345	1.410772 
1100346	1.462811 
1100347	1.517518 
1100348	1.562405 
1100349	1.587418 
1100350	1.589877 
1100351	1.575478 
1100352	1.554218 
1100353	1.535277 
1100354	1.524680 
1100355	1.525446 
1100356	1.538099 
1100357	1.560854 
1100358	1.589413 
1100359	1.616481 
1100360	1.632150 
1100361	1.627208 
1100362	1.598314 
1100363	1.550668 
1100364	1.495345 
1100365	1.444004 
1100366	1.405391 
1100367	1.384748 
1100368	1.384175 
1100369	1.402678 
1100370	1.435725 
1100371	1.474521 
1100372	1.506790 
1100373	1.521434 
1100374	1.514881 
1100375	1.493232 
1100376	1.467977 
1100377	1.449699 
1100378	1.444981 
1100379	1.456634 
1100380	1.484532 
1100381	1.526008 
1100382	1.575797 
1100383	1.625781 
1100384	1.665503 
1100385	1.685308 
1100386	1.681216 
1100387	1.657119 
1100388	1.622157 
1100389	1.585889 
1100390	1.555351 
1100391	1.534878 
1100392	1.526606 
1100393	1.530616 
1100394	1.544704 
1100395	1.563724 
1100396	1.579175 
1100397	1.581315 
1100398	1.564397 
1100399	1.530899 
1100400	1.490405 
1100401	1.454335 
1100402	1.431477 
1100403	1.426804 
1100404	1.441980 
1100405	1.475770 
1100406	1.524017 
1100407	1.579355 
1100408	1.631568 
1100409	1.670214 
1100410	1.689249 
1100411	1.690035 
1100412	1.679701 
1100413	1.666652 
1100414	1.657197 
1100415	1.654912 
1100416	1.661229 
1100417	1.675824 
1100418	1.696616 
1100419	1.719387 
1100420	1.737326 
1100421	1.742095 
1100422	1.727412 
1100423	1.692953 
1100424	1.645127 
1100425	1.593729 
1100426	1.547816 
1100427	1.513866 
1100428	1.495684 
1100429	1.494619 
1100430	1.509489 
1100431	1.536095 
1100432	1.566492 
1100433	1.589611 
1100434	1.595450 
1100435	1.580772 
1100436	1.551262 
1100437	1.517985 
1100438	1.491684 
1100439	1.479582 
1100440	1.485260 
1100441	1.509236 
1100442	1.549182 
1100443	1.599735 
1100444	1.652140 
1100445	1.695205 
1100446	1.719185 
1100447	1.720494 
1100448	1.703396 
1100449	1.677092 
1100450	1.650956 
1100451	1.631700 
1100452	1.623154 
1100453	1.626775 
1100454	1.641934 
1100455	1.665838 
1100456	1.693113 
1100457	1.715611 
1100458	1.723979 
1100459	1.711838 
1100460	1.679802 
1100461	1.635452 
1100462	1.589288 
1100463	1.550409 
1100464	1.524902 
1100465	1.516022 
1100466	1.524486 
1100467	1.548406 
1100468	1.582879 
1100469	1.619520 
1100470	1.647478 
1100471	1.657566 
1100472	1.647218 
1100473	1.621826 
1100474	1.591106 
1100475	1.564173 
1100476	1.547205 
1100477	1.543442 
1100478	1.553631 
1100479	1.576190 
1100480	1.607047 
1100481	1.639204 
1100482	1.662905 
1100483	1.668517 
1100484	1.651637 
1100485	1.616055 
1100486	1.571495 
1100487	1.528467 
1100488	1.494819 
1100489	1.475266 
1100490	1.471847 
1100491	1.484167 
1100492	1.509176 
1100493	1.540552 
1100494	1.568499 
1100495	1.582266 
1100496	1.575598 
1100497	1.550842 
1100498	1.517444 
1100499	1.486509 
1100500	1.466506 
1100501	1.462310 
1100502	1.475742 
1100503	1.505931 
1100504	1.549251 
1100505	1.598951 
1100506	1.645122 
1100507	1.676776 
1100508	1.686629 
1100509	1.675062 
1100510	1.649333 
1100511	1.618940 
1100512	1.591633 
1100513	1.572363 
1100514	1.563627 
1100515	1.565800 
1100516	1.577112 
1100517	1.593256 
1100518	1.606786 
1100519	1.607821 
1100520	1.588019 
1100521	1.545809 
1100522	1.488152 
1100523	1.427116 
1100524	1.374540 
1100525	1.338688 
1100526	1.323969 
1100527	1.331402 
1100528	1.358527 
1100529	1.398782 
1100530	1.441215 
1100531	1.473092 
1100532	1.485636 
1100533	1.478792 
1100534	1.460586 
1100535	1.441652 
1100536	1.430310 
1100537	1.431164 
1100538	1.445797 
1100539	1.473467 
1100540	1.511222 
1100541	1.553463 
1100542	1.591632 
1100543	1.615969 
1100544	1.619442 
1100545	1.601518 
1100546	1.568484 
1100547	1.529876 
1100548	1.494332 
1100549	1.467670 
1100550	1.453009 
1100551	1.451255 
1100552	1.461171 
1100553	1.478862 
1100554	1.497083 
1100555	1.506368 
1100556	1.499074 
1100557	1.474060 
1100558	1.437916 
1100559	1.401200 
1100560	1.373248 
1100561	1.359907 
1100562	1.363861 
1100563	1.385160 
1100564	1.421359 
1100565	1.467271 
1100566	1.514737 
1100567	1.553801 
1100568	1.576486 
1100569	1.581103 
1100570	1.572745 
1100571	1.559662 
1100572	1.548991 
1100573	1.544997 
1100574	1.549532 
1100575	1.562682 
1100576	1.582937 
1100577	1.606910 
1100578	1.628843 
1100579	1.640906 
1100580	1.635841 
1100581	1.610956 
1100582	1.570139 
1100583	1.521777 
1100584	1.474675 
1100585	1.435506 
1100586	1.408513 
1100587	1.395849 
1100588	1.397616 
1100589	1.411434 
1100590	1.431625 
1100591	1.449095 
1100592	1.454247 
1100593	1.442464 
1100594	1.417398 
1100595	1.388516 
1100596	1.365710 
1100597	1.355772 
1100598	1.361986 
1100599	1.384788 
1100600	1.422175 
1100601	1.469678 
1100602	1.520116 
1100603	1.563951 
1100604	1.591764 
1100605	1.598619 
1100606	1.586480 
1100607	1.562437 
1100608	1.534700 
1100609	1.509717 
1100610	1.491535 
1100611	1.482168 
1100612	1.481848 
1100613	1.488883 
1100614	1.499146 
1100615	1.505745 
1100616	1.500385 
1100617	1.477442 
1100618	1.438070 
1100619	1.390283 
1100620	1.345036 
1100621	1.311868 
1100622	1.296715 
1100623	1.302046 
1100624	1.327305 
1100625	1.368732 
1100626	1.418720 
1100627	1.466305 
1100628	1.500820 
1100629	1.517055 
1100630	1.517894 
1100631	1.511982 
1100632	1.508723 
1100633	1.514657 
1100634	1.532921 
1100635	1.564050 
1100636	1.606466 
1100637	1.656495 
1100638	1.708182 
1100639	1.753408 
1100640	1.783479 
1100641	1.792599 
1100642	1.780924 
1100643	1.754252 
1100644	1.720700 
1100645	1.687459 
1100646	1.659571 
1100647	1.640043 
1100648	1.630118 
1100649	1.629272 
1100650	1.634838 
1100651	1.641337 
1100652	1.640470 
1100653	1.623780 
1100654	1.587560 
1100655	1.536114 
1100656	1.479993 
1100657	1.430921 
1100658	1.397841 
1100659	1.385930 
1100660	1.396887 
1100661	1.429061 
1100662	1.477186 
1100663	1.531950 
1100664	1.581146 
1100665	1.614063 
1100666	1.626659 
1100667	1.623117 
1100668	1.612317 
1100669	1.602836 
1100670	1.600397 
1100671	1.607813 
1100672	1.625571 
1100673	1.652121 
1100674	1.683682 
1100675	1.713625 
1100676	1.732556 
1100677	1.731090 
1100678	1.704550 
1100679	1.656174 
1100680	1.595945 
1100681	1.535725 
1100682	1.485088 
1100683	1.450465 
1100684	1.435336 
1100685	1.440141 
1100686	1.461820 
1100687	1.492871 
1100688	1.521188 
1100689	1.533781 
1100690	1.523803 
1100691	1.495122 
1100692	1.459931 
1100693	1.431907 
1100694	1.420764 
1100695	1.431141 
1100696	1.463578 
1100697	1.515126 
1100698	1.579501 
1100699	1.647066 
1100700	1.705590 
1100701	1.743807 
1100702	1.756746 
1100703	1.747953 
1100704	1.726709 
1100705	1.702965 
1100706	1.683870 
1100707	1.673547 
1100708	1.673847 
1100709	1.684574 
1100710	1.703316 
1100711	1.725005 
1100712	1.741592 
1100713	1.743230 
1100714	1.722484 
1100715	1.679152 
1100716	1.621215 
1100717	1.561179 
1100718	1.510751 
1100719	1.477974 
1100720	1.467173 
1100721	1.479120 
1100722	1.510873 
1100723	1.555349 
1100724	1.601244 
1100725	1.635205 
1100726	1.647427 
1100727	1.637002 
1100728	1.611985 
1100729	1.584093 
1100730	1.563247 
1100731	1.555600 
1100732	1.563829 
1100733	1.587669 
1100734	1.624167 
1100735	1.667520 
1100736	1.708647 
1100737	1.736038 
1100738	1.739896 
1100739	1.717334 
1100740	1.674143 
1100741	1.621408 
1100742	1.570362 
1100743	1.529548 
1100744	1.504327 
1100745	1.497055 
1100746	1.507042 
1100747	1.530089 
1100748	1.557862 
1100749	1.578311 
1100750	1.579470 
1100751	1.556115 
1100752	1.513466 
1100753	1.464106 
1100754	1.421240 
1100755	1.394367 
1100756	1.388648 
1100757	1.405313 
1100758	1.441809 
1100759	1.491467 
1100760	1.543107 
1100761	1.582778 
1100762	1.599099 
1100763	1.589228 
1100764	1.560288 
1100765	1.524692 
1100766	1.493906 
1100767	1.475499 
1100768	1.473197 
1100769	1.487436 
1100770	1.515490 
1100771	1.551132 
1100772	1.584263 
1100773	1.602520 
1100774	1.596514 
1100775	1.565536 
1100776	1.518306 
1100777	1.467972 
1100778	1.426309 
1100779	1.401067 
1100780	1.395988 
1100781	1.411248 
1100782	1.443407 
1100783	1.484886 
1100784	1.524066 
1100785	1.548436 
1100786	1.550582 
1100787	1.532666 
1100788	1.504982 
1100789	1.479882 
1100790	1.466637 
1100791	1.470237 
1100792	1.492120 
1100793	1.530842 
1100794	1.582241 
1100795	1.639136 
1100796	1.691538 
1100797	1.729065 
1100798	1.745174 
1100799	1.740415 
1100800	1.721689 
1100801	1.698075 
1100802	1.677012 
1100803	1.663130 
1100804	1.658696 
1100805	1.664004 
1100806	1.677465 
1100807	1.695350 
1100808	1.711411 
1100809	1.717392 
1100810	1.705910 
1100811	1.674738 
1100812	1.628776 
1100813	1.577666 
1100814	1.531391 
1100815	1.497430 
1100816	1.480220 
1100817	1.481380 
1100818	1.499861 
1100819	1.531792 
1100820	1.570123 
1100821	1.605092 
1100822	1.627108 
1100823	1.631391 
1100824	1.620607 
1100825	1.602823 
1100826	1.586809 
1100827	1.578867 
1100828	1.582421 
1100829	1.598555 
1100830	1.626444 
1100831	1.663417 
1100832	1.704693 
1100833	1.743076 
1100834	1.769904 
1100835	1.778271 
1100836	1.766597 
1100837	1.739443 
1100838	1.704745 
1100839	1.670155 
1100840	1.641284 
1100841	1.621621 
1100842	1.612753 
1100843	1.614376 
1100844	1.624020 
1100845	1.636551 
1100846	1.644112 
1100847	1.638292 
1100848	1.614747 
1100849	1.576509 
1100850	1.532614 
1100851	1.493388 
1100852	1.466726 
1100853	1.457161 
1100854	1.466239 
1100855	1.492879 
1100856	1.533358 
1100857	1.580977 
1100858	1.626230 
1100859	1.659654 
1100860	1.676212 
1100861	1.677383 
1100862	1.669344 
1100863	1.659036 
1100864	1.651459 
1100865	1.649314 
1100866	1.653510 
1100867	1.663463 
1100868	1.677058 
1100869	1.690331 
1100870	1.697229 
1100871	1.690628 
1100872	1.665435 
1100873	1.621931 
1100874	1.566221 
1100875	1.507362 
1100876	1.453807 
1100877	1.411676 
1100878	1.384710 
1100879	1.374445 
1100880	1.380021 
1100881	1.397588 
1100882	1.419609 
1100883	1.435930 
1100884	1.438306 
1100885	1.425688 
1100886	1.404977 
1100887	1.386541 
1100888	1.379039 
1100889	1.387229 
1100890	1.412422 
1100891	1.453288 
1100892	1.506202 
1100893	1.565167 
1100894	1.621827 
1100895	1.666622 
1100896	1.692076 
1100897	1.696364 
1100898	1.683850 
1100899	1.662055 
1100900	1.638065 
1100901	1.616940 
1100902	1.601735 
1100903	1.593809 
1100904	1.592932 
1100905	1.597066 
1100906	1.601845 
1100907	1.600418 
1100908	1.585456 
1100909	1.553389 
1100910	1.507620 
1100911	1.457391 
1100912	1.413456 
1100913	1.384363 
1100914	1.375158 
1100915	1.387531 
1100916	1.420125 
1100917	1.468452 
1100918	1.524664 
1100919	1.578279 
1100920	1.619125 
1100921	1.641758 
1100922	1.647870 
1100923	1.644264 
1100924	1.638555 
1100925	1.636303 
1100926	1.640633 
1100927	1.652739 
1100928	1.672196 
1100929	1.696893 
1100930	1.722634 
1100931	1.742705 
1100932	1.748858 
1100933	1.734844 
1100934	1.700254 
1100935	1.651395 
1100936	1.598142 
1100937	1.549787 
1100938	1.513219 
1100939	1.492794 
1100940	1.490392 
1100941	1.505314 
1100942	1.533867 
1100943	1.568787 
1100944	1.599731 
1100945	1.616791 
1100946	1.615816 
1100947	1.600890 
1100948	1.581379 
1100949	1.566630 
1100950	1.562942 
1100951	1.573427 
1100952	1.598665 
1100953	1.637128 
1100954	1.685267 
1100955	1.737288 
1100956	1.785020 
1100957	1.819290 
1100958	1.833488 
1100959	1.826884 
1100960	1.804727 
1100961	1.775032 
1100962	1.745126 
1100963	1.720221 
1100964	1.703467 
1100965	1.696180 
1100966	1.697873 
1100967	1.706007 
1100968	1.715538 
1100969	1.718872 
1100970	1.707871 
1100971	1.678145 
1100972	1.632394 
1100973	1.579421 
1100974	1.529749 
1100975	1.491862 
1100976	1.471015 
1100977	1.469430 
1100978	1.486547 
1100979	1.518921 
1100980	1.559775 
1100981	1.599148 
1100982	1.626516 
1100983	1.635629 
1100984	1.627872 
1100985	1.610839 
1100986	1.593549 
1100987	1.582714 
1100988	1.582047 
1100989	1.592849 
1100990	1.614435 
1100991	1.644191 
1100992	1.677279 
1100993	1.706218 
1100994	1.721846 
1100995	1.716973 
1100996	1.690467 
1100997	1.648163 
1100998	1.599624 
1100999	1.553924 
1101000	1.517701 
1101001	1.494986 
1101002	1.487418 
1101003	1.494267 
1101004	1.512050 
1101005	1.533694 
1101006	1.548770 
1101007	1.547392 
1101008	1.525759 
1101009	1.488818 
1101010	1.447508 
1101011	1.412911 
1101012	1.392565 
1101013	1.390278 
1101014	1.406743 
1101015	1.439761 
1101016	1.484067 
1101017	1.531010 
1101018	1.569375 
1101019	1.589074 
1101020	1.586301 
1101021	1.565640 
1101022	1.536881 
1101023	1.509852 
1101024	1.491541 
1101025	1.485938 
1101026	1.494444 
1101027	1.516045 
1101028	1.547131 
1101029	1.581095 
1101030	1.608460 
1101031	1.619389 
1101032	1.608651 
1101033	1.579074 
1101034	1.540005 
1101035	1.502384 
1101036	1.474863 
1101037	1.462740 
1101038	1.468280 
1101039	1.491007 
1101040	1.527670 
1101041	1.571900 
1101042	1.614194 
1101043	1.643914 
1101044	1.653905 
1101045	1.644519 
1101046	1.623039 
1101047	1.599164 
1101048	1.580870 
1101049	1.573122 
1101050	1.578261 
1101051	1.596426 
1101052	1.625580 
1101053	1.661091 
1101054	1.695157 
1101055	1.717718 
1101056	1.720197 
1101057	1.700059 
1101058	1.662464 
1101059	1.617409 
1101060	1.574923 
1101061	1.542261 
1101062	1.523689 
1101063	1.520886 
1101064	1.532970 
1101065	1.556191 
1101066	1.583350 
1101067	1.604139 
1101068	1.608526 
1101069	1.592306 
1101070	1.559989 
1101071	1.521981 
1101072	1.488930 
1101073	1.468225 
1101074	1.463702 
1101075	1.476258 
1101076	1.504125 
1101077	1.542696 
1101078	1.584036 
1101079	1.617258 
1101080	1.631923 
1101081	1.623358 
1101082	1.595303 
1101083	1.557308 
1101084	1.519626 
1101085	1.489914 
1101086	1.472700 
1101087	1.469776 
1101088	1.480301 
1101089	1.500359 
1101090	1.522202 
1101091	1.534641 
1101092	1.526928 
1101093	1.494911 
1101094	1.444426 
1101095	1.388333 
1101096	1.340167 
1101097	1.309868 
1101098	1.302864 
1101099	1.320309 
1101100	1.359064 
1101101	1.411145 
1101102	1.463671 
1101103	1.502113 
1101104	1.517085 
1101105	1.509488 
1101106	1.489273 
1101107	1.469108 
1101108	1.458611 
1101109	1.462840 
1101110	1.483176 
1101111	1.518128 
1101112	1.563589 
1101113	1.612676 
1101114	1.655524 
1101115	1.681115 
1101116	1.681816 
1101117	1.657435 
1101118	1.615263 
1101119	1.566172 
1101120	1.520156 
1101121	1.484114 
1101122	1.461969 
1101123	1.455110 
1101124	1.462306 
1101125	1.479029 
1101126	1.496654 
1101127	1.503733 
1101128	1.491010 
1101129	1.457342 
1101130	1.411158 
1101131	1.365763 
1101132	1.333085 
1101133	1.320726 
1101134	1.331907 
1101135	1.365961 
1101136	1.418562 
1101137	1.481604 
1101138	1.543365 
1101139	1.591517 
1101140	1.618692 
1101141	1.625897 
1101142	1.620854 
1101143	1.612912 
1101144	1.609060 
1101145	1.613222 
1101146	1.626848 
1101147	1.649326 
1101148	1.678085 
1101149	1.708387 
1101150	1.733036 
1101151	1.743262 
1101152	1.732259 
1101153	1.699388 
1101154	1.651219 
1101155	1.598241 
1101156	1.550407 
1101157	1.514976 
1101158	1.496285 
1101159	1.495928 
1101160	1.512692 
1101161	1.542082 
1101162	1.575715 
1101163	1.602273 
1101164	1.611871 
1101165	1.601613 
1101166	1.577400 
1101167	1.550097 
1101168	1.529842 
1101169	1.523128 
1101170	1.532896 
1101171	1.559228 
1101172	1.599682 
1101173	1.649255 
1101174	1.700174 
1101175	1.742452 
1101176	1.766890 
1101177	1.769569 
1101178	1.753850 
1101179	1.727912 
1101180	1.700315 
1101181	1.677372 
1101182	1.662877 
1101183	1.658478 
1101184	1.663898 
1101185	1.676818 
1101186	1.692495 
1101187	1.703494 
1101188	1.701223 
1101189	1.680040 
1101190	1.641083 
1101191	1.592235 
1101192	1.544151 
1101193	1.505917 
1101194	1.483335 
1101195	1.479150 
1101196	1.493429 
1101197	1.523589 
1101198	1.564086 
1101199	1.606267 
1101200	1.639994 
1101201	1.657749 
1101202	1.658575 
1101203	1.648067 
1101204	1.634494 
1101205	1.624737 
1101206	1.622859 
1101207	1.630576 
1101208	1.647791 
1101209	1.672735 
1101210	1.701747 
1101211	1.728916 
1101212	1.746447 
1101213	1.747077 
1101214	1.727875 
1101215	1.692306 
1101216	1.648398 
1101217	1.604929 
1101218	1.568825 
1101219	1.544502 
1101220	1.534067 
1101221	1.537511 
1101222	1.552518 
1101223	1.573911 
1101224	1.593463 
1101225	1.601853 
1101226	1.593034 
1101227	1.568013 
1101228	1.534319 
1101229	1.501627 
1101230	1.477721 
1101231	1.467298 
1101232	1.472378 
1101233	1.492677 
1101234	1.525664 
1101235	1.566167 
1101236	1.605883 
1101237	1.634925 
1101238	1.646205 
1101239	1.639144 
1101240	1.619605 
1101241	1.596247 
1101242	1.576537 
1101243	1.565067 
1101244	1.563923 
1101245	1.573245 
1101246	1.591291 
1101247	1.614051 
1101248	1.634809 
1101249	1.645113 
1101250	1.638051 
1101251	1.612125 
1101252	1.572438 
1101253	1.527947 
1101254	1.487274 
1101255	1.456525 
1101256	1.439276 
1101257	1.436852 
1101258	1.448330 
1101259	1.470131 
1101260	1.495378 
1101261	1.514606 
1101262	1.519298 
1101263	1.506582 
1101264	1.481081 
1101265	1.451893 
1101266	1.427750 
1101267	1.414507 
1101268	1.415140 
1101269	1.430233 
1101270	1.458177 
1101271	1.494868 
1101272	1.533006 
1101273	1.562594 
1101274	1.574575 
1101275	1.565411 
1101276	1.539037 
1101277	1.504392 
1101278	1.470806 
1101279	1.445036 
1101280	1.430981 
1101281	1.430110 
1101282	1.441519 
1101283	1.461523 
1101284	1.482966 
1101285	1.495685 
1101286	1.490263 
1101287	1.463591 
1101288	1.421369 
1101289	1.374893 
1101290	1.335364 
1101291	1.310542 
1101292	1.304487 
1101293	1.318038 
1101294	1.348913 
1101295	1.391271 
1101296	1.435251 
1101297	1.468720 
1101298	1.482677 
1101299	1.476443 
1101300	1.457756 
1101301	1.437672 
1101302	1.425201 
1101303	1.425535 
1101304	1.440650 
1101305	1.469872 
1101306	1.509960 
1101307	1.554819 
1101308	1.595293 
1101309	1.620767 
1101310	1.623659 
1101311	1.603911 
1101312	1.569139 
1101313	1.530400 
1101314	1.497568 
1101315	1.477273 
1101316	1.472985 
1101317	1.485494 
1101318	1.512875 
1101319	1.549902 
1101320	1.587507 
1101321	1.614339 
1101322	1.621730 
1101323	1.609012 
1101324	1.584057 
1101325	1.558349 
1101326	1.541598 
1101327	1.539747 
1101328	1.555306 
1101329	1.587910 
1101330	1.634544 
1101331	1.689478 
1101332	1.744154 
1101333	1.787965 
1101334	1.811554 
1101335	1.811421 
1101336	1.791729 
1101337	1.761493 
1101338	1.729978 
1101339	1.704158 
1101340	1.688476 
1101341	1.685137 
1101342	1.694225 
1101343	1.713554 
1101344	1.738228 
1101345	1.760061 
1101346	1.768713 
1101347	1.756092 
1101348	1.721309 
1101349	1.671656 
1101350	1.618640 
1101351	1.572784 
1101352	1.541493 
1101353	1.529017 
1101354	1.536574 
1101355	1.562336 
1101356	1.601035 
1101357	1.643308 
1101358	1.676647 
1101359	1.689878 
1101360	1.678945 
1101361	1.649244 
1101362	1.612107 
1101363	1.578918 
1101364	1.557764 
1101365	1.553054 
1101366	1.566022 
1101367	1.594926 
1101368	1.634808 
1101369	1.676870 
1101370	1.708861 
1101371	1.718856 
1101372	1.701261 
1101373	1.660251 
1101374	1.607327 
1101375	1.555346 
1101376	1.514247 
1101377	1.490246 
1101378	1.486116 
1101379	1.501286 
1101380	1.531520 
1101381	1.568229 
1101382	1.598689 
1101383	1.610070 
1101384	1.596502 
1101385	1.563160 
1101386	1.523112 
1101387	1.490187 
1101388	1.474091 
1101389	1.479751 
1101390	1.508116 
1101391	1.556739 
1101392	1.619921 
1101393	1.688666 
1101394	1.751223 
1101395	1.796227 
1101396	1.817576 
1101397	1.817132 
1101398	1.802702 
1101399	1.783332 
1101400	1.766043 
1101401	1.755265 
1101402	1.753192 
1101403	1.760003 
1101404	1.773851 
1101405	1.790601 
1101406	1.803446 
1101407	1.803296 
1101408	1.781881 
1101409	1.736550 
1101410	1.672622 
1101411	1.601000 
1101412	1.533295 
1101413	1.478371 
1101414	1.441787 
1101415	1.426085 
1101416	1.430654 
1101417	1.451031 
1101418	1.477918 
1101419	1.497829 
1101420	1.498300 
1101421	1.475227 
1101422	1.435666 
1101423	1.393199 
1101424	1.360655 
1101425	1.346228 
1101426	1.353526 
1101427	1.382399 
1101428	1.429249 
1101429	1.486846 
1101430	1.544173 
1101431	1.588252 
1101432	1.608990 
1101433	1.604281 
1101434	1.580534 
1101435	1.548174 
1101436	1.516577 
1101437	1.492053 
1101438	1.478073 
1101439	1.475676 
1101440	1.483519 
1101441	1.497556 
1101442	1.510451 
1101443	1.512026 
1101444	1.493121 
1101445	1.451381 
1101446	1.393800 
1101447	1.333541 
1101448	1.283837 
1101449	1.253766 
1101450	1.247772 
1101451	1.266192 
1101452	1.305312 
1101453	1.356988 
1101454	1.408817 
1101455	1.447427 
1101456	1.464670 
1101457	1.461786 
1101458	1.447548 
1101459	1.432395 
1101460	1.423960 
1101461	1.426294 
1101462	1.440671 
1101463	1.466144 
1101464	1.499589 
1101465	1.535222 
1101466	1.564278 
1101467	1.577031 
1101468	1.567412 
1101469	1.536778 
1101470	1.493454 
1101471	1.448410 
1101472	1.410770 
1101473	1.386254 
1101474	1.377632 
1101475	1.385119 
1101476	1.406259 
1101477	1.435293 
1101478	1.462888 
1101479	1.478432 
1101480	1.475316 
1101481	1.455115 
1101482	1.426465 
1101483	1.399809 
1101484	1.383124 
1101485	1.380866 
1101486	1.394557 
1101487	1.423274 
1101488	1.463641 
1101489	1.509462 
1101490	1.551575 
1101491	1.580299 
1101492	1.590193 
1101493	1.583041 
1101494	1.566291 
1101495	1.548493 
1101496	1.535908 
1101497	1.532044 
1101498	1.538191 
1101499	1.553749 
1101500	1.576156 
1101501	1.600458 
1099001	1.444132 
1099002	1.479172 
1099003	1.524551 
1099004	1.571010 
1099005	1.606864 
1099006	1.622517 
1099007	1.615353 
1099008	1.590847 
1099009	1.558972 
1099010	1.529207 
1099011	1.507980 
1099012	1.498755 
1099013	1.502527 
1099014	1.517915 
1099015	1.540752 
1099016	1.563471 
1099017	1.575741 
1099018	1.568302 
1099019	1.538427 
1099020	1.492239 
1099021	1.441468 
1099022	1.397931 
1099023	1.370114 
1099024	1.362630 
1099025	1.376552 
1099026	1.409414 
1099027	1.454650 
1099028	1.501116 
1099029	1.535352 
1099030	1.547500 
1099031	1.536674 
1099032	1.511117 
1099033	1.483093 
1099034	1.463195 
1099035	1.457816 
1099036	1.469532 
1099037	1.497790 
1099038	1.538929 
1099039	1.585768 
1099040	1.627594 
1099041	1.652509 
1099042	1.652552 
1099043	1.628274 
1099044	1.588375 
1099045	1.544810 
1099046	1.507869 
1099047	1.484349 
1099048	1.477657 
1099049	1.488082 
1099050	1.512661 
1099051	1.544658 
1099052	1.573337 
1099053	1.586341 
1099054	1.575577 
1099055	1.542391 
1099056	1.496981 
1099057	1.452615 
1099058	1.420158 
1099059	1.406267 
1099060	1.413701 
1099061	1.441638 
1099062	1.485510 
1099063	1.536507 
1099064	1.581889 
1099065	1.608522 
1099066	1.609300 
1099067	1.587320 
1099068	1.553556 
1099069	1.520521 
1099070	1.497694 
1099071	1.490619 
1099072	1.501375 
1099073	1.528831 
1099074	1.568515 
1099075	1.612145 
1099076	1.647687 
1099077	1.662511 
1099078	1.649742 
1099079	1.612687 
1099080	1.562929 
1099081	1.514065 
1099082	1.476862 
1099083	1.458029 
1099084	1.460480 
1099085	1.483504 
1099086	1.522452 
1099087	1.568089 
1099088	1.606963 
1099089	1.625542 
1099090	1.617295 
1099091	1.586838 
1099092	1.546929 
1099093	1.511400 
1099094	1.490240 
1099095	1.488774 
1099096	1.508333 
1099097	1.546695 
1099098	1.598067 
1099099	1.652877 
1099100	1.698487 
1099101	1.722982 
1099102	1.720938 
1099103	1.696300 
1099104	1.659471 
1099105	1.621641 
1099106	1.591184 
1099107	1.573112 
1099108	1.569490 
1099109	1.579637 
1099110	1.599926 
1099111	1.623251 
1099112	1.638975 
1099113	1.635680 
1099114	1.607006 
1099115	1.556050 
1099116	1.493947 
1099117	1.434183 
1099118	1.387633 
1099119	1.360930 
1099120	1.356729 
1099121	1.373928 
1099122	1.407282 
1099123	1.446738 
1099124	1.478582 
1099125	1.490531 
1099126	1.478380 
1099127	1.448569 
1099128	1.413884 
1099129	1.386625 
1099130	1.374888 
1099131	1.382455 
1099132	1.409480 
1099133	1.452739 
1099134	1.505433 
1099135	1.556950 
1099136	1.594384 
1099137	1.607679 
1099138	1.595195 
1099139	1.564426 
1099140	1.527216 
1099141	1.494141 
1099142	1.472206 
1099143	1.465057 
1099144	1.473345 
1099145	1.494643 
1099146	1.522889 
1099147	1.547749 
1099148	1.556231 
1099149	1.538442 
1099150	1.493888 
1099151	1.432532 
1099152	1.369309 
1099153	1.317603 
1099154	1.286401 
1099155	1.280093 
1099156	1.298532 
1099157	1.336547 
1099158	1.383032 
1099159	1.421787 
1099160	1.437254 
1099161	1.423155 
1099162	1.386713 
1099163	1.343809 
1099164	1.310138 
1099165	1.295981 
1099166	1.305894 
1099167	1.339708 
1099168	1.392956 
1099169	1.456614 
1099170	1.517089 
1099171	1.559253 
1099172	1.572887 
1099173	1.558065 
1099174	1.524550 
1099175	1.485887 
1099176	1.453540 
1099177	1.434819 
1099178	1.433245 
1099179	1.448973 
1099180	1.478639 
1099181	1.514766 
1099182	1.545546 
1099183	1.557667 
1099184	1.542959 
1099185	1.504054 
1099186	1.453271 
1099187	1.405957 
1099188	1.374465 
1099189	1.366039 
1099190	1.383131 
1099191	1.423871 
1099192	1.482026 
1099193	1.546806 
1099194	1.604020 
1099195	1.640909 
1099196	1.652698 
1099197	1.644930 
1099198	1.629239 
1099199	1.616830 
1099200	1.615002 
1099201	1.627239 
1099202	1.654022 
1099203	1.693233 
1099204	1.740206 
1099205	1.787573 
1099206	1.825322 
1099207	1.842706 
1099208	1.832957 
1099209	1.797303 
1099210	1.744356 
1099211	1.685506 
1099212	1.630678 
1099213	1.586894 
1099214	1.558341 
1099215	1.546500 
1099216	1.549907 
1099217	1.563498 
1099218	1.577672 
1099219	1.579212 
1099220	1.556921 
1099221	1.508833 
1099222	1.444359 
1099223	1.379202 
1099224	1.327877 
1099225	1.299835 
1099226	1.299291 
1099227	1.325572 
1099228	1.373013 
1099229	1.430401 
1099230	1.481633 
1099231	1.510818 
1099232	1.510445 
1099233	1.485586 
1099234	1.450002 
1099235	1.418153 
1099236	1.399978 
1099237	1.400391 
1099238	1.420167 
1099239	1.456310 
1099240	1.501837 
1099241	1.545335 
1099242	1.572427 
1099243	1.571376 
1099244	1.539839 
1099245	1.486676 
1099246	1.426873 
1099247	1.374523 
1099248	1.339269 
1099249	1.326133 
1099250	1.335866 
1099251	1.364788 
1099252	1.404067 
1099253	1.439672 
1099254	1.456430 
1099255	1.445946 
1099256	1.412068 
1099257	1.368445 
1099258	1.330706 
1099259	1.310202 
1099260	1.312626 
1099261	1.338860 
1099262	1.385531 
1099263	1.444965 
1099264	1.505195 
1099265	1.552045 
1099266	1.574588 
1099267	1.570866 
1099268	1.548525 
1099269	1.519710 
1099270	1.495161 
1099271	1.481755 
1099272	1.482797 
1099273	1.498519 
1099274	1.526155 
1099275	1.559600 
1099276	1.589135 
1099277	1.603079 
1099278	1.592951 
1099279	1.558696 
1099280	1.509145 
1099281	1.457427 
1099282	1.415419 
1099283	1.390827 
1099284	1.387286 
1099285	1.404827 
1099286	1.439779 
1099287	1.484264 
1099288	1.526354 
1099289	1.553217 
1099290	1.557268 
1099291	1.540672 
1099292	1.513512 
1099293	1.487653 
1099294	1.471904 
1099295	1.471014 
1099296	1.486374 
1099297	1.516588 
1099298	1.557525 
1099299	1.601843 
1099300	1.638870 
1099301	1.657463 
1099302	1.651123 
1099303	1.621479 
1099304	1.577285 
1099305	1.529750 
1099306	1.488016 
1099307	1.457846 
1099308	1.442155 
1099309	1.441304 
1099310	1.452880 
1099311	1.471007 
1099312	1.485861 
1099313	1.485869 
1099314	1.463566 
1099315	1.420636 
1099316	1.367395 
1099317	1.317417 
1099318	1.281830 
1099319	1.266971 
1099320	1.274864 
1099321	1.303761 
1099322	1.347989 
1099323	1.397622 
1099324	1.439772 
1099325	1.463189 
1099326	1.464028 
1099327	1.447787 
1099328	1.425201 
1099329	1.406435 
1099330	1.398032 
1099331	1.402955 
1099332	1.421370 
1099333	1.450960 
1099334	1.486580 
1099335	1.519784 
1099336	1.540307 
1099337	1.540271 
1099338	1.518592 
1099339	1.481903 
1099340	1.441032 
1099341	1.406152 
1099342	1.384109 
1099343	1.378438 
1099344	1.389856 
1099345	1.416194 
1099346	1.451785 
1099347	1.487191 
1099348	1.511712 
1099349	1.518535 
1099350	1.508673 
1099351	1.490051 
1099352	1.472759 
1099353	1.464619 
1099354	1.469750 
1099355	1.489225 
1099356	1.521670 
1099357	1.563354 
1099358	1.607960 
1099359	1.646848 
1099360	1.671139 
1099361	1.675534 
1099362	1.661174 
1099363	1.634658 
1099364	1.604267 
1099365	1.576763 
1099366	1.556480 
1099367	1.545574 
1099368	1.544267 
1099369	1.550797 
1099370	1.561007 
1099371	1.568043 
1099372	1.563791 
1099373	1.542859 
1099374	1.506422 
1099375	1.462148 
1099376	1.420160 
1099377	1.388897 
1099378	1.373631 
1099379	1.376661 
1099380	1.397592 
1099381	1.433268 
1099382	1.477452 
1099383	1.520989 
1099384	1.554124 
1099385	1.570945 
1099386	1.572423 
1099387	1.565057 
1099388	1.556692 
1099389	1.553182 
1099390	1.557602 
1099391	1.570801 
1099392	1.591796 
1099393	1.617734 
1099394	1.643421 
1099395	1.661182 
1099396	1.662703 
1099397	1.642689 
1099398	1.602020 
1099399	1.547763 
1099400	1.489831 
1099401	1.437010 
1099402	1.395586 
1099403	1.369501 
1099404	1.360302 
1099405	1.366697 
1099406	1.383637 
1099407	1.401702 
1099408	1.409416 
1099409	1.399069 
1099410	1.371870 
1099411	1.337352 
1099412	1.307730 
1099413	1.292523 
1099414	1.296730 
1099415	1.321372 
1099416	1.364090 
1099417	1.419197 
1099418	1.477601 
1099419	1.527791 
1099420	1.559269 
1099421	1.567327 
1099422	1.555253 
1099423	1.531742 
1099424	1.506173 
1099425	1.485607 
1099426	1.474315 
1099427	1.474141 
1099428	1.484554 
1099429	1.502262 
1099430	1.520592 
1099431	1.529698 
1099432	1.519795 
1099433	1.486799 
1099434	1.435748 
1099435	1.378573 
1099436	1.328417 
1099437	1.295200 
1099438	1.284529 
1099439	1.297889 
1099440	1.332529 
1099441	1.380878 
1099442	1.430447 
1099443	1.466777 
1099444	1.479959 
1099445	1.470249 
1099446	1.447390 
1099447	1.424333 
1099448	1.411383 
1099449	1.414470 
1099450	1.435635 
1099451	1.473458 
1099452	1.523019 
1099453	1.575531 
1099454	1.618605 
1099455	1.639552 
1099456	1.631486 
1099457	1.597487 
1099458	1.548891 
1099459	1.499444 
1099460	1.460359 
1099461	1.438791 
1099462	1.438018 
1099463	1.457538 
1099464	1.492689 
1099465	1.533934 
1099466	1.567336 
1099467	1.579062 
1099468	1.562882 
1099469	1.524349 
1099470	1.477485 
1099471	1.437366 
1099472	1.414950 
1099473	1.416061 
1099474	1.441859 
1099475	1.489120 
1099476	1.550074 
1099477	1.612303 
1099478	1.660561 
1099479	1.682421 
1099480	1.674726 
1099481	1.645184 
1099482	1.607522 
1099483	1.574819 
1099484	1.556126 
1099485	1.556228 
1099486	1.576094 
1099487	1.613015 
1099488	1.660525 
1099489	1.708207 
1099490	1.742771 
1099491	1.752459 
1099492	1.733157 
1099493	1.690950 
1099494	1.638671 
1099495	1.589690 
1099496	1.554031 
1099497	1.537662 
1099498	1.542633 
1099499	1.567101 
1099500	1.605059 
1099501	1.645935 
1099502	1.675526 
1099503	1.680735 
1099504	1.656394 
1099505	1.608505 
1099506	1.550932 
1099507	1.498665 
1099508	1.462964 
1099509	1.450236 
1099510	1.462294 
1099511	1.496372 
1099512	1.544705 
1099513	1.594262 
1099514	1.628935 
1099515	1.636031 
1099516	1.613374 
1099517	1.570638 
1099518	1.523655 
1099519	1.486987 
1099520	1.470276 
1099521	1.478031 
1099522	1.510067 
1099523	1.561615 
1099524	1.623214 
1099525	1.681105 
1099526	1.720348 
1099527	1.731153 
1099528	1.714165 
1099529	1.679659 
1099530	1.641449 
1099531	1.611110 
1099532	1.596051 
1099533	1.599740 
1099534	1.622043 
1099535	1.659290 
1099536	1.704029 
1099537	1.744873 
1099538	1.768368 
1099539	1.764535 
1099540	1.732709 
1099541	1.682219 
1099542	1.627190 
1099543	1.580421 
1099544	1.550703 
1099545	1.542685 
1099546	1.557097 
1099547	1.590739 
1099548	1.636228 
1099549	1.681801 
1099550	1.713141 
1099551	1.719177 
1099552	1.698271 
1099553	1.659032 
1099554	1.615083 
1099555	1.578662 
1099556	1.557708 
1099557	1.556003 
1099558	1.573756 
1099559	1.607782 
1099560	1.651205 
1099561	1.692987 
1099562	1.719568 
1099563	1.720262 
1099564	1.692972 
1099565	1.645545 
1099566	1.591537 
1099567	1.543918 
1099568	1.511566 
1099569	1.499222 
1099570	1.508049 
1099571	1.535708 
1099572	1.575985 
1099573	1.618416 
1099574	1.649638 
1099575	1.658391 
1099576	1.641695 
1099577	1.606672 
1099578	1.566163 
1099579	1.532474 
1099580	1.513916 
1099581	1.514533 
1099582	1.534693 
1099583	1.571359 
1099584	1.617909 
1099585	1.663988 
1099586	1.696960 
1099587	1.706295 
1099588	1.688981 
1099589	1.651264 
1099590	1.604881 
1099591	1.561398 
1099592	1.529141 
1099593	1.512942 
1099594	1.514390 
1099595	1.531844 
1099596	1.560113 
1099597	1.590046 
1099598	1.609404 
1099599	1.607454 
1099600	1.581135 
1099601	1.537181 
1099602	1.488478 
1099603	1.447808 
1099604	1.423828 
1099605	1.420730 
1099606	1.438844 
1099607	1.474859 
1099608	1.521684 
1099609	1.568533 
1099610	1.602829 
1099611	1.615201 
1099612	1.604499 
1099613	1.577929 
1099614	1.546553 
1099615	1.520131 
1099616	1.504742 
1099617	1.503078 
1099618	1.515045 
1099619	1.537871 
1099620	1.565678 
1099621	1.589333 
1099622	1.598343 
1099623	1.585426 
1099624	1.550847 
1099625	1.502626 
1099626	1.452316 
1099627	1.410130 
1099628	1.382671 
1099629	1.373001 
1099630	1.381101 
1099631	1.403770 
1099632	1.433999 
1099633	1.461342 
1099634	1.475262 
1099635	1.470258 
1099636	1.449045 
1099637	1.420596 
1099638	1.394918 
1099639	1.379150 
1099640	1.376929 
1099641	1.388998 
1099642	1.413546 
1099643	1.446122 
1099644	1.479180 
1099645	1.502574 
1099646	1.507134 
1099647	1.489473 
1099648	1.453935 
1099649	1.410055 
1099650	1.367980 
1099651	1.335098 
1099652	1.315423 
1099653	1.310166 
1099654	1.317763 
1099655	1.333226 
1099656	1.347580 
1099657	1.349629 
1099658	1.331285 
1099659	1.293054 
1099660	1.244220 
1099661	1.197592 
1099662	1.163905 
1099663	1.149476 
1099664	1.156417 
1099665	1.182977 
1099666	1.223200 
1099667	1.266542 
1099668	1.299995 
1099669	1.313833 
1099670	1.307308 
1099671	1.288837 
1099672	1.270413 
1099673	1.261762 
1099674	1.268221 
1099675	1.291347 
1099676	1.329639 
1099677	1.378624 
1099678	1.430594 
1099679	1.475049 
1099680	1.501850 
1099681	1.506246 
1099682	1.491521 
1099683	1.466712 
1099684	1.441649 
1099685	1.423516 
1099686	1.416462 
1099687	1.422066 
1099688	1.439490 
1099689	1.465190 
1099690	1.492426 
1099691	1.511704 
1099692	1.514021 
1099693	1.496039 
1099694	1.462814 
1099695	1.425186 
1099696	1.394367 
1099697	1.378346 
1099698	1.381375 
1099699	1.404410 
1099700	1.445271 
1099701	1.498475 
1099702	1.554967 
1099703	1.603404 
1099704	1.634636 
1099705	1.646374 
1099706	1.643870 
1099707	1.636228 
1099708	1.631691 
1099709	1.635350 
1099710	1.649432 
1099711	1.673992 
1099712	1.707133 
1099713	1.744816 
1099714	1.780521 
1099715	1.805735 
1099716	1.812653 
1099717	1.798151 
1099718	1.765871 
1099719	1.724401 
1099720	1.683157 
1099721	1.649439 
1099722	1.627893 
1099723	1.620810 
1099724	1.628219 
1099725	1.647680 
1099726	1.673867 
1099727	1.698383 
1099728	1.711573 
1099729	1.707059 
1099730	1.685749 
1099731	1.655383 
1099732	1.626034 
1099733	1.605860 
1099734	1.599766 
1099735	1.609724 
1099736	1.635215 
1099737	1.673402 
1099738	1.719027 
1099739	1.764145 
1099740	1.799094 
1099741	1.816172 
1099742	1.813540 
1099743	1.795861 
1099744	1.771284 
1099745	1.747506 
1099746	1.729677 
1099747	1.720474 
1099748	1.720634 
1099749	1.729119 
1099750	1.742878 
1099751	1.756291 
1099752	1.761331 
1099753	1.750082 
1099754	1.718893 
1099755	1.671098 
1099756	1.615703 
1099757	1.563078 
1099758	1.521656 
1099759	1.497054 
1099760	1.492052 
1099761	1.506563 
1099762	1.537289 
1099763	1.577138 
1099764	1.615341 
1099765	1.640569 
1099766	1.646685 
1099767	1.636221 
1099768	1.618284 
1099769	1.603130 
1099770	1.598141 
1099771	1.607090 
1099772	1.630865 
1099773	1.667890 
1099774	1.714144 
1099775	1.762805 
1099776	1.804450 
1099777	1.829203 
1099778	1.830851 
1099779	1.810088 
1099780	1.773924 
1099781	1.731831 
1099782	1.692107 
1099783	1.660491 
1099784	1.640247 
1099785	1.632368 
1099786	1.635477 
1099787	1.645360 
1099788	1.654430 
1099789	1.652692 
1099790	1.631861 
1099791	1.590613 
1099792	1.536201 
1099793	1.480655 
1099794	1.435401 
1099795	1.408389 
1099796	1.403688 
1099797	1.421727 
1099798	1.459343 
1099799	1.509549 
1099800	1.561638 
1099801	1.603340 
1099802	1.626001 
1099803	1.629230 
1099804	1.620369 
1099805	1.609358 
1099806	1.604009 
1099807	1.608700 
1099808	1.624946 
1099809	1.651921 
1099810	1.686712 
1099811	1.724268 
1099812	1.757160 
1099813	1.776174 
1099814	1.773483 
1099815	1.746949 
1099816	1.701766 
1099817	1.647806 
1099818	1.595066 
1099819	1.551113 
1099820	1.520859 
1099821	1.506746 
1099822	1.508774 
1099823	1.524160 
1099824	1.546596 
1099825	1.566267 
1099826	1.573085 
1099827	1.562253 
1099828	1.537582 
1099829	1.509127 
1099830	1.487606 
1099831	1.480369 
1099832	1.490825 
1099833	1.519273 
1099834	1.563445 
1099835	1.618593 
1099836	1.677475 
1099837	1.730662 
1099838	1.768633 
1099839	1.785873 
1099840	1.783444 
1099841	1.767637 
1099842	1.746176 
1099843	1.725229 
1099844	1.708723 
1099845	1.698689 
1099846	1.695488 
1099847	1.697690 
1099848	1.701660 
1099849	1.701106 
1099850	1.687887 
1099851	1.655423 
1099852	1.603019 
1099853	1.537240 
1099854	1.468926 
1099855	1.408627 
1099856	1.364080 
1099857	1.339850 
1099858	1.337319 
1099859	1.354386 
1099860	1.384837 
1099861	1.418083 
1099862	1.441725 
1099863	1.447691 
1099864	1.437315 
1099865	1.420071 
1099866	1.407412 
1099867	1.407625 
1099868	1.424728 
1099869	1.459329 
1099870	1.509326 
1099871	1.570074 
1099872	1.634242 
1099873	1.692207 
1099874	1.734232 
1099875	1.754232 
1099876	1.752572 
1099877	1.735200 
1099878	1.710036 
1099879	1.683811 
1099880	1.661138 
1099881	1.644755 
1099882	1.635732 
1099883	1.633419 
1099884	1.635094 
1099885	1.635449 
1099886	1.626993 
1099887	1.603119 
1099888	1.562448 
1099889	1.510823 
1099890	1.458924 
1099891	1.417320 
1099892	1.393480 
1099893	1.391361 
1099894	1.411581 
1099895	1.451386 
1099896	1.504450 
1099897	1.560902 
1099898	1.609176 
1099899	1.640584 
1099900	1.653651 
1099901	1.654091 
1099902	1.650643 
1099903	1.650693 
1099904	1.658617 
1099905	1.676182 
1099906	1.703080 
1099907	1.737143 
1099908	1.774217 
1099909	1.807961 
1099910	1.830345 
1099911	1.834046 
1099912	1.816119 
1099913	1.779928 
1099914	1.733465 
1099915	1.685667 
1099916	1.643698 
1099917	1.612198 
1099918	1.593569 
1099919	1.588202 
1099920	1.594320 
1099921	1.607371 
1099922	1.619658 
1099923	1.622177 
1099924	1.609035 
1099925	1.581313 
1099926	1.546802 
1099927	1.515658 
1099928	1.496026 
1099929	1.492637 
1099930	1.507207 
1099931	1.538937 
1099932	1.584711 
1099933	1.639052 
1099934	1.694167 
1099935	1.741100 
1099936	1.772870 
1099937	1.787538 
1099938	1.788453 
1099939	1.781601 
1099940	1.772573 
1099941	1.765206 
1099942	1.761596 
1099943	1.762345 
1099944	1.766661 
1099945	1.772278 
1099946	1.775234 
1099947	1.769926 
1099948	1.750598 
1099949	1.714424 
1099950	1.663955 
1099951	1.606507 
1099952	1.550976 
1099953	1.504933 
1099954	1.473433 
1099955	1.459053 
1099956	1.462070 
1099957	1.480262 
1099958	1.508277 
1099959	1.537508 
1099960	1.558566 
1099961	1.565860 
1099962	1.560653 
1099963	1.549850 
1099964	1.541633 
1099965	1.541919 
1099966	1.553677 
1099967	1.577551 
1099968	1.612264 
1099969	1.654701 
1099970	1.699815 
1099971	1.740588 
1099972	1.769141 
1099973	1.779849 
1099974	1.772159 
1099975	1.750599 
1099976	1.722135 
1099977	1.693147 
1099978	1.667995 
1099979	1.649109 
1099980	1.637339 
1099981	1.631984 
1099982	1.630476 
1099983	1.627835 
1099984	1.617090 
1099985	1.591906 
1099986	1.550416 
1099987	1.497104 
1099988	1.440765 
1099989	1.390589 
1099990	1.353554 
1099991	1.333841 
1099992	1.332910 
1099993	1.349383 
1099994	1.378565 
1099995	1.412121 
1099996	1.439719 
1099997	1.453493 
1099998	1.452484 
1099999	1.442728 
1100000	1.433011 
1100001	1.430496 
1098501	1.442399 
1098502	1.468101 
1098503	1.475031 
1098504	1.464763 
1098505	1.444198 
1098506	1.421366 
1098507	1.402311 
1098508	1.390507 
1098509	1.387284 
1098510	1.392040 
1098511	1.402010 
1098512	1.411755 
1098513	1.413254 
1098514	1.398451 
1098515	1.363824 
1098516	1.313327 
1098517	1.256651 
1098518	1.204647 
1098519	1.165704 
1098520	1.144790 
1098521	1.143664 
1098522	1.160784 
1098523	1.190518 
1098524	1.222652 
1098525	1.244698 
1098526	1.247938 
1098527	1.233044 
1098528	1.209439 
1098529	1.189200 
1098530	1.181633 
1098531	1.191722 
1098532	1.220691 
1098533	1.266514 
1098534	1.323856 
1098535	1.383897 
1098536	1.435513 
1098537	1.469060 
1098538	1.481101 
1098539	1.475905 
1098540	1.462130 
1098541	1.448122 
1098542	1.439502 
1098543	1.439156 
1098544	1.447677 
1098545	1.463546 
1098546	1.482924 
1098547	1.499261 
1098548	1.503855 
1098549	1.489152 
1098550	1.453447 
1098551	1.402885 
1098552	1.348576 
1098553	1.301572 
1098554	1.269969 
1098555	1.258412 
1098556	1.268188 
1098557	1.297072 
1098558	1.338710 
1098559	1.382425 
1098560	1.415867 
1098561	1.430839 
1098562	1.428114 
1098563	1.416447 
1098564	1.406835 
1098565	1.407533 
1098566	1.422824 
1098567	1.453689 
1098568	1.498422 
1098569	1.552856 
1098570	1.610209 
1098571	1.661072 
1098572	1.695495 
1098573	1.707333 
1098574	1.697574 
1098575	1.673584 
1098576	1.644988 
1098577	1.619905 
1098578	1.603769 
1098579	1.599544 
1098580	1.607993 
1098581	1.627635 
1098582	1.654354 
1098583	1.680901 
1098584	1.697859 
1098585	1.697533 
1098586	1.678453 
1098587	1.646557 
1098588	1.611948 
1098589	1.584182 
1098590	1.569519 
1098591	1.570967 
1098592	1.588906 
1098593	1.621288 
1098594	1.663388 
1098595	1.707481 
1098596	1.743613 
1098597	1.762844 
1098598	1.761632 
1098599	1.743727 
1098600	1.717614 
1098601	1.692071 
1098602	1.673537 
1098603	1.665740 
1098604	1.670073 
1098605	1.685830 
1098606	1.710209 
1098607	1.738005 
1098608	1.761273 
1098609	1.770645 
1098610	1.759291 
1098611	1.726892 
1098612	1.680096 
1098613	1.628943 
1098614	1.582790 
1098615	1.548474 
1098616	1.530066 
1098617	1.529019 
1098618	1.544095 
1098619	1.570886 
1098620	1.601088 
1098621	1.623368 
1098622	1.627743 
1098623	1.611066 
1098624	1.578985 
1098625	1.542600 
1098626	1.512940 
1098627	1.497481 
1098628	1.499830 
1098629	1.520344 
1098630	1.556348 
1098631	1.601890 
1098632	1.647526 
1098633	1.681695 
1098634	1.694808 
1098635	1.684063 
1098636	1.654896 
1098637	1.617636 
1098638	1.582551 
1098639	1.557045 
1098640	1.545312 
1098641	1.548671 
1098642	1.565682 
1098643	1.591862 
1098644	1.619307 
1098645	1.637509 
1098646	1.637061 
1098647	1.614991 
1098648	1.576958 
1098649	1.534054 
1098650	1.497493 
1098651	1.475173 
1098652	1.471163 
1098653	1.486219 
1098654	1.518053 
1098655	1.561173 
1098656	1.606800 
1098657	1.643886 
1098658	1.662883 
1098659	1.660757 
1098660	1.642477 
1098661	1.617652 
1098662	1.595460 
1098663	1.582130 
1098664	1.580986 
1098665	1.592862 
1098666	1.616283 
1098667	1.647359 
1098668	1.679507 
1098669	1.703663 
1098670	1.710757 
1098671	1.696236 
1098672	1.663021 
1098673	1.619907 
1098674	1.577083 
1098675	1.542703 
1098676	1.521937 
1098677	1.517212 
1098678	1.528428 
1098679	1.552769 
1098680	1.584164 
1098681	1.613199 
1098682	1.629365 
1098683	1.625940 
1098684	1.604039 
1098685	1.571863 
1098686	1.539887 
1098687	1.516524 
1098688	1.506839 
1098689	1.512866 
1098690	1.533974 
1098691	1.566924 
1098692	1.605418 
1098693	1.639862 
1098694	1.659575 
1098695	1.657398 
1098696	1.633423 
1098697	1.594823 
1098698	1.551800 
1098699	1.513197 
1098700	1.484824 
1098701	1.469659 
1098702	1.468107 
1098703	1.477880 
1098704	1.493480 
1098705	1.505870 
1098706	1.504300 
1098707	1.481368 
1098708	1.437923 
1098709	1.383007 
1098710	1.329004 
1098711	1.286490 
1098712	1.262031 
1098713	1.258229 
1098714	1.274001 
1098715	1.304212 
1098716	1.339109 
1098717	1.365697 
1098718	1.372820 
1098719	1.357422 
1098720	1.326515 
1098721	1.292660 
1098722	1.267505 
1098723	1.258376 
1098724	1.268253 
1098725	1.296424 
1098726	1.338630 
1098727	1.386775 
1098728	1.429258 
1098729	1.454394 
1098730	1.456131 
1098731	1.437385 
1098732	1.407915 
1098733	1.378969 
1098734	1.358934 
1098735	1.352250 
1098736	1.360064 
1098737	1.380674 
1098738	1.409283 
1098739	1.437502 
1098740	1.454581 
1098741	1.451641 
1098742	1.426725 
1098743	1.386458 
1098744	1.342460 
1098745	1.305770 
1098746	1.283816 
1098747	1.280304 
1098748	1.295701 
1098749	1.327253 
1098750	1.368565 
1098751	1.409538 
1098752	1.438754 
1098753	1.448797 
1098754	1.440577 
1098755	1.422328 
1098756	1.404387 
1098757	1.394736 
1098758	1.397819 
1098759	1.415131 
1098760	1.445674 
1098761	1.485926 
1098762	1.529426 
1098763	1.566818 
1098764	1.588215 
1098765	1.587784 
1098766	1.567148 
1098767	1.534331 
1098768	1.499313 
1098769	1.470243 
1098770	1.452404 
1098771	1.448459 
1098772	1.458619 
1098773	1.480456 
1098774	1.508362 
1098775	1.533401 
1098776	1.545608 
1098777	1.539093 
1098778	1.516068 
1098779	1.485756 
1098780	1.459256 
1098781	1.445151 
1098782	1.448281 
1098783	1.470170 
1098784	1.509476 
1098785	1.562077 
1098786	1.620966 
1098787	1.676521 
1098788	1.718888 
1098789	1.742419 
1098790	1.748181 
1098791	1.742461 
1098792	1.732903 
1098793	1.725375 
1098794	1.723234 
1098795	1.727758 
1098796	1.738473 
1098797	1.753135 
1098798	1.767410 
1098799	1.774607 
1098800	1.766758 
1098801	1.737971 
1098802	1.688222 
1098803	1.624297 
1098804	1.556746 
1098805	1.495609 
1098806	1.448353 
1098807	1.419574 
1098808	1.411007 
1098809	1.421325 
1098810	1.445495 
1098811	1.474180 
1098812	1.495350 
1098813	1.499713 
1098814	1.486403 
1098815	1.463443 
1098816	1.442433 
1098817	1.432807 
1098818	1.439768 
1098819	1.464876 
1098820	1.506795 
1098821	1.561661 
1098822	1.623103 
1098823	1.682153 
1098824	1.728479 
1098825	1.754258 
1098826	1.757825 
1098827	1.743989 
1098828	1.720887 
1098829	1.696187 
1098830	1.675269 
1098831	1.661256 
1098832	1.655405 
1098833	1.657279 
1098834	1.664476 
1098835	1.672099 
1098836	1.672788 
1098837	1.659136 
1098838	1.627876 
1098839	1.582676 
1098840	1.532762 
1098841	1.488519 
1098842	1.458030 
1098843	1.446162 
1098844	1.454717 
1098845	1.482550 
1098846	1.525450 
1098847	1.575944 
1098848	1.623873 
1098849	1.659512 
1098850	1.678150 
1098851	1.682092 
1098852	1.678293 
1098853	1.674058 
1098854	1.674417 
1098855	1.681944 
1098856	1.697274 
1098857	1.719365 
1098858	1.745458 
1098859	1.770792 
1098860	1.788382 
1098861	1.790217 
1098862	1.770757 
1098863	1.730393 
1098864	1.675808 
1098865	1.616800 
1098866	1.562323 
1098867	1.518994 
1098868	1.491087 
1098869	1.480449 
1098870	1.486226 
1098871	1.504191 
1098872	1.525970 
1098873	1.540477 
1098874	1.538925 
1098875	1.520182 
1098876	1.491650 
1098877	1.464831 
1098878	1.449741 
1098879	1.452193 
1098880	1.474170 
1098881	1.514609 
1098882	1.569611 
1098883	1.632357 
1098884	1.693209 
1098885	1.741270 
1098886	1.768288 
1098887	1.772556 
1098888	1.759230 
1098889	1.736916 
1098890	1.713686 
1098891	1.695221 
1098892	1.684777 
1098893	1.683536 
1098894	1.690722 
1098895	1.703333 
1098896	1.715502 
1098897	1.718670 
1098898	1.704474 
1098899	1.669415 
1098900	1.617756 
1098901	1.559814 
1098902	1.506940 
1098903	1.467886 
1098904	1.447952 
1098905	1.449094 
1098906	1.470013 
1098907	1.505978 
1098908	1.548514 
1098909	1.586067 
1098910	1.607741 
1098911	1.608869 
1098912	1.593404 
1098913	1.570844 
1098914	1.550906 
1098915	1.540135 
1098916	1.541697 
1098917	1.556184 
1098918	1.582006 
1098919	1.615220 
1098920	1.649073 
1098921	1.674359 
1098922	1.682052 
1098923	1.667629 
1098924	1.633894 
1098925	1.589500 
1098926	1.544503 
1098927	1.506903 
1098928	1.481816 
1098929	1.471720 
1098930	1.476620 
1098931	1.493911 
1098932	1.517905 
1098933	1.539750 
1098934	1.549751 
1098935	1.542360 
1098936	1.519782 
1098937	1.490564 
1098938	1.464572 
1098939	1.449099 
1098940	1.448087 
1098941	1.462675 
1098942	1.491601 
1098943	1.531196 
1098944	1.575044 
1098945	1.614136 
1098946	1.639170 
1098947	1.644742 
1098948	1.632184 
1098949	1.608368 
1098950	1.581730 
1098951	1.559014 
1098952	1.544389 
1098953	1.539727 
1098954	1.544857 
1098955	1.557414 
1098956	1.572286 
1098957	1.581402 
1098958	1.575770 
1098959	1.549942 
1098960	1.505769 
1098961	1.452009 
1098962	1.400106 
1098963	1.359567 
1098964	1.336261 
1098965	1.332778 
1098966	1.348597 
1098967	1.379708 
1098968	1.417965 
1098969	1.451654 
1098970	1.469567 
1098971	1.467064 
1098972	1.448875 
1098973	1.425638 
1098974	1.407871 
1098975	1.402509 
1098976	1.412784 
1098977	1.438916 
1098978	1.478434 
1098979	1.526093 
1098980	1.573604 
1098981	1.610410 
1098982	1.627070 
1098983	1.620073 
1098984	1.593854 
1098985	1.557950 
1098986	1.522201 
1098987	1.494005 
1098988	1.477997 
1098989	1.476284 
1098990	1.488444 
1098991	1.511113 
1098992	1.537313 
1098993	1.556816 
1098994	1.559737 
1098995	1.542224 
1098996	1.509310 
1098997	1.471904 
1098998	1.441013 
1098999	1.424142 
1099000	1.425000 
1099001	1.444132 
1101501	1.600458 
1101502	1.618933 
1101503	1.622523 
1101504	1.604904 
1101505	1.566553 
1101506	1.515011 
1101507	1.461196 
1101508	1.414970 
1101509	1.382939 
1101510	1.368761 
1101511	1.373510 
1101512	1.395347 
1101513	1.428606 
1101514	1.463075 
1101515	1.486298 
1101516	1.489876 
1101517	1.475061 
1101518	1.451769 
1101519	1.432158 
1101520	1.425160 
1101521	1.435284 
1101522	1.463546 
1101523	1.508184 
1101524	1.564890 
1101525	1.626623 
1101526	1.683483 
1101527	1.724598 
1101528	1.742521 
1101529	1.736930 
1101530	1.714266 
1101531	1.683628 
1101532	1.652852 
1101533	1.627270 
1101534	1.610048 
1101535	1.602490 
1101536	1.604039 
1101537	1.611990 
1101538	1.620933 
1101539	1.622763 
1101540	1.609356 
1101541	1.577392 
1101542	1.531350 
1101543	1.481439 
1101544	1.438405 
1101545	1.410033 
1101546	1.400666 
1101547	1.411619 
1101548	1.441422 
1101549	1.485695 
1101550	1.536722 
1101551	1.583698 
1101552	1.615939 
1101553	1.628135 
1101554	1.622853 
1101555	1.608081 
1101556	1.592412 
1101557	1.581925 
1101558	1.579933 
1101559	1.587556 
1101560	1.603999 
1101561	1.626402 
1101562	1.649298 
1101563	1.664330 
1101564	1.662372 
1101565	1.638149 
1101566	1.593935 
1101567	1.539058 
1101568	1.485192 
1101569	1.441784 
1101570	1.415026 
1101571	1.408106 
1101572	1.421284 
1101573	1.451711 
1101574	1.492892 
1101575	1.534387 
1101576	1.564389 
1101577	1.575726 
1101578	1.570151 
1101579	1.556756 
1101580	1.546355 
1101581	1.546671 
1101582	1.561412 
1101583	1.591344 
1101584	1.634982 
1101585	1.688727 
1101586	1.746765 
1101587	1.801034 
1101588	1.842205 
1101589	1.862913 
1101590	1.861550 
1101591	1.842971 
1101592	1.815520 
1101593	1.787113 
1101594	1.763359 
1101595	1.747672 
1101596	1.741671 
1101597	1.745272 
1101598	1.756499 
1101599	1.770986 
1101600	1.781542 
1101601	1.779461 
1101602	1.758649 
1101603	1.719727 
1101604	1.670159 
1101605	1.620294 
1101606	1.579117 
1101607	1.552551 
1101608	1.543624 
1101609	1.552788 
1101610	1.577901 
1101611	1.613849 
1101612	1.652108 
1101613	1.681854 
1101614	1.694180 
1101615	1.687045 
1101616	1.666254 
1101617	1.641500 
1101618	1.621464 
1101619	1.611723 
1101620	1.615015 
1101621	1.631766 
1101622	1.660332 
1101623	1.696945 
1101624	1.735353 
1101625	1.766581 
1101626	1.781072 
1101627	1.773226 
1101628	1.744498 
1101629	1.702441 
1101630	1.656563 
1101631	1.614529 
1101632	1.581409 
1101633	1.560176 
1101634	1.551821 
1101635	1.555214 
1101636	1.566599 
1101637	1.578750 
1101638	1.581851 
1101639	1.568077 
1101640	1.536693 
1101641	1.495299 
1101642	1.455551 
1101643	1.427509 
1101644	1.417370 
1101645	1.427694 
1101646	1.457823 
1101647	1.504092 
1101648	1.559729 
1101649	1.614716 
1101650	1.657314 
1101651	1.678609 
1101652	1.676864 
1101653	1.657688 
1101654	1.630053 
1101655	1.601977 
1101656	1.578935 
1101657	1.564083 
1101658	1.558596 
1101659	1.561701 
1101660	1.570372 
1101661	1.578675 
1101662	1.577860 
1101663	1.559314 
1101664	1.519776 
1101665	1.464461 
1101666	1.404793 
1101667	1.353017 
1101668	1.318399 
1101669	1.306235 
1101670	1.318059 
1101671	1.351708 
1101672	1.400815 
1101673	1.454550 
1101674	1.499944 
1101675	1.527027 
1101676	1.533793 
1101677	1.526604 
1101678	1.515498 
1101679	1.509154 
1101680	1.512936 
1101681	1.529230 
1101682	1.558077 
1101683	1.597335 
1101684	1.642284 
1101685	1.685106 
1101686	1.715766 
1101687	1.725471 
1101688	1.711150 
1101689	1.677356 
1101690	1.633727 
1101691	1.590396 
1101692	1.555083 
1101693	1.532621 
1101694	1.525255 
1101695	1.532678 
1101696	1.551611 
1101697	1.575057 
1101698	1.592388 
1101699	1.592808 
1101700	1.571362 
1101701	1.532480 
1101702	1.487450 
1101703	1.448321 
1101704	1.423744 
1101705	1.418383 
1101706	1.433464 
1101707	1.467022 
1101708	1.513742 
1101709	1.564523 
1101710	1.607177 
1101711	1.630584 
1101712	1.630454 
1101713	1.611555 
1101714	1.584310 
1101715	1.559142 
1101716	1.543199 
1101717	1.540273 
1101718	1.551483 
1101719	1.575510 
1101720	1.608387 
1101721	1.642856 
1101722	1.668388 
1101723	1.674330 
1101724	1.655468 
1101725	1.615557 
1101726	1.565402 
1101727	1.517228 
1101728	1.480436 
1101729	1.460874 
1101730	1.461129 
1101731	1.480610 
1101732	1.515276 
1101733	1.557120 
1101734	1.594377 
1101735	1.614972 
1101736	1.612859 
1101737	1.591947 
1101738	1.563462 
1101739	1.539531 
1101740	1.528761 
1101741	1.535646 
1101742	1.561276 
1101743	1.603902 
1101744	1.659206 
1101745	1.720117 
1101746	1.776673 
1101747	1.818285 
1101748	1.838208 
1101749	1.836578 
1101750	1.819672 
1101751	1.796012 
1101752	1.772735 
1101753	1.754458 
1101754	1.743598 
1101755	1.740781 
1101756	1.744903 
1101757	1.752828 
1101758	1.758786 
1101759	1.754592 
1101760	1.732534 
1101761	1.689864 
1101762	1.631326 
1101763	1.567309 
1101764	1.509007 
1101765	1.464915 
1101766	1.440283 
1101767	1.437298 
1101768	1.454953 
1101769	1.488610 
1101770	1.529494 
1101771	1.565474 
1101772	1.585401 
1101773	1.585049 
1101774	1.569251 
1101775	1.548177 
1101776	1.531614 
1101777	1.525903 
1101778	1.534026 
1101779	1.556315 
1101780	1.590755 
1101781	1.632881 
1101782	1.675458 
1101783	1.708774 
1101784	1.723297 
1101785	1.714260 
1101786	1.684552 
1101787	1.643063 
1101788	1.600176 
1101789	1.564281 
1101790	1.540862 
1101791	1.532754 
1101792	1.540301 
1101793	1.561069 
1101794	1.589060 
1101795	1.614214 
1101796	1.624771 
1101797	1.613006 
1101798	1.580098 
1101799	1.535641 
1101800	1.492210 
1101801	1.459992 
1101802	1.445159 
1101803	1.450300 
1101804	1.474777 
1101805	1.514612 
1101806	1.561955 
1101807	1.605015 
1101808	1.631125 
1101809	1.632860 
1101810	1.612269 
1101811	1.579243 
1101812	1.545666 
1101813	1.520625 
1101814	1.509378 
1101815	1.513949 
1101816	1.533506 
1101817	1.564291 
1101818	1.599173 
1101819	1.627475 
1101820	1.637223 
1101821	1.620627 
1101822	1.578988 
1101823	1.522219 
1101824	1.463480 
1101825	1.413994 
1101826	1.381141 
1101827	1.368640 
1101828	1.376767 
1101829	1.402051 
1101830	1.436438 
1101831	1.467351 
1101832	1.481704 
1101833	1.473074 
1101834	1.445982 
1101835	1.412812 
1101836	1.386722 
1101837	1.376740 
1101838	1.387124 
1101839	1.418283 
1101840	1.467300 
1101841	1.527921 
1101842	1.590511 
1101843	1.643259 
1101844	1.675906 
1101845	1.684524 
1101846	1.673219 
1101847	1.651019 
1101848	1.627040 
1101849	1.607778 
1101850	1.597030 
1101851	1.596332 
1101852	1.605091 
1101853	1.620320 
1101854	1.636103 
1101855	1.643481 
1101856	1.632829 
1101857	1.598885 
1101858	1.544659 
1101859	1.480370 
1101860	1.418488 
1101861	1.369312 
1101862	1.339475 
1101863	1.331985 
1101864	1.346115 
1101865	1.376795 
1101866	1.413726 
1101867	1.442247 
1101868	1.448845 
1101869	1.428833 
1101870	1.389516 
1101871	1.345640 
1101872	1.311723 
1101873	1.297379 
1101874	1.306925 
1101875	1.340103 
1101876	1.392307 
1101877	1.454275 
1101878	1.512415 
1101879	1.552271 
1101880	1.565036 
1101881	1.552312 
1101882	1.524539 
1101883	1.494666 
1101884	1.472836 
1101885	1.465034 
1101886	1.473672 
1101887	1.498052 
1101888	1.534333 
1101889	1.575057 
1101890	1.609026 
1101891	1.624033 
1101892	1.612871 
1101893	1.578016 
1101894	1.530585 
1101895	1.484438 
1101896	1.450764 
1101897	1.436501 
1101898	1.444633 
1101899	1.474432 
1101900	1.521344 
1101901	1.576627 
1101902	1.627644 
1101903	1.661426 
1101904	1.671024 
1101905	1.659244 
1101906	1.636355 
1101907	1.614172 
1101908	1.601355 
1101909	1.602530 
1101910	1.619104 
1101911	1.649871 
1101912	1.691083 
1101913	1.736153 
1101914	1.775554 
1101915	1.798541 
1101916	1.797341 
1101917	1.771279 
1101918	1.727168 
1101919	1.675565 
1101920	1.626310 
1101921	1.586430 
1101922	1.560072 
1101923	1.548866 
1101924	1.551928 
1101925	1.565308 
1101926	1.581084 
1101927	1.587846 
1101928	1.575014 
1101929	1.539141 
1101930	1.486914 
1101931	1.431650 
1101932	1.386775 
1101933	1.361838 
1101934	1.361839 
1101935	1.387500 
1101936	1.435378 
1101937	1.497730 
1101938	1.562690 
1101939	1.616851 
1101940	1.651009 
1101941	1.664901 
1101942	1.666273 
1101943	1.665346 
1101944	1.669940 
1101945	1.684337 
1101946	1.709911 
1101947	1.745769 
1101948	1.789078 
1101949	1.835097 
1101950	1.876927 
1101951	1.905709 
1101952	1.912886 
1101953	1.894307 
1101954	1.852864 
1101955	1.797151 
1101956	1.737485 
1101957	1.682465 
1101958	1.638008 
1101959	1.607652 
1101960	1.592723 
1101961	1.592055 
1101962	1.601294 
1101963	1.612080 
1101964	1.613180 
1101965	1.595467 
1101966	1.557861 
1101967	1.508483 
1101968	1.459801 
1101969	1.422745 
1101970	1.404022 
1101971	1.406292 
1101972	1.428821 
1101973	1.467671 
1101974	1.515418 
1101975	1.561111 
1101976	1.592199 
1101977	1.599714 
1101978	1.583138 
1101979	1.550164 
1101980	1.511849 
1101981	1.477537 
1101982	1.453034 
1101983	1.441120 
1101984	1.442065 
1101985	1.453623 
1101986	1.470453 
1101987	1.483617 
1101988	1.482449 
1101989	1.459827 
1101990	1.417147 
1101991	1.364166 
1101992	1.313746 
1101993	1.276617 
1101994	1.259365 
1101995	1.264595 
1101996	1.291347 
1101997	1.334969 
1101998	1.386754 
1101999	1.434713 
1102000	1.467429 
1102001	1.479940 
1102002	1.476281 
1102003	1.466169 
1102004	1.459313 
1102005	1.461823 
1102006	1.476305 
1102007	1.502800 
1102008	1.539172 
1102009	1.581157 
1102010	1.622147 
1102011	1.653225 
1102012	1.665404 
1102013	1.653945 
1102014	1.621233 
1102015	1.575486 
1102016	1.526681 
1102017	1.483194 
1102018	1.450730 
1102019	1.432522 
1102020	1.429514 
1102021	1.440073 
1102022	1.459154 
1102023	1.477630 
1102024	1.484142 
1102025	1.470736 
1102026	1.438283 
1102027	1.396267 
1102028	1.357144 
1102029	1.330923 
1102030	1.323390 
1102031	1.336538 
1102032	1.369072 
1102033	1.416611 
1102034	1.471559 
1102035	1.523232 
1102036	1.560726 
1102037	1.578102 
1102038	1.577200 
1102039	1.565789 
1102040	1.552855 
1102041	1.545048 
1102042	1.546196 
1102043	1.557906 
1102044	1.579854 
1102045	1.609715 
1102046	1.642824 
1102047	1.671844 
1102048	1.687869 
1102049	1.684301 
1102050	1.661047 
1102051	1.625010 
1102052	1.586291 
1102053	1.553904 
1102054	1.534064 
1102055	1.530152 
1102056	1.542955 
1102057	1.570648 
1102058	1.608471 
1102059	1.648260 
1102060	1.679177 
1102061	1.691762 
1102062	1.683275 
1102063	1.659320 
1102064	1.630229 
1102065	1.605660 
1102066	1.591981 
1102067	1.592465 
1102068	1.607802 
1102069	1.636186 
1102070	1.673043 
1102071	1.710509 
1102072	1.737679 
1102073	1.743876 
1102074	1.724209 
1102075	1.682689 
1102076	1.629986 
1102077	1.578101 
1102078	1.536289 
1102079	1.510191 
1102080	1.502301 
1102081	1.512128 
1102082	1.535791 
1102083	1.565190 
1102084	1.588018 
1102085	1.591538 
1102086	1.569511 
1102087	1.526534 
1102088	1.475442 
1102089	1.430332 
1102090	1.401531 
1102091	1.394686 
1102092	1.411319 
1102093	1.449116 
1102094	1.501719 
1102095	1.558339 
1102096	1.604978 
1102097	1.629435 
1102098	1.627829 
1102099	1.606631 
1102100	1.578226 
1102101	1.554521 
1102102	1.543523 
1102103	1.549244 
1102104	1.572388 
1102105	1.610675 
1102106	1.658725 
1102107	1.707810 
1102108	1.746581 
1102109	1.764501 
1102110	1.757005 
1102111	1.728090 
1102112	1.687697 
1102113	1.646523 
1102114	1.612609 
1102115	1.590784 
1102116	1.583098 
1102117	1.589074 
1102118	1.605517 
1102119	1.625796 
1102120	1.639461 
1102121	1.634905 
1102122	1.605314 
1102123	1.553460 
1102124	1.490738 
1102125	1.431187 
1102126	1.386244 
1102127	1.363158 
1102128	1.365007 
1102129	1.390776 
1102130	1.435015 
1102131	1.487245 
1102132	1.532861 
1102133	1.558159 
1102134	1.557684 
1102135	1.537438 
1102136	1.510495 
1102137	1.489634 
1102138	1.483285 
1102139	1.495449 
1102140	1.526510 
1102141	1.573718 
1102142	1.631297 
1102143	1.690061 
1102144	1.737842 
1102145	1.763309 
1102146	1.761518 
1102147	1.736446 
1102148	1.698515 
1102149	1.659279 
1102150	1.627463 
1102151	1.608358 
1102152	1.604425 
1102153	1.615557 
1102154	1.638920 
1102155	1.668360 
1102156	1.693997 
1102157	1.704453 
1102158	1.692293 
1102159	1.658669 
1102160	1.612897 
1102161	1.567235 
1102162	1.531675 
1102163	1.512292 
1102164	1.511685 
1102165	1.529399 
1102166	1.561955 
1102167	1.602474 
1102168	1.640572 
1102169	1.664370 
1102170	1.665370 
1102171	1.643094 
1102172	1.605121 
1102173	1.562515 
1102174	1.524956 
1102175	1.498845 
1102176	1.487490 
1102177	1.491408 
1102178	1.508239 
1102179	1.532240 
1102180	1.553877 
1102181	1.561731 
1102182	1.547767 
1102183	1.512466 
1102184	1.464879 
1102185	1.417483 
1102186	1.380823 
1102187	1.361495 
1102188	1.362309 
1102189	1.382668 
1102190	1.418499 
1102191	1.461881 
1102192	1.501347 
1102193	1.525050 
1102194	1.526623 
1102195	1.508910 
1102196	1.481829 
1102197	1.456609 
1102198	1.441399 
1102199	1.440532 
1102200	1.455281 
1102201	1.484303 
1102202	1.523665 
1102203	1.566601 
1102204	1.603761 
1102205	1.625669 
1102206	1.627241 
1102207	1.610806 
1102208	1.584590 
1102209	1.558137 
1102210	1.538838 
1102211	1.531075 
1102212	1.536630 
1102213	1.555018 
1102214	1.583508 
1102215	1.616813 
1102216	1.646832 
1102217	1.664299 
1102218	1.662911 
1102219	1.642814 
1102220	1.610448 
1102221	1.574951 
1102222	1.544259 
1102223	1.523388 
1102224	1.514709 
1102225	1.518426 
1102226	1.532625 
1102227	1.552873 
1102228	1.571897 
1102229	1.580828 
1102230	1.572979 
1102231	1.547845 
1102232	1.511639 
1102233	1.473776 
1102234	1.442607 
1102235	1.423558 
1102236	1.419304 
1102237	1.430135 
1102238	1.453938 
1102239	1.485760 
1102240	1.517410 
1102241	1.538905 
1102242	1.542846 
1102243	1.528689 
1102244	1.503043 
1102245	1.475824 
1102246	1.455686 
1102247	1.447981 
1102248	1.455039 
1102249	1.476724 
1102250	1.510520 
1102251	1.551107 
1102252	1.590096 
1102253	1.617805 
1102254	1.627394 
1102255	1.618647 
1102256	1.598029 
1102257	1.574826 
1102258	1.557070 
1102259	1.550012 
1102260	1.556252 
1102261	1.576048 
1102262	1.607345 
1102263	1.645435 
1102264	1.682638 
1102265	1.709327 
1102266	1.717572 
1102267	1.705462 
1102268	1.678417 
1102269	1.646163 
1102270	1.618108 
1102271	1.600788 
1102272	1.597717 
1102273	1.609791 
1102274	1.635421 
1102275	1.670325 
1102276	1.707201 
1102277	1.736109 
1102278	1.747352 
1102279	1.736184 
1102280	1.705621 
1102281	1.664631 
1102282	1.623564 
1102283	1.590664 
1102284	1.571131 
1102285	1.567371 
1102286	1.579177 
1102287	1.603549 
1102288	1.634103 
1102289	1.660777 
1102290	1.672081 
1102291	1.660460 
1102292	1.627064 
1102293	1.581531 
1102294	1.536742 
1102295	1.503560 
1102296	1.489012 
1102297	1.496393 
1102298	1.525542 
1102299	1.572867 
1102300	1.631014 
1102301	1.688889 
1102302	1.733957 
1102303	1.757422 
1102304	1.758832 
1102305	1.745826 
1102306	1.729225 
1102307	1.718156 
1102308	1.718431 
1102309	1.732814 
1102310	1.761475 
1102311	1.802245 
1102312	1.850688 
1102313	1.899967 
1102314	1.940951 
1102315	1.964033 
1102316	1.963201 
1102317	1.939350 
1102318	1.899791 
1102319	1.854393 
1102320	1.811853 
1102321	1.778412 
1102322	1.757911 
1102323	1.751948 
1102324	1.759847 
1102325	1.778410 
1102326	1.801493 
1102327	1.819911 
1102328	1.823565 
1102329	1.806361 
1102330	1.770130 
1102331	1.723695 
1102332	1.678038 
1102333	1.642070 
1102334	1.621395 
1102335	1.618497 
1102336	1.633036 
1102337	1.661913 
1102338	1.699099 
1102339	1.735407 
1102340	1.759675 
1102341	1.762925 
1102342	1.743086 
1102343	1.706086 
1102344	1.662270 
1102345	1.621571 
1102346	1.591018 
1102347	1.574574 
1102348	1.573506 
1102349	1.586516 
1102350	1.609517 
1102351	1.635133 
1102352	1.653245 
1102353	1.654401 
1102354	1.634925 
1102355	1.599434 
1102356	1.558285 
1102357	1.522371 
1102358	1.499599 
1102359	1.494307 
1102360	1.507714 
1102361	1.538181 
1102362	1.581088 
1102363	1.628577 
1102364	1.670123 
1102365	1.695881 
1102366	1.701436 
1102367	1.689842 
1102368	1.669212 
1102369	1.648285 
1102370	1.633421 
1102371	1.628154 
1102372	1.633684 
1102373	1.649138 
1102374	1.671426 
1102375	1.694797 
1102376	1.710851 
1102377	1.710646 
1102378	1.688892 
1102379	1.647307 
1102380	1.594025 
1102381	1.539618 
1102382	1.493113 
1102383	1.460458 
1102384	1.444664 
1102385	1.445995 
1102386	1.461705 
1102387	1.485371 
1102388	1.506754 
1102389	1.514548 
1102390	1.502095 
1102391	1.471686 
1102392	1.433257 
1102393	1.398738 
1102394	1.377231 
1102395	1.373813 
1102396	1.390068 
1102397	1.424540 
1102398	1.472695 
1102399	1.526481 
1102400	1.574747 
1102401	1.606722 
1102402	1.617194 
1102403	1.609109 
1102404	1.591331 
1102405	1.573749 
1102406	1.563658 
1102407	1.565093 
1102408	1.579444 
1102409	1.605854 
1102410	1.641162 
1102411	1.679500 
1102412	1.712223 
1102413	1.729835 
1102414	1.726178 
1102415	1.702071 
1102416	1.665024 
1102417	1.625124 
1102418	1.590873 
1102419	1.567832 
1102420	1.558847 
1102421	1.564334 
1102422	1.582283 
1102423	1.607970 
1102424	1.633563 
1102425	1.648846 
1102426	1.644935 
1102427	1.619235 
1102428	1.577214 
1102429	1.529195 
1102430	1.485447 
1102431	1.453404 
1102432	1.437204 
1102433	1.437993 
1102434	1.453988 
1102435	1.480057 
1102436	1.507216 
1102437	1.523630 
1102438	1.518971 
1102439	1.490241 
1102440	1.443856 
1102441	1.391821 
1102442	1.345888 
1102443	1.314339 
1102444	1.301546 
1102445	1.308195 
1102446	1.331135 
1102447	1.362770 
1102448	1.391075 
1102449	1.402863 
1102450	1.390348 
1102451	1.356219 
1102452	1.312145 
1102453	1.272243 
1102454	1.247437 
1102455	1.243789 
1102456	1.262934 
1102457	1.302447 
1102458	1.355628 
1102459	1.411385 
1102460	1.456699 
1102461	1.482133 
1102462	1.486782 
1102463	1.478353 
1102464	1.468108 
1102465	1.465346 
1102466	1.475466 
1102467	1.500448 
1102468	1.539553 
1102469	1.589650 
1102470	1.645196 
1102471	1.698200 
1102472	1.739258 
1102473	1.760600 
1102474	1.759780 
1102475	1.740876 
1102476	1.712006 
1102477	1.681504 
1102478	1.655590 
1102479	1.638064 
1102480	1.630672 
1102481	1.633287 
1102482	1.643758 
1102483	1.657446 
1102484	1.666834 
1102485	1.662816 
1102486	1.638673 
1102487	1.594324 
1102488	1.537046 
1102489	1.477895 
1102490	1.427274 
1102491	1.392621 
1102492	1.378084 
1102493	1.384643 
1102494	1.410004 
1102495	1.448143 
1102496	1.488999 
1102497	1.520133 
1102498	1.531730 
1102499	1.521982 
1102500	1.497865 
1102501	1.470577 
1102502	1.450087 
1102503	1.442691 
1102504	1.451201 
1102505	1.475555 
1102506	1.513069 
1102507	1.558327 
1102508	1.602941 
1102509	1.636491 
1102510	1.650164 
1102511	1.641361 
1102512	1.615134 
1102513	1.581190 
1102514	1.549198 
1102515	1.526187 
1102516	1.516331 
1102517	1.521349 
1102518	1.540620 
1102519	1.570952 
1102520	1.606088 
1102521	1.636901 
1102522	1.654078 
1102523	1.652778 
1102524	1.635482 
1102525	1.610278 
1102526	1.586309 
1102527	1.570420 
1102528	1.566414 
1102529	1.575461 
1102530	1.596510 
1102531	1.626407 
1102532	1.659712 
1102533	1.688463 
1102534	1.703519 
1102535	1.698341 
1102536	1.672467 
1102537	1.631810 
1102538	1.585471 
1102539	1.541814 
1102540	1.506794 
1102541	1.483979 
1102542	1.474683 
1102543	1.477856 
1102544	1.489610 
1102545	1.502686 
1102546	1.507450 
1102547	1.495948 
1102548	1.466669 
1102549	1.425971 
1102550	1.384703 
1102551	1.353113 
1102552	1.337912 
1102553	1.342078 
1102554	1.365339 
1102555	1.404290 
1102556	1.452166 
1102557	1.499079 
1102558	1.534409 
1102559	1.551260 
1102560	1.549904 
1102561	1.537032 
1102562	1.521539 
1102563	1.510676 
1102564	1.508823 
1102565	1.517850 
1102566	1.537536 
1102567	1.565613 
1102568	1.597379 
1102569	1.625379 
1102570	1.640736 
1102571	1.636903 
1102572	1.613441 
1102573	1.576574 
1102574	1.535870 
1102575	1.500128 
1102576	1.475526 
1102577	1.465495 
1102578	1.470927 
1102579	1.490184 
1102580	1.518766 
1102581	1.548955 
1102582	1.570905 
1102583	1.576473 
1102584	1.563625 
1102585	1.537522 
1102586	1.507247 
1102587	1.481309 
1102588	1.465323 
1102589	1.462002 
1102590	1.471618 
1102591	1.492186 
1102592	1.519252 
1102593	1.545585 
1102594	1.561843 
1102595	1.559712 
1102596	1.536296 
1102597	1.496066 
1102598	1.448427 
1102599	1.403285 
1102600	1.368145 
1102601	1.347570 
1102602	1.343394 
1102603	1.354729 
1102604	1.377492 
1102605	1.403721 
1102606	1.422428 
1102607	1.423893 
1102608	1.405366 
1102609	1.373153 
1102610	1.338907 
1102611	1.313810 
1102612	1.305286 
1102613	1.316730 
1102614	1.347991 
1102615	1.395576 
1102616	1.452477 
1102617	1.508311 
1102618	1.551810 
1102619	1.575727 
1102620	1.580283 
1102621	1.572282 
1102622	1.560899 
1102623	1.553612 
1102624	1.554832 
1102625	1.566342 
1102626	1.587809 
1102627	1.616903 
1102628	1.649059 
1102629	1.677274 
1102630	1.693113 
1102631	1.689880 
1102632	1.666358 
1102633	1.627854 
1102634	1.583547 
1102635	1.542523 
1102636	1.511491 
1102637	1.494490 
1102638	1.493097 
1102639	1.506386 
1102640	1.530468 
1102641	1.557880 
1102642	1.578382 
1102643	1.582867 
1102644	1.568237 
1102645	1.539185 
1102646	1.505294 
1102647	1.476230 
1102648	1.458658 
1102649	1.455906 
1102650	1.468518 
1102651	1.494452 
1102652	1.528802 
1102653	1.563402 
1102654	1.587914 
1102655	1.593499 
1102656	1.577298 
1102657	1.544150 
1102658	1.503886 
1102659	1.466632 
1102660	1.439738 
1102661	1.427346 
1102662	1.430890 
1102663	1.449294 
1102664	1.478703 
1102665	1.511959 
1102666	1.539213 
1102667	1.551453 
1102668	1.545422 
1102669	1.525727 
1102670	1.502064 
1102671	1.484065 
1102672	1.478179 
1102673	1.487485 
1102674	1.512359 
1102675	1.550823 
1102676	1.598523 
1102677	1.648512 
1102678	1.691606 
1102679	1.718705 
1102680	1.724648 
1102681	1.710796 
1102682	1.683843 
1102683	1.652133 
1102684	1.622654 
1102685	1.600163 
1102686	1.587327 
1102687	1.584864 
1102688	1.591464 
1102689	1.603387 
1102690	1.613975 
1102691	1.614559 
1102692	1.598077 
1102693	1.563444 
1102694	1.516914 
1102695	1.469064 
1102696	1.430031 
1102697	1.406672 
1102698	1.402316 
1102699	1.417185 
1102700	1.448470 
1102701	1.489991 
1102702	1.532145 
1102703	1.564002 
1102704	1.577787 
1102705	1.572735 
1102706	1.554931 
1102707	1.533333 
1102708	1.515655 
1102709	1.506798 
1102710	1.509038 
1102711	1.522404 
1102712	1.544712 
1102713	1.571389 
1102714	1.595262 
1102715	1.607644 
1102716	1.601820 
1102717	1.576997 
1102718	1.539187 
1102719	1.498116 
1102720	1.463088 
1102721	1.440693 
1102722	1.434519 
1102723	1.445445 
1102724	1.471736 
1102725	1.508810 
1102726	1.548922 
1102727	1.582285 
1102728	1.600864 
1102729	1.602505 
1102730	1.591729 
1102731	1.576638 
1102732	1.564801 
1102733	1.561114 
1102734	1.567853 
1102735	1.585205 
1102736	1.611487 
1102737	1.642994 
1102738	1.673715 
1102739	1.695659 
1102740	1.701046 
1102741	1.686038 
1102742	1.653166 
1102743	1.610077 
1102744	1.565776 
1102745	1.527594 
1102746	1.500344 
1102747	1.486509 
1102748	1.486359 
1102749	1.497722 
1102750	1.515456 
1102751	1.531183 
1102752	1.535143 
1102753	1.520866 
1102754	1.489438 
1102755	1.449114 
1102756	1.410765 
1102757	1.383438 
1102758	1.372689 
1102759	1.380756 
1102760	1.406923 
1102761	1.447526 
1102762	1.495706 
1102763	1.541719 
1102764	1.575322 
1102765	1.590242 
1102766	1.587489 
1102767	1.574256 
1102768	1.559505 
1102769	1.550289 
1102770	1.550816 
1102771	1.562873 
1102772	1.586228 
1102773	1.618786 
1102774	1.656449 
1102775	1.692817 
1102776	1.719750 
1102777	1.730264 
1102778	1.722221 
1102779	1.699564 
1102780	1.670050 
1102781	1.641499 
1102782	1.619469 
1102783	1.607081 
1102784	1.605442 
1102785	1.613857 
1102786	1.629684 
1102787	1.647934 
1102788	1.661334 
1102789	1.662390 
1102790	1.647010 
1102791	1.617003 
1102792	1.579134 
1102793	1.541548 
1102794	1.510721 
1102795	1.490654 
1102796	1.483182 
1102797	1.488239 
1102798	1.503814 
1102799	1.525578 
1102800	1.546702 
1102801	1.559309 
1102802	1.557976 
1102803	1.542896 
1102804	1.519804 
1102805	1.496714 
1102806	1.480452 
1102807	1.475267 
1102808	1.483029 
1102809	1.503585 
1102810	1.534831 
1102811	1.572516 
1102812	1.610122 
1102813	1.639842 
1102814	1.655526 
1102815	1.655986 
1102816	1.645549 
1102817	1.631299 
1102818	1.619707 
1102819	1.615081 
1102820	1.619672 
1102821	1.634014 
1102822	1.657045 
1102823	1.685976 
1102824	1.715995 
1102825	1.740386 
1102826	1.752278 
1102827	1.747921 
1102828	1.728916 
1102829	1.701237 
1102830	1.672072 
1102831	1.647330 
1102832	1.630903 
1102833	1.624792 
1102834	1.629228 
1102835	1.642621 
1102836	1.661288 
1102837	1.679229 
1102838	1.688974 
1102839	1.684433 
1102840	1.664276 
1102841	1.632795 
1102842	1.597381 
1102843	1.565075 
1102844	1.540797 
1102845	1.527247 
1102846	1.525203 
1102847	1.533646 
1102848	1.549560 
1102849	1.567595 
1102850	1.580235 
1102851	1.579903 
1102852	1.562706 
1102853	1.530873 
1102854	1.491501 
1102855	1.452895 
1102856	1.421756 
1102857	1.402391 
1102858	1.396884 
1102859	1.405221 
1102860	1.425075 
1102861	1.451293 
1102862	1.475854 
1102863	1.490062 
1102864	1.488873 
1102865	1.474093 
1102866	1.453281 
1102867	1.435494 
1102868	1.427745 
1102869	1.434044 
1102870	1.455773 
1102871	1.492014 
1102872	1.539481 
1102873	1.592256 
1102874	1.641914 
1102875	1.679423 
1102876	1.698876 
1102877	1.700486 
1102878	1.689957 
1102879	1.674941 
1102880	1.661892 
1102881	1.655075 
1102882	1.656735 
1102883	1.667299 
1102884	1.685405 
1102885	1.707653 
1102886	1.728315 
1102887	1.739902 
1102888	1.735867 
1102889	1.714363 
1102890	1.679794 
1102891	1.640604 
1102892	1.605499 
1102893	1.580933 
1102894	1.570621 
1102895	1.575821 
1102896	1.595435 
1102897	1.625701 
1102898	1.659673 
1102899	1.687655 
1102900	1.700269 
1102901	1.692997 
1102902	1.668673 
1102903	1.635717 
1102904	1.603737 
1102905	1.580101 
1102906	1.569118 
1102907	1.572453 
1102908	1.589384 
1102909	1.616673 
1102910	1.648093 
1102911	1.674510 
1102912	1.686244 
1102913	1.677529 
1102914	1.649889 
1102915	1.611392 
1102916	1.572483 
1102917	1.541945 
1102918	1.525432 
1102919	1.525675 
1102920	1.542744 
1102921	1.573913 
1102922	1.613227 
1102923	1.651414 
1102924	1.677811 
1102925	1.684903 
1102926	1.672465 
1102927	1.647545 
1102928	1.620285 
1102929	1.599444 
1102930	1.590668 
1102931	1.596631 
1102932	1.617417 
1102933	1.650646 
1102934	1.691358 
1102935	1.731806 
1102936	1.762183 
1102937	1.773756 
1102938	1.763198 
1102939	1.734452 
1102940	1.696347 
1102941	1.658304 
1102942	1.627625 
1102943	1.608971 
1102944	1.604507 
1102945	1.613962 
1102946	1.634401 
1102947	1.659727 
1102948	1.680476 
1102949	1.685912 
1102950	1.668890 
1102951	1.630076 
1102952	1.577951 
1102953	1.524525 
1102954	1.480274 
1102955	1.452067 
1102956	1.443334 
1102957	1.454321 
1102958	1.481996 
1102959	1.519621 
1102960	1.556628 
1102961	1.580839 
1102962	1.583813 
1102963	1.565705 
1102964	1.535078 
1102965	1.503801 
1102966	1.481796 
1102967	1.475089 
1102968	1.486131 
1102969	1.514348 
1102970	1.556384 
1102971	1.605995 
1102972	1.653956 
1102973	1.689666 
1102974	1.705476 
1102975	1.700542 
1102976	1.680843 
1102977	1.655455 
1102978	1.632414 
1102979	1.617015 
1102980	1.612031 
1102981	1.618130 
1102982	1.633986 
1102983	1.656039 
1102984	1.678110 
1102985	1.691786 
1102986	1.689150 
1102987	1.667066 
1102988	1.629396 
1102989	1.584952 
1102990	1.543138 
1102991	1.511041 
1102992	1.492915 
1102993	1.490404 
1102994	1.502650 
1102995	1.526068 
1102996	1.553896 
1102997	1.576472 
1102998	1.584176 
1102999	1.572386 
1103000	1.544317 
1103001	1.508841 
1103002	1.475603 
1103003	1.451645 
1103004	1.440916 
1103005	1.444689 
1103006	1.461788 
1103007	1.488378 
1103008	1.517510 
1103009	1.539359 
1103010	1.544184 
1103011	1.527437 
1103012	1.492822 
1103013	1.450201 
1103014	1.410521 
1103015	1.382173 
1103016	1.370190 
1103017	1.376480 
1103018	1.399929 
1103019	1.436100 
1103020	1.476777 
1103021	1.510664 
1103022	1.527274 
1103023	1.522576 
1103024	1.501476 
1103025	1.474579 
1103026	1.452539 
1103027	1.442715 
1103028	1.448841 
1103029	1.471567 
1103030	1.508773 
1103031	1.555588 
1103032	1.604273 
1103033	1.644803 
1103034	1.667717 
1103035	1.668570 
1103036	1.650340 
1103037	1.621385 
1103038	1.590945 
1103039	1.566060 
1103040	1.550995 
1103041	1.547623 
1103042	1.555621 
1103043	1.572432 
1103044	1.592937 
1103045	1.609325 
1103046	1.612861 
1103047	1.598018 
1103048	1.566029 
1103049	1.524417 
1103050	1.482908 
1103051	1.449528 
1103052	1.429312 
1103053	1.424598 
1103054	1.435355 
1103055	1.459183 
1103056	1.490987 
1103057	1.522816 
1103058	1.545572 
1103059	1.553164 
1103060	1.546020 
1103061	1.530567 
1103062	1.515281 
1103063	1.506928 
1103064	1.509421 
1103065	1.524254 
1103066	1.550903 
1103067	1.586891 
1103068	1.627568 
1103069	1.665947 
1103070	1.693857 
1103071	1.705095 
1103072	1.698689 
1103073	1.679351 
1103074	1.654686 
1103075	1.631731 
1103076	1.615354 
1103077	1.608308 
1103078	1.611562 
1103079	1.624383 
1103080	1.644149 
1103081	1.665919 
1103082	1.682498 
1103083	1.686484 
1103084	1.674126 
1103085	1.647901 
1103086	1.615334 
1103087	1.585164 
1103088	1.564202 
1103089	1.556455 
1103090	1.563436 
1103091	1.584464 
1103092	1.616623 
1103093	1.654460 
1103094	1.689801 
1103095	1.713310 
1103096	1.718237 
1103097	1.703881 
1103098	1.675733 
1103099	1.642215 
1103100	1.610987 
1103101	1.587291 
1103102	1.574020 
1103103	1.572006 
1103104	1.579990 
1103105	1.594197 
1103106	1.607747 
1103107	1.611387 
1103108	1.596999 
1103109	1.562255 
1103110	1.512564 
1103111	1.458384 
1103112	1.410312 
1103113	1.375955 
1103114	1.359519 
1103115	1.362136 
1103116	1.381912 
1103117	1.413624 
1103118	1.448358 
1103119	1.474716 
1103120	1.483198 
1103121	1.471404 
1103122	1.445271 
1103123	1.415111 
1103124	1.390395 
1103125	1.377293 
1103126	1.378751 
1103127	1.395003 
1103128	1.423696 
1103129	1.459617 
1103130	1.494388 
1103131	1.517667 
1103132	1.521182 
1103133	1.503389 
1103134	1.470430 
1103135	1.432409 
1103136	1.398703 
1103137	1.375777 
1103138	1.367100 
1103139	1.373412 
1103140	1.392635 
1103141	1.419427 
1103142	1.444838 
1103143	1.458010 
1103144	1.451026 
1103145	1.423857 
1103146	1.384630 
1103147	1.344910 
1103148	1.314615 
1103149	1.299965 
1103150	1.303583 
1103151	1.324814 
1103152	1.359620 
1103153	1.400198 
1103154	1.435377 
1103155	1.453951 
1103156	1.450372 
1103157	1.428145 
1103158	1.397494 
1103159	1.369629 
1103160	1.352726 
1103161	1.351180 
1103162	1.366142 
1103163	1.395881 
1103164	1.435711 
1103165	1.477726 
1103166	1.511392 
1103167	1.526849 
1103168	1.520010 
1103169	1.495164 
1103170	1.462423 
1103171	1.432512 
1103172	1.413369 
1103173	1.409509 
1103174	1.422435 
1103175	1.450903 
1103176	1.490828 
1103177	1.535006 
1103178	1.573614 
1103179	1.597129 
1103180	1.601100 
1103181	1.588798 
1103182	1.569006 
1103183	1.551175 
1103184	1.542140 
1103185	1.545606 
1103186	1.562642 
1103187	1.592081 
1103188	1.630584 
1103189	1.672465 
1103190	1.709693 
1103191	1.733421 
1103192	1.737620 
1103193	1.722385 
1103194	1.693763 
1103195	1.660273 
1103196	1.629383 
1103197	1.606218 
1103198	1.593655 
1103199	1.592533 
1103200	1.601634 
1103201	1.617392 
1103202	1.633513 
1103203	1.641556 
1103204	1.633969 
1103205	1.608476 
1103206	1.569959 
1103207	1.527854 
1103208	1.491679 
1103209	1.468325 
1103210	1.461618 
1103211	1.472614 
1103212	1.499762 
1103213	1.538752 
1103214	1.582301 
1103215	1.620856 
1103216	1.645624 
1103217	1.652841 
1103218	1.645701 
1103219	1.632005 
1103220	1.619866 
1103221	1.615058 
1103222	1.620776 
1103223	1.638070 
1103224	1.666099 
1103225	1.702121 
1103226	1.741251 
1103227	1.776329 
1103228	1.799183 
1103229	1.804001 
1103230	1.790587 
1103231	1.764531 
1103232	1.734113 
1103233	1.706819 
1103234	1.687893 
1103235	1.680342 
1103236	1.685110 
1103237	1.701114 
1103238	1.725108 
1103239	1.751446 
1103240	1.772315 
1103241	1.779834 
1103242	1.769848 
1103243	1.744370 
1103244	1.710323 
1103245	1.675802 
1103246	1.647205 
1103247	1.628465 
1103248	1.621316 
1103249	1.625607 
1103250	1.639334 
1103251	1.658435 
1103252	1.676491 
1103253	1.685605 
1103254	1.679592 
1103255	1.657488 
1103256	1.624194 
1103257	1.587746 
1103258	1.555654 
1103259	1.532900 
1103260	1.522022 
1103261	1.523621 
1103262	1.536526 
1103263	1.557649 
1103264	1.581686 
1103265	1.601236 
1103266	1.608770 
1103267	1.600434 
1103268	1.578309 
1103269	1.549110 
1103270	1.520536 
1103271	1.498420 
1103272	1.486244 
1103273	1.485576 
1103274	1.496301 
1103275	1.516558 
1103276	1.542387 
1103277	1.567461 
1103278	1.584170 
1103279	1.586911 
1103280	1.575409 
1103281	1.554984 
1103282	1.533430 
1103283	1.517475 
1103284	1.511361 
1103285	1.517057 
1103286	1.534680 
1103287	1.562671 
1103288	1.597663 
1103289	1.634127 
1103290	1.664707 
1103291	1.682627 
1103292	1.684930 
1103293	1.673856 
1103294	1.655257 
1103295	1.635523 
1103296	1.619365 
1103297	1.609475 
1103298	1.606999 
1103299	1.611758 
1103300	1.622144 
1103301	1.634802 
1103302	1.644332 
1103303	1.644099 
1103304	1.629036 
1103305	1.598830 
1103306	1.558561 
1103307	1.516264 
1103308	1.479538 
1103309	1.453704 
1103310	1.441797 
1103311	1.444789 
1103312	1.461506 
1103313	1.488198 
1103314	1.518073 
1103315	1.542115 
1103316	1.552442 
1103317	1.546595 
1103318	1.528918 
1103319	1.507634 
1103320	1.490598 
1103321	1.483110 
1103322	1.487838 
1103323	1.505229 
1103324	1.533650 
1103325	1.569265 
1103326	1.605752 
1103327	1.634859 
1103328	1.649021 
1103329	1.645045 
1103330	1.625854 
1103331	1.598626 
1103332	1.571130 
1103333	1.549310 
1103334	1.536852 
1103335	1.535445 
1103336	1.544924 
1103337	1.563117 
1103338	1.585461 
1103339	1.604884 
1103340	1.613308 
1103341	1.605339 
1103342	1.581592 
1103343	1.548509 
1103344	1.514868 
1103345	1.488142 
1103346	1.473100 
1103347	1.471966 
1103348	1.484677 
1103349	1.508885 
1103350	1.539738 
1103351	1.569830 
1103352	1.590458 
1103353	1.595030 
1103354	1.582586 
1103355	1.558156 
1103356	1.529635 
1103357	1.504202 
1103358	1.486632 
1103359	1.479322 
1103360	1.482688 
1103361	1.495314 
1103362	1.513782 
1103363	1.532323 
1103364	1.543173 
1103365	1.539108 
1103366	1.517496 
1103367	1.482335 
1103368	1.442268 
1103369	1.406350 
1103370	1.381236 
1103371	1.370830 
1103372	1.376604 
1103373	1.397680 
1103374	1.430586 
1103375	1.468827 
1103376	1.503233 
1103377	1.524842 
1103378	1.529542 
1103379	1.520466 
1103380	1.505716 
1103381	1.493789 
1103382	1.490606 
1103383	1.499199 
1103384	1.520271 
1103385	1.552583 
1103386	1.592936 
1103387	1.635775 
1103388	1.673020 
1103389	1.696009 
1103390	1.699158 
1103391	1.682719 
1103392	1.652456 
1103393	1.616475 
1103394	1.581831 
1103395	1.553319 
1103396	1.533764 
1103397	1.524310 
1103398	1.524394 
1103399	1.531396 
1103400	1.540035 
1103401	1.542540 
1103402	1.531485 
1103403	1.504178 
1103404	1.464925 
1103405	1.423068 
1103406	1.388605 
1103407	1.368748 
1103408	1.367341 
1103409	1.385331 
1103410	1.420958 
1103411	1.469597 
1103412	1.523627 
1103413	1.573406 
1103414	1.610286 
1103415	1.630469 
1103416	1.636500 
1103417	1.634953 
1103418	1.632667 
1103419	1.634454 
1103420	1.642859 
1103421	1.658621 
1103422	1.680939 
1103423	1.707424 
1103424	1.733763 
1103425	1.753690 
1103426	1.760507 
1103427	1.750170 
1103428	1.723880 
1103429	1.687874 
1103430	1.650388 
1103431	1.618614 
1103432	1.597599 
1103433	1.590225 
1103434	1.597313 
1103435	1.617600 
1103436	1.647447 
1103437	1.680472 
1103438	1.708308 
1103439	1.723744 
1103440	1.724522 
1103441	1.714459 
1103442	1.700936 
1103443	1.691094 
1103444	1.689651 
1103445	1.698848 
1103446	1.718938 
1103447	1.748449 
1103448	1.784163 
1103449	1.820917 
1103450	1.851696 
1103451	1.869106 
1103452	1.868485 
1103453	1.850484 
1103454	1.820633 
1103455	1.786317 
1103456	1.753927 
1103457	1.727872 
1103458	1.710736 
1103459	1.703447 
1103460	1.705238 
1103461	1.713315 
1103462	1.722413 
1103463	1.725300 
1103464	1.715523 
1103465	1.691166 
1103466	1.656409 
1103467	1.619372 
1103468	1.588189 
1103469	1.568547 
1103470	1.563428 
1103471	1.573498 
1103472	1.597361 
1103473	1.631619 
1103474	1.670724 
1103475	1.707093 
1103476	1.733119 
1103477	1.744672 
1103478	1.742971 
1103479	1.733350 
1103480	1.722018 
1103481	1.713618 
1103482	1.710863 
1103483	1.714924 
1103484	1.725686 
1103485	1.741818 
1103486	1.760615 
1103487	1.777606 
1103488	1.786705 
1103489	1.782216 
1103490	1.761943 
1103491	1.728731 
1103492	1.688986 
1103493	1.649598 
1103494	1.616008 
1103495	1.591791 
1103496	1.578820 
1103497	1.577357 
1103498	1.585934 
1103499	1.600955 
1103500	1.616280 
1103501	1.624050 
1103502	1.617931 
1103503	1.596881 
1103504	1.565931 
1103505	1.533190 
1103506	1.506025 
1103507	1.489320 
1103508	1.485545 
1103509	1.495099 
1103510	1.516412 
1103511	1.545739 
1103512	1.576748 
1103513	1.600949 
1103514	1.610447 
1103515	1.601969 
1103516	1.578774 
1103517	1.548595 
1103518	1.519697 
1103519	1.498216 
1103520	1.487722 
1103521	1.489682 
1103522	1.503713 
1103523	1.527402 
1103524	1.555792 
1103525	1.581351 
1103526	1.596000 
1103527	1.594995 
1103528	1.579879 
1103529	1.557622 
1103530	1.536742 
1103531	1.523915 
1103532	1.523087 
1103533	1.535828 
1103534	1.561671 
1103535	1.598225 
1103536	1.641114 
1103537	1.683927 
1103538	1.719097 
1103539	1.740706 
1103540	1.747452 
1103541	1.742958 
1103542	1.733264 
1103543	1.723840 
1103544	1.718288 
1103545	1.718475 
1103546	1.724898 
1103547	1.736845 
1103548	1.752312 
1103549	1.767721 
1103550	1.777900 
1103551	1.777287 
1103552	1.762558 
1103553	1.734809 
1103554	1.699178 
1103555	1.662284 
1103556	1.629765 
1103557	1.605357 
1103558	1.591018 
1103559	1.587158 
1103560	1.592681 
1103561	1.604720 
1103562	1.618284 
1103563	1.626954 
1103564	1.625548 
1103565	1.613175 
1103566	1.593940 
1103567	1.574515 
1103568	1.560860 
1103569	1.556753 
1103570	1.563999 
1103571	1.582834 
1103572	1.612048 
1103573	1.648779 
1103574	1.688100 
1103575	1.723094 
1103576	1.746904 
1103577	1.756116 
1103578	1.752646 
1103579	1.742329 
1103580	1.731605 
1103581	1.725279 
1103582	1.726242 
1103583	1.735801 
1103584	1.753830 
1103585	1.778706 
1103586	1.807025 
1103587	1.833334 
1103588	1.850674 
1103589	1.853071 
1103590	1.838783 
1103591	1.811512 
1103592	1.778350 
1103593	1.746519 
1103594	1.721416 
1103595	1.706315 
1103596	1.702597 
1103597	1.709912 
1103598	1.726058 
1103599	1.746632 
1103600	1.764833 
1103601	1.772768 
1103602	1.764821 
1103603	1.740881 
1103604	1.706461 
1103605	1.669579 
1103606	1.637320 
1103607	1.614403 
1103608	1.603327 
1103609	1.604740 
1103610	1.617481 
1103611	1.638280 
1103612	1.661267 
1103613	1.678217 
1103614	1.681041 
1103615	1.665984 
1103616	1.636039 
1103617	1.599214 
1103618	1.564393 
1103619	1.538388 
1103620	1.525309 
1103621	1.526878 
1103622	1.542610 
1103623	1.569707 
1103624	1.602657 
1103625	1.633176 
1103626	1.652110 
1103627	1.653664 
1103628	1.638863 
1103629	1.614732 
1103630	1.590062 
1103631	1.571751 
1103632	1.563877 
1103633	1.568141 
1103634	1.584252 
1103635	1.610005 
1103636	1.640966 
1103637	1.670115 
1103638	1.688703 
1103639	1.689647 
1103640	1.671512 
1103641	1.639387 
1103642	1.601826 
1103643	1.566883 
1103644	1.540247 
1103645	1.525239 
1103646	1.523088 
1103647	1.532940 
1103648	1.551495 
1103649	1.572477 
1103650	1.586949 
1103651	1.586292 
1103652	1.566855 
1103653	1.532364 
1103654	1.491625 
1103655	1.453927 
1103656	1.426073 
1103657	1.411926 
1103658	1.412767 
1103659	1.427462 
1103660	1.452232 
1103661	1.480234 
1103662	1.501951 
1103663	1.508202 
1103664	1.494835 
1103665	1.465264 
1103666	1.428333 
1103667	1.393695 
1103668	1.368623 
1103669	1.357389 
1103670	1.361655 
1103671	1.380730 
1103672	1.411378 
1103673	1.447251 
1103674	1.479148 
1103675	1.498104 
1103676	1.499837 
1103677	1.487153 
1103678	1.468077 
1103679	1.451493 
1103680	1.443809 
1103681	1.448379 
1103682	1.466086 
1103683	1.495733 
1103684	1.534022 
1103685	1.575299 
1103686	1.611582 
1103687	1.634374 
1103688	1.638491 
1103689	1.624904 
1103690	1.599963 
1103691	1.571808 
1103692	1.547078 
1103693	1.529939 
1103694	1.522490 
1103695	1.525094 
1103696	1.536267 
1103697	1.552243 
1103698	1.566449 
1103699	1.570507 
1103700	1.557893 
1103701	1.528178 
1103702	1.487855 
1103703	1.446841 
1103704	1.414129 
1103705	1.395729 
1103706	1.394638 
1103707	1.411170 
1103708	1.443034 
1103709	1.485064 
1103710	1.528913 
1103711	1.564170 
1103712	1.582422 
1103713	1.581663 
1103714	1.566984 
1103715	1.547106 
1103716	1.530029 
1103717	1.520859 
1103718	1.522037 
1103719	1.533962 
1103720	1.555221 
1103721	1.582360 
1103722	1.609455 
1103723	1.628268 
1103724	1.630589 
1103725	1.612426 
1103726	1.576806 
1103727	1.532342 
1103728	1.488973 
1103729	1.454730 
1103730	1.434848 
1103731	1.431931 
1103732	1.446025 
1103733	1.474324 
1103734	1.510595 
1103735	1.545178 
1103736	1.567507 
1103737	1.571115 
1103738	1.557357 
1103739	1.534166 
1103740	1.511171 
1103741	1.495686 
1103742	1.491801 
1103743	1.500894 
1103744	1.522106 
1103745	1.552463 
1103746	1.586552 
1103747	1.616171 
1103748	1.631735 
1103749	1.626215 
1103750	1.598911 
1103751	1.555934 
1103752	1.506980 
1103753	1.461038 
1103754	1.424391 
1103755	1.400809 
1103756	1.391862 
1103757	1.396749 
1103758	1.411682 
1103759	1.429095 
1103760	1.438434 
1103761	1.430543 
1103762	1.403421 
1103763	1.364146 
1103764	1.324949 
1103765	1.297347 
1103766	1.288862 
1103767	1.302758 
1103768	1.338556 
1103769	1.392193 
1103770	1.455878 
1103771	1.518508 
1103772	1.568366 
1103773	1.597986 
1103774	1.607769 
1103775	1.604830 
1103776	1.598276 
1103777	1.595163 
1103778	1.599497 
1103779	1.612819 
1103780	1.634690 
1103781	1.662805 
1103782	1.692779 
1103783	1.717887 
1103784	1.729838 
1103785	1.721825 
1103786	1.692512 
1103787	1.647381 
1103788	1.596132 
1103789	1.548524 
1103790	1.511717 
1103791	1.489991 
1103792	1.485281 
1103793	1.497228 
1103794	1.522812 
1103795	1.555751 
1103796	1.586489 
1103797	1.604769 
1103798	1.604785 
1103799	1.588658 
1103800	1.564689 
1103801	1.542371 
1103802	1.528682 
1103803	1.527441 
1103804	1.539878 
1103805	1.565059 
1103806	1.599969 
1103807	1.639316 
1103808	1.675188 
1103809	1.697928 
1103810	1.699810 
1103811	1.679322 
1103812	1.642045 
1103813	1.597297 
1103814	1.553796 
1103815	1.517716 
1103816	1.492826 
1103817	1.480780 
1103818	1.481069 
1103819	1.490568 
1103820	1.502748 
1103821	1.507857 
1103822	1.496463 
1103823	1.465199 
1103824	1.419701 
1103825	1.371656 
1103826	1.332926 
1103827	1.311742 
1103828	1.312322 
1103829	1.335414 
1103830	1.378473 
1103831	1.435481 
1103832	1.496737 
1103833	1.550137 
1103834	1.585905 
1103835	1.601503 
1103836	1.602191 
1103837	1.596970 
1103838	1.593701 
1103839	1.597252 
1103840	1.609841 
1103841	1.631533 
1103842	1.660455 
1103843	1.692718 
1103844	1.722029 
1103845	1.739682 
1103846	1.736844 
1103847	1.709095 
1103848	1.659609 
1103849	1.597933 
1103850	1.535535 
1103851	1.482200 
1103852	1.444741 
1103853	1.426969 
1103854	1.429660 
1103855	1.450060 
1103856	1.480920 
1103857	1.510277 
1103858	1.524983 
1103859	1.517752 
1103860	1.491986 
1103861	1.459509 
1103862	1.433648 
1103863	1.423835 
1103864	1.434613 
1103865	1.466569 
1103866	1.517019 
1103867	1.580113 
1103868	1.646750 
1103869	1.705457 
1103870	1.745570 
1103871	1.761907 
1103872	1.757202 
1103873	1.739852 
1103874	1.719211 
1103875	1.702352 
1103876	1.693486 
1103877	1.694551 
1103878	1.705647 
1103879	1.725030 
1103880	1.748706 
1103881	1.770008 
1103882	1.780416 
1103883	1.772944 
1103884	1.746393 
1103885	1.706716 
1103886	1.664057 
1103887	1.628314 
1103888	1.606626 
1103889	1.603008 
1103890	1.618647 
1103891	1.652098 
1103892	1.699239 
1103893	1.753119 
1103894	1.804306 
1103895	1.843077 
1103896	1.863332 
1103897	1.865443 
1103898	1.855247 
1103899	1.840281 
1103900	1.826655 
1103901	1.818145 
1103902	1.816552 
1103903	1.822064 
1103904	1.833314 
1103905	1.847117 
1103906	1.857938 
1103907	1.857809 
1103908	1.838196 
1103909	1.794104 
1103910	1.727606 
1103911	1.647504 
1103912	1.565528 
1103913	1.492366 
1103914	1.435727 
1103915	1.400294 
1103916	1.387776 
1103917	1.396278 
1103918	1.419077 
1103919	1.443568 
1103920	1.453988 
1103921	1.439495 
1103922	1.401536 
1103923	1.353049 
1103924	1.310428 
1103925	1.286115 
1103926	1.286520 
1103927	1.312921 
1103928	1.362219 
1103929	1.427070 
1103930	1.495770 
1103931	1.553600 
1103932	1.587684 
1103933	1.593317 
1103934	1.575946 
1103935	1.546848 
1103936	1.516929 
1103937	1.493632 
1103938	1.481012 
1103939	1.480421 
1103940	1.490730 
1103941	1.508100 
1103942	1.525309 
1103943	1.532071 
1103944	1.518737 
1103945	1.482035 
1103946	1.428026 
1103947	1.369130 
1103948	1.317996 
1103949	1.283671 
1103950	1.271160 
1103951	1.281785 
1103952	1.313219 
1103953	1.359118 
1103954	1.408867 
1103955	1.449448 
1103956	1.470996 
1103957	1.472248 
1103958	1.460554 
1103959	1.446510 
1103960	1.438637 
1103961	1.441720 
1103962	1.457439 
1103963	1.485134 
1103964	1.522101 
1103965	1.563449 
1103966	1.601544 
1103967	1.626714 
1103968	1.630923 
1103969	1.612090 
1103970	1.575390 
1103971	1.530249 
1103972	1.485800 
1103973	1.448616 
1103974	1.422724 
1103975	1.409898 
1103976	1.409599 
1103977	1.418391 
1103978	1.428941 
1103979	1.430551 
1103980	1.413612 
1103981	1.375515 
1103982	1.323248 
1103983	1.269715 
1103984	1.227197 
1103985	1.203893 
1103986	1.203691 
1103987	1.226641 
1103988	1.268969 
1103989	1.322500 
1103990	1.374910 
1103991	1.412961 
1103992	1.428345 
1103993	1.422134 
1103994	1.403206 
1103995	1.382527 
1103996	1.368584 
1103997	1.366125 
1103998	1.376745 
1103999	1.399301 
1104000	1.429709 
1104001	1.460248 
1103501	1.624050 
1103502	1.617931 
1103503	1.596881 
1103504	1.565931 
1103505	1.533190 
1103506	1.506025 
1103507	1.489320 
1103508	1.485545 
1103509	1.495099 
1103510	1.516412 
1103511	1.545739 
1103512	1.576748 
1103513	1.600949 
1103514	1.610447 
1103515	1.601969 
1103516	1.578774 
1103517	1.548595 
1103518	1.519697 
1103519	1.498216 
1103520	1.487722 
1103521	1.489682 
1103522	1.503713 
1103523	1.527402 
1103524	1.555792 
1103525	1.581351 
1103526	1.596000 
1103527	1.594995 
1103528	1.579879 
1103529	1.557622 
1103530	1.536742 
1103531	1.523915 
1103532	1.523087 
1103533	1.535828 
1103534	1.561671 
1103535	1.598225 
1103536	1.641114 
1103537	1.683927 
1103538	1.719097 
1103539	1.740706 
1103540	1.747452 
1103541	1.742958 
1103542	1.733264 
1103543	1.723840 
1103544	1.718288 
1103545	1.718475 
1103546	1.724898 
1103547	1.736845 
1103548	1.752312 
1103549	1.767721 
1103550	1.777900 
1103551	1.777287 
1103552	1.762558 
1103553	1.734809 
1103554	1.699178 
1103555	1.662284 
1103556	1.629765 
1103557	1.605357 
1103558	1.591018 
1103559	1.587158 
1103560	1.592681 
1103561	1.604720 
1103562	1.618284 
1103563	1.626954 
1103564	1.625548 
1103565	1.613175 
1103566	1.593940 
1103567	1.574515 
1103568	1.560860 
1103569	1.556753 
1103570	1.563999 
1103571	1.582834 
1103572	1.612048 
1103573	1.648779 
1103574	1.688100 
1103575	1.723094 
1103576	1.746904 
1103577	1.756116 
1103578	1.752646 
1103579	1.742329 
1103580	1.731605 
1103581	1.725279 
1103582	1.726242 
1103583	1.735801 
1103584	1.753830 
1103585	1.778706 
1103586	1.807025 
1103587	1.833334 
1103588	1.850674 
1103589	1.853071 
1103590	1.838783 
1103591	1.811512 
1103592	1.778350 
1103593	1.746519 
1103594	1.721416 
1103595	1.706315 
1103596	1.702597 
1103597	1.709912 
1103598	1.726058 
1103599	1.746632 
1103600	1.764833 
1103601	1.772768 
1103602	1.764821 
1103603	1.740881 
1103604	1.706461 
1103605	1.669579 
1103606	1.637320 
1103607	1.614403 
1103608	1.603327 
1103609	1.604740 
1103610	1.617481 
1103611	1.638280 
1103612	1.661267 
1103613	1.678217 
1103614	1.681041 
1103615	1.665984 
1103616	1.636039 
1103617	1.599214 
1103618	1.564393 
1103619	1.538388 
1103620	1.525309 
1103621	1.526878 
1103622	1.542610 
1103623	1.569707 
1103624	1.602657 
1103625	1.633176 
1103626	1.652110 
1103627	1.653664 
1103628	1.638863 
1103629	1.614732 
1103630	1.590062 
1103631	1.571751 
1103632	1.563877 
1103633	1.568141 
1103634	1.584252 
1103635	1.610005 
1103636	1.640966 
1103637	1.670115 
1103638	1.688703 
1103639	1.689647 
1103640	1.671512 
1103641	1.639387 
1103642	1.601826 
1103643	1.566883 
1103644	1.540247 
1103645	1.525239 
1103646	1.523088 
1103647	1.532940 
1103648	1.551495 
1103649	1.572477 
1103650	1.586949 
1103651	1.586292 
1103652	1.566855 
1103653	1.532364 
1103654	1.491625 
1103655	1.453927 
1103656	1.426073 
1103657	1.411926 
1103658	1.412767 
1103659	1.427462 
1103660	1.452232 
1103661	1.480234 
1103662	1.501951 
1103663	1.508202 
1103664	1.494835 
1103665	1.465264 
1103666	1.428333 
1103667	1.393695 
1103668	1.368623 
1103669	1.357389 
1103670	1.361655 
1103671	1.380730 
1103672	1.411378 
1103673	1.447251 
1103674	1.479148 
1103675	1.498104 
1103676	1.499837 
1103677	1.487153 
1103678	1.468077 
1103679	1.451493 
1103680	1.443809 
1103681	1.448379 
1103682	1.466086 
1103683	1.495733 
1103684	1.534022 
1103685	1.575299 
1103686	1.611582 
1103687	1.634374 
1103688	1.638491 
1103689	1.624904 
1103690	1.599963 
1103691	1.571808 
1103692	1.547078 
1103693	1.529939 
1103694	1.522490 
1103695	1.525094 
1103696	1.536267 
1103697	1.552243 
1103698	1.566449 
1103699	1.570507 
1103700	1.557893 
1103701	1.528178 
1103702	1.487855 
1103703	1.446841 
1103704	1.414129 
1103705	1.395729 
1103706	1.394638 
1103707	1.411170 
1103708	1.443034 
1103709	1.485064 
1103710	1.528913 
1103711	1.564170 
1103712	1.582422 
1103713	1.581663 
1103714	1.566984 
1103715	1.547106 
1103716	1.530029 
1103717	1.520859 
1103718	1.522037 
1103719	1.533962 
1103720	1.555221 
1103721	1.582360 
1103722	1.609455 
1103723	1.628268 
1103724	1.630589 
1103725	1.612426 
1103726	1.576806 
1103727	1.532342 
1103728	1.488973 
1103729	1.454730 
1103730	1.434848 
1103731	1.431931 
1103732	1.446025 
1103733	1.474324 
1103734	1.510595 
1103735	1.545178 
1103736	1.567507 
1103737	1.571115 
1103738	1.557357 
1103739	1.534166 
1103740	1.511171 
1103741	1.495686 
1103742	1.491801 
1103743	1.500894 
1103744	1.522106 
1103745	1.552463 
1103746	1.586552 
1103747	1.616171 
1103748	1.631735 
1103749	1.626215 
1103750	1.598911 
1103751	1.555934 
1103752	1.506980 
1103753	1.461038 
1103754	1.424391 
1103755	1.400809 
1103756	1.391862 
1103757	1.396749 
1103758	1.411682 
1103759	1.429095 
1103760	1.438434 
1103761	1.430543 
1103762	1.403421 
1103763	1.364146 
1103764	1.324949 
1103765	1.297347 
1103766	1.288862 
1103767	1.302758 
1103768	1.338556 
1103769	1.392193 
1103770	1.455878 
1103771	1.518508 
1103772	1.568366 
1103773	1.597986 
1103774	1.607769 
1103775	1.604830 
1103776	1.598276 
1103777	1.595163 
1103778	1.599497 
1103779	1.612819 
1103780	1.634690 
1103781	1.662805 
1103782	1.692779 
1103783	1.717887 
1103784	1.729838 
1103785	1.721825 
1103786	1.692512 
1103787	1.647381 
1103788	1.596132 
1103789	1.548524 
1103790	1.511717 
1103791	1.489991 
1103792	1.485281 
1103793	1.497228 
1103794	1.522812 
1103795	1.555751 
1103796	1.586489 
1103797	1.604769 
1103798	1.604785 
1103799	1.588658 
1103800	1.564689 
1103801	1.542371 
1103802	1.528682 
1103803	1.527441 
1103804	1.539878 
1103805	1.565059 
1103806	1.599969 
1103807	1.639316 
1103808	1.675188 
1103809	1.697928 
1103810	1.699810 
1103811	1.679322 
1103812	1.642045 
1103813	1.597297 
1103814	1.553796 
1103815	1.517716 
1103816	1.492826 
1103817	1.480780 
1103818	1.481069 
1103819	1.490568 
1103820	1.502748 
1103821	1.507857 
1103822	1.496463 
1103823	1.465199 
1103824	1.419701 
1103825	1.371656 
1103826	1.332926 
1103827	1.311742 
1103828	1.312322 
1103829	1.335414 
1103830	1.378473 
1103831	1.435481 
1103832	1.496737 
1103833	1.550137 
1103834	1.585905 
1103835	1.601503 
1103836	1.602191 
1103837	1.596970 
1103838	1.593701 
1103839	1.597252 
1103840	1.609841 
1103841	1.631533 
1103842	1.660455 
1103843	1.692718 
1103844	1.722029 
1103845	1.739682 
1103846	1.736844 
1103847	1.709095 
1103848	1.659609 
1103849	1.597933 
1103850	1.535535 
1103851	1.482200 
1103852	1.444741 
1103853	1.426969 
1103854	1.429660 
1103855	1.450060 
1103856	1.480920 
1103857	1.510277 
1103858	1.524983 
1103859	1.517752 
1103860	1.491986 
1103861	1.459509 
1103862	1.433648 
1103863	1.423835 
1103864	1.434613 
1103865	1.466569 
1103866	1.517019 
1103867	1.580113 
1103868	1.646750 
1103869	1.705457 
1103870	1.745570 
1103871	1.761907 
1103872	1.757202 
1103873	1.739852 
1103874	1.719211 
1103875	1.702352 
1103876	1.693486 
1103877	1.694551 
1103878	1.705647 
1103879	1.725030 
1103880	1.748706 
1103881	1.770008 
1103882	1.780416 
1103883	1.772944 
1103884	1.746393 
1103885	1.706716 
1103886	1.664057 
1103887	1.628314 
1103888	1.606626 
1103889	1.603008 
1103890	1.618647 
1103891	1.652098 
1103892	1.699239 
1103893	1.753119 
1103894	1.804306 
1103895	1.843077 
1103896	1.863332 
1103897	1.865443 
1103898	1.855247 
1103899	1.840281 
1103900	1.826655 
1103901	1.818145 
1103902	1.816552 
1103903	1.822064 
1103904	1.833314 
1103905	1.847117 
1103906	1.857938 
1103907	1.857809 
1103908	1.838196 
1103909	1.794104 
1103910	1.727606 
1103911	1.647504 
1103912	1.565528 
1103913	1.492366 
1103914	1.435727 
1103915	1.400294 
1103916	1.387776 
1103917	1.396278 
1103918	1.419077 
1103919	1.443568 
1103920	1.453988 
1103921	1.439495 
1103922	1.401536 
1103923	1.353049 
1103924	1.310428 
1103925	1.286115 
1103926	1.286520 
1103927	1.312921 
1103928	1.362219 
1103929	1.427070 
1103930	1.495770 
1103931	1.553600 
1103932	1.587684 
1103933	1.593317 
1103934	1.575946 
1103935	1.546848 
1103936	1.516929 
1103937	1.493632 
1103938	1.481012 
1103939	1.480421 
1103940	1.490730 
1103941	1.508100 
1103942	1.525309 
1103943	1.532071 
1103944	1.518737 
1103945	1.482035 
1103946	1.428026 
1103947	1.369130 
1103948	1.317996 
1103949	1.283671 
1103950	1.271160 
1103951	1.281785 
1103952	1.313219 
1103953	1.359118 
1103954	1.408867 
1103955	1.449448 
1103956	1.470996 
1103957	1.472248 
1103958	1.460554 
1103959	1.446510 
1103960	1.438637 
1103961	1.441720 
1103962	1.457439 
1103963	1.485134 
1103964	1.522101 
1103965	1.563449 
1103966	1.601544 
1103967	1.626714 
1103968	1.630923 
1103969	1.612090 
1103970	1.575390 
1103971	1.530249 
1103972	1.485800 
1103973	1.448616 
1103974	1.422724 
1103975	1.409898 
1103976	1.409599 
1103977	1.418391 
1103978	1.428941 
1103979	1.430551 
1103980	1.413612 
1103981	1.375515 
1103982	1.323248 
1103983	1.269715 
1103984	1.227197 
1103985	1.203893 
1103986	1.203691 
1103987	1.226641 
1103988	1.268969 
1103989	1.322500 
1103990	1.374910 
1103991	1.412961 
1103992	1.428345 
1103993	1.422134 
1103994	1.403206 
1103995	1.382527 
1103996	1.368584 
1103997	1.366125 
1103998	1.376745 
1103999	1.399301 
1104000	1.429709 
1104001	1.460248 
1104002	1.479805 
1104003	1.477356 
1104004	1.447963 
1104005	1.396690 
1104006	1.336341 
1104007	1.281094 
1104008	1.241805 
1104009	1.224927 
1104010	1.232725 
1104011	1.263222 
1104012	1.309514 
1104013	1.359327 
1104014	1.397756 
1104015	1.414177 
1104016	1.408681 
1104017	1.391623 
1104018	1.376748 
1104019	1.374601 
1104020	1.390676 
1104021	1.426324 
1104022	1.479674 
1104023	1.545987 
1104024	1.617597 
1104025	1.684040 
1104026	1.734114 
1104027	1.760318 
1104028	1.762564 
1104029	1.747708 
1104030	1.725333 
1104031	1.703696 
1104032	1.688405 
1104033	1.682626 
1104034	1.687430 
1104035	1.701878 
1104036	1.722781 
1104037	1.744163 
1104038	1.757227 
1104039	1.753034 
1104040	1.727498 
1104041	1.684562 
1104042	1.634372 
1104043	1.588203 
1104044	1.554852 
1104045	1.539778 
1104046	1.545255 
1104047	1.570432 
1104048	1.611183 
1104049	1.659784 
1104050	1.705182 
1104051	1.735703 
1104052	1.744389 
1104053	1.732752 
1104054	1.709235 
1104055	1.684056 
1104056	1.665182 
1104057	1.657430 
1104058	1.662889 
1104059	1.681255 
1104060	1.709842 
1104061	1.743310 
1104062	1.773335 
1104063	1.789613 
1104064	1.783639 
1104065	1.753403 
1104066	1.704872 
1104067	1.648911 
1104068	1.596477 
1104069	1.555676 
1104070	1.531409 
1104071	1.525740 
1104072	1.537904 
1104073	1.563854 
1104074	1.595451 
1104075	1.620675 
1104076	1.627481 
1104077	1.610358 
1104078	1.574080 
1104079	1.530894 
1104080	1.493936 
1104081	1.472730 
1104082	1.472459 
1104083	1.494486 
1104084	1.536733 
1104085	1.593729 
1104086	1.656383 
1104087	1.712436 
1104088	1.749986 
1104089	1.762977 
1104090	1.754018 
1104091	1.732084 
1104092	1.707384 
1104093	1.687623 
1104094	1.677321 
1104095	1.678319 
1104096	1.690137 
1104097	1.709949 
1104098	1.732221 
1104099	1.748358 
1104100	1.748059 
1104101	1.723633 
1104102	1.674755 
1104103	1.609432 
1104104	1.540255 
1104105	1.479130 
1104106	1.434378 
1104107	1.410608 
1104108	1.408991 
1104109	1.427048 
1104110	1.457872 
1104111	1.489634 
1104112	1.508251 
1104113	1.504205 
1104114	1.478459 
1104115	1.441724 
1104116	1.407903 
1104117	1.387869 
1104118	1.387539 
1104119	1.408619 
1104120	1.449344 
1104121	1.504561 
1104122	1.565428 
1104123	1.620008 
1104124	1.656599 
1104125	1.668894 
1104126	1.659149 
1104127	1.636209 
1104128	1.610358 
1104129	1.589565 
1104130	1.578744 
1104131	1.580170 
1104132	1.593761 
1104133	1.617024 
1104134	1.644615 
1104135	1.667922 
1104136	1.676608 
1104137	1.663284 
1104138	1.628078 
1104139	1.579034 
1104140	1.528046 
1104141	1.485772 
1104142	1.459144 
1104143	1.451648 
1104144	1.463741 
1104145	1.492720 
1104146	1.532236 
1104147	1.572073 
1104148	1.600221 
1104149	1.608218 
1104150	1.596103 
1104151	1.572045 
1104152	1.547052 
1104153	1.529895 
1104154	1.525625 
1104155	1.536177 
1104156	1.560982 
1104157	1.597154 
1104158	1.639229 
1104159	1.678692 
1104160	1.705017 
1104161	1.709705 
1104162	1.690669 
1104163	1.653369 
1104164	1.607706 
1104165	1.563360 
1104166	1.527252 
1104167	1.503505 
1104168	1.493819 
1104169	1.497499 
1104170	1.511088 
1104171	1.527709 
1104172	1.537270 
1104173	1.529914 
1104174	1.501766 
1104175	1.458021 
1104176	1.410105 
1104177	1.369832 
1104178	1.345644 
1104179	1.341988 
1104180	1.359830 
1104181	1.396957 
1104182	1.447802 
1104183	1.502961 
1104184	1.550485 
1104185	1.580726 
1104186	1.591128 
1104187	1.587061 
1104188	1.577915 
1104189	1.572036 
1104190	1.574572 
1104191	1.587829 
1104192	1.611849 
1104193	1.644693 
1104194	1.682413 
1104195	1.718650 
1104196	1.744696 
1104197	1.752108 
1104198	1.736992 
1104199	1.702421 
1104200	1.656973 
1104201	1.610466 
1104202	1.570515 
1104203	1.542064 
1104204	1.527843 
1104205	1.528438 
1104206	1.542047 
1104207	1.563818 
1104208	1.585271 
1104209	1.596089 
1104210	1.589296 
1104211	1.565867 
1104212	1.534403 
1104213	1.506175 
1104214	1.490122 
1104215	1.491220 
1104216	1.511101 
1104217	1.548724 
1104218	1.600551 
1104219	1.660395 
1104220	1.719477 
1104221	1.767950 
1104222	1.798300 
1104223	1.808663 
1104224	1.803126 
1104225	1.788665 
1104226	1.771691 
1104227	1.756643 
1104228	1.746106 
1104229	1.741083 
1104230	1.741099 
1104231	1.744033 
1104232	1.745740 
1104233	1.739901 
1104234	1.719534 
1104235	1.680756 
1104236	1.626082 
1104237	1.563973 
1104238	1.504921 
1104239	1.457762 
1104240	1.428334 
1104241	1.419508 
1104242	1.431314 
1104243	1.460750 
1104244	1.501273 
1104245	1.542994 
1104246	1.575313 
1104247	1.591805 
1104248	1.593483 
1104249	1.587212 
1104250	1.581015 
1104251	1.580663 
1104252	1.589175 
1104253	1.607426 
1104254	1.634496 
1104255	1.667706 
1104256	1.702462 
1104257	1.731949 
1104258	1.747802 
1104259	1.743307 
1104260	1.717084 
1104261	1.674012 
1104262	1.622645 
1104263	1.571280 
1104264	1.526027 
1104265	1.490905 
1104266	1.468054 
1104267	1.457615 
1104268	1.457282 
1104269	1.461437 
1104270	1.461083 
1104271	1.447071 
1104272	1.415546 
1104273	1.371139 
1104274	1.324707 
1104275	1.287859 
1104276	1.268704 
1104277	1.271099 
1104278	1.295355 
1104279	1.338544 
1104280	1.394178 
1104281	1.452170 
1104282	1.500859 
1104283	1.531477 
1104284	1.542282 
1104285	1.538590 
1104286	1.528694 
1104287	1.519705 
1104288	1.516090 
1104289	1.519926 
1104290	1.531332 
1104291	1.548535 
1104292	1.567567 
1104293	1.581746 
1104294	1.582277 
1104295	1.561592 
1104296	1.517901 
1104297	1.457225 
1104298	1.390898 
1104299	1.330493 
1104300	1.284538 
1104301	1.258205 
1104302	1.253448 
1104303	1.268735 
1104304	1.298177 
1104305	1.330849 
1104306	1.353228 
1104307	1.355744 
1104308	1.338959 
1104309	1.313001 
1104310	1.290966 
1104311	1.282824 
1104312	1.293641 
1104313	1.324471 
1104314	1.373140 
1104315	1.434463 
1104316	1.500024 
1104317	1.558473 
1104318	1.598711 
1104319	1.615058 
1104320	1.609968 
1104321	1.591953 
1104322	1.570672 
1104323	1.553449 
1104324	1.544745 
1104325	1.546652 
1104326	1.559118 
1104327	1.579824 
1104328	1.603748 
1104329	1.622816 
1104330	1.627522 
1104331	1.611529 
1104332	1.576030 
1104333	1.529772 
1104334	1.484737 
1104335	1.451136 
1104336	1.435349 
1104337	1.440233 
1104338	1.465483 
1104339	1.507573 
1104340	1.559310 
1104341	1.609773 
1104342	1.646980 
1104343	1.663327 
1104344	1.659481 
1104345	1.643289 
1104346	1.624772 
1104347	1.611805 
1104348	1.609132 
1104349	1.618843 
1104350	1.640670 
1104351	1.671965 
1104352	1.707411 
1104353	1.738644 
1104354	1.755063 
1104355	1.747652 
1104356	1.714000 
1104357	1.660068 
1104358	1.597055 
1104359	1.536313 
1104360	1.486550 
1104361	1.453388 
1104362	1.439363 
1104363	1.443703 
1104364	1.461635 
1104365	1.483384 
1104366	1.495129 
1104367	1.484669 
1104368	1.448883 
1104369	1.396351 
1104370	1.342417 
1104371	1.301551 
1104372	1.283065 
1104373	1.290966 
1104374	1.324668 
1104375	1.379111 
1104376	1.444298 
1104377	1.505931 
1104378	1.549618 
1104379	1.567445 
1104380	1.561939 
1104381	1.543504 
1104382	1.523928 
1104383	1.511837 
1104384	1.512015 
1104385	1.526123 
1104386	1.553121 
1104387	1.589250 
1104388	1.627553 
1104389	1.657572 
1104390	1.667513 
1104391	1.649752 
1104392	1.605719 
1104393	1.545552 
1104394	1.482762 
1104395	1.429057 
1104396	1.392454 
1104397	1.377222 
1104398	1.383900 
1104399	1.408828 
1104400	1.443124 
1104401	1.472569 
1104402	1.481984 
1104403	1.463319 
1104404	1.421121 
1104405	1.369765 
1104406	1.325434 
1104407	1.299809 
1104408	1.298715 
1104409	1.323038 
1104410	1.369259 
1104411	1.429287 
1104412	1.490392 
1104413	1.537435 
1104414	1.558881 
1104415	1.553032 
1104416	1.528398 
1104417	1.497962 
1104418	1.472873 
1104419	1.460044 
1104420	1.462653 
1104421	1.480773 
1104422	1.511392 
1104423	1.547850 
1104424	1.579322 
1104425	1.592895 
1104426	1.579510 
1104427	1.539707 
1104428	1.483877 
1104429	1.426557 
1104430	1.380283 
1104431	1.353238 
1104432	1.349267 
1104433	1.368107 
1104434	1.405156 
1104435	1.450769 
1104436	1.490609 
1104437	1.510150 
1104438	1.502320 
1104439	1.472043 
1104440	1.432819 
1104441	1.399020 
1104442	1.380717 
1104443	1.382985 
1104444	1.406729 
1104445	1.449110 
1104446	1.503463 
1104447	1.559024 
1104448	1.602099 
1104449	1.620903 
1104450	1.611870 
1104451	1.581673 
1104452	1.542862 
1104453	1.507458 
1104454	1.483678 
1104455	1.475922 
1104456	1.485314 
1104457	1.509837 
1104458	1.544032 
1104459	1.578443 
1104460	1.600407 
1104461	1.598671 
1104462	1.569865 
1104463	1.521070 
1104464	1.465993 
1104465	1.418506 
1104466	1.388465 
1104467	1.381163 
1104468	1.397871 
1104469	1.435845 
1104470	1.487681 
1104471	1.540756 
1104472	1.579676 
1104473	1.593077 
1104474	1.580037 
1104475	1.550371 
1104476	1.518492 
1104477	1.496557 
1104478	1.491802 
1104479	1.507135 
1104480	1.541876 
1104481	1.591953 
1104482	1.649729 
1104483	1.703965 
1104484	1.741471 
1104485	1.751948 
1104486	1.733383 
1104487	1.693088 
1104488	1.643421 
1104489	1.596234 
1104490	1.560078 
1104491	1.540001 
1104492	1.537884 
1104493	1.552436 
1104494	1.578708 
1104495	1.607256 
1104496	1.624647 
1104497	1.618141 
1104498	1.583009 
1104499	1.526229 
1104500	1.462710 
1104501	1.407996 
1104502	1.373407 
1104503	1.365053 
1104504	1.384162 
1104505	1.427144 
1104506	1.485134 
1104507	1.543925 
1104508	1.587192 
1104509	1.603725 
1104510	1.593736 
1104511	1.568142 
1104512	1.541462 
1104513	1.525145 
1104514	1.525689 
1104515	1.545398 
1104516	1.583159 
1104517	1.634760 
1104518	1.692697 
1104519	1.745919 
1104520	1.781713 
1104521	1.790682 
1104522	1.771481 
1104523	1.731412 
1104524	1.682193 
1104525	1.634690 
1104526	1.596557 
1104527	1.572340 
1104528	1.563855 
1104529	1.570258 
1104530	1.587766 
1104531	1.609001 
1104532	1.622995 
1104533	1.618575 
1104534	1.590674 
1104535	1.544131 
1104536	1.491211 
1104537	1.445306 
1104538	1.416152 
1104539	1.408916 
1104540	1.424876 
1104541	1.461777 
1104542	1.513612 
1104543	1.570219 
1104544	1.618521 
1104545	1.646943 
1104546	1.650835 
1104547	1.634513 
1104548	1.607849 
1104549	1.580818 
1104550	1.560490 
1104551	1.550852 
1104552	1.553300 
1104553	1.566868 
1104554	1.588151 
1104555	1.610936 
1104556	1.626059 
1104557	1.623394 
1104558	1.596751 
1104559	1.548216 
1104560	1.487590 
1104561	1.427520 
1104562	1.378648 
1104563	1.347840 
1104564	1.338423 
1104565	1.350437 
1104566	1.380384 
1104567	1.420452 
1104568	1.458502 
1104569	1.481870 
1104570	1.484018 
1104571	1.468343 
1104572	1.445576 
1104573	1.427527 
1104574	1.422327 
1104575	1.433725 
1104576	1.462154 
1104577	1.505357 
1104578	1.558421 
1104579	1.613574 
1104580	1.660578 
1104581	1.689254 
1104582	1.693893 
1104583	1.676182 
1104584	1.643759 
1104585	1.605901 
1104586	1.570242 
1104587	1.541952 
1104588	1.523961 
1104589	1.517129 
1104590	1.520085 
1104591	1.528638 
1104592	1.535130 
1104593	1.529907 
1104594	1.506057 
1104595	1.464254 
1104596	1.413433 
1104597	1.366226 
1104598	1.333359 
1104599	1.321388 
1104600	1.332875 
1104601	1.366822 
1104602	1.418746 
1104603	1.480521 
1104604	1.541094 
1104605	1.589501 
1104606	1.619369 
1104607	1.631684 
1104608	1.633058 
1104609	1.631362 
1104610	1.632442 
1104611	1.639510 
1104612	1.653732 
1104613	1.674608 
1104614	1.699945 
1104615	1.725527 
1104616	1.744794 
1104617	1.749763 
1104618	1.734222 
1104619	1.697476 
1104620	1.645482 
1104621	1.588163 
1104622	1.535137 
1104623	1.493457 
1104624	1.467588 
1104625	1.459578 
1104626	1.468914 
1104627	1.491999 
1104628	1.521407 
1104629	1.546336 
1104630	1.556581 
1104631	1.548413 
1104632	1.527043 
1104633	1.503066 
1104634	1.486629 
1104635	1.484273 
1104636	1.498933 
1104637	1.530690 
1104638	1.577233 
1104639	1.633991 
1104640	1.693903 
1104641	1.747522 
1104642	1.785564 
1104643	1.802876 
1104644	1.800595 
1104645	1.784795 
1104646	1.762835 
1104647	1.740591 
1104648	1.721834 
1104649	1.708554 
1104650	1.701205 
1104651	1.698716 
1104652	1.698268 
1104653	1.694897 
1104654	1.681759 
1104655	1.652567 
1104656	1.605609 
1104657	1.545920 
1104658	1.483388 
1104659	1.428597 
1104660	1.389600 
1104661	1.371134 
1104662	1.374951 
1104663	1.399849 
1104664	1.441203 
1104665	1.490383 
1104666	1.535866 
1104667	1.567819 
1104668	1.583061 
1104669	1.586093 
1104670	1.585376 
1104671	1.588442 
1104672	1.599715 
1104673	1.620903 
1104674	1.651689 
1104675	1.690022 
1104676	1.732174 
1104677	1.772639 
1104678	1.804077 
1104679	1.818462 
1104680	1.810357 
1104681	1.780093 
1104682	1.733881 
1104683	1.680720 
1104684	1.628944 
1104685	1.584749 
1104686	1.552225 
1104687	1.533528 
1104688	1.528807 
1104689	1.535796 
1104690	1.548978 
1104691	1.559339 
1104692	1.557220 
1104693	1.537820 
1104694	1.504754 
1104695	1.468076 
1104696	1.438734 
1104697	1.424451 
1104698	1.429099 
1104699	1.453405 
1104700	1.495383 
1104701	1.550335 
1104702	1.610671 
1104703	1.666374 
1104704	1.707574 
1104705	1.728910 
1104706	1.732014 
1104707	1.723683 
1104708	1.711744 
1104709	1.702091 
1104710	1.698194 
1104711	1.701577 
1104712	1.712130 
1104713	1.728042 
1104714	1.745378 
1104715	1.757587 
1104716	1.756590 
1104717	1.736327 
1104718	1.696634 
1104719	1.644137 
1104720	1.588942 
1104721	1.540367 
1104722	1.505119 
1104723	1.487105 
1104724	1.487628 
1104725	1.505417 
1104726	1.536248 
1104727	1.572197 
1104728	1.602161 
1104729	1.616014 
1104730	1.610084 
1104731	1.589101 
1104732	1.562906 
1104733	1.541142 
1104734	1.530060 
1104735	1.532551 
1104736	1.549005 
1104737	1.577654 
1104738	1.614352 
1104739	1.652009 
1104740	1.680840 
1104741	1.691256 
1104742	1.678483 
1104743	1.645379 
1104744	1.600757 
1104745	1.554850 
1104746	1.515637 
1104747	1.488050 
1104748	1.474488 
1104749	1.475068 
1104750	1.487337 
1104751	1.505537 
1104752	1.520083 
1104753	1.519691 
1104754	1.497018 
1104755	1.453659 
1104756	1.399569 
1104757	1.347660 
1104758	1.308593 
1104759	1.288884 
1104760	1.291217 
1104761	1.314820 
1104762	1.355173 
1104763	1.403347 
1104764	1.446642 
1104765	1.472798 
1104766	1.476344 
1104767	1.461749 
1104768	1.440056 
1104769	1.422528 
1104770	1.416794 
1104771	1.426592 
1104772	1.452568 
1104773	1.492693 
1104774	1.542285 
1104775	1.593661 
1104776	1.636432 
1104777	1.660524 
1104778	1.661168 
1104779	1.641600 
1104780	1.610884 
1104781	1.578959 
1104782	1.553354 
1104783	1.538732 
1104784	1.537298 
1104785	1.549030 
1104786	1.571602 
1104787	1.599899 
1104788	1.625587 
1104789	1.638925 
1104790	1.633588 
1104791	1.610758 
1104792	1.578606 
1104793	1.547761 
1104794	1.526810 
1104795	1.520729 
1104796	1.531485 
1104797	1.558635 
1104798	1.599333 
1104799	1.647869 
1104800	1.695436 
1104801	1.731974 
1104802	1.750298 
1104803	1.749818 
1104804	1.736455 
1104805	1.718760 
1104806	1.703904 
1104807	1.696363 
1104808	1.698281 
1104809	1.709927 
1104810	1.729834 
1104811	1.754633 
1104812	1.778663 
1104813	1.794007 
1104814	1.792636 
1104815	1.770667 
1104816	1.731167 
1104817	1.682701 
1104818	1.635072 
1104819	1.595906 
1104820	1.570085 
1104821	1.560206 
1104822	1.566650 
1104823	1.587257 
1104824	1.616700 
1104825	1.645855 
1104826	1.663348 
1104827	1.660767 
1104828	1.637777 
1104829	1.602445 
1104830	1.566474 
1104831	1.539821 
1104832	1.528635 
1104833	1.535677 
1104834	1.560805 
1104835	1.601037 
1104836	1.650224 
1104837	1.698661 
1104838	1.734067 
1104839	1.745893 
1104840	1.730944 
1104841	1.695124 
1104842	1.649583 
1104843	1.605262 
1104844	1.570195 
1104845	1.549304 
1104846	1.544683 
1104847	1.555579 
1104848	1.577917 
1104849	1.603436 
1104850	1.619844 
1104851	1.614863 
1104852	1.583284 
1104853	1.531094 
1104854	1.472315 
1104855	1.421759 
1104856	1.390247 
1104857	1.383732 
1104858	1.403691 
1104859	1.447338 
1104860	1.507479 
1104861	1.572294 
1104862	1.627190 
1104863	1.660686 
1104864	1.670264 
1104865	1.662976 
1104866	1.650187 
1104867	1.641697 
1104868	1.643562 
1104869	1.658525 
1104870	1.686706 
1104871	1.725948 
1104872	1.771830 
1104873	1.817359 
1104874	1.853005 
1104875	1.868654 
1104876	1.858140 
1104877	1.823027 
1104878	1.771953 
1104879	1.716226 
1104880	1.665512 
1104881	1.626414 
1104882	1.602910 
1104883	1.596563 
1104884	1.606282 
1104885	1.627678 
1104886	1.652317 
1104887	1.668213 
1104888	1.664328 
1104889	1.637293 
1104890	1.594116 
1104891	1.548087 
1104892	1.512091 
1104893	1.494814 
1104894	1.500498 
1104895	1.529586 
1104896	1.579100 
1104897	1.642735 
1104898	1.710948 
1104899	1.771682 
1104900	1.813720 
1104901	1.831835 
1104902	1.828913 
1104903	1.813128 
1104904	1.793109 
1104905	1.775288 
1104906	1.763627 
1104907	1.759958 
1104908	1.764198 
1104909	1.774298 
1104910	1.785893 
1104911	1.791724 
1104912	1.782081 
1104913	1.748395 
1104914	1.688600 
1104915	1.609745 
1104916	1.525132 
1104917	1.448647 
1104918	1.391245 
1104919	1.359906 
1104920	1.357365 
1104921	1.381662 
1104922	1.425194 
1104923	1.473872 
1104924	1.509815 
1104925	1.519700 
1104926	1.503007 
1104927	1.471977 
1104928	1.443235 
1104929	1.429487 
1104930	1.437190 
1104931	1.467828 
1104932	1.519103 
1104933	1.585544 
1104934	1.658564 
1104935	1.726402 
1104936	1.775983 
1104937	1.797727 
1104938	1.790340 
1104939	1.761067 
1104940	1.721080 
1104941	1.680388 
1104942	1.645971 
1104943	1.622039 
1104944	1.610419 
1104945	1.610646 
1104946	1.619637 
1104947	1.631001 
1104948	1.635060 
1104949	1.621791 
1104950	1.586539 
1104951	1.533978 
1104952	1.476251 
1104953	1.426853 
1104954	1.395817 
1104955	1.388701 
1104956	1.407074 
1104957	1.448894 
1104958	1.508653 
1104959	1.577361 
1104960	1.643324 
1104961	1.695634 
1104962	1.729128 
1104963	1.746371 
1104964	1.754884 
1104965	1.762382 
1104966	1.773983 
1104967	1.792185 
1104968	1.817615 
1104969	1.849409 
1104970	1.885268 
1104971	1.921243 
1104972	1.951506 
1104973	1.968616 
1104974	1.965502 
1104975	1.939023 
1104976	1.892143 
1104977	1.832528 
1104978	1.768986 
1104979	1.708860 
1104980	1.657449 
1104981	1.618163 
1104982	1.592629 
1104983	1.580537 
1104984	1.579132 
1104985	1.582358 
1104986	1.581065 
1104987	1.566609 
1104988	1.536292 
1104989	1.495726 
1104990	1.455529 
1104991	1.425674 
1104992	1.412381 
1104993	1.418206 
1104994	1.442817 
1104995	1.483417 
1104996	1.534709 
1104997	1.588631 
1104998	1.634920 
1104999	1.664150 
1105000	1.672103 
1105001	1.661656 
1105002	1.640272 
1105003	1.615705 
1105004	1.593554 
1105005	1.577114 
1105006	1.567808 
1105007	1.565363 
1105008	1.567640 
1105009	1.570079 
1105010	1.565347 
1105011	1.545172 
1105012	1.504900 
1105013	1.447441 
1105014	1.382584 
1105015	1.322429 
1105016	1.277018 
1105017	1.252637 
1105018	1.252011 
1105019	1.274511 
1105020	1.315744 
1105021	1.366676 
1105022	1.414292 
1105023	1.446287 
1105024	1.457488 
1105025	1.452478 
1105026	1.441703 
1105027	1.435089 
1105028	1.438716 
1105029	1.455129 
1105030	1.484346 
1105031	1.524329 
1105032	1.570915 
1105033	1.617293 
1105034	1.653969 
1105035	1.671282 
1105036	1.663879 
1105037	1.633774 
1105038	1.589266 
1105039	1.540795 
1105040	1.497000 
1105041	1.463539 
1105042	1.443670 
1105043	1.438543 
1105044	1.446997 
1105045	1.464912 
1105046	1.484423 
1105047	1.494806 
1105048	1.487111 
1105049	1.460014 
1105050	1.421199 
1105051	1.382680 
1105052	1.354977 
1105053	1.344605 
1105054	1.354336 
1105055	1.383852 
1105056	1.430015 
1105057	1.486759 
1105058	1.544743 
1105059	1.592443 
1105060	1.620650 
1105061	1.627128 
1105062	1.617212 
1105063	1.600060 
1105064	1.583984 
1105065	1.574412 
1105066	1.574194 
1105067	1.584140 
1105068	1.603130 
1105069	1.627814 
1105070	1.652105 
1105071	1.667358 
1105072	1.665113 
1105073	1.641814 
1105074	1.601582 
1105075	1.554164 
1105076	1.510175 
1105077	1.477721 
1105078	1.461671 
1105079	1.464013 
1105080	1.484051 
1105081	1.518184 
1105082	1.559308 
1105083	1.596992 
1105084	1.620664 
1105085	1.624891 
1105086	1.612515 
1105087	1.592485 
1105088	1.574614 
1105089	1.565849 
1105090	1.569777 
1105091	1.587339 
1105092	1.617269 
1105093	1.656083 
1105094	1.697739 
1105095	1.733456 
1105096	1.753220 
1105097	1.749871 
1105098	1.723171 
1105099	1.679999 
1105100	1.630496 
1105101	1.583882 
1105102	1.546694 
1105103	1.522858 
1105104	1.513966 
1105105	1.519220 
1105106	1.534972 
1105107	1.553969 
1105108	1.565756 
1105109	1.560569 
1105110	1.535292 
1105111	1.496086 
1105112	1.454741 
1105113	1.422615 
1105114	1.407251 
1105115	1.412237 
1105116	1.437885 
1105117	1.481669 
1105118	1.538326 
1105119	1.599700 
1105120	1.655133 
1105121	1.694813 
1105122	1.714433 
1105123	1.716809 
1105124	1.709383 
1105125	1.699994 
1105126	1.694254 
1105127	1.695371 
1105128	1.704682 
1105129	1.721885 
1105130	1.744933 
1105131	1.769636 
1105132	1.789371 
1105133	1.796141 
1105134	1.783982 
1105135	1.752707 
1105136	1.708563 
1105137	1.661131 
1105138	1.619260 
1105139	1.589052 
1105140	1.573884 
1105141	1.574782 
1105142	1.590443 
1105143	1.616971 
1105144	1.647368 
1105145	1.672022 
1105146	1.682059 
1105147	1.674173 
1105148	1.652620 
1105149	1.626311 
1105150	1.603990 
1105151	1.591528 
1105152	1.591902 
1105153	1.605832 
1105154	1.632094 
1105155	1.667423 
1105156	1.706142 
1105157	1.740087 
1105158	1.760334 
1105159	1.761158 
1105160	1.743328 
1105161	1.713476 
1105162	1.680238 
1105163	1.650868 
1105164	1.630275 
1105165	1.621203 
1105166	1.624422 
1105167	1.638612 
1105168	1.659958 
1105169	1.681614 
1105170	1.694300 
1105171	1.689782 
1105172	1.665703 
1105173	1.627384 
1105174	1.584784 
1105175	1.547718 
1105176	1.523217 
1105177	1.515232 
1105178	1.524947 
1105179	1.550834 
1105180	1.588330 
1105181	1.629375 
1105182	1.663037 
1105183	1.679269 
1105184	1.674294 
1105185	1.652792 
1105186	1.624624 
1105187	1.599503 
1105188	1.584112 
1105189	1.582030 
1105190	1.594248 
1105191	1.619329 
1105192	1.653202 
1105193	1.688648 
1105194	1.715404 
1105195	1.723045 
1105196	1.706291 
1105197	1.668411 
1105198	1.619389 
1105199	1.570776 
1105200	1.531746 
1105201	1.508088 
1105202	1.502527 
1105203	1.514871 
1105204	1.541656 
1105205	1.575272 
1105206	1.603785 
1105207	1.614394 
1105208	1.600086 
1105209	1.564295 
1105210	1.518939 
1105211	1.477808 
1105212	1.451192 
1105213	1.444825 
1105214	1.460548 
1105215	1.496719 
1105216	1.548147 
1105217	1.605631 
1105218	1.656410 
1105219	1.687979 
1105220	1.694200 
1105221	1.678652 
1105222	1.651861 
1105223	1.625202 
1105224	1.606925 
1105225	1.601699 
1105226	1.611259 
1105227	1.634830 
1105228	1.669195 
1105229	1.708360 
1105230	1.743223 
1105231	1.763195 
1105232	1.760838 
1105233	1.736337 
1105234	1.697559 
1105235	1.655599 
1105236	1.620132 
1105237	1.597636 
1105238	1.591538 
1105239	1.602629 
1105240	1.629122 
1105241	1.666311 
1105242	1.705880 
1105243	1.736578 
1105244	1.748281 
1105245	1.737374 
1105246	1.708807 
1105247	1.672922 
1105248	1.640140 
1105249	1.617770 
1105250	1.609840 
1105251	1.617682 
1105252	1.640162 
1105253	1.673415 
1105254	1.710263 
1105255	1.740298 
1105256	1.752756 
1105257	1.741748 
1105258	1.709856 
1105259	1.666609 
1105260	1.623391 
1105261	1.589239 
1105262	1.569708 
1105263	1.567299 
1105264	1.581794 
1105265	1.610156 
1105266	1.645967 
1105267	1.679176 
1105268	1.698193 
1105269	1.695060 
1105270	1.670161 
1105271	1.632000 
1105272	1.592200 
1105273	1.560519 
1105274	1.543213 
1105275	1.543360 
1105276	1.561191 
1105277	1.594088 
1105278	1.636253 
1105279	1.678352 
1105280	1.708676 
1105281	1.717884 
1105282	1.704381 
1105283	1.675200 
1105284	1.641718 
1105285	1.614195 
1105286	1.599212 
1105287	1.599984 
1105288	1.616992 
1105289	1.648102 
1105290	1.688281 
1105291	1.729161 
1105292	1.759571 
1105293	1.768914 
1105294	1.752493 
1105295	1.714385 
1105296	1.664961 
1105297	1.615601 
1105298	1.575116 
1105299	1.549023 
1105300	1.539839 
1105301	1.547217 
1105302	1.567627 
1105303	1.593614 
1105304	1.613450 
1105305	1.614027 
1105306	1.587511 
1105307	1.536724 
1105308	1.473903 
1105309	1.414009 
1105310	1.368933 
1105311	1.345939 
1105312	1.347989 
1105313	1.373934 
1105314	1.418135 
1105315	1.469675 
1105316	1.512943 
1105317	1.533138 
1105318	1.524372 
1105319	1.493227 
1105320	1.454236 
1105321	1.421771 
1105322	1.405478 
1105323	1.410219 
1105324	1.436776 
1105325	1.482136 
1105326	1.539292 
1105327	1.596959 
1105328	1.640910 
1105329	1.659058 
1105330	1.647933 
1105331	1.614669 
1105332	1.572469 
1105333	1.534186 
1105334	1.508659 
1105335	1.500568 
1105336	1.511205 
1105337	1.538684 
1105338	1.577559 
1105339	1.618248 
1105340	1.647752 
1105341	1.654136 
1105342	1.633218 
1105343	1.591558 
1105344	1.542441 
1105345	1.499098 
1105346	1.470838 
1105347	1.462721 
1105348	1.476039 
1105349	1.508617 
1105350	1.554743 
1105351	1.604889 
1105352	1.646347 
1105353	1.667177 
1105354	1.662373 
1105355	1.636644 
1105356	1.601138 
1105357	1.567499 
1105358	1.544110 
1105359	1.535597 
1105360	1.543475 
1105361	1.566444 
1105362	1.600139 
1105363	1.636480 
1105364	1.663681 
1105365	1.669206 
1105366	1.645926 
1105367	1.596886 
1105368	1.533864 
1105369	1.471332 
1105370	1.421305 
1105371	1.391582 
1105372	1.385791 
1105373	1.403370 
1105374	1.438907 
1105375	1.481061 
1105376	1.513393 
1105377	1.520523 
1105378	1.496994 
1105379	1.451166 
1105380	1.399875 
1105381	1.359479 
1105382	1.340793 
1105383	1.348767 
1105384	1.383240 
1105385	1.439251 
1105386	1.506830 
1105387	1.571190 
1105388	1.616166 
1105389	1.631571 
1105390	1.618572 
1105391	1.588070 
1105392	1.553914 
1105393	1.527029 
1105394	1.513925 
1105395	1.517359 
1105396	1.536850 
1105397	1.568628 
1105398	1.605127 
1105399	1.634640 
1105400	1.643821 
1105401	1.624074 
1105402	1.577322 
1105403	1.515371 
1105404	1.453480 
1105405	1.404196 
1105406	1.375342 
1105407	1.370361 
1105408	1.388583 
1105409	1.424875 
1105410	1.468787 
1105411	1.505010 
1105412	1.518510 
1105413	1.502946 
1105414	1.464898 
1105415	1.419266 
1105416	1.380906 
1105417	1.359798 
1105418	1.360823 
1105419	1.384634 
1105420	1.428020 
1105421	1.483660 
1105422	1.539658 
1105423	1.581607 
1105424	1.598815 
1105425	1.590324 
1105426	1.565156 
1105427	1.536399 
1105428	1.514915 
1105429	1.507324 
1105430	1.516560 
1105431	1.542504 
1105432	1.582217 
1105433	1.629773 
1105434	1.675901 
1105435	1.708917 
1105436	1.718992 
1105437	1.703604 
1105438	1.669171 
1105439	1.627154 
1105440	1.588533 
1105441	1.560980 
1105442	1.548865 
1105443	1.553784 
1105444	1.574666 
1105445	1.607493 
1105446	1.644620 
1105447	1.674701 
1105448	1.685958 
1105449	1.672404 
1105450	1.637843 
1105451	1.593557 
1105452	1.552042 
1105453	1.522618 
1105454	1.510681 
1105455	1.518163 
1105456	1.543881 
1105457	1.583594 
1105458	1.629808 
1105459	1.671598 
1105460	1.696661 
1105461	1.696651 
1105462	1.671849 
1105463	1.630662 
1105464	1.584648 
1105465	1.543755 
1105466	1.514587 
1105467	1.500666 
1105468	1.502814 
1105469	1.519079 
1105470	1.544251 
1105471	1.569214 
1105472	1.581657 
1105473	1.570865 
1105474	1.534458 
1105475	1.480617 
1105476	1.423479 
1105477	1.376353 
1105478	1.348402 
1105479	1.344432 
1105480	1.365168 
1105481	1.407118 
1105482	1.461930 
1105483	1.516184 
1105484	1.554766 
1105485	1.568132 
1105486	1.557845 
1105487	1.534980 
1105488	1.512963 
1105489	1.501795 
1105490	1.506852 
1105491	1.529777 
1105492	1.569120 
1105493	1.620520 
1105494	1.676534 
1105495	1.726597 
1105496	1.759060 
1105497	1.766114 
1105498	1.748171 
1105499	1.713340 
1105500	1.672520 
1105501	1.634844 
1105502	1.606369 
1105503	1.590475 
1105504	1.588184 
1105505	1.598113 
1105506	1.615954 
1105507	1.633677 
1105508	1.640386 
1105509	1.626947 
1105510	1.591660 
1105511	1.541953 
1105512	1.490323 
1105513	1.448266 
1105514	1.423273 
1105515	1.419093 
1105516	1.436221 
1105517	1.471969 
1105518	1.520218 
1105519	1.571123 
1105520	1.612423 
1105521	1.634227 
1105522	1.634382 
1105523	1.619206 
1105524	1.598885 
1105525	1.582340 
1105526	1.575203 
1105527	1.580109 
1105528	1.597354 
1105529	1.625225 
1105530	1.659846 
1105531	1.694792 
1105532	1.721052 
1105533	1.729094 
1105534	1.713418 
1105535	1.676187 
1105536	1.626253 
1105537	1.574461 
1105538	1.529716 
1105539	1.497957 
1105540	1.482433 
1105541	1.483924 
1105542	1.500632 
1105543	1.527641 
1105544	1.556189 
1105545	1.574884 
1105546	1.574815 
1105547	1.554960 
1105548	1.522775 
1105549	1.489578 
1105550	1.465054 
1105551	1.454793 
1105552	1.461000 
1105553	1.483351 
1105554	1.519197 
1105555	1.563469 
1105556	1.608425 
1105557	1.643826 
1105558	1.659867 
1105559	1.652092 
1105560	1.623703 
1105561	1.583386 
1105562	1.540771 
1105563	1.503174 
1105564	1.475200 
1105565	1.459201 
1105566	1.455331 
1105567	1.461163 
1105568	1.470863 
1105569	1.474750 
1105570	1.462002 
1105571	1.426880 
1105572	1.373340 
1105573	1.313283 
1105574	1.260583 
1105575	1.225907 
1105576	1.215133 
1105577	1.229845 
1105578	1.267481 
1105579	1.320637 
1105580	1.376728 
1105581	1.421062 
1105582	1.443545 
1105583	1.444296 
1105584	1.432699 
1105585	1.420977 
1105586	1.418419 
1105587	1.429905 
1105588	1.456784 
1105589	1.497593 
1105590	1.548172 
1105591	1.601321 
1105592	1.646649 
1105593	1.672788 
1105594	1.672618 
1105595	1.647618 
1105596	1.607023 
1105597	1.562706 
1105598	1.524635 
1105599	1.499395 
1105600	1.490468 
1105601	1.498495 
1105602	1.521055 
1105603	1.551897 
1105604	1.580317 
1105605	1.593255 
1105606	1.581641 
1105607	1.546567 
1105608	1.498976 
1105609	1.453180 
1105610	1.420726 
1105611	1.408489 
1105612	1.419086 
1105613	1.451411 
1105614	1.500660 
1105615	1.558086 
1105616	1.611292 
1105617	1.647341 
1105618	1.658722 
1105619	1.647493 
1105620	1.623258 
1105621	1.597214 
1105622	1.577729 
1105623	1.569658 
1105624	1.575032 
1105625	1.593455 
1105626	1.622103 
1105627	1.655345 
1105628	1.684313 
1105629	1.698051 
1105630	1.688023 
1105631	1.653455 
1105632	1.602424 
1105633	1.547508 
1105634	1.500318 
1105635	1.468972 
1105636	1.458032 
1105637	1.468839 
1105638	1.499538 
1105639	1.544638 
1105640	1.594338 
1105641	1.635360 
1105642	1.655833 
1105643	1.651755 
1105644	1.629275 
1105645	1.600576 
1105646	1.577439 
1105647	1.567703 
1105648	1.575262 
1105649	1.600802 
1105650	1.642105 
1105651	1.693930 
1105652	1.747747 
1105653	1.791965 
1105654	1.814539 
1105655	1.808489 
1105656	1.776013 
1105657	1.727009 
1105658	1.673652 
1105659	1.625956 
1105660	1.590525 
1105661	1.570872 
1105662	1.567688 
1105663	1.578614 
1105664	1.597434 
1105665	1.613197 
1105666	1.611998 
1105667	1.583574 
1105668	1.528390 
1105669	1.458357 
1105670	1.390512 
1105671	1.339659 
1105672	1.315209 
1105673	1.321126 
1105674	1.356063 
1105675	1.412872 
1105676	1.477899 
1105677	1.532685 
1105678	1.561226 
1105679	1.558889 
1105680	1.534752 
1105681	1.504863 
1105682	1.483444 
1105683	1.479113 
1105684	1.495420 
1105685	1.531898 
1105686	1.584669 
1105687	1.646443 
1105688	1.705969 
1105689	1.749208 
1105690	1.764532 
1105691	1.748611 
1105692	1.708192 
1105693	1.655989 
1105694	1.604474 
1105695	1.562764 
1105696	1.536622 
1105697	1.528779 
1105698	1.538958 
1105699	1.563512 
1105700	1.594668 
1105701	1.620170 
1105702	1.626657 
1105703	1.606945 
1105704	1.565022 
1105705	1.513882 
1105706	1.468438 
1105707	1.439719 
1105708	1.433663 
1105709	1.451917 
1105710	1.492294 
1105711	1.548699 
1105712	1.610882 
1105713	1.665134 
1105714	1.698138 
1105715	1.703427 
1105716	1.684632 
1105717	1.652509 
1105718	1.618955 
1105719	1.592738 
1105720	1.578800 
1105721	1.578972 
1105722	1.592260 
1105723	1.614560 
1105724	1.638014 
1105725	1.650953 
1105726	1.640911 
1105727	1.601244 
1105728	1.536189 
1105729	1.459289 
1105730	1.386907 
1105731	1.332244 
1105732	1.303196 
1105733	1.302665 
1105734	1.328648 
1105735	1.373547 
1105736	1.423476 
1105737	1.460916 
1105738	1.472743 
1105739	1.458268 
1105740	1.429391 
1105741	1.402708 
1105742	1.391364 
1105743	1.402253 
1105744	1.436996 
1105745	1.493080 
1105746	1.564270 
1105747	1.640628 
1105748	1.709193 
1105749	1.756929 
1105750	1.776090 
1105751	1.767986 
1105752	1.741513 
1105753	1.707912 
1105754	1.676537 
1105755	1.653654 
1105756	1.642697 
1105757	1.644590 
1105758	1.657773 
1105759	1.677671 
1105760	1.695975 
1105761	1.701860 
1105762	1.686592 
1105763	1.648991 
1105764	1.596888 
1105765	1.542957 
1105766	1.499071 
1105767	1.473257 
1105768	1.469430 
1105769	1.487944 
1105770	1.525845 
1105771	1.576667 
1105772	1.630365 
1105773	1.674988 
1105774	1.700858 
1105775	1.705206 
1105776	1.693181 
1105777	1.674154 
1105778	1.656867 
1105779	1.647078 
1105780	1.647780 
1105781	1.659909 
1105782	1.682682 
1105783	1.713571 
1105784	1.747839 
1105785	1.778067 
1105786	1.795285 
1105787	1.792655 
1105788	1.769331 
1105789	1.731253 
1105790	1.688116 
1105791	1.649053 
1105792	1.620332 
1105793	1.605597 
1105794	1.606415 
1105795	1.622390 
1105796	1.650949 
1105797	1.686746 
1105798	1.721168 
1105799	1.744154 
1105800	1.748877 
1105801	1.735632 
1105802	1.711479 
1105803	1.686064 
1105804	1.667238 
1105805	1.659619 
1105806	1.665193 
1105807	1.683965 
1105808	1.714164 
1105809	1.752088 
1105810	1.791629 
1105811	1.824273 
1105812	1.841182 
1105813	1.837036 
1105814	1.812886 
1105815	1.775426 
1105816	1.733319 
1105817	1.693875 
1105818	1.662044 
1105819	1.640762 
1105820	1.631265 
1105821	1.633104 
1105822	1.643881 
1105823	1.658698 
1105824	1.669818 
1105825	1.668208 
1105826	1.647794 
1105827	1.609459 
1105828	1.560974 
1105829	1.512888 
1105830	1.474331 
1105831	1.451468 
1105832	1.447546 
1105833	1.463040 
1105834	1.495592 
1105835	1.539753 
1105836	1.586510 
1105837	1.623893 
1105838	1.641098 
1105839	1.634065 
1105840	1.607557 
1105841	1.572010 
1105842	1.538034 
1105843	1.513212 
1105844	1.501947 
1105845	1.505874 
1105846	1.524028 
1105847	1.552680 
1105848	1.584889 
1105849	1.610507 
1105850	1.618641 
1105851	1.602960 
1105852	1.565838 
1105853	1.517133 
1105854	1.468847 
1105855	1.430627 
1105856	1.408474 
1105857	1.404972 
1105858	1.419515 
1105859	1.448093 
1105860	1.482765 
1105861	1.511846 
1105862	1.523174 
1105863	1.510333 
1105864	1.476771 
1105865	1.433639 
1105866	1.393619 
1105867	1.366327 
1105868	1.357246 
1105869	1.368176 
1105870	1.397530 
1105871	1.440200 
1105872	1.487213 
1105873	1.526581 
1105874	1.547272 
1105875	1.544925 
1105876	1.524346 
1105877	1.496052 
1105878	1.470591 
1105879	1.455302 
1105880	1.454102 
1105881	1.468073 
1105882	1.495812 
1105883	1.533328 
1105884	1.573688 
1105885	1.607303 
1105886	1.624537 
1105887	1.620280 
1105888	1.596941 
1105889	1.562895 
1105890	1.527930 
1105891	1.499760 
1105892	1.483212 
1105893	1.480603 
1105894	1.492080 
1105895	1.515639 
1105896	1.546829 
1105897	1.578441 
1105898	1.601275 
1105899	1.607438 
1105900	1.594629 
1105901	1.567586 
1105902	1.535093 
1105903	1.505611 
1105904	1.484988 
1105905	1.476433 
1105906	1.480992 
1105907	1.497850 
1105908	1.524278 
1105909	1.555287 
1105910	1.583347 
1105911	1.599517 
1105912	1.597191 
1105913	1.575951 
1105914	1.541825 
1105915	1.503669 
1105916	1.469237 
1105917	1.443741 
1105918	1.430061 
1105919	1.429106 
1105920	1.439905 
1105921	1.459347 
1105922	1.481655 
1105923	1.498448 
1105924	1.501107 
1105925	1.485140 
1105926	1.453119 
1105927	1.413232 
1105928	1.374841 
1105929	1.345045 
1105930	1.328087 
1105931	1.325858 
1105932	1.338285 
1105933	1.363486 
1105934	1.397643 
1105935	1.434663 
1105936	1.466287 
1105937	1.484229 
1105938	1.484132 
1105939	1.468048 
1105940	1.442977 
1105941	1.416995 
1105942	1.396381 
1105943	1.385080 
1105944	1.385151 
1105945	1.397171 
1105946	1.420302 
1105947	1.451982 
1105948	1.487393 
1105949	1.519189 
1105950	1.538841 
1105951	1.540217 
1105952	1.523082 
1105953	1.493346 
1105954	1.459814 
1105955	1.430494 
1105956	1.410999 
1105957	1.404564 
1105958	1.412334 
1105959	1.433498 
1105960	1.465266 
1105961	1.502677 
1105962	1.538318 
1105963	1.563031 
1105964	1.569195 
1105965	1.554781 
1105966	1.524522 
1105967	1.487210 
1105968	1.451508 
1105969	1.423481 
1105970	1.406567 
1105971	1.402304 
1105972	1.410743 
1105973	1.430498 
1105974	1.458562 
1105975	1.490050 
1105976	1.518379 
1105977	1.536756 
1105978	1.540931 
1105979	1.531368 
1105980	1.512860 
1105981	1.491958 
1105982	1.474439 
1105983	1.464228 
1105984	1.463353 
1105985	1.472232 
1105986	1.490112 
1105987	1.515551 
1105988	1.546792 
1105989	1.581950 
1105990	1.618970 
1105991	1.655507 
1105992	1.688840 
1105993	1.715943 
1105994	1.733927 
1105995	1.740927 
1105996	1.736973 
1105997	1.724175 
1105998	1.706057 
1105999	1.686594 
1106000	1.669508 
1106001	1.657850 
1088001	1.603484 
1088002	1.638727 
1088003	1.669298 
1088004	1.681269 
1088005	1.665082 
1088006	1.621669 
1088007	1.562349 
1088008	1.502494 
1088009	1.454782 
1088010	1.426932 
1088011	1.422472 
1088012	1.441348 
1088013	1.479790 
1088014	1.529427 
1088015	1.576758 
1088016	1.606678 
1088017	1.610052 
1088018	1.589203 
1088019	1.555919 
1088020	1.524143 
1088021	1.504032 
1088022	1.500857 
1088023	1.516169 
1088024	1.548549 
1088025	1.593711 
1088026	1.644108 
1088027	1.688736 
1088028	1.715093 
1088029	1.714612 
1088030	1.687726 
1088031	1.643487 
1088032	1.594105 
1088033	1.549787 
1088034	1.517176 
1088035	1.499847 
1088036	1.498693 
1088037	1.511876 
1088038	1.534153 
1088039	1.555918 
1088040	1.564439 
1088041	1.549585 
1088042	1.510549 
1088043	1.457049 
1088044	1.403692 
1088045	1.363139 
1088046	1.343089 
1088047	1.346800 
1088048	1.373928 
1088049	1.420590 
1088050	1.478695 
1088051	1.535846 
1088052	1.578578 
1088053	1.598677 
1088054	1.597798 
1088055	1.585492 
1088056	1.572761 
1088057	1.567435 
1088058	1.573633 
1088059	1.592655 
1088060	1.623514 
1088061	1.662983 
1088062	1.705234 
1088063	1.741378 
1088064	1.760603 
1088065	1.754697 
1088066	1.723109 
1088067	1.673605 
1088068	1.617799 
1088069	1.566044 
1088070	1.525453 
1088071	1.500213 
1088072	1.492000 
1088073	1.499927 
1088074	1.519928 
1088075	1.543640 
1088076	1.558695 
1088077	1.553705 
1088078	1.525649 
1088079	1.482524 
1088080	1.438112 
1088081	1.404692 
1088082	1.389784 
1088083	1.396556 
1088084	1.424678 
1088085	1.470591 
1088086	1.527244 
1088087	1.583678 
1088088	1.626359 
1088089	1.644579 
1088090	1.636373 
1088091	1.609115 
1088092	1.574403 
1088093	1.542239 
1088094	1.518926 
1088095	1.507729 
1088096	1.509539 
1088097	1.522955 
1088098	1.543821 
1088099	1.564311 
1088100	1.573196 
1088101	1.560148 
1088102	1.522464 
1088103	1.467890 
1088104	1.410464 
1088105	1.363775 
1088106	1.336990 
1088107	1.334659 
1088108	1.357457 
1088109	1.402316 
1088110	1.461863 
1088111	1.523959 
1088112	1.574241 
1088113	1.602467 
1088114	1.608075 
1088115	1.599609 
1088116	1.588554 
1088117	1.583668 
1088118	1.589698 
1088119	1.608327 
1088120	1.639003 
1088121	1.679274 
1088122	1.724732 
1088123	1.768436 
1088124	1.800774 
1088125	1.812268 
1088126	1.798436 
1088127	1.762560 
1088128	1.713873 
1088129	1.662732 
1088130	1.616977 
1088131	1.581621 
1088132	1.559545 
1088133	1.551655 
1088134	1.556659 
1088135	1.570379 
1088136	1.584742 
1088137	1.588667 
1088138	1.573271 
1088139	1.538042 
1088140	1.491895 
1088141	1.447977 
1088142	1.417471 
1088143	1.406930 
1088144	1.418920 
1088145	1.452860 
1088146	1.505222 
1088147	1.569226 
1088148	1.634772 
1088149	1.690125 
1088150	1.726390 
1088151	1.742053 
1088152	1.742716 
1088153	1.736770 
1088154	1.731105 
1088155	1.729738 
1088156	1.734484 
1088157	1.745517 
1088158	1.761526 
1088159	1.779482 
1088160	1.794066 
1088161	1.797524 
1088162	1.781914 
1088163	1.743510 
1088164	1.685947 
1088165	1.619038 
1088166	1.553986 
1088167	1.499629 
1088168	1.461990 
1088169	1.444504 
1088170	1.447987 
1088171	1.470194 
1088172	1.504724 
1088173	1.540313 
1088174	1.563737 
1088175	1.566673 
1088176	1.551064 
1088177	1.527270 
1088178	1.507188 
1088179	1.499067 
1088180	1.506905 
1088181	1.531552 
1088182	1.571407 
1088183	1.622588 
1088184	1.678745 
1088185	1.730535 
1088186	1.766551 
1088187	1.777904 
1088188	1.763123 
1088189	1.728830 
1088190	1.685653 
1088191	1.643124 
1088192	1.607713 
1088193	1.583356 
1088194	1.571988 
1088195	1.573582 
1088196	1.585787 
1088197	1.603099 
1088198	1.616264 
1088199	1.614705 
1088200	1.592527 
1088201	1.553113 
1088202	1.507408 
1088203	1.467839 
1088204	1.443527 
1088205	1.439389 
1088206	1.456908 
1088207	1.494664 
1088208	1.548363 
1088209	1.610592 
1088210	1.670795 
1088211	1.717339 
1088212	1.742742 
1088213	1.747416 
1088214	1.738330 
1088215	1.724232 
1088216	1.711806 
1088217	1.704973 
1088218	1.705543 
1088219	1.713608 
1088220	1.727578 
1088221	1.743799 
1088222	1.755875 
1088223	1.754923 
1088224	1.732865 
1088225	1.687422 
1088226	1.624493 
1088227	1.555413 
1088228	1.491532 
1088229	1.441186 
1088230	1.409678 
1088231	1.399446 
1088232	1.409883 
1088233	1.436625 
1088234	1.470372 
1088235	1.497272 
1088236	1.504297 
1088237	1.487195 
1088238	1.453528 
1088239	1.417307 
1088240	1.391194 
1088241	1.382882 
1088242	1.395615 
1088243	1.429187 
1088244	1.480350 
1088245	1.542653 
1088246	1.606053 
1088247	1.657698 
1088248	1.686242 
1088249	1.687747 
1088250	1.667587 
1088251	1.636480 
1088252	1.604704 
1088253	1.579316 
1088254	1.564350 
1088255	1.561438 
1088256	1.570009 
1088257	1.587077 
1088258	1.606559 
1088259	1.618705 
1088260	1.612356 
1088261	1.580905 
1088262	1.527349 
1088263	1.463218 
1088264	1.402660 
1088265	1.357093 
1088266	1.333479 
1088267	1.334760 
1088268	1.360208 
1088269	1.405132 
1088270	1.460039 
1088271	1.511035 
1088272	1.544319 
1088273	1.553296 
1088274	1.542244 
1088275	1.522534 
1088276	1.505557 
1088277	1.498764 
1088278	1.505737 
1088279	1.527170 
1088280	1.561420 
1088281	1.604567 
1088282	1.649828 
1088283	1.687041 
1088284	1.705102 
1088285	1.697251 
1088286	1.665136 
1088287	1.618018 
1088288	1.567820 
1088289	1.524228 
1088290	1.493281 
1088291	1.478201 
1088292	1.479846 
1088293	1.496527 
1088294	1.523204 
1088295	1.550468 
1088296	1.565932 
1088297	1.560107 
1088298	1.532788 
1088299	1.493475 
1088300	1.455297 
1088301	1.428825 
1088302	1.420213 
1088303	1.431918 
1088304	1.463364 
1088305	1.511122 
1088306	1.568599 
1088307	1.625601 
1088308	1.669832 
1088309	1.691901 
1088310	1.690396 
1088311	1.672082 
1088312	1.647131 
1088313	1.624136 
1088314	1.608427 
1088315	1.602610 
1088316	1.607159 
1088317	1.620542 
1088318	1.638826 
1088319	1.654763 
1088320	1.657794 
1088321	1.637657 
1088322	1.590552 
1088323	1.522582 
1088324	1.446768 
1088325	1.376763 
1088326	1.322775 
1088327	1.291116 
1088328	1.284557 
1088329	1.302107 
1088330	1.338051 
1088331	1.380499 
1088332	1.412701 
1088333	1.420555 
1088334	1.401916 
1088335	1.368205 
1088336	1.336343 
1088337	1.319969 
1088338	1.326423 
1088339	1.357864 
1088340	1.412409 
1088341	1.484529 
1088342	1.564935 
1088343	1.640558 
1088344	1.697244 
1088345	1.725899 
1088346	1.727074 
1088347	1.709573 
1088348	1.684651 
1088349	1.661268 
1088350	1.645063 
1088351	1.638992 
1088352	1.643808 
1088353	1.658122 
1088354	1.677998 
1088355	1.696148 
1088356	1.702154 
1088357	1.686172 
1088358	1.645028 
1088359	1.585371 
1088360	1.520454 
1088361	1.463898 
1088362	1.425588 
1088363	1.411093 
1088364	1.422214 
1088365	1.457088 
1088366	1.509674 
1088367	1.568893 
1088368	1.619941 
1088369	1.650246 
1088370	1.656178 
1088371	1.644516 
1088372	1.627204 
1088373	1.614638 
1088374	1.613043 
1088375	1.625161 
1088376	1.651142 
1088377	1.688943 
1088378	1.734389 
1088379	1.780620 
1088380	1.817458 
1088381	1.833658 
1088382	1.822195 
1088383	1.784351 
1088384	1.729078 
1088385	1.668130 
1088386	1.611254 
1088387	1.565024 
1088388	1.533491 
1088389	1.518406 
1088390	1.518999 
1088391	1.531258 
1088392	1.546742 
1088393	1.552700 
1088394	1.537197 
1088395	1.497107 
1088396	1.441308 
1088397	1.385435 
1088398	1.343775 
1088399	1.325273 
1088400	1.333795 
1088401	1.369034 
1088402	1.426849 
1088403	1.499013 
1088404	1.572966 
1088405	1.634221 
1088406	1.672645 
1088407	1.687403 
1088408	1.686062 
1088409	1.678842 
1088410	1.673594 
1088411	1.674683 
1088412	1.683828 
1088413	1.700736 
1088414	1.723277 
1088415	1.747163 
1088416	1.765180 
1088417	1.767180 
1088418	1.743556 
1088419	1.691054 
1088420	1.615922 
1088421	1.531164 
1088422	1.450683 
1088423	1.385062 
1088424	1.341113 
1088425	1.322278 
1088426	1.328409 
1088427	1.354834 
1088428	1.390696 
1088429	1.419289 
1088430	1.424969 
1088431	1.403251 
1088432	1.364244 
1088433	1.325306 
1088434	1.301232 
1088435	1.300175 
1088436	1.324787 
1088437	1.373691 
1088438	1.442132 
1088439	1.521900 
1088440	1.600902 
1088441	1.665015 
1088442	1.703472 
1088443	1.713926 
1088444	1.702775 
1088445	1.680333 
1088446	1.655569 
1088447	1.634349 
1088448	1.620025 
1088449	1.613956 
1088450	1.615561 
1088451	1.622041 
1088452	1.627712 
1088453	1.623622 
1088454	1.600005 
1088455	1.552257 
1088456	1.485337 
1088457	1.411911 
1088458	1.346012 
1088459	1.298445 
1088460	1.275695 
1088461	1.280191 
1088462	1.310390 
1088463	1.360252 
1088464	1.418609 
1088465	1.470867 
1088466	1.504956 
1088467	1.518135 
1088468	1.517629 
1088469	1.514502 
1088470	1.517409 
1088471	1.530823 
1088472	1.556136 
1088473	1.592602 
1088474	1.637675 
1088475	1.686864 
1088476	1.733316 
1088477	1.767795 
1088478	1.780959 
1088479	1.768128 
1088480	1.732338 
1088481	1.682490 
1088482	1.628520 
1088483	1.578223 
1088484	1.536884 
1088485	1.507661 
1088486	1.491783 
1088487	1.488270 
1088488	1.492949 
1088489	1.497168 
1088490	1.489278 
1088491	1.460604 
1088492	1.412066 
1088493	1.354581 
1088494	1.302593 
1088495	1.267619 
1088496	1.256079 
1088497	1.270011 
1088498	1.307786 
1088499	1.363979 
1088500	1.428651 
1088501	1.487924 
1088502	1.528262 
1088503	1.543153 
1088504	1.536412 
1088505	1.518355 
1088506	1.499338 
1088507	1.486298 
1088508	1.482766 
1088509	1.489676 
1088510	1.505660 
1088511	1.526812 
1088512	1.545854 
1088513	1.551815 
1088514	1.533164 
1088515	1.484381 
1088516	1.410639 
1088517	1.325801 
1088518	1.245910 
1088519	1.183287 
1088520	1.145532 
1088521	1.136108 
1088522	1.153983 
1088523	1.192285 
1088524	1.236602 
1088525	1.267756 
1088526	1.271436 
1088527	1.248317 
1088528	1.213500 
1088529	1.185992 
1088530	1.179374 
1088531	1.199807 
1088532	1.247909 
1088533	1.320111 
1088534	1.409004 
1088535	1.503102 
1088536	1.588123 
1088537	1.651252 
1088538	1.686760 
1088539	1.698270 
1088540	1.695075 
1088541	1.686544 
1088542	1.679174 
1088543	1.676623 
1088544	1.680390 
1088545	1.690179 
1088546	1.703871 
1088547	1.717117 
1088548	1.722778 
1088549	1.711974 
1088550	1.678234 
1088551	1.622436 
1088552	1.553664 
1088553	1.484704 
1088554	1.426957 
1088555	1.388297 
1088556	1.372988 
1088557	1.382020 
1088558	1.412970 
1088559	1.459072 
1088560	1.508568 
1088561	1.547655 
1088562	1.566991 
1088563	1.567080 
1088564	1.557091 
1088565	1.548334 
1088566	1.548798 
1088567	1.562341 
1088568	1.589864 
1088569	1.630120 
1088570	1.680012 
1088571	1.734473 
1088572	1.785693 
1088573	1.823168 
1088574	1.837466 
1088575	1.825038 
1088576	1.790153 
1088577	1.742290 
1088578	1.691333 
1088579	1.644380 
1088580	1.606028 
1088581	1.579050 
1088582	1.564406 
1088583	1.560825 
1088584	1.563996 
1088585	1.565567 
1088586	1.554370 
1088587	1.522197 
1088588	1.470207 
1088589	1.409287 
1088590	1.353925 
1088591	1.316015 
1088592	1.302552 
1088593	1.316042 
1088594	1.355085 
1088595	1.414388 
1088596	1.484495 
1088597	1.552381 
1088598	1.604941 
1088599	1.635101 
1088600	1.645050 
1088601	1.643269 
1088602	1.638739 
1088603	1.637680 
1088604	1.643478 
1088605	1.657330 
1088606	1.678605 
1088607	1.704854 
1088608	1.731448 
1088609	1.750903 
1088610	1.753572 
1088611	1.731683 
1088612	1.684360 
1088613	1.619130 
1088614	1.548173 
1088615	1.483032 
1088616	1.432233 
1088617	1.401053 
1088618	1.391754 
1088619	1.403472 
1088620	1.431389 
1088621	1.465391 
1088622	1.491146 
1088623	1.496366 
1088624	1.478480 
1088625	1.446467 
1088626	1.414712 
1088627	1.395396 
1088628	1.395250 
1088629	1.416481 
1088630	1.458033 
1088631	1.515991 
1088632	1.583414 
1088633	1.650172 
1088634	1.704257 
1088635	1.736036 
1088636	1.743248 
1088637	1.731702 
1088638	1.710936 
1088639	1.689368 
1088640	1.672519 
1088641	1.663396 
1088642	1.663049 
1088643	1.670803 
1088644	1.684100 
1088645	1.697895 
1088646	1.704225 
1088647	1.694228 
1088648	1.662893 
1088649	1.612988 
1088650	1.554202 
1088651	1.498059 
1088652	1.453559 
1088653	1.426396 
1088654	1.419347 
1088655	1.432499 
1088656	1.463068 
1088657	1.504756 
1088658	1.547370 
1088659	1.578982 
1088660	1.591550 
1088661	1.585717 
1088662	1.569608 
1088663	1.553096 
1088664	1.543296 
1088665	1.543953 
1088666	1.556387 
1088667	1.580047 
1088668	1.612593 
1088669	1.649575 
1088670	1.683833 
1088671	1.705886 
1088672	1.707407 
1088673	1.686041 
1088674	1.647039 
1088675	1.599959 
1088676	1.553877 
1088677	1.515156 
1088678	1.487738 
1088679	1.473579 
1088680	1.472663 
1088681	1.482615 
1088682	1.497803 
1088683	1.508870 
1088684	1.505608 
1088685	1.483188 
1088686	1.446193 
1088687	1.405816 
1088688	1.373458 
1088689	1.356761 
1088690	1.359428 
1088691	1.382087 
1088692	1.422686 
1088693	1.476326 
1088694	1.534787 
1088695	1.586865 
1088696	1.621779 
1088697	1.634664 
1088698	1.629094 
1088699	1.613937 
1088700	1.598049 
1088701	1.587462 
1088702	1.585498 
1088703	1.593383 
1088704	1.610533 
1088705	1.634438 
1088706	1.660201 
1088707	1.680053 
1088708	1.684827 
1088709	1.668578 
1088710	1.632887 
1088711	1.586369 
1088712	1.539811 
1088713	1.501804 
1088714	1.477721 
1088715	1.470189 
1088716	1.479455 
1088717	1.503331 
1088718	1.536678 
1088719	1.570721 
1088720	1.594071 
1088721	1.597606 
1088722	1.580229 
1088723	1.549564 
1088724	1.516841 
1088725	1.491380 
1088726	1.478819 
1088727	1.481754 
1088728	1.500353 
1088729	1.532515 
1088730	1.573601 
1088731	1.615753 
1088732	1.648290 
1088733	1.661795 
1088734	1.653614 
1088735	1.629563 
1088736	1.600005 
1088737	1.574400 
1088738	1.558972 
1088739	1.557014 
1088740	1.569534 
1088741	1.595552 
1088742	1.631884 
1088743	1.672462 
1088744	1.708047 
1088745	1.728646 
1088746	1.728459 
1088747	1.709550 
1088748	1.680397 
1088749	1.650851 
1088750	1.628314 
1088751	1.617168 
1088752	1.619451 
1088753	1.635235 
1088754	1.662574 
1088755	1.697053 
1088756	1.731169 
1088757	1.754928 
1088758	1.759730 
1088759	1.743510 
1088760	1.712186 
1088761	1.675806 
1088762	1.643523 
1088763	1.621504 
1088764	1.613169 
1088765	1.619678 
1088766	1.640048 
1088767	1.670885 
1088768	1.705696 
1088769	1.734470 
1088770	1.746161 
1088771	1.734342 
1088772	1.701231 
1088773	1.656243 
1088774	1.610662 
1088775	1.573109 
1088776	1.548758 
1088777	1.540173 
1088778	1.547660 
1088779	1.569071 
1088780	1.599146 
1088781	1.628612 
1088782	1.645226 
1088783	1.639056 
1088784	1.608859 
1088785	1.563293 
1088786	1.515603 
1088787	1.477380 
1088788	1.456097 
1088789	1.455446 
1088790	1.475941 
1088791	1.515087 
1088792	1.567040 
1088793	1.621925 
1088794	1.666679 
1088795	1.689753 
1088796	1.687272 
1088797	1.665089 
1088798	1.634545 
1088799	1.606372 
1088800	1.587780 
1088801	1.582601 
1088802	1.591977 
1088803	1.614621 
1088804	1.646652 
1088805	1.681047 
1088806	1.707399 
1088807	1.714387 
1088808	1.695594 
1088809	1.654073 
1088810	1.600738 
1088811	1.548372 
1088812	1.506855 
1088813	1.482069 
1088814	1.476528 
1088815	1.489829 
1088816	1.518585 
1088817	1.555829 
1088818	1.590607 
1088819	1.610208 
1088820	1.606196 
1088821	1.579869 
1088822	1.541305 
1088823	1.503104 
1088824	1.474945 
1088825	1.462307 
1088826	1.467332 
1088827	1.489533 
1088828	1.525922 
1088829	1.570421 
1088830	1.613249 
1088831	1.642735 
1088832	1.650374 
1088833	1.635743 
1088834	1.606563 
1088835	1.573649 
1088836	1.545881 
1088837	1.528722 
1088838	1.524760 
1088839	1.534287 
1088840	1.555446 
1088841	1.583848 
1088842	1.611643 
1088843	1.627958 
1088844	1.623288 
1088845	1.595225 
1088846	1.550463 
1088847	1.500926 
1088848	1.457721 
1088849	1.428156 
1088850	1.416135 
1088851	1.422807 
1088852	1.446624 
1088853	1.482840 
1088854	1.522606 
1088855	1.553669 
1088856	1.565326 
1088857	1.554796 
1088858	1.528798 
1088859	1.498775 
1088860	1.474756 
1088861	1.462772 
1088862	1.465520 
1088863	1.483215 
1088864	1.513809 
1088865	1.552569 
1088866	1.591096 
1088867	1.617906 
1088868	1.622874 
1088869	1.602947 
1088870	1.564288 
1088871	1.518554 
1088872	1.476874 
1088873	1.446881 
1088874	1.432965 
1088875	1.436776 
1088876	1.457260 
1088877	1.490202 
1088878	1.527346 
1088879	1.556576 
1088880	1.566321 
1088881	1.552448 
1088882	1.521065 
1088883	1.484406 
1088884	1.454212 
1088885	1.438032 
1088886	1.439474 
1088887	1.459159 
1088888	1.495029 
1088889	1.541871 
1088890	1.590338 
1088891	1.627792 
1088892	1.643239 
1088893	1.633325 
1088894	1.604412 
1088895	1.568477 
1088896	1.536916 
1088897	1.517157 
1088898	1.512976 
1088899	1.525359 
1088900	1.552745 
1088901	1.590633 
1088902	1.630659 
1088903	1.660855 
1088904	1.669873 
1088905	1.653389 
1088906	1.617065 
1088907	1.573006 
1088908	1.533272 
1088909	1.506064 
1088910	1.495762 
1088911	1.503683 
1088912	1.528279 
1088913	1.564707 
1088914	1.603805 
1088915	1.632192 
1088916	1.636873 
1088917	1.612436 
1088918	1.564650 
1088919	1.506909 
1088920	1.453029 
1088921	1.412730 
1088922	1.391521 
1088923	1.391416 
1088924	1.410960 
1088925	1.444598 
1088926	1.481510 
1088927	1.506252 
1088928	1.504927 
1088929	1.473841 
1088930	1.422476 
1088931	1.367345 
1088932	1.323509 
1088933	1.300616 
1088934	1.303125 
1088935	1.331125 
1088936	1.380461 
1088937	1.442235 
1088938	1.502522 
1088939	1.545463 
1088940	1.560852 
1088941	1.550207 
1088942	1.524857 
1088943	1.498342 
1088944	1.480635 
1088945	1.477276 
1088946	1.490378 
1088947	1.519272 
1088948	1.560567 
1088949	1.607744 
1088950	1.650541 
1088951	1.676206 
1088952	1.675014 
1088953	1.646341 
1088954	1.599257 
1088955	1.546968 
1088956	1.500827 
1088957	1.468339 
1088958	1.453555 
1088959	1.457477 
1088960	1.478066 
1088961	1.509653 
1088962	1.542072 
1088963	1.561601 
1088964	1.556592 
1088965	1.524877 
1088966	1.475618 
1088967	1.423391 
1088968	1.380904 
1088969	1.356053 
1088970	1.352490 
1088971	1.370465 
1088972	1.406976 
1088973	1.455062 
1088974	1.502790 
1088975	1.535180 
1088976	1.540915 
1088977	1.519294 
1088978	1.480577 
1088979	1.439195 
1088980	1.406996 
1088981	1.391107 
1088982	1.394655 
1088983	1.417454 
1088984	1.456049 
1088985	1.503082 
1088986	1.546486 
1088987	1.571719 
1088988	1.568709 
1088989	1.538428 
1088990	1.492384 
1088991	1.445480 
1088992	1.409524 
1088993	1.391614 
1088994	1.394854 
1088995	1.418870 
1088996	1.459716 
1088997	1.509164 
1088998	1.554303 
1088999	1.580613 
1089000	1.579406 
1089001	1.553662 
1089002	1.515870 
1089003	1.480318 
1089004	1.457384 
1089005	1.452708 
1089006	1.468169 
1089007	1.502515 
1089008	1.551428 
1089009	1.607103 
1089010	1.657886 
1089011	1.691076 
1089012	1.699285 
1089013	1.684661 
1089014	1.657006 
1089015	1.627907 
1089016	1.605882 
1089017	1.595554 
1089018	1.598742 
1089019	1.615075 
1089020	1.642016 
1089021	1.674358 
1089022	1.703565 
1089023	1.718861 
1089024	1.711702 
1089025	1.680956 
1089026	1.633916 
1089027	1.581891 
1089028	1.534889 
1089029	1.499668 
1089030	1.480075 
1089031	1.477464 
1089032	1.490715 
1089033	1.515735 
1089034	1.544408 
1089035	1.564734 
1089036	1.565530 
1089037	1.543264 
1089038	1.504712 
1089039	1.462771 
1089040	1.429665 
1089041	1.413176 
1089042	1.416964 
1089043	1.441555 
1089044	1.484613 
1089045	1.540466 
1089046	1.599240 
1089047	1.648072 
1089048	1.676185 
1089049	1.680420 
1089050	1.666532 
1089051	1.644896 
1089052	1.624925 
1089053	1.612597 
1089054	1.610910 
1089055	1.620614 
1089056	1.640450 
1089057	1.666883 
1089058	1.693357 
1089059	1.709952 
1089060	1.705978 
1089061	1.675630 
1089062	1.622285 
1089063	1.557228 
1089064	1.493946 
1089065	1.442886 
1089066	1.410423 
1089067	1.399537 
1089068	1.410014 
1089069	1.438078 
1089070	1.475452 
1089071	1.508900 
1089072	1.523874 
1089073	1.512384 
1089074	1.478410 
1089075	1.434987 
1089076	1.396227 
1089077	1.371975 
1089078	1.367329 
1089079	1.383655 
1089080	1.419110 
1089081	1.468521 
1089082	1.522696 
1089083	1.568477 
1089084	1.592800 
1089085	1.589619 
1089086	1.563566 
1089087	1.526526 
1089088	1.490762 
1089089	1.464811 
1089090	1.453413 
1089091	1.458310 
1089092	1.478566 
1089093	1.510340 
1089094	1.546113 
1089095	1.574382 
1089096	1.583018 
1089097	1.566039 
1089098	1.527893 
1089099	1.480586 
1089100	1.436835 
1089101	1.405721 
1089102	1.392383 
1089103	1.398715 
1089104	1.423583 
1089105	1.462483 
1089106	1.506682 
1089107	1.543302 
1089108	1.559608 
1089109	1.550212 
1089110	1.520527 
1089111	1.482749 
1089112	1.448849 
1089113	1.426805 
1089114	1.420729 
1089115	1.431688 
1089116	1.457946 
1089117	1.494632 
1089118	1.532918 
1089119	1.560323 
1089120	1.565082 
1089121	1.542975 
1089122	1.500369 
1089123	1.450127 
1089124	1.404870 
1089125	1.373237 
1089126	1.359813 
1089127	1.365893 
1089128	1.389668 
1089129	1.425626 
1089130	1.463474 
1089131	1.489377 
1089132	1.491893 
1089133	1.469025 
1089134	1.429806 
1089135	1.388537 
1089136	1.357562 
1089137	1.344138 
1089138	1.351219 
1089139	1.378482 
1089140	1.422474 
1089141	1.476021 
1089142	1.527658 
1089143	1.563912 
1089144	1.575560 
1089145	1.563358 
1089146	1.537300 
1089147	1.510037 
1089148	1.491203 
1089149	1.486246 
1089150	1.497327 
1089151	1.523952 
1089152	1.563064 
1089153	1.608675 
1089154	1.651211 
1089155	1.678833 
1089156	1.682650 
1089157	1.662171 
1089158	1.625595 
1089159	1.584559 
1089160	1.548867 
1089161	1.524857 
1089162	1.515875 
1089163	1.522788 
1089164	1.544048 
1089165	1.575243 
1089166	1.608127 
1089167	1.630938 
1089168	1.633087 
1089169	1.611632 
1089170	1.573455 
1089171	1.530960 
1089172	1.495620 
1089173	1.474680 
1089174	1.471662 
1089175	1.487244 
1089176	1.519482 
1089177	1.563374 
1089178	1.609832 
1089179	1.646200 
1089180	1.661015 
1089181	1.650194 
1089182	1.619440 
1089183	1.580432 
1089184	1.544485 
1089185	1.519198 
1089186	1.508764 
1089187	1.514663 
1089188	1.535791 
1089189	1.568080 
1089190	1.603653 
1089191	1.630738 
1089192	1.637351 
1089193	1.618141 
1089194	1.578370 
1089195	1.530633 
1089196	1.487964 
1089197	1.459502 
1089198	1.450166 
1089199	1.461450 
1089200	1.491731 
1089201	1.535977 
1089202	1.585089 
1089203	1.625993 
1089204	1.645580 
1089205	1.637844 
1089206	1.607659 
1089207	1.567217 
1089208	1.529070 
1089209	1.501886 
1089210	1.490290 
1089211	1.495804 
1089212	1.517203 
1089213	1.550182 
1089214	1.586295 
1089215	1.612612 
1089216	1.615789 
1089217	1.589293 
1089218	1.537989 
1089219	1.475383 
1089220	1.416263 
1089221	1.371307 
1089222	1.346646 
1089223	1.344677 
1089224	1.364148 
1089225	1.399506 
1089226	1.439595 
1089227	1.468243 
1089228	1.470714 
1089229	1.442977 
1089230	1.394910 
1089231	1.343681 
1089232	1.304695 
1089233	1.287498 
1089234	1.296250 
1089235	1.330665 
1089236	1.386197 
1089237	1.453593 
1089238	1.518500 
1089239	1.564661 
1089240	1.581832 
1089241	1.571654 
1089242	1.545688 
1089243	1.518084 
1089244	1.499378 
1089245	1.495233 
1089246	1.507669 
1089247	1.535843 
1089248	1.576024 
1089249	1.620840 
1089250	1.658717 
1089251	1.676533 
1089252	1.665890 
1089253	1.628545 
1089254	1.575854 
1089255	1.522480 
1089256	1.480191 
1089257	1.456313 
1089258	1.454335 
1089259	1.474278 
1089260	1.512569 
1089261	1.561412 
1089262	1.608334 
1089263	1.638793 
1089264	1.643260 
1089265	1.623234 
1089266	1.589813 
1089267	1.556544 
1089268	1.533579 
1089269	1.526557 
1089270	1.537546 
1089271	1.565727 
1089272	1.607514 
1089273	1.656154 
1089274	1.701248 
1089275	1.730241 
1089276	1.733642 
1089277	1.710723 
1089278	1.670008 
1089279	1.624045 
1089280	1.583722 
1089281	1.556158 
1089282	1.545128 
1089283	1.551687 
1089284	1.574286 
1089285	1.608240 
1089286	1.644728 
1089287	1.671217 
1089288	1.676149 
1089289	1.655673 
1089290	1.616487 
1089291	1.571754 
1089292	1.534126 
1089293	1.512017 
1089294	1.509842 
1089295	1.528741 
1089296	1.566792 
1089297	1.618774 
1089298	1.675691 
1089299	1.724844 
1089300	1.753454 
1089301	1.755421 
1089302	1.734698 
1089303	1.702185 
1089304	1.669532 
1089305	1.644895 
1089306	1.632763 
1089307	1.634927 
1089308	1.650803 
1089309	1.677236 
1089310	1.707926 
1089311	1.732924 
1089312	1.740107 
1089313	1.720714 
1089314	1.675268 
1089315	1.613904 
1089316	1.550724 
1089317	1.497654 
1089318	1.462437 
1089319	1.449057 
1089320	1.458066 
1089321	1.486436 
1089322	1.526887 
1089323	1.567230 
1089324	1.592467 
1089325	1.591763 
1089326	1.565352 
1089327	1.524170 
1089328	1.482658 
1089329	1.452128 
1089330	1.439079 
1089331	1.446029 
1089332	1.472216 
1089333	1.513795 
1089334	1.563586 
1089335	1.610575 
1089336	1.641450 
1089337	1.646445 
1089338	1.625099 
1089339	1.586407 
1089340	1.543447 
1089341	1.507257 
1089342	1.484593 
1089343	1.478802 
1089344	1.490471 
1089345	1.517438 
1089346	1.554383 
1089347	1.592230 
1089348	1.618930 
1089349	1.624331 
1089350	1.606372 
1089351	1.572376 
1089352	1.534440 
1089353	1.503422 
1089354	1.485979 
1089355	1.485137 
1089356	1.501170 
1089357	1.531758 
1089358	1.571659 
1089359	1.612154 
1089360	1.641587 
1089361	1.649548 
1089362	1.632875 
1089363	1.597769 
1089364	1.555726 
1089365	1.517524 
1089366	1.490393 
1089367	1.478261 
1089368	1.482340 
1089369	1.501242 
1089370	1.530623 
1089371	1.562440 
1089372	1.585283 
1089373	1.588405 
1089374	1.567996 
1089375	1.529921 
1089376	1.485865 
1089377	1.447162 
1089378	1.421565 
1089379	1.413203 
1089380	1.423225 
1089381	1.449974 
1089382	1.488609 
1089383	1.530380 
1089384	1.563221 
1089385	1.576091 
1089386	1.565379 
1089387	1.537293 
1089388	1.503499 
1089389	1.474877 
1089390	1.458559 
1089391	1.458155 
1089392	1.474439 
1089393	1.505569 
1089394	1.546825 
1089395	1.590022 
1089396	1.623837 
1089397	1.637431 
1089398	1.626455 
1089399	1.595915 
1089400	1.556763 
1089401	1.519960 
1089402	1.493206 
1089403	1.480858 
1089404	1.484517 
1089405	1.503275 
1089406	1.533482 
1089407	1.568070 
1089408	1.596357 
1089409	1.606998 
1089410	1.594107 
1089411	1.561437 
1089412	1.519984 
1089413	1.481761 
1089414	1.455490 
1089415	1.445999 
1089416	1.454979 
1089417	1.481422 
1089418	1.521485 
1089419	1.567957 
1089420	1.610091 
1089421	1.636097 
1089422	1.638751 
1089423	1.619775 
1089424	1.588306 
1089425	1.555225 
1089426	1.528758 
1089427	1.513707 
1089428	1.512143 
1089429	1.523800 
1089430	1.546026 
1089431	1.573239 
1089432	1.596239 
1089433	1.603835 
1089434	1.588204 
1089435	1.550097 
1089436	1.498804 
1089437	1.446746 
1089438	1.404138 
1089439	1.377429 
1089440	1.369737 
1089441	1.381263 
1089442	1.409233 
1089443	1.447283 
1089444	1.485091 
1089445	1.510753 
1089446	1.516630 
1089447	1.504230 
1089448	1.482793 
1089449	1.463136 
1089450	1.452992 
1089451	1.456304 
1089452	1.474122 
1089453	1.505207 
1089454	1.546130 
1089455	1.591003 
1089456	1.631168 
1089457	1.656571 
1089458	1.659958 
1089459	1.641078 
1089460	1.606681 
1089461	1.566284 
1089462	1.528026 
1089463	1.497324 
1089464	1.477253 
1089465	1.468889 
1089466	1.471339 
1089467	1.481312 
1089468	1.492297 
1089469	1.494731 
1089470	1.479739 
1089471	1.445005 
1089472	1.397271 
1089473	1.348532 
1089474	1.310067 
1089475	1.289220 
1089476	1.289385 
1089477	1.310743 
1089478	1.350463 
1089479	1.402284 
1089480	1.456120 
1089481	1.499812 
1089482	1.524152 
1089483	1.527936 
1089484	1.518006 
1089485	1.504199 
1089486	1.494453 
1089487	1.493412 
1089488	1.503096 
1089489	1.523501 
1089490	1.552761 
1089491	1.586897 
1089492	1.619304 
1089493	1.641014 
1089494	1.643754 
1089495	1.624775 
1089496	1.589046 
1089497	1.546341 
1089498	1.506398 
1089499	1.476251 
1089500	1.460076 
1089501	1.459597 
1087001	1.538890 
1087002	1.561769 
1087003	1.556093 
1087004	1.521312 
1087005	1.469107 
1087006	1.416348 
1087007	1.377270 
1087008	1.360372 
1087009	1.369032 
1087010	1.402264 
1087011	1.454593 
1087012	1.515047 
1087013	1.567552 
1087014	1.596425 
1087015	1.594342 
1087016	1.566537 
1087017	1.527027 
1087018	1.490773 
1087019	1.468142 
1087020	1.464399 
1087021	1.480886 
1087022	1.515451 
1087023	1.562053 
1087024	1.609971 
1087025	1.644660 
1087026	1.653008 
1087027	1.630830 
1087028	1.585896 
1087029	1.533043 
1087030	1.486452 
1087031	1.455723 
1087032	1.445931 
1087033	1.458188 
1087034	1.489806 
1087035	1.533919 
1087036	1.578799 
1087037	1.609197 
1087038	1.612558 
1087039	1.586683 
1087040	1.541286 
1087041	1.491730 
1087042	1.451484 
1087043	1.428981 
1087044	1.427997 
1087045	1.448494 
1087046	1.486712 
1087047	1.534513 
1087048	1.578937 
1087049	1.605085 
1087050	1.603202 
1087051	1.574857 
1087052	1.531809 
1087053	1.488801 
1087054	1.457254 
1087055	1.443678 
1087056	1.450518 
1087057	1.476773 
1087058	1.517856 
1087059	1.564893 
1087060	1.604717 
1087061	1.623576 
1087062	1.614305 
1087063	1.581128 
1087064	1.536683 
1087065	1.494686 
1087066	1.465035 
1087067	1.453203 
1087068	1.460982 
1087069	1.486826 
1087070	1.525529 
1087071	1.567478 
1087072	1.599056 
1087073	1.607382 
1087074	1.587824 
1087075	1.547261 
1087076	1.499442 
1087077	1.457496 
1087078	1.430112 
1087079	1.421698 
1087080	1.433118 
1087081	1.461863 
1087082	1.501557 
1087083	1.541138 
1087084	1.566291 
1087085	1.565767 
1087086	1.538507 
1087087	1.494359 
1087088	1.447640 
1087089	1.410265 
1087090	1.389514 
1087091	1.388661 
1087092	1.407557 
1087093	1.442570 
1087094	1.485755 
1087095	1.524449 
1087096	1.544712 
1087097	1.538300 
1087098	1.507785 
1087099	1.464680 
1087100	1.422607 
1087101	1.391748 
1087102	1.377704 
1087103	1.382429 
1087104	1.404694 
1087105	1.439901 
1087106	1.479461 
1087107	1.510872 
1087108	1.521500 
1087109	1.505686 
1087110	1.468734 
1087111	1.423361 
1087112	1.382595 
1087113	1.355300 
1087114	1.345949 
1087115	1.355634 
1087116	1.382425 
1087117	1.420934 
1087118	1.461279 
1087119	1.490025 
1087120	1.495783 
1087121	1.475829 
1087122	1.437902 
1087123	1.395238 
1087124	1.359759 
1087125	1.338797 
1087126	1.335699 
1087127	1.350733 
1087128	1.381191 
1087129	1.420685 
1087130	1.458299 
1087131	1.480732 
1087132	1.478607 
1087133	1.452297 
1087134	1.411790 
1087135	1.370539 
1087136	1.339264 
1087137	1.324244 
1087138	1.328076 
1087139	1.350187 
1087140	1.386636 
1087141	1.429335 
1087142	1.465827 
1087143	1.482764 
1087144	1.473208 
1087145	1.441612 
1087146	1.400849 
1087147	1.364721 
1087148	1.342998 
1087149	1.340791 
1087150	1.359383 
1087151	1.396563 
1087152	1.446244 
1087153	1.497813 
1087154	1.537467 
1087155	1.553755 
1087156	1.544314 
1087157	1.517135 
1087158	1.484911 
1087159	1.458515 
1087160	1.444524 
1087161	1.445825 
1087162	1.462358 
1087163	1.491264 
1087164	1.526426 
1087165	1.557841 
1087166	1.572997 
1087167	1.562270 
1087168	1.525165 
1087169	1.471232 
1087170	1.414559 
1087171	1.367398 
1087172	1.337735 
1087173	1.329620 
1087174	1.343650 
1087175	1.376885 
1087176	1.422103 
1087177	1.467097 
1087178	1.497173 
1087179	1.502327 
1087180	1.483775 
1087181	1.453059 
1087182	1.424637 
1087183	1.409329 
1087184	1.412847 
1087185	1.436867 
1087186	1.479884 
1087187	1.537449 
1087188	1.601904 
1087189	1.661951 
1087190	1.704515 
1087191	1.720525 
1087192	1.710004 
1087193	1.681698 
1087194	1.647744 
1087195	1.618124 
1087196	1.599034 
1087197	1.593675 
1087198	1.602856 
1087199	1.625015 
1087200	1.655816 
1087201	1.687320 
1087202	1.708214 
1087203	1.707808 
1087204	1.682390 
1087205	1.638107 
1087206	1.587400 
1087207	1.542700 
1087208	1.512703 
1087209	1.502122 
1087210	1.512366 
1087211	1.541855 
1087212	1.585742 
1087213	1.635218 
1087214	1.677799 
1087215	1.701104 
1087216	1.699214 
1087217	1.676205 
1087218	1.643106 
1087219	1.611523 
1087220	1.589679 
1087221	1.582206 
1087222	1.590879 
1087223	1.614949 
1087224	1.651012 
1087225	1.692454 
1087226	1.728862 
1087227	1.748015 
1087228	1.741685 
1087229	1.710788 
1087230	1.664940 
1087231	1.616846 
1087232	1.576951 
1087233	1.552023 
1087234	1.545606 
1087235	1.558334 
1087236	1.587871 
1087237	1.628448 
1087238	1.670174 
1087239	1.699952 
1087240	1.706507 
1087241	1.686963 
1087242	1.648754 
1087243	1.604840 
1087244	1.567200 
1087245	1.543821 
1087246	1.538867 
1087247	1.553300 
1087248	1.585094 
1087249	1.628969 
1087250	1.675750 
1087251	1.712633 
1087252	1.727237 
1087253	1.714260 
1087254	1.678876 
1087255	1.633326 
1087256	1.590330 
1087257	1.559012 
1087258	1.544558 
1087259	1.548924 
1087260	1.571173 
1087261	1.607214 
1087262	1.649043 
1087263	1.684421 
1087264	1.700014 
1087265	1.688131 
1087266	1.651762 
1087267	1.602825 
1087268	1.555316 
1087269	1.519833 
1087270	1.502563 
1087271	1.506009 
1087272	1.529446 
1087273	1.568846 
1087274	1.616321 
1087275	1.659704 
1087276	1.685004 
1087277	1.683032 
1087278	1.655199 
1087279	1.612475 
1087280	1.568619 
1087281	1.534370 
1087282	1.516196 
1087283	1.517034 
1087284	1.536774 
1087285	1.572327 
1087286	1.617201 
1087287	1.660830 
1087288	1.689877 
1087289	1.694070 
1087290	1.672453 
1087291	1.633915 
1087292	1.591611 
1087293	1.556561 
1087294	1.535488 
1087295	1.531561 
1087296	1.545071 
1087297	1.573557 
1087298	1.611450 
1087299	1.649364 
1087300	1.674661 
1087301	1.676009 
1087302	1.650004 
1087303	1.603670 
1087304	1.550076 
1087305	1.501784 
1087306	1.467475 
1087307	1.451946 
1087308	1.456735 
1087309	1.480284 
1087310	1.517379 
1087311	1.558056 
1087312	1.588235 
1087313	1.595267 
1087314	1.575497 
1087315	1.536876 
1087316	1.493718 
1087317	1.459002 
1087318	1.440833 
1087319	1.442948 
1087320	1.465603 
1087321	1.505871 
1087322	1.557417 
1087323	1.610083 
1087324	1.650697 
1087325	1.667669 
1087326	1.657432 
1087327	1.626388 
1087328	1.586567 
1087329	1.549304 
1087330	1.522091 
1087331	1.508982 
1087332	1.511359 
1087333	1.528117 
1087334	1.555338 
1087335	1.585471 
1087336	1.607166 
1087337	1.608830 
1087338	1.585338 
1087339	1.541935 
1087340	1.491168 
1087341	1.446138 
1087342	1.416127 
1087343	1.406166 
1087344	1.417786 
1087345	1.449312 
1087346	1.495491 
1087347	1.546683 
1087348	1.589497 
1087349	1.611559 
1087350	1.608278 
1087351	1.585466 
1087352	1.554949 
1087353	1.527899 
1087354	1.511598 
1087355	1.509709 
1087356	1.523054 
1087357	1.549841 
1087358	1.585389 
1087359	1.621340 
1087360	1.645809 
1087361	1.647437 
1087362	1.621797 
1087363	1.574545 
1087364	1.518124 
1087365	1.465195 
1087366	1.424736 
1087367	1.401994 
1087368	1.399039 
1087369	1.414884 
1087370	1.444984 
1087371	1.480231 
1087372	1.507210 
1087373	1.513171 
1087374	1.493788 
1087375	1.456490 
1087376	1.415419 
1087377	1.383695 
1087378	1.369514 
1087379	1.376472 
1087380	1.404583 
1087381	1.450593 
1087382	1.507654 
1087383	1.564756 
1087384	1.607945 
1087385	1.625671 
1087386	1.615353 
1087387	1.584681 
1087388	1.546292 
1087389	1.511329 
1087390	1.487042 
1087391	1.477291 
1087392	1.483163 
1087393	1.503038 
1087394	1.532115 
1087395	1.561464 
1087396	1.578403 
1087397	1.571370 
1087398	1.537258 
1087399	1.484243 
1087400	1.426901 
1087401	1.378890 
1087402	1.349143 
1087403	1.341984 
1087404	1.357930 
1087405	1.393865 
1087406	1.442391 
1087407	1.491139 
1087408	1.525083 
1087409	1.533242 
1087410	1.515172 
1087411	1.480772 
1087412	1.443612 
1087413	1.414546 
1087414	1.399895 
1087415	1.402299 
1087416	1.421396 
1087417	1.453833 
1087418	1.492664 
1087419	1.526778 
1087420	1.542989 
1087421	1.532311 
1087422	1.495820 
1087423	1.444105 
1087424	1.390963 
1087425	1.347622 
1087426	1.321106 
1087427	1.314745 
1087428	1.328575 
1087429	1.359059 
1087430	1.398142 
1087431	1.433029 
1087432	1.449931 
1087433	1.441482 
1087434	1.411815 
1087435	1.373647 
1087436	1.340743 
1087437	1.322647 
1087438	1.324049 
1087439	1.345846 
1087440	1.385739 
1087441	1.438143 
1087442	1.493717 
1087443	1.539892 
1087444	1.565053 
1087445	1.564742 
1087446	1.543963 
1087447	1.513405 
1087448	1.483545 
1087449	1.461432 
1087450	1.450854 
1087451	1.453097 
1087452	1.467160 
1087453	1.489387 
1087454	1.512661 
1087455	1.526455 
1087456	1.520455 
1087457	1.490779 
1087458	1.443361 
1087459	1.390579 
1087460	1.344911 
1087461	1.315062 
1087462	1.305638 
1087463	1.317806 
1087464	1.349529 
1087465	1.395153 
1087466	1.444704 
1087467	1.485023 
1087468	1.505020 
1087469	1.502049 
1087470	1.483277 
1087471	1.460460 
1087472	1.443692 
1087473	1.438987 
1087474	1.448930 
1087475	1.473548 
1087476	1.510581 
1087477	1.555260 
1087478	1.599768 
1087479	1.633569 
1087480	1.646828 
1087481	1.635799 
1087482	1.605293 
1087483	1.565535 
1087484	1.526783 
1087485	1.496320 
1087486	1.478367 
1087487	1.474615 
1087488	1.484455 
1087489	1.504766 
1087490	1.529264 
1087491	1.548238 
1087492	1.551125 
1087493	1.532176 
1087494	1.494674 
1087495	1.449021 
1087496	1.406866 
1087497	1.376837 
1087498	1.363811 
1087499	1.369561 
1087500	1.393146 
1087501	1.430820 
1087502	1.475467 
1087503	1.516395 
1087504	1.542296 
1087505	1.547107 
1087506	1.533457 
1087507	1.510350 
1087508	1.487755 
1087509	1.472632 
1087510	1.468537 
1087511	1.476595 
1087512	1.496001 
1087513	1.523888 
1087514	1.554605 
1087515	1.579369 
1087516	1.588571 
1087517	1.576519 
1087518	1.545120 
1087519	1.502965 
1087520	1.460723 
1087521	1.426782 
1087522	1.406104 
1087523	1.401002 
1087524	1.411558 
1087525	1.435398 
1087526	1.466903 
1087527	1.496635 
1087528	1.513669 
1087529	1.511288 
1087530	1.491464 
1087531	1.463466 
1087532	1.438092 
1087533	1.423090 
1087534	1.422482 
1087535	1.437504 
1087536	1.467157 
1087537	1.508226 
1087538	1.554672 
1087539	1.597106 
1087540	1.624971 
1087541	1.631623 
1087542	1.618132 
1087543	1.592320 
1087544	1.564027 
1087545	1.540885 
1087546	1.527410 
1087547	1.525751 
1087548	1.536105 
1087549	1.556585 
1087550	1.582652 
1087551	1.606347 
1087552	1.617375 
1087553	1.607685 
1087554	1.576653 
1087555	1.531951 
1087556	1.485122 
1087557	1.446288 
1087558	1.422143 
1087559	1.416204 
1087560	1.429183 
1087561	1.458952 
1087562	1.500047 
1087563	1.543008 
1087564	1.575591 
1087565	1.587906 
1087566	1.578303 
1087567	1.554200 
1087568	1.526963 
1087569	1.506167 
1087570	1.497613 
1087571	1.503903 
1087572	1.525097 
1087573	1.558860 
1087574	1.600191 
1087575	1.640861 
1087576	1.669900 
1087577	1.677481 
1087578	1.660611 
1087579	1.625342 
1087580	1.583024 
1087581	1.544642 
1087582	1.517928 
1087583	1.507340 
1087584	1.514572 
1087585	1.538718 
1087586	1.575948 
1087587	1.618797 
1087588	1.656175 
1087589	1.676672 
1087590	1.674630 
1087591	1.653809 
1087592	1.624668 
1087593	1.598241 
1087594	1.582252 
1087595	1.580850 
1087596	1.595336 
1087597	1.624595 
1087598	1.665094 
1087599	1.710555 
1087600	1.751436 
1087601	1.776459 
1087602	1.777633 
1087603	1.755066 
1087604	1.716866 
1087605	1.674232 
1087606	1.636544 
1087607	1.609983 
1087608	1.597924 
1087609	1.601302 
1087610	1.618606 
1087611	1.645410 
1087612	1.673482 
1087613	1.691118 
1087614	1.687489 
1087615	1.658985 
1087616	1.611909 
1087617	1.558814 
1087618	1.512074 
1087619	1.480147 
1087620	1.467562 
1087621	1.475654 
1087622	1.502693 
1087623	1.543449 
1087624	1.588307 
1087625	1.623990 
1087626	1.638726 
1087627	1.629006 
1087628	1.601783 
1087629	1.569760 
1087630	1.544536 
1087631	1.533372 
1087632	1.539673 
1087633	1.563880 
1087634	1.603793 
1087635	1.654437 
1087636	1.707633 
1087637	1.752110 
1087638	1.776473 
1087639	1.774824 
1087640	1.750135 
1087641	1.711954 
1087642	1.670916 
1087643	1.635048 
1087644	1.609483 
1087645	1.597000 
1087646	1.598163 
1087647	1.611130 
1087648	1.631031 
1087649	1.649144 
1087650	1.653886 
1087651	1.635873 
1087652	1.594154 
1087653	1.537623 
1087654	1.480119 
1087655	1.434029 
1087656	1.407296 
1087657	1.403664 
1087658	1.423288 
1087659	1.462823 
1087660	1.514845 
1087661	1.567383 
1087662	1.606224 
1087663	1.621151 
1087664	1.611684 
1087665	1.586804 
1087666	1.558950 
1087667	1.538197 
1087668	1.530545 
1087669	1.538602 
1087670	1.562224 
1087671	1.598642 
1087672	1.642166 
1087673	1.683662 
1087674	1.711426 
1087675	1.715788 
1087676	1.694870 
1087677	1.655935 
1087678	1.610911 
1087679	1.570557 
1087680	1.542041 
1087681	1.529273 
1087682	1.533393 
1087683	1.552859 
1087684	1.583124 
1087685	1.615944 
1087686	1.639647 
1087687	1.643084 
1087688	1.622095 
1087689	1.582639 
1087690	1.537147 
1087691	1.497949 
1087692	1.473493 
1087693	1.468228 
1087694	1.483324 
1087695	1.516994 
1087696	1.564319 
1087697	1.616683 
1087698	1.662150 
1087699	1.689223 
1087700	1.692757 
1087701	1.676746 
1087702	1.651116 
1087703	1.625918 
1087704	1.608080 
1087705	1.601395 
1087706	1.607178 
1087707	1.624558 
1087708	1.650375 
1087709	1.678667 
1087710	1.700195 
1087711	1.704145 
1087712	1.683276 
1087713	1.638854 
1087714	1.580461 
1087715	1.520765 
1087716	1.470468 
1087717	1.436633 
1087718	1.422980 
1087719	1.430185 
1087720	1.455703 
1087721	1.493096 
1087722	1.531381 
1087723	1.557227 
1087724	1.561337 
1087725	1.544335 
1087726	1.516043 
1087727	1.488974 
1087728	1.472572 
1087729	1.471953 
1087730	1.488853 
1087731	1.522361 
1087732	1.569138 
1087733	1.623238 
1087734	1.675656 
1087735	1.715252 
1087736	1.733096 
1087737	1.727274 
1087738	1.703635 
1087739	1.671944 
1087740	1.641116 
1087741	1.617072 
1087742	1.603055 
1087743	1.600261 
1087744	1.608017 
1087745	1.623490 
1087746	1.640806 
1087747	1.650862 
1087748	1.644341 
1087749	1.617087 
1087750	1.573505 
1087751	1.524417 
1087752	1.481302 
1087753	1.452448 
1087754	1.442567 
1087755	1.453348 
1087756	1.483741 
1087757	1.529795 
1087758	1.584148 
1087759	1.636037 
1087760	1.674299 
1087761	1.693042 
1087762	1.694677 
1087763	1.687395 
1087764	1.679901 
1087765	1.678071 
1087766	1.684824 
1087767	1.700978 
1087768	1.725668 
1087769	1.756388 
1087770	1.788650 
1087771	1.815613 
1087772	1.828818 
1087773	1.821427 
1087774	1.792286 
1087775	1.747030 
1087776	1.695033 
1087777	1.645289 
1087778	1.604234 
1087779	1.575770 
1087780	1.561804 
1087781	1.562353 
1087782	1.575170 
1087783	1.594828 
1087784	1.612098 
1087785	1.616391 
1087786	1.601607 
1087787	1.570595 
1087788	1.533442 
1087789	1.501433 
1087790	1.482628 
1087791	1.481325 
1087792	1.498866 
1087793	1.534116 
1087794	1.583514 
1087795	1.640725 
1087796	1.696433 
1087797	1.739852 
1087798	1.763079 
1087799	1.765230 
1087800	1.752186 
1087801	1.732362 
1087802	1.712748 
1087803	1.697826 
1087804	1.689948 
1087805	1.689699 
1087806	1.695989 
1087807	1.705830 
1087808	1.713832 
1087809	1.711970 
1087810	1.691845 
1087811	1.649525 
1087812	1.588916 
1087813	1.520322 
1087814	1.455622 
1087815	1.403898 
1087816	1.370691 
1087817	1.358665 
1087818	1.367722 
1087819	1.394536 
1087820	1.431582 
1087821	1.466975 
1087822	1.488222 
1087823	1.489190 
1087824	1.473875 
1087825	1.452787 
1087826	1.436226 
1087827	1.430688 
1087828	1.439073 
1087829	1.461662 
1087830	1.496600 
1087831	1.539841 
1087832	1.584509 
1087833	1.620472 
1087834	1.636976 
1087835	1.627883 
1087836	1.595249 
1087837	1.548050 
1087838	1.497205 
1087839	1.451349 
1087840	1.416106 
1087841	1.394700 
1087842	1.388156 
1087843	1.394966 
1087844	1.410110 
1087845	1.424021 
1087846	1.424467 
1087847	1.403128 
1087848	1.362014 
1087849	1.312646 
1087850	1.269130 
1087851	1.242184 
1087852	1.237523 
1087853	1.256686 
1087854	1.297633 
1087855	1.354602 
1087856	1.417667 
1087857	1.473427 
1087858	1.509390 
1087859	1.520656 
1087860	1.512207 
1087861	1.494726 
1087862	1.478348 
1087863	1.469573 
1087864	1.471669 
1087865	1.485468 
1087866	1.509568 
1087867	1.540063 
1087868	1.569867 
1087869	1.588621 
1087870	1.585750 
1087871	1.556330 
1087872	1.504898 
1087873	1.443239 
1087874	1.384696 
1087875	1.339477 
1087876	1.313665 
1087877	1.309981 
1087878	1.327909 
1087879	1.363009 
1087880	1.405616 
1087881	1.441095 
1087882	1.455411 
1087883	1.443807 
1087884	1.414393 
1087885	1.382358 
1087886	1.361366 
1087887	1.359642 
1087888	1.380577 
1087889	1.423856 
1087890	1.485885 
1087891	1.559646 
1087892	1.634304 
1087893	1.696375 
1087894	1.734510 
1087895	1.745308 
1087896	1.734670 
1087897	1.713307 
1087898	1.691083 
1087899	1.674740 
1087900	1.668162 
1087901	1.672877 
1087902	1.688209 
1087903	1.711071 
1087904	1.735396 
1087905	1.751678 
1087906	1.748895 
1087907	1.720188 
1087908	1.668075 
1087909	1.603846 
1087910	1.541819 
1087911	1.493747 
1087912	1.467027 
1087913	1.465132 
1087914	1.487939 
1087915	1.531420 
1087916	1.586755 
1087917	1.639820 
1087918	1.674790 
1087919	1.682151 
1087920	1.664419 
1087921	1.633909 
1087922	1.604976 
1087923	1.587923 
1087924	1.588246 
1087925	1.607795 
1087926	1.645359 
1087927	1.696753 
1087928	1.754508 
1087929	1.807501 
1087930	1.842260 
1087931	1.848112 
1087932	1.823291 
1087933	1.776059 
1087934	1.719761 
1087935	1.666769 
1087936	1.625868 
1087937	1.602347 
1087938	1.598456 
1087939	1.613475 
1087940	1.643268 
1087941	1.679322 
1087942	1.708246 
1087943	1.715402 
1087944	1.692856 
1087945	1.645036 
1087946	1.586269 
1087947	1.532695 
1087948	1.496429 
1087949	1.484520 
1087950	1.499529 
1087951	1.539875 
1087952	1.599849 
1087953	1.669307 
1087954	1.733780 
1087955	1.777664 
1087956	1.791500 
1087957	1.777209 
1087958	1.746091 
1087959	1.711855 
1087960	1.685026 
1087961	1.671905 
1087962	1.675358 
1087963	1.695379 
1087964	1.729160 
1087965	1.770757 
1087966	1.810416 
1087967	1.835078 
1087968	1.832713 
1087969	1.799041 
1087970	1.740755 
1087971	1.671911 
1087972	1.606965 
1087973	1.556688 
1087974	1.527758 
1087975	1.523056 
1087976	1.541717 
1087977	1.578798 
1087978	1.624536 
1087979	1.664160 
1087980	1.681837 
1087981	1.669042 
1087982	1.630201 
1087983	1.579620 
1087984	1.533043 
1087985	1.501831 
1087986	1.492261 
1087987	1.506389 
1087988	1.542553 
1087989	1.595381 
1087990	1.655310 
1087991	1.708345 
1087992	1.739496 
1087993	1.740085 
1087994	1.712687 
1087995	1.669115 
1087996	1.623505 
1087997	1.586686 
1087998	1.565042 
1087999	1.561343 
1088000	1.575290 
1088001	1.603484 
1089501	1.459597 
1089502	1.474270 
1089503	1.501013 
1089504	1.533507 
1089505	1.562041 
1089506	1.576357 
1089507	1.571127 
1089508	1.549581 
1089509	1.521344 
1089510	1.496849 
1089511	1.483410 
1089512	1.484780 
1089513	1.502018 
1089514	1.534016 
1089515	1.577508 
1089516	1.626729 
1089517	1.673208 
1089518	1.707209 
1089519	1.721983 
1089520	1.717585 
1089521	1.700377 
1089522	1.678892 
1089523	1.659932 
1089524	1.647618 
1089525	1.644001 
1089526	1.649488 
1089527	1.662854 
1089528	1.680947 
1089529	1.698096 
1089530	1.706288 
1089531	1.698078 
1089532	1.671226 
1089533	1.630874 
1089534	1.586885 
1089535	1.549228 
1089536	1.525097 
1089537	1.518541 
1089538	1.531019 
1089539	1.561635 
1089540	1.606829 
1089541	1.659655 
1089542	1.710014 
1089543	1.747760 
1089544	1.767588 
1089545	1.771770 
1089546	1.767891 
1089547	1.764000 
1089548	1.765592 
1089549	1.775510 
1089550	1.794582 
1089551	1.822008 
1089552	1.855416 
1089553	1.890672 
1089554	1.921505 
1089555	1.939756 
1089556	1.937977 
1089557	1.913625 
1089558	1.871000 
1089559	1.818882 
1089560	1.766407 
1089561	1.720646 
1089562	1.686270 
1089563	1.665883 
1089564	1.660202 
1089565	1.667863 
1089566	1.684650 
1089567	1.702411 
1089568	1.710130 
1089569	1.698929 
1089570	1.667662 
1089571	1.624048 
1089572	1.580090 
1089573	1.546104 
1089574	1.528350 
1089575	1.529658 
1089576	1.550148 
1089577	1.587395 
1089578	1.636079 
1089579	1.687242 
1089580	1.729158 
1089581	1.751630 
1089582	1.751184 
1089583	1.732654 
1089584	1.705572 
1089585	1.678994 
1089586	1.659046 
1089587	1.649144 
1089588	1.650544 
1089589	1.662537 
1089590	1.682266 
1089591	1.704163 
1089592	1.719546 
1089593	1.718447 
1089594	1.694567 
1089595	1.649667 
1089596	1.592979 
1089597	1.536277 
1089598	1.489208 
1089599	1.457858 
1089600	1.445210 
1089601	1.451563 
1089602	1.474356 
1089603	1.507387 
1089604	1.540045 
1089605	1.559513 
1089606	1.556923 
1089607	1.532852 
1089608	1.496751 
1089609	1.460980 
1089610	1.435183 
1089611	1.424787 
1089612	1.431837 
1089613	1.455648 
1089614	1.492813 
1089615	1.536659 
1089616	1.576850 
1089617	1.601457 
1089618	1.602312 
1089619	1.579933 
1089620	1.543074 
1089621	1.503381 
1089622	1.470367 
1089623	1.449904 
1089624	1.444780 
1089625	1.455198 
1089626	1.478754 
1089627	1.509829 
1089628	1.538953 
1089629	1.554445 
1089630	1.547805 
1089631	1.519219 
1089632	1.477698 
1089633	1.435652 
1089634	1.403292 
1089635	1.386757 
1089636	1.388696 
1089637	1.408908 
1089638	1.444371 
1089639	1.488723 
1089640	1.531846 
1089641	1.561950 
1089642	1.571064 
1089643	1.559934 
1089644	1.537240 
1089645	1.513996 
1089646	1.498629 
1089647	1.495891 
1089648	1.507639 
1089649	1.533428 
1089650	1.570573 
1089651	1.613802 
1089652	1.654777 
1089653	1.683171 
1089654	1.690785 
1089655	1.676320 
1089656	1.646128 
1089657	1.610098 
1089658	1.576954 
1089659	1.552494 
1089660	1.539894 
1089661	1.540155 
1089662	1.552176 
1089663	1.572418 
1089664	1.594190 
1089665	1.607729 
1089666	1.603401 
1089667	1.577329 
1089668	1.534354 
1089669	1.485148 
1089670	1.440601 
1089671	1.408421 
1089672	1.392902 
1089673	1.395476 
1089674	1.414877 
1089675	1.446822 
1089676	1.483191 
1089677	1.511893 
1089678	1.520771 
1089679	1.504405 
1089680	1.467653 
1089681	1.422512 
1089682	1.381503 
1089683	1.353328 
1089684	1.342723 
1089685	1.351290 
1089686	1.377650 
1089687	1.416909 
1089688	1.459662 
1089689	1.492506 
1089690	1.503114 
1089691	1.487457 
1089692	1.452478 
1089693	1.411308 
1089694	1.376224 
1089695	1.355280 
1089696	1.352511 
1089697	1.368629 
1089698	1.401161 
1089699	1.443943 
1089700	1.486390 
1089701	1.514751 
1089702	1.517837 
1089703	1.493961 
1089704	1.452200 
1089705	1.406690 
1089706	1.369797 
1089707	1.349313 
1089708	1.348952 
1089709	1.369094 
1089710	1.406774 
1089711	1.454923 
1089712	1.501664 
1089713	1.533164 
1089714	1.540525 
1089715	1.525348 
1089716	1.498417 
1089717	1.472672 
1089718	1.457623 
1089719	1.458463 
1089720	1.476964 
1089721	1.512092 
1089722	1.560098 
1089723	1.614161 
1089724	1.664022 
1089725	1.697703 
1089726	1.706701 
1089727	1.690992 
1089728	1.658725 
1089729	1.621029 
1089730	1.587222 
1089731	1.563425 
1089732	1.553004 
1089733	1.556943 
1089734	1.573820 
1089735	1.599290 
1089736	1.625206 
1089737	1.640055 
1089738	1.633529 
1089739	1.603057 
1089740	1.556179 
1089741	1.506098 
1089742	1.465126 
1089743	1.441424 
1089744	1.439087 
1089745	1.458780 
1089746	1.497952 
1089747	1.550494 
1089748	1.606186 
1089749	1.651925 
1089750	1.676528 
1089751	1.676499 
1089752	1.657683 
1089753	1.630858 
1089754	1.605862 
1089755	1.589102 
1089756	1.583935 
1089757	1.591284 
1089758	1.609835 
1089759	1.635844 
1089760	1.662484 
1089761	1.679457 
1089762	1.675847 
1089763	1.646025 
1089764	1.593732 
1089765	1.530519 
1089766	1.469879 
1089767	1.422067 
1089768	1.393342 
1089769	1.386578 
1089770	1.401394 
1089771	1.433748 
1089772	1.474934 
1089773	1.511453 
1089774	1.529398 
1089775	1.522151 
1089776	1.494809 
1089777	1.460473 
1089778	1.432560 
1089779	1.419919 
1089780	1.426653 
1089781	1.453280 
1089782	1.497333 
1089783	1.553332 
1089784	1.612340 
1089785	1.662284 
1089786	1.691523 
1089787	1.694815 
1089788	1.676280 
1089789	1.646286 
1089790	1.615532 
1089791	1.591689 
1089792	1.579276 
1089793	1.580266 
1089794	1.594356 
1089795	1.618802 
1089796	1.647779 
1089797	1.671771 
1089798	1.679666 
1089799	1.664439 
1089800	1.627897 
1089801	1.579953 
1089802	1.533273 
1089803	1.497908 
1089804	1.479747 
1089805	1.481325 
1089806	1.502359 
1089807	1.539626 
1089808	1.586272 
1089809	1.631337 
1089810	1.662149 
1089811	1.670332 
1089812	1.656708 
1089813	1.630366 
1089814	1.602780 
1089815	1.582760 
1089816	1.575474 
1089817	1.583173 
1089818	1.605650 
1089819	1.640298 
1089820	1.681812 
1089821	1.721700 
1089822	1.748873 
1089823	1.753617 
1089824	1.733254 
1089825	1.694086 
1089826	1.647567 
1089827	1.604741 
1089828	1.573467 
1089829	1.558287 
1089830	1.560911 
1089831	1.580407 
1089832	1.612909 
1089833	1.650929 
1089834	1.683310 
1089835	1.698406 
1089836	1.690166 
1089837	1.662155 
1089838	1.625162 
1089839	1.590932 
1089840	1.567862 
1089841	1.560544 
1089842	1.570602 
1089843	1.597167 
1089844	1.636956 
1089845	1.683807 
1089846	1.727992 
1089847	1.758332 
1089848	1.767337 
1089849	1.755295 
1089850	1.729722 
1089851	1.700700 
1089852	1.676342 
1089853	1.661451 
1089854	1.658245 
1089855	1.666945 
1089856	1.685891 
1089857	1.711140 
1089858	1.735854 
1089859	1.750600 
1089860	1.746580 
1089861	1.720559 
1089862	1.677172 
1089863	1.626177 
1089864	1.577597 
1089865	1.538658 
1089866	1.513494 
1089867	1.503776 
1089868	1.508958 
1089869	1.525917 
1089870	1.548071 
1089871	1.565152 
1089872	1.566280 
1089873	1.545921 
1089874	1.507897 
1089875	1.463009 
1089876	1.422887 
1089877	1.395902 
1089878	1.386674 
1089879	1.396772 
1089880	1.425077 
1089881	1.467549 
1089882	1.516585 
1089883	1.561099 
1089884	1.589628 
1089885	1.596243 
1089886	1.584245 
1089887	1.563484 
1089888	1.544423 
1089889	1.534369 
1089890	1.537197 
1089891	1.554148 
1089892	1.584298 
1089893	1.624532 
1089894	1.668969 
1089895	1.708570 
1089896	1.733039 
1089897	1.735376 
1089898	1.715969 
1089899	1.682317 
1089900	1.644601 
1089901	1.611300 
1089902	1.587849 
1089903	1.577156 
1089904	1.580092 
1089905	1.595560 
1089906	1.620112 
1089907	1.647217 
1089908	1.667276 
1089909	1.670897 
1089910	1.654318 
1089911	1.622095 
1089912	1.584323 
1089913	1.551221 
1089914	1.529774 
1089915	1.523632 
1089916	1.533940 
1089917	1.559725 
1089918	1.597733 
1089919	1.641719 
1089920	1.682162 
1089921	1.708691 
1089922	1.714874 
1089923	1.701927 
1089924	1.677646 
1089925	1.651566 
1089926	1.631028 
1089927	1.620436 
1089928	1.621894 
1089929	1.635580 
1089930	1.659822 
1089931	1.690723 
1089932	1.721295 
1089933	1.741846 
1089934	1.743851 
1089935	1.724959 
1089936	1.690678 
1089937	1.650876 
1089938	1.614665 
1089939	1.588230 
1089940	1.575033 
1089941	1.576255 
1089942	1.590990 
1089943	1.616049 
1089944	1.645215 
1089945	1.668783 
1089946	1.676249 
1089947	1.661918 
1089948	1.628715 
1089949	1.586529 
1089950	1.546886 
1089951	1.518330 
1089952	1.505618 
1089953	1.510681 
1089954	1.533071 
1089955	1.569780 
1089956	1.614459 
1089957	1.656897 
1089958	1.685586 
1089959	1.693242 
1089960	1.680947 
1089961	1.656883 
1089962	1.631041 
1089963	1.610859 
1089964	1.600462 
1089965	1.601465 
1089966	1.613521 
1089967	1.634375 
1089968	1.659451 
1089969	1.681123 
1089970	1.689259 
1089971	1.675087 
1089972	1.636446 
1089973	1.579770 
1089974	1.516796 
1089975	1.459198 
1089976	1.415076 
1089977	1.389074 
1089978	1.383121 
1089979	1.396360 
1089980	1.424423 
1089981	1.458200 
1089982	1.484304 
1089983	1.490577 
1089984	1.473746 
1089985	1.441659 
1089986	1.407764 
1089987	1.383923 
1089988	1.377071 
1089989	1.389848 
1089990	1.421712 
1089991	1.469240 
1089992	1.525810 
1089993	1.581096 
1089994	1.622038 
1089995	1.637722 
1089996	1.625590 
1089997	1.592792 
1089998	1.551276 
1089999	1.511883 
1090000	1.481884 
1090001	1.465390 
1090002	1.463962 
1090003	1.476597 
1090004	1.499020 
1090005	1.522391 
1090006	1.533478 
1090007	1.519851 
1090008	1.477993 
1090009	1.416733 
1090010	1.352312 
1090011	1.300525 
1090012	1.271983 
1090013	1.271814 
1090014	1.300344 
1090015	1.353047 
1090016	1.419664 
1090017	1.484061 
1090018	1.528655 
1090019	1.543040 
1090020	1.529968 
1090021	1.502440 
1090022	1.475063 
1090023	1.458074 
1090024	1.456845 
1090025	1.473022 
1090026	1.505144 
1090027	1.548619 
1090028	1.595164 
1090029	1.632275 
1090030	1.645798 
1090031	1.626991 
1090032	1.578639 
1090033	1.513810 
1090034	1.448543 
1090035	1.395740 
1090036	1.363585 
1090037	1.356023 
1090038	1.373160 
1090039	1.410914 
1090040	1.459735 
1090041	1.504320 
1090042	1.528537 
1090043	1.524262 
1090044	1.496861 
1090045	1.461255 
1090046	1.432826 
1090047	1.421597 
1090048	1.432226 
1090049	1.465435 
1090050	1.518694 
1090051	1.586273 
1090052	1.658689 
1090053	1.722727 
1090054	1.765307 
1090055	1.779951 
1090056	1.770201 
1090057	1.746642 
1090058	1.720579 
1090059	1.700059 
1090060	1.689658 
1090061	1.691294 
1090062	1.704660 
1090063	1.727232 
1090064	1.753802 
1090065	1.775740 
1090066	1.781587 
1090067	1.761654 
1090068	1.714152 
1090069	1.647190 
1090070	1.574325 
1090071	1.508207 
1090072	1.457809 
1090073	1.428488 
1090074	1.422489 
1090075	1.438919 
1090076	1.473029 
1090077	1.514724 
1090078	1.548377 
1090079	1.558399 
1090080	1.538495 
1090081	1.496215 
1090082	1.447710 
1090083	1.408426 
1090084	1.388204 
1090085	1.391579 
1090086	1.418924 
1090087	1.466939 
1090088	1.528505 
1090089	1.592022 
1090090	1.641951 
1090091	1.664311 
1090092	1.654207 
1090093	1.618352 
1090094	1.570281 
1090095	1.523171 
1090096	1.485962 
1090097	1.463609 
1090098	1.458004 
1090099	1.468188 
1090100	1.489759 
1090101	1.513572 
1090102	1.525802 
1090103	1.513251 
1090104	1.471615 
1090105	1.409381 
1090106	1.342807 
1090107	1.287415 
1090108	1.253157 
1090109	1.244607 
1090110	1.262153 
1090111	1.302241 
1090112	1.356613 
1090113	1.411683 
1090114	1.452048 
1090115	1.467789 
1090116	1.460332 
1090117	1.440532 
1090118	1.421061 
1090119	1.410766 
1090120	1.414084 
1090121	1.432327 
1090122	1.464422 
1090123	1.506979 
1090124	1.553728 
1090125	1.594747 
1090126	1.618495 
1090127	1.617600 
1090128	1.593598 
1090129	1.555885 
1090130	1.516169 
1090131	1.483548 
1090132	1.463277 
1090133	1.457876 
1090134	1.467761 
1090135	1.491060 
1090136	1.522766 
1090137	1.553685 
1090138	1.571733 
1090139	1.567685 
1090140	1.541502 
1090141	1.502543 
1090142	1.463487 
1090143	1.434499 
1090144	1.421626 
1090145	1.427583 
1090146	1.452428 
1090147	1.493566 
1090148	1.545018 
1090149	1.596460 
1090150	1.634881 
1090151	1.650367 
1090152	1.642044 
1090153	1.618291 
1090154	1.590937 
1090155	1.569463 
1090156	1.559328 
1090157	1.562874 
1090158	1.580127 
1090159	1.608909 
1090160	1.644387 
1090161	1.678258 
1090162	1.698969 
1090163	1.695641 
1090164	1.664464 
1090165	1.611651 
1090166	1.549603 
1090167	1.490475 
1090168	1.443004 
1090169	1.412569 
1090170	1.401685 
1090171	1.409997 
1090172	1.433657 
1090173	1.463891 
1090174	1.486537 
1090175	1.486838 
1090176	1.458492 
1090177	1.408854 
1090178	1.354096 
1090179	1.309902 
1090180	1.286324 
1090181	1.288029 
1090182	1.315467 
1090183	1.365295 
1090184	1.429919 
1090185	1.496491 
1090186	1.548654 
1090187	1.573595 
1090188	1.569338 
1090189	1.545381 
1090190	1.515866 
1090191	1.492391 
1090192	1.481731 
1090193	1.486888 
1090194	1.507982 
1090195	1.542402 
1090196	1.584231 
1090197	1.623294 
1090198	1.646027 
1090199	1.641083 
1090200	1.606680 
1090201	1.552357 
1090202	1.493084 
1090203	1.442007 
1090204	1.407751 
1090205	1.394978 
1090206	1.404960 
1090207	1.435558 
1090208	1.480510 
1090209	1.528228 
1090210	1.563182 
1090211	1.572849 
1090212	1.555704 
1090213	1.522272 
1090214	1.487945 
1090215	1.465122 
1090216	1.460699 
1090217	1.477243 
1090218	1.514063 
1090219	1.567543 
1090220	1.630866 
1090221	1.693223 
1090222	1.740859 
1090223	1.762399 
1090224	1.755029 
1090225	1.725820 
1090226	1.686756 
1090227	1.648639 
1090228	1.618638 
1090229	1.600771 
1090230	1.596642 
1090231	1.605651 
1090232	1.624581 
1090233	1.646439 
1090234	1.659761 
1090235	1.652070 
1090236	1.616974 
1090237	1.559210 
1090238	1.492483 
1090239	1.431972 
1090240	1.388701 
1090241	1.369050 
1090242	1.375486 
1090243	1.406704 
1090244	1.457244 
1090245	1.516458 
1090246	1.568737 
1090247	1.599031 
1090248	1.601246 
1090249	1.581890 
1090250	1.554962 
1090251	1.533688 
1090252	1.526371 
1090253	1.536914 
1090254	1.565980 
1090255	1.611520 
1090256	1.668770 
1090257	1.729750 
1090258	1.782678 
1090259	1.814690 
1090260	1.818315 
1090261	1.795986 
1090262	1.758232 
1090263	1.717391 
1090264	1.682638 
1090265	1.659544 
1090266	1.650967 
1090267	1.657426 
1090268	1.677022 
1090269	1.704999 
1090270	1.732934 
1090271	1.748968 
1090272	1.742237 
1090273	1.709764 
1090274	1.659197 
1090275	1.604330 
1090276	1.558163 
1090277	1.529351 
1090278	1.522364 
1090279	1.538342 
1090280	1.575427 
1090281	1.628579 
1090282	1.688969 
1090283	1.743997 
1090284	1.780772 
1090285	1.792449 
1090286	1.782027 
1090287	1.759504 
1090288	1.735531 
1090289	1.717556 
1090290	1.709779 
1090291	1.713943 
1090292	1.729727 
1090293	1.754786 
1090294	1.784405 
1090295	1.810707 
1090296	1.822861 
1090297	1.811265 
1090298	1.773642 
1090299	1.717291 
1090300	1.654971 
1090301	1.598834 
1090302	1.557496 
1090303	1.535993 
1090304	1.536337 
1090305	1.557727 
1090306	1.596180 
1090307	1.643647 
1090308	1.687829 
1090309	1.715718 
1090310	1.720566 
1090311	1.706141 
1090312	1.683551 
1090313	1.664273 
1090314	1.655825 
1090315	1.661824 
1090316	1.683198 
1090317	1.718821 
1090318	1.765609 
1090319	1.818085 
1090320	1.867849 
1090321	1.904223 
1090322	1.917910 
1090323	1.906126 
1090324	1.874322 
1090325	1.832498 
1090326	1.790077 
1090327	1.753720 
1090328	1.727540 
1090329	1.713593 
1090330	1.712070 
1090331	1.721076 
1090332	1.735971 
1090333	1.748462 
1090334	1.747424 
1090335	1.723852 
1090336	1.677048 
1090337	1.615862 
1090338	1.553541 
1090339	1.501685 
1090340	1.467835 
1090341	1.455838 
1090342	1.466428 
1090343	1.497295 
1090344	1.542386 
1090345	1.590917 
1090346	1.628632 
1090347	1.643560 
1090348	1.632989 
1090349	1.604895 
1090350	1.572039 
1090351	1.545225 
1090352	1.531060 
1090353	1.532734 
1090354	1.550714 
1090355	1.582909 
1090356	1.624324 
1090357	1.666267 
1090358	1.696224 
1090359	1.701725 
1090360	1.677267 
1090361	1.628119 
1090362	1.566962 
1090363	1.507125 
1090364	1.458446 
1090365	1.426945 
1090366	1.415489 
1090367	1.423996 
1090368	1.448872 
1090369	1.481519 
1090370	1.507606 
1090371	1.511745 
1090372	1.486593 
1090373	1.438651 
1090374	1.384188 
1090375	1.339788 
1090376	1.316363 
1090377	1.319123 
1090378	1.348877 
1090379	1.402537 
1090380	1.472751 
1090381	1.546967 
1090382	1.608720 
1090383	1.644317 
1090384	1.650175 
1090385	1.634203 
1090386	1.609825 
1090387	1.588740 
1090388	1.578044 
1090389	1.581042 
1090390	1.598208 
1090391	1.627453 
1090392	1.663827 
1090393	1.698781 
1090394	1.720115 
1090395	1.715685 
1090396	1.680408 
1090397	1.620439 
1090398	1.549820 
1090399	1.483202 
1090400	1.431466 
1090401	1.401250 
1090402	1.395431 
1090403	1.413267 
1090404	1.449742 
1090405	1.494196 
1090406	1.530718 
1090407	1.544141 
1090408	1.528978 
1090409	1.493262 
1090410	1.452739 
1090411	1.421724 
1090412	1.408793 
1090413	1.417511 
1090414	1.447732 
1090415	1.496127 
1090416	1.555978 
1090417	1.616492 
1090418	1.663520 
1090419	1.684331 
1090420	1.674314 
1090421	1.639575 
1090422	1.592514 
1090423	1.545193 
1090424	1.506140 
1090425	1.480479 
1090426	1.470571 
1090427	1.476180 
1090428	1.493991 
1090429	1.516365 
1090430	1.530532 
1090431	1.522322 
1090432	1.484414 
1090433	1.422319 
1090434	1.351522 
1090435	1.288934 
1090436	1.246851 
1090437	1.231918 
1090438	1.245872 
1090439	1.285702 
1090440	1.342827 
1090441	1.402197 
1090442	1.445123 
1090443	1.457355 
1090444	1.437515 
1090445	1.397307 
1090446	1.353140 
1090447	1.318171 
1090448	1.300146 
1090449	1.302377 
1090450	1.324483 
1090451	1.362182 
1090452	1.406123 
1090453	1.441087 
1090454	1.450075 
1090455	1.423423 
1090456	1.365916 
1090457	1.294094 
1090458	1.226979 
1090459	1.178760 
1090460	1.157365 
1090461	1.165422 
1090462	1.200446 
1090463	1.253822 
1090464	1.309662 
1090465	1.348080 
1090466	1.355151 
1090467	1.332431 
1090468	1.295310 
1090469	1.262300 
1090470	1.246576 
1090471	1.254610 
1090472	1.287872 
1090473	1.343835 
1090474	1.415981 
1090475	1.492914 
1090476	1.558739 
1090477	1.598661 
1090478	1.606774 
1090479	1.589150 
1090480	1.559148 
1090481	1.529714 
1090482	1.509480 
1090483	1.503166 
1090484	1.512486 
1090485	1.536388 
1090486	1.570671 
1090487	1.607049 
1090488	1.632612 
1090489	1.633422 
1090490	1.602429 
1090491	1.544964 
1090492	1.475799 
1090493	1.411050 
1090494	1.362809 
1090495	1.338419 
1090496	1.340941 
1090497	1.369146 
1090498	1.416694 
1090499	1.470671 
1090500	1.512303 
1090501	1.524332 
1090502	1.501537 
1090503	1.454405 
1090504	1.401742 
1090505	1.360438 
1090506	1.340875 
1090507	1.347690 
1090508	1.380874 
1090509	1.436034 
1090510	1.503952 
1090511	1.569817 
1090512	1.615120 
1090513	1.625570 
1090514	1.599830 
1090515	1.550138 
1090516	1.494323 
1090517	1.447486 
1090518	1.419239 
1090519	1.414370 
1090520	1.433461 
1090521	1.472811 
1090522	1.523462 
1090523	1.569998 
1090524	1.593382 
1090525	1.580039 
1090526	1.530707 
1090527	1.460537 
1090528	1.390260 
1090529	1.336807 
1090530	1.310236 
1090531	1.314710 
1090532	1.349160 
1090533	1.406916 
1090534	1.474405 
1090535	1.531510 
1090536	1.558924 
1090537	1.549090 
1090538	1.511029 
1090539	1.463781 
1090540	1.425655 
1090541	1.408142 
1090542	1.416327 
1090543	1.450452 
1090544	1.506439 
1090545	1.575580 
1090546	1.643965 
1090547	1.694134 
1090548	1.711821 
1090549	1.694173 
1090550	1.651365 
1090551	1.599660 
1090552	1.553320 
1090553	1.521713 
1090554	1.509832 
1090555	1.518974 
1090556	1.546865 
1090557	1.587187 
1090558	1.628520 
1090559	1.654776 
1090560	1.651469 
1090561	1.614714 
1090562	1.554392 
1090563	1.488190 
1090564	1.432423 
1090565	1.397692 
1090566	1.389392 
1090567	1.408489 
1090568	1.451646 
1090569	1.510695 
1090570	1.571522 
1090571	1.615682 
1090572	1.628493 
1090573	1.607894 
1090574	1.565422 
1090575	1.518475 
1090576	1.481466 
1090577	1.462842 
1090578	1.466284 
1090579	1.491705 
1090580	1.535344 
1090581	1.589018 
1090582	1.638850 
1090583	1.667217 
1090584	1.660642 
1090585	1.618070 
1090586	1.551994 
1090587	1.481072 
1090588	1.421303 
1090589	1.383086 
1090590	1.371919 
1090591	1.388714 
1090592	1.429348 
1090593	1.483427 
1090594	1.533261 
1090595	1.558131 
1090596	1.545351 
1090597	1.499150 
1090598	1.437663 
1090599	1.381681 
1090600	1.346147 
1090601	1.338855 
1090602	1.361694 
1090603	1.411289 
1090604	1.478887 
1090605	1.549740 
1090606	1.604055 
1090607	1.623965 
1090608	1.603586 
1090609	1.552584 
1090610	1.489449 
1090611	1.431589 
1090612	1.390815 
1090613	1.373642 
1090614	1.381941 
1090615	1.412905 
1090616	1.458305 
1090617	1.503120 
1090618	1.526901 
1090619	1.512597 
1090620	1.457846 
1090621	1.377564 
1090622	1.294870 
1090623	1.229927 
1090624	1.195412 
1090625	1.196848 
1090626	1.233104 
1090627	1.295970 
1090628	1.368962 
1090629	1.428631 
1090630	1.453723 
1090631	1.438033 
1090632	1.394567 
1090633	1.346031 
1090634	1.312171 
1090635	1.304242 
1090636	1.326205 
1090637	1.376521 
1090638	1.448753 
1090639	1.531155 
1090640	1.606534 
1090641	1.656186 
1090642	1.668338 
1090643	1.645050 
1090644	1.600387 
1090645	1.551628 
1090646	1.512056 
1090647	1.489612 
1090648	1.487934 
1090649	1.506984 
1090650	1.543002 
1090651	1.587710 
1090652	1.627516 
1090653	1.646279 
1090654	1.633415 
1090655	1.591178 
1090656	1.533507 
1090657	1.477670 
1090658	1.436870 
1090659	1.418493 
1090660	1.425186 
1090661	1.455595 
1090662	1.504420 
1090663	1.561861 
1090664	1.613581 
1090665	1.644380 
1090666	1.645806 
1090667	1.621408 
1090668	1.583838 
1090669	1.546954 
1090670	1.520553 
1090671	1.509921 
1090672	1.516865 
1090673	1.540363 
1090674	1.576652 
1090675	1.618714 
1090676	1.655549 
1090677	1.674477 
1090678	1.667545 
1090679	1.636612 
1090680	1.592081 
1090681	1.546774 
1090682	1.510398 
1090683	1.488239 
1090684	1.482391 
1090685	1.492487 
1090686	1.515619 
1090687	1.545588 
1090688	1.571965 
1090689	1.581872 
1090690	1.566148 
1090691	1.525554 
1090692	1.470772 
1090693	1.415900 
1090694	1.372214 
1090695	1.346572 
1090696	1.342111 
1090697	1.358788 
1090698	1.393302 
1090699	1.438409 
1090700	1.482263 
1090701	1.510924 
1090702	1.515384 
1090703	1.497507 
1090704	1.468210 
1090705	1.440056 
1090706	1.421840 
1090707	1.418018 
1090708	1.429886 
1090709	1.456284 
1090710	1.493685 
1090711	1.535603 
1090712	1.571821 
1090713	1.590548 
1090714	1.584341 
1090715	1.554897 
1090716	1.512121 
1090717	1.468445 
1090718	1.433410 
1090719	1.412410 
1090720	1.407874 
1090721	1.419874 
1090722	1.446055 
1090723	1.481042 
1090724	1.515721 
1090725	1.538581 
1090726	1.541185 
1090727	1.523696 
1090728	1.494628 
1090729	1.465408 
1090730	1.445101 
1090731	1.438706 
1090732	1.448190 
1090733	1.473287 
1090734	1.511573 
1090735	1.558038 
1090736	1.604535 
1090737	1.640648 
1090738	1.657933 
1090739	1.655011 
1090740	1.638118 
1090741	1.616796 
1090742	1.599035 
1090743	1.589383 
1090744	1.589783 
1090745	1.600462 
1090746	1.620172 
1090747	1.645900 
1090748	1.672064 
1090749	1.690270 
1090750	1.691938 
1090751	1.672992 
1090752	1.636822 
1090753	1.592504 
1090754	1.549883 
1090755	1.516065 
1090756	1.495306 
1090757	1.489718 
1090758	1.499458 
1090759	1.522540 
1090760	1.554149 
1090761	1.585851 
1090762	1.607106 
1090763	1.610562 
1090764	1.596948 
1090765	1.574368 
1090766	1.552787 
1090767	1.539478 
1090768	1.538405 
1090769	1.551085 
1090770	1.577099 
1090771	1.614166 
1090772	1.657789 
1090773	1.700514 
1090774	1.732138 
1090775	1.743467 
1090776	1.731621 
1090777	1.701925 
1090778	1.664593 
1090779	1.629534 
1090780	1.603358 
1090781	1.589768 
1090782	1.590366 
1090783	1.604775 
1090784	1.630332 
1090785	1.661371 
1090786	1.688582 
1090787	1.701081 
1090788	1.692213 
1090789	1.664318 
1090790	1.627338 
1090791	1.592827 
1090792	1.569259 
1090793	1.561333 
1090794	1.570890 
1090795	1.597452 
1090796	1.638319 
1090797	1.688152 
1090798	1.738275 
1090799	1.777345 
1090800	1.795642 
1090801	1.790548 
1090802	1.768003 
1090803	1.738283 
1090804	1.710535 
1090805	1.690685 
1090806	1.681941 
1090807	1.685404 
1090808	1.700297 
1090809	1.723786 
1090810	1.750364 
1090811	1.771073 
1090812	1.775139 
1090813	1.755454 
1090814	1.713608 
1090815	1.659356 
1090816	1.604947 
1090817	1.560189 
1090818	1.531382 
1090819	1.521794 
1090820	1.532039 
1090821	1.559973 
1090822	1.600036 
1090823	1.642295 
1090824	1.673479 
1090825	1.682539 
1090826	1.667338 
1090827	1.635912 
1090828	1.600927 
1090829	1.573174 
1090830	1.559240 
1090831	1.562219 
1090832	1.582529 
1090833	1.618171 
1090834	1.664482 
1090835	1.713486 
1090836	1.753726 
1090837	1.773244 
1090838	1.765651 
1090839	1.734317 
1090840	1.690175 
1090841	1.645592 
1090842	1.609977 
1090843	1.589201 
1090844	1.586258 
1090845	1.601567 
1090846	1.632861 
1090847	1.674655 
1090848	1.717368 
1090849	1.747986 
1090850	1.755320 
1090851	1.736754 
1090852	1.699919 
1090853	1.657712 
1090854	1.621661 
1090855	1.599035 
1090856	1.593512 
1090857	1.606015 
1090858	1.635006 
1090859	1.676307 
1090860	1.722271 
1090861	1.761295 
1090862	1.781141 
1090863	1.775067 
1090864	1.745930 
1090865	1.704247 
1090866	1.662084 
1090867	1.628344 
1090868	1.608126 
1090869	1.603662 
1090870	1.614812 
1090871	1.639047 
1090872	1.670969 
1090873	1.701565 
1090874	1.719102 
1090875	1.714012 
1090876	1.684826 
1090877	1.639332 
1090878	1.589620 
1090879	1.546182 
1090880	1.515676 
1090881	1.501487 
1090882	1.504436 
1090883	1.523031 
1090884	1.553133 
1090885	1.587042 
1090886	1.613659 
1090887	1.622509 
1090888	1.609741 
1090889	1.580809 
1090890	1.546839 
1090891	1.518470 
1090892	1.502548 
1090893	1.502523 
1090894	1.519375 
1090895	1.551941 
1090896	1.596836 
1090897	1.647977 
1090898	1.695827 
1090899	1.729226 
1090900	1.740935 
1090901	1.731786 
1090902	1.709777 
1090903	1.685015 
1090904	1.665249 
1090905	1.655184 
1090906	1.657201 
1090907	1.671760 
1090908	1.697434 
1090909	1.730613 
1090910	1.764933 
1090911	1.791257 
1090912	1.800617 
1090913	1.789380 
1090914	1.761796 
1090915	1.727172 
1090916	1.694715 
1090917	1.670725 
1090918	1.658759 
1090919	1.660268 
1090920	1.674901 
1090921	1.700487 
1090922	1.732613 
1090923	1.763989 
1090924	1.785052 
1090925	1.787765 
1090926	1.770545 
1090927	1.739572 
1090928	1.704913 
1090929	1.675430 
1090930	1.656769 
1090931	1.651825 
1090932	1.661420 
1090933	1.684613 
1090934	1.718705 
1090935	1.758772 
1090936	1.797027 
1090937	1.824041 
1090938	1.832833 
1090939	1.822860 
1090940	1.800037 
1090941	1.772753 
1090942	1.747873 
1090943	1.729653 
1090944	1.720350 
1090945	1.720664 
1090946	1.729843 
1090947	1.745514 
1090948	1.763210 
1090949	1.775930 
1090950	1.775495 
1090951	1.756759 
1090952	1.721337 
1090953	1.676851 
1090954	1.632571 
1090955	1.595769 
1090956	1.570923 
1090957	1.560337 
1090958	1.564604 
1090959	1.582618 
1090960	1.611061 
1090961	1.643549 
1090962	1.670952 
1090963	1.684822 
1090964	1.682244 
1090965	1.667514 
1090966	1.648766 
1090967	1.633303 
1090968	1.625708 
1090969	1.628256 
1090970	1.641448 
1090971	1.664263 
1090972	1.694067 
1090973	1.726047 
1090974	1.752477 
1090975	1.764235 
1090976	1.755022 
1090977	1.725065 
1090978	1.681043 
1090979	1.632188 
1090980	1.586130 
1090981	1.548057 
1090982	1.521232 
1090983	1.507193 
1090984	1.505711 
1090985	1.514237 
1090986	1.526591 
1090987	1.532460 
1090988	1.520968 
1090989	1.487223 
1090990	1.436498 
1090991	1.381136 
1090992	1.333908 
1090993	1.303725 
1090994	1.295207 
1090995	1.309596 
1090996	1.345044 
1090997	1.396157 
1090998	1.453139 
1090999	1.502250 
1091000	1.530555 
1091001	1.533030 
1091002	1.515320 
1091003	1.488989 
1091004	1.464767 
1091005	1.449556 
1091006	1.446871 
1091007	1.457661 
1091008	1.480587 
1091009	1.511761 
1091010	1.543972 
1091011	1.566375 
1091012	1.567788 
1091013	1.543371 
1091014	1.498679 
1091015	1.446346 
1091016	1.399142 
1091017	1.365848 
1091018	1.351260 
1091019	1.357029 
1091020	1.381968 
1091021	1.421702 
1091022	1.467658 
1091023	1.507189 
1091024	1.528253 
1091025	1.526453 
1091026	1.507791 
1091027	1.483933 
1091028	1.465312 
1091029	1.458267 
1091030	1.465715 
1091031	1.488034 
1091032	1.523383 
1091033	1.567505 
1091034	1.613082 
1091035	1.649617 
1091036	1.666503 
1091037	1.658755 
1091038	1.630351 
1091039	1.591505 
1091040	1.552991 
1091041	1.522525 
1091042	1.504455 
1091043	1.500580 
1091044	1.510563 
1091045	1.531714 
1091046	1.557989 
1091047	1.579083 
1091048	1.583040 
1091049	1.562620 
1091050	1.520727 
1091051	1.469196 
1091052	1.421878 
1091053	1.389093 
1091054	1.376806 
1091055	1.387401 
1091056	1.420083 
1091057	1.470695 
1091058	1.530990 
1091059	1.588357 
1091060	1.629225 
1091061	1.646095 
1091062	1.642015 
1091063	1.627592 
1091064	1.613991 
1091065	1.608638 
1091066	1.615246 
1091067	1.634867 
1091068	1.666448 
1091069	1.706876 
1091070	1.750586 
1091071	1.788968 
1091072	1.811178 
1091073	1.808478 
1091074	1.779606 
1091075	1.731742 
1091076	1.676104 
1091077	1.622720 
1091078	1.578468 
1091079	1.547528 
1091080	1.531881 
1091081	1.531319 
1091082	1.542942 
1091083	1.560019 
1091084	1.571261 
1091085	1.564216 
1091086	1.532826 
1091087	1.482440 
1091088	1.426560 
1091089	1.379157 
1091090	1.349813 
1091091	1.343451 
1091092	1.361271 
1091093	1.401140 
1091094	1.457353 
1091095	1.519886 
1091096	1.574817 
1091097	1.609146 
1091098	1.617827 
1091099	1.606382 
1091100	1.586256 
1091101	1.568090 
1091102	1.558638 
1091103	1.561198 
1091104	1.576501 
1091105	1.603043 
1091106	1.636896 
1091107	1.670863 
1091108	1.693905 
1091109	1.694219 
1091110	1.665810 
1091111	1.613120 
1091112	1.548701 
1091113	1.486465 
1091114	1.436912 
1091115	1.406478 
1091116	1.398259 
1091117	1.412232 
1091118	1.444835 
1091119	1.487841 
1091120	1.527677 
1091121	1.549402 
1091122	1.545404 
1091123	1.520932 
1091124	1.489894 
1091125	1.465939 
1091126	1.457449 
1091127	1.467944 
1091128	1.497551 
1091129	1.543718 
1091130	1.601337 
1091131	1.662363 
1091132	1.715697 
1091133	1.749552 
1091134	1.756888 
1091135	1.739517 
1091136	1.706339 
1091137	1.667744 
1091138	1.631461 
1091139	1.602128 
1091140	1.582136 
1091141	1.572101 
1091142	1.570897 
1091143	1.575254 
1091144	1.578844 
1091145	1.572524 
1091146	1.548330 
1091147	1.505082 
1091148	1.450168 
1091149	1.395512 
1091150	1.351871 
1091151	1.325914 
1091152	1.320746 
1091153	1.336782 
1091154	1.371873 
1091155	1.420835 
1091156	1.474817 
1091157	1.522304 
1091158	1.553604 
1091159	1.566232 
1091160	1.565486 
1091161	1.560006 
1091162	1.556965 
1091163	1.560333 
1091164	1.571715 
1091165	1.591142 
1091166	1.617269 
1091167	1.647185 
1091168	1.675888 
1091169	1.695906 
1091170	1.698839 
1091171	1.679611 
1091172	1.640114 
1091173	1.588473 
1091174	1.534731 
1091175	1.486982 
1091176	1.450711 
1091177	1.429360 
1091178	1.424437 
1091179	1.435243 
1091180	1.458086 
1091181	1.485101 
1091182	1.504750 
1091183	1.506946 
1091184	1.489907 
1091185	1.461606 
1091186	1.434040 
1091187	1.416844 
1091188	1.415270 
1091189	1.431192 
1091190	1.464067 
1091191	1.511262 
1091192	1.567980 
1091193	1.626760 
1091194	1.677412 
1091195	1.710060 
1091196	1.720246 
1091197	1.711287 
1091198	1.691475 
1091199	1.669249 
1091200	1.650531 
1091201	1.638779 
1091202	1.635636 
1091203	1.641274 
1091204	1.654304 
1091205	1.671245 
1091206	1.685612 
1091207	1.688569 
1091208	1.672958 
1091209	1.638244 
1091210	1.591723 
1091211	1.544535 
1091212	1.506291 
1091213	1.482875 
1091214	1.477230 
1091215	1.490063 
1091216	1.519964 
1091217	1.563027 
1091218	1.611963 
1091219	1.656125 
1091220	1.685268 
1091221	1.695087 
1091222	1.689444 
1091223	1.676956 
1091224	1.665680 
1091225	1.660655 
1091226	1.664355 
1091227	1.677400 
1091228	1.698894 
1091229	1.726380 
1091230	1.755506 
1091231	1.779497 
1091232	1.789772 
1091233	1.779535 
1091234	1.748173 
1091235	1.701952 
1091236	1.650237 
1091237	1.601223 
1091238	1.560477 
1091239	1.531310 
1091240	1.515230 
1091241	1.512052 
1091242	1.519571 
1091243	1.532682 
1091244	1.542538 
1091245	1.538553 
1091246	1.514361 
1091247	1.472799 
1091248	1.424468 
1091249	1.381489 
1091250	1.352720 
1091251	1.343121 
1091252	1.354574 
1091253	1.386288 
1091254	1.434699 
1091255	1.492908 
1091256	1.550111 
1091257	1.594017 
1091258	1.616827 
1091259	1.619445 
1091260	1.609841 
1091261	1.597626 
1091262	1.589850 
1091263	1.590397 
1091264	1.600878 
1091265	1.621153 
1091266	1.649378 
1091267	1.681640 
1091268	1.711332 
1091269	1.729346 
1091270	1.727183 
1091271	1.702027 
1091272	1.659050 
1091273	1.608341 
1091274	1.559823 
1091275	1.520528 
1091276	1.494700 
1091277	1.484391 
1091278	1.489570 
1091279	1.507776 
1091280	1.533202 
1091281	1.555770 
1091282	1.563544 
1091283	1.549385 
1091284	1.516165 
1091285	1.474853 
1091286	1.437621 
1091287	1.413011 
1091288	1.405600 
1091289	1.416932 
1091290	1.446027 
1091291	1.489342 
1091292	1.540218 
1091293	1.588315 
1091294	1.621563 
1091295	1.631885 
1091296	1.620224 
1091297	1.595398 
1091298	1.568145 
1091299	1.546420 
1091300	1.534759 
1091301	1.535192 
1091302	1.547761 
1091303	1.570557 
1091304	1.599254 
1091305	1.626140 
1091306	1.640855 
1091307	1.635255 
1091308	1.608810 
1091309	1.569349 
1091310	1.528257 
1091311	1.494873 
1091312	1.474821 
1091313	1.470867 
1091314	1.483540 
1091315	1.511230 
1091316	1.549785 
1091317	1.591637 
1091318	1.626007 
1091319	1.642964 
1091320	1.639333 
1091321	1.620645 
1091322	1.596923 
1091323	1.577047 
1091324	1.566509 
1091325	1.567939 
1091326	1.581879 
1091327	1.607088 
1091328	1.640381 
1091329	1.675880 
1091330	1.704589 
1091331	1.716988 
1091332	1.708026 
1091333	1.680512 
1091334	1.643459 
1091335	1.607018 
1091336	1.578444 
1091337	1.561820 
1091338	1.559011 
1091339	1.570028 
1091340	1.592895 
1091341	1.623075 
1091342	1.652502 
1091343	1.670185 
1091344	1.667055 
1091345	1.641842 
1091346	1.602259 
1091347	1.560372 
1091348	1.526551 
1091349	1.507225 
1091350	1.505752 
1091351	1.523068 
1091352	1.557740 
1091353	1.605607 
1091354	1.658881 
1091355	1.706016 
1091356	1.735547 
1091357	1.742482 
1091358	1.731243 
1091359	1.712146 
1091360	1.695216 
1091361	1.686945 
1091362	1.690652 
1091363	1.707347 
1091364	1.736051 
1091365	1.773710 
1091366	1.814656 
1091367	1.849767 
1091368	1.867424 
1091369	1.858424 
1091370	1.821708 
1091371	1.765494 
1091372	1.702645 
1091373	1.644594 
1091374	1.599128 
1091375	1.571030 
1091376	1.562460 
1091377	1.572877 
1091378	1.598510 
1091379	1.631247 
1091380	1.658156 
1091381	1.665464 
1091382	1.646616 
1091383	1.607110 
1091384	1.560580 
1091385	1.520659 
1091386	1.496287 
1091387	1.491877 
1091388	1.508448 
1091389	1.544168 
1091390	1.594354 
1091391	1.650836 
1091392	1.701454 
1091393	1.732666 
1091394	1.735903 
1091395	1.712727 
1091396	1.673530 
1091397	1.631137 
1091398	1.595541 
1091399	1.572866 
1091400	1.566193 
1091401	1.576213 
1091402	1.601301 
1091403	1.637040 
1091404	1.675260 
1091405	1.704113 
1091406	1.712186 
1091407	1.695266 
1091408	1.659506 
1091409	1.617376 
1091410	1.580748 
1091411	1.557428 
1091412	1.551532 
1091413	1.564348 
1091414	1.594729 
1091415	1.639043 
1091416	1.690767 
1091417	1.739907 
1091418	1.774471 
1091419	1.786186 
1091420	1.775513 
1091421	1.750902 
1091422	1.723340 
1091423	1.701316 
1091424	1.689655 
1091425	1.690553 
1091426	1.704329 
1091427	1.729628 
1091428	1.763121 
1091429	1.798788 
1091430	1.827741 
1091431	1.840774 
1091432	1.833189 
1091433	1.807911 
1091434	1.773458 
1091435	1.738998 
1091436	1.711135 
1091437	1.693724 
1091438	1.688560 
1091439	1.695738 
1091440	1.713620 
1091441	1.738372 
1091442	1.763253 
1091443	1.778892 
1091444	1.776810 
1091445	1.754675 
1091446	1.718124 
1091447	1.677020 
1091448	1.640268 
1091449	1.613702 
1091450	1.600515 
1091451	1.601832 
1091452	1.616914 
1091453	1.642961 
1091454	1.674439 
1091455	1.702299 
1091456	1.715875 
1091457	1.708537 
1091458	1.682197 
1091459	1.646034 
1091460	1.610840 
1091461	1.584484 
1091462	1.571430 
1091463	1.573683 
1091464	1.591261 
1091465	1.622205 
1091466	1.662100 
1091467	1.703043 
1091468	1.734153 
1091469	1.746253 
1091470	1.737355 
1091471	1.713815 
1091472	1.686042 
1091473	1.663037 
1091474	1.650176 
1091475	1.650071 
1091476	1.663393 
1091477	1.689071 
1091478	1.723992 
1091479	1.762056 
1091480	1.793496 
1091481	1.807443 
1091482	1.797584 
1091483	1.766355 
1091484	1.723448 
1091485	1.680004 
1091486	1.644333 
1091487	1.621639 
1091488	1.614641 
1091489	1.623826 
1091490	1.647334 
1091491	1.680344 
1091492	1.714027 
1091493	1.735890 
1091494	1.735039 
1091495	1.709132 
1091496	1.666118 
1091497	1.619213 
1091498	1.579986 
1091499	1.555540 
1091500	1.549522 
1091501	1.562910 
1091502	1.594110 
1091503	1.638572 
1091504	1.688002 
1091505	1.730064 
1091506	1.751649 
1091507	1.745855 
1091508	1.716488 
1091509	1.675122 
1091510	1.634110 
1091511	1.602323 
1091512	1.585095 
1091513	1.584942 
1091514	1.601859 
1091515	1.633190 
1091516	1.673095 
1091517	1.711614 
1091518	1.735521 
1091519	1.734066 
1091520	1.706052 
1091521	1.660954 
1091522	1.612762 
1091523	1.573230 
1091524	1.549837 
1091525	1.546449 
1091526	1.563946 
1091527	1.600325 
1091528	1.650341 
1091529	1.704734 
1091530	1.750032 
1091531	1.772596 
1091532	1.766202 
1091533	1.735842 
1091534	1.693915 
1091535	1.653154 
1091536	1.622213 
1091537	1.605769 
1091538	1.605633 
1091539	1.621157 
1091540	1.648997 
1091541	1.682382 
1091542	1.710218 
1091543	1.718644 
1091544	1.697544 
1091545	1.647628 
1091546	1.580649 
1091547	1.512749 
1091548	1.457435 
1091549	1.423059 
1091550	1.413633 
1091551	1.429535 
1091552	1.467400 
1091553	1.519246 
1091554	1.571373 
1091555	1.606269 
1091556	1.610695 
1091557	1.584271 
1091558	1.539415 
1091559	1.492980 
1091560	1.458161 
1091561	1.442419 
1091562	1.448835 
1091563	1.477110 
1091564	1.523692 
1091565	1.581019 
1091566	1.636309 
1091567	1.673892 
1091568	1.682380 
1091569	1.661501 
1091570	1.622159 
1091571	1.579552 
1091572	1.546065 
1091573	1.528958 
1091574	1.531476 
1091575	1.553784 
1091576	1.593159 
1091577	1.643396 
1091578	1.693810 
1091579	1.730221 
1091580	1.740522 
1091581	1.721744 
1091582	1.681988 
1091583	1.635021 
1091584	1.593146 
1091585	1.564240 
1091586	1.552428 
1091587	1.558938 
1091588	1.582369 
1091589	1.618426 
1091590	1.659255 
1091591	1.693164 
1091592	1.707855 
1091593	1.697421 
1091594	1.666640 
1091595	1.627719 
1091596	1.593113 
1091597	1.571243 
1091598	1.566597 
1091599	1.580665 
1091600	1.612478 
1091601	1.658712 
1091602	1.713281 
1091603	1.766561 
1091604	1.806690 
1091605	1.824505 
1091606	1.818599 
1091607	1.795813 
1091608	1.766470 
1091609	1.739268 
1091610	1.719729 
1091611	1.710765 
1091612	1.713295 
1091613	1.726510 
1091614	1.747759 
1091615	1.771777 
1091616	1.789732 
1091617	1.791256 
1091618	1.769902 
1091619	1.727743 
1091620	1.674680 
1091621	1.622721 
1091622	1.581203 
1091623	1.556077 
1091624	1.550423 
1091625	1.564739 
1091626	1.596859 
1091627	1.641335 
1091628	1.688603 
1091629	1.725878 
1091630	1.742312 
1091631	1.735547 
1091632	1.713030 
1091633	1.686577 
1091634	1.666107 
1091635	1.657583 
1091636	1.663731 
1091637	1.684801 
1091638	1.718893 
1091639	1.761867 
1091640	1.806837 
1091641	1.843609 
1091642	1.860729 
1091643	1.851179 
1091644	1.816850 
1091645	1.767244 
1091646	1.713731 
1091647	1.665328 
1091648	1.628073 
1091649	1.605487 
1091650	1.598894 
1091651	1.607357 
1091652	1.627031 
1091653	1.649895 
1091654	1.663351 
1091655	1.654673 
1091656	1.618809 
1091657	1.562564 
1091658	1.500605 
1091659	1.447418 
1091660	1.412802 
1091661	1.401989 
1091662	1.416465 
1091663	1.454200 
1091664	1.509363 
1091665	1.571527 
1091666	1.625972 
1091667	1.658690 
1091668	1.663964 
1091669	1.647538 
1091670	1.621835 
1091671	1.598555 
1091672	1.585230 
1091673	1.585685 
1091674	1.601007 
1091675	1.630024 
1091676	1.669377 
1091677	1.713014 
1091678	1.751393 
1091679	1.773021 
1091680	1.769933 
1091681	1.742808 
1091682	1.700777 
1091683	1.656128 
1091684	1.618865 
1091685	1.594926 
1091686	1.587148 
1091687	1.596085 
1091688	1.620206 
1091689	1.655540 
1091690	1.694814 
1091691	1.727643 
1091692	1.744163 
1091693	1.740481 
1091694	1.721124 
1091695	1.695687 
1091696	1.673232 
1091697	1.659518 
1091698	1.657386 
1091699	1.667571 
1091700	1.689072 
1091701	1.719137 
1091702	1.752881 
1091703	1.782694 
1091704	1.798969 
1091705	1.794171 
1091706	1.767740 
1091707	1.726662 
1091708	1.681043 
1091709	1.639362 
1091710	1.607085 
1091711	1.587259 
1091712	1.581026 
1091713	1.587763 
1091714	1.604763 
1091715	1.626459 
1091716	1.643897 
1091717	1.647326 
1091718	1.632049 
1091719	1.602117 
1091720	1.567571 
1091721	1.538437 
1091722	1.521348 
1091723	1.519705 
1091724	1.534556 
1091725	1.564998 
1091726	1.608110 
1091727	1.658441 
1091728	1.707418 
1091729	1.744491 
1091730	1.761736 
1091731	1.758462 
1091732	1.741004 
1091733	1.718123 
1091734	1.696861 
1091735	1.681653 
1091736	1.674908 
1091737	1.677436 
1091738	1.688503 
1091739	1.705510 
1091740	1.723189 
1091741	1.733022 
1091742	1.725514 
1091743	1.695671 
1091744	1.646991 
1091745	1.589914 
1091746	1.536317 
1091747	1.494896 
1091748	1.470777 
1091749	1.466279 
1091750	1.481058 
1091751	1.511753 
1091752	1.551158 
1091753	1.587494 
1091754	1.607028 
1091755	1.601063 
1091756	1.571497 
1091757	1.529103 
1091758	1.486550 
1091759	1.453037 
1091760	1.433729 
1091761	1.430791 
1091762	1.443955 
1091763	1.470490 
1091764	1.504629 
1091765	1.536603 
1091766	1.553813 
1091767	1.546697 
1091768	1.515243 
1091769	1.469379 
1091770	1.422666 
1091771	1.386019 
1091772	1.366079 
1091773	1.366007 
1091774	1.386091 
1091775	1.423761 
1091776	1.473035 
1091777	1.523678 
1091778	1.562318 
1091779	1.578289 
1091780	1.570251 
1091781	1.546673 
1091782	1.519863 
1091783	1.499759 
1091784	1.492035 
1091785	1.499075 
1091786	1.520878 
1091787	1.555275 
1091788	1.597460 
1091789	1.639039 
1091790	1.668504 
1091791	1.675443 
1091792	1.656482 
1091793	1.617662 
1091794	1.570519 
1091795	1.526154 
1091796	1.492074 
1091797	1.472395 
1091798	1.468719 
1091799	1.480368 
1091800	1.503885 
1091801	1.531805 
1091802	1.552395 
1091803	1.553865 
1091804	1.531424 
1091805	1.491035 
1091806	1.445543 
1091807	1.407396 
1091808	1.384505 
1091809	1.380653 
1091810	1.396615 
1091811	1.430487 
1091812	1.477272 
1091813	1.527883 
1091814	1.569278 
1091815	1.588893 
1091816	1.581707 
1091817	1.553321 
1091818	1.515586 
1091819	1.479774 
1091820	1.453454 
1091821	1.440871 
1091822	1.443680 
1091823	1.461079 
1091824	1.489376 
1091825	1.520885 
1091826	1.543458 
1091827	1.544314 
1091828	1.517803 
1091829	1.470084 
1091830	1.415390 
1091831	1.368363 
1091832	1.339124 
1091833	1.332903 
1091834	1.351091 
1091835	1.391577 
1091836	1.448217 
1091837	1.509901 
1091838	1.561538 
1091839	1.589687 
1091840	1.590162 
1091841	1.570155 
1091842	1.542386 
1091843	1.517939 
1091844	1.503690 
1091845	1.503019 
1091846	1.516631 
1091847	1.542790 
1091848	1.576994 
1091849	1.611099 
1091850	1.633188 
1091851	1.631522 
1091852	1.601708 
1091853	1.550435 
1091854	1.491385 
1091855	1.438086 
1091856	1.399837 
1091857	1.381635 
1091858	1.385172 
1091859	1.409188 
1091860	1.448881 
1091861	1.494538 
1091862	1.531965 
1091863	1.547976 
1091864	1.538128 
1091865	1.509772 
1091866	1.476777 
1091867	1.451755 
1091868	1.442294 
1091869	1.451762 
1091870	1.480523 
1091871	1.526344 
1091872	1.584255 
1091873	1.646109 
1091874	1.700481 
1091875	1.735683 
1091876	1.746036 
1091877	1.735177 
1091878	1.713143 
1091879	1.690518 
1091880	1.674506 
1091881	1.668934 
1091882	1.675379 
1091883	1.693629 
1091884	1.721666 
1091885	1.755036 
1091886	1.785803 
1091887	1.803345 
1091888	1.799065 
1091889	1.771860 
1091890	1.729331 
1091891	1.683280 
1091892	1.643832 
1091893	1.617285 
1091894	1.606950 
1091895	1.613821 
1091896	1.636652 
1091897	1.671600 
1091898	1.711230 
1091899	1.743930 
1091900	1.757345 
1091901	1.745271 
1091902	1.711805 
1091903	1.668449 
1091904	1.627165 
1091905	1.596204 
1091906	1.580260 
1091907	1.581295 
1091908	1.598866 
1091909	1.629978 
1091910	1.668457 
1091911	1.704102 
1091912	1.724159 
1091913	1.719398 
1091914	1.690383 
1091915	1.647227 
1091916	1.603179 
1091917	1.568695 
1091918	1.550071 
1091919	1.550261 
1091920	1.569535 
1091921	1.605559 
1091922	1.652936 
1091923	1.702415 
1091924	1.741355 
1091925	1.758256 
1091926	1.749394 
1091927	1.721117 
1091928	1.685165 
1091929	1.652239 
1091930	1.629359 
1091931	1.620334 
1091932	1.626456 
1091933	1.646722 
1091934	1.677632 
1091935	1.712501 
1091936	1.740750 
1091937	1.750115 
1091938	1.733160 
1091939	1.692605 
1091940	1.639758 
1091941	1.587748 
1091942	1.546479 
1091943	1.521909 
1091944	1.516828 
1091945	1.531287 
1091946	1.562489 
1091947	1.604073 
1091948	1.645184 
1091949	1.672224 
1091950	1.675240 
1091951	1.654358 
1091952	1.619445 
1091953	1.583427 
1091954	1.556195 
1091955	1.543338 
1091956	1.547227 
1091957	1.567750 
1091958	1.602420 
1091959	1.646010 
1091960	1.689618 
1091961	1.720825 
1091962	1.728119 
1091963	1.707580 
1091964	1.665508 
1091965	1.614125 
1091966	1.565016 
1091967	1.526219 
1091968	1.502537 
1091969	1.496112 
1091970	1.506563 
1091971	1.530584 
1091972	1.560902 
1091973	1.585461 
1091974	1.590626 
1091975	1.569069 
1091976	1.525443 
1091977	1.473357 
1091978	1.427271 
1091979	1.397310 
1091980	1.388902 
1091981	1.403772 
1091982	1.440346 
1091983	1.493511 
1091984	1.553832 
1091985	1.607097 
1091986	1.638333 
1091987	1.639781 
1091988	1.615509 
1091989	1.578037 
1091990	1.540506 
1091991	1.512076 
1091992	1.497997 
1091993	1.500448 
1091994	1.518937 
1091995	1.550217 
1091996	1.587615 
1091997	1.620000 
1091998	1.633560 
1091999	1.618778 
1092000	1.577130 
1092001	1.520476 
