1096.972000   0.250935
1096.973000   0.219504
1096.974000   0.186045
1096.975000   0.154325
1096.976000   0.127570
1096.977000   0.108104
1096.978000   0.097314
1096.979000   0.095713
1096.980000   0.102958
1096.981000   0.117776
1096.982000   0.137931
1096.983000   0.160311
1096.984000   0.181234
1096.985000   0.197018
1096.986000   0.204675
1096.987000   0.202610
1096.988000   0.191058
1096.989000   0.172060
1096.990000   0.148936
1096.991000   0.125525
1096.992000   0.105436
1096.993000   0.091525
1096.994000   0.085623
1096.995000   0.088465
1096.996000   0.099725
1096.997000   0.118089
1096.998000   0.141375
1096.999000   0.166722
1097.000000   0.190858
1097.001000   0.210448
1097.001000   0.210448
1097.002000   0.222581
1097.003000   0.225420
1097.004000   0.218791
1097.005000   0.204371
1097.006000   0.185315
1097.007000   0.165475
1097.008000   0.148504
1097.009000   0.137093
1097.010000   0.132466
1097.011000   0.134195
1097.012000   0.140353
1097.013000   0.148004
1097.014000   0.153928
1097.015000   0.155414
1097.016000   0.150876
1097.017000   0.140120
1097.018000   0.124198
1097.019000   0.104995
1097.020000   0.084775
1097.021000   0.065903
1097.022000   0.050707
1097.023000   0.041380
1097.024000   0.039749
1097.025000   0.046915
1097.026000   0.062831
1097.027000   0.085996
1097.028000   0.113438
1097.029000   0.141065
1097.030000   0.164393
1097.031000   0.179536
1097.032000   0.184202
1097.033000   0.178301
1097.034000   0.163844
1097.035000   0.144198
1097.036000   0.123113
1097.037000   0.103930
1097.038000   0.089157
1097.039000   0.080393
1097.040000   0.078444
1097.041000   0.083452
1097.042000   0.094964
1097.043000   0.111860
1097.044000   0.132256
1097.045000   0.153505
1097.046000   0.172433
1097.047000   0.185848
1097.048000   0.191270
1097.049000   0.187648
1097.050000   0.175749
1097.051000   0.157986
1097.052000   0.137770
1097.053000   0.118687
1097.054000   0.103783
1097.055000   0.095160
1097.056000   0.093858
1097.057000   0.099924
1097.058000   0.112550
1097.059000   0.130195
1097.060000   0.150726
1097.061000   0.171617
1097.062000   0.190302
1097.063000   0.204644
1097.064000   0.213414
1097.065000   0.216592
1097.066000   0.215358
1097.067000   0.211759
1097.068000   0.208169
1097.069000   0.206698
1097.070000   0.208696
1097.071000   0.214450
1097.072000   0.223132
1097.073000   0.232989
1097.074000   0.241752
1097.075000   0.247132
1097.076000   0.247323
1097.077000   0.241358
1097.078000   0.229264
1097.079000   0.212014
1097.080000   0.191345
1097.081000   0.169544
1097.082000   0.149237
1097.083000   0.133173
1097.084000   0.123942
1097.085000   0.123614
1097.086000   0.133293
1097.087000   0.152647
1097.088000   0.179560
1097.089000   0.210072
1097.090000   0.238741
1097.091000   0.259510
1097.092000   0.267079
1097.093000   0.258576
1097.094000   0.234723
1097.095000   0.199709
1097.096000   0.159786
1097.097000   0.121515
1097.098000   0.090498
1097.099000   0.070806
1097.100000   0.064884
1097.101000   0.073674
1097.102000   0.096726
1097.103000   0.132198
1097.104000   0.176797
1097.105000   0.225822
1097.106000   0.273470
1097.107000   0.313544
1097.108000   0.340727
1097.109000   0.352134
1097.110000   0.348276
1097.111000   0.332721
1097.112000   0.310745
1097.113000   0.287787
1097.114000   0.268282
1097.115000   0.254989
1097.116000   0.248708
1097.117000   0.248367
1097.118000   0.251393
1097.119000   0.254275
1097.120000   0.253291
1097.121000   0.245277
1097.122000   0.228345
1097.123000   0.202362
1097.124000   0.169094
1097.125000   0.131904
1097.126000   0.095100
1097.127000   0.063158
1097.128000   0.040077
1097.129000   0.028954
1097.130000   0.031643
1097.131000   0.048413
1097.132000   0.077622
1097.133000   0.115532
1097.134000   0.156364
1097.135000   0.192817
1097.136000   0.217319
1097.137000   0.224115
1097.138000   0.211411
1097.139000   0.182130
1097.140000   0.142687
1097.141000   0.100735
1097.142000   0.063298
1097.143000   0.035965
1097.144000   0.022731
1097.145000   0.025826
1097.146000   0.045410
1097.147000   0.079225
1097.148000   0.122439
1097.149000   0.167826
1097.150000   0.206340
1097.151000   0.228987
1097.152000   0.230225
1097.153000   0.210498
1097.154000   0.175840
1097.155000   0.135067
1097.156000   0.096835
1097.157000   0.067966
1097.158000   0.052844
1097.159000   0.053358
1097.160000   0.069072
1097.161000   0.097421
1097.162000   0.133902
1097.163000   0.172345
1097.164000   0.205509
1097.165000   0.226414
1097.166000   0.230531
1097.167000   0.217646
1097.168000   0.191831
1097.169000   0.159637
1097.170000   0.128065
1097.171000   0.103316
1097.172000   0.090092
1097.173000   0.091183
1097.174000   0.107247
1097.175000   0.136639
1097.176000   0.175340
1097.177000   0.217121
1097.178000   0.254185
1097.179000   0.278518
1097.180000   0.284094
1097.181000   0.269212
1097.182000   0.237387
1097.183000   0.196016
1097.184000   0.153842
1097.185000   0.118806
1097.186000   0.096822
1097.187000   0.091284
1097.188000   0.103050
1097.189000   0.130624
1097.190000   0.170354
1097.191000   0.216643
1097.192000   0.262314
1097.193000   0.299513
1097.194000   0.321611
1097.195000   0.325501
1097.196000   0.312761
1097.197000   0.288867
1097.198000   0.261137
1097.199000   0.236759
1097.200000   0.221495
1097.201000   0.218952
1097.202000   0.230224
1097.203000   0.253747
1097.204000   0.285348
1097.205000   0.318580
1097.206000   0.345562
1097.207000   0.358580
1097.208000   0.352419
1097.209000   0.326438
1097.210000   0.284910
1097.211000   0.235320
1097.212000   0.185913
1097.213000   0.143885
1097.214000   0.114615
1097.215000   0.101521
1097.216000   0.106018
1097.217000   0.127442
1097.218000   0.162986
1097.219000   0.207741
1097.220000   0.255016
1097.221000   0.297120
1097.222000   0.326672
1097.223000   0.338353
1097.224000   0.330563
1097.225000   0.305909
1097.226000   0.270090
1097.227000   0.230012
1097.228000   0.192191
1097.229000   0.161773
1097.230000   0.142096
1097.231000   0.134650
1097.232000   0.139258
1097.233000   0.154282
1097.234000   0.176836
1097.235000   0.203066
1097.236000   0.228573
1097.237000   0.249100
1097.238000   0.261508
1097.239000   0.264716
1097.240000   0.260026
1097.241000   0.250604
1097.242000   0.240482
1097.243000   0.233557
1097.244000   0.232781
1097.245000   0.239616
1097.246000   0.253767
1097.247000   0.273199
1097.248000   0.294412
1097.249000   0.312983
1097.250000   0.324342
1097.251000   0.324813
1097.252000   0.312777
1097.253000   0.289345
1097.254000   0.258117
1097.255000   0.224087
1097.256000   0.192309
1097.257000   0.166998
1097.258000   0.151147
1097.259000   0.146478
1097.260000   0.153434
1097.261000   0.171145
1097.262000   0.197331
1097.263000   0.228264
1097.264000   0.258969
1097.265000   0.283851
1097.266000   0.297749
1097.267000   0.297305
1097.268000   0.282205
1097.269000   0.255458
1097.270000   0.222466
1097.271000   0.189557
1097.272000   0.162634
1097.273000   0.146190
1097.274000   0.142875
1097.275000   0.153472
1097.276000   0.176994
1097.277000   0.210736
1097.278000   0.250391
1097.279000   0.290424
1097.280000   0.324787
1097.281000   0.347990
1097.282000   0.356460
1097.283000   0.349679
1097.284000   0.330328
1097.285000   0.303318
1097.286000   0.274398
1097.287000   0.248852
1097.288000   0.230600
1097.289000   0.221788
1097.290000   0.222726
1097.291000   0.231979
1097.292000   0.246530
1097.293000   0.262072
1097.294000   0.273579
1097.295000   0.276325
1097.296000   0.267222
1097.297000   0.246008
1097.298000   0.215573
1097.299000   0.181115
1097.300000   0.148706
1097.301000   0.124098
1097.302000   0.111752
1097.303000   0.114137
1097.304000   0.131389
1097.305000   0.161167
1097.306000   0.198726
1097.307000   0.237280
1097.308000   0.268807
1097.309000   0.285538
1097.310000   0.282112
1097.311000   0.257534
1097.312000   0.215610
1097.313000   0.163547
1097.314000   0.109740
1097.315000   0.061896
1097.316000   0.026005
1097.317000   0.006071
1097.318000   0.004248
1097.319000   0.021085
1097.320000   0.055661
1097.321000   0.105436
1097.322000   0.165801
1097.323000   0.229721
1097.324000   0.287919
1097.325000   0.329831
1097.326000   0.345971
1097.327000   0.331736
1097.328000   0.290081
1097.329000   0.230405
1097.330000   0.164672
1097.331000   0.104147
1097.332000   0.057863
1097.333000   0.031900
1097.334000   0.029356
1097.335000   0.050665
1097.336000   0.093623
1097.337000   0.153003
1097.338000   0.220114
1097.339000   0.282897
1097.340000   0.327079
1097.341000   0.339789
1097.342000   0.315408
1097.343000   0.258817
1097.344000   0.182531
1097.345000   0.100822
1097.346000   0.026018
1097.347000   -0.032820
1097.348000   -0.070268
1097.349000   -0.084172
1097.350000   -0.074928
1097.351000   -0.044857
1097.352000   0.002122
1097.353000   0.060478
1097.354000   0.122935
1097.355000   0.180668
1097.356000   0.224222
1097.357000   0.245225
1097.358000   0.239160
1097.359000   0.207996
1097.360000   0.159917
1097.361000   0.106061
1097.362000   0.057656
1097.363000   0.024220
1097.364000   0.012201
1097.365000   0.024558
1097.366000   0.060753
1097.367000   0.116716
1097.368000   0.184909
1097.369000   0.254472
1097.370000   0.311132
1097.371000   0.339195
1097.372000   0.327790
1097.373000   0.276904
1097.374000   0.197307
1097.375000   0.104268
1097.376000   0.012104
1097.377000   -0.067646
1097.378000   -0.127151
1097.379000   -0.161860
1097.380000   -0.169592
1097.381000   -0.149974
1097.382000   -0.104414
1097.383000   -0.036523
1097.384000   0.047217
1097.385000   0.136856
1097.386000   0.218846
1097.387000   0.276901
1097.388000   0.295838
1097.389000   0.268942
1097.390000   0.202548
1097.391000   0.112634
1097.392000   0.017161
1097.393000   -0.068389
1097.394000   -0.132430
1097.395000   -0.167820
1097.396000   -0.171246
1097.397000   -0.142404
1097.398000   -0.083686
1097.399000   -0.000562
1097.400000   0.097550
1097.401000   0.196930
1097.402000   0.280137
1097.403000   0.328697
1097.404000   0.330973
1097.405000   0.289241
1097.406000   0.217745
1097.407000   0.134377
1097.408000   0.054874
1097.409000   -0.008902
1097.410000   -0.049315
1097.411000   -0.062336
1097.412000   -0.046777
1097.413000   -0.003948
1097.414000   0.062029
1097.415000   0.143421
1097.416000   0.228207
1097.417000   0.299890
1097.418000   0.339104
1097.419000   0.331343
1097.420000   0.276427
1097.421000   0.189254
1097.422000   0.090981
1097.423000   -0.000139
1097.424000   -0.070721
1097.425000   -0.111734
1097.426000   -0.118392
1097.427000   -0.089683
1097.428000   -0.028327
1097.429000   0.058572
1097.430000   0.158825
1097.431000   0.255165
1097.432000   0.326150
1097.433000   0.352158
1097.434000   0.326136
1097.435000   0.258049
1097.436000   0.167785
1097.437000   0.074604
1097.438000   -0.007107
1097.439000   -0.068228
1097.440000   -0.104237
1097.441000   -0.113756
1097.442000   -0.097340
1097.443000   -0.057015
1097.444000   0.003555
1097.445000   0.078413
1097.446000   0.158719
1097.447000   0.233141
1097.448000   0.289094
1097.449000   0.315071
1097.450000   0.304865
1097.451000   0.260910
1097.452000   0.193288
1097.453000   0.115494
1097.454000   0.040732
1097.455000   -0.019980
1097.456000   -0.058654
1097.457000   -0.070433
1097.458000   -0.053279
1097.459000   -0.007908
1097.460000   0.061621
1097.461000   0.146958
1097.462000   0.235082
1097.463000   0.308585
1097.464000   0.348471
1097.465000   0.342967
1097.466000   0.294792
1097.467000   0.219148
1097.468000   0.134643
1097.469000   0.056433
1097.470000   -0.004479
1097.471000   -0.040748
1097.472000   -0.048707
1097.473000   -0.028240
1097.474000   0.017381
1097.475000   0.081653
1097.476000   0.155109
1097.477000   0.225774
1097.478000   0.280539
1097.479000   0.308056
1097.480000   0.302611
1097.481000   0.266405
1097.482000   0.208012
1097.483000   0.138483
1097.484000   0.068392
1097.485000   0.006558
1097.486000   -0.040289
1097.487000   -0.067355
1097.488000   -0.071494
1097.489000   -0.051296
1097.490000   -0.007641
1097.491000   0.055415
1097.492000   0.130030
1097.493000   0.204983
1097.494000   0.266406
1097.495000   0.300072
1097.496000   0.297739
1097.497000   0.262173
1097.498000   0.205513
1097.499000   0.142829
1097.500000   0.087009
1097.501000   0.047315
1097.501000   0.047315
1097.502000   0.029400
1097.503000   0.035553
1097.504000   0.064869
1097.505000   0.113226
1097.506000   0.173213
1097.507000   0.234074
1097.508000   0.282467
1097.509000   0.306031
1097.510000   0.298522
1097.511000   0.262530
1097.512000   0.207534
1097.513000   0.145353
1097.514000   0.086775
1097.515000   0.040110
1097.516000   0.010733
1097.517000   0.001224
1097.518000   0.011856
1097.519000   0.041053
1097.520000   0.085578
1097.521000   0.140451
1097.522000   0.198809
1097.523000   0.252235
1097.524000   0.291699
1097.525000   0.309540
1097.526000   0.302184
1097.527000   0.271769
1097.528000   0.225263
1097.529000   0.171833
1097.530000   0.120515
1097.531000   0.078986
1097.532000   0.052869
1097.533000   0.045254
1097.534000   0.056429
1097.535000   0.083831
1097.536000   0.122328
1097.537000   0.164805
1097.538000   0.203112
1097.539000   0.229609
1097.540000   0.239181
1097.541000   0.230790
1097.542000   0.207544
1097.543000   0.175307
1097.544000   0.140788
1097.545000   0.110163
1097.546000   0.088412
1097.547000   0.079060
1097.548000   0.083998
1097.549000   0.103157
1097.550000   0.134079
1097.551000   0.171652
1097.552000   0.208326
1097.553000   0.235107
1097.554000   0.243820
1097.555000   0.230367
1097.556000   0.196671
1097.557000   0.149787
1097.558000   0.099120
1097.559000   0.053781
1097.560000   0.020905
1097.561000   0.004768
1097.562000   0.006567
1097.563000   0.024704
1097.564000   0.055325
1097.565000   0.092971
1097.566000   0.131287
1097.567000   0.163783
1097.568000   0.184756
1097.569000   0.190391
1097.570000   0.179660
1097.571000   0.154470
1097.572000   0.118959
1097.573000   0.078477
1097.574000   0.038717
1097.575000   0.005084
1097.576000   -0.017800
1097.577000   -0.026533
1097.578000   -0.019412
1097.579000   0.003117
1097.580000   0.038155
1097.581000   0.080339
1097.582000   0.122376
1097.583000   0.156141
1097.584000   0.174411
1097.585000   0.173230
1097.586000   0.153738
1097.587000   0.121856
1097.588000   0.085890
1097.589000   0.053780
1097.590000   0.031493
1097.591000   0.022631
1097.592000   0.028570
1097.593000   0.048575
1097.594000   0.079832
1097.595000   0.117578
1097.596000   0.155664
1097.597000   0.187654
1097.598000   0.208305
1097.599000   0.214937
1097.600000   0.208093
1097.601000   0.191090
1097.602000   0.168806
1097.603000   0.146349
1097.604000   0.128029
1097.605000   0.116773
1097.606000   0.113899
1097.607000   0.119241
1097.608000   0.131453
1097.609000   0.148367
1097.610000   0.167296
1097.611000   0.185343
1097.612000   0.199758
1097.613000   0.208362
1097.614000   0.209932
1097.615000   0.204457
1097.616000   0.193191
1097.617000   0.178447
1097.618000   0.163184
1097.619000   0.150485
1097.620000   0.142963
1097.621000   0.142271
1097.622000   0.148741
1097.623000   0.161274
1097.624000   0.177565
1097.625000   0.194657
1097.626000   0.209690
1097.627000   0.220564
1097.628000   0.226291
1097.629000   0.226980
1097.630000   0.223524
1097.631000   0.217159
1097.632000   0.209092
1097.633000   0.200312
1097.634000   0.191621
1097.635000   0.183776
1097.636000   0.177596
1097.637000   0.173919
1097.638000   0.173394
1097.639000   0.176190
1097.640000   0.181763
1097.641000   0.188812
1097.642000   0.195511
1097.643000   0.199976
1097.644000   0.200804
1097.645000   0.197462
1097.646000   0.190402
1097.647000   0.180845
1097.648000   0.170354
1097.649000   0.160400
1097.650000   0.152066
1097.651000   0.145965
1097.652000   0.142354
1097.653000   0.141328
1097.654000   0.142970
1097.655000   0.147315
1097.656000   0.154199
1097.657000   0.163041
1097.658000   0.172749
1097.659000   0.181812
1097.660000   0.188605
1097.661000   0.191824
1097.662000   0.190878
1097.663000   0.186089
1097.664000   0.178596
1097.665000   0.170018
1097.666000   0.162003
1097.667000   0.155850
1097.668000   0.152313
1097.669000   0.151623
1097.670000   0.153647
1097.671000   0.158071
1097.672000   0.164462
1097.673000   0.172180
1097.674000   0.180262
1097.675000   0.187393
1097.676000   0.192096
1097.677000   0.193140
1097.678000   0.190011
1097.679000   0.183239
1097.680000   0.174420
1097.681000   0.165875
1097.682000   0.160027
1097.683000   0.158714
1097.684000   0.162615
1097.685000   0.171007
1097.686000   0.181915
1097.687000   0.192647
1097.688000   0.200566
1097.689000   0.203867
1097.690000   0.202063
1097.691000   0.196050
1097.692000   0.187734
1097.693000   0.179420
1097.694000   0.173211
1097.695000   0.170610
1097.696000   0.172415
1097.697000   0.178793
1097.698000   0.189433
1097.699000   0.203579
1097.700000   0.219963
1097.701000   0.236744
1097.702000   0.251620
1097.703000   0.262223
1097.704000   0.266720
1097.705000   0.264404
1097.706000   0.256025
1097.707000   0.243688
1097.708000   0.230341
1097.709000   0.219050
1097.710000   0.212284
1097.711000   0.211384
1097.712000   0.216323
1097.713000   0.225765
1097.714000   0.237383
1097.715000   0.248356
1097.716000   0.255934
1097.717000   0.257990
1097.718000   0.253475
1097.719000   0.242658
1097.720000   0.227098
1097.721000   0.209331
1097.722000   0.192431
1097.723000   0.179530
1097.724000   0.173367
1097.725000   0.175856
1097.726000   0.187692
1097.727000   0.208040
1097.728000   0.234383
1097.729000   0.262655
1097.730000   0.287742
1097.731000   0.304413
1097.732000   0.308595
1097.733000   0.298595
1097.734000   0.275688
1097.735000   0.243724
1097.736000   0.208008
1097.737000   0.173960
1097.738000   0.146034
1097.739000   0.127086
1097.740000   0.118230
1097.741000   0.119020
1097.742000   0.127808
1097.743000   0.142091
1097.744000   0.158810
1097.745000   0.174631
1097.746000   0.186317
1097.747000   0.191236
1097.748000   0.187940
1097.749000   0.176620
1097.750000   0.159215
1097.751000   0.139090
1097.752000   0.120345
1097.753000   0.106960
1097.754000   0.101997
1097.755000   0.107044
1097.756000   0.121935
1097.757000   0.144756
1097.758000   0.172091
1097.759000   0.199475
1097.760000   0.222021
1097.761000   0.235284
1097.762000   0.236331
1097.763000   0.224603
1097.764000   0.202058
1097.765000   0.172538
1097.766000   0.140786
1097.767000   0.111572
1097.768000   0.089019
1097.769000   0.076135
1097.770000   0.074498
1097.771000   0.084064
1097.772000   0.103094
1097.773000   0.128235
1097.774000   0.154849
1097.775000   0.177618
1097.776000   0.191459
1097.777000   0.192695
1097.778000   0.180114
1097.779000   0.155412
1097.780000   0.122693
1097.781000   0.087346
1097.782000   0.054870
1097.783000   0.030050
1097.784000   0.016454
1097.785000   0.016085
1097.786000   0.029192
1097.787000   0.054210
1097.788000   0.087820
1097.789000   0.125214
1097.790000   0.160604
1097.791000   0.188053
1097.792000   0.202678
1097.793000   0.201975
1097.794000   0.186594
1097.795000   0.160043
1097.796000   0.127558
1097.797000   0.094799
1097.798000   0.066881
1097.799000   0.047753
1097.800000   0.039803
1097.801000   0.043696
1097.802000   0.058382
1097.803000   0.081292
1097.804000   0.108681
1097.805000   0.136070
1097.806000   0.158761
1097.807000   0.172584
1097.808000   0.174813
1097.809000   0.164856
1097.810000   0.144422
1097.811000   0.117067
1097.812000   0.087400
1097.813000   0.060263
1097.814000   0.040039
1097.815000   0.030128
1097.816000   0.032588
1097.817000   0.047920
1097.818000   0.074958
1097.819000   0.110879
1097.820000   0.151381
1097.821000   0.191067
1097.822000   0.224009
1097.823000   0.244756
1097.824000   0.249891
1097.825000   0.239317
1097.826000   0.216348
1097.827000   0.186484
1097.828000   0.155743
1097.829000   0.129398
1097.830000   0.111312
1097.831000   0.103618
1097.832000   0.106619
1097.833000   0.118931
1097.834000   0.137855
1097.835000   0.159943
1097.836000   0.181629
1097.837000   0.199798
1097.838000   0.212203
1097.839000   0.217719
1097.840000   0.216370
1097.841000   0.209175
1097.842000   0.197831
1097.843000   0.184435
1097.844000   0.171225
1097.845000   0.160388
1097.846000   0.153842
1097.847000   0.152984
1097.848000   0.158433
1097.849000   0.169813
1097.850000   0.185682
1097.851000   0.203704
1097.852000   0.221087
1097.853000   0.235182
1097.854000   0.244070
1097.855000   0.246936
1097.856000   0.244120
1097.857000   0.236893
1097.858000   0.227065
1097.859000   0.216579
1097.860000   0.207195
1097.861000   0.200288
1097.862000   0.196728
1097.863000   0.196793
1097.864000   0.200101
1097.865000   0.205628
1097.866000   0.211895
1097.867000   0.217260
1097.868000   0.220266
1097.869000   0.219915
1097.870000   0.215841
1097.871000   0.208329
1097.872000   0.198211
1097.873000   0.186643
1097.874000   0.174883
1097.875000   0.164098
1097.876000   0.155257
1097.877000   0.149082
1097.878000   0.146036
1097.879000   0.146277
1097.880000   0.149602
1097.881000   0.155381
1097.882000   0.162543
1097.883000   0.169663
1097.884000   0.175145
1097.885000   0.177539
1097.886000   0.175897
1097.887000   0.170084
1097.888000   0.160921
1097.889000   0.150059
1097.890000   0.139633
1097.891000   0.131767
1097.892000   0.128103
1097.893000   0.129468
1097.894000   0.135740
1097.895000   0.145938
1097.896000   0.158444
1097.897000   0.171297
1097.898000   0.182474
1097.899000   0.190123
1097.900000   0.192787
1097.901000   0.189636
1097.902000   0.180607
1097.903000   0.166470
1097.904000   0.148805
1097.905000   0.129861
1097.906000   0.112305
1097.907000   0.098869
1097.908000   0.091901
1097.909000   0.092876
1097.910000   0.102039
1097.911000   0.118254
1097.912000   0.139177
1097.913000   0.161648
1097.914000   0.182264
1097.915000   0.198019
1097.916000   0.206928
1097.917000   0.208398
1097.918000   0.203203
1097.919000   0.193110
1097.920000   0.180319
1097.921000   0.166943
1097.922000   0.154663
1097.923000   0.144592
1097.924000   0.137265
1097.925000   0.132656
1097.926000   0.130257
1097.927000   0.129208
1097.928000   0.128489
1097.929000   0.127209
1097.930000   0.124921
1097.931000   0.121849
1097.932000   0.118959
1097.933000   0.117792
1097.934000   0.120084
1097.935000   0.127283
1097.936000   0.140107
1097.937000   0.158248
1097.938000   0.180290
1097.939000   0.203822
1097.940000   0.225742
1097.941000   0.242755
1097.942000   0.252064
1097.943000   0.252099
1097.944000   0.242958
1097.945000   0.226371
1097.946000   0.205221
1097.947000   0.182851
1097.948000   0.162448
1097.949000   0.146637
1097.950000   0.137269
1097.951000   0.135287
1097.952000   0.140580
1097.953000   0.151860
1097.954000   0.166664
1097.955000   0.181631
1097.956000   0.193156
1097.957000   0.198320
1097.958000   0.195815
1097.959000   0.186413
1097.960000   0.172723
1097.961000   0.158346
1097.962000   0.146861
1097.963000   0.140974
1097.964000   0.142008
1097.965000   0.149744
1097.966000   0.162577
1097.967000   0.177902
1097.968000   0.192691
1097.969000   0.204121
1097.970000   0.210122
1097.971000   0.209760
1097.972000   0.203342
1097.973000   0.192270
1097.974000   0.178735
1097.975000   0.165378
1097.976000   0.154962
1097.977000   0.150019
1097.978000   0.152474
1097.979000   0.163239
1097.980000   0.181843
1097.981000   0.206243
1097.982000   0.232923
1097.983000   0.257418
1097.984000   0.275242
1097.985000   0.283014
1097.986000   0.279446
1097.987000   0.265752
1097.988000   0.245251
1097.989000   0.222357
1097.990000   0.201437
1097.991000   0.185902
1097.992000   0.177750
1097.993000   0.177512
1097.994000   0.184479
1097.995000   0.197010
1097.996000   0.212809
1097.997000   0.229147
1097.998000   0.243128
1097.999000   0.252073
1098.000000   0.254025
1098.001000   0.248255
1098.001000   0.248255
1098.002000   0.235572
1098.003000   0.218227
1098.004000   0.199459
1098.005000   0.182795
1098.006000   0.171297
1098.007000   0.166934
1098.008000   0.170208
1098.009000   0.180099
1098.010000   0.194353
1098.011000   0.210000
1098.012000   0.223991
1098.013000   0.233781
1098.014000   0.237770
1098.015000   0.235498
1098.016000   0.227561
1098.017000   0.215342
1098.018000   0.200639
1098.019000   0.185385
1098.020000   0.171447
1098.021000   0.160517
1098.022000   0.153948
1098.023000   0.152533
1098.024000   0.156241
1098.025000   0.164002
1098.026000   0.173708
1098.027000   0.182527
1098.028000   0.187538
1098.029000   0.186542
1098.030000   0.178764
1098.031000   0.165155
1098.032000   0.148160
1098.033000   0.131077
1098.034000   0.117247
1098.035000   0.109331
1098.036000   0.108826
1098.037000   0.115877
1098.038000   0.129323
1098.039000   0.146915
1098.040000   0.165616
1098.041000   0.182043
1098.042000   0.193078
1098.043000   0.196604
1098.044000   0.192111
1098.045000   0.180825
1098.046000   0.165319
1098.047000   0.148811
1098.048000   0.134466
1098.049000   0.124852
1098.050000   0.121574
1098.051000   0.125051
1098.052000   0.134465
1098.053000   0.147907
1098.054000   0.162708
1098.055000   0.175968
1098.056000   0.185150
1098.057000   0.188625
1098.058000   0.185975
1098.059000   0.177973
1098.060000   0.166250
1098.061000   0.152865
1098.062000   0.139873
1098.063000   0.129023
1098.064000   0.121619
1098.065000   0.118536
1098.066000   0.120263
1098.067000   0.126895
1098.068000   0.138038
1098.069000   0.152697
1098.070000   0.169256
1098.071000   0.185621
1098.072000   0.199598
1098.073000   0.209412
1098.074000   0.214189
1098.075000   0.214198
1098.076000   0.210746
1098.077000   0.205785
1098.078000   0.201406
1098.079000   0.199353
1098.080000   0.200706
1098.081000   0.205771
1098.082000   0.214155
1098.083000   0.224952
1098.084000   0.236964
1098.085000   0.248911
1098.086000   0.259615
1098.087000   0.268156
1098.088000   0.274002
1098.089000   0.277119
1098.090000   0.278015
1098.091000   0.277683
1098.092000   0.277424
1098.093000   0.278555
1098.094000   0.282059
1098.095000   0.288285
1098.096000   0.296766
1098.097000   0.306240
1098.098000   0.314908
1098.099000   0.320867
1098.100000   0.322628
1098.101000   0.319550
1098.102000   0.312017
1098.103000   0.301267
1098.104000   0.288972
1098.105000   0.276741
1098.106000   0.265787
1098.107000   0.256796
1098.108000   0.249993
1098.109000   0.245332
1098.110000   0.242671
1098.111000   0.241829
1098.112000   0.242528
1098.113000   0.244275
1098.114000   0.246288
1098.115000   0.247560
1098.116000   0.247074
1098.117000   0.244119
1098.118000   0.238579
1098.119000   0.231042
1098.120000   0.222700
1098.121000   0.215072
1098.122000   0.209662
1098.123000   0.207626
1098.124000   0.209527
1098.125000   0.215275
1098.126000   0.224220
1098.127000   0.235330
1098.128000   0.247372
1098.129000   0.259056
1098.130000   0.269129
1098.131000   0.276419
1098.132000   0.279866
1098.133000   0.278560
1098.134000   0.271843
1098.135000   0.259424
1098.136000   0.241498
1098.137000   0.218773
1098.138000   0.192426
1098.139000   0.163962
1098.140000   0.135015
1098.141000   0.107194
1098.142000   0.081985
1098.143000   0.060742
1098.144000   0.044716
1098.145000   0.035013
1098.146000   0.032431
1098.147000   0.037218
1098.148000   0.048843
1098.149000   0.065863
1098.150000   0.085945
1098.151000   0.106108
1098.152000   0.123201
1098.153000   0.134536
1098.154000   0.138492
1098.155000   0.134863
1098.156000   0.124829
1098.157000   0.110561
1098.158000   0.094661
1098.159000   0.079631
1098.160000   0.067545
1098.161000   0.059917
1098.162000   0.057665
1098.163000   0.061164
1098.164000   0.070318
1098.165000   0.084635
1098.166000   0.103247
1098.167000   0.124872
1098.168000   0.147814
1098.169000   0.170036
1098.170000   0.189362
1098.171000   0.203770
1098.172000   0.211753
1098.173000   0.212652
1098.174000   0.206841
1098.175000   0.195669
1098.176000   0.181140
1098.177000   0.165462
1098.178000   0.150619
1098.179000   0.138106
1098.180000   0.128805
1098.181000   0.122983
1098.182000   0.120347
1098.183000   0.120155
1098.184000   0.121384
1098.185000   0.122957
1098.186000   0.124019
1098.187000   0.124196
1098.188000   0.123771
1098.189000   0.123689
1098.190000   0.125358
1098.191000   0.130278
1098.192000   0.139622
1098.193000   0.153867
1098.194000   0.172578
1098.195000   0.194362
1098.196000   0.217033
1098.197000   0.237936
1098.198000   0.254377
1098.199000   0.264079
1098.200000   0.265597
1098.201000   0.258614
1098.202000   0.244024
1098.203000   0.223793
1098.204000   0.200643
1098.205000   0.177685
1098.206000   0.158037
1098.207000   0.144478
1098.208000   0.139181
1098.209000   0.143539
1098.210000   0.158029
1098.211000   0.182050
1098.212000   0.213745
1098.213000   0.249900
1098.214000   0.286094
1098.215000   0.317155
1098.216000   0.337976
1098.217000   0.344703
1098.218000   0.335931
1098.219000   0.313301
1098.220000   0.281035
1098.221000   0.244701
1098.222000   0.209861
1098.223000   0.181109
1098.224000   0.161542
1098.225000   0.152590
1098.226000   0.154113
1098.227000   0.164621
1098.228000   0.181515
1098.229000   0.201360
1098.230000   0.220218
1098.231000   0.234192
1098.232000   0.240147
1098.233000   0.236488
1098.234000   0.223663
1098.235000   0.204116
1098.236000   0.181671
1098.237000   0.160664
1098.238000   0.145093
1098.239000   0.137942
1098.240000   0.140679
1098.241000   0.152959
1098.242000   0.172614
1098.243000   0.195947
1098.244000   0.218335
1098.245000   0.235122
1098.246000   0.242665
1098.247000   0.239254
1098.248000   0.225540
1098.249000   0.204279
1098.250000   0.179535
1098.251000   0.155685
1098.252000   0.136575
1098.253000   0.124983
1098.254000   0.122387
1098.255000   0.128935
1098.256000   0.143484
1098.257000   0.163684
1098.258000   0.186122
1098.259000   0.206611
1098.260000   0.220757
1098.261000   0.224874
1098.262000   0.217107
1098.263000   0.198195
1098.264000   0.171399
1098.265000   0.141586
1098.266000   0.113967
1098.267000   0.093025
1098.268000   0.081806
1098.269000   0.081594
1098.270000   0.091845
1098.271000   0.110306
1098.272000   0.133257
1098.273000   0.155930
1098.274000   0.173287
1098.275000   0.181195
1098.276000   0.177656
1098.277000   0.163453
1098.278000   0.141815
1098.279000   0.117374
1098.280000   0.095051
1098.281000   0.079264
1098.282000   0.073394
1098.283000   0.079373
1098.284000   0.097358
1098.285000   0.125544
1098.286000   0.160201
1098.287000   0.196065
1098.288000   0.227152
1098.289000   0.247982
1098.290000   0.254947
1098.291000   0.247326
1098.292000   0.227387
1098.293000   0.199557
1098.294000   0.169130
1098.295000   0.141095
1098.296000   0.119382
1098.297000   0.106515
1098.298000   0.103570
1098.299000   0.110274
1098.300000   0.125118
1098.301000   0.145445
1098.302000   0.167627
1098.303000   0.187430
1098.304000   0.200704
1098.305000   0.204392
1098.306000   0.197562
1098.307000   0.181912
1098.308000   0.161447
1098.309000   0.141439
1098.310000   0.127161
1098.311000   0.122770
1098.312000   0.130487
1098.313000   0.150146
1098.314000   0.179194
1098.315000   0.213135
1098.316000   0.246387
1098.317000   0.273476
1098.318000   0.290335
1098.319000   0.295316
1098.320000   0.289471
1098.321000   0.275975
1098.322000   0.259035
1098.323000   0.242856
1098.324000   0.230973
1098.325000   0.225894
1098.326000   0.228935
1098.327000   0.240091
1098.328000   0.257935
1098.329000   0.279625
1098.330000   0.301151
1098.331000   0.317970
1098.332000   0.325998
1098.333000   0.322776
1098.334000   0.308352
1098.335000   0.285387
1098.336000   0.258407
1098.337000   0.232660
1098.338000   0.213053
1098.339000   0.203308
1098.340000   0.205411
1098.341000   0.219391
1098.342000   0.243370
1098.343000   0.273828
1098.344000   0.306011
1098.345000   0.334533
1098.346000   0.354257
1098.347000   0.361406
1098.348000   0.354585
1098.349000   0.335195
1098.350000   0.306989
1098.351000   0.275051
1098.352000   0.244688
1098.353000   0.220535
1098.354000   0.205860
1098.355000   0.202113
1098.356000   0.208767
1098.357000   0.223491
1098.358000   0.242684
1098.359000   0.262241
1098.360000   0.278360
1098.361000   0.288222
1098.362000   0.290448
1098.363000   0.285270
1098.364000   0.274290
1098.365000   0.259978
1098.366000   0.245093
1098.367000   0.232189
1098.368000   0.223283
1098.369000   0.219656
1098.370000   0.221715
1098.371000   0.228892
1098.372000   0.239587
1098.373000   0.251258
1098.374000   0.260752
1098.375000   0.264944
1098.376000   0.261582
1098.377000   0.250051
1098.378000   0.231708
1098.379000   0.209611
1098.380000   0.187750
1098.381000   0.170117
1098.382000   0.159891
1098.383000   0.158886
1098.384000   0.167278
1098.385000   0.183583
1098.386000   0.204881
1098.387000   0.227246
1098.388000   0.246382
1098.389000   0.258389
1098.390000   0.260569
1098.391000   0.252066
1098.392000   0.234038
1098.393000   0.209297
1098.394000   0.181583
1098.395000   0.154797
1098.396000   0.132436
1098.397000   0.117235
1098.398000   0.110954
1098.399000   0.114249
1098.400000   0.126596
1098.401000   0.146273
1098.402000   0.170475
1098.403000   0.195628
1098.404000   0.217933
1098.405000   0.234085
1098.406000   0.241960
1098.407000   0.241031
1098.408000   0.232335
1098.409000   0.218015
1098.410000   0.200670
1098.411000   0.182742
1098.412000   0.166134
1098.413000   0.152075
1098.414000   0.141151
1098.415000   0.133394
1098.416000   0.128356
1098.417000   0.125183
1098.418000   0.122730
1098.419000   0.119762
1098.420000   0.115256
1098.421000   0.108737
1098.422000   0.100527
1098.423000   0.091776
1098.424000   0.084203
1098.425000   0.079642
1098.426000   0.079571
1098.427000   0.084758
1098.428000   0.095103
1098.429000   0.109628
1098.430000   0.126590
1098.431000   0.143706
1098.432000   0.158471
1098.433000   0.168551
1098.434000   0.172251
1098.435000   0.168977
1098.436000   0.159498
1098.437000   0.145918
1098.438000   0.131344
1098.439000   0.119361
1098.440000   0.113480
1098.441000   0.116629
1098.442000   0.130666
1098.443000   0.155928
1098.444000   0.190873
1098.445000   0.231931
1098.446000   0.273681
1098.447000   0.309544
1098.448000   0.333082
1098.449000   0.339741
1098.450000   0.328337
1098.451000   0.301421
1098.452000   0.264286
1098.453000   0.223256
1098.454000   0.184225
1098.455000   0.151827
1098.456000   0.129184
1098.457000   0.117946
1098.458000   0.118437
1098.459000   0.129780
1098.460000   0.149957
1098.461000   0.175843
1098.462000   0.203362
1098.463000   0.227897
1098.464000   0.244977
1098.465000   0.251192
1098.466000   0.245082
1098.467000   0.227608
1098.468000   0.201917
1098.469000   0.172476
1098.470000   0.144005
1098.471000   0.120567
1098.472000   0.104979
1098.473000   0.098535
1098.474000   0.100979
1098.475000   0.110683
1098.476000   0.124988
1098.477000   0.140641
1098.478000   0.154302
1098.479000   0.163147
1098.480000   0.165491
1098.481000   0.161235
1098.482000   0.151927
1098.483000   0.140392
1098.484000   0.130085
1098.485000   0.124399
1098.486000   0.126033
1098.487000   0.136485
1098.488000   0.155644
1098.489000   0.181591
1098.490000   0.210705
1098.491000   0.238124
1098.492000   0.258571
1098.493000   0.267514
1098.494000   0.262358
1098.495000   0.243206
1098.496000   0.212768
1098.497000   0.175491
1098.498000   0.136432
1098.499000   0.100373
1098.500000   0.071292
1098.501000   0.052084
1098.501000   0.052084
1098.502000   0.044372
1098.503000   0.048318
1098.504000   0.062465
1098.505000   0.083722
1098.506000   0.107613
1098.507000   0.128897
1098.508000   0.142587
1098.509000   0.145217
1098.510000   0.135886
1098.511000   0.116484
1098.512000   0.090997
1098.513000   0.064286
1098.514000   0.040892
1098.515000   0.024239
1098.516000   0.016295
1098.517000   0.017614
1098.518000   0.027581
1098.519000   0.044690
1098.520000   0.066756
1098.521000   0.091074
1098.522000   0.114615
1098.523000   0.134462
1098.524000   0.148451
1098.525000   0.155785
1098.526000   0.157297
1098.527000   0.155221
1098.528000   0.152613
1098.529000   0.152605
1098.530000   0.157710
1098.531000   0.169265
1098.532000   0.187098
1098.533000   0.209470
1098.534000   0.233287
1098.535000   0.254553
1098.536000   0.269014
1098.537000   0.272990
1098.538000   0.264281
1098.539000   0.242849
1098.540000   0.210917
1098.541000   0.172370
1098.542000   0.131804
1098.543000   0.093659
1098.544000   0.061728
1098.545000   0.039017
1098.546000   0.027641
1098.547000   0.028668
1098.548000   0.041965
1098.549000   0.066126
1098.550000   0.098503
1098.551000   0.135368
1098.552000   0.172256
1098.553000   0.204472
1098.554000   0.227759
1098.555000   0.239096
1098.556000   0.237407
1098.557000   0.223848
1098.558000   0.201442
1098.559000   0.174264
1098.560000   0.146605
1098.561000   0.122355
1098.562000   0.104609
1098.563000   0.095414
1098.564000   0.095648
1098.565000   0.104997
1098.566000   0.121995
1098.567000   0.144141
1098.568000   0.168145
1098.569000   0.190410
1098.570000   0.207712
1098.571000   0.217915
1098.572000   0.220448
1098.573000   0.216323
1098.574000   0.207732
1098.575000   0.197398
1098.576000   0.187917
1098.577000   0.181285
1098.578000   0.178662
1098.579000   0.180310
1098.580000   0.185652
1098.581000   0.193365
1098.582000   0.201547
1098.583000   0.207963
1098.584000   0.210403
1098.585000   0.207086
1098.586000   0.197065
1098.587000   0.180496
1098.588000   0.158684
1098.589000   0.133868
1098.590000   0.108845
1098.591000   0.086523
1098.592000   0.069494
1098.593000   0.059647
1098.594000   0.057884
1098.595000   0.063979
1098.596000   0.076608
1098.597000   0.093527
1098.598000   0.111823
1098.599000   0.128209
1098.600000   0.139405
1098.601000   0.142642
1098.602000   0.136250
1098.603000   0.120147
1098.604000   0.096007
1098.605000   0.067025
1098.606000   0.037384
1098.607000   0.011595
1098.608000   -0.006112
1098.609000   -0.012324
1098.610000   -0.004912
1098.611000   0.016584
1098.612000   0.050767
1098.613000   0.094400
1098.614000   0.142606
1098.615000   0.189221
1098.616000   0.227482
1098.617000   0.251275
1098.618000   0.256803
1098.619000   0.243858
1098.620000   0.215818
1098.621000   0.178383
1098.622000   0.137936
1098.623000   0.100351
1098.624000   0.070386
1098.625000   0.051401
1098.626000   0.045188
1098.627000   0.051815
1098.628000   0.069512
1098.629000   0.094754
1098.630000   0.122589
1098.631000   0.147395
1098.632000   0.164067
1098.633000   0.169408
1098.634000   0.163120
1098.635000   0.147817
1098.636000   0.128014
1098.637000   0.108720
1098.638000   0.094264
1098.639000   0.087655
1098.640000   0.090408
1098.641000   0.102631
1098.642000   0.123180
1098.643000   0.149792
1098.644000   0.179231
1098.645000   0.207609
1098.646000   0.230972
1098.647000   0.246104
1098.648000   0.251345
1098.649000   0.247097
1098.650000   0.235825
1098.651000   0.221479
1098.652000   0.208589
1098.653000   0.201286
1098.654000   0.202490
1098.655000   0.213414
1098.656000   0.233393
1098.657000   0.260000
1098.658000   0.289416
1098.659000   0.317025
1098.660000   0.338154
1098.661000   0.348939
1098.662000   0.347166
1098.663000   0.332849
1098.664000   0.308238
1098.665000   0.277270
1098.666000   0.244745
1098.667000   0.215573
1098.668000   0.194162
1098.669000   0.183927
1098.670000   0.186862
1098.671000   0.203163
1098.672000   0.230954
1098.673000   0.266287
1098.674000   0.303514
1098.675000   0.336122
1098.676000   0.357954
1098.677000   0.364721
1098.678000   0.355285
1098.679000   0.331992
1098.680000   0.299778
1098.681000   0.264659
1098.682000   0.232348
1098.683000   0.207398
1098.684000   0.192820
1098.685000   0.190045
1098.686000   0.199016
1098.687000   0.218282
1098.688000   0.245016
1098.689000   0.275141
1098.690000   0.303698
1098.691000   0.325601
1098.692000   0.336742
1098.693000   0.335111
1098.694000   0.321442
1098.695000   0.299017
1098.696000   0.272710
1098.697000   0.247756
1098.698000   0.228601
1098.699000   0.218060
1098.700000   0.216897
1098.701000   0.223785
1098.702000   0.235616
1098.703000   0.248100
1098.704000   0.256600
1098.705000   0.257112
1098.706000   0.247265
1098.707000   0.227016
1098.708000   0.198714
1098.709000   0.166452
1098.710000   0.135055
1098.711000   0.109122
1098.712000   0.092369
1098.713000   0.087184
1098.714000   0.094252
1098.715000   0.112200
1098.716000   0.137419
1098.717000   0.164249
1098.718000   0.185787
1098.719000   0.195529
1098.720000   0.189539
1098.721000   0.168021
1098.722000   0.135229
1098.723000   0.097790
1098.724000   0.062557
1098.725000   0.035065
1098.726000   0.018864
1098.727000   0.015458
1098.728000   0.024516
1098.729000   0.044185
1098.730000   0.071364
1098.731000   0.101902
1098.732000   0.130893
1098.733000   0.153310
1098.734000   0.165170
1098.735000   0.164802
1098.736000   0.153469
1098.737000   0.134921
1098.738000   0.114196
1098.739000   0.096345
1098.740000   0.085505
1098.741000   0.084258
1098.742000   0.093276
1098.743000   0.111213
1098.744000   0.134920
1098.745000   0.159943
1098.746000   0.181326
1098.747000   0.194652
1098.748000   0.197156
1098.749000   0.188495
1098.750000   0.170781
1098.751000   0.147878
1098.752000   0.124350
1098.753000   0.104527
1098.754000   0.091906
1098.755000   0.088862
1098.756000   0.096544
1098.757000   0.114811
1098.758000   0.142113
1098.759000   0.175362
1098.760000   0.209986
1098.761000   0.240428
1098.762000   0.261260
1098.763000   0.268749
1098.764000   0.262188
1098.765000   0.244260
1098.766000   0.220218
1098.767000   0.196403
1098.768000   0.178771
1098.769000   0.171758
1098.770000   0.177589
1098.771000   0.196017
1098.772000   0.224430
1098.773000   0.258272
1098.774000   0.291765
1098.775000   0.318940
1098.776000   0.334869
1098.777000   0.336906
1098.778000   0.325380
1098.779000   0.303370
1098.780000   0.275668
1098.781000   0.247551
1098.782000   0.223809
1098.783000   0.208169
1098.784000   0.202992
1098.785000   0.209105
1098.786000   0.225705
1098.787000   0.250376
1098.788000   0.279300
1098.789000   0.307684
1098.790000   0.330421
1098.791000   0.343014
1098.792000   0.342609
1098.793000   0.328810
1098.794000   0.303798
1098.795000   0.271705
1098.796000   0.237565
1098.797000   0.206275
1098.798000   0.181833
1098.799000   0.166944
1098.800000   0.162926
1098.801000   0.169762
1098.802000   0.186160
1098.803000   0.209601
1098.804000   0.236457
1098.805000   0.262347
1098.806000   0.282803
1098.807000   0.294175
1098.808000   0.294576
1098.809000   0.284437
1098.810000   0.266404
1098.811000   0.244598
1098.812000   0.223575
1098.813000   0.207345
1098.814000   0.198662
1098.815000   0.198643
1098.816000   0.206676
1098.817000   0.220574
1098.818000   0.236973
1098.819000   0.251927
1098.820000   0.261623
1098.821000   0.263115
1098.822000   0.254930
1098.823000   0.237414
1098.824000   0.212636
1098.825000   0.183936
1098.826000   0.155286
1098.827000   0.130667
1098.828000   0.113552
1098.829000   0.106467
1098.830000   0.110611
1098.831000   0.125544
1098.832000   0.149000
1098.833000   0.176915
1098.834000   0.203804
1098.835000   0.223583
1098.836000   0.230931
1098.837000   0.222913
1098.838000   0.200069
1098.839000   0.166257
1098.840000   0.127332
1098.841000   0.089508
1098.842000   0.058116
1098.843000   0.036949
1098.844000   0.028044
1098.845000   0.031745
1098.846000   0.046876
1098.847000   0.070910
1098.848000   0.100158
1098.849000   0.130112
1098.850000   0.156042
1098.851000   0.173873
1098.852000   0.181182
1098.853000   0.177887
1098.854000   0.166271
1098.855000   0.150295
1098.856000   0.134527
1098.857000   0.123095
1098.858000   0.118906
1098.859000   0.123253
1098.860000   0.135698
1098.861000   0.154215
1098.862000   0.175497
1098.863000   0.195461
1098.864000   0.209955
1098.865000   0.215637
1098.866000   0.210796
1098.867000   0.195840
1098.868000   0.173206
1098.869000   0.146718
1098.870000   0.120733
1098.871000   0.099359
1098.872000   0.085905
1098.873000   0.082526
1098.874000   0.090012
1098.875000   0.107709
1098.876000   0.133576
1098.877000   0.164362
1098.878000   0.195914
1098.879000   0.223710
1098.880000   0.243652
1098.881000   0.253014
1098.882000   0.251186
1098.883000   0.239827
1098.884000   0.222325
1098.885000   0.202884
1098.886000   0.185627
1098.887000   0.173932
1098.888000   0.170037
1098.889000   0.174820
1098.890000   0.187782
1098.891000   0.207123
1098.892000   0.229954
1098.893000   0.252667
1098.894000   0.271520
1098.895000   0.283345
1098.896000   0.286243
1098.897000   0.280036
1098.898000   0.266312
1098.899000   0.248044
1098.900000   0.228962
1098.901000   0.212871
1098.902000   0.203017
1098.903000   0.201581
1098.904000   0.209343
1098.905000   0.225505
1098.906000   0.247724
1098.907000   0.272364
1098.908000   0.294994
1098.909000   0.311119
1098.910000   0.317098
1098.911000   0.311012
1098.912000   0.293119
1098.913000   0.265692
1098.914000   0.232380
1098.915000   0.197413
1098.916000   0.164914
1098.917000   0.138413
1098.918000   0.120559
1098.919000   0.112970
1098.920000   0.116161
1098.921000   0.129487
1098.922000   0.151124
1098.923000   0.178120
1098.924000   0.206600
1098.925000   0.232162
1098.926000   0.250538
1098.927000   0.258504
1098.928000   0.254830
1098.929000   0.240710
1098.930000   0.219439
1098.931000   0.195466
1098.932000   0.173317
1098.933000   0.156694
1098.934000   0.147923
1098.935000   0.147719
1098.936000   0.155217
1098.937000   0.168145
1098.938000   0.183158
1098.939000   0.196306
1098.940000   0.203651
1098.941000   0.202013
1098.942000   0.189712
1098.943000   0.167077
1098.944000   0.136480
1098.945000   0.101870
1098.946000   0.067998
1098.947000   0.039568
1098.948000   0.020506
1098.949000   0.013384
1098.950000   0.019029
1098.951000   0.036326
1098.952000   0.062233
1098.953000   0.092016
1098.954000   0.119786
1098.955000   0.139450
1098.956000   0.146156
1098.957000   0.137751
1098.958000   0.115501
1098.959000   0.083568
1098.960000   0.047627
1098.961000   0.013441
1098.962000   -0.014052
1098.963000   -0.031186
1098.964000   -0.035771
1098.965000   -0.027196
1098.966000   -0.006476
1098.967000   0.023793
1098.968000   0.059664
1098.969000   0.096358
1098.970000   0.129077
1098.971000   0.153953
1098.972000   0.168945
1098.973000   0.174331
1098.974000   0.172503
1098.975000   0.167176
1098.976000   0.162354
1098.977000   0.161434
1098.978000   0.166585
1098.979000   0.178427
1098.980000   0.195950
1098.981000   0.216622
1098.982000   0.236752
1098.983000   0.252103
1098.984000   0.258816
1098.985000   0.254454
1098.986000   0.238816
1098.987000   0.214080
1098.988000   0.184221
1098.989000   0.154017
1098.990000   0.128072
1098.991000   0.110127
1098.992000   0.102637
1098.993000   0.106536
1098.994000   0.121120
1098.995000   0.144080
1098.996000   0.171742
1098.997000   0.199511
1098.998000   0.222586
1098.999000   0.236918
1099.000000   0.240186
1099.001000   0.232410
1099.001000   0.232410
1099.002000   0.215844
1099.003000   0.194207
1099.004000   0.171678
1099.005000   0.152012
1099.006000   0.138013
1099.007000   0.131265
1099.008000   0.132098
1099.009000   0.139684
1099.010000   0.152260
1099.011000   0.167432
1099.012000   0.182535
1099.013000   0.195073
1099.014000   0.203169
1099.015000   0.205970
1099.016000   0.203825
1099.017000   0.198174
1099.018000   0.191179
1099.019000   0.185190
1099.020000   0.182209
1099.021000   0.183460
1099.022000   0.189120
1099.023000   0.198256
1099.024000   0.208937
1099.025000   0.218536
1099.026000   0.224226
1099.027000   0.223614
1099.028000   0.215338
1099.029000   0.199470
1099.030000   0.177485
1099.031000   0.151876
1099.032000   0.125601
1099.033000   0.101596
1099.034000   0.082384
1099.035000   0.069852
1099.036000   0.065073
1099.037000   0.068187
1099.038000   0.078355
1099.039000   0.093811
1099.040000   0.112065
1099.041000   0.130283
1099.042000   0.145790
1099.043000   0.156593
1099.044000   0.161764
1099.045000   0.161556
1099.046000   0.157189
1099.047000   0.150401
1099.048000   0.142944
1099.049000   0.136220
1099.050000   0.131131
1099.051000   0.128132
1099.052000   0.127387
1099.053000   0.128912
1099.054000   0.132646
1099.055000   0.138418
1099.056000   0.145880
1099.057000   0.154464
1099.058000   0.163432
1099.059000   0.171983
1099.060000   0.179410
1099.061000   0.185195
1099.062000   0.189061
1099.063000   0.190967
1099.064000   0.191052
1099.065000   0.189555
1099.066000   0.186744
1099.067000   0.182899
1099.068000   0.178324
1099.069000   0.173355
1099.070000   0.168330
1099.071000   0.163532
1099.072000   0.159097
1099.073000   0.154943
1099.074000   0.150744
1099.075000   0.146000
1099.076000   0.140200
1099.077000   0.133048
1099.078000   0.124640
1099.079000   0.115563
1099.080000   0.106854
1099.081000   0.099827
1099.082000   0.095829
1099.083000   0.095976
1099.084000   0.100959
1099.085000   0.110963
1099.086000   0.125644
1099.087000   0.144137
1099.088000   0.165048
1099.089000   0.186477
1099.090000   0.206123
1099.091000   0.221565
1099.092000   0.230675
1099.093000   0.232139
1099.094000   0.225863
1099.095000   0.213104
1099.096000   0.196277
1099.097000   0.178493
1099.098000   0.163016
1099.099000   0.152688
1099.100000   0.149494
1099.101000   0.154285
1099.102000   0.166675
1099.103000   0.185120
1099.104000   0.207123
1099.105000   0.229553
1099.106000   0.249082
1099.107000   0.262692
1099.108000   0.268232
1099.109000   0.264856
1099.110000   0.253197
1099.111000   0.235213
1099.112000   0.213790
1099.113000   0.192228
1099.114000   0.173762
1099.115000   0.161087
1099.116000   0.155971
1099.117000   0.158956
1099.118000   0.169190
1099.119000   0.184460
1099.120000   0.201459
1099.121000   0.216292
1099.122000   0.225201
1099.123000   0.225335
1099.124000   0.215441
1099.125000   0.196187
1099.126000   0.169982
1099.127000   0.140407
1099.128000   0.111470
1099.129000   0.086938
1099.130000   0.069851
1099.131000   0.062217
1099.132000   0.064860
1099.133000   0.077330
1099.134000   0.097880
1099.135000   0.123519
1099.136000   0.150224
1099.137000   0.173430
1099.138000   0.188846
1099.139000   0.193506
1099.140000   0.186665
1099.141000   0.170073
1099.142000   0.147466
1099.143000   0.123554
1099.144000   0.102936
1099.145000   0.089254
1099.146000   0.084661
1099.147000   0.089620
1099.148000   0.102971
1099.149000   0.122193
1099.150000   0.143800
1099.151000   0.163865
1099.152000   0.178654
1099.153000   0.185343
1099.154000   0.182665
1099.155000   0.171235
1099.156000   0.153401
1099.157000   0.132675
1099.158000   0.113021
1099.159000   0.098190
1099.160000   0.091185
1099.161000   0.093829
1099.162000   0.106438
1099.163000   0.127645
1099.164000   0.154422
1099.165000   0.182360
1099.166000   0.206289
1099.167000   0.221300
1099.168000   0.224027
1099.169000   0.213701
1099.170000   0.192385
1099.171000   0.164249
1099.172000   0.134376
1099.173000   0.107692
1099.174000   0.088276
1099.175000   0.078957
1099.176000   0.081117
1099.177000   0.094595
1099.178000   0.117687
1099.179000   0.147252
1099.180000   0.178947
1099.181000   0.207705
1099.182000   0.228547
1099.183000   0.237760
1099.184000   0.234061
1099.185000   0.219103
1099.186000   0.196937
1099.187000   0.172777
1099.188000   0.151684
1099.189000   0.137593
1099.190000   0.132787
1099.191000   0.137720
1099.192000   0.151097
1099.193000   0.170177
1099.194000   0.191253
1099.195000   0.210291
1099.196000   0.223687
1099.197000   0.228982
1099.198000   0.225383
1099.199000   0.213888
1099.200000   0.196949
1099.201000   0.177857
1099.202000   0.160105
1099.203000   0.146856
1099.204000   0.140563
1099.205000   0.142676
1099.206000   0.153409
1099.207000   0.171579
1099.208000   0.194630
1099.209000   0.218854
1099.210000   0.239914
1099.211000   0.253650
1099.212000   0.257058
1099.213000   0.249133
1099.214000   0.231160
1099.215000   0.206290
1099.216000   0.178614
1099.217000   0.152198
1099.218000   0.130336
1099.219000   0.115194
1099.220000   0.107750
1099.221000   0.107965
1099.222000   0.115008
1099.223000   0.127456
1099.224000   0.143395
1099.225000   0.160516
1099.226000   0.176261
1099.227000   0.188141
1099.228000   0.194202
1099.229000   0.193516
1099.230000   0.186479
1099.231000   0.174755
1099.232000   0.160870
1099.233000   0.147621
1099.234000   0.137482
1099.235000   0.132141
1099.236000   0.132209
1099.237000   0.137114
1099.238000   0.145228
1099.239000   0.154185
1099.240000   0.161360
1099.241000   0.164397
1099.242000   0.161704
1099.243000   0.152783
1099.244000   0.138308
1099.245000   0.119913
1099.246000   0.099812
1099.247000   0.080383
1099.248000   0.063848
1099.249000   0.052053
1099.250000   0.046338
1099.251000   0.047427
1099.252000   0.055296
1099.253000   0.069013
1099.254000   0.086640
1099.255000   0.105294
1099.256000   0.121500
1099.257000   0.131898
1099.258000   0.134175
1099.259000   0.127864
1099.260000   0.114587
1099.261000   0.097620
1099.262000   0.080972
1099.263000   0.068428
1099.264000   0.062845
1099.265000   0.065767
1099.266000   0.077307
1099.267000   0.096179
1099.268000   0.119852
1099.269000   0.144840
1099.270000   0.167204
1099.271000   0.183268
1099.272000   0.190438
1099.273000   0.187841
1099.274000   0.176506
1099.275000   0.158984
1099.276000   0.138645
1099.277000   0.118937
1099.278000   0.102820
1099.279000   0.092414
1099.280000   0.088827
1099.281000   0.092145
1099.282000   0.101524
1099.283000   0.115362
1099.284000   0.131487
1099.285000   0.147406
1099.286000   0.160586
1099.287000   0.168858
1099.288000   0.170879
1099.289000   0.166521
1099.290000   0.157009
1099.291000   0.144730
1099.292000   0.132798
1099.293000   0.124501
1099.294000   0.122699
1099.295000   0.129251
1099.296000   0.144529
1099.297000   0.167148
1099.298000   0.194022
1099.299000   0.220817
1099.300000   0.242831
1099.301000   0.256183
1099.302000   0.258973
1099.303000   0.251887
1099.304000   0.237952
1099.305000   0.221571
1099.306000   0.207344
1099.307000   0.199145
1099.308000   0.199619
1099.309000   0.210016
1099.310000   0.230184
1099.311000   0.258613
1099.312000   0.292508
1099.313000   0.327968
1099.314000   0.360391
1099.315000   0.385170
1099.316000   0.398622
1099.317000   0.398910
1099.318000   0.386550
1099.319000   0.364252
1099.320000   0.336168
1099.321000   0.306947
1099.322000   0.280894
1099.323000   0.261366
1099.324000   0.250386
1099.325000   0.248466
1099.326000   0.254592
1099.327000   0.266400
1099.328000   0.280525
1099.329000   0.293138
1099.330000   0.300638
1099.331000   0.300387
1099.332000   0.291308
1099.333000   0.274143
1099.334000   0.251242
1099.335000   0.225982
1099.336000   0.202066
1099.337000   0.182917
1099.338000   0.171201
1099.339000   0.168464
1099.340000   0.174887
1099.341000   0.189197
1099.342000   0.208757
1099.343000   0.229888
1099.344000   0.248403
1099.345000   0.260353
1099.346000   0.262842
1099.347000   0.254699
1099.348000   0.236736
1099.349000   0.211499
1099.350000   0.182601
1099.351000   0.153951
1099.352000   0.129121
1099.353000   0.110941
1099.354000   0.101272
1099.355000   0.100857
1099.356000   0.109168
1099.357000   0.124309
1099.358000   0.143099
1099.359000   0.161437
1099.360000   0.175051
1099.361000   0.180483
1099.362000   0.176030
1099.363000   0.162243
1099.364000   0.141750
1099.365000   0.118481
1099.366000   0.096724
1099.367000   0.080293
1099.368000   0.071961
1099.369000   0.073131
1099.370000   0.083713
1099.371000   0.102190
1099.372000   0.125862
1099.373000   0.151195
1099.374000   0.174322
1099.375000   0.191636
1099.376000   0.200440
1099.377000   0.199489
1099.378000   0.189229
1099.379000   0.171642
1099.380000   0.149758
1099.381000   0.127060
1099.382000   0.106914
1099.383000   0.092115
1099.384000   0.084542
1099.385000   0.084912
1099.386000   0.092648
1099.387000   0.105931
1099.388000   0.121943
1099.389000   0.137344
1099.390000   0.148886
1099.391000   0.154075
1099.392000   0.151738
1099.393000   0.142268
1099.394000   0.127440
1099.395000   0.109887
1099.396000   0.092453
1099.397000   0.077661
1099.398000   0.067363
1099.399000   0.062599
1099.400000   0.063560
1099.401000   0.069649
1099.402000   0.079637
1099.403000   0.091860
1099.404000   0.104501
1099.405000   0.115878
1099.406000   0.124726
1099.407000   0.130413
1099.408000   0.133022
1099.409000   0.133280
1099.410000   0.132331
1099.411000   0.131431
1099.412000   0.131650
1099.413000   0.133621
1099.414000   0.137429
1099.415000   0.142601
1099.416000   0.148237
1099.417000   0.153247
1099.418000   0.156633
1099.419000   0.157755
1099.420000   0.156517
1099.421000   0.153397
1099.422000   0.149326
1099.423000   0.145466
1099.424000   0.142965
1099.425000   0.142737
1099.426000   0.145337
1099.427000   0.150921
1099.428000   0.159289
1099.429000   0.169951
1099.430000   0.182192
1099.431000   0.195116
1099.432000   0.207687
1099.433000   0.218813
1099.434000   0.227469
1099.435000   0.232841
1099.436000   0.234464
1099.437000   0.232304
1099.438000   0.226777
1099.439000   0.218663
1099.440000   0.208975
1099.441000   0.198782
1099.442000   0.189059
1099.443000   0.180574
1099.444000   0.173843
1099.445000   0.169130
1099.446000   0.166519
1099.447000   0.165994
1099.448000   0.167528
1099.449000   0.171087
1099.450000   0.176592
1099.451000   0.183837
1099.452000   0.192405
1099.453000   0.201628
1099.454000   0.210611
1099.455000   0.218357
1099.456000   0.223955
1099.457000   0.226770
1099.458000   0.226587
1099.459000   0.223647
1099.460000   0.218602
1099.461000   0.212391
1099.462000   0.206073
1099.463000   0.200653
1099.464000   0.196925
1099.465000   0.195360
1099.466000   0.196060
1099.467000   0.198761
1099.468000   0.202911
1099.469000   0.207798
1099.470000   0.212699
1099.471000   0.217038
1099.472000   0.220481
1099.473000   0.222972
1099.474000   0.224709
1099.475000   0.226051
1099.476000   0.227388
1099.477000   0.229006
1099.478000   0.231023
1099.479000   0.233363
1099.480000   0.235750
1099.481000   0.237746
1099.482000   0.238803
1099.483000   0.238336
1099.484000   0.235836
1099.485000   0.230958
1099.486000   0.223614
1099.487000   0.214033
1099.488000   0.202757
1099.489000   0.190590
1099.490000   0.178503
1099.491000   0.167512
1099.492000   0.158547
1099.493000   0.152300
1099.494000   0.149087
1099.495000   0.148715
1099.496000   0.150446
1099.497000   0.153057
1099.498000   0.155028
1099.499000   0.154857
1099.500000   0.151444
1099.501000   0.144411
1099.501000   0.144411
1099.502000   0.134235
1099.503000   0.122154
1099.504000   0.109857
1099.505000   0.099070
1099.506000   0.091152
1099.507000   0.086810
1099.508000   0.085982
1099.509000   0.087910
1099.510000   0.091349
1099.511000   0.094835
1099.512000   0.096961
1099.513000   0.096618
1099.514000   0.093186
1099.515000   0.086635
1099.516000   0.077550
1099.517000   0.067075
1099.518000   0.056774
1099.519000   0.048442
1099.520000   0.043855
1099.521000   0.044482
1099.522000   0.051182
1099.523000   0.063945
1099.524000   0.081742
1099.525000   0.102563
1099.526000   0.123695
1099.527000   0.142209
1099.528000   0.155562
1099.529000   0.162146
1099.530000   0.161617
1099.531000   0.154904
1099.532000   0.143890
1099.533000   0.130897
1099.534000   0.118163
1099.535000   0.107447
1099.536000   0.099834
1099.537000   0.095701
1099.538000   0.094806
1099.539000   0.096437
1099.540000   0.099582
1099.541000   0.103098
1099.542000   0.105892
1099.543000   0.107141
1099.544000   0.106489
1099.545000   0.104186
1099.546000   0.101066
1099.547000   0.098339
1099.548000   0.097266
1099.549000   0.098806
1099.550000   0.103341
1099.551000   0.110547
1099.552000   0.119451
1099.553000   0.128667
1099.554000   0.136715
1099.555000   0.142349
1099.556000   0.144784
1099.557000   0.143800
1099.558000   0.139732
1099.559000   0.133365
1099.560000   0.125811
1099.561000   0.118377
1099.562000   0.112445
1099.563000   0.109358
1099.564000   0.110243
1099.565000   0.115809
1099.566000   0.126142
1099.567000   0.140574
1099.568000   0.157676
1099.569000   0.175438
1099.570000   0.191607
1099.571000   0.204149
1099.572000   0.211692
1099.573000   0.213815
1099.574000   0.211110
1099.575000   0.204962
1099.576000   0.197152
1099.577000   0.189411
1099.578000   0.183062
1099.579000   0.178848
1099.580000   0.176919
1099.581000   0.176926
1099.582000   0.178127
1099.583000   0.179531
1099.584000   0.180036
1099.585000   0.178632
1099.586000   0.174635
1099.587000   0.167911
1099.588000   0.159060
1099.589000   0.149400
1099.590000   0.140738
1099.591000   0.134951
1099.592000   0.133449
1099.593000   0.136729
1099.594000   0.144149
1099.595000   0.154057
1099.596000   0.164206
1099.597000   0.172360
1099.598000   0.176884
1099.599000   0.177127
1099.600000   0.173458
1099.601000   0.166980
1099.602000   0.159078
1099.603000   0.151010
1099.604000   0.143637
1099.605000   0.137366
1099.606000   0.132223
1099.607000   0.128026
1099.608000   0.124485
1099.609000   0.121252
1099.610000   0.117893
1099.611000   0.113924
1099.612000   0.108904
1099.613000   0.102623
1099.614000   0.095326
1099.615000   0.087882
1099.616000   0.081761
1099.617000   0.078800
1099.618000   0.080746
1099.619000   0.088727
1099.620000   0.102760
1099.621000   0.121459
1099.622000   0.142064
1099.623000   0.160833
1099.624000   0.173817
1099.625000   0.177852
1099.626000   0.171479
1099.627000   0.155365
1099.628000   0.132020
1099.629000   0.105008
1099.630000   0.078080
1099.631000   0.054522
1099.632000   0.036805
1099.633000   0.026431
1099.634000   0.023938
1099.635000   0.028927
1099.636000   0.040111
1099.637000   0.055400
1099.638000   0.072151
1099.639000   0.087598
1099.640000   0.099389
1099.641000   0.106124
1099.642000   0.107707
1099.643000   0.105356
1099.644000   0.101224
1099.645000   0.097756
1099.646000   0.096966
1099.647000   0.099923
1099.648000   0.106565
1099.649000   0.115865
1099.650000   0.126229
1099.651000   0.135982
1099.652000   0.143764
1099.653000   0.148751
1099.654000   0.150653
1099.655000   0.149617
1099.656000   0.146109
1099.657000   0.140858
1099.658000   0.134842
1099.659000   0.129293
1099.660000   0.125629
1099.661000   0.125274
1099.662000   0.129335
1099.663000   0.138216
1099.664000   0.151297
1099.665000   0.166841
1099.666000   0.182251
1099.667000   0.194661
1099.668000   0.201695
1099.669000   0.202134
1099.670000   0.196227
1099.671000   0.185529
1099.672000   0.172360
1099.673000   0.159150
1099.674000   0.147941
1099.675000   0.140143
1099.676000   0.136519
1099.677000   0.137314
1099.678000   0.142372
1099.679000   0.151203
1099.680000   0.162969
1099.681000   0.176473
1099.682000   0.190244
1099.683000   0.202785
1099.684000   0.212914
1099.685000   0.220090
1099.686000   0.224576
1099.687000   0.227360
1099.688000   0.229831
1099.689000   0.233319
1099.690000   0.238636
1099.691000   0.245821
1099.692000   0.254148
1099.693000   0.262380
1099.694000   0.269137
1099.695000   0.273302
1099.696000   0.274283
1099.697000   0.272115
1099.698000   0.267378
1099.699000   0.260998
1099.700000   0.254009
1099.701000   0.247383
1099.702000   0.241933
1099.703000   0.238284
1099.704000   0.236865
1099.705000   0.237854
1099.706000   0.241081
1099.707000   0.245925
1099.708000   0.251311
1099.709000   0.255854
1099.710000   0.258168
1099.711000   0.257242
1099.712000   0.252751
1099.713000   0.245202
1099.714000   0.235811
1099.715000   0.226138
1099.716000   0.217608
1099.717000   0.211098
1099.718000   0.206761
1099.719000   0.204115
1099.720000   0.202293
1099.721000   0.200342
1099.722000   0.197458
1099.723000   0.193072
1099.724000   0.186819
1099.725000   0.178432
1099.726000   0.167706
1099.727000   0.154577
1099.728000   0.139340
1099.729000   0.122819
1099.730000   0.106395
1099.731000   0.091829
1099.732000   0.080883
1099.733000   0.074864
1099.734000   0.074245
1099.735000   0.078532
1099.736000   0.086439
1099.737000   0.096305
1099.738000   0.106550
1099.739000   0.115973
1099.740000   0.123809
1099.741000   0.129555
1099.742000   0.132707
1099.743000   0.132584
1099.744000   0.128409
1099.745000   0.119642
1099.746000   0.106390
1099.747000   0.089666
1099.748000   0.071343
1099.749000   0.053775
1099.750000   0.039236
1099.751000   0.029329
1099.752000   0.024622
1099.753000   0.024612
1099.754000   0.028054
1099.755000   0.033500
1099.756000   0.039808
1099.757000   0.046417
1099.758000   0.053317
1099.759000   0.060743
1099.760000   0.068749
1099.761000   0.076925
1099.762000   0.084357
1099.763000   0.089895
1099.764000   0.092538
1099.765000   0.091787
1099.766000   0.087791
1099.767000   0.081258
1099.768000   0.073169
1099.769000   0.064398
1099.770000   0.055450
1099.771000   0.046448
1099.772000   0.037373
1099.773000   0.028396
1099.774000   0.020101
1099.775000   0.013484
1099.776000   0.009725
1099.777000   0.009805
1099.778000   0.014146
1099.779000   0.022443
1099.780000   0.033802
1099.781000   0.047109
1099.782000   0.061424
1099.783000   0.076208
1099.784000   0.091318
1099.785000   0.106772
1099.786000   0.122414
1099.787000   0.137646
1099.788000   0.151419
1099.789000   0.162488
1099.790000   0.169843
1099.791000   0.173104
1099.792000   0.172679
1099.793000   0.169646
1099.794000   0.165388
1099.795000   0.161131
1099.796000   0.157561
1099.797000   0.154708
1099.798000   0.152160
1099.799000   0.149467
1099.800000   0.146533
1099.801000   0.143779
1099.802000   0.142060
1099.803000   0.142284
1099.804000   0.144959
1099.805000   0.149877
1099.806000   0.156122
1099.807000   0.162426
1099.808000   0.167656
1099.809000   0.171235
1099.810000   0.173283
1099.811000   0.174455
1099.812000   0.175579
1099.813000   0.177251
1099.814000   0.179570
1099.815000   0.182123
1099.816000   0.184225
1099.817000   0.185268
1099.818000   0.184984
1099.819000   0.183527
1099.820000   0.181343
1099.821000   0.178926
1099.822000   0.176535
1099.823000   0.174053
1099.824000   0.171059
1099.825000   0.167098
1099.826000   0.162009
1099.827000   0.156141
1099.828000   0.150333
1099.829000   0.145658
1099.830000   0.143009
1099.831000   0.142725
1099.832000   0.144413
1099.833000   0.147106
1099.834000   0.149672
1099.835000   0.151225
1099.836000   0.151382
1099.837000   0.150269
1099.838000   0.148285
1099.839000   0.145779
1099.840000   0.142795
1099.841000   0.139075
1099.842000   0.134342
1099.843000   0.128720
1099.844000   0.123037
1099.845000   0.118830
1099.846000   0.118006
1099.847000   0.122277
1099.848000   0.132595
1099.849000   0.148799
1099.850000   0.169611
1099.851000   0.192914
1099.852000   0.216188
1099.853000   0.236928
1099.854000   0.252965
1099.855000   0.262649
1099.856000   0.264946
1099.857000   0.259447
1099.858000   0.246386
1099.859000   0.226631
1099.860000   0.201671
1099.861000   0.173569
1099.862000   0.144851
1099.863000   0.118285
1099.864000   0.096525
1099.865000   0.081639
1099.866000   0.074678
1099.867000   0.075405
1099.868000   0.082359
1099.869000   0.093231
1099.870000   0.105419
1099.871000   0.116593
1099.872000   0.125099
1099.873000   0.130141
1099.874000   0.131728
1099.875000   0.130447
1099.876000   0.127206
1099.877000   0.123083
1099.878000   0.119272
1099.879000   0.117044
1099.880000   0.117571
1099.881000   0.121643
1099.882000   0.129351
1099.883000   0.139882
1099.884000   0.151555
1099.885000   0.162238
1099.886000   0.170012
1099.887000   0.173876
1099.888000   0.174153
1099.889000   0.172425
1099.890000   0.171027
1099.891000   0.172337
1099.892000   0.178112
1099.893000   0.189096
1099.894000   0.204943
1099.895000   0.224415
1099.896000   0.245688
1099.897000   0.266636
1099.898000   0.285036
1099.899000   0.298731
1099.900000   0.305855
1099.901000   0.305127
1099.902000   0.296188
1099.903000   0.279875
1099.904000   0.258306
1099.905000   0.234703
1099.906000   0.212971
1099.907000   0.197082
1099.908000   0.190359
1099.909000   0.194743
1099.910000   0.210212
1099.911000   0.234566
1099.912000   0.263702
1099.913000   0.292362
1099.914000   0.315172
1099.915000   0.327798
1099.916000   0.327953
1099.917000   0.315889
1099.918000   0.294136
1099.919000   0.266648
1099.920000   0.237806
1099.921000   0.211676
1099.922000   0.191606
1099.923000   0.180093
1099.924000   0.178690
1099.925000   0.187872
1099.926000   0.206816
1099.927000   0.233247
1099.928000   0.263490
1099.929000   0.292901
1099.930000   0.316686
1099.931000   0.330979
1099.932000   0.333863
1099.933000   0.325845
1099.934000   0.309557
1099.935000   0.288806
1099.936000   0.267443
1099.937000   0.248488
1099.938000   0.233718
1099.939000   0.223669
1099.940000   0.217894
1099.941000   0.215271
1099.942000   0.214232
1099.943000   0.212904
1099.944000   0.209256
1099.945000   0.201384
1099.946000   0.187967
1099.947000   0.168787
1099.948000   0.145054
1099.949000   0.119345
1099.950000   0.095131
1099.951000   0.075983
1099.952000   0.064674
1099.953000   0.062405
1099.954000   0.068400
1099.955000   0.079967
1099.956000   0.093019
1099.957000   0.102936
1099.958000   0.105614
1099.959000   0.098476
1099.960000   0.081114
1099.961000   0.055264
1099.962000   0.024166
1099.963000   -0.008324
1099.964000   -0.038435
1099.965000   -0.062802
1099.966000   -0.078548
1099.967000   -0.083372
1099.968000   -0.075805
1099.969000   -0.055641
1099.970000   -0.024403
1099.971000   0.014401
1099.972000   0.055359
1099.973000   0.091720
1099.974000   0.116674
1099.975000   0.125333
1099.976000   0.116546
1099.977000   0.093304
1099.978000   0.061380
1099.979000   0.027160
1099.980000   -0.004056
1099.981000   -0.028741
1099.982000   -0.045047
1099.983000   -0.052377
1099.984000   -0.050905
1099.985000   -0.041278
1099.986000   -0.024577
1099.987000   -0.002456
1099.988000   0.022728
1099.989000   0.047982
1099.990000   0.070072
1099.991000   0.086200
1099.992000   0.094768
1099.993000   0.095867
1099.994000   0.091271
1099.995000   0.083871
1099.996000   0.076854
1099.997000   0.072914
1099.998000   0.073767
1099.999000   0.080002
1100.000000   0.091238
1100.001000   0.106391
1100.001000   0.106391
1100.002000   0.123976
1100.003000   0.142314
1100.004000   0.159642
1100.005000   0.174223
1100.006000   0.184557
1100.007000   0.189709
1100.008000   0.189637
1100.009000   0.185362
1100.010000   0.178880
1100.011000   0.172784
1100.012000   0.169726
1100.013000   0.171793
1100.014000   0.180031
1100.015000   0.194172
1100.016000   0.212671
1100.017000   0.233063
1100.018000   0.252480
1100.019000   0.268202
1100.020000   0.278104
1100.021000   0.280950
1100.022000   0.276467
1100.023000   0.265261
1100.024000   0.248651
1100.025000   0.228491
1100.026000   0.207067
1100.027000   0.186970
1100.028000   0.170891
1100.029000   0.161280
1100.030000   0.159883
1100.031000   0.167266
1100.032000   0.182513
1100.033000   0.203187
1100.034000   0.225662
1100.035000   0.245771
1100.036000   0.259683
1100.037000   0.264798
1100.038000   0.260382
1100.039000   0.247671
1100.040000   0.229396
1100.041000   0.209024
1100.042000   0.190045
1100.043000   0.175511
1100.044000   0.167833
1100.045000   0.168671
1100.046000   0.178780
1100.047000   0.197729
1100.048000   0.223612
1100.049000   0.252914
1100.050000   0.280735
1100.051000   0.301503
1100.052000   0.310236
1100.053000   0.304063
1100.054000   0.283294
1100.055000   0.251372
1100.056000   0.213795
1100.057000   0.176572
1100.058000   0.144920
1100.059000   0.122408
1100.060000   0.110663
1100.061000   0.109557
1100.062000   0.117648
1100.063000   0.132602
1100.064000   0.151450
1100.065000   0.170709
1100.066000   0.186547
1100.067000   0.195218
1100.068000   0.193830
1100.069000   0.181215
1100.070000   0.158469
1100.071000   0.128845
1100.072000   0.097084
1100.073000   0.068455
1100.074000   0.047770
1100.075000   0.038522
1100.076000   0.042286
1100.077000   0.058507
1100.078000   0.084667
1100.079000   0.116750
1100.080000   0.149751
1100.081000   0.178228
1100.082000   0.197077
1100.083000   0.202677
1100.084000   0.194001
1100.085000   0.172995
1100.086000   0.143948
1100.087000   0.112282
1100.088000   0.083457
1100.089000   0.062266
1100.090000   0.052372
1100.091000   0.055808
1100.092000   0.072437
1100.093000   0.099535
1100.094000   0.131802
1100.095000   0.162043
1100.096000   0.182698
1100.097000   0.188075
1100.098000   0.176504
1100.099000   0.151129
1100.100000   0.118703
1100.101000   0.087204
1100.102000   0.063641
1100.103000   0.052752
1100.104000   0.056543
1100.105000   0.074382
1100.106000   0.103330
1100.107000   0.138583
1100.108000   0.174029
1100.109000   0.203124
1100.110000   0.220287
1100.111000   0.222472
1100.112000   0.210164
1100.113000   0.187096
1100.114000   0.158944
1100.115000   0.131875
1100.116000   0.111521
1100.117000   0.102239
1100.118000   0.106470
1100.119000   0.124218
1100.120000   0.152862
1100.121000   0.187430
1100.122000   0.221362
1100.123000   0.247775
1100.124000   0.261100
1100.125000   0.258787
1100.126000   0.242222
1100.127000   0.216194
1100.128000   0.187173
1100.129000   0.161468
1100.130000   0.143995
1100.131000   0.137764
1100.132000   0.143835
1100.133000   0.161448
1100.134000   0.188152
1100.135000   0.220014
1100.136000   0.252000
1100.137000   0.278744
1100.138000   0.295691
1100.139000   0.300291
1100.140000   0.292719
1100.141000   0.275736
1100.142000   0.253820
1100.143000   0.232044
1100.144000   0.215056
1100.145000   0.206301
1100.146000   0.207509
1100.147000   0.218529
1100.148000   0.237493
1100.149000   0.261234
1100.150000   0.285827
1100.151000   0.307173
1100.152000   0.321620
1100.153000   0.326598
1100.154000   0.321195
1100.155000   0.306387
1100.156000   0.284846
1100.157000   0.260408
1100.158000   0.237392
1100.159000   0.219913
1100.160000   0.211284
1100.161000   0.213528
1100.162000   0.226964
1100.163000   0.249955
1100.164000   0.278903
1100.165000   0.308658
1100.166000   0.333372
1100.167000   0.347704
1100.168000   0.348145
1100.169000   0.334026
1100.170000   0.307685
1100.171000   0.273654
1100.172000   0.237332
1100.173000   0.203727
1100.174000   0.176679
1100.175000   0.158593
1100.176000   0.150523
1100.177000   0.152333
1100.178000   0.162814
1100.179000   0.179696
1100.180000   0.199625
1100.181000   0.218380
1100.182000   0.231435
1100.183000   0.234909
1100.184000   0.226599
1100.185000   0.206688
1100.186000   0.177734
1100.187000   0.143978
1100.188000   0.110274
1100.189000   0.081001
1100.190000   0.059215
1100.191000   0.046212
1100.192000   0.041603
1100.193000   0.043788
1100.194000   0.050578
1100.195000   0.059742
1100.196000   0.069346
1100.197000   0.077813
1100.198000   0.083807
1100.199000   0.086140
1100.200000   0.083861
1100.201000   0.076581
1100.202000   0.064822
1100.203000   0.050183
1100.204000   0.035163
1100.205000   0.022672
1100.206000   0.015341
1100.207000   0.014802
1100.208000   0.021183
1100.209000   0.033039
1100.210000   0.047767
1100.211000   0.062379
1100.212000   0.074346
1100.213000   0.082249
1100.214000   0.085980
1100.215000   0.086461
1100.216000   0.085040
1100.217000   0.082923
1100.218000   0.080924
1100.219000   0.079586
1100.220000   0.079429
1100.221000   0.081108
1100.222000   0.085360
1100.223000   0.092702
1100.224000   0.103010
1100.225000   0.115173
1100.226000   0.127074
1100.227000   0.136003
1100.228000   0.139426
1100.229000   0.135806
1100.230000   0.125127
1100.231000   0.108920
1100.232000   0.089798
1100.233000   0.070681
1100.234000   0.054059
1100.235000   0.041606
1100.236000   0.034245
1100.237000   0.032517
1100.238000   0.036941
1100.239000   0.048128
1100.240000   0.066567
1100.241000   0.092147
1100.242000   0.123548
1100.243000   0.157847
1100.244000   0.190641
1100.245000   0.216928
1100.246000   0.232564
1100.247000   0.235732
1100.248000   0.227667
1100.249000   0.212243
1100.250000   0.194695
1100.251000   0.180098
1100.252000   0.172160
1100.253000   0.172623
1100.254000   0.181306
1100.255000   0.196587
1100.256000   0.215986
1100.257000   0.236638
1100.258000   0.255591
1100.259000   0.270081
1100.260000   0.277872
1100.261000   0.277628
1100.262000   0.269215
1100.263000   0.253794
1100.264000   0.233657
1100.265000   0.211847
1100.266000   0.191655
1100.267000   0.176068
1100.268000   0.167254
1100.269000   0.166134
1100.270000   0.172200
1100.271000   0.183694
1100.272000   0.198115
1100.273000   0.212888
1100.274000   0.226024
1100.275000   0.236542
1100.276000   0.244488
1100.277000   0.250612
1100.278000   0.255928
1100.279000   0.261350
1100.280000   0.267463
1100.281000   0.274467
1100.282000   0.282194
1100.283000   0.290153
1100.284000   0.297535
1100.285000   0.303214
1100.286000   0.305828
1100.287000   0.303998
1100.288000   0.296683
1100.289000   0.283604
1100.290000   0.265546
1100.291000   0.244444
1100.292000   0.223206
1100.293000   0.205204
1100.294000   0.193520
1100.295000   0.190293
1100.296000   0.196373
1100.297000   0.211292
1100.298000   0.233421
1100.299000   0.260235
1100.300000   0.288552
1100.301000   0.314765
1100.302000   0.335150
1100.303000   0.346371
1100.304000   0.346141
1100.305000   0.333889
1100.306000   0.311093
1100.307000   0.281070
1100.308000   0.248339
1100.309000   0.217772
1100.310000   0.193813
1100.311000   0.179867
1100.312000   0.177797
1100.313000   0.187569
1100.314000   0.207137
1100.315000   0.232630
1100.316000   0.258916
1100.317000   0.280467
1100.318000   0.292459
1100.319000   0.291970
1100.320000   0.278841
1100.321000   0.255693
1100.322000   0.227012
1100.323000   0.197833
1100.324000   0.172656
1100.325000   0.154830
1100.326000   0.146312
1100.327000   0.147592
1100.328000   0.157726
1100.329000   0.174409
1100.330000   0.194152
1100.331000   0.212690
1100.332000   0.225653
1100.333000   0.229502
1100.334000   0.222437
1100.335000   0.204968
1100.336000   0.179823
1100.337000   0.151255
1100.338000   0.124008
1100.339000   0.102317
1100.340000   0.089135
1100.341000   0.085732
1100.342000   0.091690
1100.343000   0.105170
1100.344000   0.123284
1100.345000   0.142449
1100.346000   0.158753
1100.347000   0.168476
1100.348000   0.168790
1100.349000   0.158526
1100.350000   0.138614
1100.351000   0.111935
1100.352000   0.082643
1100.353000   0.055305
1100.354000   0.034135
1100.355000   0.022404
1100.356000   0.021956
1100.357000   0.032835
1100.358000   0.053148
1100.359000   0.079289
1100.360000   0.106558
1100.361000   0.130084
1100.362000   0.145910
1100.363000   0.151913
1100.364000   0.148257
1100.365000   0.137113
1100.366000   0.121833
1100.367000   0.105988
1100.368000   0.092656
1100.369000   0.084105
1100.370000   0.081739
1100.371000   0.086134
1100.372000   0.097012
1100.373000   0.113157
1100.374000   0.132311
1100.375000   0.151250
1100.376000   0.166165
1100.377000   0.173436
1100.378000   0.170573
1100.379000   0.157076
1100.380000   0.134728
1100.381000   0.107160
1100.382000   0.078936
1100.383000   0.054448
1100.384000   0.037029
1100.385000   0.028472
1100.386000   0.029021
1100.387000   0.037696
1100.388000   0.052694
1100.389000   0.071703
1100.390000   0.092115
1100.391000   0.111211
1100.392000   0.126456
1100.393000   0.135901
1100.394000   0.138615
1100.395000   0.134957
1100.396000   0.126564
1100.397000   0.116011
1100.398000   0.106244
1100.399000   0.099938
1100.400000   0.098972
1100.401000   0.104122
1100.402000   0.115016
1100.403000   0.130301
1100.404000   0.147920
1100.405000   0.165428
1100.406000   0.180297
1100.407000   0.190200
1100.408000   0.193294
1100.409000   0.188474
1100.410000   0.175617
1100.411000   0.155747
1100.412000   0.131038
1100.413000   0.104660
1100.414000   0.080372
1100.415000   0.061982
1100.416000   0.052776
1100.417000   0.054979
1100.418000   0.069307
1100.419000   0.094633
1100.420000   0.127880
1100.421000   0.164203
1100.422000   0.197542
1100.423000   0.221585
1100.424000   0.231158
1100.425000   0.223763
1100.426000   0.200431
1100.427000   0.165289
1100.428000   0.124098
1100.429000   0.082752
1100.430000   0.046335
1100.431000   0.018775
1100.432000   0.002752
1100.433000   -0.000334
1100.434000   0.009633
1100.435000   0.031451
1100.436000   0.062543
1100.437000   0.098999
1100.438000   0.135860
1100.439000   0.167717
1100.440000   0.189555
1100.441000   0.197718
1100.442000   0.190784
1100.443000   0.169937
1100.444000   0.138610
1100.445000   0.101577
1100.446000   0.063925
1100.447000   0.030267
1100.448000   0.004313
1100.449000   -0.011253
1100.450000   -0.014788
1100.451000   -0.005788
1100.452000   0.014922
1100.453000   0.044970
1100.454000   0.080383
1100.455000   0.115872
1100.456000   0.145566
1100.457000   0.164157
1100.458000   0.168265
1100.459000   0.157438
1100.460000   0.134229
1100.461000   0.103337
1100.462000   0.070328
1100.463000   0.040519
1100.464000   0.018215
1100.465000   0.006355
1100.466000   0.006413
1100.467000   0.018466
1100.468000   0.041274
1100.469000   0.072350
1100.470000   0.108058
1100.471000   0.143813
1100.472000   0.174501
1100.473000   0.195257
1100.474000   0.202510
1100.475000   0.194933
1100.476000   0.173782
1100.477000   0.142478
1100.478000   0.105681
1100.479000   0.068305
1100.480000   0.034808
1100.481000   0.008813
1100.482000   -0.007011
1100.483000   -0.010919
1100.484000   -0.002076
1100.485000   0.019302
1100.486000   0.051689
1100.487000   0.091999
1100.488000   0.135473
1100.489000   0.175944
1100.490000   0.206720
1100.491000   0.222305
1100.492000   0.220436
1100.493000   0.203097
1100.494000   0.175740
1100.495000   0.145381
1100.496000   0.118718
1100.497000   0.100877
1100.498000   0.094794
1100.499000   0.101109
1100.500000   0.118413
1100.501000   0.143717
1100.501000   0.143717
1100.502000   0.172975
1100.503000   0.201634
1100.504000   0.225177
1100.505000   0.239768
1100.506000   0.242935
1100.507000   0.234111
1100.508000   0.214777
1100.509000   0.188162
1100.510000   0.158626
1100.511000   0.130981
1100.512000   0.109836
1100.513000   0.099010
1100.514000   0.100978
1100.515000   0.116408
1100.516000   0.143809
1100.517000   0.179434
1100.518000   0.217532
1100.519000   0.251065
1100.520000   0.272902
1100.521000   0.277531
1100.522000   0.262825
1100.523000   0.230823
1100.524000   0.186926
1100.525000   0.138090
1100.526000   0.091200
1100.527000   0.052166
1100.528000   0.025579
1100.529000   0.014616
1100.530000   0.021001
1100.531000   0.044831
1100.532000   0.084194
1100.533000   0.134745
1100.534000   0.189561
1100.535000   0.239501
1100.536000   0.274391
1100.537000   0.285798
1100.538000   0.270647
1100.539000   0.232859
1100.540000   0.181544
1100.541000   0.127330
1100.542000   0.079538
1100.543000   0.045016
1100.544000   0.027871
1100.545000   0.029534
1100.546000   0.049006
1100.547000   0.083114
1100.548000   0.126737
1100.549000   0.173151
1100.550000   0.214698
1100.551000   0.243965
1100.552000   0.255509
1100.553000   0.247630
1100.554000   0.222922
1100.555000   0.187191
1100.556000   0.147596
1100.557000   0.111147
1100.558000   0.083747
1100.559000   0.069575
1100.560000   0.070737
1100.561000   0.087174
1100.562000   0.116728
1100.563000   0.155307
1100.564000   0.197155
1100.565000   0.235344
1100.566000   0.262645
1100.567000   0.272944
1100.568000   0.263055
1100.569000   0.233934
1100.570000   0.190414
1100.571000   0.139631
1100.572000   0.089242
1100.573000   0.046186
1100.574000   0.015998
1100.575000   0.002461
1100.576000   0.007303
1100.577000   0.029919
1100.578000   0.067150
1100.579000   0.113300
1100.580000   0.160572
1100.581000   0.200065
1100.582000   0.223622
1100.583000   0.226440
1100.584000   0.209043
1100.585000   0.177013
1100.586000   0.138661
1100.587000   0.102356
1100.588000   0.074879
1100.589000   0.060825
1100.590000   0.062560
1100.591000   0.080367
1100.592000   0.112551
1100.593000   0.155418
1100.594000   0.203305
1100.595000   0.248938
1100.596000   0.284457
1100.597000   0.303168
1100.598000   0.301430
1100.599000   0.279703
1100.600000   0.242149
1100.601000   0.195185
1100.602000   0.145884
1100.603000   0.100784
1100.604000   0.065108
1100.605000   0.042423
1100.606000   0.034683
1100.607000   0.042408
1100.608000   0.064738
1100.609000   0.099281
1100.610000   0.141930
1100.611000   0.186798
1100.612000   0.226373
1100.613000   0.252466
1100.614000   0.258597
1100.615000   0.242755
1100.616000   0.208492
1100.617000   0.163498
1100.618000   0.116909
1100.619000   0.077064
1100.620000   0.050231
1100.621000   0.039910
1100.622000   0.046523
1100.623000   0.067529
1100.624000   0.097979
1100.625000   0.131427
1100.626000   0.161130
1100.627000   0.181606
1100.628000   0.190135
1100.629000   0.187366
1100.630000   0.176667
1100.631000   0.162630
1100.632000   0.149601
1100.633000   0.140901
1100.634000   0.138617
1100.635000   0.143649
1100.636000   0.155789
1100.637000   0.173754
1100.638000   0.195101
1100.639000   0.216243
1100.640000   0.232784
1100.641000   0.240406
1100.642000   0.236198
1100.643000   0.219877
1100.644000   0.194187
1100.645000   0.164247
1100.646000   0.136182
1100.647000   0.115644
1100.648000   0.106698
1100.649000   0.111204
1100.650000   0.128609
1100.651000   0.156072
1100.652000   0.188809
1100.653000   0.220713
1100.654000   0.245331
1100.655000   0.257336
1100.656000   0.254208
1100.657000   0.237141
1100.658000   0.210443
1100.659000   0.179941
1100.660000   0.151535
1100.661000   0.130271
1100.662000   0.119755
1100.663000   0.121877
1100.664000   0.136691
1100.665000   0.162370
1100.666000   0.195298
1100.667000   0.230449
1100.668000   0.262061
1100.669000   0.284536
1100.670000   0.293702
1100.671000   0.288169
1100.672000   0.269974
1100.673000   0.244006
1100.674000   0.216453
1100.675000   0.193063
1100.676000   0.178046
1100.677000   0.173747
1100.678000   0.180788
1100.679000   0.198276
1100.680000   0.223934
1100.681000   0.254058
1100.682000   0.283483
1100.683000   0.305893
1100.684000   0.315023
1100.685000   0.306724
1100.686000   0.280844
1100.687000   0.241620
1100.688000   0.196329
1100.689000   0.153101
1100.690000   0.119199
1100.691000   0.100145
1100.692000   0.099107
1100.693000   0.116505
1100.694000   0.149987
1100.695000   0.194692
1100.696000   0.243757
1100.697000   0.289109
1100.698000   0.322495
1100.699000   0.337004
1100.700000   0.329009
1100.701000   0.299570
1100.702000   0.254138
1100.703000   0.200694
1100.704000   0.147581
1100.705000   0.102129
1100.706000   0.070148
1100.707000   0.055806
1100.708000   0.061430
1100.709000   0.087116
1100.710000   0.130204
1100.711000   0.184893
1100.712000   0.242432
1100.713000   0.292156
1100.714000   0.323489
1100.715000   0.329089
1100.716000   0.307926
1100.717000   0.265847
1100.718000   0.212905
1100.719000   0.159712
1100.720000   0.115236
1100.721000   0.085952
1100.722000   0.075587
1100.723000   0.085272
1100.724000   0.113797
1100.725000   0.157577
1100.726000   0.210413
1100.727000   0.263464
1100.728000   0.305934
1100.729000   0.327219
1100.730000   0.320688
1100.731000   0.286908
1100.732000   0.233485
1100.733000   0.171809
1100.734000   0.113508
1100.735000   0.068374
1100.736000   0.043336
1100.737000   0.041929
1100.738000   0.064095
1100.739000   0.106192
1100.740000   0.161264
1100.741000   0.219525
1100.742000   0.269138
1100.743000   0.298192
1100.744000   0.298727
1100.745000   0.270456
1100.746000   0.220769
1100.747000   0.160877
1100.748000   0.101576
1100.749000   0.051410
1100.750000   0.016560
1100.751000   0.000983
1100.752000   0.006462
1100.753000   0.032547
1100.754000   0.076357
1100.755000   0.132367
1100.756000   0.192490
1100.757000   0.246748
1100.758000   0.284740
1100.759000   0.298180
1100.760000   0.283892
1100.761000   0.245162
1100.762000   0.190183
1100.763000   0.128906
1100.764000   0.070559
1100.765000   0.022503
1100.766000   -0.010058
1100.767000   -0.023890
1100.768000   -0.017471
1100.769000   0.008961
1100.770000   0.052929
1100.771000   0.109082
1100.772000   0.168958
1100.773000   0.221449
1100.774000   0.254544
1100.775000   0.259298
1100.776000   0.234289
1100.777000   0.186693
1100.778000   0.128975
1100.779000   0.074259
1100.780000   0.033308
1100.781000   0.013194
1100.782000   0.016827
1100.783000   0.043027
1100.784000   0.086979
1100.785000   0.140905
1100.786000   0.194822
1100.787000   0.237788
1100.788000   0.260485
1100.789000   0.258510
1100.790000   0.233942
1100.791000   0.193829
1100.792000   0.147100
1100.793000   0.102234
1100.794000   0.066211
1100.795000   0.044120
1100.796000   0.039136
1100.797000   0.052532
1100.798000   0.083457
1100.799000   0.128510
1100.800000   0.181418
1100.801000   0.233240
1100.802000   0.273450
1100.803000   0.292060
1100.804000   0.282942
1100.805000   0.246799
1100.806000   0.191155
1100.807000   0.127189
1100.808000   0.066042
1100.809000   0.016857
1100.810000   -0.013708
1100.811000   -0.021573
1100.812000   -0.005229
1100.813000   0.034146
1100.814000   0.092313
1100.815000   0.161524
1100.816000   0.230314
1100.817000   0.284177
1100.818000   0.308923
1100.819000   0.296962
1100.820000   0.251745
1100.821000   0.186000
1100.822000   0.115644
1100.823000   0.054858
1100.824000   0.014164
1100.825000   -0.000290
1100.826000   0.013146
1100.827000   0.051986
1100.828000   0.110196
1100.829000   0.178890
1100.830000   0.247118
1100.831000   0.303159
1100.832000   0.336946
1100.833000   0.343341
1100.834000   0.324046
1100.835000   0.286391
1100.836000   0.240124
1100.837000   0.194732
1100.838000   0.158156
1100.839000   0.136192
1100.840000   0.132191
1100.841000   0.146808
1100.842000   0.177691
1100.843000   0.219277
1100.844000   0.263126
1100.845000   0.299148
1100.846000   0.317730
1100.847000   0.312721
1100.848000   0.284002
1100.849000   0.237500
1100.850000   0.182700
1100.851000   0.129676
1100.852000   0.087107
1100.853000   0.061351
1100.854000   0.056197
1100.855000   0.072907
1100.856000   0.110085
1100.857000   0.163258
1100.858000   0.224434
1100.859000   0.282114
1100.860000   0.322476
1100.861000   0.333289
1100.862000   0.309837
1100.863000   0.257909
1100.864000   0.190879
1100.865000   0.123777
1100.866000   0.069268
1100.867000   0.036077
1100.868000   0.028517
1100.869000   0.046650
1100.870000   0.086852
1100.871000   0.142464
1100.872000   0.204491
1100.873000   0.262536
1100.874000   0.306165
1100.875000   0.327039
1100.876000   0.321578
1100.877000   0.292387
1100.878000   0.246905
1100.879000   0.194373
1100.880000   0.143466
1100.881000   0.101285
1100.882000   0.072979
1100.883000   0.061530
1100.884000   0.067616
1100.885000   0.089449
1100.886000   0.122710
1100.887000   0.160757
1100.888000   0.195077
1100.889000   0.216639
1100.890000   0.218799
1100.891000   0.200218
1100.892000   0.165483
1100.893000   0.123121
1100.894000   0.082717
1100.895000   0.052731
1100.896000   0.039213
1100.897000   0.045190
1100.898000   0.070471
1100.899000   0.111627
1100.900000   0.162082
1100.901000   0.212503
1100.902000   0.251974
1100.903000   0.270807
1100.904000   0.264484
1100.905000   0.235944
1100.906000   0.194092
1100.907000   0.149869
1100.908000   0.113074
1100.909000   0.091053
1100.910000   0.088281
1100.911000   0.106223
1100.912000   0.143331
1100.913000   0.195090
1100.914000   0.254184
1100.915000   0.311109
1100.916000   0.355402
1100.917000   0.377800
1100.918000   0.373207
1100.919000   0.342806
1100.920000   0.293479
1100.921000   0.235003
1100.922000   0.177152
1100.923000   0.127906
1100.924000   0.092673
1100.925000   0.074309
1100.926000   0.073494
1100.927000   0.089050
1100.928000   0.118028
1100.929000   0.155654
1100.930000   0.195393
1100.931000   0.229629
1100.932000   0.251328
1100.933000   0.256214
1100.934000   0.244354
1100.935000   0.220108
1100.936000   0.190486
1100.937000   0.162999
1100.938000   0.144043
1100.939000   0.137989
1100.940000   0.146739
1100.941000   0.169619
1100.942000   0.203517
1100.943000   0.243211
1100.944000   0.282005
1100.945000   0.312849
1100.946000   0.329991
1100.947000   0.330769
1100.948000   0.316574
1100.949000   0.292248
1100.950000   0.264441
1100.951000   0.240005
1100.952000   0.224811
1100.953000   0.222965
1100.954000   0.236384
1100.955000   0.264607
1100.956000   0.304746
1100.957000   0.351574
1100.958000   0.397935
1100.959000   0.435630
1100.960000   0.456864
1100.961000   0.456207
1100.962000   0.432457
1100.963000   0.389240
1100.964000   0.333863
1100.965000   0.275202
1100.966000   0.221817
1100.967000   0.180777
1100.968000   0.157080
1100.969000   0.153388
1100.970000   0.169830
1100.971000   0.203811
1100.972000   0.249885
1100.973000   0.299952
1100.974000   0.343991
1100.975000   0.371915
1100.976000   0.376819
1100.977000   0.357885
1100.978000   0.320693
1100.979000   0.274706
1100.980000   0.229984
1100.981000   0.194904
1100.982000   0.175020
1100.983000   0.172610
1100.984000   0.186641
1100.985000   0.213019
1100.986000   0.245099
1100.987000   0.274566
1100.988000   0.293005
1100.989000   0.294317
1100.990000   0.277087
1100.991000   0.245075
1100.992000   0.205515
1100.993000   0.166630
1100.994000   0.135720
1100.995000   0.118199
1100.996000   0.117286
1100.997000   0.133905
1100.998000   0.166658
1100.999000   0.211759
1101.000000   0.263100
1101.001000   0.312705
1101.001000   0.312705
1101.002000   0.351742
1101.003000   0.372196
1101.004000   0.369173
1101.005000   0.342842
1101.006000   0.298525
1101.007000   0.244747
1101.008000   0.190655
1101.009000   0.144241
1101.010000   0.111568
1101.011000   0.096421
1101.012000   0.100183
1101.013000   0.121805
1101.014000   0.157766
1101.015000   0.202095
1101.016000   0.246509
1101.017000   0.281270
1101.018000   0.297577
1101.019000   0.290866
1101.020000   0.262735
1101.021000   0.220059
1101.022000   0.172175
1101.023000   0.128154
1101.024000   0.095211
1101.025000   0.078060
1101.026000   0.078773
1101.027000   0.096896
1101.028000   0.129633
1101.029000   0.172037
1101.030000   0.217334
1101.031000   0.257668
1101.032000   0.285464
1101.033000   0.295384
1101.034000   0.286283
1101.035000   0.261757
1101.036000   0.228762
1101.037000   0.195367
1101.038000   0.168851
1101.039000   0.154676
1101.040000   0.156143
1101.041000   0.174280
1101.042000   0.207676
1101.043000   0.252367
1101.044000   0.301897
1101.045000   0.347745
1101.046000   0.380347
1101.047000   0.391153
1101.048000   0.375638
1101.049000   0.335373
1101.050000   0.277366
1101.051000   0.211358
1101.052000   0.147174
1101.053000   0.092857
1101.054000   0.053878
1101.055000   0.033292
1101.056000   0.032184
1101.057000   0.049960
1101.058000   0.084298
1101.059000   0.130822
1101.060000   0.182884
1101.061000   0.231872
1101.062000   0.268239
1101.063000   0.283605
1101.064000   0.273785
1101.065000   0.240804
1101.066000   0.192154
1101.067000   0.137954
1101.068000   0.088133
1101.069000   0.050719
1101.070000   0.030959
1101.071000   0.030993
1101.072000   0.049951
1101.073000   0.084323
1101.074000   0.128426
1101.075000   0.174931
1101.076000   0.215799
1101.077000   0.243925
1101.078000   0.255039
1101.079000   0.248883
1101.080000   0.228955
1101.081000   0.201007
1101.082000   0.171425
1101.083000   0.146162
1101.084000   0.130087
1101.085000   0.126527
1101.086000   0.136932
1101.087000   0.160565
1101.088000   0.194266
1101.089000   0.232481
1101.090000   0.267622
1101.091000   0.290904
1101.092000   0.294302
1101.093000   0.273628
1101.094000   0.230664
1101.095000   0.172607
1101.096000   0.109342
1101.097000   0.050464
1101.098000   0.003716
1101.099000   -0.025363
1101.100000   -0.033424
1101.101000   -0.019330
1101.102000   0.015635
1101.103000   0.067400
1101.104000   0.128821
1101.105000   0.189778
1101.106000   0.238145
1101.107000   0.262718
1101.108000   0.257776
1101.109000   0.226001
1101.110000   0.177139
1101.111000   0.123671
1101.112000   0.077039
1101.113000   0.045820
1101.114000   0.035013
1101.115000   0.046030
1101.116000   0.077154
1101.117000   0.124145
1101.118000   0.180751
1101.119000   0.239211
1101.120000   0.290995
1101.121000   0.327947
1101.122000   0.344145
1101.123000   0.337998
1101.124000   0.312919
1101.125000   0.275875
1101.126000   0.235054
1101.127000   0.198219
1101.128000   0.171902
1101.129000   0.160771
1101.130000   0.166936
1101.131000   0.189414
1101.132000   0.223922
1101.133000   0.263248
1101.134000   0.298379
1101.135000   0.320331
1101.136000   0.322827
1101.137000   0.304789
1101.138000   0.270715
1101.139000   0.228629
1101.140000   0.187313
1101.141000   0.154241
1101.142000   0.134588
1101.143000   0.131137
1101.144000   0.144554
1101.145000   0.173542
1101.146000   0.214673
1101.147000   0.262076
1101.148000   0.307383
1101.149000   0.340545
1101.150000   0.352244
1101.151000   0.337492
1101.152000   0.298229
1101.153000   0.242754
1101.154000   0.182519
1101.155000   0.128738
1101.156000   0.090301
1101.157000   0.072711
1101.158000   0.077792
1101.159000   0.103961
1101.160000   0.146785
1101.161000   0.199528
1101.162000   0.253718
1101.163000   0.299924
1101.164000   0.329086
1101.165000   0.334707
1101.166000   0.315181
1101.167000   0.274438
1101.168000   0.220263
1101.169000   0.161653
1101.170000   0.106856
1101.171000   0.062389
1101.172000   0.032636
1101.173000   0.019704
1101.174000   0.023339
1101.175000   0.040916
1101.176000   0.067640
1101.177000   0.097033
1101.178000   0.121963
1101.179000   0.136350
1101.180000   0.137041
1101.181000   0.124892
1101.182000   0.104408
1101.183000   0.082082
1101.184000   0.064420
1101.185000   0.056486
1101.186000   0.061162
1101.187000   0.078903
1101.188000   0.107727
1101.189000   0.143323
1101.190000   0.179300
1101.191000   0.207961
1101.192000   0.222076
1101.193000   0.217406
1101.194000   0.194569
1101.195000   0.158816
1101.196000   0.117880
1101.197000   0.079637
1101.198000   0.050826
1101.199000   0.036425
1101.200000   0.039190
1101.201000   0.059424
1101.202000   0.095038
1101.203000   0.141788
1101.204000   0.193708
1101.205000   0.243654
1101.206000   0.284012
1101.207000   0.307984
1101.208000   0.311436
1101.209000   0.294458
1101.210000   0.261389
1101.211000   0.219226
1101.212000   0.175576
1101.213000   0.137219
1101.214000   0.109459
1101.215000   0.095845
1101.216000   0.097987
1101.217000   0.115370
1101.218000   0.145180
1101.219000   0.182359
1101.220000   0.220081
1101.221000   0.250888
1101.222000   0.268548
1101.223000   0.270089
1101.224000   0.256828
1101.225000   0.233761
1101.226000   0.207729
1101.227000   0.185429
1101.228000   0.171992
1101.229000   0.170289
1101.230000   0.180838
1101.231000   0.202116
1101.232000   0.230979
1101.233000   0.263099
1101.234000   0.293447
1101.235000   0.316988
1101.236000   0.329637
1101.237000   0.329293
1101.238000   0.316511
1101.239000   0.294372
1101.240000   0.267682
1101.241000   0.241908
1101.242000   0.222207
1101.243000   0.212613
1101.244000   0.215453
1101.245000   0.230954
1101.246000   0.257133
1101.247000   0.289971
1101.248000   0.323966
1101.249000   0.352964
1101.250000   0.371203
1101.251000   0.374496
1101.252000   0.361373
1101.253000   0.333566
1101.254000   0.295458
1101.255000   0.252856
1101.256000   0.211771
1101.257000   0.177539
1101.258000   0.154302
1101.259000   0.144709
1101.260000   0.149677
1101.261000   0.168143
1101.262000   0.196860
1101.263000   0.230449
1101.264000   0.261988
1101.265000   0.284308
1101.266000   0.291916
1101.267000   0.282787
1101.268000   0.258992
1101.269000   0.225768
1101.270000   0.189676
1101.271000   0.156875
1101.272000   0.132010
1101.273000   0.117796
1101.274000   0.115116
1101.275000   0.123398
1101.276000   0.141015
1101.277000   0.165541
1101.278000   0.193886
1101.279000   0.222386
1101.280000   0.247066
1101.281000   0.264235
1101.282000   0.271353
1101.283000   0.267811
1101.284000   0.255188
1101.285000   0.236847
1101.286000   0.217117
1101.287000   0.200358
1101.288000   0.190107
1101.289000   0.188396
1101.290000   0.195371
1101.291000   0.209288
1101.292000   0.226853
1101.293000   0.243848
1101.294000   0.255916
1101.295000   0.259504
1101.296000   0.252785
1101.297000   0.236188
1101.298000   0.212216
1101.299000   0.184675
1101.300000   0.157761
1101.301000   0.135367
1101.302000   0.120722
1101.303000   0.116204
1101.304000   0.123066
1101.305000   0.141017
1101.306000   0.167774
1101.307000   0.198876
1101.308000   0.228114
1101.309000   0.248798
1101.310000   0.255758
1101.311000   0.247309
1101.312000   0.225963
1101.313000   0.197449
1101.314000   0.168710
1101.315000   0.146030
1101.316000   0.133852
1101.317000   0.134285
1101.318000   0.147227
1101.319000   0.170835
1101.320000   0.202097
1101.321000   0.237288
1101.322000   0.272266
1101.323000   0.302754
1101.324000   0.324812
1101.325000   0.335558
1101.326000   0.333911
1101.327000   0.320986
1101.328000   0.299941
1101.329000   0.275358
1101.330000   0.252418
1101.331000   0.235982
1101.332000   0.229687
1101.333000   0.235232
1101.334000   0.251982
1101.335000   0.277023
1101.336000   0.305648
1101.337000   0.332166
1101.338000   0.350971
1101.339000   0.357829
1101.340000   0.351070
1101.341000   0.332071
1101.342000   0.304691
1101.343000   0.274035
1101.344000   0.245230
1101.345000   0.222656
1101.346000   0.209539
1101.347000   0.207742
1101.348000   0.217581
1101.349000   0.237629
1101.350000   0.264628
1101.351000   0.293698
1101.352000   0.319046
1101.353000   0.335160
1101.354000   0.338250
1101.355000   0.327404
1101.356000   0.304851
1101.357000   0.275210
1101.358000   0.244157
1101.359000   0.217070
1101.360000   0.198037
1101.361000   0.189350
1101.362000   0.191477
1101.363000   0.203289
1101.364000   0.222395
1101.365000   0.245437
1101.366000   0.268375
1101.367000   0.286889
1101.368000   0.296966
1101.369000   0.295668
1101.370000   0.281883
1101.371000   0.256785
1101.372000   0.223711
1101.373000   0.187557
1101.374000   0.153868
1101.375000   0.127896
1101.376000   0.113663
1101.377000   0.113244
1101.378000   0.126429
1101.379000   0.150658
1101.380000   0.181331
1101.381000   0.212350
1101.382000   0.236927
1101.383000   0.248800
1101.384000   0.243846
1101.385000   0.221456
1101.386000   0.184778
1101.387000   0.139663
1101.388000   0.093029
1101.389000   0.051554
1101.390000   0.020896
1101.391000   0.005224
1101.392000   0.006840
1101.393000   0.025797
1101.394000   0.059567
1101.395000   0.102946
1101.396000   0.148438
1101.397000   0.187184
1101.398000   0.210850
1101.399000   0.214333
1101.400000   0.197909
1101.401000   0.167073
1101.402000   0.130126
1101.403000   0.095296
1101.404000   0.068912
1101.405000   0.054861
1101.406000   0.054654
1101.407000   0.067762
1101.408000   0.091979
1101.409000   0.123731
1101.410000   0.158391
1101.411000   0.190683
1101.412000   0.215452
1101.413000   0.228715
1101.414000   0.228720
1101.415000   0.216499
1101.416000   0.195613
1101.417000   0.171253
1101.418000   0.149030
1101.419000   0.133818
1101.420000   0.128840
1101.421000   0.135103
1101.422000   0.151259
1101.423000   0.173887
1101.424000   0.198140
1101.425000   0.218678
1101.426000   0.230820
1101.427000   0.231745
1101.428000   0.221333
1101.429000   0.202145
1101.430000   0.178581
1101.431000   0.155733
1101.432000   0.138403
1101.433000   0.130507
1101.434000   0.134645
1101.435000   0.151829
1101.436000   0.181174
1101.437000   0.219688
1101.438000   0.262354
1101.439000   0.302742
1101.440000   0.334211
1101.441000   0.351525
1101.442000   0.352340
1101.443000   0.337829
1101.444000   0.312128
1101.445000   0.280916
1101.446000   0.249915
1101.447000   0.223814
1101.448000   0.205724
1101.449000   0.197176
1101.450000   0.198440
1101.451000   0.208875
1101.452000   0.227125
1101.453000   0.251118
1101.454000   0.277980
1101.455000   0.304011
1101.456000   0.324951
1101.457000   0.336736
1101.458000   0.336641
1101.459000   0.324313
1101.460000   0.302072
1101.461000   0.274313
1101.462000   0.246351
1101.463000   0.223198
1101.464000   0.208510
1101.465000   0.203986
1101.466000   0.209383
1101.467000   0.223004
1101.468000   0.242340
1101.469000   0.264569
1101.470000   0.286797
1101.471000   0.306157
1101.472000   0.319936
1101.473000   0.325868
1101.474000   0.322573
1101.475000   0.309983
1101.476000   0.289560
1101.477000   0.264136
1101.478000   0.237417
1101.479000   0.213275
1101.480000   0.194985
1101.481000   0.184561
1101.482000   0.182349
1101.483000   0.186997
1101.484000   0.195846
1101.485000   0.205628
1101.486000   0.213251
1101.487000   0.216447
1101.488000   0.214140
1101.489000   0.206443
1101.490000   0.194356
1101.491000   0.179366
1101.492000   0.163149
1101.493000   0.147472
1101.494000   0.134200
1101.495000   0.125252
1101.496000   0.122383
1101.497000   0.126752
1101.498000   0.138381
1101.499000   0.155687
1101.500000   0.175364
1101.501000   0.192800
1101.501000   0.192800
1101.502000   0.203060
1101.503000   0.202246
1101.504000   0.188792
1101.505000   0.164097
1101.506000   0.132132
1101.507000   0.098261
1101.508000   0.067875
1101.509000   0.045377
1101.510000   0.033735
1101.511000   0.034465
1101.512000   0.047720
1101.513000   0.072233
1101.514000   0.105025
1101.515000   0.141118
1101.516000   0.173761
1101.517000   0.195765
1101.518000   0.201847
1101.519000   0.190814
1101.520000   0.166134
1101.521000   0.134539
1101.522000   0.103722
1101.523000   0.080418
1101.524000   0.069329
1101.525000   0.072586
1101.526000   0.089590
1101.527000   0.117308
1101.528000   0.151029
1101.529000   0.185386
1101.530000   0.215424
1101.531000   0.237487
1101.532000   0.249765
1101.533000   0.252360
1101.534000   0.246894
1101.535000   0.235881
1101.536000   0.222182
1101.537000   0.208661
1101.538000   0.198022
1101.539000   0.192628
1101.540000   0.194202
1101.541000   0.203389
1101.542000   0.219313
1101.543000   0.239343
1101.544000   0.259348
1101.545000   0.274576
1101.546000   0.281001
1101.547000   0.276645
1101.548000   0.262310
1101.549000   0.241330
1101.550000   0.218492
1101.551000   0.198650
1101.552000   0.185562
1101.553000   0.181260
1101.554000   0.185936
1101.555000   0.198213
1101.556000   0.215560
1101.557000   0.234758
1101.558000   0.252389
1101.559000   0.265289
1101.560000   0.270957
1101.561000   0.267938
1101.562000   0.256090
1101.563000   0.236653
1101.564000   0.212071
1101.565000   0.185637
1101.566000   0.161027
1101.567000   0.141750
1101.568000   0.130574
1101.569000   0.128995
1101.570000   0.136855
1101.571000   0.152260
1101.572000   0.171880
1101.573000   0.191609
1101.574000   0.207468
1101.575000   0.216542
1101.576000   0.217598
1101.577000   0.211175
1101.578000   0.199128
1101.579000   0.183922
1101.580000   0.168029
1101.581000   0.153638
1101.582000   0.142627
1101.583000   0.136571
1101.584000   0.136603
1101.585000   0.143098
1101.586000   0.155310
1101.587000   0.171236
1101.588000   0.187902
1101.589000   0.202104
1101.590000   0.211302
1101.591000   0.214315
1101.592000   0.211552
1101.593000   0.204733
1101.594000   0.196215
1101.595000   0.188241
1101.596000   0.182335
1101.597000   0.179013
1101.598000   0.177851
1101.599000   0.177789
1101.600000   0.177505
1101.601000   0.175743
1101.602000   0.171560
1101.603000   0.164479
1101.604000   0.154587
1101.605000   0.142568
1101.606000   0.129706
1101.607000   0.117834
1101.608000   0.109144
1101.609000   0.105816
1101.610000   0.109491
1101.611000   0.120730
1101.612000   0.138618
1101.613000   0.160720
1101.614000   0.183518
1101.615000   0.203326
1101.616000   0.217397
1101.617000   0.224773
1101.618000   0.226487
1101.619000   0.225038
1101.620000   0.223533
1101.621000   0.224812
1101.622000   0.230823
1101.623000   0.242311
1101.624000   0.258819
1101.625000   0.278875
1101.626000   0.300244
1101.627000   0.320160
1101.628000   0.335572
1101.629000   0.343450
1101.630000   0.341254
1101.631000   0.327538
1101.632000   0.302503
1101.633000   0.268283
1101.634000   0.228811
1101.635000   0.189260
1101.636000   0.155254
1101.637000   0.131948
1101.638000   0.123156
1101.639000   0.130699
1101.640000   0.154003
1101.641000   0.189964
1101.642000   0.233127
1101.643000   0.276210
1101.644000   0.311153
1101.645000   0.330909
1101.646000   0.331640
1101.647000   0.314088
1101.648000   0.283097
1101.649000   0.245684
1101.650000   0.208998
1101.651000   0.179115
1101.652000   0.160554
1101.653000   0.156131
1101.654000   0.166856
1101.655000   0.191708
1101.656000   0.227387
1101.657000   0.268326
1101.658000   0.307361
1101.659000   0.337016
1101.660000   0.351256
1101.661000   0.347444
1101.662000   0.327431
1101.663000   0.296887
1101.664000   0.263394
1101.665000   0.234481
1101.666000   0.216139
1101.667000   0.211922
1101.668000   0.222642
1101.669000   0.246468
1101.670000   0.279144
1101.671000   0.314361
1101.672000   0.344401
1101.673000   0.361384
1101.674000   0.359261
1101.675000   0.335983
1101.676000   0.294414
1101.677000   0.241301
1101.678000   0.185137
1101.679000   0.134294
1101.680000   0.095857
1101.681000   0.074930
1101.682000   0.074155
1101.683000   0.093322
1101.684000   0.129150
1101.685000   0.175369
1101.686000   0.223277
1101.687000   0.262796
1101.688000   0.284381
1101.689000   0.281938
1101.690000   0.255318
1101.691000   0.210319
1101.692000   0.156103
1101.693000   0.102036
1101.694000   0.055796
1101.695000   0.022793
1101.696000   0.006244
1101.697000   0.007381
1101.698000   0.025512
1101.699000   0.057888
1101.700000   0.099567
1101.701000   0.143561
1101.702000   0.181568
1101.703000   0.205654
1101.704000   0.210804
1101.705000   0.196998
1101.706000   0.169288
1101.707000   0.135804
1101.708000   0.105122
1101.709000   0.084226
1101.710000   0.077368
1101.711000   0.085686
1101.712000   0.107438
1101.713000   0.138573
1101.714000   0.173354
1101.715000   0.205014
1101.716000   0.226736
1101.717000   0.233222
1101.718000   0.222454
1101.719000   0.196487
1101.720000   0.160684
1101.721000   0.121966
1101.722000   0.087200
1101.723000   0.062218
1101.724000   0.051269
1101.725000   0.056547
1101.726000   0.077740
1101.727000   0.111759
1101.728000   0.152859
1101.729000   0.193380
1101.730000   0.225165
1101.731000   0.241588
1101.732000   0.239579
1101.733000   0.220554
1101.734000   0.189615
1101.735000   0.153627
1101.736000   0.119355
1101.737000   0.092316
1101.738000   0.076368
1101.739000   0.073712
1101.740000   0.085044
1101.741000   0.109594
1101.742000   0.144964
1101.743000   0.186962
1101.744000   0.229670
1101.745000   0.266083
1101.746000   0.289483
1101.747000   0.295424
1101.748000   0.283483
1101.749000   0.257635
1101.750000   0.224900
1101.751000   0.193159
1101.752000   0.169273
1101.753000   0.157933
1101.754000   0.161202
1101.755000   0.178550
1101.756000   0.207257
1101.757000   0.242967
1101.758000   0.280271
1101.759000   0.313409
1101.760000   0.337222
1101.761000   0.348305
1101.762000   0.345932
1101.763000   0.332222
1101.764000   0.311428
1101.765000   0.288745
1101.766000   0.269152
1101.767000   0.256598
1101.768000   0.253492
1101.769000   0.260353
1101.770000   0.275654
1101.771000   0.295928
1101.772000   0.316294
1101.773000   0.331463
1101.774000   0.337061
1101.775000   0.330920
1101.776000   0.313782
1101.777000   0.289079
1101.778000   0.261916
1101.779000   0.237766
1101.780000   0.221307
1101.781000   0.215694
1101.782000   0.222282
1101.783000   0.240649
1101.784000   0.268705
1101.785000   0.302776
1101.786000   0.337769
1101.787000   0.367609
1101.788000   0.386266
1101.789000   0.389376
1101.790000   0.375821
1101.791000   0.348287
1101.792000   0.312444
1101.793000   0.275295
1101.794000   0.243530
1101.795000   0.222294
1101.796000   0.214472
1101.797000   0.220454
1101.798000   0.238324
1101.799000   0.264367
1101.800000   0.293794
1101.801000   0.321511
1101.802000   0.342856
1101.803000   0.354307
1101.804000   0.354122
1101.805000   0.342682
1101.806000   0.322303
1101.807000   0.296546
1101.808000   0.269369
1101.809000   0.244458
1101.810000   0.224836
1101.811000   0.212657
1101.812000   0.208987
1101.813000   0.213563
1101.814000   0.224653
1101.815000   0.239177
1101.816000   0.253224
1101.817000   0.262982
1101.818000   0.265827
1101.819000   0.261163
1101.820000   0.250629
1101.821000   0.237532
1101.822000   0.225800
1101.823000   0.218853
1101.824000   0.218758
1101.825000   0.225874
1101.826000   0.238981
1101.827000   0.255724
1101.828000   0.273160
1101.829000   0.288288
1101.830000   0.298570
1101.831000   0.302390
1101.832000   0.299361
1101.833000   0.290376
1101.834000   0.277407
1101.835000   0.263124
1101.836000   0.250465
1101.837000   0.242198
1101.838000   0.240476
1101.839000   0.246399
1101.840000   0.259678
1101.841000   0.278560
1101.842000   0.300059
1101.843000   0.320488
1101.844000   0.336140
1101.845000   0.343992
1101.846000   0.342267
1101.847000   0.330784
1101.848000   0.310949
1101.849000   0.285393
1101.850000   0.257389
1101.851000   0.230294
1101.852000   0.207156
1101.853000   0.190514
1101.854000   0.182275
1101.855000   0.183487
1101.856000   0.194029
1101.857000   0.212302
1101.858000   0.235148
1101.859000   0.258171
1101.860000   0.276555
1101.861000   0.286280
1101.862000   0.285322
1101.863000   0.274246
1101.864000   0.255888
1101.865000   0.234290
1101.866000   0.213436
1101.867000   0.196335
1101.868000   0.184625
1101.869000   0.178611
1101.870000   0.177607
1101.871000   0.180362
1101.872000   0.185408
1101.873000   0.191294
1101.874000   0.196716
1101.875000   0.200589
1101.876000   0.202178
1101.877000   0.201224
1101.878000   0.198113
1101.879000   0.193923
1101.880000   0.190251
1101.881000   0.188851
1101.882000   0.191122
1101.883000   0.197670
1101.884000   0.207979
1101.885000   0.220315
1101.886000   0.231912
1101.887000   0.239433
1101.888000   0.239731
1101.889000   0.230718
1101.890000   0.212109
1101.891000   0.185646
1101.892000   0.154645
1101.893000   0.123163
1101.894000   0.095098
1101.895000   0.073659
1101.896000   0.061246
1101.897000   0.059493
1101.898000   0.069179
1101.899000   0.089852
1101.900000   0.119328
1101.901000   0.153342
1101.902000   0.185805
1101.903000   0.209942
1101.904000   0.220230
1101.905000   0.214399
1101.906000   0.194316
1101.907000   0.165194
1101.908000   0.133696
1101.909000   0.106059
1101.910000   0.086786
1101.911000   0.078104
1101.912000   0.080047
1101.913000   0.091000
1101.914000   0.108422
1101.915000   0.129480
1101.916000   0.151440
1101.917000   0.171842
1101.918000   0.188575
1101.919000   0.199987
1101.920000   0.205106
1101.921000   0.203901
1101.922000   0.197467
1101.923000   0.187979
1101.924000   0.178362
1101.925000   0.171702
1101.926000   0.170582
1101.927000   0.176438
1101.928000   0.189133
1101.929000   0.206811
1101.930000   0.226191
1101.931000   0.243183
1101.932000   0.253837
1101.933000   0.255365
1101.934000   0.246945
1101.935000   0.229923
1101.936000   0.207284
1101.937000   0.182738
1101.938000   0.159911
1101.939000   0.141936
1101.940000   0.131295
1101.941000   0.129707
1101.942000   0.137921
1101.943000   0.155419
1101.944000   0.180149
1101.945000   0.208467
1101.946000   0.235478
1101.947000   0.255905
1101.948000   0.265370
1101.949000   0.261703
1101.950000   0.245723
1101.951000   0.221070
1101.952000   0.193187
1101.953000   0.167951
1101.954000   0.150389
1101.955000   0.143770
1101.956000   0.149161
1101.957000   0.165402
1101.958000   0.189380
1101.959000   0.216461
1101.960000   0.241079
1101.961000   0.257604
