1096.074000   -2.180063
1096.075000   -2.139958
1096.076000   -2.098520
1096.077000   -2.073546
1096.078000   -2.073059
1096.079000   -2.098399
1096.080000   -2.145779
1096.081000   -2.205258
1096.082000   -2.258498
1096.083000   -2.280652
1096.084000   -2.255633
1096.085000   -2.193706
1096.086000   -2.122032
1096.087000   -2.064745
1096.088000   -2.036313
1096.089000   -2.042698
1096.090000   -2.083168
1096.091000   -2.150102
1096.092000   -2.227214
1096.093000   -2.289649
1096.094000   -2.313420
1096.095000   -2.294566
1096.096000   -2.251622
1096.097000   -2.207179
1096.098000   -2.176530
1096.099000   -2.167138
1096.100000   -2.180839
1096.101000   -2.214857
1096.102000   -2.260725
1096.103000   -2.302375
1096.104000   -2.317795
1096.105000   -2.291641
1096.106000   -2.231334
1096.107000   -2.161466
1096.108000   -2.105964
1096.109000   -2.079943
1096.110000   -2.089658
1096.111000   -2.133929
1096.112000   -2.204109
1096.113000   -2.282731
1096.114000   -2.343969
1096.115000   -2.362967
1096.116000   -2.334520
1096.117000   -2.277216
1096.118000   -2.216315
1096.119000   -2.171141
1096.120000   -2.153015
1096.121000   -2.166887
1096.122000   -2.212018
1096.123000   -2.280380
1096.124000   -2.353592
1096.125000   -2.403103
1096.126000   -2.403742
1096.127000   -2.357801
1096.128000   -2.292720
1096.129000   -2.236336
1096.130000   -2.205330
1096.131000   -2.205879
1096.132000   -2.236955
1096.133000   -2.292240
1096.134000   -2.360396
1096.135000   -2.424823
1096.136000   -2.465929
1096.137000   -2.469078
1096.138000   -2.434534
1096.139000   -2.377041
1096.140000   -2.315383
1096.141000   -2.264685
1096.142000   -2.234465
1096.143000   -2.229296
1096.144000   -2.249506
1096.145000   -2.290963
1096.146000   -2.344130
1096.147000   -2.393972
1096.148000   -2.423690
1096.149000   -2.423644
1096.150000   -2.398432
1096.151000   -2.362692
1096.152000   -2.331641
1096.153000   -2.315776
1096.154000   -2.320050
1096.155000   -2.344370
1096.156000   -2.383515
1096.157000   -2.426428
1096.158000   -2.456826
1096.159000   -2.458573
1096.160000   -2.426010
1096.161000   -2.369094
1096.162000   -2.306135
1096.163000   -2.254168
1096.164000   -2.224861
1096.165000   -2.224234
1096.166000   -2.252851
1096.167000   -2.304811
1096.168000   -2.365778
1096.169000   -2.412995
1096.170000   -2.423297
1096.171000   -2.390469
1096.172000   -2.331606
1096.173000   -2.272066
1096.174000   -2.231557
1096.175000   -2.220823
1096.176000   -2.243150
1096.177000   -2.295810
1096.178000   -2.369778
1096.179000   -2.448484
1096.180000   -2.508785
1096.181000   -2.530030
1096.182000   -2.509202
1096.183000   -2.462874
1096.184000   -2.412718
1096.185000   -2.374783
1096.186000   -2.357524
1096.187000   -2.363127
1096.188000   -2.388368
1096.189000   -2.424096
1096.190000   -2.454839
1096.191000   -2.462408
1096.192000   -2.436565
1096.193000   -2.384373
1096.194000   -2.324928
1096.195000   -2.277173
1096.196000   -2.253611
1096.197000   -2.259715
1096.198000   -2.294919
1096.199000   -2.352670
1096.200000   -2.419406
1096.201000   -2.474672
1096.202000   -2.497074
1096.203000   -2.477748
1096.204000   -2.427811
1096.205000   -2.368330
1096.206000   -2.317976
1096.207000   -2.288976
1096.208000   -2.287826
1096.209000   -2.316220
1096.210000   -2.370051
1096.211000   -2.436537
1096.212000   -2.492317
1096.213000   -2.510265
1096.214000   -2.480524
1096.215000   -2.421047
1096.216000   -2.359227
1096.217000   -2.314997
1096.218000   -2.298177
1096.219000   -2.311082
1096.220000   -2.350381
1096.221000   -2.406773
1096.222000   -2.463641
1096.223000   -2.498661
1096.224000   -2.493951
1096.225000   -2.450829
1096.226000   -2.388809
1096.227000   -2.330345
1096.228000   -2.291358
1096.229000   -2.279957
1096.230000   -2.297809
1096.231000   -2.340795
1096.232000   -2.398198
1096.233000   -2.452061
1096.234000   -2.480869
1096.235000   -2.471643
1096.236000   -2.431117
1096.237000   -2.379268
1096.238000   -2.335471
1096.239000   -2.312271
1096.240000   -2.315330
1096.241000   -2.344497
1096.242000   -2.393441
1096.243000   -2.447719
1096.244000   -2.484201
1096.245000   -2.479051
1096.246000   -2.426995
1096.247000   -2.347849
1096.248000   -2.268840
1096.249000   -2.210011
1096.250000   -2.181878
1096.251000   -2.187437
1096.252000   -2.223641
1096.253000   -2.281118
1096.254000   -2.343041
1096.255000   -2.386599
1096.256000   -2.392323
1096.257000   -2.358277
1096.258000   -2.300321
1096.259000   -2.238161
1096.260000   -2.186220
1096.261000   -2.152649
1096.262000   -2.141098
1096.263000   -2.151714
1096.264000   -2.180237
1096.265000   -2.215904
1096.266000   -2.241085
1096.267000   -2.238122
1096.268000   -2.203682
1096.269000   -2.153456
1096.270000   -2.109513
1096.271000   -2.088343
1096.272000   -2.097468
1096.273000   -2.135731
1096.274000   -2.193375
1096.275000   -2.251822
1096.276000   -2.287102
1096.277000   -2.282660
1096.278000   -2.243279
1096.279000   -2.189784
1096.280000   -2.143143
1096.281000   -2.116874
1096.282000   -2.116910
1096.283000   -2.142981
1096.284000   -2.188917
1096.285000   -2.241901
1096.286000   -2.283297
1096.287000   -2.295644
1096.288000   -2.275171
1096.289000   -2.235153
1096.290000   -2.194835
1096.291000   -2.169290
1096.292000   -2.166619
1096.293000   -2.188338
1096.294000   -2.229550
1096.295000   -2.278354
1096.296000   -2.316779
1096.297000   -2.327780
1096.298000   -2.307809
1096.299000   -2.270217
1096.300000   -2.234243
1096.301000   -2.214889
1096.302000   -2.219981
1096.303000   -2.250139
1096.304000   -2.298385
1096.305000   -2.349121
1096.306000   -2.380083
1096.307000   -2.373698
1096.308000   -2.332729
1096.309000   -2.278031
1096.310000   -2.232142
1096.311000   -2.209734
1096.312000   -2.215958
1096.313000   -2.246178
1096.314000   -2.284898
1096.315000   -2.307040
1096.316000   -2.290458
1096.317000   -2.236503
1096.318000   -2.169601
1096.319000   -2.116598
1096.320000   -2.094331
1096.321000   -2.107820
1096.322000   -2.151019
1096.323000   -2.207073
1096.324000   -2.250881
1096.325000   -2.260376
1096.326000   -2.233497
1096.327000   -2.188604
1096.328000   -2.147908
1096.329000   -2.126509
1096.330000   -2.130743
1096.331000   -2.159094
1096.332000   -2.202295
1096.333000   -2.243149
1096.334000   -2.260433
1096.335000   -2.241902
1096.336000   -2.196129
1096.337000   -2.145148
1096.338000   -2.109194
1096.339000   -2.100058
1096.340000   -2.120909
1096.341000   -2.167233
1096.342000   -2.227090
1096.343000   -2.282049
1096.344000   -2.312609
1096.345000   -2.309598
1096.346000   -2.280549
1096.347000   -2.241870
1096.348000   -2.208250
1096.349000   -2.188695
1096.350000   -2.186726
1096.351000   -2.201199
1096.352000   -2.226437
1096.353000   -2.252214
1096.354000   -2.265403
1096.355000   -2.255583
1096.356000   -2.222330
1096.357000   -2.176113
1096.358000   -2.131433
1096.359000   -2.100253
1096.360000   -2.089506
1096.361000   -2.101214
1096.362000   -2.133236
1096.363000   -2.179720
1096.364000   -2.231260
1096.365000   -2.275502
1096.366000   -2.299593
1096.367000   -2.295266
1096.368000   -2.263717
1096.369000   -2.215165
1096.370000   -2.163765
1096.371000   -2.122862
1096.372000   -2.102555
1096.373000   -2.108545
1096.374000   -2.140783
1096.375000   -2.191342
1096.376000   -2.242560
1096.377000   -2.269980
1096.378000   -2.257032
1096.379000   -2.211620
1096.380000   -2.159391
1096.381000   -2.124702
1096.382000   -2.121738
1096.383000   -2.153765
1096.384000   -2.214000
1096.385000   -2.286083
1096.386000   -2.346171
1096.387000   -2.371634
1096.388000   -2.356124
1096.389000   -2.313854
1096.390000   -2.266636
1096.391000   -2.232089
1096.392000   -2.220393
1096.393000   -2.234671
1096.394000   -2.271145
1096.395000   -2.318100
1096.396000   -2.355533
1096.397000   -2.360996
1096.398000   -2.325567
1096.399000   -2.263579
1096.400000   -2.200493
1096.401000   -2.157513
1096.402000   -2.146347
1096.403000   -2.169110
1096.404000   -2.218426
1096.405000   -2.276931
1096.406000   -2.319543
1096.407000   -2.325087
1096.408000   -2.293239
1096.409000   -2.243800
1096.410000   -2.199735
1096.411000   -2.176682
1096.412000   -2.181275
1096.413000   -2.211782
1096.414000   -2.257857
1096.415000   -2.300252
1096.416000   -2.315320
1096.417000   -2.289856
1096.418000   -2.234157
1096.419000   -2.173016
1096.420000   -2.128852
1096.421000   -2.114805
1096.422000   -2.134413
1096.423000   -2.182156
1096.424000   -2.243341
1096.425000   -2.295355
1096.426000   -2.315560
1096.427000   -2.296688
1096.428000   -2.252118
1096.429000   -2.202805
1096.430000   -2.165207
1096.431000   -2.148504
1096.432000   -2.155741
1096.433000   -2.184837
1096.434000   -2.228257
1096.435000   -2.272202
1096.436000   -2.298344
1096.437000   -2.292425
1096.438000   -2.256038
1096.439000   -2.205731
1096.440000   -2.160475
1096.441000   -2.133421
1096.442000   -2.130634
1096.443000   -2.152397
1096.444000   -2.194381
1096.445000   -2.248083
1096.446000   -2.301194
1096.447000   -2.339604
1096.448000   -2.352555
1096.449000   -2.338524
1096.450000   -2.305345
1096.451000   -2.264538
1096.452000   -2.226344
1096.453000   -2.198046
1096.454000   -2.184076
1096.455000   -2.186032
1096.456000   -2.201792
1096.457000   -2.224023
1096.458000   -2.239955
1096.459000   -2.235939
1096.460000   -2.207602
1096.461000   -2.165155
1096.462000   -2.125885
1096.463000   -2.104272
1096.464000   -2.107889
1096.465000   -2.137082
1096.466000   -2.185384
1096.467000   -2.239852
1096.468000   -2.282890
1096.469000   -2.298551
1096.470000   -2.282387
1096.471000   -2.244103
1096.472000   -2.199339
1096.473000   -2.161552
1096.474000   -2.139309
1096.475000   -2.136190
1096.476000   -2.150700
1096.477000   -2.175552
1096.478000   -2.197856
1096.479000   -2.203668
1096.480000   -2.187900
1096.481000   -2.159459
1096.482000   -2.133814
1096.483000   -2.123489
1096.484000   -2.134530
1096.485000   -2.166851
1096.486000   -2.215137
1096.487000   -2.269269
1096.488000   -2.315289
1096.489000   -2.339298
1096.490000   -2.334732
1096.491000   -2.306635
1096.492000   -2.267373
1096.493000   -2.229600
1096.494000   -2.202619
1096.495000   -2.191417
1096.496000   -2.196057
1096.497000   -2.210459
1096.498000   -2.221770
1096.499000   -2.214525
1096.500000   -2.182440
1096.501000   -2.136219
1096.501000   -2.136219
1096.502000   -2.095423
1096.503000   -2.076170
1096.504000   -2.085856
1096.505000   -2.122495
1096.506000   -2.175075
1096.507000   -2.225330
1096.508000   -2.254293
1096.509000   -2.253860
1096.510000   -2.231741
1096.511000   -2.203133
1096.512000   -2.181103
1096.513000   -2.173128
1096.514000   -2.180894
1096.515000   -2.200299
1096.516000   -2.221213
1096.517000   -2.229217
1096.518000   -2.212902
1096.519000   -2.173999
1096.520000   -2.127749
1096.521000   -2.092533
1096.522000   -2.081233
1096.523000   -2.098368
1096.524000   -2.139888
1096.525000   -2.193825
1096.526000   -2.242817
1096.527000   -2.271162
1096.528000   -2.274175
1096.529000   -2.259982
1096.530000   -2.241672
1096.531000   -2.229901
1096.532000   -2.230446
1096.533000   -2.244350
1096.534000   -2.268228
1096.535000   -2.294244
1096.536000   -2.310852
1096.537000   -2.306617
1096.538000   -2.277498
1096.539000   -2.231183
1096.540000   -2.182546
1096.541000   -2.145841
1096.542000   -2.130259
1096.543000   -2.138907
1096.544000   -2.169069
1096.545000   -2.212786
1096.546000   -2.258228
1096.547000   -2.293007
1096.548000   -2.309250
1096.549000   -2.306986
1096.550000   -2.292484
1096.551000   -2.273704
1096.552000   -2.257209
1096.553000   -2.247255
1096.554000   -2.245944
1096.555000   -2.253295
1096.556000   -2.266829
1096.557000   -2.281113
1096.558000   -2.288459
1096.559000   -2.282132
1096.560000   -2.261213
1096.561000   -2.232610
1096.562000   -2.207643
1096.563000   -2.196636
1096.564000   -2.205455
1096.565000   -2.234342
1096.566000   -2.277955
1096.567000   -2.326204
1096.568000   -2.366486
1096.569000   -2.388032
1096.570000   -2.386867
1096.571000   -2.367266
1096.572000   -2.338363
1096.573000   -2.309626
1096.574000   -2.288202
1096.575000   -2.277983
1096.576000   -2.279176
1096.577000   -2.287853
1096.578000   -2.295939
1096.579000   -2.293309
1096.580000   -2.273194
1096.581000   -2.237957
1096.582000   -2.198828
1096.583000   -2.169657
1096.584000   -2.160805
1096.585000   -2.176106
1096.586000   -2.212113
1096.587000   -2.258757
1096.588000   -2.302045
1096.589000   -2.329702
1096.590000   -2.337493
1096.591000   -2.330660
1096.592000   -2.319053
1096.593000   -2.311521
1096.594000   -2.313084
1096.595000   -2.324205
1096.596000   -2.340671
1096.597000   -2.353893
1096.598000   -2.352861
1096.599000   -2.329402
1096.600000   -2.284837
1096.601000   -2.231080
1096.602000   -2.184284
1096.603000   -2.157405
1096.604000   -2.156032
1096.605000   -2.176993
1096.606000   -2.208928
1096.607000   -2.236026
1096.608000   -2.246117
1096.609000   -2.238343
1096.610000   -2.221986
1096.611000   -2.208471
1096.612000   -2.205444
1096.613000   -2.215348
1096.614000   -2.236069
1096.615000   -2.261816
1096.616000   -2.283868
1096.617000   -2.292180
1096.618000   -2.279062
1096.619000   -2.244044
1096.620000   -2.195591
1096.621000   -2.147345
1096.622000   -2.112508
1096.623000   -2.100058
1096.624000   -2.113025
1096.625000   -2.147743
1096.626000   -2.193895
1096.627000   -2.236704
1096.628000   -2.262969
1096.629000   -2.268629
1096.630000   -2.260174
1096.631000   -2.248461
1096.632000   -2.242423
1096.633000   -2.246671
1096.634000   -2.261564
1096.635000   -2.283654
1096.636000   -2.305808
1096.637000   -2.317771
1096.638000   -2.309000
1096.639000   -2.274586
1096.640000   -2.220356
1096.641000   -2.161185
1096.642000   -2.114118
1096.643000   -2.092303
1096.644000   -2.101763
1096.645000   -2.139895
1096.646000   -2.195036
1096.647000   -2.248484
1096.648000   -2.281792
1096.649000   -2.287716
1096.650000   -2.273751
1096.651000   -2.253984
1096.652000   -2.240369
1096.653000   -2.239795
1096.654000   -2.254526
1096.655000   -2.283006
1096.656000   -2.319881
1096.657000   -2.355466
1096.658000   -2.376467
1096.659000   -2.370808
1096.660000   -2.336310
1096.661000   -2.284463
1096.662000   -2.233573
1096.663000   -2.199615
1096.664000   -2.191724
1096.665000   -2.211494
1096.666000   -2.253713
1096.667000   -2.307621
1096.668000   -2.359219
1096.669000   -2.395493
1096.670000   -2.409561
1096.671000   -2.402953
1096.672000   -2.382837
1096.673000   -2.357438
1096.674000   -2.333256
1096.675000   -2.314458
1096.676000   -2.303232
1096.677000   -2.300038
1096.678000   -2.303338
1096.679000   -2.309083
1096.680000   -2.311012
1096.681000   -2.302900
1096.682000   -2.282558
1096.683000   -2.254395
1096.684000   -2.227586
1096.685000   -2.211638
1096.686000   -2.212899
1096.687000   -2.233124
1096.688000   -2.269345
1096.689000   -2.314342
1096.690000   -2.357786
1096.691000   -2.388718
1096.692000   -2.399401
1096.693000   -2.388668
1096.694000   -2.362027
1096.695000   -2.328611
1096.696000   -2.297722
1096.697000   -2.276657
1096.698000   -2.269578
1096.699000   -2.276714
1096.700000   -2.293674
1096.701000   -2.311646
1096.702000   -2.320079
1096.703000   -2.312429
1096.704000   -2.291155
1096.705000   -2.266372
1096.706000   -2.249631
1096.707000   -2.248824
1096.708000   -2.266423
1096.709000   -2.299902
1096.710000   -2.342911
1096.711000   -2.386822
1096.712000   -2.422574
1096.713000   -2.443029
1096.714000   -2.445056
1096.715000   -2.430157
1096.716000   -2.403219
1096.717000   -2.370385
1096.718000   -2.337349
1096.719000   -2.308438
1096.720000   -2.286215
1096.721000   -2.271219
1096.722000   -2.261832
1096.723000   -2.254672
1096.724000   -2.246036
1096.725000   -2.234152
1096.726000   -2.220677
1096.727000   -2.210008
1096.728000   -2.206920
1096.729000   -2.214345
1096.730000   -2.232352
1096.731000   -2.258234
1096.732000   -2.287190
1096.733000   -2.313283
1096.734000   -2.330547
1096.735000   -2.334243
1096.736000   -2.322027
1096.737000   -2.294636
1096.738000   -2.255782
1096.739000   -2.211347
1096.740000   -2.168146
1096.741000   -2.132499
1096.742000   -2.108738
1096.743000   -2.097872
1096.744000   -2.096926
1096.745000   -2.099826
1096.746000   -2.100420
1096.747000   -2.096395
1096.748000   -2.090830
1096.749000   -2.089813
1096.750000   -2.098579
1096.751000   -2.119105
1096.752000   -2.149756
1096.753000   -2.186167
1096.754000   -2.222513
1096.755000   -2.252709
1096.756000   -2.271470
1096.757000   -2.275298
1096.758000   -2.263376
1096.759000   -2.238061
1096.760000   -2.204608
1096.761000   -2.170049
1096.762000   -2.141592
1096.763000   -2.124978
1096.764000   -2.123133
1096.765000   -2.135344
1096.766000   -2.157327
1096.767000   -2.182589
1096.768000   -2.205031
1096.769000   -2.221561
1096.770000   -2.232812
1096.771000   -2.241604
1096.772000   -2.250771
1096.773000   -2.261827
1096.774000   -2.274559
1096.775000   -2.287066
1096.776000   -2.295895
1096.777000   -2.296446
1096.778000   -2.284213
1096.779000   -2.257120
1096.780000   -2.217888
1096.781000   -2.174315
1096.782000   -2.136748
1096.783000   -2.114476
1096.784000   -2.112823
1096.785000   -2.131514
1096.786000   -2.164313
1096.787000   -2.200487
1096.788000   -2.228951
1096.789000   -2.243941
1096.790000   -2.247638
1096.791000   -2.247160
1096.792000   -2.249664
1096.793000   -2.259556
1096.794000   -2.277799
1096.795000   -2.301962
1096.796000   -2.326408
1096.797000   -2.343046
1096.798000   -2.343824
1096.799000   -2.325159
1096.800000   -2.291353
1096.801000   -2.253155
1096.802000   -2.222700
1096.803000   -2.209073
1096.804000   -2.215961
1096.805000   -2.240686
1096.806000   -2.274348
1096.807000   -2.304210
1096.808000   -2.319571
1096.809000   -2.318508
1096.810000   -2.308489
1096.811000   -2.300251
1096.812000   -2.302053
1096.813000   -2.317531
1096.814000   -2.345731
1096.815000   -2.381582
1096.816000   -2.416569
1096.817000   -2.440435
1096.818000   -2.444879
1096.819000   -2.428120
1096.820000   -2.396175
1096.821000   -2.359332
1096.822000   -2.327513
1096.823000   -2.307643
1096.824000   -2.302711
1096.825000   -2.311367
1096.826000   -2.327745
1096.827000   -2.342351
1096.828000   -2.345651
1096.829000   -2.333889
1096.830000   -2.312065
1096.831000   -2.290483
1096.832000   -2.278893
1096.833000   -2.282992
1096.834000   -2.303517
1096.835000   -2.336427
1096.836000   -2.373510
1096.837000   -2.403880
1096.838000   -2.417480
1096.839000   -2.409971
1096.840000   -2.385056
1096.841000   -2.351713
1096.842000   -2.319486
1096.843000   -2.295406
1096.844000   -2.282842
1096.845000   -2.281150
1096.846000   -2.285577
1096.847000   -2.288144
1096.848000   -2.280799
1096.849000   -2.260565
1096.850000   -2.232464
1096.851000   -2.206702
1096.852000   -2.193114
1096.853000   -2.197337
1096.854000   -2.219656
1096.855000   -2.255367
1096.856000   -2.295969
1096.857000   -2.331361
1096.858000   -2.353164
1096.859000   -2.357946
1096.860000   -2.347998
1096.861000   -2.329159
1096.862000   -2.307830
1096.863000   -2.289016
1096.864000   -2.275466
1096.865000   -2.267337
1096.866000   -2.262132
1096.867000   -2.255269
1096.868000   -2.241961
1096.869000   -2.220228
1096.870000   -2.192962
1096.871000   -2.166906
1096.872000   -2.149385
1096.873000   -2.145374
1096.874000   -2.156201
1096.875000   -2.179556
1096.876000   -2.210210
1096.877000   -2.241148
1096.878000   -2.265143
1096.879000   -2.276577
1096.880000   -2.272893
1096.881000   -2.255005
1096.882000   -2.226553
1096.883000   -2.192626
1096.884000   -2.158641
1096.885000   -2.129572
1096.886000   -2.109352
1096.887000   -2.100203
1096.888000   -2.101961
1096.889000   -2.111762
1096.890000   -2.124725
1096.891000   -2.136012
1096.892000   -2.143449
1096.893000   -2.148702
1096.894000   -2.155960
1096.895000   -2.169379
1096.896000   -2.191242
1096.897000   -2.221374
1096.898000   -2.257324
1096.899000   -2.294792
1096.900000   -2.328056
1096.901000   -2.350736
1096.902000   -2.357328
1096.903000   -2.345406
1096.904000   -2.317338
1096.905000   -2.280002
1096.906000   -2.242579
1096.907000   -2.213842
1096.908000   -2.200015
1096.909000   -2.203451
1096.910000   -2.221919
1096.911000   -2.248754
1096.912000   -2.274665
1096.913000   -2.291647
1096.914000   -2.297085
1096.915000   -2.294476
1096.916000   -2.290265
1096.917000   -2.290247
1096.918000   -2.297764
1096.919000   -2.313386
1096.920000   -2.334995
1096.921000   -2.357754
1096.922000   -2.374340
1096.923000   -2.376520
1096.924000   -2.358926
1096.925000   -2.323171
1096.926000   -2.278229
1096.927000   -2.236401
1096.928000   -2.208704
1096.929000   -2.202132
1096.930000   -2.218355
1096.931000   -2.253004
1096.932000   -2.295535
1096.933000   -2.331365
1096.934000   -2.348153
1096.935000   -2.343677
1096.936000   -2.326763
1096.937000   -2.310180
1096.938000   -2.304005
1096.939000   -2.313293
1096.940000   -2.338160
1096.941000   -2.374195
1096.942000   -2.412629
1096.943000   -2.441252
1096.944000   -2.448089
1096.945000   -2.428071
1096.946000   -2.387096
1096.947000   -2.338258
1096.948000   -2.295078
1096.949000   -2.267492
1096.950000   -2.260583
1096.951000   -2.274127
1096.952000   -2.302028
1096.953000   -2.332491
1096.954000   -2.351294
1096.955000   -2.349549
1096.956000   -2.330343
1096.957000   -2.305845
1096.958000   -2.288938
1096.959000   -2.288044
1096.960000   -2.306129
1096.961000   -2.341316
1096.962000   -2.387370
1096.963000   -2.434023
1096.964000   -2.468436
1096.965000   -2.479444
1096.966000   -2.463637
1096.967000   -2.427692
1096.968000   -2.383950
1096.969000   -2.344550
1096.970000   -2.318341
1096.971000   -2.310043
1096.972000   -2.319883
1096.973000   -2.342870
1096.974000   -2.368362
1096.975000   -2.382118
1096.976000   -2.373354
1096.977000   -2.342980
1096.978000   -2.302937
1096.979000   -2.267577
1096.980000   -2.247218
1096.981000   -2.246451
1096.982000   -2.264604
1096.983000   -2.296323
1096.984000   -2.331965
1096.985000   -2.358818
1096.986000   -2.364929
1096.987000   -2.345392
1096.988000   -2.305804
1096.989000   -2.258552
1096.990000   -2.216525
1096.991000   -2.189430
1096.992000   -2.182636
1096.993000   -2.196737
1096.994000   -2.226937
1096.995000   -2.262686
1096.996000   -2.289649
1096.997000   -2.296438
1096.998000   -2.282699
1096.999000   -2.258832
1097.000000   -2.237829
1097.001000   -2.229077
1097.001000   -2.229077
1097.002000   -2.236811
1097.003000   -2.260527
1097.004000   -2.295287
1097.005000   -2.331567
1097.006000   -2.356028
1097.007000   -2.355830
1097.008000   -2.326781
1097.009000   -2.277343
1097.010000   -2.223023
1097.011000   -2.178427
1097.012000   -2.153348
1097.013000   -2.151736
1097.014000   -2.171176
1097.015000   -2.202140
1097.016000   -2.228740
1097.017000   -2.234873
1097.018000   -2.215688
1097.019000   -2.181669
1097.020000   -2.149274
1097.021000   -2.131441
1097.022000   -2.134596
1097.023000   -2.158904
1097.024000   -2.198657
1097.025000   -2.242200
1097.026000   -2.273139
1097.027000   -2.276352
1097.028000   -2.248375
1097.029000   -2.200824
1097.030000   -2.151952
1097.031000   -2.117597
1097.032000   -2.107441
1097.033000   -2.124073
1097.034000   -2.162218
1097.035000   -2.207945
1097.036000   -2.240798
1097.037000   -2.244113
1097.038000   -2.219058
1097.039000   -2.183407
1097.040000   -2.156908
1097.041000   -2.152047
1097.042000   -2.172678
1097.043000   -2.215139
1097.044000   -2.269294
1097.045000   -2.319909
1097.046000   -2.350646
1097.047000   -2.351986
1097.048000   -2.327068
1097.049000   -2.288038
1097.050000   -2.248078
1097.051000   -2.216980
1097.052000   -2.200491
1097.053000   -2.200647
1097.054000   -2.215511
1097.055000   -2.238190
1097.056000   -2.256539
1097.057000   -2.256690
1097.058000   -2.232234
1097.059000   -2.191007
1097.060000   -2.149773
1097.061000   -2.124128
1097.062000   -2.123205
1097.063000   -2.148890
1097.064000   -2.196465
1097.065000   -2.255382
1097.066000   -2.310856
1097.067000   -2.348083
1097.068000   -2.359173
1097.069000   -2.347259
1097.070000   -2.322783
1097.071000   -2.296843
1097.072000   -2.277430
1097.073000   -2.268541
1097.074000   -2.270078
1097.075000   -2.277461
1097.076000   -2.281465
1097.077000   -2.270472
1097.078000   -2.237256
1097.079000   -2.186252
1097.080000   -2.132203
1097.081000   -2.091644
1097.082000   -2.075996
1097.083000   -2.088762
1097.084000   -2.124982
1097.085000   -2.171920
1097.086000   -2.212388
1097.087000   -2.232418
1097.088000   -2.229656
1097.089000   -2.213272
1097.090000   -2.195949
1097.091000   -2.187358
1097.092000   -2.192303
1097.093000   -2.211041
1097.094000   -2.239698
1097.095000   -2.270241
1097.096000   -2.291191
1097.097000   -2.291233
1097.098000   -2.266099
1097.099000   -2.222883
1097.100000   -2.176023
1097.101000   -2.139841
1097.102000   -2.124074
1097.103000   -2.132599
1097.104000   -2.163331
1097.105000   -2.208245
1097.106000   -2.254177
1097.107000   -2.286311
1097.108000   -2.295034
1097.109000   -2.281368
1097.110000   -2.254783
1097.111000   -2.226541
1097.112000   -2.205264
1097.113000   -2.195855
1097.114000   -2.199720
1097.115000   -2.214771
1097.116000   -2.234926
1097.117000   -2.250178
1097.118000   -2.249527
1097.119000   -2.227863
1097.120000   -2.191305
1097.121000   -2.153881
1097.122000   -2.129550
1097.123000   -2.127169
1097.124000   -2.149178
1097.125000   -2.191781
1097.126000   -2.245262
1097.127000   -2.295139
1097.128000   -2.326152
1097.129000   -2.329622
1097.130000   -2.308337
1097.131000   -2.273187
1097.132000   -2.236280
1097.133000   -2.206918
1097.134000   -2.190500
1097.135000   -2.188209
1097.136000   -2.196265
1097.137000   -2.205387
1097.138000   -2.202906
1097.139000   -2.180128
1097.140000   -2.140789
1097.141000   -2.099852
1097.142000   -2.073856
1097.143000   -2.073385
1097.144000   -2.100637
1097.145000   -2.149624
1097.146000   -2.207679
1097.147000   -2.259053
1097.148000   -2.291455
1097.149000   -2.302119
1097.150000   -2.297319
1097.151000   -2.286540
1097.152000   -2.277586
1097.153000   -2.274753
1097.154000   -2.278557
1097.155000   -2.285808
1097.156000   -2.289889
1097.157000   -2.282529
1097.158000   -2.258383
1097.159000   -2.220292
1097.160000   -2.179549
1097.161000   -2.150295
1097.162000   -2.143207
1097.163000   -2.162022
1097.164000   -2.202542
1097.165000   -2.253731
1097.166000   -2.301693
1097.167000   -2.336369
1097.168000   -2.356502
1097.169000   -2.367910
1097.170000   -2.377796
1097.171000   -2.390814
1097.172000   -2.408177
1097.173000   -2.428116
1097.174000   -2.446490
1097.175000   -2.457245
1097.176000   -2.453452
1097.177000   -2.429819
1097.178000   -2.386389
1097.179000   -2.330514
1097.180000   -2.274710
1097.181000   -2.232059
1097.182000   -2.212226
1097.183000   -2.219107
1097.184000   -2.249677
1097.185000   -2.294011
1097.186000   -2.337559
1097.187000   -2.366811
1097.188000   -2.376384
1097.189000   -2.370967
1097.190000   -2.360201
1097.191000   -2.352838
1097.192000   -2.354307
1097.193000   -2.366731
1097.194000   -2.389363
1097.195000   -2.418375
1097.196000   -2.446158
1097.197000   -2.461496
1097.198000   -2.453056
1097.199000   -2.416785
1097.200000   -2.360820
1097.201000   -2.301370
1097.202000   -2.254742
1097.203000   -2.232518
1097.204000   -2.240055
1097.205000   -2.276061
1097.206000   -2.332016
1097.207000   -2.392151
1097.208000   -2.436811
1097.209000   -2.451780
1097.210000   -2.437806
1097.211000   -2.408174
1097.212000   -2.378193
1097.213000   -2.358717
1097.214000   -2.354997
1097.215000   -2.367210
1097.216000   -2.390490
1097.217000   -2.414333
1097.218000   -2.423372
1097.219000   -2.403283
1097.220000   -2.351768
1097.221000   -2.282695
1097.222000   -2.216992
1097.223000   -2.172287
1097.224000   -2.158671
1097.225000   -2.178114
1097.226000   -2.224570
1097.227000   -2.284145
1097.228000   -2.337395
1097.229000   -2.367007
1097.230000   -2.368533
1097.231000   -2.351937
1097.232000   -2.331858
1097.233000   -2.319400
1097.234000   -2.320222
1097.235000   -2.335541
1097.236000   -2.363102
1097.237000   -2.396994
1097.238000   -2.426921
1097.239000   -2.439231
1097.240000   -2.422809
1097.241000   -2.378124
1097.242000   -2.318835
1097.243000   -2.263320
1097.244000   -2.226655
1097.245000   -2.217670
1097.246000   -2.238552
1097.247000   -2.284649
1097.248000   -2.343931
1097.249000   -2.398095
1097.250000   -2.428795
1097.251000   -2.428627
1097.252000   -2.405342
1097.253000   -2.373373
1097.254000   -2.344875
1097.255000   -2.327010
1097.256000   -2.322554
1097.257000   -2.330716
1097.258000   -2.347006
1097.259000   -2.362545
1097.260000   -2.364827
1097.261000   -2.342721
1097.262000   -2.294965
1097.263000   -2.233378
1097.264000   -2.176032
1097.265000   -2.138674
1097.266000   -2.130523
1097.267000   -2.153105
1097.268000   -2.199964
1097.269000   -2.256786
1097.270000   -2.303954
1097.271000   -2.324550
1097.272000   -2.314754
1097.273000   -2.285231
1097.274000   -2.252000
1097.275000   -2.228209
1097.276000   -2.221288
1097.277000   -2.232643
1097.278000   -2.257398
1097.279000   -2.283903
1097.280000   -2.295320
1097.281000   -2.277369
1097.282000   -2.230440
1097.283000   -2.171478
1097.284000   -2.122394
1097.285000   -2.099496
1097.286000   -2.109922
1097.287000   -2.151621
1097.288000   -2.214134
1097.289000   -2.280401
1097.290000   -2.331820
1097.291000   -2.357060
1097.292000   -2.357867
1097.293000   -2.344876
1097.294000   -2.329428
1097.295000   -2.319324
1097.296000   -2.318385
1097.297000   -2.327105
1097.298000   -2.342733
1097.299000   -2.358696
1097.300000   -2.364651
1097.301000   -2.349913
1097.302000   -2.311100
1097.303000   -2.257192
1097.304000   -2.204788
1097.305000   -2.169462
1097.306000   -2.160641
1097.307000   -2.179977
1097.308000   -2.220921
1097.309000   -2.268910
1097.310000   -2.304294
1097.311000   -2.311217
1097.312000   -2.288156
1097.313000   -2.247612
1097.314000   -2.205900
1097.315000   -2.175547
1097.316000   -2.163273
1097.317000   -2.170158
1097.318000   -2.191599
1097.319000   -2.217023
1097.320000   -2.231450
1097.321000   -2.222239
1097.322000   -2.188948
1097.323000   -2.144709
1097.324000   -2.107035
1097.325000   -2.089201
1097.326000   -2.097064
1097.327000   -2.128632
1097.328000   -2.174131
1097.329000   -2.217185
1097.330000   -2.240209
1097.331000   -2.234783
1097.332000   -2.207574
1097.333000   -2.173902
1097.334000   -2.148082
1097.335000   -2.139204
1097.336000   -2.150637
1097.337000   -2.180020
1097.338000   -2.218559
1097.339000   -2.250908
1097.340000   -2.259507
1097.341000   -2.236050
1097.342000   -2.190009
1097.343000   -2.141673
1097.344000   -2.109628
1097.345000   -2.104878
1097.346000   -2.130061
1097.347000   -2.179860
1097.348000   -2.241652
1097.349000   -2.298232
1097.341000   -2.236050
1097.341000   -2.236050
1097.342000   -2.190009
1097.343000   -2.141673
1097.344000   -2.109628
1097.345000   -2.104878
1097.346000   -2.130061
1097.347000   -2.179860
1097.348000   -2.241652
1097.349000   -2.298232
1097.350000   -2.335072
1097.351000   -2.348952
1097.352000   -2.348179
1097.353000   -2.344318
1097.354000   -2.345795
1097.355000   -2.356514
1097.356000   -2.376743
1097.357000   -2.403979
1097.358000   -2.432961
1097.359000   -2.455268
1097.360000   -2.460052
1097.361000   -2.438231
1097.362000   -2.389369
1097.363000   -2.323892
1097.364000   -2.257251
1097.365000   -2.203329
1097.366000   -2.171521
1097.367000   -2.166352
1097.368000   -2.187456
1097.369000   -2.228985
1097.370000   -2.278853
1097.371000   -2.319992
1097.372000   -2.336830
1097.373000   -2.325327
1097.374000   -2.295075
1097.375000   -2.260524
1097.376000   -2.233222
1097.377000   -2.219977
1097.378000   -2.223862
1097.379000   -2.245132
1097.380000   -2.280769
1097.381000   -2.322723
1097.382000   -2.356404
1097.383000   -2.363425
1097.384000   -2.333165
1097.385000   -2.274098
1097.386000   -2.207834
1097.387000   -2.155390
1097.388000   -2.130620
1097.389000   -2.139607
1097.390000   -2.181412
1097.391000   -2.247867
1097.392000   -2.322762
1097.393000   -2.383004
1097.394000   -2.406735
1097.395000   -2.387868
1097.396000   -2.339764
1097.397000   -2.282777
1097.398000   -2.233517
1097.399000   -2.202256
1097.400000   -2.193871
1097.401000   -2.208573
1097.402000   -2.241325
1097.403000   -2.280602
1097.404000   -2.309224
1097.405000   -2.311823
1097.406000   -2.287064
1097.407000   -2.249334
1097.408000   -2.216867
1097.409000   -2.202151
1097.410000   -2.210017
1097.411000   -2.239274
1097.412000   -2.284543
1097.413000   -2.337218
1097.414000   -2.385761
1097.415000   -2.416813
1097.416000   -2.419107
1097.417000   -2.389498
1097.418000   -2.335471
1097.419000   -2.271005
1097.420000   -2.210728
1097.421000   -2.166564
1097.422000   -2.146291
1097.423000   -2.152184
1097.424000   -2.178825
1097.425000   -2.211309
1097.426000   -2.228210
1097.427000   -2.214901
1097.428000   -2.177538
1097.429000   -2.136970
1097.430000   -2.112486
1097.431000   -2.114613
1097.432000   -2.145389
1097.433000   -2.200064
1097.434000   -2.267737
1097.435000   -2.331526
1097.436000   -2.371480
1097.437000   -2.373836
1097.438000   -2.341026
1097.439000   -2.289011
1097.440000   -2.236002
1097.441000   -2.195829
1097.442000   -2.176506
1097.443000   -2.179907
1097.444000   -2.200362
1097.445000   -2.223041
1097.446000   -2.226807
1097.447000   -2.198078
1097.448000   -2.145463
1097.449000   -2.092968
1097.450000   -2.062704
1097.451000   -2.066536
1097.452000   -2.104767
1097.453000   -2.166063
1097.454000   -2.228186
1097.455000   -2.264673
1097.456000   -2.261902
1097.457000   -2.230607
1097.458000   -2.194204
1097.459000   -2.172333
1097.460000   -2.175259
1097.461000   -2.204027
1097.462000   -2.250932
1097.463000   -2.299577
1097.464000   -2.328222
1097.465000   -2.321677
1097.466000   -2.284720
1097.467000   -2.237844
1097.468000   -2.201837
1097.469000   -2.189678
1097.470000   -2.205436
1097.471000   -2.244429
1097.472000   -2.292839
1097.473000   -2.329229
1097.474000   -2.334199
1097.475000   -2.306234
1097.476000   -2.262984
1097.477000   -2.225883
1097.478000   -2.209382
1097.479000   -2.219136
1097.480000   -2.252867
1097.481000   -2.300767
1097.482000   -2.346078
1097.483000   -2.369585
1097.484000   -2.361148
1097.485000   -2.328196
1097.486000   -2.288827
1097.487000   -2.259735
1097.488000   -2.250780
1097.489000   -2.264388
1097.490000   -2.295737
1097.491000   -2.332723
1097.492000   -2.357940
1097.493000   -2.356751
1097.494000   -2.328654
1097.495000   -2.287513
1097.496000   -2.250168
1097.497000   -2.228190
1097.498000   -2.226604
1097.499000   -2.245395
1097.500000   -2.280804
1097.501000   -2.325590
1097.502000   -2.368936
1097.503000   -2.397932
1097.504000   -2.402594
1097.505000   -2.382147
1097.506000   -2.345381
1097.507000   -2.304584
1097.508000   -2.270256
1097.509000   -2.249425
1097.510000   -2.245849
1097.511000   -2.260159
1097.512000   -2.289059
1097.513000   -2.324051
1097.514000   -2.351727
1097.515000   -2.358628
1097.516000   -2.340487
1097.517000   -2.306465
1097.518000   -2.272493
1097.519000   -2.252461
1097.520000   -2.254097
1097.521000   -2.278051
1097.522000   -2.317793
1097.523000   -2.360070
1097.524000   -2.387939
1097.525000   -2.388733
1097.526000   -2.362736
1097.527000   -2.322311
1097.528000   -2.283077
1097.529000   -2.257248
1097.530000   -2.251598
1097.531000   -2.267385
1097.532000   -2.300135
1097.533000   -2.339026
1097.534000   -2.367701
1097.535000   -2.370038
1097.536000   -2.341129
1097.537000   -2.292051
1097.538000   -2.241125
1097.539000   -2.203688
1097.540000   -2.188334
1097.541000   -2.197281
1097.542000   -2.227621
1097.543000   -2.272115
1097.544000   -2.319755
1097.545000   -2.357424
1097.546000   -2.374234
1097.547000   -2.367282
1097.548000   -2.343013
1097.549000   -2.312391
1097.550000   -2.285331
1097.551000   -2.268076
1097.552000   -2.262785
1097.553000   -2.267726
1097.554000   -2.277551
1097.551000   -2.268076
1097.552000   -2.262785
1097.553000   -2.267726
1097.554000   -2.277551
1097.555000   -2.284299
1097.556000   -2.280382
1097.557000   -2.263049
1097.558000   -2.236756
1097.559000   -2.210509
1097.560000   -2.193043
1097.561000   -2.189858
1097.562000   -2.202491
1097.563000   -2.228705
1097.564000   -2.262720
1097.565000   -2.295672
1097.566000   -2.317346
1097.567000   -2.320052
1097.568000   -2.302726
1097.569000   -2.271265
1097.570000   -2.234849
1097.571000   -2.202147
1097.572000   -2.179402
1097.573000   -2.169561
1097.574000   -2.171428
1097.575000   -2.178763
1097.576000   -2.180904
1097.577000   -2.167540
1097.578000   -2.136845
1097.579000   -2.098642
1097.580000   -2.068096
1097.581000   -2.057529
1097.582000   -2.072320
1097.583000   -2.109835
1097.584000   -2.159947
1097.585000   -2.207776
1097.586000   -2.240369
1097.587000   -2.254512
1097.588000   -2.257524
1097.589000   -2.260344
1097.590000   -2.271233
1097.591000   -2.293760
1097.592000   -2.326991
1097.593000   -2.365932
1097.594000   -2.401911
1097.595000   -2.424128
1097.596000   -2.423805
1097.597000   -2.399757
1097.598000   -2.359838
1097.599000   -2.316336
1097.600000   -2.280568
1097.601000   -2.260198
1097.602000   -2.258436
1097.603000   -2.273582
1097.604000   -2.298606
1097.605000   -2.322008
1097.606000   -2.332205
1097.607000   -2.324954
1097.608000   -2.306515
1097.609000   -2.288445
1097.610000   -2.280751
1097.611000   -2.288777
1097.612000   -2.312907
1097.613000   -2.348922
1097.614000   -2.388325
1097.615000   -2.419379
1097.616000   -2.430770
1097.617000   -2.417788
1097.618000   -2.385849
1097.619000   -2.346790
1097.620000   -2.312482
1097.621000   -2.291246
1097.622000   -2.286982
1097.623000   -2.299286
1097.624000   -2.323415
1097.625000   -2.350374
1097.626000   -2.368583
1097.627000   -2.368683
1097.628000   -2.349293
1097.629000   -2.317577
1097.630000   -2.284030
1097.631000   -2.257488
1097.632000   -2.243293
1097.633000   -2.243343
1097.634000   -2.256445
1097.635000   -2.278326
1097.636000   -2.301690
1097.637000   -2.317469
1097.638000   -2.318417
1097.639000   -2.303554
1097.640000   -2.279208
1097.641000   -2.255230
1097.642000   -2.240417
1097.643000   -2.240145
1097.644000   -2.255924
1097.645000   -2.285687
1097.646000   -2.324160
1097.647000   -2.363451
1097.648000   -2.394485
1097.649000   -2.409809
1097.650000   -2.406835
1097.651000   -2.388912
1097.652000   -2.363295
1097.653000   -2.338070
1097.654000   -2.320028
1097.655000   -2.313601
1097.656000   -2.320182
1097.657000   -2.337392
1097.658000   -2.358606
1097.659000   -2.373969
1097.660000   -2.374436
1097.661000   -2.357809
1097.662000   -2.331057
1097.663000   -2.305917
1097.664000   -2.292843
1097.665000   -2.297703
1097.666000   -2.320994
1097.667000   -2.358017
1097.668000   -2.399397
1097.669000   -2.432718
1097.670000   -2.446583
1097.671000   -2.436555
1097.672000   -2.407934
1097.673000   -2.372053
1097.674000   -2.340410
1097.675000   -2.321128
1097.676000   -2.317670
1097.677000   -2.328458
1097.678000   -2.346780
1097.679000   -2.361788
1097.680000   -2.362387
1097.681000   -2.344012
1097.682000   -2.312617
1097.683000   -2.280935
1097.684000   -2.261344
1097.685000   -2.261265
1097.686000   -2.281643
1097.687000   -2.317013
1097.688000   -2.356619
1097.689000   -2.387482
1097.690000   -2.400054
1097.691000   -2.393540
1097.692000   -2.375547
1097.693000   -2.356634
1097.694000   -2.345428
1097.695000   -2.346622
1097.696000   -2.360723
1097.697000   -2.384179
1097.698000   -2.409566
1097.699000   -2.426678
1097.700000   -2.425909
1097.701000   -2.403627
1097.702000   -2.365204
1097.703000   -2.322199
1097.704000   -2.286796
1097.705000   -2.267860
1097.706000   -2.269200
1097.707000   -2.288969
1097.708000   -2.319633
1097.709000   -2.349294
1097.710000   -2.365801
1097.711000   -2.363083
1097.712000   -2.344680
1097.713000   -2.320573
1097.714000   -2.301178
1097.715000   -2.293599
1097.716000   -2.300632
1097.717000   -2.320934
1097.718000   -2.349313
1097.719000   -2.377193
1097.720000   -2.394186
1097.721000   -2.391759
1097.722000   -2.367994
1097.723000   -2.329437
1097.724000   -2.287856
1097.725000   -2.255163
1097.726000   -2.239958
1097.727000   -2.245955
1097.728000   -2.271372
1097.729000   -2.308796
1097.730000   -2.346201
1097.731000   -2.370409
1097.732000   -2.373195
1097.733000   -2.355785
1097.734000   -2.326896
1097.735000   -2.296940
1097.736000   -2.273947
1097.737000   -2.262438
1097.738000   -2.263835
1097.739000   -2.277041
1097.740000   -2.298588
1097.741000   -2.322511
1097.742000   -2.340767
1097.743000   -2.345386
1097.744000   -2.332506
1097.745000   -2.305379
1097.746000   -2.272921
1097.747000   -2.245163
1097.748000   -2.229726
1097.749000   -2.230661
1097.750000   -2.248732
1097.751000   -2.281873
1097.752000   -2.325221
1097.753000   -2.370897
1097.754000   -2.408482
1097.755000   -2.427489
1097.756000   -2.422046
1097.757000   -2.394497
1097.758000   -2.354172
1097.759000   -2.312779
1097.760000   -2.280615
1097.761000   -2.264677
1097.762000   -2.267726
1097.763000   -2.287342
1097.764000   -2.315198
1097.765000   -2.338136
1097.766000   -2.343537
1097.767000   -2.327981
1097.768000   -2.300546
1097.769000   -2.276243
1097.770000   -2.267704
1097.771000   -2.281282
1097.772000   -2.316611
1097.773000   -2.367312
1097.774000   -2.422112
1097.775000   -2.467083
1097.776000   -2.490180
1097.777000   -2.487031
1097.778000   -2.462912
1097.779000   -2.428695
1097.780000   -2.395357
1097.781000   -2.370919
1097.782000   -2.359507
1097.783000   -2.361106
1097.784000   -2.371286
1097.785000   -2.381445
1097.786000   -2.381220
1097.787000   -2.364013
1097.788000   -2.332267
1097.789000   -2.296654
1097.790000   -2.269863
1097.791000   -2.261146
1097.792000   -2.274073
1097.793000   -2.306444
1097.794000   -2.351244
1097.795000   -2.398419
1097.796000   -2.437835
1097.797000   -2.462918
1097.798000   -2.472873
1097.799000   -2.471673
1097.800000   -2.464914
1097.801000   -2.457157
1097.802000   -2.450769
1097.803000   -2.445809
1097.804000   -2.440352
1097.805000   -2.431080
1097.806000   -2.414345
1097.807000   -2.387874
1097.808000   -2.352512
1097.809000   -2.312818
1097.810000   -2.275879
1097.811000   -2.249089
1097.812000   -2.238040
1097.813000   -2.245156
1097.814000   -2.269152
1097.815000   -2.305284
1097.816000   -2.346521
1097.817000   -2.385485
1097.818000   -2.416534
1097.819000   -2.437028
1097.820000   -2.447243
1097.821000   -2.449274
1097.822000   -2.445736
1097.823000   -2.438838
1097.824000   -2.429947
1097.825000   -2.419481
1097.826000   -2.407057
1097.827000   -2.391881
1097.828000   -2.373454
1097.829000   -2.352380
1097.830000   -2.330844
1097.831000   -2.312294
1097.832000   -2.300358
1097.833000   -2.297572
1097.834000   -2.304525
1097.835000   -2.319762
1097.836000   -2.340367
1097.837000   -2.362949
1097.838000   -2.384590
1097.839000   -2.403377
1097.840000   -2.418369
1097.841000   -2.429138
1097.842000   -2.435263
1097.843000   -2.435966
1097.844000   -2.429993
1097.845000   -2.415829
1097.846000   -2.392279
1097.847000   -2.359372
1097.848000   -2.319247
1097.849000   -2.276394
1097.850000   -2.236885
1097.851000   -2.206791
1097.852000   -2.190572
1097.853000   -2.189943
1097.854000   -2.203397
1097.855000   -2.226520
1097.856000   -2.253201
1097.857000   -2.277502
1097.858000   -2.295508
1097.859000   -2.306108
1097.860000   -2.310390
1097.861000   -2.310328
1097.862000   -2.307685
1097.863000   -2.303413
1097.864000   -2.297394
1097.865000   -2.288313
1097.866000   -2.273754
1097.867000   -2.250865
1097.868000   -2.217901
1097.869000   -2.176199
1097.870000   -2.131069
1097.871000   -2.090462
1097.872000   -2.062229
1097.873000   -2.051560
1097.874000   -2.059508
1097.875000   -2.082703
1097.876000   -2.114268
1097.877000   -2.145969
1097.878000   -2.171068
1097.879000   -2.186463
1097.880000   -2.192733
1097.881000   -2.192516
1097.882000   -2.188704
1097.883000   -2.183346
1097.884000   -2.177159
1097.885000   -2.169402
1097.886000   -2.158028
1097.887000   -2.140437
1097.888000   -2.115023
1097.889000   -2.083106
1097.890000   -2.049798
1097.891000   -2.022613
1097.892000   -2.008630
1097.893000   -2.011814
1097.894000   -2.031568
1097.895000   -2.062875
1097.896000   -2.098052
1097.897000   -2.129713
1097.898000   -2.153496
1097.899000   -2.168761
1097.900000   -2.177178
1097.901000   -2.180815
1097.902000   -2.180856
1097.903000   -2.177202
1097.904000   -2.168654
1097.905000   -2.153467
1097.906000   -2.130337
1097.907000   -2.099704
1097.908000   -2.064749
1097.909000   -2.031144
1097.910000   -2.005342
1097.911000   -1.992305
1097.912000   -1.993789
1097.913000   -2.007812
1097.914000   -2.029408
1097.915000   -2.052525
1097.916000   -2.072390
1097.917000   -2.087051
1097.918000   -2.097197
1097.919000   -2.104733
1097.920000   -2.111406
1097.921000   -2.118091
1097.922000   -2.124607
1097.923000   -2.129703
1097.924000   -2.131103
1097.925000   -2.125887
1097.926000   -2.111583
1097.927000   -2.087923
1097.928000   -2.058227
1097.929000   -2.029031
1097.930000   -2.007899
1097.931000   -2.000769
1097.932000   -2.010085
1097.933000   -2.034083
1097.934000   -2.067251
1097.935000   -2.102090
1097.936000   -2.131952
1097.937000   -2.153659
1097.938000   -2.168102
1097.939000   -2.178612
1097.940000   -2.188775
1097.941000   -2.201067
1097.942000   -2.216345
1097.943000   -2.233729
1097.944000   -2.250533
1097.945000   -2.262476
1097.946000   -2.264698
1097.947000   -2.253894
1097.948000   -2.230766
1097.949000   -2.200771
1097.950000   -2.172268
1097.951000   -2.153445
1097.952000   -2.149758
1097.953000   -2.162347
1097.954000   -2.187406
1097.955000   -2.216715
1097.956000   -2.240095
1097.957000   -2.249823
1097.958000   -2.244596
1097.959000   -2.229485
1097.960000   -2.212273
1097.961000   -2.199765
1097.962000   -2.195870
1097.963000   -2.200972
1097.964000   -2.211808
1097.965000   -2.221813
1097.966000   -2.222638
1097.967000   -2.207657
1097.968000   -2.176249
1097.969000   -2.135151
1097.970000   -2.095262
1097.971000   -2.066835
1097.972000   -2.056130
1097.973000   -2.063890
1097.974000   -2.085118
1097.975000   -2.110309
1097.976000   -2.128923
1097.977000   -2.134783
1097.978000   -2.129543
1097.979000   -2.120693
1097.980000   -2.116435
1097.981000   -2.121983
1097.982000   -2.138394
1097.983000   -2.162823
1097.984000   -2.189239
1097.985000   -2.209597
1097.986000   -2.215984
1097.987000   -2.203994
1097.988000   -2.175471
1097.989000   -2.138131
1097.990000   -2.102281
1097.991000   -2.077248
1097.992000   -2.069046
1097.993000   -2.079191
1097.994000   -2.104173
1097.995000   -2.135911
1097.996000   -2.164271
1097.997000   -2.181999
1097.998000   -2.188874
1097.999000   -2.190735
1098.000000   -2.194768
1098.001000   -2.205922
1098.002000   -2.225959
1098.003000   -2.253804
1098.004000   -2.285907
1098.005000   -2.316224
1098.006000   -2.336621
1098.007000   -2.338784
1098.008000   -2.318265
1098.009000   -2.278353
1098.010000   -2.229606
1098.011000   -2.185412
1098.012000   -2.157360
1098.013000   -2.152541
1098.014000   -2.172143
1098.015000   -2.210698
1098.016000   -2.256418
1098.017000   -2.294475
1098.018000   -2.314106
1098.019000   -2.314949
1098.020000   -2.305376
1098.021000   -2.295597
1098.022000   -2.293021
1098.023000   -2.301215
1098.024000   -2.320297
1098.025000   -2.347130
1098.026000   -2.374932
1098.027000   -2.393217
1098.028000   -2.390307
1098.029000   -2.360060
1098.030000   -2.308481
1098.031000   -2.251819
1098.032000   -2.208209
1098.033000   -2.191121
1098.034000   -2.206652
1098.035000   -2.252672
1098.036000   -2.318504
1098.037000   -2.386112
1098.038000   -2.435641
1098.039000   -2.456038
1098.040000   -2.451580
1098.041000   -2.435688
1098.042000   -2.421116
1098.043000   -2.415812
1098.044000   -2.423189
1098.045000   -2.443322
1098.046000   -2.473366
1098.047000   -2.506947
1098.048000   -2.533555
1098.049000   -2.540352
1098.050000   -2.518903
1098.051000   -2.472969
1098.051000   -2.472969
1098.052000   -2.417499
1098.053000   -2.369983
1098.054000   -2.343758
1098.055000   -2.345760
1098.056000   -2.376390
1098.057000   -2.429525
1098.058000   -2.492540
1098.059000   -2.548094
1098.060000   -2.580223
1098.061000   -2.583434
1098.062000   -2.565510
1098.063000   -2.540415
1098.064000   -2.520595
1098.065000   -2.514068
1098.066000   -2.524423
1098.067000   -2.551215
1098.068000   -2.589632
1098.069000   -2.629767
1098.070000   -2.657200
1098.071000   -2.657893
1098.072000   -2.627614
1098.073000   -2.576501
1098.074000   -2.522286
1098.075000   -2.481224
1098.076000   -2.463736
1098.077000   -2.473411
1098.078000   -2.506652
1098.079000   -2.552051
1098.080000   -2.591023
1098.081000   -2.603465
1098.082000   -2.580030
1098.083000   -2.529656
1098.084000   -2.471770
1098.085000   -2.424589
1098.086000   -2.399840
1098.087000   -2.402101
1098.088000   -2.428965
1098.089000   -2.470490
1098.090000   -2.509091
1098.091000   -2.523732
1098.092000   -2.502079
1098.093000   -2.451521
1098.094000   -2.393181
1098.095000   -2.347798
1098.096000   -2.328463
1098.097000   -2.339582
1098.098000   -2.377496
1098.099000   -2.430804
1098.100000   -2.481517
1098.101000   -2.510197
1098.102000   -2.506678
1098.103000   -2.477065
1098.104000   -2.437163
1098.105000   -2.401828
1098.106000   -2.380330
1098.107000   -2.376344
1098.108000   -2.388955
1098.109000   -2.412958
1098.110000   -2.438449
1098.111000   -2.451327
1098.112000   -2.437714
1098.113000   -2.392957
1098.114000   -2.326685
1098.115000   -2.256606
1098.116000   -2.199323
1098.117000   -2.165952
1098.118000   -2.161400
1098.119000   -2.184366
1098.120000   -2.226923
1098.121000   -2.274370
1098.122000   -2.308233
1098.123000   -2.315297
1098.124000   -2.296678
1098.125000   -2.264775
1098.126000   -2.233227
1098.127000   -2.211395
1098.128000   -2.203980
1098.129000   -2.211984
1098.130000   -2.232744
1098.131000   -2.258648
1098.132000   -2.275955
1098.133000   -2.267885
1098.134000   -2.226325
1098.135000   -2.162066
1098.136000   -2.097718
1098.137000   -2.053979
1098.138000   -2.043091
1098.139000   -2.067548
1098.140000   -2.119756
1098.141000   -2.182030
1098.142000   -2.230366
1098.143000   -2.247230
1098.144000   -2.234695
1098.145000   -2.209110
1098.146000   -2.186573
1098.147000   -2.176792
1098.148000   -2.183392
1098.149000   -2.205110
1098.150000   -2.235584
1098.151000   -2.262118
1098.152000   -2.266423
1098.153000   -2.233793
1098.154000   -2.168215
1098.155000   -2.092028
1098.156000   -2.030159
1098.157000   -1.999869
1098.158000   -2.008530
1098.159000   -2.053378
1098.160000   -2.120548
1098.161000   -2.185324
1098.162000   -2.220747
1098.163000   -2.217477
1098.164000   -2.190503
1098.165000   -2.161681
1098.166000   -2.145957
1098.167000   -2.149871
1098.168000   -2.173593
1098.169000   -2.211865
1098.170000   -2.253110
1098.171000   -2.278843
1098.172000   -2.269495
1098.173000   -2.220313
1098.174000   -2.148784
1098.175000   -2.080548
1098.176000   -2.035336
1098.177000   -2.023430
1098.178000   -2.046229
1098.179000   -2.096172
1098.180000   -2.155632
1098.181000   -2.198735
1098.182000   -2.204133
1098.183000   -2.173058
1098.184000   -2.125776
1098.185000   -2.083017
1098.186000   -2.057686
1098.187000   -2.055422
1098.188000   -2.076308
1098.189000   -2.114810
1098.190000   -2.158033
1098.191000   -2.185431
1098.192000   -2.177522
1098.193000   -2.133940
1098.194000   -2.075732
1098.195000   -2.027487
1098.196000   -2.005545
1098.197000   -2.016824
1098.198000   -2.060740
1098.199000   -2.130368
1098.200000   -2.212301
1098.201000   -2.287229
1098.202000   -2.335291
1098.203000   -2.347670
1098.204000   -2.332325
1098.205000   -2.305254
1098.206000   -2.280401
1098.207000   -2.266556
1098.208000   -2.268020
1098.209000   -2.285363
1098.210000   -2.314935
1098.211000   -2.347437
1098.212000   -2.367794
1098.213000   -2.360876
1098.214000   -2.323747
1098.215000   -2.270580
1098.216000   -2.222526
1098.217000   -2.196548
1098.218000   -2.201307
1098.219000   -2.237113
1098.220000   -2.296516
1098.221000   -2.364840
1098.222000   -2.422441
1098.223000   -2.451610
1098.224000   -2.446677
1098.225000   -2.416503
1098.226000   -2.376034
1098.227000   -2.338068
1098.228000   -2.310629
1098.229000   -2.297510
1098.230000   -2.299252
1098.231000   -2.313373
1098.232000   -2.333923
1098.233000   -2.351453
1098.234000   -2.355382
1098.235000   -2.339551
1098.236000   -2.307002
1098.237000   -2.268286
1098.238000   -2.235155
1098.239000   -2.215817
1098.240000   -2.213637
1098.241000   -2.227978
1098.242000   -2.255700
1098.243000   -2.292375
1098.244000   -2.332904
1098.245000   -2.371637
1098.246000   -2.402363
1098.247000   -2.418766
1098.248000   -2.415766
1098.249000   -2.391557
1098.250000   -2.349062
1098.251000   -2.295481
1098.252000   -2.240163
1098.253000   -2.192315
1098.254000   -2.159587
1098.255000   -2.147442
1098.256000   -2.158748
1098.257000   -2.193165
1098.258000   -2.246177
1098.259000   -2.308168
1098.260000   -2.364889
1098.261000   -2.401476
1098.262000   -2.409977
1098.263000   -2.394065
1098.264000   -2.365376
1098.265000   -2.336499
1098.266000   -2.316990
1098.267000   -2.312429
1098.268000   -2.324295
1098.269000   -2.349175
1098.270000   -2.377468
1098.271000   -2.393736
1098.272000   -2.382892
1098.273000   -2.342397
1098.274000   -2.286863
1098.275000   -2.237911
1098.276000   -2.212860
1098.277000   -2.220163
1098.278000   -2.258586
1098.279000   -2.317154
1098.280000   -2.376232
1098.281000   -2.413494
1098.282000   -2.417030
1098.283000   -2.393890
1098.284000   -2.361952
1098.285000   -2.337393
1098.286000   -2.329637
1098.287000   -2.341186
1098.288000   -2.368096
1098.289000   -2.399727
1098.290000   -2.419293
1098.291000   -2.409415
1098.292000   -2.364554
1098.293000   -2.297836
1098.294000   -2.231700
1098.295000   -2.185398
1098.296000   -2.169746
1098.297000   -2.186309
1098.298000   -2.227294
1098.299000   -2.275869
1098.300000   -2.310466
1098.301000   -2.317114
1098.302000   -2.300501
1098.303000   -2.277791
1098.304000   -2.264908
1098.305000   -2.270490
1098.306000   -2.295914
1098.307000   -2.336308
1098.308000   -2.380697
1098.309000   -2.412484
1098.310000   -2.414123
1098.311000   -2.378304
1098.312000   -2.315226
1098.313000   -2.245101
1098.314000   -2.186732
1098.315000   -2.152454
1098.316000   -2.147304
1098.317000   -2.168427
1098.318000   -2.203599
1098.319000   -2.231666
1098.320000   -2.231924
1098.321000   -2.201730
1098.322000   -2.158957
1098.323000   -2.125014
1098.324000   -2.113144
1098.325000   -2.127474
1098.326000   -2.165279
1098.327000   -2.218294
1098.328000   -2.272746
1098.329000   -2.310308
1098.330000   -2.314408
1098.331000   -2.281335
1098.332000   -2.223129
1098.333000   -2.157928
1098.334000   -2.101074
1098.335000   -2.062746
1098.336000   -2.048255
1098.337000   -2.057752
1098.338000   -2.084456
1098.339000   -2.113094
1098.340000   -2.123920
1098.341000   -2.106870
1098.342000   -2.072187
1098.343000   -2.040683
1098.344000   -2.028937
1098.345000   -2.044299
1098.346000   -2.086146
1098.347000   -2.148156
1098.348000   -2.219710
1098.349000   -2.286851
1098.350000   -2.334452
1098.351000   -2.351223
1098.352000   -2.335306
1098.353000   -2.294450
1098.354000   -2.240586
1098.355000   -2.184904
1098.356000   -2.136168
1098.357000   -2.100801
1098.358000   -2.083018
1098.359000   -2.083960
1098.360000   -2.099984
1098.361000   -2.121444
1098.362000   -2.134873
1098.363000   -2.130787
1098.364000   -2.111651
1098.365000   -2.089806
1098.366000   -2.078385
1098.367000   -2.085399
1098.368000   -2.112883
1098.369000   -2.158134
1098.370000   -2.214928
1098.371000   -2.274093
1098.372000   -2.324104
1098.373000   -2.353211
1098.374000   -2.353992
1098.375000   -2.327918
1098.376000   -2.285128
1098.377000   -2.239557
1098.378000   -2.204142
1098.379000   -2.188214
1098.380000   -2.196322
1098.381000   -2.227138
1098.382000   -2.272232
1098.383000   -2.316437
1098.384000   -2.343056
1098.385000   -2.344394
1098.386000   -2.327722
1098.387000   -2.308652
1098.388000   -2.301140
1098.389000   -2.312925
1098.390000   -2.345243
1098.391000   -2.393683
1098.392000   -2.448855
1098.393000   -2.497376
1098.394000   -2.524876
1098.395000   -2.521937
1098.396000   -2.489696
1098.397000   -2.439344
1098.398000   -2.386125
1098.399000   -2.343738
1098.400000   -2.321595
1098.401000   -2.323767
1098.402000   -2.348041
1098.403000   -2.385009
1098.404000   -2.418934
1098.405000   -2.433441
1098.406000   -2.421834
1098.407000   -2.392131
1098.408000   -2.360010
1098.409000   -2.339175
1098.410000   -2.337186
1098.411000   -2.355550
1098.412000   -2.391065
1098.413000   -2.436850
1098.414000   -2.482860
1098.415000   -2.516735
1098.416000   -2.526516
1098.417000   -2.505620
1098.418000   -2.456991
1098.419000   -2.391914
1098.420000   -2.324564
1098.421000   -2.267209
1098.422000   -2.228124
1098.423000   -2.211379
1098.424000   -2.217159
1098.425000   -2.241941
1098.426000   -2.278615
1098.427000   -2.317270
1098.428000   -2.347401
1098.429000   -2.361303
1098.430000   -2.356664
1098.431000   -2.336185
1098.432000   -2.304909
1098.433000   -2.267797
1098.434000   -2.228879
1098.435000   -2.191576
1098.436000   -2.159322
1098.437000   -2.135958
1098.438000   -2.125712
1098.439000   -2.132688
1098.440000   -2.159827
1098.441000   -2.207253
1098.442000   -2.270040
1098.443000   -2.336337
1098.444000   -2.388562
1098.445000   -2.410882
1098.446000   -2.400372
1098.447000   -2.368919
1098.448000   -2.333236
1098.449000   -2.306208
1098.450000   -2.294906
1098.451000   -2.302200
1098.452000   -2.328486
1098.453000   -2.372044
1098.454000   -2.427822
1098.455000   -2.485141
1098.456000   -2.526576
1098.457000   -2.532740
1098.458000   -2.495507
1098.459000   -2.427079
1098.460000   -2.351076
1098.461000   -2.289158
1098.462000   -2.255655
1098.463000   -2.257357
1098.464000   -2.294098
1098.465000   -2.358228
1098.466000   -2.433316
1098.467000   -2.495004
1098.468000   -2.519728
1098.469000   -2.501412
1098.470000   -2.455757
1098.471000   -2.405308
1098.472000   -2.367225
1098.473000   -2.350936
1098.474000   -2.359850
1098.475000   -2.392692
1098.476000   -2.442977
1098.477000   -2.497019
1098.478000   -2.533482
1098.479000   -2.531018
1098.480000   -2.485526
1098.481000   -2.415917
1098.482000   -2.348398
1098.483000   -2.302734
1098.484000   -2.289368
1098.485000   -2.310811
1098.486000   -2.362535
1098.487000   -2.432031
1098.488000   -2.497628
1098.489000   -2.532428
1098.490000   -2.519749
1098.491000   -2.467682
1098.492000   -2.400179
1098.493000   -2.339667
1098.494000   -2.300453
1098.495000   -2.289472
1098.496000   -2.307844
1098.497000   -2.350518
1098.498000   -2.404034
1098.499000   -2.445349
1098.500000   -2.449101
1098.501000   -2.407307
1098.502000   -2.338794
1098.503000   -2.272235
1098.504000   -2.229605
1098.505000   -2.222267
1098.506000   -2.252226
1098.507000   -2.313115
1098.508000   -2.389757
1098.509000   -2.458537
1098.510000   -2.493914
1098.511000   -2.483911
1098.512000   -2.439424
1098.513000   -2.382944
1098.514000   -2.334512
1098.515000   -2.307233
1098.516000   -2.307679
1098.517000   -2.336420
1098.518000   -2.386867
1098.519000   -2.442996
1098.520000   -2.479644
1098.521000   -2.473319
1098.522000   -2.423232
1098.523000   -2.353303
1098.524000   -2.291238
1098.525000   -2.255261
1098.526000   -2.252771
1098.527000   -2.282707
1098.528000   -2.337544
1098.529000   -2.404181
1098.530000   -2.464673
1098.531000   -2.499492
1098.532000   -2.495599
1098.533000   -2.454490
1098.534000   -2.389775
1098.535000   -2.317788
1098.536000   -2.251733
1098.537000   -2.200624
1098.538000   -2.170256
1098.539000   -2.163597
1098.540000   -2.179673
1098.541000   -2.210987
1098.542000   -2.241364
1098.543000   -2.249502
1098.544000   -2.223444
1098.545000   -2.173104
1098.546000   -2.121270
1098.547000   -2.087481
1098.548000   -2.081979
1098.549000   -2.106608
1098.550000   -2.156862
1098.551000   -2.222714
1098.551000   -2.222714
1098.552000   -2.288777
1098.553000   -2.336208
1098.554000   -2.349769
1098.555000   -2.327446
1098.556000   -2.281194
1098.557000   -2.227943
1098.558000   -2.182203
1098.559000   -2.153756
1098.560000   -2.147364
1098.561000   -2.161826
1098.562000   -2.187955
1098.563000   -2.208055
1098.564000   -2.203244
1098.565000   -2.170029
1098.566000   -2.125933
1098.567000   -2.094964
1098.568000   -2.093891
1098.569000   -2.128598
1098.570000   -2.194853
1098.571000   -2.279796
1098.572000   -2.364422
1098.573000   -2.429710
1098.574000   -2.465997
1098.575000   -2.477116
1098.576000   -2.474317
1098.577000   -2.468293
1098.578000   -2.465828
1098.579000   -2.469367
1098.580000   -2.477047
1098.581000   -2.482420
1098.582000   -2.475098
1098.583000   -2.445078
1098.584000   -2.391174
1098.585000   -2.325129
1098.586000   -2.265393
1098.587000   -2.228109
1098.588000   -2.222376
1098.589000   -2.248632
1098.590000   -2.297902
1098.591000   -2.352387
1098.592000   -2.390720
1098.593000   -2.400324
1098.594000   -2.386306
1098.595000   -2.364688
1098.596000   -2.350399
1098.597000   -2.352070
1098.598000   -2.371881
1098.599000   -2.406449
1098.600000   -2.447146
1098.601000   -2.480643
1098.602000   -2.492352
1098.603000   -2.474507
1098.604000   -2.433034
1098.605000   -2.383981
1098.606000   -2.344123
1098.607000   -2.325206
1098.608000   -2.332505
1098.609000   -2.364928
1098.610000   -2.414980
1098.611000   -2.469092
1098.612000   -2.510657
1098.613000   -2.527809
1098.614000   -2.521237
1098.615000   -2.502368
1098.616000   -2.484573
1098.617000   -2.477324
1098.618000   -2.485118
1098.619000   -2.508267
1098.620000   -2.543443
1098.621000   -2.583377
1098.622000   -2.616636
1098.623000   -2.629702
1098.624000   -2.613508
1098.625000   -2.570809
1098.626000   -2.515302
1098.627000   -2.463504
1098.628000   -2.428354
1098.629000   -2.417211
1098.630000   -2.432014
1098.631000   -2.469551
1098.632000   -2.521315
1098.633000   -2.573955
1098.634000   -2.612319
1098.635000   -2.626012
1098.636000   -2.614884
1098.637000   -2.587267
1098.638000   -2.553748
1098.639000   -2.522949
1098.640000   -2.500389
1098.641000   -2.488573
1098.642000   -2.486783
1098.643000   -2.490229
1098.644000   -2.489405
1098.645000   -2.472046
1098.646000   -2.430063
1098.647000   -2.367845
1098.648000   -2.301635
1098.649000   -2.250255
1098.650000   -2.227137
1098.651000   -2.236935
1098.652000   -2.274752
1098.653000   -2.326724
1098.654000   -2.373408
1098.655000   -2.398356
1098.656000   -2.398124
1098.657000   -2.382273
1098.658000   -2.363954
1098.659000   -2.352680
1098.660000   -2.352535
1098.661000   -2.362863
1098.662000   -2.379102
1098.663000   -2.393261
1098.664000   -2.395010
1098.665000   -2.375254
1098.666000   -2.332107
1098.667000   -2.274098
1098.668000   -2.216112
1098.669000   -2.172436
1098.670000   -2.152275
1098.671000   -2.157993
1098.672000   -2.184565
1098.673000   -2.220132
1098.674000   -2.249431
1098.675000   -2.261390
1098.676000   -2.256067
1098.677000   -2.242705
1098.678000   -2.231996
1098.679000   -2.231065
1098.680000   -2.242538
1098.681000   -2.264935
1098.682000   -2.292538
1098.683000   -2.314746
1098.684000   -2.317023
1098.685000   -2.287222
1098.686000   -2.226095
1098.687000   -2.149452
1098.688000   -2.078435
1098.689000   -2.030295
1098.690000   -2.014756
1098.691000   -2.033004
1098.692000   -2.076878
1098.693000   -2.128738
1098.694000   -2.166017
1098.695000   -2.174438
1098.696000   -2.158866
1098.697000   -2.136133
1098.698000   -2.121353
1098.699000   -2.122636
1098.700000   -2.141980
1098.701000   -2.176912
1098.702000   -2.220818
1098.703000   -2.262236
1098.704000   -2.285420
1098.705000   -2.276073
1098.706000   -2.231762
1098.707000   -2.165358
1098.708000   -2.096571
1098.709000   -2.043142
1098.710000   -2.017544
1098.711000   -2.026548
1098.712000   -2.070369
1098.713000   -2.140546
1098.714000   -2.217864
1098.715000   -2.275078
1098.716000   -2.292033
1098.717000   -2.272941
1098.718000   -2.238972
1098.719000   -2.209603
1098.720000   -2.195857
1098.721000   -2.201929
1098.722000   -2.228028
1098.723000   -2.271762
1098.724000   -2.327780
1098.725000   -2.385850
1098.726000   -2.429151
1098.727000   -2.437615
1098.728000   -2.401572
1098.729000   -2.333334
1098.730000   -2.257530
1098.731000   -2.195696
1098.732000   -2.160816
1098.733000   -2.158365
1098.734000   -2.188248
1098.735000   -2.245496
1098.736000   -2.319448
1098.737000   -2.392539
1098.738000   -2.442597
1098.739000   -2.453209
1098.740000   -2.426138
1098.741000   -2.377938
1098.742000   -2.326335
1098.743000   -2.283608
1098.744000   -2.256781
1098.745000   -2.249606
1098.746000   -2.263497
1098.747000   -2.296539
1098.748000   -2.340774
1098.749000   -2.379891
1098.750000   -2.392436
1098.751000   -2.366544
1098.752000   -2.313177
1098.753000   -2.256506
1098.754000   -2.217506
1098.755000   -2.208186
1098.756000   -2.232093
1098.757000   -2.285335
1098.758000   -2.356321
1098.759000   -2.425484
1098.760000   -2.469180
1098.761000   -2.472365
1098.762000   -2.440149
1098.763000   -2.391275
1098.764000   -2.344401
1098.765000   -2.312277
1098.766000   -2.301392
1098.767000   -2.312224
1098.768000   -2.337936
1098.769000   -2.362302
1098.770000   -2.362072
1098.771000   -2.322613
1098.772000   -2.255741
1098.773000   -2.190566
1098.774000   -2.152435
1098.775000   -2.154492
1098.776000   -2.197542
1098.777000   -2.271012
1098.778000   -2.354115
1098.779000   -2.421035
1098.780000   -2.454364
1098.781000   -2.456480
1098.782000   -2.442787
1098.783000   -2.428010
1098.784000   -2.420846
1098.785000   -2.424419
1098.786000   -2.437570
1098.787000   -2.454995
1098.788000   -2.466434
1098.789000   -2.457423
1098.790000   -2.416214
1098.791000   -2.345502
1098.792000   -2.263739
1098.793000   -2.193311
1098.794000   -2.150880
1098.795000   -2.144376
1098.796000   -2.172497
1098.797000   -2.224006
1098.798000   -2.277876
1098.799000   -2.309579
1098.800000   -2.307074
1098.801000   -2.279865
1098.802000   -2.247067
1098.803000   -2.223626
1098.804000   -2.216876
1098.805000   -2.227902
1098.806000   -2.252788
1098.807000   -2.282177
1098.808000   -2.300605
1098.809000   -2.289815
1098.810000   -2.240815
1098.811000   -2.164592
1098.812000   -2.084879
1098.813000   -2.023822
1098.814000   -1.995493
1098.815000   -2.004825
1098.816000   -2.047033
1098.817000   -2.106185
1098.818000   -2.156208
1098.819000   -2.172791
1098.820000   -2.153791
1098.821000   -2.119116
1098.822000   -2.090484
1098.823000   -2.080717
1098.824000   -2.094229
1098.825000   -2.129443
1098.826000   -2.179426
1098.827000   -2.230660
1098.828000   -2.262841
1098.829000   -2.256084
1098.830000   -2.206842
1098.831000   -2.132643
1098.832000   -2.057573
1098.833000   -2.000295
1098.834000   -1.971809
1098.835000   -1.976429
1098.836000   -2.011762
1098.837000   -2.066930
1098.838000   -2.121112
1098.839000   -2.148918
1098.840000   -2.138469
1098.841000   -2.102263
1098.842000   -2.062361
1098.843000   -2.034946
1098.844000   -2.027778
1098.845000   -2.042806
1098.846000   -2.078270
1098.847000   -2.128646
1098.848000   -2.182675
1098.849000   -2.221421
1098.850000   -2.222303
1098.851000   -2.175737
1098.852000   -2.097056
1098.853000   -2.013287
1098.854000   -1.946978
1098.855000   -1.911960
1098.856000   -1.914375
1098.857000   -1.953245
1098.858000   -2.018666
1098.859000   -2.088644
1098.860000   -2.130671
1098.861000   -2.121410
1098.862000   -2.071206
1098.863000   -2.011129
1098.864000   -1.966574
1098.865000   -1.950538
1098.866000   -1.966558
1098.867000   -2.011863
1098.868000   -2.078135
1098.869000   -2.150141
1098.870000   -2.205153
1098.871000   -2.220085
1098.872000   -2.189019
1098.873000   -2.129378
1098.874000   -2.065976
1098.875000   -2.017751
1098.876000   -1.995528
1098.877000   -2.003984
1098.878000   -2.043078
1098.879000   -2.107482
1098.880000   -2.184437
1098.881000   -2.252647
1098.882000   -2.288094
1098.883000   -2.280251
1098.884000   -2.241200
1098.885000   -2.192724
1098.886000   -2.152237
1098.887000   -2.129596
1098.888000   -2.128974
1098.889000   -2.150954
1098.890000   -2.193141
1098.891000   -2.249246
1098.892000   -2.307155
1098.893000   -2.348336
1098.894000   -2.353611
1098.895000   -2.317219
1098.896000   -2.253968
1098.897000   -2.187922
1098.898000   -2.139453
1098.899000   -2.120940
1098.900000   -2.137172
1098.901000   -2.186337
1098.902000   -2.259890
1098.903000   -2.341621
1098.904000   -2.408396
1098.905000   -2.437754
1098.906000   -2.422826
1098.907000   -2.377807
1098.908000   -2.325651
1098.909000   -2.285864
1098.910000   -2.270768
1098.911000   -2.285832
1098.912000   -2.329775
1098.913000   -2.392786
1098.914000   -2.454186
1098.915000   -2.485419
1098.916000   -2.467120
1098.917000   -2.408996
1098.918000   -2.341125
1098.919000   -2.291350
1098.920000   -2.276004
1098.921000   -2.300221
1098.922000   -2.359882
1098.923000   -2.442387
1098.924000   -2.526960
1098.925000   -2.588159
1098.926000   -2.606685
1098.927000   -2.582279
1098.928000   -2.532108
1098.929000   -2.477348
1098.930000   -2.434468
1098.931000   -2.413556
1098.932000   -2.419099
1098.933000   -2.450135
1098.934000   -2.498946
1098.935000   -2.549543
1098.936000   -2.579874
1098.937000   -2.572891
1098.938000   -2.531195
1098.939000   -2.475515
1098.940000   -2.429220
1098.941000   -2.408284
1098.942000   -2.419385
1098.943000   -2.461001
1098.944000   -2.524382
1098.945000   -2.594005
1098.946000   -2.649342
1098.947000   -2.671079
1098.948000   -2.651370
1098.949000   -2.598474
1098.950000   -2.529587
1098.951000   -2.461300
1098.952000   -2.405448
1098.953000   -2.369127
1098.954000   -2.355740
1098.955000   -2.365418
1098.956000   -2.394249
1098.957000   -2.432653
1098.958000   -2.464947
1098.959000   -2.473624
1098.960000   -2.449656
1098.961000   -2.399902
1098.962000   -2.341334
1098.963000   -2.290032
1098.964000   -2.255804
1098.965000   -2.242538
1098.966000   -2.250593
1098.967000   -2.278665
1098.968000   -2.324302
1098.969000   -2.383069
1098.970000   -2.446813
1098.971000   -2.502148
1098.972000   -2.531950
1098.973000   -2.522835
1098.974000   -2.475349
1098.975000   -2.404775
1098.976000   -2.331286
1098.977000   -2.271620
1098.978000   -2.236636
1098.979000   -2.231872
1098.980000   -2.258280
1098.981000   -2.311820
1098.982000   -2.381850
1098.983000   -2.449926
1098.984000   -2.493232
1098.985000   -2.496407
1098.986000   -2.463583
1098.987000   -2.413418
1098.988000   -2.365092
1098.989000   -2.331433
1098.990000   -2.318927
1098.991000   -2.329502
1098.992000   -2.361107
1098.993000   -2.406354
1098.994000   -2.450286
1098.995000   -2.471229
1098.996000   -2.451255
1098.997000   -2.392898
1098.998000   -2.319225
1098.999000   -2.256813
1099.000000   -2.224315
1099.001000   -2.230171
1099.002000   -2.273226
1099.003000   -2.342768
1099.004000   -2.418446
1099.005000   -2.474036
1099.006000   -2.490331
1099.007000   -2.469257
1099.008000   -2.429168
1099.009000   -2.389269
1099.010000   -2.362235
1099.011000   -2.354336
1099.012000   -2.367160
1099.013000   -2.397998
1099.014000   -2.438338
1099.015000   -2.471916
1099.016000   -2.476878
1099.017000   -2.438512
1099.018000   -2.364803
1099.019000   -2.281547
1099.020000   -2.214866
1099.021000   -2.182091
1099.022000   -2.190505
1099.023000   -2.237866
1099.024000   -2.311884
1099.025000   -2.389931
1099.026000   -2.444122
1099.027000   -2.457107
1099.028000   -2.435823
1099.029000   -2.401939
1099.030000   -2.374941
1099.031000   -2.366092
1099.032000   -2.379290
1099.033000   -2.412645
1099.034000   -2.458379
1099.035000   -2.501521
1099.036000   -2.520777
1099.037000   -2.497985
1099.038000   -2.434633
1099.039000   -2.353575
1099.040000   -2.282722
1099.041000   -2.242922
1099.042000   -2.244728
1099.043000   -2.288277
1099.044000   -2.362550
1099.045000   -2.444277
1099.046000   -2.501627
1099.047000   -2.510645
1099.048000   -2.475247
1099.049000   -2.420504
1099.050000   -2.371083
1099.051000   -2.342146
1099.051000   -2.342146
1099.052000   -2.340063
1099.053000   -2.365057
1099.054000   -2.412484
1099.055000   -2.472191
1099.056000   -2.527087
1099.057000   -2.554664
1099.058000   -2.537123
1099.059000   -2.476844
1099.060000   -2.396012
1099.061000   -2.320594
1099.062000   -2.269603
1099.063000   -2.252983
1099.064000   -2.272684
1099.065000   -2.323649
1099.066000   -2.394049
1099.067000   -2.465783
1099.068000   -2.517601
1099.069000   -2.533076
1099.070000   -2.509720
1099.071000   -2.458728
1099.072000   -2.395974
1099.073000   -2.334967
1099.074000   -2.285028
1099.075000   -2.252167
1099.076000   -2.240173
1099.077000   -2.250962
1099.078000   -2.283993
1099.079000   -2.334517
1099.080000   -2.390710
1099.081000   -2.432452
1099.082000   -2.437651
1099.083000   -2.398992
1099.084000   -2.332429
1099.085000   -2.263375
1099.086000   -2.212249
1099.087000   -2.190661
1099.088000   -2.202705
1099.089000   -2.245999
1099.090000   -2.310445
1099.091000   -2.375609
1099.092000   -2.411910
1099.093000   -2.395652
1099.094000   -2.332049
1099.095000   -2.250710
1099.096000   -2.181931
1099.097000   -2.145513
1099.098000   -2.150463
1099.099000   -2.196096
1099.100000   -2.270542
1099.101000   -2.347573
1099.102000   -2.389490
1099.103000   -2.371243
1099.104000   -2.307687
1099.105000   -2.236348
1099.106000   -2.187617
1099.107000   -2.177324
1099.108000   -2.209436
1099.109000   -2.278090
1099.110000   -2.366418
1099.111000   -2.444952
1099.112000   -2.478833
1099.113000   -2.453678
1099.114000   -2.390380
1099.115000   -2.321913
1099.116000   -2.272366
1099.117000   -2.254233
1099.118000   -2.270768
1099.119000   -2.316613
1099.120000   -2.375303
1099.121000   -2.417205
1099.122000   -2.409739
1099.123000   -2.347689
1099.124000   -2.261946
1099.125000   -2.189901
1099.126000   -2.155942
1099.127000   -2.169701
1099.128000   -2.227826
1099.129000   -2.313610
1099.130000   -2.396414
1099.131000   -2.440165
1099.132000   -2.429604
1099.133000   -2.383549
1099.134000   -2.331258
1099.135000   -2.292955
1099.136000   -2.278177
1099.137000   -2.288910
1099.138000   -2.321081
1099.139000   -2.363087
1099.140000   -2.393475
1099.141000   -2.385092
1099.142000   -2.326086
1099.143000   -2.236154
1099.144000   -2.148758
1099.145000   -2.089850
1099.146000   -2.072824
1099.147000   -2.099808
1099.148000   -2.162014
1099.149000   -2.238006
1099.150000   -2.294655
1099.151000   -2.303235
1099.152000   -2.265991
1099.153000   -2.210580
1099.154000   -2.162570
1099.155000   -2.135431
1099.156000   -2.133211
1099.157000   -2.154793
1099.158000   -2.196291
1099.159000   -2.250977
1099.160000   -2.307380
1099.161000   -2.347988
1099.162000   -2.354043
1099.163000   -2.319318
1099.164000   -2.257517
1099.165000   -2.190901
1099.166000   -2.137847
1099.167000   -2.109414
1099.168000   -2.110454
1099.169000   -2.140799
1099.170000   -2.194979
1099.171000   -2.260726
1099.172000   -2.318841
1099.173000   -2.348931
1099.174000   -2.342694
1099.175000   -2.310892
1099.176000   -2.273488
1099.177000   -2.247596
1099.178000   -2.243235
1099.179000   -2.263224
1099.180000   -2.303014
1099.181000   -2.349437
1099.182000   -2.381049
1099.183000   -2.376956
1099.184000   -2.334584
1099.185000   -2.273351
1099.186000   -2.217931
1099.187000   -2.185864
1099.188000   -2.185565
1099.189000   -2.217421
1099.190000   -2.273808
1099.191000   -2.337700
1099.192000   -2.383472
1099.193000   -2.387974
1099.194000   -2.350163
1099.195000   -2.291633
1099.196000   -2.237317
1099.197000   -2.204047
1099.198000   -2.199587
1099.199000   -2.224004
1099.200000   -2.269927
1099.201000   -2.321878
1099.202000   -2.358136
1099.203000   -2.360941
1099.204000   -2.331225
1099.205000   -2.287659
1099.206000   -2.251333
1099.207000   -2.236329
1099.208000   -2.248329
1099.209000   -2.285337
1099.210000   -2.337565
1099.211000   -2.387177
1099.212000   -2.412230
1099.213000   -2.399960
1099.214000   -2.357996
1099.215000   -2.305918
1099.216000   -2.260997
1099.217000   -2.233459
1099.218000   -2.227578
1099.219000   -2.243650
1099.220000   -2.278357
1099.221000   -2.323296
1099.222000   -2.363007
1099.223000   -2.376965
1099.224000   -2.351416
1099.225000   -2.293566
1099.226000   -2.226698
1099.227000   -2.174105
1099.228000   -2.150729
1099.229000   -2.161708
1099.230000   -2.202095
1099.231000   -2.256107
1099.232000   -2.299122
1099.233000   -2.309847
1099.234000   -2.288268
1099.235000   -2.254108
1099.236000   -2.228537
1099.237000   -2.224488
1099.238000   -2.246494
1099.239000   -2.292442
1099.240000   -2.353762
1099.241000   -2.413816
1099.242000   -2.447929
1099.243000   -2.433340
1099.244000   -2.369591
1099.245000   -2.280661
1099.246000   -2.195182
1099.247000   -2.133975
1099.248000   -2.108238
1099.249000   -2.119954
1099.250000   -2.160281
1099.251000   -2.206577
1099.252000   -2.225722
1099.253000   -2.197599
1099.254000   -2.137963
1099.255000   -2.080674
1099.256000   -2.051124
1099.257000   -2.060251
1099.258000   -2.107439
1099.259000   -2.183019
1099.260000   -2.268659
1099.261000   -2.338673
1099.262000   -2.368853
1099.263000   -2.353241
1099.264000   -2.307521
1099.265000   -2.252985
1099.266000   -2.205133
1099.267000   -2.172724
1099.268000   -2.160076
1099.269000   -2.168534
1099.270000   -2.195730
1099.271000   -2.232913
1099.272000   -2.263136
1099.273000   -2.266605
1099.274000   -2.237074
1099.275000   -2.190031
1099.276000   -2.148726
1099.277000   -2.129851
1099.278000   -2.140251
1099.279000   -2.178385
1099.280000   -2.236080
1099.281000   -2.299947
1099.282000   -2.353924
1099.283000   -2.384464
1099.284000   -2.386480
1099.285000   -2.364807
1099.286000   -2.329470
1099.287000   -2.290419
1099.288000   -2.255166
1099.289000   -2.228406
1099.290000   -2.211906
1099.291000   -2.203844
1099.292000   -2.198081
1099.293000   -2.185402
1099.294000   -2.158963
1099.295000   -2.121255
1099.296000   -2.084171
1099.297000   -2.061669
1099.298000   -2.063207
1099.299000   -2.091415
1099.300000   -2.142364
1099.301000   -2.206564
1099.302000   -2.270423
1099.303000   -2.319286
1099.304000   -2.342849
1099.305000   -2.339876
1099.306000   -2.317543
1099.307000   -2.286343
1099.308000   -2.255617
1099.309000   -2.231498
1099.310000   -2.216271
1099.311000   -2.208055
1099.312000   -2.200986
1099.313000   -2.187175
1099.314000   -2.161614
1099.315000   -2.127135
1099.316000   -2.093866
1099.317000   -2.073510
1099.318000   -2.074006
1099.319000   -2.097164
1099.320000   -2.138372
1099.321000   -2.187608
1099.322000   -2.232046
1099.323000   -2.260797
1099.324000   -2.269756
1099.325000   -2.262397
1099.326000   -2.246145
1099.327000   -2.228367
1099.328000   -2.214412
1099.329000   -2.207108
1099.330000   -2.206596
1099.331000   -2.210013
1099.332000   -2.211559
1099.333000   -2.204261
1099.334000   -2.184351
1099.335000   -2.155463
1099.336000   -2.127809
1099.337000   -2.112699
1099.338000   -2.117415
1099.339000   -2.142803
1099.340000   -2.183092
1099.341000   -2.227640
1099.342000   -2.265039
1099.343000   -2.288514
1099.344000   -2.298409
1099.345000   -2.299663
1099.346000   -2.297646
1099.347000   -2.295846
1099.348000   -2.295483
1099.349000   -2.295902
1099.350000   -2.294939
1099.351000   -2.289198
1099.352000   -2.274655
1099.353000   -2.248150
1099.354000   -2.209727
1099.355000   -2.164315
1099.356000   -2.120784
1099.357000   -2.088712
1099.358000   -2.074851
1099.359000   -2.080967
1099.360000   -2.103493
1099.361000   -2.135121
1099.362000   -2.168085
1099.363000   -2.197653
1099.364000   -2.223401
1099.365000   -2.247603
1099.366000   -2.272788
1099.367000   -2.300173
1099.368000   -2.328956
1099.369000   -2.355852
1099.370000   -2.374670
1099.371000   -2.376559
1099.372000   -2.352627
1099.373000   -2.299839
1099.374000   -2.226298
1099.375000   -2.149463
1099.376000   -2.088734
1099.377000   -2.058984
1099.378000   -2.067473
1099.379000   -2.112490
1099.380000   -2.182674
1099.381000   -2.257996
1099.382000   -2.315782
1099.383000   -2.342691
1099.384000   -2.342163
1099.385000   -2.327192
1099.386000   -2.309651
1099.387000   -2.296428
1099.388000   -2.290407
1099.389000   -2.292411
1099.390000   -2.302122
1099.391000   -2.317613
1099.392000   -2.333763
1099.393000   -2.341226
1099.394000   -2.328941
1099.395000   -2.292372
1099.396000   -2.240521
1099.397000   -2.191653
1099.398000   -2.163049
1099.399000   -2.164745
1099.400000   -2.197869
1099.401000   -2.254960
1099.402000   -2.321485
1099.403000   -2.379749
1099.404000   -2.416135
1099.405000   -2.427456
1099.406000   -2.420005
1099.407000   -2.403389
1099.408000   -2.385923
1099.409000   -2.373188
1099.410000   -2.368028
1099.411000   -2.370277
1099.412000   -2.375735
1099.413000   -2.375269
1099.414000   -2.356779
1099.415000   -2.313053
1099.416000   -2.250751
1099.417000   -2.188223
1099.418000   -2.144652
1099.419000   -2.132360
1099.420000   -2.154671
1099.421000   -2.206363
1099.422000   -2.274981
1099.423000   -2.343382
1099.424000   -2.395302
1099.425000   -2.422789
1099.426000   -2.428959
1099.427000   -2.423010
1099.428000   -2.413884
1099.429000   -2.407275
1099.430000   -2.405016
1099.431000   -2.405037
1099.432000   -2.401305
1099.433000   -2.384808
1099.434000   -2.347645
1099.435000   -2.289838
1099.436000   -2.222218
1099.437000   -2.161234
1099.438000   -2.121561
1099.439000   -2.111807
1099.440000   -2.132745
1099.441000   -2.176545
1099.442000   -2.227416
1099.443000   -2.266242
1099.444000   -2.280790
1099.445000   -2.273696
1099.446000   -2.258040
1099.447000   -2.247053
1099.448000   -2.248599
1099.449000   -2.264550
1099.450000   -2.291741
1099.451000   -2.322843
1099.452000   -2.347496
1099.453000   -2.355094
1099.454000   -2.339965
1099.455000   -2.305793
1099.456000   -2.264263
1099.457000   -2.229181
1099.458000   -2.211344
1099.459000   -2.216066
1099.460000   -2.242232
1099.461000   -2.281982
1099.462000   -2.321883
1099.463000   -2.347830
1099.464000   -2.353303
1099.465000   -2.343123
1099.466000   -2.327780
1099.467000   -2.316043
1099.468000   -2.312221
1099.469000   -2.317009
1099.470000   -2.329275
1099.471000   -2.347374
1099.472000   -2.369414
1099.473000   -2.392643
1099.474000   -2.412477
1099.475000   -2.422216
1099.476000   -2.414771
1099.477000   -2.386921
1099.478000   -2.343270
1099.479000   -2.295205
1099.480000   -2.255642
1099.481000   -2.234201
1099.482000   -2.235221
1099.483000   -2.258125
1099.484000   -2.298871
1099.485000   -2.351548
1099.486000   -2.409527
1099.487000   -2.465947
1099.488000   -2.513694
1099.489000   -2.545382
1099.490000   -2.554030
1099.491000   -2.534981
1099.492000   -2.488368
1099.493000   -2.420496
1099.494000   -2.342943
1099.495000   -2.270035
1099.496000   -2.215921
1099.497000   -2.192050
1099.498000   -2.204606
1099.499000   -2.251649
1099.500000   -2.319920
1099.501000   -2.383851
1099.502000   -2.414064
1099.503000   -2.399739
1099.504000   -2.358844
1099.505000   -2.318841
1099.506000   -2.299119
1099.507000   -2.307889
1099.508000   -2.345036
1099.509000   -2.405208
1099.510000   -2.479450
1099.511000   -2.555660
1099.512000   -2.618987
1099.513000   -2.654316
1099.514000   -2.652179
1099.515000   -2.615009
1099.516000   -2.556150
1099.517000   -2.492466
1099.518000   -2.438291
1099.519000   -2.403175
1099.520000   -2.391605
1099.521000   -2.402830
1099.522000   -2.430262
1099.523000   -2.461463
1099.524000   -2.481119
1099.525000   -2.478446
1099.526000   -2.454228
1099.527000   -2.419047
1099.528000   -2.385385
1099.529000   -2.362319
1099.530000   -2.354490
1099.531000   -2.362918
1099.532000   -2.385750
1099.533000   -2.418221
1099.534000   -2.452148
1099.535000   -2.476268
1099.536000   -2.479482
1099.537000   -2.457405
1099.538000   -2.416528
1099.539000   -2.370573
1099.540000   -2.333455
1099.541000   -2.315093
1099.542000   -2.320326
1099.543000   -2.348728
1099.544000   -2.393873
1099.545000   -2.442346
1099.546000   -2.474913
1099.547000   -2.474064
1099.548000   -2.436490
1099.549000   -2.375585
1099.550000   -2.310715
1099.551000   -2.257921
1099.551000   -2.257921
1099.552000   -2.227390
1099.553000   -2.223934
1099.554000   -2.246876
1099.555000   -2.288127
1099.556000   -2.329595
1099.557000   -2.345126
1099.558000   -2.316193
1099.559000   -2.251820
1099.560000   -2.181127
1099.561000   -2.131066
1099.562000   -2.116928
1099.563000   -2.142418
1099.564000   -2.201371
1099.565000   -2.278646
1099.566000   -2.351745
1099.567000   -2.397884
1099.568000   -2.407204
1099.569000   -2.388674
1099.570000   -2.359826
1099.571000   -2.335429
1099.572000   -2.324087
1099.573000   -2.328731
1099.574000   -2.346984
1099.575000   -2.370233
1099.576000   -2.382858
1099.577000   -2.366453
1099.578000   -2.313302
1099.579000   -2.235752
1099.580000   -2.156421
1099.581000   -2.094528
1099.582000   -2.061213
1099.583000   -2.060123
1099.584000   -2.088644
1099.585000   -2.137847
1099.586000   -2.191935
1099.587000   -2.230405
1099.588000   -2.236705
1099.589000   -2.209418
1099.590000   -2.161676
1099.591000   -2.109890
1099.592000   -2.066236
1099.593000   -2.037630
1099.594000   -2.027184
1099.595000   -2.035375
1099.596000   -2.059878
1099.597000   -2.094247
1099.598000   -2.127041
1099.599000   -2.144303
1099.600000   -2.137667
1099.601000   -2.112018
1099.602000   -2.082168
1099.603000   -2.063118
1099.604000   -2.064093
1099.605000   -2.087202
1099.606000   -2.127751
1099.607000   -2.175011
1099.608000   -2.214426
1099.609000   -2.233226
1099.610000   -2.227760
1099.611000   -2.205220
1099.612000   -2.177970
1099.613000   -2.157320
1099.614000   -2.150713
1099.615000   -2.160859
1099.616000   -2.184909
1099.617000   -2.213325
1099.618000   -2.230455
1099.619000   -2.221290
1099.620000   -2.184283
1099.621000   -2.134949
1099.622000   -2.094370
1099.623000   -2.078078
1099.624000   -2.092336
1099.625000   -2.133784
1099.626000   -2.189769
1099.627000   -2.240448
1099.628000   -2.267092
1099.629000   -2.265054
1099.630000   -2.246057
1099.631000   -2.226703
1099.632000   -2.218811
1099.633000   -2.226861
1099.634000   -2.248081
1099.635000   -2.272483
1099.636000   -2.283722
1099.637000   -2.265212
1099.638000   -2.213085
1099.639000   -2.141937
1099.640000   -2.074339
1099.641000   -2.028756
1099.642000   -2.014467
1099.643000   -2.029859
1099.644000   -2.061133
1099.645000   -2.084238
1099.646000   -2.078406
1099.647000   -2.045505
1099.648000   -2.007520
1099.649000   -1.986559
1099.650000   -1.993994
1099.651000   -2.029646
1099.652000   -2.083259
1099.653000   -2.136275
1099.654000   -2.166936
1099.655000   -2.162324
1099.656000   -2.128500
1099.657000   -2.084606
1099.658000   -2.049577
1099.659000   -2.035388
1099.660000   -2.045731
1099.661000   -2.075734
1099.662000   -2.111943
1099.663000   -2.136087
1099.664000   -2.136890
1099.665000   -2.120925
1099.666000   -2.106251
1099.667000   -2.108535
1099.668000   -2.135024
1099.669000   -2.184615
1099.670000   -2.248916
1099.671000   -2.313404
1099.672000   -2.360991
1099.673000   -2.380085
1099.674000   -2.371874
1099.675000   -2.347388
1099.676000   -2.318861
1099.677000   -2.294844
1099.678000   -2.279386
1099.679000   -2.272253
1099.680000   -2.268889
1099.681000   -2.260850
1099.682000   -2.238985
1099.683000   -2.200408
1099.684000   -2.153052
1099.685000   -2.111270
1099.686000   -2.087864
1099.687000   -2.089601
1099.688000   -2.116151
1099.689000   -2.160394
1099.690000   -2.209641
1099.691000   -2.249091
1099.692000   -2.268241
1099.693000   -2.266127
1099.694000   -2.249675
1099.695000   -2.227839
1099.696000   -2.207711
1099.697000   -2.193608
1099.698000   -2.187316
1099.699000   -2.188110
1099.700000   -2.192307
1099.701000   -2.193327
1099.702000   -2.184112
1099.703000   -2.162323
1099.704000   -2.133890
1099.705000   -2.110114
1099.706000   -2.101416
1099.707000   -2.113153
1099.708000   -2.144334
1099.709000   -2.188360
1099.710000   -2.235096
1099.711000   -2.274585
1099.712000   -2.301187
1099.713000   -2.315191
1099.714000   -2.320795
1099.715000   -2.322917
1099.716000   -2.325234
1099.717000   -2.329516
1099.718000   -2.335407
1099.719000   -2.340172
1099.720000   -2.338615
1099.721000   -2.324178
1099.722000   -2.292265
1099.723000   -2.244549
1099.724000   -2.190049
1099.725000   -2.141305
1099.726000   -2.109515
1099.727000   -2.101628
1099.728000   -2.119340
1099.729000   -2.159029
1099.730000   -2.212300
1099.731000   -2.267729
1099.732000   -2.314457
1099.733000   -2.346374
1099.734000   -2.363803
1099.735000   -2.371337
1099.736000   -2.374290
1099.737000   -2.376330
1099.738000   -2.378730
1099.739000   -2.380445
1099.740000   -2.378631
1099.741000   -2.369792
1099.742000   -2.351746
1099.743000   -2.325752
1099.744000   -2.297173
1099.745000   -2.273663
1099.746000   -2.262316
1099.747000   -2.267322
1099.748000   -2.288612
1099.749000   -2.321402
1099.750000   -2.356890
1099.751000   -2.384737
1099.752000   -2.397468
1099.753000   -2.394291
1099.754000   -2.380829
1099.755000   -2.365268
1099.756000   -2.354805
1099.757000   -2.354130
1099.758000   -2.365269
1099.759000   -2.387696
1099.760000   -2.417975
1099.761000   -2.449267
1099.762000   -2.471649
1099.763000   -2.474836
1099.764000   -2.453764
1099.765000   -2.413002
1099.766000   -2.364749
1099.767000   -2.322780
1099.768000   -2.297795
1099.769000   -2.295447
1099.770000   -2.315903
1099.771000   -2.354054
1099.772000   -2.400405
1099.773000   -2.443449
1099.774000   -2.473667
1099.775000   -2.487373
1099.776000   -2.487226
1099.777000   -2.479165
1099.778000   -2.468945
1099.779000   -2.460408
1099.780000   -2.455226
1099.781000   -2.453233
1099.782000   -2.452751
1099.783000   -2.450848
1099.784000   -2.443872
1099.785000   -2.428695
1099.786000   -2.404595
1099.787000   -2.374587
1099.788000   -2.344867
1099.789000   -2.322492
1099.790000   -2.312774
1099.791000   -2.317575
1099.792000   -2.334725
1099.793000   -2.358456
1099.794000   -2.380897
1099.795000   -2.394544
1099.796000   -2.394952
1099.797000   -2.382138
1099.798000   -2.359864
1099.799000   -2.333725
1099.800000   -2.309483
1099.801000   -2.292121
1099.802000   -2.285391
1099.803000   -2.291178
1099.804000   -2.308452
1099.805000   -2.331945
1099.806000   -2.351571
1099.807000   -2.354791
1099.808000   -2.333468
1099.809000   -2.290861
1099.810000   -2.240274
1099.811000   -2.196952
1099.812000   -2.172014
1099.813000   -2.170955
1099.814000   -2.194443
1099.815000   -2.239154
1099.816000   -2.297702
1099.817000   -2.357862
1099.818000   -2.402745
1099.819000   -2.415201
1099.820000   -2.387339
1099.821000   -2.326819
1099.822000   -2.251104
1099.823000   -2.177839
1099.824000   -2.120170
1099.825000   -2.086379
1099.826000   -2.080335
1099.827000   -2.100787
1099.828000   -2.139214
1099.829000   -2.178277
1099.830000   -2.196039
1099.831000   -2.180290
1099.832000   -2.140082
1099.833000   -2.096740
1099.834000   -2.068679
1099.835000   -2.065815
1099.836000   -2.090275
1099.837000   -2.137954
1099.838000   -2.198937
1099.839000   -2.257605
1099.840000   -2.295457
1099.841000   -2.299774
1099.842000   -2.272934
1099.843000   -2.230118
1099.844000   -2.188882
1099.845000   -2.162428
1099.846000   -2.157679
1099.847000   -2.174656
1099.848000   -2.205059
1099.849000   -2.231195
1099.850000   -2.230645
1099.851000   -2.192460
1099.852000   -2.130069
1099.853000   -2.070390
1099.854000   -2.035981
1099.855000   -2.038133
1099.856000   -2.076537
1099.857000   -2.140209
1099.858000   -2.209484
1099.859000   -2.262279
1099.860000   -2.285892
1099.861000   -2.284226
1099.862000   -2.270962
1099.863000   -2.259053
1099.864000   -2.256376
1099.865000   -2.265768
1099.866000   -2.285660
1099.867000   -2.309808
1099.868000   -2.326805
1099.869000   -2.322382
1099.870000   -2.287863
1099.871000   -2.229587
1099.872000   -2.166266
1099.873000   -2.117712
1099.874000   -2.097569
1099.875000   -2.111223
1099.876000   -2.155471
1099.877000   -2.218075
1099.878000   -2.278446
1099.879000   -2.313802
1099.880000   -2.312740
1099.881000   -2.283018
1099.882000   -2.242141
1099.883000   -2.205291
1099.884000   -2.181445
1099.885000   -2.174101
1099.886000   -2.182666
1099.887000   -2.202836
1099.888000   -2.226115
1099.889000   -2.240048
1099.890000   -2.231942
1099.891000   -2.197246
1099.892000   -2.145025
1099.893000   -2.092763
1099.894000   -2.057084
1099.895000   -2.048409
1099.896000   -2.069336
1099.897000   -2.114460
1099.898000   -2.171001
1099.899000   -2.221646
1099.900000   -2.251372
1099.901000   -2.255768
1099.902000   -2.242376
1099.903000   -2.223930
1099.904000   -2.211763
1099.905000   -2.213262
1099.906000   -2.231591
1099.907000   -2.265360
1099.908000   -2.307356
1099.909000   -2.343209
1099.910000   -2.353811
1099.911000   -2.327125
1099.912000   -2.271268
1099.913000   -2.209015
1099.914000   -2.162317
1099.915000   -2.144646
1099.916000   -2.160319
1099.917000   -2.205588
1099.918000   -2.269259
1099.919000   -2.333489
1099.920000   -2.377578
1099.921000   -2.387333
1099.922000   -2.363954
1099.923000   -2.321282
1099.924000   -2.275833
1099.925000   -2.240535
1099.926000   -2.223169
1099.927000   -2.226207
1099.928000   -2.245964
1099.929000   -2.271242
1099.930000   -2.284319
1099.931000   -2.269673
1099.932000   -2.228343
1099.933000   -2.179510
1099.934000   -2.146190
1099.935000   -2.143562
1099.936000   -2.175719
1099.937000   -2.235843
1099.938000   -2.307283
1099.939000   -2.367505
1099.940000   -2.398545
1099.941000   -2.398955
1099.942000   -2.382199
1099.943000   -2.364249
1099.944000   -2.355770
1099.945000   -2.360736
1099.946000   -2.376951
1099.947000   -2.396267
1099.948000   -2.405149
1099.949000   -2.388871
1099.950000   -2.341589
1099.951000   -2.273609
1099.952000   -2.205500
1099.953000   -2.156870
1099.954000   -2.140258
1099.955000   -2.159167
1099.956000   -2.207097
1099.957000   -2.266836
1099.958000   -2.313555
1099.959000   -2.327750
1099.960000   -2.311070
1099.961000   -2.283107
1099.962000   -2.264408
1099.963000   -2.267235
1099.964000   -2.295076
1099.965000   -2.344436
1099.966000   -2.405978
1099.967000   -2.465421
1099.968000   -2.506423
1099.969000   -2.517587
1099.970000   -2.499638
1099.971000   -2.464148
1099.972000   -2.425635
1099.973000   -2.395766
1099.974000   -2.381599
1099.975000   -2.385316
1099.976000   -2.403460
1099.977000   -2.425723
1099.978000   -2.435897
1099.979000   -2.419405
1099.980000   -2.375754
1099.981000   -2.320753
1099.982000   -2.274946
1099.983000   -2.253364
1099.984000   -2.262398
1099.985000   -2.300051
1099.986000   -2.356901
1099.987000   -2.417734
1099.988000   -2.465484
1099.989000   -2.488208
1099.990000   -2.484817
1099.991000   -2.463498
1099.992000   -2.435227
1099.993000   -2.408971
1099.994000   -2.390176
1099.995000   -2.380779
1099.996000   -2.379413
1099.997000   -2.381601
1099.998000   -2.380621
1099.999000   -2.370063
1100.000000   -2.347802
1100.001000   -2.318303
1100.002000   -2.290638
1100.003000   -2.273967
1100.004000   -2.274018
1100.005000   -2.291723
1100.006000   -2.323488
1100.007000   -2.362202
1100.008000   -2.398880
1100.009000   -2.424985
1100.010000   -2.434892
1100.011000   -2.427364
1100.012000   -2.405170
1100.013000   -2.373423
1100.014000   -2.337973
1100.015000   -2.304553
1100.016000   -2.278463
1100.017000   -2.264064
1100.018000   -2.263689
1100.019000   -2.275842
1100.020000   -2.293631
1100.021000   -2.305450
1100.022000   -2.300434
1100.023000   -2.276887
1100.024000   -2.244894
1100.025000   -2.219581
1100.026000   -2.213107
1100.027000   -2.231079
1100.028000   -2.272333
1100.029000   -2.329961
1100.030000   -2.392654
1100.031000   -2.446753
1100.032000   -2.479660
1100.033000   -2.484355
1100.034000   -2.462241
1100.035000   -2.421873
1100.036000   -2.374942
1100.037000   -2.332555
1100.038000   -2.302810
1100.039000   -2.288974
1100.040000   -2.287890
1100.041000   -2.289606
1100.042000   -2.280851
1100.043000   -2.254193
1100.044000   -2.215865
1100.045000   -2.182071
1100.046000   -2.168453
1100.047000   -2.182957
1100.048000   -2.223864
1100.049000   -2.280857
1100.050000   -2.338468
1100.051000   -2.382175
1100.051000   -2.382175
1100.052000   -2.404755
1100.053000   -2.407957
1100.054000   -2.398592
1100.055000   -2.383878
1100.056000   -2.369090
1100.057000   -2.356969
1100.058000   -2.347661
1100.059000   -2.338673
1100.060000   -2.325184
1100.061000   -2.301803
1100.062000   -2.266294
1100.063000   -2.223045
1100.064000   -2.182305
1100.065000   -2.155114
1100.066000   -2.148133
1100.067000   -2.161103
1100.068000   -2.187094
1100.069000   -2.215440
1100.070000   -2.236919
1100.071000   -2.248345
1100.072000   -2.252578
1100.073000   -2.254653
1100.074000   -2.258169
1100.075000   -2.263845
1100.076000   -2.269525
1100.077000   -2.270671
1100.078000   -2.261115
1100.079000   -2.234615
1100.080000   -2.187803
1100.081000   -2.123656
1100.082000   -2.052659
1100.083000   -1.989871
1100.084000   -1.949480
1100.085000   -1.939788
1100.086000   -1.959907
1100.087000   -1.998339
1100.088000   -2.035563
1100.089000   -2.054077
1100.090000   -2.051618
1100.091000   -2.041806
1100.092000   -2.041197
1100.093000   -2.059203
1100.094000   -2.096628
1100.095000   -2.148527
1100.096000   -2.207562
1100.097000   -2.266020
1100.098000   -2.316361
1100.099000   -2.350975
1100.100000   -2.362252
1100.101000   -2.344080
1100.102000   -2.295072
1100.103000   -2.221615
1100.104000   -2.137683
1100.105000   -2.061241
1100.106000   -2.009857
1100.107000   -1.996778
1100.108000   -2.027529
1100.109000   -2.096680
1100.110000   -2.185804
1100.111000   -2.265962
1100.112000   -2.310971
1100.113000   -2.316201
1100.114000   -2.297646
1100.115000   -2.274058
1100.116000   -2.257521
1100.117000   -2.253712
1100.118000   -2.264735
1100.119000   -2.290850
1100.120000   -2.330482
1100.121000   -2.378615
1100.122000   -2.423855
1100.123000   -2.447070
1100.124000   -2.428553
1100.125000   -2.366820
1100.126000   -2.285454
1100.127000   -2.215319
1100.128000   -2.178858
1100.129000   -2.186031
1100.130000   -2.234717
1100.131000   -2.310848
1100.132000   -2.389015
1100.133000   -2.439574
1100.134000   -2.446559
1100.135000   -2.419294
1100.136000   -2.379352
1100.137000   -2.344505
1100.138000   -2.324566
1100.139000   -2.323373
1100.140000   -2.341026
1100.141000   -2.374217
1100.142000   -2.414435
1100.143000   -2.445525
1100.144000   -2.445449
1100.145000   -2.400084
1100.146000   -2.320442
1100.147000   -2.236326
1100.148000   -2.176311
1100.149000   -2.158073
1100.150000   -2.187322
1100.151000   -2.258478
1100.152000   -2.354639
1100.153000   -2.448921
1100.154000   -2.512793
1100.155000   -2.533468
1100.156000   -2.521243
1100.157000   -2.495199
1100.158000   -2.469811
1100.159000   -2.452599
1100.160000   -2.446571
1100.161000   -2.452482
1100.162000   -2.469361
1100.163000   -2.493256
1100.164000   -2.514776
1100.165000   -2.517975
1100.166000   -2.485967
1100.167000   -2.415750
1100.168000   -2.326013
1100.169000   -2.245173
1100.170000   -2.196851
1100.171000   -2.193887
1100.172000   -2.237458
1100.173000   -2.317106
1100.174000   -2.411287
1100.175000   -2.492021
1100.176000   -2.537501
1100.177000   -2.545066
1100.178000   -2.527697
1100.179000   -2.500169
1100.180000   -2.471843
1100.181000   -2.446724
1100.182000   -2.425968
1100.183000   -2.410032
1100.184000   -2.399999
1100.185000   -2.398099
1100.186000   -2.407165
1100.187000   -2.428682
1100.188000   -2.459330
1100.189000   -2.487519
1100.190000   -2.494609
1100.191000   -2.466181
1100.192000   -2.407029
1100.193000   -2.338259
1100.194000   -2.281143
1100.195000   -2.247904
1100.196000   -2.241088
1100.197000   -2.256758
1100.198000   -2.288192
1100.199000   -2.328605
1100.200000   -2.372453
1100.201000   -2.415589
1100.202000   -2.454677
1100.203000   -2.486234
1100.204000   -2.505483
1100.205000   -2.505643
1100.206000   -2.479587
1100.207000   -2.425022
1100.208000   -2.349860
1100.209000   -2.271174
1100.210000   -2.207973
1100.211000   -2.174782
1100.212000   -2.178519
1100.213000   -2.217536
1100.214000   -2.281487
1100.215000   -2.352648
1100.216000   -2.410778
1100.217000   -2.442214
1100.218000   -2.446373
1100.219000   -2.432461
1100.220000   -2.411616
1100.221000   -2.392320
1100.222000   -2.379709
1100.223000   -2.376058
1100.224000   -2.380739
1100.225000   -2.389223
1100.226000   -2.392303
1100.227000   -2.378460
1100.228000   -2.341621
1100.229000   -2.289152
1100.230000   -2.239262
1100.231000   -2.210632
1100.232000   -2.214737
1100.233000   -2.252823
1100.234000   -2.315301
1100.235000   -2.383185
1100.236000   -2.434454
1100.237000   -2.456392
1100.238000   -2.453180
1100.239000   -2.438819
1100.240000   -2.426307
1100.241000   -2.423327
1100.242000   -2.432527
1100.243000   -2.452416
1100.244000   -2.477274
1100.245000   -2.496196
1100.246000   -2.493403
1100.247000   -2.454087
1100.248000   -2.376957
1100.249000   -2.280397
1100.250000   -2.192358
1100.251000   -2.137026
1100.252000   -2.127826
1100.253000   -2.164501
1100.254000   -2.230656
1100.255000   -2.293502
1100.256000   -2.316560
1100.257000   -2.290428
1100.258000   -2.241439
1100.259000   -2.202686
1100.260000   -2.193897
1100.261000   -2.220165
1100.262000   -2.276310
1100.263000   -2.350570
1100.264000   -2.426699
1100.265000   -2.485964
1100.266000   -2.511194
1100.267000   -2.493714
1100.268000   -2.438496
1100.269000   -2.361220
1100.270000   -2.280608
1100.271000   -2.213007
1100.272000   -2.170296
1100.273000   -2.159075
1100.274000   -2.179125
1100.275000   -2.220715
1100.276000   -2.263165
1100.277000   -2.280774
1100.278000   -2.260772
1100.279000   -2.214895
1100.280000   -2.165736
1100.281000   -2.129770
1100.282000   -2.113057
1100.283000   -2.114296
1100.284000   -2.129113
1100.285000   -2.152939
1100.286000   -2.182046
1100.287000   -2.213207
1100.288000   -2.242645
1100.289000   -2.264753
1100.290000   -2.271544
1100.291000   -2.254725
1100.292000   -2.211512
1100.293000   -2.150662
1100.294000   -2.091069
1100.295000   -2.053054
1100.296000   -2.050321
1100.297000   -2.085871
1100.298000   -2.150843
1100.299000   -2.225978
1100.300000   -2.287954
1100.301000   -2.321546
1100.302000   -2.327981
1100.303000   -2.319371
1100.304000   -2.308172
1100.305000   -2.302303
1100.306000   -2.305110
1100.307000   -2.316546
1100.308000   -2.333669
1100.309000   -2.350063
1100.310000   -2.355232
1100.311000   -2.336656
1100.312000   -2.287605
1100.313000   -2.216417
1100.314000   -2.144858
1100.315000   -2.096358
1100.316000   -2.085922
1100.317000   -2.115267
1100.318000   -2.170851
1100.319000   -2.225406
1100.320000   -2.249879
1100.321000   -2.236148
1100.322000   -2.203643
1100.323000   -2.179607
1100.324000   -2.182003
1100.325000   -2.215927
1100.326000   -2.275568
1100.327000   -2.346874
1100.328000   -2.410454
1100.329000   -2.446685
1100.330000   -2.444052
1100.331000   -2.405790
1100.332000   -2.347523
1100.333000   -2.288805
1100.334000   -2.246392
1100.335000   -2.230843
1100.336000   -2.244432
1100.337000   -2.278913
1100.338000   -2.314644
1100.339000   -2.326753
1100.340000   -2.302935
1100.341000   -2.256601
1100.342000   -2.215178
1100.343000   -2.201138
1100.344000   -2.223828
1100.345000   -2.278611
1100.346000   -2.348264
1100.347000   -2.407692
1100.348000   -2.436055
1100.349000   -2.430970
1100.350000   -2.407642
1100.351000   -2.384923
1100.352000   -2.375666
1100.353000   -2.384476
1100.354000   -2.408029
1100.355000   -2.435413
1100.356000   -2.449464
1100.357000   -2.432901
1100.358000   -2.380439
1100.359000   -2.305748
1100.360000   -2.233059
1100.361000   -2.184254
1100.362000   -2.171698
1100.363000   -2.195476
1100.364000   -2.242336
1100.365000   -2.287363
1100.366000   -2.304303
1100.367000   -2.284886
1100.368000   -2.245417
1100.369000   -2.210655
1100.370000   -2.198221
1100.371000   -2.214336
1100.372000   -2.255095
1100.373000   -2.308510
1100.374000   -2.356790
1100.375000   -2.380828
1100.376000   -2.368593
1100.377000   -2.322517
1100.378000   -2.257420
1100.379000   -2.191638
1100.380000   -2.140363
1100.381000   -2.113068
1100.382000   -2.112381
1100.383000   -2.132690
1100.384000   -2.159177
1100.385000   -2.171100
1100.386000   -2.153889
1100.387000   -2.112213
1100.388000   -2.066116
1100.389000   -2.035929
1100.390000   -2.033377
1100.391000   -2.060299
1100.392000   -2.109935
1100.393000   -2.168490
1100.394000   -2.217673
1100.395000   -2.240316
1100.396000   -2.228542
1100.397000   -2.187721
1100.398000   -2.131700
1100.399000   -2.075497
1100.400000   -2.031356
1100.401000   -2.007705
1100.402000   -2.008897
1100.403000   -2.034347
1100.404000   -2.077025
1100.405000   -2.122699
1100.406000   -2.152858
1100.407000   -2.154193
1100.408000   -2.128934
1100.409000   -2.092751
1100.410000   -2.063286
1100.411000   -2.052518
1100.412000   -2.065249
1100.413000   -2.100264
1100.414000   -2.151610
1100.415000   -2.209249
1100.416000   -2.259771
1100.417000   -2.289009
1100.418000   -2.287923
1100.419000   -2.258640
1100.420000   -2.213993
1100.421000   -2.170870
1100.422000   -2.143871
1100.423000   -2.141906
1100.424000   -2.166276
1100.425000   -2.208991
1100.426000   -2.252367
1100.427000   -2.274299
1100.428000   -2.262759
1100.429000   -2.227148
1100.430000   -2.190102
1100.431000   -2.171816
1100.432000   -2.182534
1100.433000   -2.221701
1100.434000   -2.279156
1100.435000   -2.337353
1100.436000   -2.376551
1100.437000   -2.384217
1100.438000   -2.362440
1100.439000   -2.324698
1100.440000   -2.286540
1100.441000   -2.259518
1100.442000   -2.249421
1100.443000   -2.255987
1100.444000   -2.272504
1100.445000   -2.285921
1100.446000   -2.280367
1100.447000   -2.246631
1100.448000   -2.191118
1100.449000   -2.132687
1100.450000   -2.091276
1100.451000   -2.079644
1100.452000   -2.100294
1100.453000   -2.144909
1100.454000   -2.195641
1100.455000   -2.231011
1100.456000   -2.238027
1100.457000   -2.221223
1100.458000   -2.197103
1100.459000   -2.181968
1100.460000   -2.185513
1100.461000   -2.210067
1100.462000   -2.251472
1100.463000   -2.299734
1100.464000   -2.339972
1100.465000   -2.356134
1100.466000   -2.339041
1100.467000   -2.293517
1100.468000   -2.236072
1100.469000   -2.185885
1100.470000   -2.157852
1100.471000   -2.159417
1100.472000   -2.188997
1100.473000   -2.234883
1100.474000   -2.276377
1100.475000   -2.291755
1100.476000   -2.273179
1100.477000   -2.232909
1100.478000   -2.191805
1100.479000   -2.166383
1100.480000   -2.164593
1100.481000   -2.186718
1100.482000   -2.227363
1100.483000   -2.277101
1100.484000   -2.323983
1100.485000   -2.355730
1100.486000   -2.363153
1100.487000   -2.343836
1100.488000   -2.303343
1100.489000   -2.252667
1100.490000   -2.204212
1100.491000   -2.168838
1100.492000   -2.154368
1100.493000   -2.164815
1100.494000   -2.199513
1100.495000   -2.251764
1100.496000   -2.307885
1100.497000   -2.349237
1100.498000   -2.360248
1100.499000   -2.339139
1100.500000   -2.299016
1100.501000   -2.258015
1100.502000   -2.230655
1100.503000   -2.225253
1100.504000   -2.244619
1100.505000   -2.286799
1100.506000   -2.344569
1100.507000   -2.404190
1100.508000   -2.445956
1100.509000   -2.450695
1100.510000   -2.412673
1100.511000   -2.346008
1100.512000   -2.275410
1100.513000   -2.223679
1100.514000   -2.205673
1100.515000   -2.226798
1100.516000   -2.282108
1100.517000   -2.355024
1100.518000   -2.418358
1100.519000   -2.444292
1100.520000   -2.424196
1100.521000   -2.375557
1100.522000   -2.325287
1100.523000   -2.294187
1100.524000   -2.293017
1100.525000   -2.324038
1100.526000   -2.382691
1100.527000   -2.457808
1100.528000   -2.531321
1100.529000   -2.580457
1100.530000   -2.586219
1100.531000   -2.546053
1100.532000   -2.476329
1100.533000   -2.400974
1100.534000   -2.340759
1100.535000   -2.309295
1100.536000   -2.313003
1100.537000   -2.351361
1100.538000   -2.415873
1100.539000   -2.488295
1100.540000   -2.541632
1100.541000   -2.550244
1100.542000   -2.508792
1100.543000   -2.437421
1100.544000   -2.364781
1100.545000   -2.313132
1100.546000   -2.294405
1100.547000   -2.311496
1100.548000   -2.360020
1100.549000   -2.428876
1100.550000   -2.500189
1100.551000   -2.551384
1100.551000   -2.551384
1100.552000   -2.562858
1100.553000   -2.529562
1100.554000   -2.464573
1100.555000   -2.389625
1100.556000   -2.324560
1100.557000   -2.283013
1100.558000   -2.272469
1100.559000   -2.294995
1100.560000   -2.347135
1100.561000   -2.418960
1100.562000   -2.493154
1100.563000   -2.547016
1100.564000   -2.560863
1100.565000   -2.529893
1100.566000   -2.466744
1100.567000   -2.391345
1100.568000   -2.320945
1100.569000   -2.266595
1100.570000   -2.233916
1100.571000   -2.224638
1100.572000   -2.237741
1100.573000   -2.270258
1100.574000   -2.317631
1100.575000   -2.373422
1100.576000   -2.428413
1100.577000   -2.470213
1100.578000   -2.485664
1100.579000   -2.466934
1100.580000   -2.417316
1100.581000   -2.350337
1100.582000   -2.283014
1100.583000   -2.229846
1100.584000   -2.200507
1100.585000   -2.199754
1100.586000   -2.227799
1100.587000   -2.280355
1100.588000   -2.348359
1100.589000   -2.417799
1100.590000   -2.471266
1100.591000   -2.493163
1100.592000   -2.477217
1100.593000   -2.430145
1100.594000   -2.367325
1100.595000   -2.305554
1100.596000   -2.258487
1100.597000   -2.235319
1100.598000   -2.240657
1100.599000   -2.273985
1100.600000   -2.328194
1100.601000   -2.387819
1100.602000   -2.430176
1100.603000   -2.434433
1100.604000   -2.396995
1100.605000   -2.335353
1100.606000   -2.274408
1100.607000   -2.233679
1100.608000   -2.223412
1100.609000   -2.245441
1100.610000   -2.294562
1100.611000   -2.358953
1100.612000   -2.420568
1100.613000   -2.458459
1100.614000   -2.457562
1100.615000   -2.418545
1100.616000   -2.357117
1100.617000   -2.293865
1100.618000   -2.246093
1100.619000   -2.225050
1100.620000   -2.235767
1100.621000   -2.276585
1100.622000   -2.337529
1100.623000   -2.399019
1100.624000   -2.435371
1100.625000   -2.428084
1100.626000   -2.381223
1100.627000   -2.317844
1100.628000   -2.263228
1100.629000   -2.234889
1100.630000   -2.240889
1100.631000   -2.280803
1100.632000   -2.346086
1100.633000   -2.419783
1100.634000   -2.478266
1100.635000   -2.499108
1100.636000   -2.474577
1100.637000   -2.417174
1100.638000   -2.349489
1100.639000   -2.292207
1100.640000   -2.259025
1100.641000   -2.256304
1100.642000   -2.283595
1100.643000   -2.333295
1100.644000   -2.389789
1100.645000   -2.430912
1100.646000   -2.436283
1100.647000   -2.401290
1100.648000   -2.341354
1100.649000   -2.279759
1100.650000   -2.235102
1100.651000   -2.217005
1100.652000   -2.227066
1100.653000   -2.261148
1100.654000   -2.311290
1100.655000   -2.367023
1100.656000   -2.416543
1100.657000   -2.448492
1100.658000   -2.454795
1100.659000   -2.433533
1100.660000   -2.389620
1100.661000   -2.332722
1100.662000   -2.274314
1100.663000   -2.225593
1100.664000   -2.196190
1100.665000   -2.192982
1100.666000   -2.218513
1100.667000   -2.268849
1100.668000   -2.331505
1100.669000   -2.385527
1100.670000   -2.407813
1100.671000   -2.387418
1100.672000   -2.334642
1100.673000   -2.271588
1100.674000   -2.218423
1100.675000   -2.187791
1100.676000   -2.184999
1100.677000   -2.209766
1100.678000   -2.257379
1100.679000   -2.318727
1100.680000   -2.379597
1100.681000   -2.421304
1100.682000   -2.426459
1100.683000   -2.389913
1100.684000   -2.323736
1100.685000   -2.248702
1100.686000   -2.183702
1100.687000   -2.141564
1100.688000   -2.129186
1100.689000   -2.148169
1100.690000   -2.194130
1100.691000   -2.254643
1100.692000   -2.308089
1100.693000   -2.329050
1100.694000   -2.304957
1100.695000   -2.247986
1100.696000   -2.183721
1100.697000   -2.134786
1100.698000   -2.115028
1100.699000   -2.129939
1100.700000   -2.177402
1100.701000   -2.246425
1100.702000   -2.315015
1100.703000   -2.352946
1100.704000   -2.338335
1100.705000   -2.278675
1100.706000   -2.204019
1100.707000   -2.144081
1100.708000   -2.117791
1100.709000   -2.132750
1100.710000   -2.186052
1100.711000   -2.263252
1100.712000   -2.337315
1100.713000   -2.375074
1100.714000   -2.359391
1100.715000   -2.305580
1100.716000   -2.244474
1100.717000   -2.200829
1100.718000   -2.187976
1100.719000   -2.209845
1100.720000   -2.262982
1100.721000   -2.336337
1100.722000   -2.409933
1100.723000   -2.456827
1100.724000   -2.455376
1100.725000   -2.407346
1100.726000   -2.335922
1100.727000   -2.266855
1100.728000   -2.218084
1100.729000   -2.198911
1100.730000   -2.211743
1100.731000   -2.252540
1100.732000   -2.309215
1100.733000   -2.360153
1100.734000   -2.378789
1100.735000   -2.350428
1100.736000   -2.286667
1100.737000   -2.214450
1100.738000   -2.157723
1100.739000   -2.130676
1100.740000   -2.138298
1100.741000   -2.177847
1100.742000   -2.238561
1100.743000   -2.300276
1100.744000   -2.335285
1100.745000   -2.321062
1100.746000   -2.259649
1100.747000   -2.176456
1100.748000   -2.100301
1100.749000   -2.051249
1100.750000   -2.038885
1100.751000   -2.063697
1100.752000   -2.117597
1100.753000   -2.183539
1100.754000   -2.237397
1100.755000   -2.257202
1100.756000   -2.238062
1100.757000   -2.194711
1100.758000   -2.147650
1100.759000   -2.112205
1100.760000   -2.096694
1100.761000   -2.104600
1100.762000   -2.136277
1100.763000   -2.188701
1100.764000   -2.253212
1100.765000   -2.312664
1100.766000   -2.342257
1100.767000   -2.321482
1100.768000   -2.253398
1100.769000   -2.163746
1100.770000   -2.082059
1100.771000   -2.030337
1100.772000   -2.021223
1100.773000   -2.058267
1100.774000   -2.134173
1100.775000   -2.226415
1100.776000   -2.295011
1100.777000   -2.298810
1100.778000   -2.236264
1100.779000   -2.147363
1100.780000   -2.073312
1100.781000   -2.038684
1100.782000   -2.052559
1100.783000   -2.111632
1100.784000   -2.199831
1100.785000   -2.285844
1100.786000   -2.327151
1100.787000   -2.297880
1100.788000   -2.217624
1100.789000   -2.128763
1100.790000   -2.064563
1100.791000   -2.042439
1100.792000   -2.066723
1100.793000   -2.130302
1100.794000   -2.212740
1100.795000   -2.278412
1100.796000   -2.288133
1100.797000   -2.234036
1100.798000   -2.149078
1100.799000   -2.072346
1100.800000   -2.028316
1100.801000   -2.026810
1100.802000   -2.066891
1100.803000   -2.138129
1100.804000   -2.218968
1100.805000   -2.276911
1100.806000   -2.281518
1100.807000   -2.230995
1100.808000   -2.153376
1100.809000   -2.079848
1100.810000   -2.030733
1100.811000   -2.015759
1100.812000   -2.036803
1100.813000   -2.088349
1100.814000   -2.154952
1100.815000   -2.208620
1100.816000   -2.215907
1100.817000   -2.164992
1100.818000   -2.080307
1100.819000   -1.998166
1100.820000   -1.944857
1100.821000   -1.933288
1100.822000   -1.965537
1100.823000   -2.034089
1100.824000   -2.120492
1100.825000   -2.194783
1100.826000   -2.224576
1100.827000   -2.199264
1100.828000   -2.139665
1100.829000   -2.076005
1100.830000   -2.030288
1100.831000   -2.014230
1100.832000   -2.032147
1100.833000   -2.082594
1100.834000   -2.157151
1100.835000   -2.237267
1100.836000   -2.293763
1100.837000   -2.298719
1100.838000   -2.250693
1100.839000   -2.176775
1100.840000   -2.107752
1100.841000   -2.064312
1100.842000   -2.056719
1100.843000   -2.087538
1100.844000   -2.152547
1100.845000   -2.239161
1100.846000   -2.323745
1100.847000   -2.374074
1100.848000   -2.367244
1100.849000   -2.312003
1100.850000   -2.238338
1100.851000   -2.173369
1100.852000   -2.133381
1100.853000   -2.125595
1100.854000   -2.150989
1100.855000   -2.204773
1100.856000   -2.274056
1100.857000   -2.334795
1100.858000   -2.355812
1100.859000   -2.320375
1100.860000   -2.245542
1100.861000   -2.165288
1100.862000   -2.106926
1100.863000   -2.085135
1100.864000   -2.104087
1100.865000   -2.159572
1100.866000   -2.238609
1100.867000   -2.317821
1100.868000   -2.366294
1100.869000   -2.361724
1100.870000   -2.310153
1100.871000   -2.238531
1100.872000   -2.173197
1100.873000   -2.131253
1100.874000   -2.121326
1100.875000   -2.145706
1100.876000   -2.200146
1100.877000   -2.270866
1100.878000   -2.331544
1100.879000   -2.349004
1100.880000   -2.307522
1100.881000   -2.227429
1100.882000   -2.145747
1100.883000   -2.092141
1100.884000   -2.082737
1100.885000   -2.121358
1100.886000   -2.200436
1100.887000   -2.299905
1100.888000   -2.387356
1100.889000   -2.428195
1100.890000   -2.410242
1100.891000   -2.353452
1100.892000   -2.288269
1100.893000   -2.237633
1100.894000   -2.214193
1100.895000   -2.223099
1100.896000   -2.263908
1100.897000   -2.330109
1100.898000   -2.406577
1100.899000   -2.467712
1100.900000   -2.483598
1100.901000   -2.441265
1100.902000   -2.359567
1100.903000   -2.272243
1100.904000   -2.207128
1100.905000   -2.180032
1100.906000   -2.195660
1100.907000   -2.249191
1100.908000   -2.326503
1100.909000   -2.404170
1100.910000   -2.453475
1100.911000   -2.453568
1100.912000   -2.406625
1100.913000   -2.334373
1100.914000   -2.261666
1100.915000   -2.206837
1100.916000   -2.180450
1100.917000   -2.186707
1100.918000   -2.223904
1100.919000   -2.282935
1100.920000   -2.344884
1100.921000   -2.382240
1100.922000   -2.371561
1100.923000   -2.314323
1100.924000   -2.236616
1100.925000   -2.167910
1100.926000   -2.127937
1100.927000   -2.125164
1100.928000   -2.159337
1100.929000   -2.223568
1100.930000   -2.304888
1100.931000   -2.384360
1100.932000   -2.439705
1100.933000   -2.453376
1100.934000   -2.422598
1100.935000   -2.360149
1100.936000   -2.285192
1100.937000   -2.215279
1100.938000   -2.163777
1100.939000   -2.140082
1100.940000   -2.149502
1100.941000   -2.191521
1100.942000   -2.256435
1100.943000   -2.322199
1100.944000   -2.357293
1100.945000   -2.339011
1100.946000   -2.276377
1100.947000   -2.201886
1100.948000   -2.146346
1100.949000   -2.127785
1100.950000   -2.151286
1100.951000   -2.211353
1100.952000   -2.293733
1100.953000   -2.377047
1100.954000   -2.436827
1100.955000   -2.454963
1100.956000   -2.430166
1100.957000   -2.377455
1100.958000   -2.317396
1100.959000   -2.267473
1100.960000   -2.239379
1100.961000   -2.239348
1100.962000   -2.268308
1100.963000   -2.320507
1100.964000   -2.381319
1100.965000   -2.427385
1100.966000   -2.435124
1100.967000   -2.398450
1100.968000   -2.335161
1100.969000   -2.271770
1100.970000   -2.228942
1100.971000   -2.217467
1100.972000   -2.239348
1100.973000   -2.289319
1100.974000   -2.355324
1100.975000   -2.418869
1100.976000   -2.458254
1100.977000   -2.457179
1100.978000   -2.414627
1100.979000   -2.345258
1100.980000   -2.270289
1100.981000   -2.209296
1100.982000   -2.176623
1100.983000   -2.179953
1100.984000   -2.218200
1100.985000   -2.278150
1100.986000   -2.332294
1100.987000   -2.345966
1100.988000   -2.303445
1100.989000   -2.226425
1100.990000   -2.153533
1100.991000   -2.114780
1100.992000   -2.123718
1100.993000   -2.177657
1100.994000   -2.258675
1100.995000   -2.336003
1100.996000   -2.376140
1100.997000   -2.363838
1100.998000   -2.312883
1100.999000   -2.250529
1101.000000   -2.200062
1101.001000   -2.175439
1101.002000   -2.181968
1101.003000   -2.217056
1101.004000   -2.269061
1101.005000   -2.315603
1101.006000   -2.327246
1101.007000   -2.285417
1101.008000   -2.202987
1101.009000   -2.114790
1101.010000   -2.053119
1101.011000   -2.036527
1101.012000   -2.068270
1101.013000   -2.136449
1101.014000   -2.214547
1101.015000   -2.267637
1101.016000   -2.272654
1101.017000   -2.237620
1101.018000   -2.189564
1101.019000   -2.151963
1101.020000   -2.137261
1101.021000   -2.148620
1101.022000   -2.182974
1101.023000   -2.232380
1101.024000   -2.283624
1101.025000   -2.318207
1101.026000   -2.317142
1101.027000   -2.273249
1101.028000   -2.199912
1101.029000   -2.122838
1101.030000   -2.065900
1101.031000   -2.044152
1101.032000   -2.062182
1101.033000   -2.113569
1101.034000   -2.180402
1101.035000   -2.235717
1101.036000   -2.255006
1101.037000   -2.234082
1101.038000   -2.190338
1101.039000   -2.145899
1101.040000   -2.116267
1101.041000   -2.109033
1101.042000   -2.126078
1101.043000   -2.164925
1101.044000   -2.218004
1101.045000   -2.270630
1101.046000   -2.301135
1101.047000   -2.289370
1101.048000   -2.233764
1101.049000   -2.156091
1101.050000   -2.085826
1101.051000   -2.046203
