1096.972000   -0.638487
1096.973000   -0.673080
1096.974000   -0.719686
1096.975000   -0.768569
1096.976000   -0.806692
1096.977000   -0.821757
1096.978000   -0.808488
1096.979000   -0.771953
1096.980000   -0.724158
1096.981000   -0.677892
1096.982000   -0.642833
1096.983000   -0.624619
1096.984000   -0.625405
1096.985000   -0.644644
1096.986000   -0.679562
1096.987000   -0.725214
1096.988000   -0.774321
1096.989000   -0.817543
1096.990000   -0.845178
1096.991000   -0.850633
1096.992000   -0.833853
1096.993000   -0.801462
1096.994000   -0.763379
1096.995000   -0.728994
1096.996000   -0.705186
1096.997000   -0.696010
1096.998000   -0.703002
1096.999000   -0.725318
1097.000000   -0.759479
1097.001000   -0.799027
1097.001000   -0.799027
1097.002000   -0.834837
1097.003000   -0.857051
1097.004000   -0.858759
1097.005000   -0.839542
1097.006000   -0.805852
1097.007000   -0.767931
1097.008000   -0.735988
1097.009000   -0.717855
1097.010000   -0.718214
1097.011000   -0.738614
1097.012000   -0.777580
1097.013000   -0.830478
1097.014000   -0.889188
1097.015000   -0.942354
1097.016000   -0.977601
1097.017000   -0.986367
1097.018000   -0.968670
1097.019000   -0.933005
1097.020000   -0.891435
1097.021000   -0.854800
1097.022000   -0.830634
1097.023000   -0.822987
1097.024000   -0.832723
1097.025000   -0.857466
1097.026000   -0.891191
1097.027000   -0.924252
1097.028000   -0.945213
1097.029000   -0.945125
1097.030000   -0.922243
1097.031000   -0.882879
1097.032000   -0.837610
1097.033000   -0.796709
1097.034000   -0.767704
1097.035000   -0.754924
1097.036000   -0.759894
1097.037000   -0.781753
1097.038000   -0.817413
1097.039000   -0.861494
1097.040000   -0.906248
1097.041000   -0.942217
1097.042000   -0.960491
1097.043000   -0.956240
1097.044000   -0.931277
1097.045000   -0.893165
1097.046000   -0.851680
1097.047000   -0.815560
1097.048000   -0.790945
1097.049000   -0.781105
1097.050000   -0.786590
1097.051000   -0.805241
1097.052000   -0.832083
1097.053000   -0.859586
1097.054000   -0.879045
1097.055000   -0.883287
1097.056000   -0.869630
1097.057000   -0.840988
1097.058000   -0.804257
1097.059000   -0.767553
1097.060000   -0.738125
1097.061000   -0.721458
1097.062000   -0.721076
1097.063000   -0.738423
1097.064000   -0.772522
1097.065000   -0.819312
1097.066000   -0.870971
1097.067000   -0.916071
1097.068000   -0.942007
1097.069000   -0.940314
1097.070000   -0.911724
1097.071000   -0.865644
1097.072000   -0.814639
1097.073000   -0.769358
1097.074000   -0.736591
1097.075000   -0.719546
1097.076000   -0.718738
1097.077000   -0.732608
1097.078000   -0.757691
1097.079000   -0.788584
1097.080000   -0.818256
1097.081000   -0.839213
1097.082000   -0.845586
1097.083000   -0.835253
1097.084000   -0.810647
1097.085000   -0.777708
1097.086000   -0.743864
1097.087000   -0.716206
1097.088000   -0.700387
1097.089000   -0.700146
1097.090000   -0.717158
1097.091000   -0.750930
1097.092000   -0.798616
1097.093000   -0.854607
1097.094000   -0.910060
1097.095000   -0.953360
1097.096000   -0.972936
1097.097000   -0.962475
1097.098000   -0.924840
1097.099000   -0.870472
1097.100000   -0.811993
1097.101000   -0.759900
1097.102000   -0.721190
1097.103000   -0.699779
1097.104000   -0.697191
1097.105000   -0.712922
1097.106000   -0.744435
1097.107000   -0.786968
1097.108000   -0.833437
1097.109000   -0.874939
1097.110000   -0.902487
1097.111000   -0.909978
1097.112000   -0.896860
1097.113000   -0.868270
1097.114000   -0.832467
1097.115000   -0.797665
1097.116000   -0.770103
1097.117000   -0.753518
1097.118000   -0.749379
1097.119000   -0.757230
1097.120000   -0.774836
1097.121000   -0.798108
1097.122000   -0.821142
1097.123000   -0.836918
1097.124000   -0.839108
1097.125000   -0.824466
1097.126000   -0.794243
1097.127000   -0.753497
1097.128000   -0.709055
1097.129000   -0.667645
1097.130000   -0.634988
1097.131000   -0.615537
1097.132000   -0.612379
1097.133000   -0.626986
1097.134000   -0.658750
1097.135000   -0.704355
1097.136000   -0.757118
1097.137000   -0.806807
1097.138000   -0.841265
1097.139000   -0.850634
1097.140000   -0.832504
1097.141000   -0.793407
1097.142000   -0.744858
1097.143000   -0.698104
1097.144000   -0.661265
1097.145000   -0.638939
1097.146000   -0.632873
1097.147000   -0.642626
1097.148000   -0.665740
1097.149000   -0.697492
1097.150000   -0.730745
1097.151000   -0.756760
1097.152000   -0.767624
1097.153000   -0.759535
1097.154000   -0.734662
1097.155000   -0.699990
1097.156000   -0.664196
1097.157000   -0.634885
1097.158000   -0.617206
1097.159000   -0.613618
1097.160000   -0.624299
1097.161000   -0.647739
1097.162000   -0.681272
1097.163000   -0.721372
1097.164000   -0.763670
1097.165000   -0.802862
1097.166000   -0.832924
1097.167000   -0.848041
1097.168000   -0.844307
1097.169000   -0.821364
1097.170000   -0.782776
1097.171000   -0.734818
1097.172000   -0.684584
1097.173000   -0.638440
1097.174000   -0.601276
1097.175000   -0.576355
1097.176000   -0.565403
1097.177000   -0.568746
1097.178000   -0.585472
1097.179000   -0.613573
1097.180000   -0.650027
1097.181000   -0.690869
1097.182000   -0.731379
1097.183000   -0.766576
1097.184000   -0.792147
1097.185000   -0.805668
1097.186000   -0.807572
1097.187000   -0.801198
1097.188000   -0.791820
1097.189000   -0.785244
1097.190000   -0.786609
1097.191000   -0.799601
1097.192000   -0.825935
1097.193000   -0.864851
1097.194000   -0.912556
1097.195000   -0.961767
1097.196000   -1.002152
1097.197000   -1.022718
1097.198000   -1.016257
1097.199000   -0.983222
1097.200000   -0.931339
1097.201000   -0.871325
1097.202000   -0.812683
1097.203000   -0.761909
1097.204000   -0.722618
1097.205000   -0.696410
1097.206000   -0.683709
1097.207000   -0.684249
1097.208000   -0.697236
1097.209000   -0.721232
1097.210000   -0.753846
1097.211000   -0.791360
1097.212000   -0.828544
1097.213000   -0.859184
1097.214000   -0.877692
1097.215000   -0.881395
1097.216000   -0.872048
1097.217000   -0.855261
1097.218000   -0.838214
1097.219000   -0.827306
1097.220000   -0.826856
1097.221000   -0.838749
1097.222000   -0.862486
1097.223000   -0.895199
1097.224000   -0.931555
1097.225000   -0.963863
1097.226000   -0.983132
1097.227000   -0.981670
1097.228000   -0.956505
1097.229000   -0.911072
1097.230000   -0.853403
1097.231000   -0.792565
1097.232000   -0.735982
1097.233000   -0.688614
1097.234000   -0.653464
1097.235000   -0.632289
1097.236000   -0.626075
1097.237000   -0.635214
1097.238000   -0.659386
1097.239000   -0.697047
1097.240000   -0.744493
1097.241000   -0.794839
1097.242000   -0.837894
1097.243000   -0.862582
1097.244000   -0.862021
1097.245000   -0.837877
1097.246000   -0.799639
1097.247000   -0.759597
1097.248000   -0.728230
1097.249000   -0.712291
1097.250000   -0.714852
1097.251000   -0.735807
1097.252000   -0.772111
1097.253000   -0.817576
1097.254000   -0.862534
1097.255000   -0.894502
1097.256000   -0.901494
1097.257000   -0.877665
1097.258000   -0.827025
1097.259000   -0.761112
1097.260000   -0.693297
1097.261000   -0.634699
1097.262000   -0.593083
1097.263000   -0.573305
1097.264000   -0.577945
1097.265000   -0.607439
1097.266000   -0.659575
1097.267000   -0.728208
1097.268000   -0.801495
1097.269000   -0.861566
1097.270000   -0.888974
1097.271000   -0.873754
1097.272000   -0.823617
1097.273000   -0.757518
1097.274000   -0.693764
1097.275000   -0.644264
1097.276000   -0.614862
1097.277000   -0.607449
1097.278000   -0.621631
1097.279000   -0.655484
1097.280000   -0.705353
1097.281000   -0.764644
1097.282000   -0.822320
1097.283000   -0.863044
1097.284000   -0.871939
1097.285000   -0.843551
1097.286000   -0.786274
1097.287000   -0.716363
1097.288000   -0.649529
1097.289000   -0.597172
1097.290000   -0.566413
1097.291000   -0.561202
1097.292000   -0.582903
1097.293000   -0.630133
1097.294000   -0.697963
1097.295000   -0.776831
1097.296000   -0.852239
1097.297000   -0.907289
1097.298000   -0.929565
1097.299000   -0.918467
1097.300000   -0.884958
1097.301000   -0.843918
1097.302000   -0.807531
1097.303000   -0.783198
1097.304000   -0.774245
1097.305000   -0.781114
1097.306000   -0.801957
1097.307000   -0.832542
1097.308000   -0.865712
1097.309000   -0.891442
1097.310000   -0.899058
1097.311000   -0.881947
1097.312000   -0.841740
1097.313000   -0.787675
1097.314000   -0.731973
1097.315000   -0.685686
1097.316000   -0.656952
1097.317000   -0.650927
1097.318000   -0.670083
1097.319000   -0.714055
1097.320000   -0.778839
1097.321000   -0.855378
1097.322000   -0.928326
1097.323000   -0.977934
1097.324000   -0.988237
1097.325000   -0.958062
1097.326000   -0.901828
1097.327000   -0.838767
1097.328000   -0.783820
1097.329000   -0.745310
1097.330000   -0.726401
1097.331000   -0.727141
1097.332000   -0.745742
1097.333000   -0.778969
1097.334000   -0.821672
1097.335000   -0.865753
1097.336000   -0.899829
1097.337000   -0.911618
1097.338000   -0.893480
1097.339000   -0.847379
1097.340000   -0.783967
1097.341000   -0.717119
1097.342000   -0.659305
1097.343000   -0.619796
1097.344000   -0.604630
1097.345000   -0.616808
1097.346000   -0.656173
1097.347000   -0.718916
1097.348000   -0.796589
1097.349000   -0.875275
1097.350000   -0.936551
1097.351000   -0.963047
1097.352000   -0.948019
1097.353000   -0.899819
1097.354000   -0.835364
1097.355000   -0.771080
1097.356000   -0.718688
1097.357000   -0.685156
1097.358000   -0.673919
1097.359000   -0.685612
1097.360000   -0.717944
1097.361000   -0.764932
1097.362000   -0.816140
1097.363000   -0.857414
1097.364000   -0.874752
1097.365000   -0.860934
1097.366000   -0.819813
1097.367000   -0.763529
1097.368000   -0.706038
1097.369000   -0.658640
1097.370000   -0.628681
1097.371000   -0.619949
1097.372000   -0.633269
1097.373000   -0.666769
1097.374000   -0.715689
1097.375000   -0.771956
1097.376000   -0.824400
1097.377000   -0.860723
1097.378000   -0.872030
1097.379000   -0.857367
1097.380000   -0.823748
1097.381000   -0.781812
1097.382000   -0.741453
1097.383000   -0.709894
1097.384000   -0.691551
1097.385000   -0.688368
1097.386000   -0.699797
1097.387000   -0.722346
1097.388000   -0.749294
1097.389000   -0.771697
1097.390000   -0.781387
1097.391000   -0.774909
1097.392000   -0.755401
1097.393000   -0.730673
1097.394000   -0.709456
1097.395000   -0.698643
1097.396000   -0.702217
1097.397000   -0.721176
1097.398000   -0.753743
1097.399000   -0.795601
1097.400000   -0.840256
1097.401000   -0.879900
1097.402000   -0.907098
1097.403000   -0.917015
1097.404000   -0.909007
1097.405000   -0.886422
1097.406000   -0.854899
1097.407000   -0.820397
1097.408000   -0.787991
1097.409000   -0.761372
1097.410000   -0.742734
1097.411000   -0.732741
1097.412000   -0.730535
1097.413000   -0.733850
1097.414000   -0.739435
1097.415000   -0.743849
1097.416000   -0.744463
1097.417000   -0.740164
1097.418000   -0.731504
1097.419000   -0.720268
1097.420000   -0.708844
1097.421000   -0.699619
1097.422000   -0.694506
1097.423000   -0.694595
1097.424000   -0.699966
1097.425000   -0.709705
1097.426000   -0.722254
1097.427000   -0.735958
1097.428000   -0.749633
1097.429000   -0.762880
1097.430000   -0.775976
1097.431000   -0.789449
1097.432000   -0.803551
1097.433000   -0.817826
1097.434000   -0.830902
1097.435000   -0.840442
1097.436000   -0.843386
1097.437000   -0.836606
1097.438000   -0.817987
1097.439000   -0.787588
1097.440000   -0.748159
1097.441000   -0.704577
1097.442000   -0.662577
1097.443000   -0.627544
1097.444000   -0.603839
1097.445000   -0.594550
1097.446000   -0.601243
1097.447000   -0.623552
1097.448000   -0.658539
1097.449000   -0.700201
1097.450000   -0.739884
1097.451000   -0.768414
1097.452000   -0.779537
1097.453000   -0.772469
1097.454000   -0.751468
1097.455000   -0.723028
1097.456000   -0.693274
1097.457000   -0.666859
1097.458000   -0.646987
1097.459000   -0.635764
1097.460000   -0.634413
1097.461000   -0.643235
1097.462000   -0.661405
1097.463000   -0.686829
1097.464000   -0.716192
1097.465000   -0.745287
1097.466000   -0.769796
1097.467000   -0.786222
1097.468000   -0.792540
1097.469000   -0.788459
1097.470000   -0.775280
1097.471000   -0.755558
1097.472000   -0.732705
1097.473000   -0.710569
1097.474000   -0.692945
1097.475000   -0.682973
1097.476000   -0.682562
1097.477000   -0.692095
1097.478000   -0.710386
1097.479000   -0.734798
1097.480000   -0.761463
1097.481000   -0.785725
1097.482000   -0.802640
1097.483000   -0.807713
1097.484000   -0.797931
1097.485000   -0.772878
1097.486000   -0.735302
1097.487000   -0.690615
1097.488000   -0.645509
1097.489000   -0.606513
1097.490000   -0.578984
1097.491000   -0.566626
1097.492000   -0.571168
1097.493000   -0.592054
1097.494000   -0.626244
1097.495000   -0.668344
1097.496000   -0.711337
1097.497000   -0.748159
1097.498000   -0.773893
1097.499000   -0.787521
1097.500000   -0.791984
1097.501000   -0.792512
1097.501000   -0.792512
1097.502000   -0.794419
1097.503000   -0.801527
1097.504000   -0.815376
1097.505000   -0.834902
1097.506000   -0.856302
1097.507000   -0.873217
1097.508000   -0.877865
1097.509000   -0.863729
1097.510000   -0.828951
1097.511000   -0.778032
1097.512000   -0.720350
1097.513000   -0.666626
1097.514000   -0.625924
1097.515000   -0.604278
1097.516000   -0.604467
1097.517000   -0.626208
1097.518000   -0.666148
1097.519000   -0.717481
1097.520000   -0.769538
1097.521000   -0.808769
1097.522000   -0.822912
1097.523000   -0.807621
1097.524000   -0.769914
1097.525000   -0.724087
1097.526000   -0.684582
1097.527000   -0.661608
1097.528000   -0.660588
1097.529000   -0.683363
1097.530000   -0.729293
1097.531000   -0.795553
1097.532000   -0.876281
1097.533000   -0.960366
1097.534000   -1.029330
1097.535000   -1.060214
1097.536000   -1.037938
1097.537000   -0.968166
1097.538000   -0.871897
1097.539000   -0.770401
1097.540000   -0.678008
1097.541000   -0.602755
1097.542000   -0.549022
1097.543000   -0.519264
1097.544000   -0.514709
1097.545000   -0.535471
1097.546000   -0.580354
1097.547000   -0.646399
1097.548000   -0.727977
1097.549000   -0.815306
1097.550000   -0.893546
1097.551000   -0.945033
1097.552000   -0.956863
1097.553000   -0.929711
1097.554000   -0.877428
1097.555000   -0.817879
1097.556000   -0.765517
1097.557000   -0.729459
1097.558000   -0.714537
1097.559000   -0.722665
1097.560000   -0.753462
1097.561000   -0.804113
1097.562000   -0.868667
1097.563000   -0.937063
1097.564000   -0.995273
1097.565000   -1.028795
1097.566000   -1.029518
1097.567000   -1.000631
1097.568000   -0.953995
1097.569000   -0.903194
1097.570000   -0.858803
1097.571000   -0.827352
1097.572000   -0.812072
1097.573000   -0.813642
1097.574000   -0.830325
1097.575000   -0.857531
1097.576000   -0.887290
1097.577000   -0.908834
1097.578000   -0.911777
1097.579000   -0.891274
1097.580000   -0.851258
1097.581000   -0.802145
1097.582000   -0.755483
1097.583000   -0.720187
1097.584000   -0.701590
1097.585000   -0.702090
1097.586000   -0.721860
1097.587000   -0.759012
1097.588000   -0.808948
1097.589000   -0.862913
1097.590000   -0.906984
1097.591000   -0.924183
1097.592000   -0.902224
1097.593000   -0.842557
1097.594000   -0.759762
1097.595000   -0.672256
1097.596000   -0.595065
1097.597000   -0.537901
1097.598000   -0.506250
1097.599000   -0.502700
1097.600000   -0.527525
1097.601000   -0.578754
1097.602000   -0.651717
1097.603000   -0.737777
1097.604000   -0.822561
1097.605000   -0.886272
1097.606000   -0.909860
1097.607000   -0.886972
1097.608000   -0.829440
1097.609000   -0.758176
1097.610000   -0.691963
1097.611000   -0.643282
1097.612000   -0.618951
1097.613000   -0.621817
1097.614000   -0.651709
1097.615000   -0.705343
1097.616000   -0.775310
1097.617000   -0.848710
1097.618000   -0.907195
1097.619000   -0.931781
1097.620000   -0.913015
1097.621000   -0.857658
1097.622000   -0.783093
1097.623000   -0.707219
1097.624000   -0.643349
1097.625000   -0.599852
1097.626000   -0.581390
1097.627000   -0.589896
1097.628000   -0.624841
1097.629000   -0.682693
1097.630000   -0.755532
1097.631000   -0.829518
1097.632000   -0.885728
1097.633000   -0.906845
1097.634000   -0.888109
1097.635000   -0.840882
1097.636000   -0.783719
1097.637000   -0.732634
1097.638000   -0.697759
1097.639000   -0.684358
1097.640000   -0.694712
1097.641000   -0.729036
1097.642000   -0.785325
1097.643000   -0.858099
1097.644000   -0.936170
1097.645000   -1.001220
1097.646000   -1.031393
1097.647000   -1.013258
1097.648000   -0.953086
1097.649000   -0.871685
1097.650000   -0.790660
1097.651000   -0.724970
1097.652000   -0.682717
1097.653000   -0.667279
1097.654000   -0.679051
1097.655000   -0.716297
1097.656000   -0.775169
1097.657000   -0.848771
1097.658000   -0.925376
1097.659000   -0.987661
1097.660000   -1.016340
1097.661000   -0.999797
1097.662000   -0.942347
1097.663000   -0.860409
1097.664000   -0.772022
1097.665000   -0.690481
1097.666000   -0.623917
1097.667000   -0.576985
1097.668000   -0.552039
1097.669000   -0.549721
1097.670000   -0.569290
1097.671000   -0.608835
1097.672000   -0.665325
1097.673000   -0.734279
1097.674000   -0.808763
1097.675000   -0.877801
1097.676000   -0.926156
1097.677000   -0.938595
1097.678000   -0.908545
1097.679000   -0.843215
1097.680000   -0.758606
1097.681000   -0.670890
1097.682000   -0.591911
1097.683000   -0.529112
1097.684000   -0.486863
1097.685000   -0.467403
1097.686000   -0.471288
1097.687000   -0.497543
1097.688000   -0.543630
1097.689000   -0.605215
1097.690000   -0.675628
1097.691000   -0.745053
1097.692000   -0.800492
1097.693000   -0.828512
1097.694000   -0.820924
1097.695000   -0.779728
1097.696000   -0.716088
1097.697000   -0.644514
1097.698000   -0.577780
1097.699000   -0.525186
1097.700000   -0.492923
1097.701000   -0.484694
1097.702000   -0.501984
1097.703000   -0.543997
1097.704000   -0.607197
1097.705000   -0.684148
1097.706000   -0.761745
1097.707000   -0.820816
1097.708000   -0.841193
1097.709000   -0.813125
1097.710000   -0.744663
1097.711000   -0.654797
1097.712000   -0.561947
1097.713000   -0.478673
1097.714000   -0.412390
1097.715000   -0.367376
1097.716000   -0.345923
1097.717000   -0.348665
1097.718000   -0.374655
1097.719000   -0.421546
1097.720000   -0.485814
1097.721000   -0.562673
1097.722000   -0.645257
1097.723000   -0.723238
1097.724000   -0.782660
1097.725000   -0.809400
1097.726000   -0.796280
1097.727000   -0.748233
1097.728000   -0.679360
1097.729000   -0.605492
1097.730000   -0.539182
1097.731000   -0.488763
1097.732000   -0.459285
1097.733000   -0.453335
1097.734000   -0.471410
1097.735000   -0.512075
1097.736000   -0.571939
1097.737000   -0.645369
1097.738000   -0.723793
1097.739000   -0.795044
1097.740000   -0.844573
1097.741000   -0.859976
1097.742000   -0.837176
1097.743000   -0.782682
1097.744000   -0.709232
1097.745000   -0.629637
1097.746000   -0.553620
1097.747000   -0.487862
1097.748000   -0.436974
1097.749000   -0.404265
1097.750000   -0.392154
1097.751000   -0.402381
1097.752000   -0.436114
1097.753000   -0.493852
1097.754000   -0.574944
1097.755000   -0.676450
1097.756000   -0.790766
1097.757000   -0.901537
1097.758000   -0.981235
1097.759000   -0.999750
1097.760000   -0.947446
1097.761000   -0.845059
1097.762000   -0.723126
1097.763000   -0.604191
1097.764000   -0.500182
1097.765000   -0.416524
1097.766000   -0.355305
1097.767000   -0.316877
1097.768000   -0.300730
1097.769000   -0.305913
1097.770000   -0.331293
1097.771000   -0.375754
1097.772000   -0.438242
1097.773000   -0.517478
1097.774000   -0.611150
1097.775000   -0.714352
1097.776000   -0.816882
1097.777000   -0.900438
1097.778000   -0.941695
1097.779000   -0.925882
1097.780000   -0.860544
1097.781000   -0.769507
1097.782000   -0.676612
1097.783000   -0.597750
1097.784000   -0.541380
1097.785000   -0.511265
1097.786000   -0.508321
1097.787000   -0.531567
1097.788000   -0.578485
1097.789000   -0.644951
1097.790000   -0.724712
1097.791000   -0.808309
1097.792000   -0.882006
1097.793000   -0.929226
1097.794000   -0.936865
1097.795000   -0.903712
1097.796000   -0.841689
1097.797000   -0.768160
1097.798000   -0.698380
1097.799000   -0.642778
1097.800000   -0.607616
1097.801000   -0.596366
1097.802000   -0.610470
1097.803000   -0.649432
1097.804000   -0.710164
1097.805000   -0.785380
1097.806000   -0.861312
1097.807000   -0.917359
1097.808000   -0.932579
1097.809000   -0.899101
1097.810000   -0.828719
1097.811000   -0.742899
1097.812000   -0.660633
1097.813000   -0.594084
1097.814000   -0.549543
1097.815000   -0.529741
1097.816000   -0.535183
1097.817000   -0.564714
1097.818000   -0.615611
1097.819000   -0.683239
1097.820000   -0.760044
1097.821000   -0.834189
1097.822000   -0.889851
1097.823000   -0.911792
1097.824000   -0.893765
1097.825000   -0.843204
1097.826000   -0.776004
1097.827000   -0.708057
1097.828000   -0.651001
1097.829000   -0.612133
1097.830000   -0.595724
1097.831000   -0.603947
1097.832000   -0.636997
1097.833000   -0.692381
1097.834000   -0.763266
1097.835000   -0.836268
1097.836000   -0.891320
1097.837000   -0.907812
1097.838000   -0.877329
1097.839000   -0.810356
1097.840000   -0.727320
1097.841000   -0.646672
1097.842000   -0.580295
1097.843000   -0.534446
1097.844000   -0.512019
1097.845000   -0.514045
1097.846000   -0.540429
1097.847000   -0.590197
1097.848000   -0.661170
1097.849000   -0.748693
1097.850000   -0.843003
1097.851000   -0.926375
1097.852000   -0.974758
1097.853000   -0.970071
1097.854000   -0.916210
1097.855000   -0.835965
1097.856000   -0.753663
1097.857000   -0.685786
1097.858000   -0.640701
1097.859000   -0.621470
1097.860000   -0.628173
1097.861000   -0.658802
1097.862000   -0.709041
1097.863000   -0.771100
1097.864000   -0.832279
1097.865000   -0.875438
1097.866000   -0.884334
1097.867000   -0.853023
1097.868000   -0.790293
1097.869000   -0.713283
1097.870000   -0.638465
1097.871000   -0.577487
1097.872000   -0.537376
1097.873000   -0.521935
1097.874000   -0.532816
1097.875000   -0.570058
1097.876000   -0.632181
1097.877000   -0.715545
1097.878000   -0.812335
1097.879000   -0.906911
1097.880000   -0.973852
1097.881000   -0.985930
1097.882000   -0.935622
1097.883000   -0.843891
1097.884000   -0.741025
1097.885000   -0.649887
1097.886000   -0.583191
1097.887000   -0.546865
1097.888000   -0.543064
1097.889000   -0.571534
1097.890000   -0.629810
1097.891000   -0.712406
1097.892000   -0.808719
1097.893000   -0.899925
1097.894000   -0.958860
1097.895000   -0.960422
1097.896000   -0.901561
1097.897000   -0.804558
1097.898000   -0.697943
1097.899000   -0.603008
1097.900000   -0.531989
1097.901000   -0.491041
1097.902000   -0.482859
1097.903000   -0.507899
1097.904000   -0.564610
1097.905000   -0.648695
1097.906000   -0.750739
1097.907000   -0.851889
1097.908000   -0.922424
1097.909000   -0.933187
1097.910000   -0.880465
1097.911000   -0.789281
1097.912000   -0.688938
1097.913000   -0.598741
1097.914000   -0.528105
1097.915000   -0.481064
1097.916000   -0.459450
1097.917000   -0.464031
1097.918000   -0.494735
1097.919000   -0.550395
1097.920000   -0.627957
1097.921000   -0.720688
1097.922000   -0.815161
1097.923000   -0.889773
1097.924000   -0.920459
1097.925000   -0.896104
1097.926000   -0.828757
1097.927000   -0.742895
1097.928000   -0.660434
1097.929000   -0.595490
1097.930000   -0.555656
1097.931000   -0.544476
1097.932000   -0.562735
1097.933000   -0.608644
1097.934000   -0.677227
1097.935000   -0.759055
1097.936000   -0.838962
1097.937000   -0.897166
1097.938000   -0.916270
1097.939000   -0.891870
1097.940000   -0.835754
1097.941000   -0.767085
1097.942000   -0.702642
1097.943000   -0.653124
1097.944000   -0.623884
1097.945000   -0.616603
1097.946000   -0.630518
1097.947000   -0.663042
1097.948000   -0.709699
1097.949000   -0.763501
1097.950000   -0.814384
1097.951000   -0.850333
1097.952000   -0.861351
1097.953000   -0.844644
1097.954000   -0.806337
1097.955000   -0.757782
1097.956000   -0.710505
1097.957000   -0.673453
1097.958000   -0.652546
1097.959000   -0.651181
1097.960000   -0.670548
1097.961000   -0.709402
1097.962000   -0.763369
1097.963000   -0.823971
1097.964000   -0.878367
1097.965000   -0.911541
1097.966000   -0.912185
1097.967000   -0.879193
1097.968000   -0.822038
1097.969000   -0.754703
1097.970000   -0.689553
1097.971000   -0.635041
1097.972000   -0.596242
1097.973000   -0.576069
1097.974000   -0.576267
1097.975000   -0.597824
1097.976000   -0.640621
1097.977000   -0.702233
1097.978000   -0.775810
1097.979000   -0.847768
1097.980000   -0.898483
1097.981000   -0.909659
1097.982000   -0.876652
1097.983000   -0.812519
1097.984000   -0.738110
1097.985000   -0.671369
1097.986000   -0.623473
1097.987000   -0.599692
1097.988000   -0.601109
1097.989000   -0.625753
1097.990000   -0.669151
1097.991000   -0.724411
1097.992000   -0.781913
1097.993000   -0.829239
1097.994000   -0.852996
1097.995000   -0.843842
1097.996000   -0.802070
1097.997000   -0.738037
1097.998000   -0.666659
1097.999000   -0.601505
1098.000000   -0.552186
1098.001000   -0.524432
1098.001000   -0.524432
1098.002000   -0.520933
1098.003000   -0.541744
1098.004000   -0.584039
1098.005000   -0.641233
1098.006000   -0.701830
1098.007000   -0.749635
1098.008000   -0.767998
1098.009000   -0.748423
1098.010000   -0.696672
1098.011000   -0.628805
1098.012000   -0.562294
1098.013000   -0.510478
1098.014000   -0.481354
1098.015000   -0.478380
1098.016000   -0.501581
1098.017000   -0.548366
1098.018000   -0.613724
1098.019000   -0.689416
1098.020000   -0.762698
1098.021000   -0.816735
1098.022000   -0.835564
1098.023000   -0.813018
1098.024000   -0.757236
1098.025000   -0.684922
1098.026000   -0.612815
1098.027000   -0.553555
1098.028000   -0.515356
1098.029000   -0.502957
1098.030000   -0.518143
1098.031000   -0.559634
1098.032000   -0.622687
1098.033000   -0.698471
1098.034000   -0.773585
1098.035000   -0.831354
1098.036000   -0.856934
1098.037000   -0.844751
1098.038000   -0.801639
1098.039000   -0.741723
1098.040000   -0.678847
1098.041000   -0.622551
1098.042000   -0.577944
1098.043000   -0.547269
1098.044000   -0.531513
1098.045000   -0.531510
1098.046000   -0.548380
1098.047000   -0.583304
1098.048000   -0.636761
1098.049000   -0.707407
1098.050000   -0.790667
1098.051000   -0.877088
1098.052000   -0.951444
1098.053000   -0.995700
1098.054000   -0.997539
1098.055000   -0.959242
1098.056000   -0.896297
1098.057000   -0.827598
1098.058000   -0.767941
1098.059000   -0.725950
1098.060000   -0.705178
1098.061000   -0.705839
1098.062000   -0.726085
1098.063000   -0.762644
1098.064000   -0.810801
1098.065000   -0.863735
1098.066000   -0.911899
1098.067000   -0.943902
1098.068000   -0.949926
1098.069000   -0.926406
1098.070000   -0.878164
1098.071000   -0.815878
1098.072000   -0.751582
1098.073000   -0.695676
1098.074000   -0.655941
1098.075000   -0.637379
1098.076000   -0.642171
1098.077000   -0.669605
1098.078000   -0.715979
1098.079000   -0.774305
1098.080000   -0.833921
1098.081000   -0.881143
1098.082000   -0.902666
1098.083000   -0.891787
1098.084000   -0.852743
1098.085000   -0.798095
1098.086000   -0.742132
1098.087000   -0.696221
1098.088000   -0.667755
1098.089000   -0.660865
1098.090000   -0.677052
1098.091000   -0.714979
1098.092000   -0.769432
1098.093000   -0.829969
1098.094000   -0.880867
1098.095000   -0.904638
1098.096000   -0.890104
1098.097000   -0.839542
1098.098000   -0.766783
1098.099000   -0.689110
1098.100000   -0.621203
1098.101000   -0.573198
1098.102000   -0.551044
1098.103000   -0.557092
1098.104000   -0.590371
1098.105000   -0.646263
1098.106000   -0.715355
1098.107000   -0.782016
1098.108000   -0.825768
1098.109000   -0.829452
1098.110000   -0.791337
1098.111000   -0.726754
1098.112000   -0.656524
1098.113000   -0.597032
1098.114000   -0.557828
1098.115000   -0.543304
1098.116000   -0.554685
1098.117000   -0.590977
1098.118000   -0.648854
1098.119000   -0.721706
1098.120000   -0.798320
1098.121000   -0.862796
1098.122000   -0.898215
1098.123000   -0.894829
1098.124000   -0.857048
1098.125000   -0.800766
1098.126000   -0.744371
1098.127000   -0.702383
1098.128000   -0.683589
1098.129000   -0.691336
1098.130000   -0.724131
1098.131000   -0.775752
1098.132000   -0.834995
1098.133000   -0.886262
1098.134000   -0.913150
1098.135000   -0.905947
1098.136000   -0.867718
1098.137000   -0.811577
1098.138000   -0.752458
1098.139000   -0.701552
1098.140000   -0.665311
1098.141000   -0.646855
1098.142000   -0.647636
1098.143000   -0.668280
1098.144000   -0.708437
1098.145000   -0.765843
1098.146000   -0.834854
1098.147000   -0.905024
1098.148000   -0.961384
1098.149000   -0.988710
1098.150000   -0.979585
1098.151000   -0.939708
1098.152000   -0.884127
1098.153000   -0.829071
1098.154000   -0.786773
1098.155000   -0.764387
1098.156000   -0.764855
1098.157000   -0.787930
1098.158000   -0.830712
1098.159000   -0.887518
1098.160000   -0.949170
1098.161000   -1.002768
1098.162000   -1.034092
1098.163000   -1.033440
1098.164000   -1.001284
1098.165000   -0.947668
1098.166000   -0.886079
1098.167000   -0.828115
1098.168000   -0.781672
1098.169000   -0.751460
1098.170000   -0.739934
1098.171000   -0.747730
1098.172000   -0.773599
1098.173000   -0.814097
1098.174000   -0.863225
1098.175000   -0.912325
1098.176000   -0.950966
1098.177000   -0.969586
1098.178000   -0.963378
1098.179000   -0.934806
1098.180000   -0.892303
1098.181000   -0.846287
1098.182000   -0.805695
1098.183000   -0.776490
1098.184000   -0.761680
1098.185000   -0.761845
1098.186000   -0.775544
1098.187000   -0.799396
1098.188000   -0.828044
1098.189000   -0.854528
1098.190000   -0.871630
1098.191000   -0.874135
1098.192000   -0.860884
1098.193000   -0.835148
1098.194000   -0.803098
1098.195000   -0.771681
1098.196000   -0.747073
1098.197000   -0.733902
1098.198000   -0.734927
1098.199000   -0.750835
1098.200000   -0.779998
1098.201000   -0.818142
1098.202000   -0.858112
1098.203000   -0.890376
1098.204000   -0.905315
1098.205000   -0.897219
1098.206000   -0.867429
1098.207000   -0.823558
1098.208000   -0.775541
1098.209000   -0.732030
1098.210000   -0.698894
1098.211000   -0.679319
1098.212000   -0.674426
1098.213000   -0.683639
1098.214000   -0.704550
1098.215000   -0.732525
1098.216000   -0.760550
1098.217000   -0.780167
1098.218000   -0.783980
1098.219000   -0.768868
1098.220000   -0.737649
1098.221000   -0.697755
1098.222000   -0.658112
1098.223000   -0.626423
1098.224000   -0.607861
1098.225000   -0.604947
1098.226000   -0.618002
1098.227000   -0.645744
1098.228000   -0.685727
1098.229000   -0.734346
1098.230000   -0.786354
1098.231000   -0.834347
1098.232000   -0.869305
1098.233000   -0.883209
1098.234000   -0.873037
1098.235000   -0.842865
1098.236000   -0.801825
1098.237000   -0.760173
1098.238000   -0.726543
1098.239000   -0.706965
1098.240000   -0.704723
1098.241000   -0.720247
1098.242000   -0.750741
1098.243000   -0.789857
1098.244000   -0.828020
1098.245000   -0.854283
1098.246000   -0.860090
1098.247000   -0.843414
1098.248000   -0.809912
1098.249000   -0.769956
1098.250000   -0.734257
1098.251000   -0.710921
1098.252000   -0.704529
1098.253000   -0.716425
1098.254000   -0.745303
1098.255000   -0.787539
1098.256000   -0.837123
1098.257000   -0.885666
1098.258000   -0.923448
1098.259000   -0.942278
1098.260000   -0.939100
1098.261000   -0.917358
1098.262000   -0.884754
1098.263000   -0.849706
1098.264000   -0.819096
1098.265000   -0.797670
1098.266000   -0.788143
1098.267000   -0.791265
1098.268000   -0.805666
1098.269000   -0.827680
1098.270000   -0.851577
1098.271000   -0.870649
1098.272000   -0.879258
1098.273000   -0.875123
1098.274000   -0.860432
1098.275000   -0.840819
1098.276000   -0.822930
1098.277000   -0.812153
1098.278000   -0.811453
1098.279000   -0.821269
1098.280000   -0.839989
1098.281000   -0.864598
1098.282000   -0.891241
1098.283000   -0.915725
1098.284000   -0.934101
1098.285000   -0.943428
1098.286000   -0.942550
1098.287000   -0.932480
1098.288000   -0.916159
1098.289000   -0.897710
1098.290000   -0.881560
1098.291000   -0.871656
1098.292000   -0.870818
1098.293000   -0.880192
1098.294000   -0.898786
1098.295000   -0.923209
1098.296000   -0.947833
1098.297000   -0.965698
1098.298000   -0.970425
1098.299000   -0.958699
1098.300000   -0.931879
1098.301000   -0.895449
1098.302000   -0.856693
1098.303000   -0.822261
1098.304000   -0.796783
1098.305000   -0.782600
1098.306000   -0.780101
1098.307000   -0.788118
1098.308000   -0.804082
1098.309000   -0.823935
1098.310000   -0.842131
1098.311000   -0.852210
1098.312000   -0.848333
1098.313000   -0.827427
1098.314000   -0.790617
1098.315000   -0.742822
1098.316000   -0.690972
1098.317000   -0.642033
1098.318000   -0.601637
1098.319000   -0.573429
1098.320000   -0.558928
1098.321000   -0.557704
1098.322000   -0.567784
1098.323000   -0.586172
1098.324000   -0.609359
1098.325000   -0.633743
1098.326000   -0.655916
1098.327000   -0.672916
1098.328000   -0.682541
1098.329000   -0.683761
1098.330000   -0.677038
1098.331000   -0.664295
1098.332000   -0.648519
1098.333000   -0.633190
1098.334000   -0.621749
1098.335000   -0.617143
1098.336000   -0.621341
1098.337000   -0.634764
1098.338000   -0.655736
1098.339000   -0.680235
1098.340000   -0.702322
1098.341000   -0.715601
1098.342000   -0.715593
1098.343000   -0.701940
1098.344000   -0.678880
1098.345000   -0.653497
1098.346000   -0.632998
1098.347000   -0.622555
1098.348000   -0.624426
1098.349000   -0.638033
1098.350000   -0.660519
1098.351000   -0.687482
1098.352000   -0.713821
1098.353000   -0.734722
1098.354000   -0.746713
1098.355000   -0.748502
1098.356000   -0.741235
1098.357000   -0.727983
1098.358000   -0.712752
1098.359000   -0.699515
1098.360000   -0.691511
1098.361000   -0.690818
1098.362000   -0.698000
1098.363000   -0.711777
1098.364000   -0.728905
1098.365000   -0.744537
1098.366000   -0.753353
1098.367000   -0.751270
1098.368000   -0.737074
1098.369000   -0.712949
1098.370000   -0.683557
1098.371000   -0.654331
1098.372000   -0.629935
1098.373000   -0.613478
1098.374000   -0.606512
1098.375000   -0.609506
1098.376000   -0.622402
1098.377000   -0.644920
1098.378000   -0.676475
1098.379000   -0.715664
1098.380000   -0.759527
1098.381000   -0.803029
1098.382000   -0.839464
1098.383000   -0.862249
1098.384000   -0.867512
1098.385000   -0.855948
1098.386000   -0.832541
1098.387000   -0.804467
1098.388000   -0.778695
1098.389000   -0.760331
1098.390000   -0.751923
1098.391000   -0.753514
1098.392000   -0.763216
1098.393000   -0.777993
1098.394000   -0.794457
1098.395000   -0.809489
1098.396000   -0.820673
1098.397000   -0.826468
1098.398000   -0.826144
1098.399000   -0.819629
1098.400000   -0.807473
1098.401000   -0.790942
1098.402000   -0.772083
1098.403000   -0.753566
1098.404000   -0.738263
1098.405000   -0.728618
1098.406000   -0.725979
1098.407000   -0.730080
1098.408000   -0.738905
1098.409000   -0.749077
1098.410000   -0.756753
1098.411000   -0.758764
1098.412000   -0.753635
1098.413000   -0.742037
1098.414000   -0.726481
1098.415000   -0.710376
1098.416000   -0.696870
1098.417000   -0.687977
1098.418000   -0.684301
1098.419000   -0.685306
1098.420000   -0.689870
1098.421000   -0.696778
1098.422000   -0.704969
1098.423000   -0.713469
1098.424000   -0.721147
1098.425000   -0.726597
1098.426000   -0.728394
1098.427000   -0.725662
1098.428000   -0.718609
1098.429000   -0.708747
1098.430000   -0.698645
1098.431000   -0.691316
1098.432000   -0.689437
1098.433000   -0.694587
1098.434000   -0.706682
1098.435000   -0.723748
1098.436000   -0.742141
1098.437000   -0.757314
1098.438000   -0.765102
1098.439000   -0.763212
1098.440000   -0.752157
1098.441000   -0.735017
1098.442000   -0.716129
1098.443000   -0.699592
1098.444000   -0.688316
1098.445000   -0.683807
1098.446000   -0.686383
1098.447000   -0.695439
1098.448000   -0.709620
1098.449000   -0.726890
1098.450000   -0.744670
1098.451000   -0.760172
1098.452000   -0.770966
1098.453000   -0.775677
1098.454000   -0.774467
1098.455000   -0.769019
1098.456000   -0.761957
1098.457000   -0.755899
1098.458000   -0.752536
1098.459000   -0.752052
1098.460000   -0.753060
1098.461000   -0.753099
1098.462000   -0.749561
1098.463000   -0.740718
1098.464000   -0.726447
1098.465000   -0.708344
1098.466000   -0.689162
1098.467000   -0.671839
1098.468000   -0.658542
1098.469000   -0.650115
1098.470000   -0.646109
1098.471000   -0.645296
1098.472000   -0.646379
1098.473000   -0.648573
1098.474000   -0.651852
1098.475000   -0.656804
1098.476000   -0.664228
1098.477000   -0.674649
1098.478000   -0.687983
1098.479000   -0.703504
1098.480000   -0.720089
1098.481000   -0.736570
1098.482000   -0.752024
1098.483000   -0.765889
1098.484000   -0.777869
1098.485000   -0.787707
1098.486000   -0.794972
1098.487000   -0.799046
1098.488000   -0.799371
1098.489000   -0.795839
1098.490000   -0.789079
1098.491000   -0.780432
1098.492000   -0.771587
1098.493000   -0.764061
1098.494000   -0.758748
1098.495000   -0.755724
1098.496000   -0.754383
1098.497000   -0.753842
1098.498000   -0.753467
1098.499000   -0.753232
1098.500000   -0.753754
1098.501000   -0.755967
1098.501000   -0.755967
1098.502000   -0.760659
1098.503000   -0.768114
1098.504000   -0.778014
1098.505000   -0.789609
1098.506000   -0.801999
1098.507000   -0.814390
1098.508000   -0.826191
1098.509000   -0.836944
1098.510000   -0.846149
1098.511000   -0.853086
1098.512000   -0.856805
1098.513000   -0.856327
1098.514000   -0.851017
1098.515000   -0.840973
1098.516000   -0.827235
1098.517000   -0.811694
1098.518000   -0.796730
1098.519000   -0.784723
1098.520000   -0.777603
1098.521000   -0.776494
1098.522000   -0.781534
1098.523000   -0.791882
1098.524000   -0.805975
1098.525000   -0.821892
1098.526000   -0.837701
1098.527000   -0.851743
1098.528000   -0.862788
1098.529000   -0.870145
1098.530000   -0.873735
1098.531000   -0.874119
1098.532000   -0.872454
1098.533000   -0.870307
1098.534000   -0.869336
1098.535000   -0.870907
1098.536000   -0.875685
1098.537000   -0.883337
1098.538000   -0.892446
1098.539000   -0.900713
1098.540000   -0.905517
1098.541000   -0.904749
1098.542000   -0.897642
1098.543000   -0.885186
1098.544000   -0.869888
1098.545000   -0.854946
1098.546000   -0.843230
1098.547000   -0.836455
1098.548000   -0.834850
1098.549000   -0.837329
1098.550000   -0.842024
1098.551000   -0.846922
1098.552000   -0.850387
1098.553000   -0.851387
1098.554000   -0.849464
1098.555000   -0.844574
1098.556000   -0.836947
1098.557000   -0.827063
1098.558000   -0.815735
1098.559000   -0.804204
1098.560000   -0.794090
1098.561000   -0.787091
1098.562000   -0.784472
1098.563000   -0.786475
1098.564000   -0.791895
1098.565000   -0.798034
1098.566000   -0.801227
1098.567000   -0.798006
1098.568000   -0.786447
1098.569000   -0.767073
1098.570000   -0.742752
1098.571000   -0.717669
1098.572000   -0.696017
1098.573000   -0.680975
1098.574000   -0.674263
1098.575000   -0.676186
1098.576000   -0.685973
1098.577000   -0.702159
1098.578000   -0.722794
1098.579000   -0.745450
1098.580000   -0.767201
1098.581000   -0.784846
1098.582000   -0.795559
1098.583000   -0.797813
1098.584000   -0.792088
1098.585000   -0.780892
1098.586000   -0.768088
1098.587000   -0.757839
1098.588000   -0.753590
1098.589000   -0.757255
1098.590000   -0.768711
1098.591000   -0.785657
1098.592000   -0.803953
1098.593000   -0.818538
1098.594000   -0.824847
1098.595000   -0.820362
1098.596000   -0.805569
1098.597000   -0.783738
1098.598000   -0.759638
1098.599000   -0.737958
1098.600000   -0.722151
1098.601000   -0.713975
1098.602000   -0.713601
1098.603000   -0.720009
1098.604000   -0.731441
1098.605000   -0.745733
1098.606000   -0.760505
1098.607000   -0.773345
1098.608000   -0.782084
1098.609000   -0.785226
1098.610000   -0.782346
1098.611000   -0.774298
1098.612000   -0.763114
1098.613000   -0.751646
1098.614000   -0.743025
1098.615000   -0.740032
1098.616000   -0.744440
1098.617000   -0.756442
1098.618000   -0.774346
1098.619000   -0.794718
1098.620000   -0.813072
1098.621000   -0.825036
1098.622000   -0.827704
1098.623000   -0.820566
1098.624000   -0.805502
1098.625000   -0.785850
1098.626000   -0.765178
1098.627000   -0.746424
1098.628000   -0.731683
1098.629000   -0.722472
1098.630000   -0.720082
1098.631000   -0.725656
1098.632000   -0.739825
1098.633000   -0.761999
1098.634000   -0.789665
1098.635000   -0.818162
1098.636000   -0.841390
1098.637000   -0.853566
1098.638000   -0.851471
1098.639000   -0.835914
1098.640000   -0.811417
1098.641000   -0.784383
1098.642000   -0.760984
1098.643000   -0.745692
1098.644000   -0.740730
1098.645000   -0.746196
1098.646000   -0.760598
1098.647000   -0.781510
1098.648000   -0.806123
1098.649000   -0.831543
1098.650000   -0.854854
1098.651000   -0.873227
1098.652000   -0.884254
1098.653000   -0.886547
1098.654000   -0.880298
1098.655000   -0.867486
1098.656000   -0.851530
1098.657000   -0.836500
1098.658000   -0.826173
1098.659000   -0.823106
1098.660000   -0.827956
1098.661000   -0.839168
1098.662000   -0.853129
1098.663000   -0.864925
1098.664000   -0.869622
1098.665000   -0.863766
1098.666000   -0.846471
1098.667000   -0.819487
1098.668000   -0.786227
1098.669000   -0.750391
1098.670000   -0.714950
1098.671000   -0.681848
1098.672000   -0.652273
1098.673000   -0.627176
1098.674000   -0.607686
1098.675000   -0.595183
1098.676000   -0.590893
1098.677000   -0.595230
1098.678000   -0.607202
1098.679000   -0.624193
1098.680000   -0.642330
1098.681000   -0.657412
1098.682000   -0.666155
1098.683000   -0.667258
1098.684000   -0.661829
1098.685000   -0.652940
1098.686000   -0.644537
1098.687000   -0.640257
1098.688000   -0.642665
1098.689000   -0.653008
1098.690000   -0.671341
1098.691000   -0.696752
1098.692000   -0.727435
1098.693000   -0.760558
1098.694000   -0.792152
1098.695000   -0.817408
1098.696000   -0.831658
1098.697000   -0.831825
1098.698000   -0.817597
1098.699000   -0.791616
1098.700000   -0.758622
1098.701000   -0.724197
1098.702000   -0.693626
1098.703000   -0.671041
1098.704000   -0.658846
1098.705000   -0.657430
1098.706000   -0.665195
1098.707000   -0.678914
1098.708000   -0.694474
1098.709000   -0.707850
1098.710000   -0.716094
1098.711000   -0.718010
1098.712000   -0.714269
1098.713000   -0.706920
1098.714000   -0.698662
1098.715000   -0.692167
1098.716000   -0.689687
1098.717000   -0.692905
1098.718000   -0.702868
1098.719000   -0.719876
1098.720000   -0.743268
1098.721000   -0.771223
1098.722000   -0.800777
1098.723000   -0.828148
1098.724000   -0.849442
1098.725000   -0.861546
1098.726000   -0.863003
1098.727000   -0.854521
1098.728000   -0.838848
1098.729000   -0.819927
1098.730000   -0.801756
1098.731000   -0.787377
1098.732000   -0.778372
1098.733000   -0.774907
1098.734000   -0.776202
1098.735000   -0.781138
1098.736000   -0.788711
1098.737000   -0.798151
1098.738000   -0.808687
1098.739000   -0.819208
1098.740000   -0.828179
1098.741000   -0.833957
1098.742000   -0.835424
1098.743000   -0.832615
1098.744000   -0.826927
1098.745000   -0.820775
1098.746000   -0.816799
1098.747000   -0.816974
1098.748000   -0.821918
1098.749000   -0.830620
1098.750000   -0.840603
1098.751000   -0.848483
1098.752000   -0.850809
1098.753000   -0.845040
1098.754000   -0.830339
1098.755000   -0.807860
1098.756000   -0.780331
1098.757000   -0.751215
1098.758000   -0.723868
1098.759000   -0.700981
1098.760000   -0.684438
1098.761000   -0.675382
1098.762000   -0.674273
1098.763000   -0.680741
1098.764000   -0.693173
1098.765000   -0.708360
1098.766000   -0.721631
1098.767000   -0.727918
1098.768000   -0.723543
1098.769000   -0.707893
1098.770000   -0.683861
1098.771000   -0.656753
1098.772000   -0.632445
1098.773000   -0.615739
1098.774000   -0.609401
1098.775000   -0.613896
1098.776000   -0.627576
1098.777000   -0.647140
1098.778000   -0.668212
1098.779000   -0.686120
1098.780000   -0.696875
1098.781000   -0.698243
1098.782000   -0.690520
1098.783000   -0.676535
1098.784000   -0.660695
1098.785000   -0.647572
1098.786000   -0.640627
1098.787000   -0.641501
1098.788000   -0.649835
1098.789000   -0.663534
1098.790000   -0.679326
1098.791000   -0.693543
1098.792000   -0.703050
1098.793000   -0.706087
1098.794000   -0.702723
1098.795000   -0.694706
1098.796000   -0.684871
1098.797000   -0.676426
1098.798000   -0.672419
1098.799000   -0.675324
1098.800000   -0.686789
1098.801000   -0.707483
1098.802000   -0.736988
1098.803000   -0.773610
1098.804000   -0.814079
1098.805000   -0.853230
1098.806000   -0.884142
1098.807000   -0.899469
1098.808000   -0.894094
1098.809000   -0.867793
1098.810000   -0.825693
1098.811000   -0.776023
1098.812000   -0.727134
1098.813000   -0.685629
1098.814000   -0.655947
1098.815000   -0.640669
1098.816000   -0.640884
1098.817000   -0.656312
1098.818000   -0.685211
1098.819000   -0.724244
1098.820000   -0.768433
1098.821000   -0.811470
1098.822000   -0.846539
1098.823000   -0.867930
1098.824000   -0.872973
1098.825000   -0.863130
1098.826000   -0.843282
1098.827000   -0.819697
1098.828000   -0.798070
1098.829000   -0.782467
1098.830000   -0.775117
1098.831000   -0.776579
1098.832000   -0.785869
1098.833000   -0.800392
1098.834000   -0.815864
1098.835000   -0.826697
1098.836000   -0.827315
1098.837000   -0.814204
1098.838000   -0.787642
1098.839000   -0.751789
1098.840000   -0.713145
1098.841000   -0.678482
1098.842000   -0.653301
1098.843000   -0.641048
1098.844000   -0.642866
1098.845000   -0.657657
1098.846000   -0.682319
1098.847000   -0.712165
1098.848000   -0.741633
1098.849000   -0.765310
1098.850000   -0.779230
1098.851000   -0.781921
1098.852000   -0.774609
1098.853000   -0.760480
1098.854000   -0.743499
1098.855000   -0.727396
1098.856000   -0.715064
1098.857000   -0.708263
1098.858000   -0.707476
1098.859000   -0.711821
1098.860000   -0.719075
1098.861000   -0.726047
1098.862000   -0.729268
1098.863000   -0.725954
1098.864000   -0.714871
1098.865000   -0.696694
1098.866000   -0.673775
1098.867000   -0.649451
1098.868000   -0.627221
1098.869000   -0.610048
1098.870000   -0.599911
1098.871000   -0.597687
1098.872000   -0.603301
1098.873000   -0.616059
1098.874000   -0.634919
1098.875000   -0.658680
1098.876000   -0.685923
1098.877000   -0.714795
1098.878000   -0.742749
1098.879000   -0.766481
1098.880000   -0.782236
1098.881000   -0.786608
1098.882000   -0.777702
1098.883000   -0.756184
1098.884000   -0.725555
1098.885000   -0.691311
1098.886000   -0.659418
1098.887000   -0.634870
1098.888000   -0.620879
1098.889000   -0.618799
1098.890000   -0.628587
1098.891000   -0.649265
1098.892000   -0.679152
1098.893000   -0.715767
1098.894000   -0.755510
1098.895000   -0.793485
1098.896000   -0.824025
1098.897000   -0.842150
1098.898000   -0.845463
1098.899000   -0.835326
1098.900000   -0.816304
1098.901000   -0.794264
1098.902000   -0.774490
1098.903000   -0.760589
1098.904000   -0.754191
1098.905000   -0.755032
1098.906000   -0.761158
1098.907000   -0.769147
1098.908000   -0.774552
1098.909000   -0.772699
1098.910000   -0.760049
1098.911000   -0.735559
1098.912000   -0.701193
1098.913000   -0.661127
1098.914000   -0.620227
1098.915000   -0.582744
1098.916000   -0.551766
1098.917000   -0.529314
1098.918000   -0.516729
1098.919000   -0.514901
1098.920000   -0.524301
1098.921000   -0.544808
1098.922000   -0.575411
1098.923000   -0.613935
1098.924000   -0.657010
1098.925000   -0.700469
1098.926000   -0.740037
1098.927000   -0.772093
1098.928000   -0.794297
1098.929000   -0.805839
1098.930000   -0.807224
1098.931000   -0.799783
1098.932000   -0.785151
1098.933000   -0.764902
1098.934000   -0.740503
1098.935000   -0.713474
1098.936000   -0.685587
1098.937000   -0.658957
1098.938000   -0.635898
1098.939000   -0.618528
1098.940000   -0.608255
1098.941000   -0.605424
1098.942000   -0.609229
1098.943000   -0.617999
1098.944000   -0.629632
1098.945000   -0.642065
1098.946000   -0.653639
1098.947000   -0.663351
1098.948000   -0.670997
1098.949000   -0.677175
1098.950000   -0.683165
1098.951000   -0.690710
1098.952000   -0.701687
1098.953000   -0.717722
1098.954000   -0.739750
1098.955000   -0.767629
1098.956000   -0.799850
1098.957000   -0.833447
1098.958000   -0.864167
1098.959000   -0.887071
1098.960000   -0.897616
1098.961000   -0.892960
1098.962000   -0.873009
1098.963000   -0.840561
1098.964000   -0.800439
1098.965000   -0.758111
1098.966000   -0.718469
1098.967000   -0.685140
1098.968000   -0.660393
1098.969000   -0.645377
1098.970000   -0.640436
1098.971000   -0.645277
1098.972000   -0.658882
1098.973000   -0.679228
1098.974000   -0.703146
1098.975000   -0.726654
1098.976000   -0.745845
1098.977000   -0.758020
1098.978000   -0.762530
1098.979000   -0.760816
1098.980000   -0.755716
1098.981000   -0.750486
1098.982000   -0.747973
1098.983000   -0.750076
1098.984000   -0.757563
1098.985000   -0.770039
1098.986000   -0.785988
1098.987000   -0.802849
1098.988000   -0.817357
1098.989000   -0.826257
1098.990000   -0.827350
1098.991000   -0.820408
1098.992000   -0.807348
1098.993000   -0.791511
1098.994000   -0.776563
1098.995000   -0.765604
1098.996000   -0.760688
1098.997000   -0.762616
1098.998000   -0.770837
1098.999000   -0.783428
1099.000000   -0.797219
1099.001000   -0.808267
1099.001000   -0.808267
1099.002000   -0.812776
1099.003000   -0.808345
1099.004000   -0.795044
1099.005000   -0.775713
1099.006000   -0.755249
1099.007000   -0.739181
1099.008000   -0.732183
1099.009000   -0.736999
1099.010000   -0.753928
1099.011000   -0.780853
1099.012000   -0.813607
1099.013000   -0.846518
1099.014000   -0.873239
1099.015000   -0.887967
1099.016000   -0.886989
1099.017000   -0.869886
1099.018000   -0.839595
1099.019000   -0.801214
1099.020000   -0.760407
1099.021000   -0.722259
1099.022000   -0.690901
1099.023000   -0.669512
1099.024000   -0.660444
1099.025000   -0.665156
1099.026000   -0.683991
1099.027000   -0.715962
1099.028000   -0.758686
1099.029000   -0.808462
1099.030000   -0.860375
1099.031000   -0.908454
1099.032000   -0.946317
1099.033000   -0.968608
1099.034000   -0.972784
1099.035000   -0.960113
1099.036000   -0.935074
1099.037000   -0.903596
1099.038000   -0.871343
1099.039000   -0.842813
1099.040000   -0.821127
1099.041000   -0.808089
1099.042000   -0.804195
1099.043000   -0.808578
1099.044000   -0.818975
1099.045000   -0.831926
1099.046000   -0.843376
1099.047000   -0.849632
1099.048000   -0.848445
1099.049000   -0.839662
1099.050000   -0.825123
1099.051000   -0.807861
1099.052000   -0.791071
1099.053000   -0.777252
1099.054000   -0.767833
1099.055000   -0.763262
1099.056000   -0.763385
1099.057000   -0.767843
1099.058000   -0.776253
1099.059000   -0.788141
1099.060000   -0.802694
1099.061000   -0.818457
1099.062000   -0.833168
1099.063000   -0.843896
1099.064000   -0.847551
1099.065000   -0.841656
1099.066000   -0.825086
1099.067000   -0.798453
1099.068000   -0.763910
1099.069000   -0.724512
1099.070000   -0.683574
1099.071000   -0.644209
1099.072000   -0.609237
1099.073000   -0.581317
1099.074000   -0.563038
1099.075000   -0.556825
1099.076000   -0.564597
1099.077000   -0.587210
1099.078000   -0.623839
1099.079000   -0.671380
1099.080000   -0.724134
1099.081000   -0.774119
1099.082000   -0.812603
1099.083000   -0.832894
1099.084000   -0.833144
1099.085000   -0.817122
1099.086000   -0.792201
1099.087000   -0.766289
1099.088000   -0.745638
1099.089000   -0.734123
1099.090000   -0.733412
1099.091000   -0.743376
1099.092000   -0.762377
1099.093000   -0.787366
1099.094000   -0.813989
1099.095000   -0.836971
1099.096000   -0.851122
1099.097000   -0.852763
1099.098000   -0.840856
1099.099000   -0.817230
1099.100000   -0.785899
1099.101000   -0.751988
1099.102000   -0.720794
1099.103000   -0.697045
1099.104000   -0.684342
1099.105000   -0.684716
1099.106000   -0.698325
1099.107000   -0.723361
1099.108000   -0.756248
1099.109000   -0.792166
1099.110000   -0.825693
1099.111000   -0.851521
1099.112000   -0.865340
1099.113000   -0.864683
1099.114000   -0.849439
1099.115000   -0.821822
1099.116000   -0.785771
1099.117000   -0.746082
1099.118000   -0.707618
1099.119000   -0.674722
1099.120000   -0.650772
1099.121000   -0.637751
1099.122000   -0.635882
1099.123000   -0.643488
1099.124000   -0.657305
1099.125000   -0.673327
1099.126000   -0.687998
1099.127000   -0.699392
1099.128000   -0.707782
1099.129000   -0.715344
1099.130000   -0.725125
1099.131000   -0.739823
1099.132000   -0.760849
1099.133000   -0.787832
1099.134000   -0.818482
1099.135000   -0.848709
1099.136000   -0.873136
1099.137000   -0.886266
1099.138000   -0.884257
1099.139000   -0.866519
1099.140000   -0.836088
1099.141000   -0.798485
1099.142000   -0.759990
1099.143000   -0.726292
1099.144000   -0.701830
1099.145000   -0.689530
1099.146000   -0.690609
1099.147000   -0.704265
1099.148000   -0.727393
1099.149000   -0.754616
1099.150000   -0.779094
1099.151000   -0.794320
1099.152000   -0.796475
1099.153000   -0.786076
1099.154000   -0.767751
1099.155000   -0.748294
1099.156000   -0.734317
1099.157000   -0.730609
1099.158000   -0.739492
1099.159000   -0.760905
1099.160000   -0.792829
1099.161000   -0.831692
1099.162000   -0.872657
1099.163000   -0.909909
1099.164000   -0.937333
1099.165000   -0.949877
1099.166000   -0.945187
1099.167000   -0.924510
1099.168000   -0.892163
1099.169000   -0.854059
1099.170000   -0.816330
1099.171000   -0.784562
1099.172000   -0.763436
1099.173000   -0.756401
1099.174000   -0.765131
1099.175000   -0.788810
1099.176000   -0.823563
1099.177000   -0.862429
1099.178000   -0.896445
1099.179000   -0.917085
1099.180000   -0.919506
1099.181000   -0.904670
1099.182000   -0.878617
1099.183000   -0.849574
1099.184000   -0.825053
1099.185000   -0.810316
1099.186000   -0.808099
1099.187000   -0.818932
1099.188000   -0.841401
1099.189000   -0.872136
1099.190000   -0.905616
1099.191000   -0.934498
1099.192000   -0.951213
1099.193000   -0.950771
1099.194000   -0.933115
1099.195000   -0.903056
1099.196000   -0.867930
1099.197000   -0.835031
1099.198000   -0.810140
1099.199000   -0.797081
1099.200000   -0.797578
1099.201000   -0.810986
1099.202000   -0.833861
1099.203000   -0.859722
1099.204000   -0.879634
1099.205000   -0.884461
1099.206000   -0.868659
1099.207000   -0.833394
1099.208000   -0.786211
1099.209000   -0.737398
1099.210000   -0.696001
1099.211000   -0.667712
1099.212000   -0.654712
1099.213000   -0.656476
1099.214000   -0.670629
1099.215000   -0.693355
1099.216000   -0.719422
1099.217000   -0.742198
1099.218000   -0.754352
1099.219000   -0.749688
1099.220000   -0.725528
1099.221000   -0.684053
1099.222000   -0.631544
1099.223000   -0.576224
1099.224000   -0.526183
1099.225000   -0.488205
1099.226000   -0.467285
1099.227000   -0.466371
1099.228000   -0.486291
1099.229000   -0.525839
1099.230000   -0.581828
1099.231000   -0.648788
1099.232000   -0.718297
1099.233000   -0.778854
1099.234000   -0.817985
1099.235000   -0.827156
1099.236000   -0.806642
1099.237000   -0.765260
1099.238000   -0.715340
1099.239000   -0.668102
1099.240000   -0.631891
1099.241000   -0.612344
1099.242000   -0.612956
1099.243000   -0.635073
1099.244000   -0.677151
1099.245000   -0.733421
1099.246000   -0.792608
1099.247000   -0.838552
1099.248000   -0.855212
1099.249000   -0.835492
1099.250000   -0.786401
1099.251000   -0.724222
1099.252000   -0.665752
1099.253000   -0.623175
1099.254000   -0.603188
1099.255000   -0.608057
1099.256000   -0.636960
1099.257000   -0.686876
1099.258000   -0.752690
1099.259000   -0.826511
1099.260000   -0.897016
1099.261000   -0.950491
1099.262000   -0.975199
1099.263000   -0.967703
1099.264000   -0.934919
1099.265000   -0.889347
1099.266000   -0.843085
1099.267000   -0.805035
1099.268000   -0.780861
1099.269000   -0.773633
1099.270000   -0.784011
1099.271000   -0.809832
1099.272000   -0.845566
1099.273000   -0.882364
1099.274000   -0.909591
1099.275000   -0.918275
1099.276000   -0.905121
1099.277000   -0.874039
1099.278000   -0.833778
1099.279000   -0.793882
1099.280000   -0.761818
1099.281000   -0.742107
1099.282000   -0.736789
1099.283000   -0.746226
1099.284000   -0.769727
1099.285000   -0.805706
1099.286000   -0.851407
1099.287000   -0.902355
1099.288000   -0.951993
1099.289000   -0.992250
1099.290000   -1.015540
1099.291000   -1.017554
1099.292000   -0.999193
1099.293000   -0.966171
1099.294000   -0.926654
1099.295000   -0.888652
1099.296000   -0.858337
1099.297000   -0.839366
1099.298000   -0.832831
1099.299000   -0.837489
1099.300000   -0.850165
1099.301000   -0.866258
1099.302000   -0.880444
1099.303000   -0.887769
1099.304000   -0.885028
1099.305000   -0.871882
1099.306000   -0.850967
1099.307000   -0.826837
1099.308000   -0.804451
1099.309000   -0.788029
1099.310000   -0.780591
1099.311000   -0.783985
1099.312000   -0.798872
1099.313000   -0.824387
1099.314000   -0.857445
1099.315000   -0.891975
1099.316000   -0.918906
1099.317000   -0.928003
1099.318000   -0.911932
1099.319000   -0.870379
1099.320000   -0.810532
1099.321000   -0.743403
1099.322000   -0.679540
1099.323000   -0.626726
1099.324000   -0.589537
1099.325000   -0.569934
1099.326000   -0.568090
1099.327000   -0.582903
1099.328000   -0.612085
1099.329000   -0.651806
1099.330000   -0.696039
1099.331000   -0.736251
1099.332000   -0.762550
1099.333000   -0.766998
1099.334000   -0.747671
1099.335000   -0.710098
1099.336000   -0.664659
1099.337000   -0.622545
1099.338000   -0.592977
1099.339000   -0.582101
1099.340000   -0.592840
1099.341000   -0.624911
1099.342000   -0.674744
1099.343000   -0.735221
1099.344000   -0.795420
1099.345000   -0.841462
1099.346000   -0.860067
1099.347000   -0.844738
1099.348000   -0.800040
1099.349000   -0.738901
1099.350000   -0.675876
1099.351000   -0.622386
1099.352000   -0.585432
1099.353000   -0.568293
1099.354000   -0.571716
1099.355000   -0.594697
1099.356000   -0.634616
1099.357000   -0.686791
1099.358000   -0.743833
1099.359000   -0.795787
1099.360000   -0.832234
1099.361000   -0.846249
1099.362000   -0.837726
1099.363000   -0.813097
1099.364000   -0.781897
1099.365000   -0.753265
1099.366000   -0.734095
1099.367000   -0.728513
1099.368000   -0.737879
1099.369000   -0.760803
1099.370000   -0.793085
1099.371000   -0.827765
1099.372000   -0.855916
1099.373000   -0.868925
1099.374000   -0.862040
1099.375000   -0.836845
1099.376000   -0.800111
1099.377000   -0.760168
1099.378000   -0.723935
1099.379000   -0.696015
1099.380000   -0.679172
1099.381000   -0.675134
1099.382000   -0.685017
1099.383000   -0.709138
1099.384000   -0.746290
1099.385000   -0.792704
1099.386000   -0.841243
1099.387000   -0.881830
1099.388000   -0.904126
1099.389000   -0.902242
1099.390000   -0.878375
1099.391000   -0.841706
1099.392000   -0.803725
1099.393000   -0.774075
1099.394000   -0.758763
1099.395000   -0.760190
1099.396000   -0.777801
1099.397000   -0.808560
1099.398000   -0.847034
1099.399000   -0.885282
1099.400000   -0.913411
1099.401000   -0.921915
1099.402000   -0.905619
1099.403000   -0.866569
1099.404000   -0.813039
1099.405000   -0.755702
1099.406000   -0.704250
1099.407000   -0.666027
1099.408000   -0.646000
1099.409000   -0.647002
1099.410000   -0.669714
1099.411000   -0.712316
1099.412000   -0.769934
1099.413000   -0.834051
1099.414000   -0.892552
1099.415000   -0.931746
1099.416000   -0.941296
1099.417000   -0.919837
1099.418000   -0.875717
1099.419000   -0.821786
1099.420000   -0.769662
1099.421000   -0.727213
1099.422000   -0.698758
1099.423000   -0.686259
1099.424000   -0.690269
1099.425000   -0.710254
1099.426000   -0.744299
1099.427000   -0.788358
1099.428000   -0.835406
1099.429000   -0.875446
1099.430000   -0.897643
1099.431000   -0.894626
1099.432000   -0.866384
1099.433000   -0.820298
1099.434000   -0.767481
1099.435000   -0.718841
1099.436000   -0.682876
1099.437000   -0.665151
1099.438000   -0.668511
1099.439000   -0.693404
1099.440000   -0.738132
1099.441000   -0.798789
1099.442000   -0.868592
1099.443000   -0.937009
1099.444000   -0.990196
1099.445000   -1.014705
1099.446000   -1.004247
1099.447000   -0.963902
1099.448000   -0.906597
1099.449000   -0.846115
1099.450000   -0.792832
1099.451000   -0.753062
1099.452000   -0.730032
1099.453000   -0.724827
1099.454000   -0.736694
1099.455000   -0.762842
1099.456000   -0.798015
1099.457000   -0.834377
1099.458000   -0.862414
1099.459000   -0.873410
1099.460000   -0.862873
1099.461000   -0.832702
1099.462000   -0.790204
1099.463000   -0.744817
1099.464000   -0.704971
1099.465000   -0.676521
1099.466000   -0.662602
1099.467000   -0.664168
1099.468000   -0.680505
1099.469000   -0.709465
1099.470000   -0.747395
1099.471000   -0.788871
1099.472000   -0.826733
1099.473000   -0.852985
1099.474000   -0.861016
1099.475000   -0.848392
1099.476000   -0.818110
1099.477000   -0.777283
1099.478000   -0.734455
1099.479000   -0.697366
1099.480000   -0.671849
1099.481000   -0.661450
1099.482000   -0.667337
1099.483000   -0.688284
1099.484000   -0.720668
1099.485000   -0.758542
1099.486000   -0.794155
1099.487000   -0.819450
1099.488000   -0.828651
1099.489000   -0.820737
1099.490000   -0.799911
1099.491000   -0.773631
1099.492000   -0.749877
1099.493000   -0.735252
1099.494000   -0.734152
1099.495000   -0.748529
1099.496000   -0.777751
1099.497000   -0.818347
1099.498000   -0.863762
1099.499000   -0.904622
1099.500000   -0.930342
1099.501000   -0.932597
1099.501000   -0.932597
1099.502000   -0.909280
1099.503000   -0.865730
1099.504000   -0.811958
1099.505000   -0.758456
1099.506000   -0.713406
1099.507000   -0.681740
1099.508000   -0.665319
1099.509000   -0.663549
1099.510000   -0.674031
1099.511000   -0.693097
1099.512000   -0.716177
1099.513000   -0.738181
1099.514000   -0.754198
1099.515000   -0.760538
1099.516000   -0.755788
1099.517000   -0.741288
1099.518000   -0.720662
1099.519000   -0.698736
1099.520000   -0.680380
1099.521000   -0.669659
1099.522000   -0.669285
1099.523000   -0.680350
1099.524000   -0.702230
1099.525000   -0.732635
1099.526000   -0.767757
1099.527000   -0.802592
1099.528000   -0.831532
1099.529000   -0.849390
1099.530000   -0.852827
1099.531000   -0.841554
1099.532000   -0.818530
1099.533000   -0.788907
1099.534000   -0.758433
1099.535000   -0.732150
1099.536000   -0.713796
1099.537000   -0.705732
1099.538000   -0.709031
1099.539000   -0.723450
1099.540000   -0.747241
1099.541000   -0.776974
1099.542000   -0.807629
1099.543000   -0.833275
1099.544000   -0.848468
1099.545000   -0.850034
1099.546000   -0.838299
1099.547000   -0.816918
1099.548000   -0.791410
1099.549000   -0.767368
1099.550000   -0.749144
1099.551000   -0.739205
1099.552000   -0.738008
1099.553000   -0.744207
1099.554000   -0.755057
1099.555000   -0.767004
1099.556000   -0.776384
1099.557000   -0.780195
1099.558000   -0.776785
1099.559000   -0.766173
1099.560000   -0.749885
1099.561000   -0.730397
1099.562000   -0.710465
1099.563000   -0.692668
1099.564000   -0.679154
1099.565000   -0.671448
1099.566000   -0.670246
1099.567000   -0.675244
1099.568000   -0.685114
1099.569000   -0.697715
1099.570000   -0.710551
1099.571000   -0.721351
1099.572000   -0.728636
1099.573000   -0.732023
1099.574000   -0.732090
1099.575000   -0.729863
1099.576000   -0.726224
1099.577000   -0.721507
1099.578000   -0.715470
1099.579000   -0.707616
1099.580000   -0.697698
1099.581000   -0.686176
1099.582000   -0.674378
1099.583000   -0.664245
1099.584000   -0.657805
1099.585000   -0.656648
1099.586000   -0.661609
1099.587000   -0.672783
1099.588000   -0.689754
1099.589000   -0.711875
1099.590000   -0.738346
1099.591000   -0.767972
1099.592000   -0.798750
1099.593000   -0.827598
1099.594000   -0.850621
1099.595000   -0.864006
1099.596000   -0.865305
1099.597000   -0.854453
1099.598000   -0.833954
1099.599000   -0.808205
1099.600000   -0.782369
1099.601000   -0.761273
1099.602000   -0.748588
1099.603000   -0.746331
1099.604000   -0.754600
1099.605000   -0.771463
1099.606000   -0.793079
1099.607000   -0.814197
1099.608000   -0.829260
1099.609000   -0.833952
1099.610000   -0.826643
1099.611000   -0.808932
1099.612000   -0.784962
1099.613000   -0.760031
1099.614000   -0.739298
1099.615000   -0.726994
1099.616000   -0.726038
1099.617000   -0.737787
1099.618000   -0.761716
1099.619000   -0.795119
1099.620000   -0.833065
1099.621000   -0.868942
1099.622000   -0.895818
1099.623000   -0.908476
1099.624000   -0.905286
1099.625000   -0.888729
1099.626000   -0.864215
1099.627000   -0.838048
1099.628000   -0.815646
1099.629000   -0.800470
1099.630000   -0.793604
1099.631000   -0.793818
1099.632000   -0.798046
1099.633000   -0.802273
1099.634000   -0.802771
1099.635000   -0.797320
1099.636000   -0.785919
1099.637000   -0.770623
1099.638000   -0.754672
1099.639000   -0.741429
1099.640000   -0.733609
1099.641000   -0.733019
1099.642000   -0.740642
1099.643000   -0.756729
1099.644000   -0.780608
1099.645000   -0.810196
1099.646000   -0.841525
1099.647000   -0.868918
1099.648000   -0.886229
1099.649000   -0.889059
1099.650000   -0.876705
1099.651000   -0.852437
1099.652000   -0.822028
1099.653000   -0.791705
1099.654000   -0.766648
1099.655000   -0.750279
1099.656000   -0.744058
1099.657000   -0.747511
1099.658000   -0.758393
1099.659000   -0.773011
1099.660000   -0.786741
1099.661000   -0.794855
1099.662000   -0.793659
1099.663000   -0.781649
1099.664000   -0.760123
1099.665000   -0.732806
1099.666000   -0.704732
1099.667000   -0.681017
1099.668000   -0.666067
1099.669000   -0.663200
1099.670000   -0.674416
1099.671000   -0.700017
1099.672000   -0.738014
1099.673000   -0.783471
1099.674000   -0.828309
1099.675000   -0.862356
1099.676000   -0.876187
1099.677000   -0.865107
1099.678000   -0.831617
1099.679000   -0.784159
1099.680000   -0.733420
1099.681000   -0.689011
1099.682000   -0.657731
1099.683000   -0.643206
1099.684000   -0.646132
1099.685000   -0.664668
1099.686000   -0.694846
1099.687000   -0.730980
1099.688000   -0.766196
1099.689000   -0.793372
1099.690000   -0.806691
1099.691000   -0.803466
1099.692000   -0.785108
1099.693000   -0.756486
1099.694000   -0.724209
1099.695000   -0.694960
1099.696000   -0.674486
1099.697000   -0.667084
1099.698000   -0.675215
1099.699000   -0.699042
1099.700000   -0.735889
1099.701000   -0.779882
1099.702000   -0.822318
1099.703000   -0.853190
1099.704000   -0.864188
1099.705000   -0.851966
1099.706000   -0.819261
1099.707000   -0.772917
1099.708000   -0.720699
1099.709000   -0.669077
1099.710000   -0.622623
1099.711000   -0.584490
1099.712000   -0.557163
1099.713000   -0.542939
1099.714000   -0.543966
1099.715000   -0.561719
1099.716000   -0.596045
1099.717000   -0.644034
1099.718000   -0.699097
1099.719000   -0.750982
1099.720000   -0.787943
1099.721000   -0.801248
1099.722000   -0.789569
1099.723000   -0.759358
1099.724000   -0.720922
1099.725000   -0.683951
1099.726000   -0.655297
1099.727000   -0.638795
1099.728000   -0.635861
1099.729000   -0.646040
1099.730000   -0.667247
1099.731000   -0.695665
1099.732000   -0.725477
1099.733000   -0.749232
1099.734000   -0.759526
1099.735000   -0.751827
1099.736000   -0.726705
1099.737000   -0.689511
1099.738000   -0.647857
1099.739000   -0.609057
1099.740000   -0.578839
1099.741000   -0.561168
1099.742000   -0.558519
1099.743000   -0.571973
1099.744000   -0.600997
1099.745000   -0.643019
1099.746000   -0.693024
1099.747000   -0.743513
1099.748000   -0.785377
1099.749000   -0.810330
1099.750000   -0.814215
1099.751000   -0.798912
1099.752000   -0.771219
1099.753000   -0.739682
1099.754000   -0.711762
1099.755000   -0.692516
1099.756000   -0.684566
1099.757000   -0.688488
1099.758000   -0.703066
1099.759000   -0.725275
1099.760000   -0.750155
1099.761000   -0.771075
1099.762000   -0.780986
1099.763000   -0.774773
1099.764000   -0.751654
1099.765000   -0.715867
1099.766000   -0.675087
1099.767000   -0.637859
1099.768000   -0.611645
1099.769000   -0.601884
1099.770000   -0.611722
1099.771000   -0.641989
1099.772000   -0.691109
1099.773000   -0.754765
1099.774000   -0.825161
1099.775000   -0.890265
1099.776000   -0.934735
1099.777000   -0.944874
1099.778000   -0.916377
1099.779000   -0.857362
1099.780000   -0.782824
1099.781000   -0.707184
1099.782000   -0.640759
1099.783000   -0.589931
1099.784000   -0.558467
1099.785000   -0.548443
1099.786000   -0.560656
1099.787000   -0.594635
1099.788000   -0.648418
1099.789000   -0.718097
1099.790000   -0.796985
1099.791000   -0.874422
1099.792000   -0.935695
1099.793000   -0.965558
1099.794000   -0.955922
1099.795000   -0.911784
1099.796000   -0.847940
1099.797000   -0.780497
1099.798000   -0.721342
1099.799000   -0.677514
1099.800000   -0.652666
1099.801000   -0.648461
1099.802000   -0.665375
1099.803000   -0.702863
1099.804000   -0.758892
1099.805000   -0.828699
1099.806000   -0.902607
1099.807000   -0.964355
1099.808000   -0.994030
1099.809000   -0.977972
1099.810000   -0.919293
1099.811000   -0.835477
1099.812000   -0.746654
1099.813000   -0.667858
1099.814000   -0.608068
1099.815000   -0.571929
1099.816000   -0.561277
1099.817000   -0.576036
1099.818000   -0.614640
1099.819000   -0.674068
1099.820000   -0.749421
1099.821000   -0.832943
1099.822000   -0.912685
1099.823000   -0.972631
1099.824000   -0.997261
1099.825000   -0.980106
1099.826000   -0.928656
1099.827000   -0.859228
1099.828000   -0.788198
1099.829000   -0.727246
1099.830000   -0.682966
1099.831000   -0.658099
1099.832000   -0.652705
1099.833000   -0.664862
1099.834000   -0.690967
1099.835000   -0.725709
1099.836000   -0.761977
1099.837000   -0.791317
1099.838000   -0.805575
1099.839000   -0.799627
1099.840000   -0.773645
1099.841000   -0.732989
1099.842000   -0.685853
1099.843000   -0.640575
1099.844000   -0.604034
1099.845000   -0.581165
1099.846000   -0.575042
1099.847000   -0.587000
1099.848000   -0.616673
1099.849000   -0.661907
1099.850000   -0.718502
1099.851000   -0.779828
1099.852000   -0.836751
1099.853000   -0.878674
1099.854000   -0.896544
1099.855000   -0.887082
1099.856000   -0.854814
1099.857000   -0.809664
1099.858000   -0.762495
1099.859000   -0.721953
1099.860000   -0.693575
1099.861000   -0.680315
1099.862000   -0.683307
1099.863000   -0.702262
1099.864000   -0.735393
1099.865000   -0.778888
1099.866000   -0.826183
1099.867000   -0.867760
1099.868000   -0.892751
1099.869000   -0.892896
1099.870000   -0.866809
1099.871000   -0.820746
1099.872000   -0.765147
1099.873000   -0.710375
1099.874000   -0.664446
1099.875000   -0.632695
1099.876000   -0.618291
1099.877000   -0.622779
1099.878000   -0.646366
1099.879000   -0.687795
1099.880000   -0.743600
1099.881000   -0.806735
1099.882000   -0.865453
1099.883000   -0.904479
1099.884000   -0.910603
1099.885000   -0.880698
1099.886000   -0.824024
1099.887000   -0.755949
1099.888000   -0.690709
1099.889000   -0.638424
1099.890000   -0.605342
1099.891000   -0.594974
1099.892000   -0.608747
1099.893000   -0.646033
1099.894000   -0.703577
1099.895000   -0.774132
1099.896000   -0.844583
1099.897000   -0.895965
1099.898000   -0.909133
1099.899000   -0.876785
1099.900000   -0.809960
1099.901000   -0.729403
1099.902000   -0.653910
1099.903000   -0.595545
1099.904000   -0.560126
1099.905000   -0.549363
1099.906000   -0.562411
1099.907000   -0.596584
1099.908000   -0.647416
1099.909000   -0.708077
1099.910000   -0.768448
1099.911000   -0.815268
1099.912000   -0.835304
1099.913000   -0.821578
1099.914000   -0.777896
1099.915000   -0.716420
1099.916000   -0.651103
1099.917000   -0.593055
1099.918000   -0.549353
1099.919000   -0.523950
1099.920000   -0.518800
1099.921000   -0.534401
1099.922000   -0.569824
1099.923000   -0.622327
1099.924000   -0.686506
1099.925000   -0.753075
1099.926000   -0.808400
1099.927000   -0.837211
1099.928000   -0.829435
1099.929000   -0.786817
1099.930000   -0.721907
1099.931000   -0.650863
1099.932000   -0.587684
1099.933000   -0.542294
1099.934000   -0.520947
1099.935000   -0.527134
1099.936000   -0.561933
1099.937000   -0.623560
1099.938000   -0.705868
1099.939000   -0.795925
1099.940000   -0.872844
1099.941000   -0.912085
1099.942000   -0.899052
1099.943000   -0.841062
1099.944000   -0.760171
1099.945000   -0.678176
1099.946000   -0.610020
1099.947000   -0.564280
1099.948000   -0.545603
1099.949000   -0.556276
1099.950000   -0.596482
1099.951000   -0.663507
1099.952000   -0.749900
1099.953000   -0.841025
1099.954000   -0.914456
1099.955000   -0.946143
1099.956000   -0.925275
1099.957000   -0.863607
1099.958000   -0.784999
1099.959000   -0.710716
1099.960000   -0.653967
1099.961000   -0.620963
1099.962000   -0.613550
1099.963000   -0.631094
1099.964000   -0.671339
1099.965000   -0.730305
1099.966000   -0.801281
1099.967000   -0.873277
1099.968000   -0.930912
1099.969000   -0.958180
1099.970000   -0.946649
1099.971000   -0.901464
1099.972000   -0.837629
1099.973000   -0.771535
1099.974000   -0.715861
1099.975000   -0.678798
1099.976000   -0.664946
1099.977000   -0.675956
1099.978000   -0.710498
1099.979000   -0.763653
1099.980000   -0.825940
1099.981000   -0.883047
1099.982000   -0.918352
1099.983000   -0.919759
1099.984000   -0.887453
1099.985000   -0.833871
1099.986000   -0.775664
1099.987000   -0.726450
1099.988000   -0.694478
1099.989000   -0.683465
1099.990000   -0.694028
1099.991000   -0.724382
1099.992000   -0.769995
1099.993000   -0.822595
1099.994000   -0.869733
1099.995000   -0.896994
1099.996000   -0.893991
1099.997000   -0.860673
1099.998000   -0.807352
1099.999000   -0.748614
1100.000000   -0.697685
1100.001000   -0.664083
1100.001000   -0.664083
1100.002000   -0.653535
1100.003000   -0.668562
1100.004000   -0.708663
1100.005000   -0.770070
1100.006000   -0.845007
1100.007000   -0.920755
1100.008000   -0.980145
1100.009000   -1.006262
1100.010000   -0.991716
1100.011000   -0.944262
1100.012000   -0.881149
1100.013000   -0.819401
1100.014000   -0.770685
1100.015000   -0.740987
1100.016000   -0.732380
1100.017000   -0.744633
1100.018000   -0.775933
1100.019000   -0.822749
1100.020000   -0.878981
1100.021000   -0.934909
1100.022000   -0.977463
1100.023000   -0.993653
1100.024000   -0.976884
1100.025000   -0.931344
1100.026000   -0.869582
1100.027000   -0.806124
1100.028000   -0.752751
1100.029000   -0.716930
1100.030000   -0.702181
1100.031000   -0.708913
1100.032000   -0.735194
1100.033000   -0.777301
1100.034000   -0.829878
1100.035000   -0.885694
1100.036000   -0.935507
1100.037000   -0.969087
1100.038000   -0.978136
1100.039000   -0.959992
1100.040000   -0.919082
1100.041000   -0.864586
1100.042000   -0.806634
1100.043000   -0.753779
1100.044000   -0.712289
1100.045000   -0.686359
1100.046000   -0.678369
1100.047000   -0.688896
1100.048000   -0.716600
1100.049000   -0.758021
1100.050000   -0.807367
1100.051000   -0.856499
1100.052000   -0.895742
1100.053000   -0.916110
1100.054000   -0.912712
1100.055000   -0.887163
1100.056000   -0.846763
1100.057000   -0.801154
1100.058000   -0.759198
1100.059000   -0.727547
1100.060000   -0.710601
1100.061000   -0.710839
1100.062000   -0.728897
1100.063000   -0.763167
1100.064000   -0.809079
1100.065000   -0.858594
1100.066000   -0.900884
1100.067000   -0.925205
1100.068000   -0.925496
1100.069000   -0.903479
1100.070000   -0.867282
1100.071000   -0.827194
1100.072000   -0.792158
1100.073000   -0.768328
1100.074000   -0.758977
1100.075000   -0.764781
1100.076000   -0.783953
1100.077000   -0.812162
1100.078000   -0.842508
1100.079000   -0.866361
1100.080000   -0.875710
1100.081000   -0.866565
1100.082000   -0.841141
1100.083000   -0.806625
1100.084000   -0.771668
1100.085000   -0.743426
1100.086000   -0.726283
1100.087000   -0.721879
1100.088000   -0.729543
1100.089000   -0.746615
1100.090000   -0.768579
1100.091000   -0.789407
1100.092000   -0.802611
1100.093000   -0.803245
1100.094000   -0.790038
1100.095000   -0.766228
1100.096000   -0.738422
1100.097000   -0.714294
1100.098000   -0.700488
1100.099000   -0.701325
1100.100000   -0.718398
1100.101000   -0.750719
1100.102000   -0.795114
1100.103000   -0.846671
1100.104000   -0.899117
1100.105000   -0.945315
1100.106000   -0.978298
1100.107000   -0.992999
1100.108000   -0.988046
1100.109000   -0.966318
1100.110000   -0.933700
1100.111000   -0.897047
1100.112000   -0.862541
1100.113000   -0.835044
1100.114000   -0.818087
1100.115000   -0.813887
1100.116000   -0.823169
1100.117000   -0.844746
1100.118000   -0.875120
1100.119000   -0.908408
1100.120000   -0.937092
1100.121000   -0.953928
1100.122000   -0.954580
1100.123000   -0.939477
1100.124000   -0.913483
1100.125000   -0.883730
1100.126000   -0.857232
1100.127000   -0.839410
1100.128000   -0.833593
1100.129000   -0.841035
1100.130000   -0.861025
1100.131000   -0.890915
1100.132000   -0.926134
1100.133000   -0.960506
1100.134000   -0.987329
1100.135000   -1.001335
1100.136000   -1.000712
1100.137000   -0.987767
1100.138000   -0.967636
1100.139000   -0.946162
1100.140000   -0.928230
1100.141000   -0.917024
1100.142000   -0.913839
1100.143000   -0.918058
1100.144000   -0.927111
1100.145000   -0.936625
1100.146000   -0.941078
1100.147000   -0.935267
1100.148000   -0.916273
1100.149000   -0.884941
1100.150000   -0.845767
1100.151000   -0.805372
1100.152000   -0.770593
1100.153000   -0.747060
1100.154000   -0.738416
1100.155000   -0.745999
1100.156000   -0.768720
1100.157000   -0.802916
1100.158000   -0.842204
1100.159000   -0.877733
1100.160000   -0.899687
1100.161000   -0.900505
1100.162000   -0.878463
1100.163000   -0.838763
1100.164000   -0.791014
1100.165000   -0.745479
1100.166000   -0.710554
1100.167000   -0.691880
1100.168000   -0.692267
1100.169000   -0.711795
1100.170000   -0.747800
1100.171000   -0.794811
1100.172000   -0.844694
1100.173000   -0.887684
1100.174000   -0.914965
1100.175000   -0.922190
1100.176000   -0.911532
1100.177000   -0.890187
1100.178000   -0.866800
1100.179000   -0.848573
1100.180000   -0.840062
1100.181000   -0.843047
1100.182000   -0.856639
1100.183000   -0.877185
1100.184000   -0.898254
1100.185000   -0.911568
1100.186000   -0.909615
1100.187000   -0.889246
1100.188000   -0.853534
1100.189000   -0.810092
1100.190000   -0.767587
1100.191000   -0.733113
1100.192000   -0.711242
1100.193000   -0.704107
1100.194000   -0.711617
1100.195000   -0.731391
1100.196000   -0.758482
1100.197000   -0.785417
1100.198000   -0.803339
1100.199000   -0.804771
1100.200000   -0.787096
1100.201000   -0.754227
1100.202000   -0.714907
1100.203000   -0.679152
1100.204000   -0.655334
1100.205000   -0.648841
1100.206000   -0.661861
1100.207000   -0.693591
1100.208000   -0.740404
1100.209000   -0.796007
1100.210000   -0.851928
1100.211000   -0.898920
1100.212000   -0.929491
1100.213000   -0.940709
1100.214000   -0.935129
1100.215000   -0.918951
1100.216000   -0.899146
1100.217000   -0.881442
1100.218000   -0.869535
1100.219000   -0.864961
1100.220000   -0.867017
1100.221000   -0.872678
1100.222000   -0.876837
1100.223000   -0.873514
1100.224000   -0.858194
1100.225000   -0.830246
1100.226000   -0.793615
1100.227000   -0.755239
1100.228000   -0.722497
1100.229000   -0.701209
1100.230000   -0.694696
1100.231000   -0.703662
1100.232000   -0.726413
1100.233000   -0.759239
1100.234000   -0.796928
1100.235000   -0.833456
1100.236000   -0.863047
1100.237000   -0.881542
1100.238000   -0.887623
1100.239000   -0.883206
1100.240000   -0.872699
1100.241000   -0.861513
1100.242000   -0.854594
1100.243000   -0.855379
1100.244000   -0.865312
1100.245000   -0.883693
1100.246000   -0.907849
1100.247000   -0.933598
1100.248000   -0.956172
1100.249000   -0.971520
1100.250000   -0.977650
1100.251000   -0.975236
1100.252000   -0.967127
1100.253000   -0.957119
1100.254000   -0.948697
1100.255000   -0.944175
1100.256000   -0.944276
1100.257000   -0.948079
1100.258000   -0.953255
1100.259000   -0.956655
1100.260000   -0.955278
1100.261000   -0.947423
1100.262000   -0.933464
1100.263000   -0.915790
1100.264000   -0.897916
1100.265000   -0.883319
1100.266000   -0.874435
1100.267000   -0.872117
1100.268000   -0.875546
1100.269000   -0.882473
1100.270000   -0.889664
1100.271000   -0.893511
1100.272000   -0.890831
1100.273000   -0.879707
1100.274000   -0.860113
1100.275000   -0.833971
1100.276000   -0.804582
1100.277000   -0.775766
1100.278000   -0.751093
1100.279000   -0.733378
1100.280000   -0.724401
1100.281000   -0.724729
1100.282000   -0.733613
1100.283000   -0.749045
1100.284000   -0.768081
1100.285000   -0.787462
1100.286000   -0.804455
1100.287000   -0.817651
1100.288000   -0.827329
1100.289000   -0.835260
1100.290000   -0.844057
1100.291000   -0.856374
1100.292000   -0.874208
1100.293000   -0.898343
1100.294000   -0.927903
1100.295000   -0.959914
1100.296000   -0.989129
1100.297000   -1.008611
1100.298000   -1.011693
1100.299000   -0.994902
1100.300000   -0.960045
1100.301000   -0.913547
1100.302000   -0.863685
1100.303000   -0.817966
1100.304000   -0.781950
1100.305000   -0.759155
1100.306000   -0.751322
1100.307000   -0.758530
1100.308000   -0.779072
1100.309000   -0.809191
1100.310000   -0.843016
1100.311000   -0.873182
1100.312000   -0.892539
1100.313000   -0.896749
1100.314000   -0.886317
1100.315000   -0.866476
1100.316000   -0.844977
1100.317000   -0.829373
1100.318000   -0.825121
1100.319000   -0.834688
1100.320000   -0.857314
1100.321000   -0.889058
1100.322000   -0.923105
1100.323000   -0.950772
1100.324000   -0.963773
1100.325000   -0.957365
1100.326000   -0.932667
1100.327000   -0.896179
1100.328000   -0.856851
1100.329000   -0.822980
1100.330000   -0.800494
1100.331000   -0.792603
1100.332000   -0.800076
1100.333000   -0.821452
1100.334000   -0.852916
1100.335000   -0.888004
1100.336000   -0.917837
1100.337000   -0.932988
1100.338000   -0.927234
1100.339000   -0.900956
1100.340000   -0.860969
1100.341000   -0.817001
1100.342000   -0.778039
1100.343000   -0.750534
1100.344000   -0.738165
1100.345000   -0.742203
1100.346000   -0.761711
1100.347000   -0.793367
1100.348000   -0.831000
1100.349000   -0.865350
1100.350000   -0.885304
1100.351000   -0.881727
1100.352000   -0.852514
1100.353000   -0.804404
1100.354000   -0.749420
1100.355000   -0.699596
1100.356000   -0.663783
1100.357000   -0.646915
1100.358000   -0.650520
1100.359000   -0.673392
1100.360000   -0.712026
1100.361000   -0.760759
1100.362000   -0.811944
1100.363000   -0.856684
1100.364000   -0.886666
1100.365000   -0.896732
1100.366000   -0.886753
1100.367000   -0.861350
1100.368000   -0.827775
1100.369000   -0.793586
1100.370000   -0.765137
1100.371000   -0.746877
1100.372000   -0.740961
1100.373000   -0.746886
1100.374000   -0.761258
1100.375000   -0.778110
1100.376000   -0.790245
1100.377000   -0.791694
1100.378000   -0.780320
1100.379000   -0.758785
1100.380000   -0.733192
1100.381000   -0.710555
1100.382000   -0.696801
1100.383000   -0.695832
1100.384000   -0.709375
1100.385000   -0.737119
1100.386000   -0.776758
1100.387000   -0.823908
1100.388000   -0.872100
1100.389000   -0.913394
1100.390000   -0.940190
1100.391000   -0.947946
1100.392000   -0.937199
1100.393000   -0.913224
1100.394000   -0.883718
1100.395000   -0.856308
1100.396000   -0.837059
1100.397000   -0.829948
1100.398000   -0.836807
1100.399000   -0.857257
1100.400000   -0.888496
1100.401000   -0.925177
1100.402000   -0.959829
1100.403000   -0.984434
1100.404000   -0.993184
1100.405000   -0.985107
1100.406000   -0.964562
1100.407000   -0.939162
1100.408000   -0.916800
1100.409000   -0.903504
1100.410000   -0.902544
1100.411000   -0.914392
1100.412000   -0.937078
1100.413000   -0.966721
1100.414000   -0.998160
1100.415000   -1.025784
1100.416000   -1.044576
1100.417000   -1.051225
1100.418000   -1.044929
1100.419000   -1.027505
1100.420000   -1.002716
1100.421000   -0.975184
1100.422000   -0.949326
1100.423000   -0.928619
1100.424000   -0.915203
1100.425000   -0.909748
1100.426000   -0.911492
1100.427000   -0.918409
1100.428000   -0.927603
1100.429000   -0.935933
1100.430000   -0.940850
1100.431000   -0.941144
1100.432000   -0.937242
1100.433000   -0.930864
1100.434000   -0.924268
1100.435000   -0.919451
1100.436000   -0.917631
1100.437000   -0.919049
1100.438000   -0.923016
1100.439000   -0.928054
1100.440000   -0.932135
1100.441000   -0.932991
1100.442000   -0.928550
1100.443000   -0.917500
1100.444000   -0.899813
1100.445000   -0.876970
1100.446000   -0.851696
1100.447000   -0.827322
1100.448000   -0.807044
1100.449000   -0.793312
1100.450000   -0.787421
1100.451000   -0.789308
1100.452000   -0.797501
1100.453000   -0.809209
1100.454000   -0.820698
1100.455000   -0.827992
1100.456000   -0.827899
1100.457000   -0.819062
1100.458000   -0.802518
1100.459000   -0.781404
1100.460000   -0.759895
1100.461000   -0.741917
1100.462000   -0.730098
1100.463000   -0.725190
1100.464000   -0.725942
1100.465000   -0.729394
1100.466000   -0.731550
1100.467000   -0.728415
1100.468000   -0.717186
1100.469000   -0.697179
1100.470000   -0.670079
1100.471000   -0.639396
1100.472000   -0.609508
1100.473000   -0.584726
1100.474000   -0.568612
1100.475000   -0.563545
1100.476000   -0.570436
1100.477000   -0.588480
1100.478000   -0.614963
1100.479000   -0.645233
1100.480000   -0.673150
1100.481000   -0.692365
1100.482000   -0.698358
1100.483000   -0.690248
1100.484000   -0.671078
1100.485000   -0.646347
1100.486000   -0.621905
1100.487000   -0.602406
1100.488000   -0.590669
1100.489000   -0.587692
1100.490000   -0.592961
1100.491000   -0.604827
1100.492000   -0.620893
1100.493000   -0.638413
1100.494000   -0.654759
1100.495000   -0.667887
1100.496000   -0.676697
1100.497000   -0.681208
1100.498000   -0.682459
1100.499000   -0.682190
1100.500000   -0.682396
1100.501000   -0.684915
1100.501000   -0.684915
1100.502000   -0.691132
1100.503000   -0.701817
1100.504000   -0.717007
1100.505000   -0.735903
1100.506000   -0.756848
1100.507000   -0.777514
1100.508000   -0.795401
1100.509000   -0.808554
1100.510000   -0.816216
1100.511000   -0.819122
1100.512000   -0.819302
1100.513000   -0.819492
1100.514000   -0.822402
1100.515000   -0.830036
1100.516000   -0.843154
1100.517000   -0.860936
1100.518000   -0.880877
1100.519000   -0.899039
1100.520000   -0.910832
1100.521000   -0.912286
1100.522000   -0.901436
1100.523000   -0.879140
1100.524000   -0.848838
1100.525000   -0.815463
1100.526000   -0.784150
1100.527000   -0.759270
1100.528000   -0.743955
1100.529000   -0.739939
1100.530000   -0.747541
1100.531000   -0.765636
1100.532000   -0.791558
1100.533000   -0.821067
1100.534000   -0.848637
1100.535000   -0.868369
1100.536000   -0.875583
1100.537000   -0.868470
1100.538000   -0.848768
1100.539000   -0.820928
1100.540000   -0.790439
1100.541000   -0.762323
1100.542000   -0.740360
1100.543000   -0.726922
1100.544000   -0.723127
1100.545000   -0.729023
1100.546000   -0.743656
1100.547000   -0.764993
1100.548000   -0.789772
1100.549000   -0.813521
1100.550000   -0.831056
1100.551000   -0.837742
1100.552000   -0.831141
1100.553000   -0.812154
1100.554000   -0.784814
1100.555000   -0.754885
1100.556000   -0.728202
1100.557000   -0.709491
1100.558000   -0.701751
1100.559000   -0.705957
1100.560000   -0.720863
1100.561000   -0.742887
1100.562000   -0.766347
1100.563000   -0.784391
1100.564000   -0.790839
1100.565000   -0.782426
1100.566000   -0.760216
1100.567000   -0.729129
1100.568000   -0.695992
1100.569000   -0.667379
1100.570000   -0.648150
1100.571000   -0.640823
1100.572000   -0.645501
1100.573000   -0.660104
1100.574000   -0.680787
1100.575000   -0.702569
1100.576000   -0.720294
1100.577000   -0.729882
1100.578000   -0.729507
1100.579000   -0.720079
1100.580000   -0.704708
1100.581000   -0.687529
1100.582000   -0.672586
1100.583000   -0.663191
1100.584000   -0.661701
1100.585000   -0.669449
1100.586000   -0.686607
1100.587000   -0.711975
1100.588000   -0.742784
1100.589000   -0.774705
1100.590000   -0.802393
1100.591000   -0.820738
1100.592000   -0.826549
1100.593000   -0.819773
1100.594000   -0.803437
1100.595000   -0.782353
1100.596000   -0.761546
1100.597000   -0.745192
1100.598000   -0.736285
1100.599000   -0.736743
1100.600000   -0.747571
1100.601000   -0.768832
1100.602000   -0.799309
1100.603000   -0.835918
1100.604000   -0.873289
1100.605000   -0.904253
1100.606000   -0.921821
1100.607000   -0.922175
1100.608000   -0.906736
1100.609000   -0.881567
1100.610000   -0.854707
1100.611000   -0.833498
1100.612000   -0.823097
1100.613000   -0.826167
1100.614000   -0.843065
1100.615000   -0.872086
1100.616000   -0.909589
1100.617000   -0.950071
1100.618000   -0.986460
1100.619000   -1.011138
1100.620000   -1.017906
1100.621000   -1.004288
1100.622000   -0.972635
1100.623000   -0.929075
1100.624000   -0.881133
1100.625000   -0.835659
1100.626000   -0.797845
1100.627000   -0.771171
1100.628000   -0.757651
1100.629000   -0.757964
1100.630000   -0.771390
1100.631000   -0.795625
1100.632000   -0.826618
1100.633000   -0.858654
1100.634000   -0.885029
1100.635000   -0.899652
1100.636000   -0.899125
1100.637000   -0.884123
1100.638000   -0.859039
1100.639000   -0.830191
1100.640000   -0.803869
1100.641000   -0.785148
1100.642000   -0.777525
1100.643000   -0.782955
1100.644000   -0.801926
1100.645000   -0.833421
1100.646000   -0.874673
1100.647000   -0.920776
1100.648000   -0.964507
1100.649000   -0.997217
1100.650000   -1.011209
1100.651000   -1.002931
1100.652000   -0.974812
1100.653000   -0.934120
1100.654000   -0.889972
1100.655000   -0.850695
1100.656000   -0.822510
1100.657000   -0.809159
1100.658000   -0.811752
1100.659000   -0.828467
1100.660000   -0.854195
1100.661000   -0.880686
1100.662000   -0.898162
1100.663000   -0.898763
1100.664000   -0.880310
1100.665000   -0.847379
1100.666000   -0.808683
1100.667000   -0.773145
1100.668000   -0.747338
1100.669000   -0.734848
1100.670000   -0.736710
1100.671000   -0.752040
1100.672000   -0.778398
1100.673000   -0.811719
1100.674000   -0.846050
1100.675000   -0.873740
1100.676000   -0.886937
1100.677000   -0.880537
1100.678000   -0.855010
1100.679000   -0.816635
1100.680000   -0.774837
1100.681000   -0.738888
1100.682000   -0.715775
1100.683000   -0.709425
1100.684000   -0.720665
1100.685000   -0.747354
1100.686000   -0.784473
1100.687000   -0.824392
1100.688000   -0.857892
1100.689000   -0.876485
1100.690000   -0.875578
1100.691000   -0.856544
1100.692000   -0.825834
1100.693000   -0.791933
1100.694000   -0.762471
1100.695000   -0.742783
1100.696000   -0.735750
1100.697000   -0.742264
1100.698000   -0.761704
1100.699000   -0.792101
1100.700000   -0.829894
1100.701000   -0.869595
1100.702000   -0.903908
1100.703000   -0.925077
1100.704000   -0.927518
1100.705000   -0.910404
1100.706000   -0.878264
1100.707000   -0.839113
1100.708000   -0.801699
1100.709000   -0.773436
1100.710000   -0.759367
1100.711000   -0.761796
1100.712000   -0.780156
1100.713000   -0.810869
1100.714000   -0.847315
1100.715000   -0.880470
1100.716000   -0.900973
1100.717000   -0.902519
1100.718000   -0.884650
1100.719000   -0.852547
1100.720000   -0.814005
1100.721000   -0.776219
1100.722000   -0.744188
1100.723000   -0.720667
1100.724000   -0.706865
1100.725000   -0.703155
1100.726000   -0.709355
1100.727000   -0.724517
1100.728000   -0.746432
1100.729000   -0.771202
1100.730000   -0.793376
1100.731000   -0.807050
1100.732000   -0.807974
1100.733000   -0.795658
1100.734000   -0.773934
1100.735000   -0.749438
1100.736000   -0.729145
1100.737000   -0.718358
1100.738000   -0.719741
1100.739000   -0.733178
1100.740000   -0.756082
1100.741000   -0.783954
1100.742000   -0.811152
1100.743000   -0.831965
1100.744000   -0.841912
1100.745000   -0.838938
1100.746000   -0.823949
1100.747000   -0.800386
1100.748000   -0.773102
1100.749000   -0.747116
1100.750000   -0.726670
1100.751000   -0.714644
1100.752000   -0.712194
1100.753000   -0.718507
1100.754000   -0.730747
1100.755000   -0.744398
1100.756000   -0.754232
1100.757000   -0.755861
1100.758000   -0.747413
1100.759000   -0.730418
1100.760000   -0.709313
1100.761000   -0.689832
1100.762000   -0.677193
1100.763000   -0.674813
1100.764000   -0.683709
1100.765000   -0.702455
1100.766000   -0.727501
1100.767000   -0.753769
1100.768000   -0.775587
1100.769000   -0.787961
1100.770000   -0.787940
1100.771000   -0.775434
1100.772000   -0.753013
1100.773000   -0.724801
1100.774000   -0.695169
1100.775000   -0.667840
1100.776000   -0.645571
1100.777000   -0.630211
1100.778000   -0.622853
1100.779000   -0.623828
1100.780000   -0.632535
1100.781000   -0.647231
1100.782000   -0.665063
1100.783000   -0.682539
1100.784000   -0.696399
1100.785000   -0.704623
1100.786000   -0.707084
1100.787000   -0.705532
1100.788000   -0.702855
1100.789000   -0.701955
1100.790000   -0.704703
1100.791000   -0.711349
1100.792000   -0.720500
1100.793000   -0.729651
1100.794000   -0.736089
1100.795000   -0.737865
1100.796000   -0.734471
1100.797000   -0.726952
1100.798000   -0.717525
1100.799000   -0.708921
1100.800000   -0.703752
1100.801000   -0.704023
1100.802000   -0.710902
1100.803000   -0.724656
1100.804000   -0.744683
1100.805000   -0.769504
1100.806000   -0.796710
1100.807000   -0.822956
1100.808000   -0.844250
1100.809000   -0.856752
1100.810000   -0.857949
1100.811000   -0.847680
1100.812000   -0.828343
1100.813000   -0.804155
1100.814000   -0.779931
1100.815000   -0.760005
1100.816000   -0.747617
1100.817000   -0.744659
1100.818000   -0.751593
1100.819000   -0.767417
1100.820000   -0.789688
1100.821000   -0.814639
1100.822000   -0.837521
1100.823000   -0.853364
1100.824000   -0.858187
1100.825000   -0.850276
1100.826000   -0.830882
1100.827000   -0.803849
1100.828000   -0.774441
1100.829000   -0.748048
1100.830000   -0.729263
1100.831000   -0.721394
1100.832000   -0.726201
1100.833000   -0.743623
1100.834000   -0.771450
1100.835000   -0.805050
1100.836000   -0.837525
1100.837000   -0.860844
1100.838000   -0.868257
1100.839000   -0.857199
1100.840000   -0.830732
1100.841000   -0.796259
1100.842000   -0.762539
1100.843000   -0.737024
1100.844000   -0.724435
1100.845000   -0.726329
1100.846000   -0.741137
1100.847000   -0.764432
1100.848000   -0.789501
1100.849000   -0.808574
1100.850000   -0.814885
1100.851000   -0.805046
1100.852000   -0.780381
1100.853000   -0.746236
1100.854000   -0.709857
1100.855000   -0.678266
1100.856000   -0.656971
1100.857000   -0.649419
1100.858000   -0.656758
1100.859000   -0.677627
1100.860000   -0.707965
1100.861000   -0.741174
1100.862000   -0.769131
1100.863000   -0.784402
1100.864000   -0.783065
1100.865000   -0.766402
1100.866000   -0.740144
1100.867000   -0.711937
1100.868000   -0.688827
1100.869000   -0.675750
1100.870000   -0.674967
1100.871000   -0.686010
1100.872000   -0.705844
1100.873000   -0.729252
1100.874000   -0.749740
1100.875000   -0.761183
1100.876000   -0.759889
1100.877000   -0.746005
1100.878000   -0.723242
1100.879000   -0.697110
1100.880000   -0.672956
1100.881000   -0.654822
1100.882000   -0.645256
1100.883000   -0.645661
1100.884000   -0.656650
1100.885000   -0.678116
1100.886000   -0.708963
1100.887000   -0.746607
1100.888000   -0.786520
1100.889000   -0.822264
1100.890000   -0.846590
1100.891000   -0.853816
1100.892000   -0.842537
1100.893000   -0.816713
1100.894000   -0.784143
1100.895000   -0.753552
1100.896000   -0.732178
1100.897000   -0.724601
1100.898000   -0.732542
1100.899000   -0.755109
1100.900000   -0.789154
1100.901000   -0.829623
1100.902000   -0.869991
1100.903000   -0.903067
1100.904000   -0.922502
1100.905000   -0.924732
1100.906000   -0.910333
1100.907000   -0.883811
1100.908000   -0.852003
1100.909000   -0.822191
1100.910000   -0.800775
1100.911000   -0.792593
1100.912000   -0.800542
1100.913000   -0.825177
1100.914000   -0.864149
1100.915000   -0.911573
1100.916000   -0.957859
1100.917000   -0.991069
1100.918000   -1.000564
1100.919000   -0.981924
1100.920000   -0.939325
1100.921000   -0.882999
1100.922000   -0.824413
1100.923000   -0.772940
1100.924000   -0.734824
1100.925000   -0.713530
1100.926000   -0.710394
1100.927000   -0.725021
1100.928000   -0.755274
1100.929000   -0.796935
1100.930000   -0.843320
1100.931000   -0.885521
1100.932000   -0.914181
1100.933000   -0.922872
1100.934000   -0.911157
1100.935000   -0.884658
1100.936000   -0.852059
1100.937000   -0.821718
1100.938000   -0.799774
1100.939000   -0.789645
1100.940000   -0.792113
1100.941000   -0.805440
1100.942000   -0.825344
1100.943000   -0.845170
1100.944000   -0.856852
1100.945000   -0.853228
1100.946000   -0.831185
1100.947000   -0.793500
1100.948000   -0.747605
1100.949000   -0.702377
1100.950000   -0.665339
1100.951000   -0.641407
1100.952000   -0.632864
1100.953000   -0.639804
1100.954000   -0.660488
1100.955000   -0.691372
1100.956000   -0.726943
1100.957000   -0.759803
1100.958000   -0.781722
1100.959000   -0.786002
1100.960000   -0.770289
1100.961000   -0.737844
1100.962000   -0.696091
1100.963000   -0.653797
1100.964000   -0.618722
1100.965000   -0.596431
1100.966000   -0.589915
1100.967000   -0.599504
1100.968000   -0.622895
1100.969000   -0.655295
1100.970000   -0.689897
1100.971000   -0.718993
1100.972000   -0.735932
1100.973000   -0.737363
1100.974000   -0.724407
1100.975000   -0.701827
1100.976000   -0.675818
1100.977000   -0.651935
1100.978000   -0.634086
1100.979000   -0.624518
1100.980000   -0.624322
1100.981000   -0.633921
1100.982000   -0.653237
1100.983000   -0.681492
1100.984000   -0.716744
1100.985000   -0.755459
1100.986000   -0.792526
1100.987000   -0.822012
1100.988000   -0.838691
1100.989000   -0.839843
1100.990000   -0.826276
1100.991000   -0.801903
1100.992000   -0.772221
1100.993000   -0.742707
1100.994000   -0.717810
1100.995000   -0.700612
1100.996000   -0.692948
1100.997000   -0.695723
1100.998000   -0.709164
1100.999000   -0.732838
1101.000000   -0.765404
1101.001000   -0.804241
1101.001000   -0.804241
1101.002000   -0.845213
1101.003000   -0.882939
1101.004000   -0.911859
1101.005000   -0.927951
1101.006000   -0.930261
1101.007000   -0.921240
1101.008000   -0.905645
1101.009000   -0.888771
1101.010000   -0.874993
1101.011000   -0.866974
1101.012000   -0.865470
1101.013000   -0.869503
1101.014000   -0.876737
1101.015000   -0.884007
1101.016000   -0.888039
1101.017000   -0.886302
1101.018000   -0.877743
1101.019000   -0.863051
1101.020000   -0.844238
1101.021000   -0.823829
1101.022000   -0.804122
1101.023000   -0.786798
1101.024000   -0.772919
1101.025000   -0.763131
1101.026000   -0.757878
1101.027000   -0.757489
1101.028000   -0.762096
1101.029000   -0.771457
1101.030000   -0.784871
1101.031000   -0.801230
1101.032000   -0.819266
1101.033000   -0.837864
1101.034000   -0.856344
1101.035000   -0.874521
1101.036000   -0.892482
1101.037000   -0.910156
1101.038000   -0.926895
1101.039000   -0.941262
1101.040000   -0.951159
1101.041000   -0.954326
1101.042000   -0.949055
1101.043000   -0.934873
1101.044000   -0.912870
1101.045000   -0.885470
1101.046000   -0.855766
1101.047000   -0.826766
1101.048000   -0.800872
1101.049000   -0.779726
1101.050000   -0.764324
1101.051000   -0.755256
1101.052000   -0.752838
1101.053000   -0.757043
1101.054000   -0.767171
1101.055000   -0.781491
1101.056000   -0.797111
1101.057000   -0.810310
1101.058000   -0.817328
1101.059000   -0.815419
1101.060000   -0.803745
1101.061000   -0.783681
1101.062000   -0.758342
1101.063000   -0.731587
1101.064000   -0.707018
1101.065000   -0.687317
1101.066000   -0.673993
1101.067000   -0.667492
1101.068000   -0.667514
1101.069000   -0.673262
1101.070000   -0.683591
1101.071000   -0.697011
1101.072000   -0.711641
1101.073000   -0.725242
1101.074000   -0.735472
1101.075000   -0.740367
1101.076000   -0.738895
1101.077000   -0.731306
1101.078000   -0.719114
1101.079000   -0.704721
1101.080000   -0.690833
1101.081000   -0.679876
1101.082000   -0.673587
1101.083000   -0.672912
1101.084000   -0.678138
1101.085000   -0.689121
1101.086000   -0.705391
1101.087000   -0.726133
1101.088000   -0.750021
1101.089000   -0.775011
1101.090000   -0.798228
1101.091000   -0.816108
1101.092000   -0.824993
1101.093000   -0.822134
1101.094000   -0.806779
1101.095000   -0.780771
1101.096000   -0.748303
1101.097000   -0.714940
1101.098000   -0.686345
1101.099000   -0.667159
1101.100000   -0.660215
1101.101000   -0.666158
1101.102000   -0.683486
1101.103000   -0.708981
1101.104000   -0.738400
1101.105000   -0.767306
1101.106000   -0.791836
1101.107000   -0.809274
1101.108000   -0.818280
1101.109000   -0.818836
1101.110000   -0.812011
1101.111000   -0.799661
1101.112000   -0.784174
1101.113000   -0.768260
1101.114000   -0.754717
1101.115000   -0.746103
1101.116000   -0.744304
1101.117000   -0.750100
1101.118000   -0.762925
1101.119000   -0.780899
1101.120000   -0.801169
1101.121000   -0.820487
1101.122000   -0.835862
1101.123000   -0.845167
1101.124000   -0.847536
1101.125000   -0.843427
1101.126000   -0.834409
1101.127000   -0.822791
1101.128000   -0.811246
1101.129000   -0.802494
1101.130000   -0.798985
1101.131000   -0.802520
1101.132000   -0.813766
1101.133000   -0.831761
1101.134000   -0.853638
1101.135000   -0.874804
1101.136000   -0.889739
1101.137000   -0.893366
1101.138000   -0.882612
1101.139000   -0.857473
1101.140000   -0.821093
1101.141000   -0.778832
1101.142000   -0.736881
1101.143000   -0.700927
1101.144000   -0.675168
1101.145000   -0.661822
1101.146000   -0.661096
1101.147000   -0.671483
1101.148000   -0.690217
1101.149000   -0.713703
1101.150000   -0.737825
1101.151000   -0.758208
1101.152000   -0.770690
1101.153000   -0.772162
1101.154000   -0.761461
1101.155000   -0.739808
1101.156000   -0.710445
1101.157000   -0.677730
1101.158000   -0.646180
1101.159000   -0.619770
1101.160000   -0.601565
1101.161000   -0.593528
1101.162000   -0.596400
1101.163000   -0.609655
1101.164000   -0.631479
1101.165000   -0.658731
1101.166000   -0.686930
1101.167000   -0.710550
1101.168000   -0.724047
1101.169000   -0.723587
1101.170000   -0.708684
1101.171000   -0.682560
1101.172000   -0.650904
1101.173000   -0.619969
1101.174000   -0.595119
1101.175000   -0.580163
1101.176000   -0.577199
1101.177000   -0.586552
1101.178000   -0.606736
1101.179000   -0.634586
1101.180000   -0.665729
1101.181000   -0.695442
1101.182000   -0.719778
1101.183000   -0.736546
1101.184000   -0.745679
1101.185000   -0.748834
1101.186000   -0.748484
1101.187000   -0.746929
1101.188000   -0.745547
1101.189000   -0.744394
1101.190000   -0.742201
1101.191000   -0.736805
1101.192000   -0.725986
1101.193000   -0.708516
1101.194000   -0.685017
1101.195000   -0.658141
1101.196000   -0.631981
1101.197000   -0.611027
1101.198000   -0.599177
1101.199000   -0.599084
1101.200000   -0.611842
1101.201000   -0.636862
1101.202000   -0.671746
1101.203000   -0.712133
1101.204000   -0.751814
1101.205000   -0.783706
1101.206000   -0.801954
1101.207000   -0.804301
1101.208000   -0.793042
1101.209000   -0.773745
1101.210000   -0.752900
1101.211000   -0.736079
1101.212000   -0.727220
1101.213000   -0.728647
1101.214000   -0.741218
1101.215000   -0.764306
1101.216000   -0.795545
1101.217000   -0.830329
1101.218000   -0.861514
1101.219000   -0.880262
1101.220000   -0.878956
1101.221000   -0.855127
1101.222000   -0.813252
1101.223000   -0.762585
1101.224000   -0.713212
1101.225000   -0.673271
1101.226000   -0.648040
1101.227000   -0.640166
1101.228000   -0.650098
1101.229000   -0.676227
1101.230000   -0.714777
1101.231000   -0.759702
1101.232000   -0.803076
1101.233000   -0.836503
1101.234000   -0.853444
1101.235000   -0.851401
1101.236000   -0.832498
1101.237000   -0.802145
1101.238000   -0.766947
1101.239000   -0.733108
1101.240000   -0.705697
1101.241000   -0.688394
1101.242000   -0.683337
1101.243000   -0.690891
1101.244000   -0.709379
1101.245000   -0.734862
1101.246000   -0.761288
1101.247000   -0.781397
1101.248000   -0.788607
1101.249000   -0.779368
1101.250000   -0.754536
1101.251000   -0.718790
1101.252000   -0.678670
1101.253000   -0.640690
1101.254000   -0.610325
1101.255000   -0.591777
1101.256000   -0.588022
1101.257000   -0.600768
1101.258000   -0.630294
1101.259000   -0.675152
1101.260000   -0.731817
1101.261000   -0.794331
1101.262000   -0.854183
1101.263000   -0.901094
1101.264000   -0.925410
1101.265000   -0.921738
1101.266000   -0.891489
1101.267000   -0.841935
1101.268000   -0.782822
1101.269000   -0.723372
1101.270000   -0.670935
1101.271000   -0.630836
1101.272000   -0.606615
1101.273000   -0.600087
1101.274000   -0.611159
1101.275000   -0.637453
1101.276000   -0.673927
1101.277000   -0.712795
1101.278000   -0.744419
1101.279000   -0.759769
1101.280000   -0.753902
1101.281000   -0.728291
1101.282000   -0.689997
1101.283000   -0.648445
1101.284000   -0.612342
1101.285000   -0.588165
1101.286000   -0.580013
1101.287000   -0.589979
1101.288000   -0.618524
1101.289000   -0.664612
1101.290000   -0.725442
1101.291000   -0.795399
1101.292000   -0.864390
1101.293000   -0.917268
1101.294000   -0.937227
1101.295000   -0.915022
1101.296000   -0.856732
1101.297000   -0.779689
1101.298000   -0.702306
1101.299000   -0.638133
1101.300000   -0.595129
1101.301000   -0.576962
1101.302000   -0.584230
1101.303000   -0.615100
1101.304000   -0.665366
1101.305000   -0.728094
1101.306000   -0.793252
1101.307000   -0.848379
1101.308000   -0.881547
1101.309000   -0.886436
1101.310000   -0.865779
1101.311000   -0.829536
1101.312000   -0.789725
1101.313000   -0.756455
1101.314000   -0.736615
1101.315000   -0.734218
1101.316000   -0.751001
1101.317000   -0.786559
1101.318000   -0.837851
1101.319000   -0.898107
1101.320000   -0.955603
1101.321000   -0.994289
1101.322000   -0.998960
1101.323000   -0.964054
1101.324000   -0.897902
1101.325000   -0.817020
1101.326000   -0.737703
1101.327000   -0.671970
1101.328000   -0.627378
1101.329000   -0.608141
1101.330000   -0.616040
1101.331000   -0.650677
1101.332000   -0.709021
1101.333000   -0.784031
1101.334000   -0.862715
1101.335000   -0.925917
1101.336000   -0.953614
1101.337000   -0.936774
1101.338000   -0.884505
1101.339000   -0.816110
1101.340000   -0.749409
1101.341000   -0.695964
1101.342000   -0.661923
1101.343000   -0.650177
1101.344000   -0.661631
1101.345000   -0.695383
1101.346000   -0.747945
1101.347000   -0.811511
1101.348000   -0.871972
1101.349000   -0.909684
1101.350000   -0.907204
1101.351000   -0.861461
1101.352000   -0.786585
1101.353000   -0.703423
1101.354000   -0.629417
1101.355000   -0.575457
1101.356000   -0.547034
1101.357000   -0.546011
1101.358000   -0.571699
1101.359000   -0.621269
1101.360000   -0.689656
1101.361000   -0.768852
1101.362000   -0.846920
1101.363000   -0.908377
1101.364000   -0.937850
1101.365000   -0.927458
1101.366000   -0.882138
1101.367000   -0.816351
1101.368000   -0.746244
1101.369000   -0.684594
1101.370000   -0.639704
1101.371000   -0.616165
1101.372000   -0.615719
1101.373000   -0.637630
1101.374000   -0.678481
1101.375000   -0.731519
1101.376000   -0.786032
1101.377000   -0.828073
1101.378000   -0.844230
1101.379000   -0.827903
1101.380000   -0.783173
1101.381000   -0.721935
1101.382000   -0.657638
1101.383000   -0.601060
1101.384000   -0.559349
1101.385000   -0.536709
1101.386000   -0.535278
1101.387000   -0.555613
1101.388000   -0.596797
1101.389000   -0.656042
1101.390000   -0.727731
1101.391000   -0.801961
1101.392000   -0.863853
1101.393000   -0.896199
1101.394000   -0.887216
1101.395000   -0.838590
1101.396000   -0.764244
1101.397000   -0.681569
1101.398000   -0.604732
1101.399000   -0.542857
1101.400000   -0.500998
1101.401000   -0.481498
1101.402000   -0.484769
1101.403000   -0.509695
1101.404000   -0.553795
1101.405000   -0.613169
1101.406000   -0.682125
1101.407000   -0.752625
1101.408000   -0.814243
1101.409000   -0.855779
1101.410000   -0.868888
1101.411000   -0.851914
1101.412000   -0.810578
1101.413000   -0.754827
1101.414000   -0.694880
1101.415000   -0.639059
1101.416000   -0.593481
1101.417000   -0.562417
1101.418000   -0.548642
1101.419000   -0.553604
1101.420000   -0.577366
1101.421000   -0.618305
1101.422000   -0.672474
1101.423000   -0.732751
1101.424000   -0.788331
1101.425000   -0.825993
1101.426000   -0.834429
1101.427000   -0.809791
1101.428000   -0.757700
1101.429000   -0.689565
1101.430000   -0.617262
1101.431000   -0.550073
1101.432000   -0.494109
1101.433000   -0.453116
1101.434000   -0.429261
1101.435000   -0.423491
1101.436000   -0.435658
1101.437000   -0.464664
1101.438000   -0.508566
1101.439000   -0.564504
1101.440000   -0.628306
1101.441000   -0.693771
1101.442000   -0.752145
1101.443000   -0.793094
1101.444000   -0.807849
1101.445000   -0.793423
1101.446000   -0.754566
1101.447000   -0.701458
1101.448000   -0.645495
1101.449000   -0.596232
1101.450000   -0.560326
1101.451000   -0.541735
1101.452000   -0.542092
1101.453000   -0.560980
1101.454000   -0.596132
1101.455000   -0.643555
1101.456000   -0.697527
1101.457000   -0.750651
1101.458000   -0.794453
1101.459000   -0.821020
1101.460000   -0.825444
1101.461000   -0.807745
1101.462000   -0.772758
1101.463000   -0.728105
1101.464000   -0.681803
1101.465000   -0.640754
1101.466000   -0.610265
1101.467000   -0.594051
1101.468000   -0.594301
1101.469000   -0.611704
1101.470000   -0.645357
1101.471000   -0.692537
1101.472000   -0.748281
1101.473000   -0.804970
1101.474000   -0.852532
1101.475000   -0.880407
1101.476000   -0.881478
1101.477000   -0.855738
1101.478000   -0.810295
1101.479000   -0.755631
1101.480000   -0.701600
1101.481000   -0.655469
1101.482000   -0.621844
1101.483000   -0.603236
1101.484000   -0.600549
1101.485000   -0.613333
1101.486000   -0.639867
1101.487000   -0.677176
1101.488000   -0.720977
1101.489000   -0.765663
1101.490000   -0.804504
1101.491000   -0.830537
1101.492000   -0.838404
1101.493000   -0.826491
1101.494000   -0.797902
1101.495000   -0.759331
1101.496000   -0.718706
1101.497000   -0.683153
1101.498000   -0.658031
1101.499000   -0.646820
1101.500000   -0.651324
1101.501000   -0.671744
1101.501000   -0.671744
1101.502000   -0.706494
1101.503000   -0.751802
1101.504000   -0.801328
1101.505000   -0.846267
1101.506000   -0.876705
1101.507000   -0.884677
1101.508000   -0.867614
1101.509000   -0.829497
1101.510000   -0.778632
1101.511000   -0.724106
1101.512000   -0.673424
1101.513000   -0.631888
1101.514000   -0.602977
1101.515000   -0.588923
1101.516000   -0.591092
1101.517000   -0.610007
1101.518000   -0.644911
1101.519000   -0.692890
1101.520000   -0.747729
1101.521000   -0.799234
1101.522000   -0.834600
1101.523000   -0.842880
1101.524000   -0.820910
1101.525000   -0.775490
1101.526000   -0.719410
1101.527000   -0.665696
1101.528000   -0.624247
1101.529000   -0.601032
1101.530000   -0.598572
1101.531000   -0.616522
1101.532000   -0.651927
1101.533000   -0.699104
1101.534000   -0.749343
1101.535000   -0.791363
1101.536000   -0.813914
1101.537000   -0.810473
1101.538000   -0.782886
1101.539000   -0.740138
1101.540000   -0.693592
1101.541000   -0.653052
1101.542000   -0.625342
1101.543000   -0.614560
1101.544000   -0.622605
1101.545000   -0.649189
1101.546000   -0.691085
1101.547000   -0.740992
1101.548000   -0.787189
1101.549000   -0.815807
1101.550000   -0.816673
1101.551000   -0.789596
1101.552000   -0.744457
1101.553000   -0.695042
1101.554000   -0.653148
1101.555000   -0.626274
1101.556000   -0.617802
1101.557000   -0.627870
1101.558000   -0.654078
1101.559000   -0.691801
1101.560000   -0.734246
1101.561000   -0.772669
1101.562000   -0.797628
1101.563000   -0.801754
1101.564000   -0.783132
1101.565000   -0.746448
1101.566000   -0.700727
1101.567000   -0.655775
1101.568000   -0.619841
1101.569000   -0.598919
1101.570000   -0.596904
1101.571000   -0.615675
1101.572000   -0.654739
1101.573000   -0.710422
1101.574000   -0.774899
1101.575000   -0.835855
1101.576000   -0.878408
1101.577000   -0.890538
1101.578000   -0.869778
1101.579000   -0.824830
1101.580000   -0.770207
1101.581000   -0.719720
1101.582000   -0.683139
1101.583000   -0.665750
1101.584000   -0.669128
1101.585000   -0.691995
1101.586000   -0.730745
1101.587000   -0.779589
1101.588000   -0.830433
1101.589000   -0.873217
1101.590000   -0.897747
1101.591000   -0.897337
1101.592000   -0.872148
1101.593000   -0.829131
1101.594000   -0.778615
1101.595000   -0.730679
1101.596000   -0.693293
1101.597000   -0.671931
1101.598000   -0.669707
1101.599000   -0.687386
1101.600000   -0.723184
1101.601000   -0.772441
1101.602000   -0.827384
1101.603000   -0.877433
1101.604000   -0.910951
1101.605000   -0.919076
1101.606000   -0.899968
1101.607000   -0.859680
1101.608000   -0.808583
1101.609000   -0.756814
1101.610000   -0.711795
1101.611000   -0.678003
1101.612000   -0.657734
1101.613000   -0.651914
1101.614000   -0.660515
1101.615000   -0.682461
1101.616000   -0.715183
1101.617000   -0.754067
1101.618000   -0.792255
1101.619000   -0.821429
1101.620000   -0.834074
1101.621000   -0.826603
1101.622000   -0.801279
1101.623000   -0.765305
1101.624000   -0.727837
1101.625000   -0.697101
1101.626000   -0.678812
1101.627000   -0.675803
1101.628000   -0.688241
1101.629000   -0.713957
1101.630000   -0.748691
1101.631000   -0.786306
1101.632000   -0.819357
1101.633000   -0.840460
1101.634000   -0.844482
1101.635000   -0.830485
1101.636000   -0.801993
1101.637000   -0.765300
1101.638000   -0.727190
1101.639000   -0.693323
1101.640000   -0.667584
1101.641000   -0.652030
1101.642000   -0.647033
1101.643000   -0.651424
1101.644000   -0.662678
1101.645000   -0.677268
1101.646000   -0.691236
1101.647000   -0.701000
1101.648000   -0.704225
1101.649000   -0.700423
1101.650000   -0.690929
1101.651000   -0.678259
1101.652000   -0.665204
1101.653000   -0.654100
1101.654000   -0.646466
1101.655000   -0.642998
1101.656000   -0.643695
1101.657000   -0.648016
1101.658000   -0.654917
1101.659000   -0.662861
1101.660000   -0.669915
1101.661000   -0.674053
1101.662000   -0.673663
1101.663000   -0.668090
1101.664000   -0.657947
1101.665000   -0.645044
1101.666000   -0.631983
1101.667000   -0.621585
1101.668000   -0.616338
1101.669000   -0.617954
1101.670000   -0.627112
1101.671000   -0.643428
1101.672000   -0.665580
1101.673000   -0.691502
1101.674000   -0.718548
1101.675000   -0.743649
1101.676000   -0.763555
1101.677000   -0.775255
1101.678000   -0.776688
1101.679000   -0.767453
1101.680000   -0.749081
1101.681000   -0.724632
1101.682000   -0.697868
1101.683000   -0.672420
1101.684000   -0.651250
1101.685000   -0.636374
1101.686000   -0.628739
1101.687000   -0.628182
1101.688000   -0.633517
1101.689000   -0.642811
1101.690000   -0.653783
1101.691000   -0.664265
1101.692000   -0.672604
1101.693000   -0.677913
1101.694000   -0.680101
1101.695000   -0.679682
1101.696000   -0.677494
1101.697000   -0.674468
1101.698000   -0.671563
1101.699000   -0.669833
1101.700000   -0.670554
1101.701000   -0.675209
1101.702000   -0.685318
1101.703000   -0.702082
1101.704000   -0.725881
1101.705000   -0.755696
1101.706000   -0.788586
1101.707000   -0.819471
1101.708000   -0.841696
1101.709000   -0.848709
1101.710000   -0.836579
1101.711000   -0.805828
1101.712000   -0.761123
1101.713000   -0.709150
1101.714000   -0.656308
1101.715000   -0.607439
1101.716000   -0.565652
1101.717000   -0.532708
1101.718000   -0.509512
1101.719000   -0.496483
1101.720000   -0.493796
1101.721000   -0.501470
1101.722000   -0.519343
1101.723000   -0.546921
1101.724000   -0.583142
1101.725000   -0.626005
1101.726000   -0.672135
1101.727000   -0.716425
1101.728000   -0.752253
1101.729000   -0.772862
1101.730000   -0.773828
1101.731000   -0.755305
1101.732000   -0.722254
1101.733000   -0.682517
1101.734000   -0.644316
1101.735000   -0.614527
1101.736000   -0.597915
1101.737000   -0.596929
1101.738000   -0.611602
1101.739000   -0.639430
1101.740000   -0.675367
1101.741000   -0.712244
1101.742000   -0.741934
1101.743000   -0.757352
1101.744000   -0.754819
1101.745000   -0.735545
1101.746000   -0.705220
1101.747000   -0.671941
1101.748000   -0.643853
1101.749000   -0.627453
1101.750000   -0.626809
1101.751000   -0.643351
1101.752000   -0.675800
1101.753000   -0.720043
1101.754000   -0.768902
1101.755000   -0.812474
1101.756000   -0.840039
1101.757000   -0.843857
1101.758000   -0.823041
1101.759000   -0.784044
1101.760000   -0.737304
1101.761000   -0.693208
1101.762000   -0.659857
1101.763000   -0.642494
1101.764000   -0.643585
1101.765000   -0.662880
1101.766000   -0.697230
1101.767000   -0.740399
1101.768000   -0.783276
1101.769000   -0.815355
1101.770000   -0.827855
1101.771000   -0.817357
1101.772000   -0.787276
1101.773000   -0.745888
1101.774000   -0.702705
1101.775000   -0.665829
1101.776000   -0.640961
1101.777000   -0.631544
1101.778000   -0.639168
1101.779000   -0.663735
1101.780000   -0.703210
1101.781000   -0.752922
1101.782000   -0.804835
1101.783000   -0.847764
1101.784000   -0.869848
1101.785000   -0.863481
1101.786000   -0.829551
1101.787000   -0.776793
1101.788000   -0.717116
1101.789000   -0.661194
1101.790000   -0.616641
1101.791000   -0.588088
1101.792000   -0.577820
1101.793000   -0.586313
1101.794000   -0.612598
1101.795000   -0.654454
1101.796000   -0.708414
1101.797000   -0.769498
1101.798000   -0.830845
1101.799000   -0.883845
1101.800000   -0.919778
1101.801000   -0.933119
1101.802000   -0.924651
1101.803000   -0.901565
1101.804000   -0.874343
1101.805000   -0.853017
1101.806000   -0.844890
1101.807000   -0.853759
1101.808000   -0.879818
1101.809000   -0.919606
1101.810000   -0.965960
1101.811000   -1.008519
1101.812000   -1.035721
1101.813000   -1.038705
1101.814000   -1.015356
1101.815000   -0.971124
1101.816000   -0.915813
1101.817000   -0.859360
1101.818000   -0.809314
1101.819000   -0.770388
1101.820000   -0.745116
1101.821000   -0.734582
1101.822000   -0.738854
1101.823000   -0.757106
1101.824000   -0.787434
1101.825000   -0.826434
1101.826000   -0.868767
1101.827000   -0.907225
1101.828000   -0.933995
1101.829000   -0.943233
1101.830000   -0.933696
1101.831000   -0.909457
1101.832000   -0.878078
1101.833000   -0.847788
1101.834000   -0.825350
1101.835000   -0.815142
1101.836000   -0.819003
1101.837000   -0.836337
1101.838000   -0.864209
1101.839000   -0.897412
1101.840000   -0.928783
1101.841000   -0.950286
1101.842000   -0.955154
1101.843000   -0.940441
1101.844000   -0.908304
1101.845000   -0.864947
1101.846000   -0.818181
1101.847000   -0.775316
1101.848000   -0.742142
1101.849000   -0.722677
1101.850000   -0.719096
1101.851000   -0.731492
1101.852000   -0.757411
1101.853000   -0.791343
1101.854000   -0.824704
1101.855000   -0.847179
1101.856000   -0.849972
1101.857000   -0.829866
1101.858000   -0.790971
1101.859000   -0.742432
1101.860000   -0.694313
1101.861000   -0.654578
1101.862000   -0.627997
1101.863000   -0.616311
1101.864000   -0.618810
1101.865000   -0.632912
1101.866000   -0.654668
1101.867000   -0.679249
1101.868000   -0.701576
1101.869000   -0.717143
1101.870000   -0.722930
1101.871000   -0.718174
1101.872000   -0.704572
1101.873000   -0.685812
1101.874000   -0.666658
1101.875000   -0.651993
1101.876000   -0.645992
1101.877000   -0.651469
1101.878000   -0.669304
1101.879000   -0.697971
1101.880000   -0.733296
1101.881000   -0.768708
1101.882000   -0.796351
1101.883000   -0.809182
1101.884000   -0.803485
1101.885000   -0.780392
1101.886000   -0.745359
1101.887000   -0.706073
1101.888000   -0.670178
1101.889000   -0.643833
1101.890000   -0.631147
1101.891000   -0.634065
1101.892000   -0.652291
1101.893000   -0.683090
1101.894000   -0.721065
1101.895000   -0.758384
1101.896000   -0.786113
1101.897000   -0.796966
1101.898000   -0.788418
1101.899000   -0.763885
1101.900000   -0.730980
1101.901000   -0.698407
1101.902000   -0.673547
1101.903000   -0.661373
1101.904000   -0.664193
1101.905000   -0.681668
1101.906000   -0.710858
1101.907000   -0.746283
1101.908000   -0.780270
1101.909000   -0.804119
1101.910000   -0.810482
1101.911000   -0.796293
1101.912000   -0.764290
1101.913000   -0.721724
1101.914000   -0.677329
1101.915000   -0.638704
1101.916000   -0.611133
1101.917000   -0.597527
1101.918000   -0.598782
1101.919000   -0.614054
1101.920000   -0.640813
1101.921000   -0.674736
1101.922000   -0.709665
1101.923000   -0.738171
1101.924000   -0.753084
1101.925000   -0.749838
1101.926000   -0.728416
1101.927000   -0.693459
1101.928000   -0.652480
1101.929000   -0.613534
1101.930000   -0.583516
1101.931000   -0.567293
1101.932000   -0.567344
1101.933000   -0.583625
1101.934000   -0.613562
1101.935000   -0.652161
1101.936000   -0.692313
1101.937000   -0.725666
1101.938000   -0.744494
1101.939000   -0.744198
1101.940000   -0.725117
1101.941000   -0.692215
1101.942000   -0.652927
1101.943000   -0.614809
1101.944000   -0.584083
1101.945000   -0.565144
1101.946000   -0.560502
1101.947000   -0.570726
1101.948000   -0.594290
1101.949000   -0.627364
1101.950000   -0.663766
1101.951000   -0.695515
1101.952000   -0.714484
1101.953000   -0.715023
1101.954000   -0.696290
1101.955000   -0.662504
1101.956000   -0.620947
1101.957000   -0.579257
1101.958000   -0.543630
1101.959000   -0.518217
1101.960000   -0.505259
1101.961000   -0.505428
