1096.972000   -4.010510
1096.973000   -4.022265
1096.974000   -4.030242
1096.975000   -4.032189
1096.976000   -4.026576
1096.977000   -4.013026
1096.978000   -3.992661
1096.979000   -3.968129
1096.980000   -3.943202
1096.981000   -3.922054
1096.982000   -3.908457
1096.983000   -3.905098
1096.984000   -3.913115
1096.985000   -3.931873
1096.986000   -3.958942
1096.987000   -3.990356
1096.988000   -4.021188
1096.989000   -4.046475
1096.990000   -4.062311
1096.991000   -4.066757
1096.992000   -4.060144
1096.993000   -4.044666
1096.994000   -4.023579
1096.995000   -4.000442
1096.996000   -3.978590
1096.997000   -3.960785
1096.998000   -3.948845
1096.999000   -3.943189
1097.000000   -3.942437
1097.001000   -3.943515
1097.001000   -3.943515
1097.002000   -3.942744
1097.003000   -3.937830
1097.004000   -3.929481
1097.005000   -3.921114
1097.006000   -3.916949
1097.007000   -3.920113
1097.008000   -3.931719
1097.009000   -3.950763
1097.010000   -3.974389
1097.011000   -3.998267
1097.012000   -4.017206
1097.013000   -4.026299
1097.014000   -4.022577
1097.015000   -4.006369
1097.016000   -3.981258
1097.017000   -3.952680
1097.018000   -3.926226
1097.019000   -3.906378
1097.020000   -3.895671
1097.021000   -3.894098
1097.022000   -3.898868
1097.023000   -3.905025
1097.024000   -3.907545
1097.025000   -3.904340
1097.026000   -3.897724
1097.027000   -3.892792
1097.028000   -3.894478
1097.029000   -3.905590
1097.030000   -3.926212
1097.031000   -3.953858
1097.032000   -3.983952
1097.033000   -4.010674
1097.034000   -4.028424
1097.035000   -4.033750
1097.036000   -4.026723
1097.037000   -4.010663
1097.038000   -3.990480
1097.039000   -3.970953
1097.040000   -3.955661
1097.041000   -3.946518
1097.042000   -3.943608
1097.043000   -3.945179
1097.044000   -3.947964
1097.045000   -3.948169
1097.046000   -3.943162
1097.047000   -3.932957
1097.048000   -3.920201
1097.049000   -3.908669
1097.050000   -3.901581
1097.051000   -3.900682
1097.052000   -3.906085
1097.053000   -3.916486
1097.054000   -3.929459
1097.055000   -3.941766
1097.056000   -3.949798
1097.057000   -3.950361
1097.058000   -3.941758
1097.059000   -3.924639
1097.060000   -3.901957
1097.061000   -3.878050
1097.062000   -3.857444
1097.063000   -3.843891
1097.064000   -3.839686
1097.065000   -3.845151
1097.066000   -3.858294
1097.067000   -3.874889
1097.068000   -3.889490
1097.069000   -3.897596
1097.070000   -3.897991
1097.071000   -3.893292
1097.072000   -3.888230
1097.073000   -3.887337
1097.074000   -3.893477
1097.075000   -3.907294
1097.076000   -3.927158
1097.077000   -3.949384
1097.078000   -3.968876
1097.079000   -3.980491
1097.080000   -3.981063
1097.081000   -3.971060
1097.082000   -3.954440
1097.083000   -3.936823
1097.084000   -3.923419
1097.085000   -3.917732
1097.086000   -3.921026
1097.087000   -3.932224
1097.088000   -3.948133
1097.089000   -3.964152
1097.090000   -3.975728
1097.091000   -3.980231
1097.092000   -3.978084
1097.093000   -3.972159
1097.094000   -3.966081
1097.095000   -3.962751
1097.096000   -3.963663
1097.097000   -3.968777
1097.098000   -3.976585
1097.099000   -3.984261
1097.100000   -3.988042
1097.101000   -3.984195
1097.102000   -3.970640
1097.103000   -3.948445
1097.104000   -3.921922
1097.105000   -3.897107
1097.106000   -3.879731
1097.107000   -3.873654
1097.108000   -3.879976
1097.109000   -3.896668
1097.110000   -3.918807
1097.111000   -3.939820
1097.112000   -3.953988
1097.113000   -3.959149
1097.114000   -3.957416
1097.115000   -3.953337
1097.116000   -3.951443
1097.117000   -3.954749
1097.118000   -3.964227
1097.119000   -3.978705
1097.120000   -3.994933
1097.121000   -4.008030
1097.122000   -4.012852
1097.123000   -4.006412
1097.124000   -3.990118
1097.125000   -3.969717
1097.126000   -3.952837
1097.127000   -3.946118
1097.128000   -3.953336
1097.129000   -3.974551
1097.130000   -4.005999
1097.131000   -4.040838
1097.132000   -4.071262
1097.133000   -4.091825
1097.134000   -4.101922
1097.135000   -4.105158
1097.136000   -4.106540
1097.137000   -4.110092
1097.138000   -4.117829
1097.139000   -4.129550
1097.140000   -4.142887
1097.141000   -4.153473
1097.142000   -4.155635
1097.143000   -4.144269
1097.144000   -4.117784
1097.145000   -4.080057
1097.146000   -4.039275
1097.147000   -4.004609
1097.148000   -3.983225
1097.149000   -3.978567
1097.150000   -3.989614
1097.151000   -4.010831
1097.152000   -4.033349
1097.153000   -4.048310
1097.154000   -4.051625
1097.155000   -4.046165
1097.156000   -4.038991
1097.157000   -4.036910
1097.158000   -4.043936
1097.159000   -4.060781
1097.160000   -4.085213
1097.161000   -4.112634
1097.162000   -4.136873
1097.163000   -4.151630
1097.164000   -4.152747
1097.165000   -4.140324
1097.166000   -4.118850
1097.167000   -4.095142
1097.168000   -4.075852
1097.169000   -4.065848
1097.170000   -4.067451
1097.171000   -4.080088
1097.172000   -4.100195
1097.173000   -4.121729
1097.174000   -4.137948
1097.175000   -4.144501
1097.176000   -4.141880
1097.177000   -4.134778
1097.178000   -4.129126
1097.179000   -4.129577
1097.180000   -4.138472
1097.181000   -4.155742
1097.182000   -4.179059
1097.183000   -4.203967
1097.184000   -4.224252
1097.185000   -4.233173
1097.186000   -4.225979
1097.187000   -4.202520
1097.188000   -4.167569
1097.189000   -4.128468
1097.190000   -4.092398
1097.191000   -4.064754
1097.192000   -4.048432
1097.193000   -4.043355
1097.194000   -4.046028
1097.195000   -4.049604
1097.196000   -4.045730
1097.197000   -4.028981
1097.198000   -4.000972
1097.199000   -3.969449
1097.200000   -3.943489
1097.201000   -3.929637
1097.202000   -3.930430
1097.203000   -3.944210
1097.204000   -3.965326
1097.205000   -3.984941
1097.206000   -3.993490
1097.207000   -3.985173
1097.208000   -3.961614
1097.209000   -3.930670
1097.210000   -3.901805
1097.211000   -3.882372
1097.212000   -3.876049
1097.213000   -3.882427
1097.214000   -3.897008
1097.215000   -3.911999
1097.216000   -3.919087
1097.217000   -3.914268
1097.218000   -3.900890
1097.219000   -3.887232
1097.220000   -3.881491
1097.221000   -3.888626
1097.222000   -3.909582
1097.223000   -3.941603
1097.224000   -3.978903
1097.225000   -4.013780
1097.226000   -4.038682
1097.227000   -4.049116
1097.228000   -4.045588
1097.229000   -4.032706
1097.230000   -4.016464
1097.231000   -4.002060
1097.232000   -3.992969
1097.233000   -3.990753
1097.234000   -3.994971
1097.235000   -4.003097
1097.236000   -4.010793
1097.237000   -4.013209
1097.238000   -4.007413
1097.239000   -3.994378
1097.240000   -3.978491
1097.241000   -3.965114
1097.242000   -3.958407
1097.243000   -3.960392
1097.244000   -3.970843
1097.245000   -3.987425
1097.246000   -4.005865
1097.247000   -4.020363
1097.248000   -4.024797
1097.249000   -4.014975
1097.250000   -3.990898
1097.251000   -3.957108
1097.252000   -3.920748
1097.253000   -3.889070
1097.254000   -3.867682
1097.255000   -3.859596
1097.256000   -3.864677
1097.257000   -3.879366
1097.258000   -3.897157
1097.259000   -3.910689
1097.260000   -3.915509
1097.261000   -3.912882
1097.262000   -3.908639
1097.263000   -3.909419
1097.264000   -3.919783
1097.265000   -3.941233
1097.266000   -3.972385
1097.267000   -4.009500
1097.268000   -4.047087
1097.269000   -4.078751
1097.270000   -4.098620
1097.271000   -4.103338
1097.272000   -4.093598
1097.273000   -4.073865
1097.274000   -4.050524
1097.275000   -4.029877
1097.276000   -4.016827
1097.277000   -4.014156
1097.278000   -4.022033
1097.279000   -4.037653
1097.280000   -4.055338
1097.281000   -4.067854
1097.282000   -4.069507
1097.283000   -4.059538
1097.284000   -4.042589
1097.285000   -4.025744
1097.286000   -4.015200
1097.287000   -4.014580
1097.288000   -4.024600
1097.289000   -4.043249
1097.290000   -4.066043
1097.291000   -4.086482
1097.292000   -4.097270
1097.293000   -4.092739
1097.294000   -4.071645
1097.295000   -4.038019
1097.296000   -3.999181
1097.297000   -3.962865
1097.298000   -3.935264
1097.299000   -3.920027
1097.300000   -3.917660
1097.301000   -3.925075
1097.302000   -3.935699
1097.303000   -3.941281
1097.304000   -3.936166
1097.305000   -3.921486
1097.306000   -3.904533
1097.307000   -3.894010
1097.308000   -3.896055
1097.309000   -3.912833
1097.310000   -3.942675
1097.311000   -3.980761
1097.312000   -4.020059
1097.313000   -4.052766
1097.314000   -4.072501
1097.315000   -4.076587
1097.316000   -4.066755
1097.317000   -4.047684
1097.318000   -4.024803
1097.319000   -4.002769
1097.320000   -3.984804
1097.321000   -3.972437
1097.322000   -3.965289
1097.323000   -3.960995
1097.324000   -3.955745
1097.325000   -3.945992
1097.326000   -3.930861
1097.327000   -3.913301
1097.328000   -3.898673
1097.329000   -3.892097
1097.330000   -3.896531
1097.331000   -3.912086
1097.332000   -3.936190
1097.333000   -3.964189
1097.334000   -3.990281
1097.335000   -4.008854
1097.336000   -4.016050
1097.337000   -4.010909
1097.338000   -3.995369
1097.339000   -3.973218
1097.340000   -3.948766
1097.341000   -3.925814
1097.342000   -3.906967
1097.343000   -3.893149
1097.344000   -3.883343
1097.345000   -3.874840
1097.346000   -3.864435
1097.347000   -3.850425
1097.348000   -3.834146
1097.349000   -3.819599
1097.350000   -3.811432
1097.351000   -3.812890
1097.352000   -3.824677
1097.353000   -3.844748
1097.354000   -3.868793
1097.355000   -3.891334
1097.356000   -3.907394
1097.357000   -3.914264
1097.358000   -3.912396
1097.359000   -3.904831
1097.360000   -3.895675
1097.361000   -3.888620
1097.362000   -3.886001
1097.363000   -3.888343
1097.364000   -3.894282
1097.365000   -3.900917
1097.366000   -3.904786
1097.367000   -3.903413
1097.368000   -3.896694
1097.369000   -3.887034
1097.370000   -3.878133
1097.371000   -3.873400
1097.372000   -3.874876
1097.373000   -3.882820
1097.374000   -3.895735
1097.375000   -3.910675
1097.376000   -3.923856
1097.377000   -3.931665
1097.378000   -3.931920
1097.379000   -3.924809
1097.380000   -3.912814
1097.381000   -3.899660
1097.382000   -3.888996
1097.383000   -3.883462
1097.384000   -3.884261
1097.385000   -3.891073
1097.386000   -3.902187
1097.387000   -3.914818
1097.388000   -3.925732
1097.389000   -3.932179
1097.390000   -3.932828
1097.391000   -3.928182
1097.392000   -3.920192
1097.393000   -3.911392
1097.394000   -3.904050
1097.395000   -3.899593
1097.396000   -3.898243
1097.397000   -3.898832
1097.398000   -3.898887
1097.399000   -3.895237
1097.400000   -3.885286
1097.401000   -3.868551
1097.402000   -3.847433
1097.403000   -3.826516
1097.404000   -3.810864
1097.405000   -3.804286
1097.406000   -3.808152
1097.407000   -3.820873
1097.408000   -3.838156
1097.409000   -3.854374
1097.410000   -3.865063
1097.411000   -3.869359
1097.412000   -3.870350
1097.413000   -3.873055
1097.414000   -3.881872
1097.415000   -3.898959
1097.416000   -3.923655
1097.417000   -3.952545
1097.418000   -3.980101
1097.419000   -4.000136
1097.420000   -4.008098
1097.421000   -4.003159
1097.422000   -3.988494
1097.423000   -3.969557
1097.424000   -3.951854
1097.425000   -3.939364
1097.426000   -3.933724
1097.427000   -3.933902
1097.428000   -3.936397
1097.429000   -3.936397
1097.430000   -3.930175
1097.431000   -3.917718
1097.432000   -3.903292
1097.433000   -3.893241
1097.434000   -3.892930
1097.435000   -3.904774
1097.436000   -3.927679
1097.437000   -3.957528
1097.438000   -3.988424
1097.439000   -4.014496
1097.440000   -4.031762
1097.441000   -4.039160
1097.442000   -4.038177
1097.443000   -4.031523
1097.444000   -4.021816
1097.445000   -4.010814
1097.446000   -3.999178
1097.447000   -3.986590
1097.448000   -3.972162
1097.449000   -3.955136
1097.450000   -3.935768
1097.451000   -3.915929
1097.452000   -3.898869
1097.453000   -3.888165
1097.454000   -3.886427
1097.455000   -3.894426
1097.456000   -3.910898
1097.457000   -3.933028
1097.458000   -3.957393
1097.459000   -3.981008
1097.460000   -4.001996
1097.461000   -4.019621
1097.462000   -4.033833
1097.463000   -4.044711
1097.464000   -4.052108
1097.465000   -4.055556
1097.466000   -4.054368
1097.467000   -4.047874
1097.468000   -4.035768
1097.469000   -4.018511
1097.470000   -3.997654
1097.471000   -3.975847
1097.472000   -3.956425
1097.473000   -3.942654
1097.474000   -3.936913
1097.475000   -3.940066
1097.476000   -3.951222
1097.477000   -3.967993
1097.478000   -3.987227
1097.479000   -4.006024
1097.480000   -4.022583
1097.481000   -4.036462
1097.482000   -4.048211
1097.483000   -4.058740
1097.484000   -4.068794
1097.485000   -4.078661
1097.486000   -4.088039
1097.487000   -4.095980
1097.488000   -4.100931
1097.489000   -4.100993
1097.490000   -4.094536
1097.491000   -4.081051
1097.492000   -4.061808
1097.493000   -4.039814
1097.494000   -4.019008
1097.495000   -4.003142
1097.496000   -3.994850
1097.497000   -3.995112
1097.498000   -4.003113
1097.499000   -4.016418
1097.500000   -4.031493
1097.501000   -4.044557
1097.501000   -4.044557
1097.502000   -4.052603
1097.503000   -4.054213
1097.504000   -4.049721
1097.505000   -4.040690
1097.506000   -4.029101
1097.507000   -4.016700
1097.508000   -4.004667
1097.509000   -3.993533
1097.510000   -3.983224
1097.511000   -3.973196
1097.512000   -3.962703
1097.513000   -3.951240
1097.514000   -3.939034
1097.515000   -3.927299
1097.516000   -3.918002
1097.517000   -3.913240
1097.518000   -3.914507
1097.519000   -3.922186
1097.520000   -3.935340
1097.521000   -3.951823
1097.522000   -3.968706
1097.523000   -3.982952
1097.524000   -3.992219
1097.525000   -3.995442
1097.526000   -3.992938
1097.527000   -3.986011
1097.528000   -3.976330
1097.529000   -3.965324
1097.530000   -3.953717
1097.531000   -3.941297
1097.532000   -3.927021
1097.533000   -3.909621
1097.534000   -3.888661
1097.535000   -3.865496
1097.536000   -3.843373
1097.537000   -3.826403
1097.538000   -3.818029
1097.539000   -3.819784
1097.540000   -3.830758
1097.541000   -3.847890
1097.542000   -3.867077
1097.543000   -3.884768
1097.544000   -3.899235
1097.545000   -3.910706
1097.546000   -3.920412
1097.547000   -3.929391
1097.548000   -3.937684
1097.549000   -3.944032
1097.550000   -3.946017
1097.551000   -3.940671
1097.552000   -3.925664
1097.553000   -3.900789
1097.554000   -3.868854
1097.555000   -3.835170
1097.556000   -3.805858
1097.557000   -3.785956
1097.558000   -3.777986
1097.559000   -3.781227
1097.560000   -3.791936
1097.561000   -3.804961
1097.562000   -3.816534
1097.563000   -3.826431
1097.564000   -3.837478
1097.565000   -3.853097
1097.566000   -3.875211
1097.567000   -3.903468
1097.568000   -3.935367
1097.569000   -3.966778
1097.570000   -3.992694
1097.571000   -4.008320
1097.572000   -4.010496
1097.573000   -3.998960
1097.574000   -3.976599
1097.575000   -3.948499
1097.576000   -3.920453
1097.577000   -3.897639
1097.578000   -3.883662
1097.579000   -3.879925
1097.580000   -3.885326
1097.581000   -3.896550
1097.582000   -3.909281
1097.583000   -3.920269
1097.584000   -3.928964
1097.585000   -3.937302
1097.586000   -3.947932
1097.587000   -3.962542
1097.588000   -3.981193
1097.589000   -4.002515
1097.590000   -4.024247
1097.591000   -4.043757
1097.592000   -4.058355
1097.593000   -4.065493
1097.594000   -4.063029
1097.595000   -4.049777
1097.596000   -4.026255
1097.597000   -3.995220
1097.598000   -3.961482
1097.599000   -3.930869
1097.600000   -3.908792
1097.601000   -3.898916
1097.602000   -3.902171
1097.603000   -3.916170
1097.604000   -3.935320
1097.605000   -3.952180
1097.606000   -3.960453
1097.607000   -3.958289
1097.608000   -3.949023
1097.609000   -3.938739
1097.610000   -3.933233
1097.611000   -3.936214
1097.612000   -3.948643
1097.613000   -3.968546
1097.614000   -3.991037
1097.615000   -4.008939
1097.616000   -4.014870
1097.617000   -4.004986
1097.618000   -3.981959
1097.619000   -3.953879
1097.620000   -3.930175
1097.621000   -3.918105
1097.622000   -3.921064
1097.623000   -3.938024
1097.624000   -3.963612
1097.625000   -3.989176
1097.626000   -4.005839
1097.627000   -4.009231
1097.628000   -4.002139
1097.629000   -3.992037
1097.630000   -3.986429
1097.631000   -3.989939
1097.632000   -4.003533
1097.633000   -4.024761
1097.634000   -4.048382
1097.635000   -4.067447
1097.636000   -4.075350
1097.637000   -4.068694
1097.638000   -4.049210
1097.639000   -4.022794
1097.640000   -3.996595
1097.641000   -3.976508
1097.642000   -3.965964
1097.643000   -3.965554
1097.644000   -3.972999
1097.645000   -3.983527
1097.646000   -3.991199
1097.647000   -3.991561
1097.648000   -3.984274
1097.649000   -3.973248
1097.650000   -3.964099
1097.651000   -3.961450
1097.652000   -3.967604
1097.653000   -3.982304
1097.654000   -4.002858
1097.655000   -4.024414
1097.656000   -4.040649
1097.657000   -4.045500
1097.658000   -4.035834
1097.659000   -4.013308
1097.660000   -3.983599
1097.661000   -3.953806
1097.662000   -3.930111
1097.663000   -3.916438
1097.664000   -3.913712
1097.665000   -3.919402
1097.666000   -3.927683
1097.667000   -3.931255
1097.668000   -3.925291
1097.669000   -3.910990
1097.670000   -3.894852
1097.671000   -3.884551
1097.672000   -3.885477
1097.673000   -3.899384
1097.674000   -3.924302
1097.675000   -3.954937
1097.676000   -3.983586
1097.677000   -4.002191
1097.678000   -4.005591
1097.679000   -3.994121
1097.680000   -3.973067
1097.681000   -3.949661
1097.682000   -3.930323
1097.683000   -3.919220
1097.684000   -3.917643
1097.685000   -3.923664
1097.686000   -3.932163
1097.687000   -3.936059
1097.688000   -3.929601
1097.689000   -3.912332
1097.690000   -3.889654
1097.691000   -3.869276
1097.692000   -3.857413
1097.693000   -3.857051
1097.694000   -3.867775
1097.695000   -3.886168
1097.696000   -3.906433
1097.697000   -3.921511
1097.698000   -3.925181
1097.699000   -3.914779
1097.700000   -3.892598
1097.701000   -3.864487
1097.702000   -3.837057
1097.703000   -3.815600
1097.704000   -3.803238
1097.705000   -3.800742
1097.706000   -3.806556
1097.707000   -3.816995
1097.708000   -3.827082
1097.709000   -3.832420
1097.710000   -3.831469
1097.711000   -3.826366
1097.712000   -3.821452
1097.713000   -3.820961
1097.714000   -3.827511
1097.715000   -3.841670
1097.716000   -3.862061
1097.717000   -3.885620
1097.718000   -3.907946
1097.719000   -3.924057
1097.720000   -3.929847
1097.721000   -3.923866
1097.722000   -3.908226
1097.723000   -3.887824
1097.724000   -3.868545
1097.725000   -3.855573
1097.726000   -3.852231
1097.727000   -3.859197
1097.728000   -3.873967
1097.729000   -3.890936
1097.730000   -3.902907
1097.731000   -3.904483
1097.732000   -3.895525
1097.733000   -3.881301
1097.734000   -3.869233
1097.735000   -3.865497
1097.736000   -3.873270
1097.737000   -3.892244
1097.738000   -3.918661
1097.739000   -3.945795
1097.740000   -3.965473
1097.741000   -3.971190
1097.742000   -3.961607
1097.743000   -3.941288
1097.744000   -3.917857
1097.745000   -3.898524
1097.746000   -3.888053
1097.747000   -3.887998
1097.748000   -3.896462
1097.749000   -3.908234
1097.750000   -3.915960
1097.751000   -3.913294
1097.752000   -3.899094
1097.753000   -3.878799
1097.754000   -3.861249
1097.755000   -3.854302
1097.756000   -3.862230
1097.757000   -3.884930
1097.758000   -3.918066
1097.759000   -3.954012
1097.760000   -3.984126
1097.761000   -4.002351
1097.762000   -4.008108
1097.763000   -4.005811
1097.764000   -4.001670
1097.765000   -4.000815
1097.766000   -4.006006
1097.767000   -4.017424
1097.768000   -4.032868
1097.769000   -4.048227
1097.770000   -4.058572
1097.771000   -4.060189
1097.772000   -4.052821
1097.773000   -4.040273
1097.774000   -4.028623
1097.775000   -4.023595
1097.776000   -4.028812
1097.777000   -4.045147
1097.778000   -4.070778
1097.779000   -4.101629
1097.780000   -4.132212
1097.781000   -4.156972
1097.782000   -4.171904
1097.783000   -4.175724
1097.784000   -4.169830
1097.785000   -4.157241
1097.786000   -4.141377
1097.787000   -4.125227
1097.788000   -4.110858
1097.789000   -4.099058
1097.790000   -4.089065
1097.791000   -4.078617
1097.792000   -4.064768
1097.793000   -4.045638
1097.794000   -4.022283
1097.795000   -3.999040
1097.796000   -3.981814
1097.797000   -3.975604
1097.798000   -3.982706
1097.799000   -4.002015
1097.800000   -4.029320
1097.801000   -4.058527
1097.802000   -4.083713
1097.803000   -4.101306
1097.804000   -4.111093
1097.805000   -4.115427
1097.806000   -4.117524
1097.807000   -4.120062
1097.808000   -4.124486
1097.809000   -4.130809
1097.810000   -4.137669
1097.811000   -4.142632
1097.812000   -4.142870
1097.813000   -4.136344
1097.814000   -4.123086
1097.815000   -4.105714
1097.816000   -4.088591
1097.817000   -4.076220
1097.818000   -4.071851
1097.819000   -4.076770
1097.820000   -4.090180
1097.821000   -4.109506
1097.822000   -4.130997
1097.823000   -4.150594
1097.824000   -4.164922
1097.825000   -4.172083
1097.826000   -4.171891
1097.827000   -4.165483
1097.828000   -4.154637
1097.829000   -4.141186
1097.830000   -4.126677
1097.831000   -4.112211
1097.832000   -4.098341
1097.833000   -4.084992
1097.834000   -4.071474
1097.835000   -4.056729
1097.836000   -4.039875
1097.837000   -4.020890
1097.838000   -4.001013
1097.839000   -3.982542
1097.840000   -3.968100
1097.841000   -3.959781
1097.842000   -3.958502
1097.843000   -3.963695
1097.844000   -3.973361
1097.845000   -3.984506
1097.846000   -3.993960
1097.847000   -3.999406
1097.848000   -4.000129
1097.849000   -3.997059
1097.850000   -3.992104
1097.851000   -3.987258
1097.852000   -3.983870
1097.853000   -3.982200
1097.854000   -3.981270
1097.855000   -3.979043
1097.856000   -3.973086
1097.857000   -3.961744
1097.858000   -3.945364
1097.859000   -3.926650
1097.860000   -3.909731
1097.861000   -3.898596
1097.862000   -3.895767
1097.863000   -3.901586
1097.864000   -3.914102
1097.865000   -3.929557
1097.866000   -3.943581
1097.867000   -3.952884
1097.868000   -3.956547
1097.869000   -3.955954
1097.870000   -3.953535
1097.871000   -3.951398
1097.872000   -3.950515
1097.873000   -3.950492
1097.874000   -3.949711
1097.875000   -3.945783
1097.876000   -3.936375
1097.877000   -3.920342
1097.878000   -3.898686
1097.879000   -3.874589
1097.880000   -3.852377
1097.881000   -3.836084
1097.882000   -3.828322
1097.883000   -3.829729
1097.884000   -3.838919
1097.885000   -3.852931
1097.886000   -3.868131
1097.887000   -3.881427
1097.888000   -3.891206
1097.889000   -3.897467
1097.890000   -3.901175
1097.891000   -3.903446
1097.892000   -3.905012
1097.893000   -3.906044
1097.894000   -3.906174
1097.895000   -3.904569
1097.896000   -3.900077
1097.897000   -3.891559
1097.898000   -3.878490
1097.899000   -3.861672
1097.900000   -3.843565
1097.901000   -3.827859
1097.902000   -3.818433
1097.903000   -3.818235
1097.904000   -3.828496
1097.905000   -3.848429
1097.906000   -3.875386
1097.907000   -3.905424
1097.908000   -3.934215
1097.909000   -3.958136
1097.910000   -3.975124
1097.911000   -3.984922
1097.912000   -3.988663
1097.913000   -3.988184
1097.914000   -3.985408
1097.915000   -3.981917
1097.916000   -3.978676
1097.917000   -3.975877
1097.918000   -3.972917
1097.919000   -3.968647
1097.920000   -3.961983
1097.921000   -3.952727
1097.922000   -3.942113
1097.923000   -3.932570
1097.924000   -3.926759
1097.925000   -3.926501
1097.926000   -3.932100
1097.927000   -3.942207
1097.928000   -3.954160
1097.929000   -3.964712
1097.930000   -3.970980
1097.931000   -3.971295
1097.932000   -3.965565
1097.933000   -3.954985
1097.934000   -3.941312
1097.935000   -3.926137
1097.936000   -3.910422
1097.937000   -3.894371
1097.938000   -3.877620
1097.939000   -3.859691
1097.940000   -3.840580
1097.941000   -3.821208
1097.942000   -3.803422
1097.943000   -3.789481
1097.944000   -3.781299
1097.945000   -3.779819
1097.946000   -3.784758
1097.947000   -3.794769
1097.948000   -3.807940
1097.949000   -3.822443
1097.950000   -3.837061
1097.951000   -3.851361
1097.952000   -3.865458
1097.953000   -3.879586
1097.954000   -3.893726
1097.955000   -3.907452
1097.956000   -3.919980
1097.957000   -3.930377
1097.958000   -3.937808
1097.959000   -3.941766
1097.960000   -3.942221
1097.961000   -3.939640
1097.962000   -3.934906
1097.963000   -3.929153
1097.964000   -3.923580
1097.965000   -3.919252
1097.966000   -3.916931
1097.967000   -3.916948
1097.968000   -3.919190
1097.969000   -3.923228
1097.970000   -3.928563
1097.971000   -3.934904
1097.972000   -3.942312
1097.973000   -3.951133
1097.974000   -3.961749
1097.975000   -3.974268
1097.976000   -3.988291
1097.977000   -4.002813
1097.978000   -4.016271
1097.979000   -4.026783
1097.980000   -4.032555
1097.981000   -4.032386
1097.982000   -4.026108
1097.983000   -4.014743
1097.984000   -4.000298
1097.985000   -3.985258
1097.986000   -3.971975
1097.987000   -3.962120
1097.988000   -3.956316
1097.989000   -3.954039
1097.990000   -3.953885
1097.991000   -3.954190
1097.992000   -3.953831
1097.993000   -3.952769
1097.994000   -3.951973
1097.995000   -3.952806
1097.996000   -3.956272
1097.997000   -3.962541
1097.998000   -3.970838
1097.999000   -3.979631
1098.000000   -3.986999
1098.001000   -3.991088
1098.001000   -3.991088
1098.002000   -3.990596
1098.003000   -3.985175
1098.004000   -3.975595
1098.005000   -3.963580
1098.006000   -3.951371
1098.007000   -3.941210
1098.008000   -3.934895
1098.009000   -3.933485
1098.010000   -3.937157
1098.011000   -3.945201
1098.012000   -3.956177
1098.013000   -3.968219
1098.014000   -3.979449
1098.015000   -3.988387
1098.016000   -3.994202
1098.017000   -3.996735
1098.018000   -3.996337
1098.019000   -3.993617
1098.020000   -3.989174
1098.021000   -3.983346
1098.022000   -3.976025
1098.023000   -3.966650
1098.024000   -3.954495
1098.025000   -3.939286
1098.026000   -3.921899
1098.027000   -3.904644
1098.028000   -3.890794
1098.029000   -3.883558
1098.030000   -3.884994
1098.031000   -3.895291
1098.032000   -3.912577
1098.033000   -3.933327
1098.034000   -3.953337
1098.035000   -3.969055
1098.036000   -3.978684
1098.037000   -3.982421
1098.038000   -3.981803
1098.039000   -3.978710
1098.040000   -3.974576
1098.041000   -3.969984
1098.042000   -3.964590
1098.043000   -3.957338
1098.044000   -3.946982
1098.045000   -3.932868
1098.046000   -3.915680
1098.047000   -3.897641
1098.048000   -3.881904
1098.049000   -3.871464
1098.050000   -3.868142
1098.051000   -3.872035
1098.052000   -3.881558
1098.053000   -3.894041
1098.054000   -3.906712
1098.055000   -3.917671
1098.056000   -3.926357
1098.057000   -3.933282
1098.058000   -3.939320
1098.059000   -3.944996
1098.060000   -3.950081
1098.061000   -3.953507
1098.062000   -3.953613
1098.063000   -3.948704
1098.064000   -3.937844
1098.065000   -3.921577
1098.066000   -3.902121
1098.067000   -3.882813
1098.068000   -3.867091
1098.069000   -3.857481
1098.070000   -3.854938
1098.071000   -3.858670
1098.072000   -3.866534
1098.073000   -3.875956
1098.074000   -3.885062
1098.075000   -3.893413
1098.076000   -3.901863
1098.077000   -3.911711
1098.078000   -3.923790
1098.079000   -3.937947
1098.080000   -3.952996
1098.081000   -3.967021
1098.082000   -3.977846
1098.083000   -3.983571
1098.084000   -3.983040
1098.085000   -3.976101
1098.086000   -3.963601
1098.087000   -3.947112
1098.088000   -3.928564
1098.089000   -3.909870
1098.090000   -3.892624
1098.091000   -3.877861
1098.092000   -3.865905
1098.093000   -3.856410
1098.094000   -3.848677
1098.095000   -3.842183
1098.096000   -3.837076
1098.097000   -3.834288
1098.098000   -3.835164
1098.099000   -3.840826
1098.100000   -3.851594
1098.101000   -3.866684
1098.102000   -3.884210
1098.103000   -3.901475
1098.104000   -3.915488
1098.105000   -3.923663
1098.106000   -3.924516
1098.107000   -3.918103
1098.108000   -3.905987
1098.109000   -3.890795
1098.110000   -3.875547
1098.111000   -3.862990
1098.112000   -3.855059
1098.113000   -3.852528
1098.114000   -3.854946
1098.115000   -3.860960
1098.116000   -3.869015
1098.117000   -3.878143
1098.118000   -3.888345
1098.119000   -3.900309
1098.120000   -3.914701
1098.121000   -3.931544
1098.122000   -3.949973
1098.123000   -3.968383
1098.124000   -3.984807
1098.125000   -3.997351
1098.126000   -4.004515
1098.127000   -4.005359
1098.128000   -3.999523
1098.129000   -3.987196
1098.130000   -3.969144
1098.131000   -3.946790
1098.132000   -3.922297
1098.133000   -3.898473
1098.134000   -3.878375
1098.135000   -3.864664
1098.136000   -3.858911
1098.137000   -3.861110
1098.138000   -3.869606
1098.139000   -3.881519
1098.140000   -3.893602
1098.141000   -3.903225
1098.142000   -3.909024
1098.143000   -3.910900
1098.144000   -3.909519
1098.145000   -3.905642
1098.146000   -3.899596
1098.147000   -3.890974
1098.148000   -3.878638
1098.149000   -3.861182
1098.150000   -3.837899
1098.151000   -3.809952
1098.152000   -3.780906
1098.153000   -3.755984
1098.154000   -3.740359
1098.155000   -3.737400
1098.156000   -3.747557
1098.157000   -3.768187
1098.158000   -3.794507
1098.159000   -3.821612
1098.160000   -3.846672
1098.161000   -3.869751
1098.162000   -3.892705
1098.163000   -3.917373
1098.164000   -3.944362
1098.165000   -3.972639
1098.166000   -3.999629
1098.167000   -4.021659
1098.168000   -4.034870
1098.169000   -4.036661
1098.170000   -4.027141
1098.171000   -4.009577
1098.172000   -3.989314
1098.173000   -3.971935
1098.174000   -3.961663
1098.175000   -3.960387
1098.176000   -3.967287
1098.177000   -3.979120
1098.178000   -3.991467
1098.179000   -4.000856
1098.180000   -4.006601
1098.181000   -4.010784
1098.182000   -4.016536
1098.183000   -4.026204
1098.184000   -4.040413
1098.185000   -4.057893
1098.186000   -4.075685
1098.187000   -4.089608
1098.188000   -4.095139
1098.189000   -4.088878
1098.190000   -4.070126
1098.191000   -4.041454
1098.192000   -4.007701
1098.193000   -3.974233
1098.194000   -3.945519
1098.195000   -3.924297
1098.196000   -3.911091
1098.197000   -3.904030
1098.198000   -3.899279
1098.199000   -3.892632
1098.200000   -3.882042
1098.201000   -3.869290
1098.202000   -3.859096
1098.203000   -3.856490
1098.204000   -3.864564
1098.205000   -3.883472
1098.206000   -3.910444
1098.207000   -3.940516
1098.208000   -3.967946
1098.209000   -3.988189
1098.210000   -3.999594
1098.211000   -4.003659
1098.212000   -4.003726
1098.213000   -4.003267
1098.214000   -4.004711
1098.215000   -4.008954
1098.216000   -4.015301
1098.217000   -4.021741
1098.218000   -4.025672
1098.219000   -4.025170
1098.220000   -4.020315
1098.221000   -4.013573
1098.222000   -4.008819
1098.223000   -4.009747
1098.224000   -4.018657
1098.225000   -4.035964
1098.226000   -4.060232
1098.227000   -4.088497
1098.228000   -4.116784
1098.229000   -4.140847
1098.230000   -4.157103
1098.231000   -4.163479
1098.232000   -4.159749
1098.233000   -4.147228
1098.234000   -4.128104
1098.235000   -4.104831
1098.236000   -4.079738
1098.237000   -4.054825
1098.238000   -4.031642
1098.239000   -4.011198
1098.240000   -3.993932
1098.241000   -3.979818
1098.242000   -3.968630
1098.243000   -3.960292
1098.244000   -3.955078
1098.245000   -3.953513
1098.246000   -3.956014
1098.247000   -3.962527
1098.248000   -3.972365
1098.249000   -3.984290
1098.250000   -3.996738
1098.251000   -4.008068
1098.252000   -4.016732
1098.253000   -4.021374
1098.254000   -4.020892
1098.255000   -4.014579
1098.256000   -4.002384
1098.257000   -3.985220
1098.258000   -3.965110
1098.259000   -3.944970
1098.260000   -3.928026
1098.261000   -3.917029
1098.262000   -3.913543
1098.263000   -3.917479
1098.264000   -3.927078
1098.265000   -3.939469
1098.266000   -3.951731
1098.267000   -3.961980
1098.268000   -3.969837
1098.269000   -3.976023
1098.270000   -3.981500
1098.271000   -3.986701
1098.272000   -3.991073
1098.273000   -3.992952
1098.274000   -3.989807
1098.275000   -3.978981
1098.276000   -3.958936
1098.277000   -3.930495
1098.278000   -3.897169
1098.279000   -3.864148
1098.280000   -3.836584
1098.281000   -3.818046
1098.282000   -3.809543
1098.283000   -3.809233
1098.284000   -3.812957
1098.285000   -3.815889
1098.286000   -3.814913
1098.287000   -3.810194
1098.288000   -3.804586
1098.289000   -3.801578
1098.290000   -3.803500
1098.291000   -3.810680
1098.292000   -3.821367
1098.293000   -3.832167
1098.294000   -3.838989
1098.295000   -3.838557
1098.296000   -3.830004
1098.297000   -3.815529
1098.298000   -3.799525
1098.299000   -3.786802
1098.300000   -3.781006
1098.301000   -3.783689
1098.302000   -3.794043
1098.303000   -3.809244
1098.304000   -3.825497
1098.305000   -3.839637
1098.306000   -3.850553
1098.307000   -3.859399
1098.308000   -3.868509
1098.309000   -3.879972
1098.310000   -3.894745
1098.311000   -3.912446
1098.312000   -3.931581
1098.313000   -3.949935
1098.314000   -3.964998
1098.315000   -3.974432
1098.316000   -3.976576
1098.317000   -3.970931
1098.318000   -3.958404
1098.319000   -3.941163
1098.320000   -3.922148
1098.321000   -3.904475
1098.322000   -3.890921
1098.323000   -3.883504
1098.324000   -3.883138
1098.325000   -3.889339
1098.326000   -3.900074
1098.327000   -3.911965
1098.328000   -3.921072
1098.329000   -3.924254
1098.330000   -3.920532
1098.331000   -3.911523
1098.332000   -3.900616
1098.333000   -3.891569
1098.334000   -3.887323
1098.335000   -3.889325
1098.336000   -3.897240
1098.337000   -3.908935
1098.338000   -3.920788
1098.339000   -3.928529
1098.340000   -3.928746
1098.341000   -3.920532
1098.342000   -3.906150
1098.343000   -3.890065
1098.344000   -3.877118
1098.345000   -3.870964
1098.346000   -3.873214
1098.347000   -3.883188
1098.348000   -3.898143
1098.349000   -3.914049
1098.350000   -3.926985
1098.351000   -3.934785
1098.352000   -3.937925
1098.353000   -3.938976
1098.354000   -3.941105
1098.355000   -3.946731
1098.356000   -3.956819
1098.357000   -3.970732
1098.358000   -3.986375
1098.359000   -4.000547
1098.360000   -4.009630
1098.361000   -4.010723
1098.362000   -4.002948
1098.363000   -3.988091
1098.364000   -3.970021
1098.365000   -3.953302
1098.366000   -3.941844
1098.367000   -3.938038
1098.368000   -3.942330
1098.369000   -3.953101
1098.370000   -3.966911
1098.371000   -3.979312
1098.372000   -3.986361
1098.373000   -3.986254
1098.374000   -3.979977
1098.375000   -3.970458
1098.376000   -3.961036
1098.377000   -3.954271
1098.378000   -3.951324
1098.379000   -3.951740
1098.380000   -3.953418
1098.381000   -3.952892
1098.382000   -3.946230
1098.383000   -3.930740
1098.384000   -3.906802
1098.385000   -3.878344
1098.386000   -3.851404
1098.387000   -3.831900
1098.388000   -3.823911
1098.389000   -3.828761
1098.390000   -3.844758
1098.391000   -3.867534
1098.392000   -3.891197
1098.393000   -3.910410
1098.394000   -3.922602
1098.395000   -3.928713
1098.396000   -3.931921
1098.397000   -3.935640
1098.398000   -3.942163
1098.399000   -3.952180
1098.400000   -3.964806
1098.401000   -3.977867
1098.402000   -3.988420
1098.403000   -3.993673
1098.404000   -3.992232
1098.405000   -3.985065
1098.406000   -3.975355
1098.407000   -3.967237
1098.408000   -3.964301
1098.409000   -3.968617
1098.410000   -3.980412
1098.411000   -3.998177
1098.412000   -4.019019
1098.413000   -4.039182
1098.414000   -4.054792
1098.415000   -4.062812
1098.416000   -4.061880
1098.417000   -4.052600
1098.418000   -4.037114
1098.419000   -4.018316
1098.420000   -3.999105
1098.421000   -3.981854
1098.422000   -3.968015
1098.423000   -3.957815
1098.424000   -3.950129
1098.425000   -3.942800
1098.426000   -3.933605
1098.427000   -3.921644
1098.428000   -3.908278
1098.429000   -3.896790
1098.430000   -3.890994
1098.431000   -3.893768
1098.432000   -3.906162
1098.433000   -3.927149
1098.434000   -3.953847
1098.435000   -3.982099
1098.436000   -4.007404
1098.437000   -4.026072
1098.438000   -4.036235
1098.439000   -4.038192
1098.440000   -4.033909
1098.441000   -4.026066
1098.442000   -4.017162
1098.443000   -4.008956
1098.444000   -4.002212
1098.445000   -3.996687
1098.446000   -3.991372
1098.447000   -3.985041
1098.448000   -3.977032
1098.449000   -3.967923
1098.450000   -3.959601
1098.451000   -3.954613
1098.452000   -3.955171
1098.453000   -3.962324
1098.454000   -3.975588
1098.455000   -3.993065
1098.456000   -4.011982
1098.457000   -4.029533
1098.458000   -4.043735
1098.459000   -4.053899
1098.460000   -4.060490
1098.461000   -4.064544
1098.462000   -4.067005
1098.463000   -4.068275
1098.464000   -4.068038
1098.465000   -4.065318
1098.466000   -4.058731
1098.467000   -4.046937
1098.468000   -4.029238
1098.469000   -4.006141
1098.470000   -3.979561
1098.471000   -3.952485
1098.472000   -3.928208
1098.473000   -3.909427
1098.474000   -3.897511
1098.475000   -3.892139
1098.476000   -3.891437
1098.477000   -3.892711
1098.478000   -3.893634
1098.479000   -3.893326
1098.480000   -3.892632
1098.481000   -3.893444
1098.482000   -3.897583
1098.483000   -3.905894
1098.484000   -3.917847
1098.485000   -3.931626
1098.486000   -3.944614
1098.487000   -3.954190
1098.488000   -3.958645
1098.489000   -3.957846
1098.490000   -3.953294
1098.491000   -3.947533
1098.492000   -3.943257
1098.493000   -3.942496
1098.494000   -3.946090
1098.495000   -3.953505
1098.496000   -3.963021
1098.497000   -3.972325
1098.498000   -3.979435
1098.499000   -3.983551
1098.500000   -3.985304
1098.501000   -3.986264
1098.501000   -3.986264
1098.502000   -3.988090
1098.503000   -3.991812
1098.504000   -3.997464
1098.505000   -4.004041
1098.506000   -4.009681
1098.507000   -4.012079
1098.508000   -4.009140
1098.509000   -3.999786
1098.510000   -3.984600
1098.511000   -3.965913
1098.512000   -3.947199
1098.513000   -3.932049
1098.514000   -3.923190
1098.515000   -3.921815
1098.516000   -3.927364
1098.517000   -3.937811
1098.518000   -3.950450
1098.519000   -3.962954
1098.520000   -3.974198
1098.521000   -3.984324
1098.522000   -3.994128
1098.523000   -4.004280
1098.524000   -4.014817
1098.525000   -4.024999
1098.526000   -4.033436
1098.527000   -4.038363
1098.528000   -4.038030
1098.529000   -4.031184
1098.530000   -4.017566
1098.531000   -3.998235
1098.532000   -3.975495
1098.533000   -3.952384
1098.534000   -3.931945
1098.535000   -3.916526
1098.536000   -3.907278
1098.537000   -3.903951
1098.538000   -3.905021
1098.539000   -3.908253
1098.540000   -3.911588
1098.541000   -3.914016
1098.542000   -3.915927
1098.543000   -3.918738
1098.544000   -3.924090
1098.545000   -3.933096
1098.546000   -3.945907
1098.547000   -3.961615
1098.548000   -3.978403
1098.549000   -3.993917
1098.550000   -4.005847
1098.551000   -4.012608
1098.552000   -4.013915
1098.553000   -4.010914
1098.554000   -4.005809
1098.555000   -4.001140
1098.556000   -3.999051
1098.557000   -4.000714
1098.558000   -4.006011
1098.559000   -4.013484
1098.560000   -4.020671
1098.561000   -4.024869
1098.562000   -4.024196
1098.563000   -4.018455
1098.564000   -4.009226
1098.565000   -3.999158
1098.566000   -3.990935
1098.567000   -3.986429
1098.568000   -3.986197
1098.569000   -3.989298
1098.570000   -3.993443
1098.571000   -3.995545
1098.572000   -3.992760
1098.573000   -3.983721
1098.574000   -3.969311
1098.575000   -3.952378
1098.576000   -3.936599
1098.577000   -3.925225
1098.578000   -3.920201
1098.579000   -3.921753
1098.580000   -3.928355
1098.581000   -3.937066
1098.582000   -3.944358
1098.583000   -3.947373
1098.584000   -3.945113
1098.585000   -3.938746
1098.586000   -3.930807
1098.587000   -3.923941
1098.588000   -3.919927
1098.589000   -3.919251
1098.590000   -3.921093
1098.591000   -3.923553
1098.592000   -3.924079
1098.593000   -3.920126
1098.594000   -3.910017
1098.595000   -3.893711
1098.596000   -3.873070
1098.597000   -3.851410
1098.598000   -3.832563
1098.599000   -3.819858
1098.600000   -3.815292
1098.601000   -3.819006
1098.602000   -3.829181
1098.603000   -3.842555
1098.604000   -3.855658
1098.605000   -3.866371
1098.606000   -3.874844
1098.607000   -3.883060
1098.608000   -3.893485
1098.609000   -3.907798
1098.610000   -3.926210
1098.611000   -3.947308
1098.612000   -3.968203
1098.613000   -3.984982
1098.614000   -3.993593
1098.615000   -3.991168
1098.616000   -3.977324
1098.617000   -3.954591
1098.618000   -3.927607
1098.619000   -3.901591
1098.620000   -3.880875
1098.621000   -3.867832
1098.622000   -3.862269
1098.623000   -3.861415
1098.624000   -3.860880
1098.625000   -3.856785
1098.626000   -3.848158
1098.627000   -3.837655
1098.628000   -3.829922
1098.629000   -3.829135
1098.630000   -3.837347
1098.631000   -3.853942
1098.632000   -3.875823
1098.633000   -3.898120
1098.634000   -3.915471
1098.635000   -3.923836
1098.636000   -3.922195
1098.637000   -3.913008
1098.638000   -3.901043
1098.639000   -3.891492
1098.640000   -3.888445
1098.641000   -3.894041
1098.642000   -3.908166
1098.643000   -3.928552
1098.644000   -3.951393
1098.645000   -3.972604
1098.646000   -3.989462
1098.647000   -4.001673
1098.648000   -4.011058
1098.649000   -4.020217
1098.650000   -4.031257
1098.651000   -4.045210
1098.652000   -4.062025
1098.653000   -4.080800
1098.654000   -4.099993
1098.655000   -4.117567
1098.656000   -4.131160
1098.657000   -4.138489
1098.658000   -4.138067
1098.659000   -4.129990
1098.660000   -4.116285
1098.661000   -4.100494
1098.662000   -4.086702
1098.663000   -4.078530
1098.664000   -4.078394
1098.665000   -4.087069
1098.666000   -4.103472
1098.667000   -4.124677
1098.668000   -4.146312
1098.669000   -4.163541
1098.670000   -4.172541
1098.671000   -4.171875
1098.672000   -4.162823
1098.673000   -4.148480
1098.674000   -4.132373
1098.675000   -4.117393
1098.676000   -4.105215
1098.677000   -4.096042
1098.678000   -4.088519
1098.679000   -4.079923
1098.680000   -4.066924
1098.681000   -4.047116
1098.682000   -4.020751
1098.683000   -3.991349
1098.684000   -3.964494
1098.685000   -3.945708
1098.686000   -3.938666
1098.687000   -3.944230
1098.688000   -3.960243
1098.689000   -3.982069
1098.690000   -4.004047
1098.691000   -4.021713
1098.692000   -4.033707
1098.693000   -4.041885
1098.694000   -4.049644
1098.695000   -4.059992
1098.696000   -4.074473
1098.697000   -4.092970
1098.698000   -4.113936
1098.699000   -4.134764
1098.700000   -4.152220
1098.701000   -4.163071
1098.702000   -4.164976
1098.703000   -4.157392
1098.704000   -4.141950
1098.705000   -4.121981
1098.706000   -4.101512
1098.707000   -4.084276
1098.708000   -4.072991
1098.709000   -4.068867
1098.710000   -4.071298
1098.711000   -4.077858
1098.712000   -4.084882
1098.713000   -4.088811
1098.714000   -4.087841
1098.715000   -4.082744
1098.716000   -4.076161
1098.717000   -4.071090
1098.718000   -4.069647
1098.719000   -4.072426
1098.720000   -4.078303
1098.721000   -4.084468
1098.722000   -4.086808
1098.723000   -4.080956
1098.724000   -4.064105
1098.725000   -4.036795
1098.726000   -4.003205
1098.727000   -3.969592
1098.728000   -3.942107
1098.729000   -3.925167
1098.730000   -3.920540
1098.731000   -3.926934
1098.732000   -3.940091
1098.733000   -3.953825
1098.734000   -3.962412
1098.735000   -3.963505
1098.736000   -3.959197
1098.737000   -3.954198
1098.738000   -3.953107
1098.739000   -3.958728
1098.740000   -3.971587
1098.741000   -3.990084
1098.742000   -4.010895
1098.743000   -4.029630
1098.744000   -4.041943
1098.745000   -4.045081
1098.746000   -4.039192
1098.747000   -4.027349
1098.748000   -4.014207
1098.749000   -4.004321
1098.750000   -4.001006
1098.751000   -4.005826
1098.752000   -4.018500
1098.753000   -4.037027
1098.754000   -4.058027
1098.755000   -4.077402
1098.756000   -4.091344
1098.757000   -4.097428
1098.758000   -4.095256
1098.759000   -4.086292
1098.760000   -4.073120
1098.761000   -4.058629
1098.762000   -4.045433
1098.763000   -4.035489
1098.764000   -4.029795
1098.765000   -4.028107
1098.766000   -4.028761
1098.767000   -4.028847
1098.768000   -4.025012
1098.769000   -4.014957
1098.770000   -3.998858
1098.771000   -3.979567
1098.772000   -3.961321
1098.773000   -3.948038
1098.774000   -3.942131
1098.775000   -3.944005
1098.776000   -3.951987
1098.777000   -3.962561
1098.778000   -3.971016
1098.779000   -3.972761
1098.780000   -3.965169
1098.781000   -3.948962
1098.782000   -3.927993
1098.783000   -3.907557
1098.784000   -3.892489
1098.785000   -3.885881
1098.786000   -3.888449
1098.787000   -3.898361
1098.788000   -3.911567
1098.789000   -3.922953
1098.790000   -3.928443
1098.791000   -3.927115
1098.792000   -3.921568
1098.793000   -3.916212
1098.794000   -3.915086
1098.795000   -3.920535
1098.796000   -3.932753
1098.797000   -3.949784
1098.798000   -3.967810
1098.799000   -3.981919
1098.800000   -3.987687
1098.801000   -3.983225
1098.802000   -3.970289
1098.803000   -3.953389
1098.804000   -3.937738
1098.805000   -3.927501
1098.806000   -3.924811
1098.807000   -3.929300
1098.808000   -3.937984
1098.809000   -3.945793
1098.810000   -3.947312
1098.811000   -3.939608
1098.812000   -3.924278
1098.813000   -3.906682
1098.814000   -3.893143
1098.815000   -3.888393
1098.816000   -3.894228
1098.817000   -3.909063
1098.818000   -3.928143
1098.819000   -3.944727
1098.820000   -3.952734
1098.821000   -3.949988
1098.822000   -3.939430
1098.823000   -3.927070
1098.824000   -3.918840
1098.825000   -3.918580
1098.826000   -3.927304
1098.827000   -3.943133
1098.828000   -3.961605
1098.829000   -3.976671
1098.830000   -3.982811
1098.831000   -3.977825
1098.832000   -3.964260
1098.833000   -3.947974
1098.834000   -3.935289
1098.835000   -3.930857
1098.836000   -3.936761
1098.837000   -3.952393
1098.838000   -3.974759
1098.839000   -3.999208
1098.840000   -4.020758
1098.841000   -4.035833
1098.842000   -4.043551
1098.843000   -4.045598
1098.844000   -4.044886
1098.845000   -4.044122
1098.846000   -4.045020
1098.847000   -4.048116
1098.848000   -4.052884
1098.849000   -4.057934
1098.850000   -4.061275
1098.851000   -4.060784
1098.852000   -4.054980
1098.853000   -4.043891
1098.854000   -4.029417
1098.855000   -4.014832
1098.856000   -4.003719
1098.857000   -3.998988
1098.858000   -4.002270
1098.859000   -4.013647
1098.860000   -4.031551
1098.861000   -4.052792
1098.862000   -4.072875
1098.863000   -4.086893
1098.864000   -4.091084
1098.865000   -4.084383
1098.866000   -4.068824
1098.867000   -4.048512
1098.868000   -4.028057
1098.869000   -4.011360
1098.870000   -4.000841
1098.871000   -3.996890
1098.872000   -3.997486
1098.873000   -3.998319
1098.874000   -3.994134
1098.875000   -3.981569
1098.876000   -3.961830
1098.877000   -3.940476
1098.878000   -3.924484
1098.879000   -3.919280
1098.880000   -3.927177
1098.881000   -3.946941
1098.882000   -3.974038
1098.883000   -4.001589
1098.884000   -4.022438
1098.885000   -4.032118
1098.886000   -4.030893
1098.887000   -4.022972
1098.888000   -4.013824
1098.889000   -4.007891
1098.890000   -4.007521
1098.891000   -4.012716
1098.892000   -4.021237
1098.893000   -4.029055
1098.894000   -4.031515
1098.895000   -4.025371
1098.896000   -4.010713
1098.897000   -3.991102
1098.898000   -3.971705
1098.899000   -3.957108
1098.900000   -3.950012
1098.901000   -3.950823
1098.902000   -3.957693
1098.903000   -3.966852
1098.904000   -3.973423
1098.905000   -3.973011
1098.906000   -3.963676
1098.907000   -3.946948
1098.908000   -3.926956
1098.909000   -3.908483
1098.910000   -3.895322
1098.911000   -3.889431
1098.912000   -3.890630
1098.913000   -3.896627
1098.914000   -3.903453
1098.915000   -3.906613
1098.916000   -3.902954
1098.917000   -3.892260
1098.918000   -3.877255
1098.919000   -3.862056
1098.920000   -3.850424
1098.921000   -3.844699
1098.922000   -3.845388
1098.923000   -3.851041
1098.924000   -3.858333
1098.925000   -3.862571
1098.926000   -3.859083
1098.927000   -3.845351
1098.928000   -3.822594
1098.929000   -3.795317
1098.930000   -3.769272
1098.931000   -3.749457
1098.932000   -3.738940
1098.933000   -3.738334
1098.934000   -3.745596
1098.935000   -3.756241
1098.936000   -3.764409
1098.937000   -3.765217
1098.938000   -3.757458
1098.939000   -3.744362
1098.940000   -3.731614
1098.941000   -3.724596
1098.942000   -3.726645
1098.943000   -3.738433
1098.944000   -3.757952
1098.945000   -3.780885
1098.946000   -3.801594
1098.947000   -3.815015
1098.948000   -3.818921
1098.949000   -3.814931
1098.950000   -3.807287
1098.951000   -3.800627
1098.952000   -3.798329
1098.953000   -3.801845
1098.954000   -3.810628
1098.955000   -3.822294
1098.956000   -3.833021
1098.957000   -3.838468
1098.958000   -3.835426
1098.959000   -3.823559
1098.960000   -3.805872
1098.961000   -3.787372
1098.962000   -3.773074
1098.963000   -3.766591
1098.964000   -3.769551
1098.965000   -3.781511
1098.966000   -3.800088
1098.967000   -3.821320
1098.968000   -3.840464
1098.969000   -3.853385
1098.970000   -3.858096
1098.971000   -3.855409
1098.972000   -3.848193
1098.973000   -3.839960
1098.974000   -3.833772
1098.975000   -3.831691
1098.976000   -3.834525
1098.977000   -3.841633
1098.978000   -3.850819
1098.979000   -3.858676
1098.980000   -3.861810
1098.981000   -3.858791
1098.982000   -3.851435
1098.983000   -3.844095
1098.984000   -3.841579
1098.985000   -3.847303
1098.986000   -3.862353
1098.987000   -3.885242
1098.988000   -3.912122
1098.989000   -3.937605
1098.990000   -3.956447
1098.991000   -3.965754
1098.992000   -3.966255
1098.993000   -3.961514
1098.994000   -3.955918
1098.995000   -3.952976
1098.996000   -3.954408
1098.997000   -3.959768
1098.998000   -3.966434
1098.999000   -3.970265
1099.000000   -3.967424
1099.001000   -3.956966
1099.001000   -3.956966
1099.002000   -3.942106
1099.003000   -3.928688
1099.004000   -3.922379
1099.005000   -3.926634
1099.006000   -3.941865
1099.007000   -3.965373
1099.008000   -3.991902
1099.009000   -4.015123
1099.010000   -4.030160
1099.011000   -4.035931
1099.012000   -4.035306
1099.013000   -4.033008
1099.014000   -4.033258
1099.015000   -4.038406
1099.016000   -4.048474
1099.017000   -4.061177
1099.018000   -4.072394
1099.019000   -4.077460
1099.020000   -4.073373
1099.021000   -4.060743
1099.022000   -4.043710
1099.023000   -4.027837
1099.024000   -4.017810
1099.025000   -4.016062
1099.026000   -4.022304
1099.027000   -4.033594
1099.028000   -4.044999
1099.029000   -4.051197
1099.030000   -4.048903
1099.031000   -4.038748
1099.032000   -4.024910
1099.033000   -4.012869
1099.034000   -4.007143
1099.035000   -4.010026
1099.036000   -4.021170
1099.037000   -4.037767
1099.038000   -4.055324
1099.039000   -4.069207
1099.040000   -4.076656
1099.041000   -4.078092
1099.042000   -4.076598
1099.043000   -4.076137
1099.044000   -4.079907
1099.045000   -4.089544
1099.046000   -4.104999
1099.047000   -4.124728
1099.048000   -4.145985
1099.049000   -4.165244
1099.050000   -4.178905
1099.051000   -4.184292
1099.052000   -4.180612
1099.053000   -4.169245
1099.054000   -4.153162
1099.055000   -4.135911
1099.056000   -4.120726
1099.057000   -4.109953
1099.058000   -4.104698
1099.059000   -4.104604
1099.060000   -4.107748
1099.061000   -4.110851
1099.062000   -4.110031
1099.063000   -4.102192
1099.064000   -4.086562
1099.065000   -4.065323
1099.066000   -4.042776
1099.067000   -4.023657
1099.068000   -4.011657
1099.069000   -4.008572
1099.070000   -4.014036
1099.071000   -4.025677
1099.072000   -4.039685
1099.073000   -4.051830
1099.074000   -4.058799
1099.075000   -4.059279
1099.076000   -4.054111
1099.077000   -4.045460
1099.078000   -4.035676
1099.079000   -4.026485
1099.080000   -4.018610
1099.081000   -4.011694
1099.082000   -4.004361
1099.083000   -3.994461
1099.084000   -3.979701
1099.085000   -3.958736
1099.086000   -3.932345
1099.087000   -3.903828
1099.088000   -3.878160
1099.089000   -3.860347
1099.090000   -3.853859
1099.091000   -3.859605
1099.092000   -3.875576
1099.093000   -3.897234
1099.094000   -3.918804
1099.095000   -3.935346
1099.096000   -3.944693
1099.097000   -3.947854
1099.098000   -3.947700
1099.099000   -3.947168
1099.100000   -3.948080
1099.101000   -3.950671
1099.102000   -3.953551
1099.103000   -3.953983
1099.104000   -3.948637
1099.105000   -3.934991
1099.106000   -3.912954
1099.107000   -3.885575
1099.108000   -3.858080
1099.109000   -3.835930
1099.110000   -3.823024
1099.111000   -3.820607
1099.112000   -3.826885
1099.113000   -3.837388
1099.114000   -3.846371
1099.115000   -3.849210
1099.116000   -3.844643
1099.117000   -3.835044
1099.118000   -3.824620
1099.119000   -3.817261
1099.120000   -3.815235
1099.121000   -3.818699
1099.122000   -3.825643
1099.123000   -3.832187
1099.124000   -3.833548
1099.125000   -3.825990
1099.126000   -3.809144
1099.127000   -3.786863
1099.128000   -3.765585
1099.129000   -3.751634
1099.130000   -3.749201
1099.131000   -3.759424
1099.132000   -3.780278
1099.133000   -3.807097
1099.134000   -3.833891
1099.135000   -3.855497
1099.136000   -3.869711
1099.137000   -3.877798
1099.138000   -3.883038
1099.139000   -3.888718
1099.140000   -3.896883
1099.141000   -3.908005
1099.142000   -3.921134
1099.143000   -3.934238
1099.144000   -3.944654
1099.145000   -3.949798
1099.146000   -3.948121
1099.147000   -3.939945
1099.148000   -3.927581
1099.149000   -3.914572
1099.150000   -3.904570
1099.151000   -3.900393
1099.152000   -3.903469
1099.153000   -3.913581
1099.154000   -3.928803
1099.155000   -3.945707
1099.156000   -3.960061
1099.157000   -3.968146
1099.158000   -3.968272
1099.159000   -3.961543
1099.160000   -3.951251
1099.161000   -3.941459
1099.162000   -3.935693
1099.163000   -3.936096
1099.164000   -3.942955
1099.165000   -3.954446
1099.166000   -3.966682
1099.167000   -3.974505
1099.168000   -3.973373
1099.169000   -3.961793
1099.170000   -3.942407
1099.171000   -3.920621
1099.172000   -3.902125
1099.173000   -3.891031
1099.174000   -3.889034
1099.175000   -3.895196
1099.176000   -3.906086
1099.177000   -3.916456
1099.178000   -3.920879
1099.179000   -3.916252
1099.180000   -3.903599
1099.181000   -3.887466
1099.182000   -3.873511
1099.183000   -3.866291
1099.184000   -3.868148
1099.185000   -3.878930
1099.186000   -3.896138
1099.187000   -3.915446
1099.188000   -3.931816
1099.189000   -3.941296
1099.190000   -3.942822
1099.191000   -3.938598
1099.192000   -3.932727
1099.193000   -3.929295
1099.194000   -3.931108
1099.195000   -3.939225
1099.196000   -3.952967
1099.197000   -3.970099
1099.198000   -3.987212
1099.199000   -4.000487
1099.200000   -4.006923
1099.201000   -4.005552
1099.202000   -3.997792
1099.203000   -3.986645
1099.204000   -3.975432
1099.205000   -3.966802
1099.206000   -3.962206
1099.207000   -3.961628
1099.208000   -3.963404
1099.209000   -3.964283
1099.210000   -3.960126
1099.211000   -3.947588
1099.212000   -3.926210
1099.213000   -3.899286
1099.214000   -3.872597
1099.215000   -3.852109
1099.216000   -3.842109
1099.217000   -3.844196
1099.218000   -3.856923
1099.219000   -3.875995
1099.220000   -3.895272
1099.221000   -3.908933
1099.222000   -3.914130
1099.223000   -3.912171
1099.224000   -3.907155
1099.225000   -3.903541
1099.226000   -3.904435
1099.227000   -3.910923
1099.228000   -3.921950
1099.229000   -3.934434
1099.230000   -3.943723
1099.231000   -3.944853
1099.232000   -3.934777
1099.233000   -3.914428
1099.234000   -3.888708
1099.235000   -3.864298
1099.236000   -3.847138
1099.237000   -3.840870
1099.238000   -3.846219
1099.239000   -3.860942
1099.240000   -3.880256
1099.241000   -3.898055
1099.242000   -3.909116
1099.243000   -3.911460
1099.244000   -3.907001
1099.245000   -3.899923
1099.246000   -3.894380
1099.247000   -3.893056
1099.248000   -3.896739
1099.249000   -3.904441
1099.250000   -3.913725
1099.251000   -3.921260
1099.252000   -3.923816
1099.253000   -3.919659
1099.254000   -3.909596
1099.255000   -3.896754
1099.256000   -3.885226
1099.257000   -3.878618
1099.258000   -3.879155
1099.259000   -3.887361
1099.260000   -3.901985
1099.261000   -3.920053
1099.262000   -3.937194
1099.263000   -3.948592
1099.264000   -3.950698
1099.265000   -3.942910
1099.266000   -3.927929
1099.267000   -3.910512
1099.268000   -3.895685
1099.269000   -3.887402
1099.270000   -3.887766
1099.271000   -3.896526
1099.272000   -3.910821
1099.273000   -3.925548
1099.274000   -3.935008
1099.275000   -3.935855
1099.276000   -3.929367
1099.277000   -3.920687
1099.278000   -3.915869
1099.279000   -3.919334
1099.280000   -3.932757
1099.281000   -3.954893
1099.282000   -3.981858
1099.283000   -4.007844
1099.284000   -4.026657
1099.285000   -4.034115
1099.286000   -4.030101
1099.287000   -4.018469
1099.288000   -4.004914
1099.289000   -3.994668
1099.290000   -3.991160
1099.291000   -3.995494
1099.292000   -4.006337
1099.293000   -4.020072
1099.294000   -4.031588
1099.295000   -4.036121
1099.296000   -4.031753
1099.297000   -4.020648
1099.298000   -4.007773
1099.299000   -3.998373
1099.300000   -3.996128
1099.301000   -4.002367
1099.302000   -4.015904
1099.303000   -4.033137
1099.304000   -4.048545
1099.305000   -4.056134
1099.306000   -4.051982
1099.307000   -4.036541
1099.308000   -4.014506
1099.309000   -3.992381
1099.310000   -3.975887
1099.311000   -3.968515
1099.312000   -3.971026
1099.313000   -3.981412
1099.314000   -3.995265
1099.315000   -4.006887
1099.316000   -4.011465
1099.317000   -4.007539
1099.318000   -3.997785
1099.319000   -3.987343
1099.320000   -3.981305
1099.321000   -3.983035
1099.322000   -3.993495
1099.323000   -4.011129
1099.324000   -4.032036
1099.325000   -4.050635
1099.326000   -4.061272
1099.327000   -4.060630
1099.328000   -4.049477
1099.329000   -4.032152
1099.330000   -4.014357
1099.331000   -4.001068
1099.332000   -3.995353
1099.333000   -3.997786
1099.334000   -4.006122
1099.335000   -4.015360
1099.336000   -4.018901
1099.337000   -4.011522
1099.338000   -3.993000
1099.339000   -3.968952
1099.340000   -3.947822
1099.341000   -3.937033
1099.342000   -3.940666
1099.343000   -3.958662
1099.344000   -3.986856
1099.345000   -4.017826
1099.346000   -4.043134
1099.347000   -4.056980
1099.348000   -4.059053
1099.349000   -4.053755
1099.350000   -4.046844
1099.351000   -4.042738
1099.352000   -4.043540
1099.353000   -4.049074
1099.354000   -4.057159
1099.355000   -4.063974
1099.356000   -4.064756
1099.357000   -4.055331
1099.358000   -4.034334
1099.359000   -4.004573
1099.360000   -3.972072
1099.361000   -3.943557
1099.362000   -3.924268
1099.363000   -3.916812
1099.364000   -3.920789
1099.365000   -3.932923
1099.366000   -3.947778
1099.367000   -3.959372
1099.368000   -3.963491
1099.369000   -3.959425
1099.370000   -3.949694
1099.371000   -3.938196
1099.372000   -3.928400
1099.373000   -3.922393
1099.374000   -3.920553
1099.375000   -3.921460
1099.376000   -3.921978
1099.377000   -3.917909
1099.378000   -3.905714
1099.379000   -3.884885
1099.380000   -3.859056
1099.381000   -3.834528
1099.382000   -3.817582
1099.383000   -3.812485
1099.384000   -3.820630
1099.385000   -3.840380
1099.386000   -3.867293
1099.387000   -3.894881
1099.388000   -3.916360
1099.389000   -3.927267
1099.390000   -3.927332
1099.391000   -3.919893
1099.392000   -3.909628
1099.393000   -3.900597
1099.394000   -3.895309
1099.395000   -3.894388
1099.396000   -3.896395
1099.397000   -3.897881
1099.398000   -3.894267
1099.399000   -3.882051
1099.400000   -3.861471
1099.401000   -3.837088
1099.402000   -3.815524
1099.403000   -3.802547
1099.404000   -3.801240
1099.405000   -3.811231
1099.406000   -3.828558
1099.407000   -3.846315
1099.408000   -3.856834
1099.409000   -3.855429
1099.410000   -3.843115
1099.411000   -3.825467
1099.412000   -3.809078
1099.413000   -3.798821
1099.414000   -3.796710
1099.415000   -3.801613
1099.416000   -3.809358
1099.417000   -3.813641
1099.418000   -3.808578
1099.419000   -3.792367
1099.420000   -3.768982
1099.421000   -3.745839
1099.422000   -3.729960
1099.423000   -3.725544
1099.424000   -3.733154
1099.425000   -3.749695
1099.426000   -3.768999
1099.427000   -3.783625
1099.428000   -3.788309
1099.429000   -3.783165
1099.430000   -3.773355
1099.431000   -3.765653
1099.432000   -3.765298
1099.433000   -3.774619
1099.434000   -3.792806
1099.435000   -3.816185
1099.436000   -3.839046
1099.437000   -3.855495
1099.438000   -3.862214
1099.439000   -3.860343
1099.440000   -3.854616
1099.441000   -3.850652
1099.442000   -3.852666
1099.443000   -3.862407
1099.444000   -3.878894
1099.445000   -3.898577
1099.446000   -3.916143
1099.447000   -3.926437
1099.448000   -3.927184
1099.449000   -3.920449
1099.450000   -3.911294
1099.451000   -3.905019
1099.452000   -3.905182
1099.453000   -3.912936
1099.454000   -3.927127
1099.455000   -3.944726
1099.456000   -3.961494
1099.457000   -3.973001
1099.458000   -3.975996
1099.459000   -3.969612
1099.460000   -3.955657
1099.461000   -3.937786
1099.462000   -3.920201
1099.463000   -3.906564
1099.464000   -3.899339
1099.465000   -3.899405
1099.466000   -3.905859
1099.467000   -3.916090
1099.468000   -3.926398
1099.469000   -3.933339
1099.470000   -3.935322
1099.471000   -3.933347
1099.472000   -3.930242
1099.473000   -3.929132
1099.474000   -3.932209
1099.475000   -3.940166
1099.476000   -3.952081
1099.477000   -3.965502
1099.478000   -3.976723
1099.479000   -3.981473
1099.480000   -3.976247
1099.481000   -3.959992
1099.482000   -3.935084
1099.483000   -3.906650
1099.484000   -3.880712
1099.485000   -3.862374
1099.486000   -3.854685
1099.487000   -3.858087
1099.488000   -3.870279
1099.489000   -3.886585
1099.490000   -3.901201
1099.491000   -3.909439
1099.492000   -3.909880
1099.493000   -3.904598
1099.494000   -3.897354
1099.495000   -3.891572
1099.496000   -3.889301
1099.497000   -3.891005
1099.498000   -3.895578
1099.499000   -3.900355
1099.500000   -3.901312
1099.501000   -3.894087
1099.501000   -3.894087
1099.502000   -3.876176
1099.503000   -3.849191
1099.504000   -3.818890
1099.505000   -3.792715
1099.506000   -3.776999
1099.507000   -3.775269
1099.508000   -3.787538
1099.509000   -3.810208
1099.510000   -3.836695
1099.511000   -3.859371
1099.512000   -3.872839
1099.513000   -3.876513
1099.514000   -3.874030
1099.515000   -3.870349
1099.516000   -3.869374
1099.517000   -3.873029
1099.518000   -3.881174
1099.519000   -3.891701
1099.520000   -3.900752
1099.521000   -3.903523
1099.522000   -3.896233
1099.523000   -3.878631
1099.524000   -3.854831
1099.525000   -3.831428
1099.526000   -3.814730
1099.527000   -3.808979
1099.528000   -3.815639
1099.529000   -3.833217
1099.530000   -3.857390
1099.531000   -3.881772
1099.532000   -3.899884
1099.533000   -3.908096
1099.534000   -3.907364
1099.535000   -3.902041
1099.536000   -3.897227
1099.537000   -3.896854
1099.538000   -3.902949
1099.539000   -3.915424
1099.540000   -3.931934
1099.541000   -3.947897
1099.542000   -3.957407
1099.543000   -3.955785
1099.544000   -3.942808
1099.545000   -3.923421
1099.546000   -3.904989
1099.547000   -3.893989
1099.548000   -3.894277
1099.549000   -3.906672
1099.550000   -3.929047
1099.551000   -3.956615
1099.552000   -3.982680
1099.553000   -4.000504
1099.554000   -4.006146
1099.555000   -4.000377
1099.556000   -3.987714
1099.557000   -3.973697
1099.558000   -3.962771
1099.559000   -3.957449
1099.560000   -3.958157
1099.561000   -3.963247
1099.562000   -3.969134
1099.563000   -3.971023
1099.564000   -3.964737
1099.565000   -3.949160
1099.566000   -3.927322
1099.567000   -3.904954
1099.568000   -3.887927
1099.569000   -3.880398
1099.570000   -3.883973
1099.571000   -3.897465
1099.572000   -3.916954
1099.573000   -3.936430
1099.574000   -3.949611
1099.575000   -3.952844
1099.576000   -3.947181
1099.577000   -3.937541
1099.578000   -3.929894
1099.579000   -3.928884
1099.580000   -3.936768
1099.581000   -3.953157
1099.582000   -3.975034
1099.583000   -3.997018
1099.584000   -4.012394
1099.585000   -4.015490
1099.586000   -4.004655
1099.587000   -3.983338
1099.588000   -3.958111
1099.589000   -3.935711
1099.590000   -3.921118
1099.591000   -3.916783
1099.592000   -3.922348
1099.593000   -3.934576
1099.594000   -3.947750
1099.595000   -3.955256
1099.596000   -3.952576
1099.597000   -3.939995
1099.598000   -3.922361
1099.599000   -3.906161
1099.600000   -3.896713
1099.601000   -3.896798
1099.602000   -3.906327
1099.603000   -3.922425
1099.604000   -3.939804
1099.605000   -3.951821
1099.606000   -3.952705
1099.607000   -3.940444
1099.608000   -3.918143
1099.609000   -3.892467
1099.610000   -3.870689
1099.611000   -3.858431
1099.612000   -3.858553
1099.613000   -3.870704
1099.614000   -3.891223
1099.615000   -3.913619
1099.616000   -3.930317
1099.617000   -3.935903
1099.618000   -3.929976
1099.619000   -3.916792
1099.620000   -3.902226
1099.621000   -3.891125
1099.622000   -3.886264
1099.623000   -3.888324
1099.624000   -3.896068
1099.625000   -3.906341
1099.626000   -3.914112
1099.627000   -3.913293
1099.628000   -3.899154
1099.629000   -3.871604
1099.630000   -3.836301
1099.631000   -3.802118
1099.632000   -3.777495
1099.633000   -3.768149
1099.634000   -3.776232
1099.635000   -3.800208
1099.636000   -3.835030
1099.637000   -3.872826
1099.638000   -3.904811
1099.639000   -3.924609
1099.640000   -3.931144
1099.641000   -3.928236
1099.642000   -3.921545
1099.643000   -3.915958
1099.644000   -3.914563
1099.645000   -3.918502
1099.646000   -3.926920
1099.647000   -3.936749
1099.648000   -3.942822
1099.649000   -3.939347
1099.650000   -3.923272
1099.651000   -3.897296
1099.652000   -3.869060
1099.653000   -3.847326
1099.654000   -3.838687
1099.655000   -3.846019
1099.656000   -3.867990
1099.657000   -3.898993
1099.658000   -3.929883
1099.659000   -3.950727
1099.660000   -3.955856
1099.661000   -3.947425
1099.662000   -3.933335
1099.663000   -3.922242
1099.664000   -3.920328
1099.665000   -3.930348
1099.666000   -3.951633
1099.667000   -3.980245
1099.668000   -4.009457
1099.669000   -4.031413
1099.670000   -4.040615
1099.671000   -4.037347
1099.672000   -4.027367
1099.673000   -4.018169
1099.674000   -4.015655
1099.675000   -4.022787
1099.676000   -4.039468
1099.677000   -4.062768
1099.678000   -4.087313
1099.679000   -4.106225
1099.680000   -4.113246
1099.681000   -4.105711
1099.682000   -4.086227
1099.683000   -4.061295
1099.684000   -4.038383
1099.685000   -4.023599
1099.686000   -4.020555
1099.687000   -4.029899
1099.688000   -4.049041
1099.689000   -4.072248
1099.690000   -4.091872
1099.691000   -4.101433
1099.692000   -4.099401
1099.693000   -4.090161
1099.694000   -4.081052
1099.695000   -4.078665
1099.696000   -4.086915
1099.697000   -4.106740
1099.698000   -4.136528
1099.699000   -4.172718
1099.700000   -4.210460
1099.701000   -4.244468
1099.702000   -4.270117
1099.703000   -4.284587
1099.704000   -4.287500
1099.705000   -4.280669
1099.706000   -4.267155
1099.707000   -4.250298
1099.708000   -4.233050
1099.709000   -4.217626
1099.710000   -4.205265
1099.711000   -4.196001
1099.712000   -4.188448
1099.713000   -4.179810
1099.714000   -4.166549
1099.715000   -4.145944
1099.716000   -4.118004
1099.717000   -4.086280
1099.718000   -4.056644
1099.719000   -4.034958
1099.720000   -4.025093
1099.721000   -4.027836
1099.722000   -4.040645
1099.723000   -4.058192
1099.724000   -4.074008
1099.725000   -4.083119
1099.726000   -4.084368
1099.727000   -4.080498
1099.728000   -4.076061
1099.729000   -4.075088
1099.730000   -4.079802
1099.731000   -4.090323
1099.732000   -4.104822
1099.733000   -4.119860
1099.734000   -4.131007
1099.735000   -4.134006
1099.736000   -4.126467
1099.737000   -4.109212
1099.738000   -4.086103
1099.739000   -4.062407
1099.740000   -4.042946
1099.741000   -4.030871
1099.742000   -4.027100
1099.743000   -4.030184
1099.744000   -4.036594
1099.745000   -4.041621
1099.746000   -4.041037
1099.747000   -4.032972
1099.748000   -4.018757
1099.749000   -4.002045
1099.750000   -3.986988
1099.751000   -3.976650
1099.752000   -3.972085
1099.753000   -3.972014
1099.754000   -3.973104
1099.755000   -3.971112
1099.756000   -3.962990
1099.757000   -3.948981
1099.758000   -3.932984
1099.759000   -3.920708
1099.760000   -3.917201
1099.761000   -3.925186
1099.762000   -3.944472
1099.763000   -3.972116
1099.764000   -4.003111
1099.765000   -4.031590
1099.766000   -4.052446
1099.767000   -4.062836
1099.768000   -4.062736
1099.769000   -4.054227
1099.770000   -4.040205
1099.771000   -4.023353
1099.772000   -4.005622
1099.773000   -3.988064
1099.774000   -3.970832
1099.775000   -3.953309
1099.776000   -3.934466
1099.777000   -3.913519
1099.778000   -3.890751
1099.779000   -3.868006
1099.780000   -3.848369
1099.781000   -3.835126
1099.782000   -3.830592
1099.783000   -3.835346
1099.784000   -3.848054
1099.785000   -3.865875
1099.786000   -3.885326
1099.787000   -3.903345
1099.788000   -3.918114
1099.789000   -3.929245
1099.790000   -3.937338
1099.791000   -3.943289
1099.792000   -3.947748
1099.793000   -3.950849
1099.794000   -3.952174
1099.795000   -3.950811
1099.796000   -3.945506
1099.797000   -3.934979
1099.798000   -3.918436
1099.799000   -3.896165
1099.800000   -3.869856
1099.801000   -3.842372
1099.802000   -3.817058
1099.803000   -3.796899
1099.804000   -3.783833
1099.805000   -3.778302
1099.806000   -3.779085
1099.807000   -3.783509
1099.808000   -3.788155
1099.809000   -3.790078
1099.810000   -3.788077
1099.811000   -3.783187
1099.812000   -3.778026
1099.813000   -3.775509
1099.814000   -3.777724
1099.815000   -3.785306
1099.816000   -3.797276
1099.817000   -3.811260
1099.818000   -3.824118
1099.819000   -3.832988
1099.820000   -3.836460
1099.821000   -3.835194
1099.822000   -3.831518
1099.823000   -3.828275
1099.824000   -3.827651
1099.825000   -3.830407
1099.826000   -3.835594
1099.827000   -3.840780
1099.828000   -3.842856
1099.829000   -3.839388
1099.830000   -3.829899
1099.831000   -3.816162
1099.832000   -3.801296
1099.833000   -3.788417
1099.834000   -3.779610
1099.835000   -3.775418
1099.836000   -3.774729
1099.837000   -3.774999
1099.838000   -3.772968
1099.839000   -3.766010
1099.840000   -3.753685
1099.841000   -3.738406
1099.842000   -3.724560
1099.843000   -3.716717
1099.844000   -3.718052
1099.845000   -3.729477
1099.846000   -3.749476
1099.847000   -3.774636
1099.848000   -3.800906
1099.849000   -3.825304
1099.850000   -3.847102
1099.851000   -3.867588
1099.852000   -3.888713
1099.853000   -3.911758
1099.854000   -3.936656
1099.855000   -3.961914
1099.856000   -3.984892
1099.857000   -4.002305
1099.858000   -4.010992
1099.859000   -4.008912
1099.860000   -3.996028
1099.861000   -3.974544
1099.862000   -3.948259
1099.863000   -3.921455
1099.864000   -3.897866
1099.865000   -3.879961
1099.866000   -3.868513
1099.867000   -3.862476
1099.868000   -3.859380
1099.869000   -3.856433
1099.870000   -3.852074
1099.871000   -3.846985
1099.872000   -3.843726
1099.873000   -3.845319
1099.874000   -3.853831
1099.875000   -3.869563
1099.876000   -3.890881
1099.877000   -3.914563
1099.878000   -3.936651
1099.879000   -3.953736
1099.880000   -3.964299
1099.881000   -3.969335
1099.882000   -3.971799
1099.883000   -3.975319
1099.884000   -3.982933
1099.885000   -3.996287
1099.886000   -4.015256
1099.887000   -4.037908
1099.888000   -4.060865
1099.889000   -4.080194
1099.890000   -4.092799
1099.891000   -4.097712
1099.892000   -4.096363
1099.893000   -4.091701
1099.894000   -4.086912
1099.895000   -4.084467
1099.896000   -4.085629
1099.897000   -4.090257
1099.898000   -4.096799
1099.899000   -4.102582
1099.900000   -4.104599
1099.901000   -4.100809
1099.902000   -4.091351
1099.903000   -4.078752
1099.904000   -4.066887
1099.905000   -4.059434
1099.906000   -4.058706
1099.907000   -4.065105
1099.908000   -4.077108
1099.909000   -4.091681
1099.910000   -4.105128
1099.911000   -4.114269
1099.912000   -4.117539
1099.913000   -4.115385
1099.914000   -4.109761
1099.915000   -4.103129
1099.916000   -4.097569
1099.917000   -4.094238
1099.918000   -4.093139
1099.919000   -4.093089
1099.920000   -4.091903
1099.921000   -4.086959
1099.922000   -4.076243
1099.923000   -4.059496
1099.924000   -4.038703
1099.925000   -4.017451
1099.926000   -3.999645
1099.927000   -3.988308
1099.928000   -3.984836
1099.929000   -3.988658
1099.930000   -3.997250
1099.931000   -4.006606
1099.932000   -4.012363
1099.933000   -4.011471
1099.934000   -4.003586
1099.935000   -3.991192
1099.936000   -3.978356
1099.937000   -3.969035
1099.938000   -3.965820
1099.939000   -3.969305
1099.940000   -3.977996
1099.941000   -3.988746
1099.942000   -3.997793
1099.943000   -4.002258
1099.944000   -4.001435
1099.945000   -3.997003
1099.946000   -3.992040
1099.947000   -3.989634
1099.948000   -3.991799
1099.949000   -3.998896
1099.950000   -4.009420
1099.951000   -4.020152
1099.952000   -4.026879
1099.953000   -4.025897
1099.954000   -4.015883
1099.955000   -3.998895
1099.956000   -3.979551
1099.957000   -3.963051
1099.958000   -3.953354
1099.959000   -3.952153
1099.960000   -3.958522
1099.961000   -3.969059
1099.962000   -3.978610
1099.963000   -3.981771
1099.964000   -3.974998
1099.965000   -3.958179
1099.966000   -3.934441
1099.967000   -3.908441
1099.968000   -3.884478
1099.969000   -3.865236
1099.970000   -3.851175
1099.971000   -3.840450
1099.972000   -3.829568
1099.973000   -3.815097
1099.974000   -3.796062
1099.975000   -3.775256
1099.976000   -3.758077
1099.977000   -3.749861
1099.978000   -3.753686
1099.979000   -3.769396
1099.980000   -3.793681
1099.981000   -3.821006
1099.982000   -3.845322
1099.983000   -3.862166
1099.984000   -3.870140
1099.985000   -3.870852
1099.986000   -3.867549
1099.987000   -3.863533
1099.988000   -3.861108
1099.989000   -3.861125
1099.990000   -3.862976
1099.991000   -3.864992
1099.992000   -3.865287
1099.993000   -3.862932
1099.994000   -3.858856
1099.995000   -3.855731
1099.996000   -3.856802
1099.997000   -3.864461
1099.998000   -3.879289
1099.999000   -3.899821
1100.000000   -3.922913
1100.001000   -3.944563
1100.001000   -3.944563
1100.002000   -3.960987
1100.003000   -3.969638
1100.004000   -3.969787
1100.005000   -3.962438
1100.006000   -3.949740
1100.007000   -3.934266
1100.008000   -3.918448
1100.009000   -3.904216
1100.010000   -3.892770
1100.011000   -3.884471
1100.012000   -3.878862
1100.013000   -3.874948
1100.014000   -3.871734
1100.015000   -3.868813
1100.016000   -3.866648
1100.017000   -3.866327
1100.018000   -3.868966
1100.019000   -3.875071
1100.020000   -3.884140
1100.021000   -3.894570
1100.022000   -3.903898
1100.023000   -3.909422
1100.024000   -3.909133
1100.025000   -3.902626
1100.026000   -3.891479
1100.027000   -3.878798
1100.028000   -3.868159
1100.029000   -3.862452
1100.030000   -3.862965
1100.031000   -3.868916
1100.032000   -3.877639
1100.033000   -3.885664
1100.034000   -3.890563
1100.035000   -3.892519
1100.036000   -3.894345
1100.037000   -3.899889
1100.038000   -3.912119
1100.039000   -3.931883
1100.040000   -3.957552
1100.041000   -3.985411
1100.042000   -4.010766
1100.043000   -4.029658
1100.044000   -4.040511
1100.045000   -4.044629
1100.046000   -4.045201
1100.047000   -4.045682
1100.048000   -4.048488
1100.049000   -4.054333
1100.050000   -4.062081
1100.051000   -4.069085
1100.052000   -4.072095
1100.053000   -4.068704
1100.054000   -4.058756
1100.055000   -4.044719
1100.056000   -4.030680
1100.057000   -4.020674
1100.058000   -4.017276
1100.059000   -4.020867
1100.060000   -4.029578
1100.061000   -4.039929
1100.062000   -4.048163
1100.063000   -4.051903
1100.064000   -4.051193
1100.065000   -4.048145
1100.066000   -4.045562
1100.067000   -4.045547
1100.068000   -4.048714
1100.069000   -4.053999
1100.070000   -4.058914
1100.071000   -4.060203
1100.072000   -4.054893
1100.073000   -4.041560
1100.074000   -4.021241
1100.075000   -3.997338
1100.076000   -3.974552
1100.077000   -3.957445
1100.078000   -3.949262
1100.079000   -3.951243
1100.080000   -3.962484
1100.081000   -3.980395
1100.082000   -4.001751
1100.083000   -4.023999
1100.084000   -4.046080
1100.085000   -4.068224
1100.086000   -4.091011
1100.087000   -4.114528
1100.088000   -4.138047
1100.089000   -4.160200
1100.090000   -4.179329
1100.091000   -4.193730
1100.092000   -4.201687
1100.093000   -4.201428
1100.094000   -4.191269
1100.095000   -4.170207
1100.096000   -4.138891
1100.097000   -4.100401
1100.098000   -4.060101
1100.099000   -4.024429
1100.100000   -3.999209
1100.101000   -3.988110
1100.102000   -3.991556
1100.103000   -4.006244
1100.104000   -4.025633
1100.105000   -4.042076
1100.106000   -4.050381
1100.107000   -4.050328
1100.108000   -4.045696
1100.109000   -4.041222
1100.110000   -4.040363
1100.111000   -4.044490
1100.112000   -4.052807
1100.113000   -4.062369
1100.114000   -4.068168
1100.115000   -4.063911
1100.116000   -4.044402
1100.117000   -4.009133
1100.118000   -3.963878
1100.119000   -3.918137
1100.120000   -3.881095
1100.121000   -3.858955
1100.122000   -3.853752
1100.123000   -3.862805
1100.124000   -3.878777
1100.125000   -3.891481
1100.126000   -3.892781
1100.127000   -3.882118
1100.128000   -3.866537
1100.129000   -3.855315
1100.130000   -3.855268
1100.131000   -3.869016
1100.132000   -3.894899
1100.133000   -3.927368
1100.134000   -3.957943
1100.135000   -3.977756
1100.136000   -3.981964
1100.137000   -3.972983
1100.138000   -3.958796
1100.139000   -3.948233
1100.140000   -3.947547
1100.141000   -3.959204
1100.142000   -3.981815
1100.143000   -4.010549
1100.144000   -4.038256
1100.145000   -4.057947
1100.146000   -4.066229
1100.147000   -4.065014
1100.148000   -4.059663
1100.149000   -4.055682
1100.150000   -4.056689
1100.151000   -4.063957
1100.152000   -4.076697
1100.153000   -4.092398
1100.154000   -4.107130
1100.155000   -4.116089
1100.156000   -4.114849
1100.157000   -4.101211
1100.158000   -4.076442
1100.159000   -4.044741
1100.160000   -4.011488
1100.161000   -3.981670
1100.162000   -3.958987
1100.163000   -3.945380
1100.164000   -3.940627
1100.165000   -3.941974
1100.166000   -3.944214
1100.167000   -3.941049
1100.168000   -3.928139
1100.169000   -3.906165
1100.170000   -3.880724
1100.171000   -3.859169
1100.172000   -3.847482
1100.173000   -3.848735
1100.174000   -3.862670
1100.175000   -3.885737
1100.176000   -3.911502
1100.177000   -3.931976
1100.178000   -3.940474
1100.179000   -3.935021
1100.180000   -3.919263
1100.181000   -3.899892
1100.182000   -3.883336
1100.183000   -3.873879
1100.184000   -3.873077
1100.185000   -3.879689
1100.186000   -3.889776
1100.187000   -3.897354
1100.188000   -3.896349
1100.189000   -3.883872
1100.190000   -3.862416
1100.191000   -3.838494
1100.192000   -3.819166
1100.193000   -3.809447
1100.194000   -3.811351
1100.195000   -3.823850
1100.196000   -3.843173
1100.197000   -3.863444
1100.198000   -3.878042
1100.199000   -3.881914
1100.200000   -3.873900
1100.201000   -3.857100
1100.202000   -3.836959
1100.203000   -3.818917
1100.204000   -3.806968
1100.205000   -3.803058
1100.206000   -3.806791
1100.207000   -3.815280
1100.208000   -3.823480
1100.209000   -3.825721
1100.210000   -3.818537
1100.211000   -3.802954
1100.212000   -3.783889
1100.213000   -3.767315
1100.214000   -3.757789
1100.215000   -3.757313
1100.216000   -3.765063
1100.217000   -3.777472
1100.218000   -3.788766
1100.219000   -3.792522
1100.220000   -3.784553
1100.221000   -3.765574
1100.222000   -3.741108
1100.223000   -3.718683
1100.224000   -3.704903
1100.225000   -3.703763
1100.226000   -3.715921
1100.227000   -3.738430
1100.228000   -3.765077
1100.229000   -3.788152
1100.230000   -3.802143
1100.231000   -3.807189
1100.232000   -3.808627
1100.233000   -3.813247
1100.234000   -3.826126
1100.235000   -3.849438
1100.236000   -3.882426
1100.237000   -3.921704
1100.238000   -3.961688
1100.239000   -3.995516
1100.240000   -4.017019
1100.241000   -4.023397
1100.242000   -4.016660
1100.243000   -4.002323
1100.244000   -3.986709
1100.245000   -3.974937
1100.246000   -3.970082
1100.247000   -3.972993
1100.248000   -3.982277
1100.249000   -3.994401
1100.250000   -4.004283
1100.251000   -4.006926
1100.252000   -3.999879
1100.253000   -3.984732
1100.254000   -3.966123
1100.255000   -3.949295
1100.256000   -3.938230
1100.257000   -3.934917
1100.258000   -3.939294
1100.259000   -3.949363
1100.260000   -3.961422
1100.261000   -3.970661
1100.262000   -3.972576
1100.263000   -3.965009
1100.264000   -3.949499
1100.265000   -3.930664
1100.266000   -3.914187
1100.267000   -3.904903
1100.268000   -3.905670
1100.269000   -3.916835
1100.270000   -3.935981
1100.271000   -3.958049
1100.272000   -3.976407
1100.273000   -3.985416
1100.274000   -3.983541
1100.275000   -3.974343
1100.276000   -3.964272
1100.277000   -3.959560
1100.278000   -3.964280
1100.279000   -3.979590
1100.280000   -4.003483
1100.281000   -4.030802
1100.282000   -4.054043
1100.283000   -4.065886
1100.284000   -4.063152
1100.285000   -4.048990
1100.286000   -4.030747
1100.287000   -4.016026
1100.288000   -4.010165
1100.289000   -4.015419
1100.290000   -4.030914
1100.291000   -4.052870
1100.292000   -4.075295
1100.293000   -4.091777
1100.294000   -4.098363
1100.295000   -4.095642
1100.296000   -4.087942
1100.297000   -4.080567
1100.298000   -4.077575
1100.299000   -4.080928
1100.300000   -4.090461
1100.301000   -4.104031
1100.302000   -4.117645
1100.303000   -4.125880
1100.304000   -4.123219
1100.305000   -4.106457
1100.306000   -4.076777
1100.307000   -4.039455
1100.308000   -4.001505
1100.309000   -3.969315
1100.310000   -3.947279
1100.311000   -3.937070
1100.312000   -3.937073
1100.313000   -3.942107
1100.314000   -3.944387
1100.315000   -3.937025
1100.316000   -3.918913
1100.317000   -3.896110
1100.318000   -3.877944
1100.319000   -3.872199
1100.320000   -3.882665
1100.321000   -3.908655
1100.322000   -3.945437
1100.323000   -3.985339
1100.324000   -4.019937
1100.325000   -4.043300
1100.326000   -4.054520
1100.327000   -4.057238
1100.328000   -4.056833
1100.329000   -4.057921
1100.330000   -4.063335
1100.331000   -4.074027
1100.332000   -4.089150
1100.333000   -4.106021
1100.334000   -4.120212
1100.335000   -4.126405
1100.336000   -4.120557
1100.337000   -4.102497
1100.338000   -4.076572
1100.339000   -4.049597
1100.340000   -4.028139
1100.341000   -4.016772
1100.342000   -4.017297
1100.343000   -4.028348
1100.344000   -4.045202
1100.345000   -4.060266
1100.346000   -4.065253
1100.347000   -4.055222
1100.348000   -4.031821
1100.349000   -4.002227
1100.350000   -3.975042
1100.351000   -3.956942
1100.352000   -3.951206
1100.353000   -3.957335
1100.354000   -3.971151
1100.355000   -3.985594
1100.356000   -3.993039
1100.357000   -3.989143
1100.358000   -3.975560
1100.359000   -3.958618
1100.360000   -3.945483
1100.361000   -3.941322
1100.362000   -3.948304
1100.363000   -3.965568
1100.364000   -3.989448
1100.365000   -4.013881
1100.366000   -4.031480
1100.367000   -4.035918
1100.368000   -4.025021
1100.369000   -4.002009
1100.370000   -3.973530
1100.371000   -3.946591
1100.372000   -3.926618
1100.373000   -3.916713
1100.374000   -3.917380
1100.375000   -3.926290
1100.376000   -3.938226
1100.377000   -3.946005
1100.378000   -3.943313
1100.379000   -3.928588
1100.380000   -3.906368
1100.381000   -3.884440
1100.382000   -3.869916
1100.383000   -3.866992
1100.384000   -3.876283
1100.385000   -3.894845
1100.386000   -3.916639
1100.387000   -3.933938
1100.388000   -3.940302
1100.389000   -3.934065
1100.390000   -3.919192
1100.391000   -3.902536
1100.392000   -3.890443
1100.393000   -3.886945
1100.394000   -3.893218
1100.395000   -3.907441
1100.396000   -3.924755
1100.397000   -3.937842
1100.398000   -3.939306
1100.399000   -3.925900
1100.400000   -3.901160
1100.401000   -3.873253
1100.402000   -3.850640
1100.403000   -3.839290
1100.404000   -3.841679
1100.405000   -3.856473
1100.406000   -3.878389
1100.407000   -3.898807
1100.408000   -3.908547
1100.409000   -3.902997
1100.410000   -3.885377
1100.411000   -3.864244
1100.412000   -3.848408
1100.413000   -3.843761
1100.414000   -3.852283
1100.415000   -3.871885
1100.416000   -3.896518
1100.417000   -3.917216
1100.418000   -3.925491
1100.419000   -3.918605
1100.420000   -3.901777
1100.421000   -3.884476
1100.422000   -3.875302
1100.423000   -3.879421
1100.424000   -3.898142
1100.425000   -3.929181
1100.426000   -3.966970
1100.427000   -4.003394
1100.428000   -4.029868
1100.429000   -4.041036
1100.430000   -4.037540
1100.431000   -4.024743
1100.432000   -4.009109
1100.433000   -3.995725
1100.434000   -3.987588
1100.435000   -3.985642
1100.436000   -3.988772
1100.437000   -3.993575
1100.438000   -3.994485
1100.439000   -3.985374
1100.440000   -3.963236
1100.441000   -3.931422
1100.442000   -3.898510
1100.443000   -3.873960
1100.444000   -3.864559
1100.445000   -3.872827
1100.446000   -3.896617
1100.447000   -3.929387
1100.448000   -3.961604
1100.449000   -3.984227
1100.450000   -3.993343
1100.451000   -3.991822
1100.452000   -3.986187
1100.453000   -3.982566
1100.454000   -3.984743
1100.455000   -3.993895
1100.456000   -4.008785
1100.457000   -4.025806
1100.458000   -4.039124
1100.459000   -4.041864
1100.460000   -4.029271
1100.461000   -4.002257
1100.462000   -3.967456
1100.463000   -3.933555
1100.464000   -3.907790
1100.465000   -3.894320
1100.466000   -3.893713
1100.467000   -3.902720
1100.468000   -3.914448
1100.469000   -3.920061
1100.470000   -3.913142
1100.471000   -3.894299
1100.472000   -3.870930
1100.473000   -3.852521
1100.474000   -3.846424
1100.475000   -3.856068
1100.476000   -3.880492
1100.477000   -3.914214
1100.478000   -3.947708
1100.479000   -3.970001
1100.480000   -3.974351
1100.481000   -3.962983
1100.482000   -3.945054
1100.483000   -3.930604
1100.484000   -3.926577
1100.485000   -3.935731
1100.486000   -3.956683
1100.487000   -3.984181
1100.488000   -4.009939
1100.489000   -4.025215
1100.490000   -4.025401
1100.491000   -4.013180
1100.492000   -3.996528
1100.493000   -3.983959
1100.494000   -3.981367
1100.495000   -3.991095
1100.496000   -4.011992
1100.497000   -4.039646
1100.498000   -4.066885
1100.499000   -4.085334
1100.500000   -4.088691
1100.501000   -4.076199
1100.501000   -4.076199
1100.502000   -4.052840
1100.503000   -4.026084
1100.504000   -4.002671
1100.505000   -3.987131
1100.506000   -3.981442
1100.507000   -3.984925
1100.508000   -3.994014
1100.509000   -4.002277
1100.510000   -4.001854
1100.511000   -3.987309
1100.512000   -3.959951
1100.513000   -3.927786
1100.514000   -3.900988
1100.515000   -3.887554
1100.516000   -3.891343
1100.517000   -3.911719
1100.518000   -3.943843
1100.519000   -3.979553
1100.520000   -4.009471
1100.521000   -4.026604
1100.522000   -4.029560
1100.523000   -4.022362
1100.524000   -4.011260
1100.525000   -4.001779
1100.526000   -3.997503
1100.527000   -3.999979
1100.528000   -4.008881
1100.529000   -4.022029
1100.530000   -4.035421
1100.531000   -4.043891
1100.532000   -4.043010
1100.533000   -4.031750
1100.534000   -4.013698
1100.535000   -3.995438
1100.536000   -3.983690
1100.537000   -3.983273
1100.538000   -3.996296
1100.539000   -4.022036
1100.540000   -4.056997
1100.541000   -4.095143
1100.542000   -4.128766
1100.543000   -4.150589
1100.544000   -4.156837
1100.545000   -4.149077
1100.546000   -4.132935
1100.547000   -4.115101
1100.548000   -4.101081
1100.549000   -4.094283
1100.550000   -4.095832
1100.551000   -4.104499
1100.552000   -4.116612
1100.553000   -4.126356
1100.554000   -4.127281
1100.555000   -4.115358
1100.556000   -4.091733
1100.557000   -4.062270
1100.558000   -4.034361
1100.559000   -4.014079
1100.560000   -4.004901
1100.561000   -4.007411
1100.562000   -4.019275
1100.563000   -4.035329
1100.564000   -4.048350
1100.565000   -4.051342
1100.566000   -4.041171
1100.567000   -4.020774
1100.568000   -3.997469
1100.569000   -3.979218
1100.570000   -3.971898
1100.571000   -3.978131
1100.572000   -3.996894
1100.573000   -4.023470
1100.574000   -4.050135
1100.575000   -4.068636
1100.576000   -4.074547
1100.577000   -4.070199
1100.578000   -4.062814
1100.579000   -4.060083
1100.580000   -4.067190
1100.581000   -4.085883
1100.582000   -4.114506
1100.583000   -4.148275
1100.584000   -4.179972
1100.585000   -4.201807
1100.586000   -4.208751
1100.587000   -4.201304
1100.588000   -4.184851
1100.589000   -4.166351
1100.590000   -4.151556
1100.591000   -4.143816
1100.592000   -4.143770
1100.593000   -4.149227
1100.594000   -4.155222
1100.595000   -4.154990
1100.596000   -4.142800
1100.597000   -4.117809
1100.598000   -4.085252
1100.599000   -4.053473
1100.600000   -4.030044
1100.601000   -4.019525
1100.602000   -4.022669
1100.603000   -4.036185
1100.604000   -4.052975
1100.605000   -4.063734
1100.606000   -4.061013
1100.607000   -4.043938
1100.608000   -4.018631
1100.609000   -3.993886
1100.610000   -3.976885
1100.611000   -3.971271
1100.612000   -3.976614
1100.613000   -3.988306
1100.614000   -3.998098
1100.615000   -3.996709
1100.616000   -3.979228
1100.617000   -3.949270
1100.618000   -3.916725
1100.619000   -3.891897
1100.620000   -3.881560
1100.621000   -3.887654
1100.622000   -3.907120
1100.623000   -3.932347
1100.624000   -3.953162
1100.625000   -3.961544
1100.626000   -3.956831
1100.627000   -3.945655
1100.628000   -3.936777
1100.629000   -3.936693
1100.630000   -3.948144
1100.631000   -3.970083
1100.632000   -3.997941
1100.633000   -4.024266
1100.634000   -4.040815
1100.635000   -4.042667
1100.636000   -4.031571
1100.637000   -4.014647
1100.638000   -4.000033
1100.639000   -3.993720
1100.640000   -3.998430
1100.641000   -4.013394
1100.642000   -4.034301
1100.643000   -4.053784
1100.644000   -4.063713
1100.645000   -4.059650
1100.646000   -4.044024
1100.647000   -4.024197
1100.648000   -4.007897
1100.649000   -4.000290
1100.650000   -4.003118
1100.651000   -4.014655
1100.652000   -4.029876
1100.653000   -4.041279
1100.654000   -4.041413
1100.655000   -4.027021
1100.656000   -4.001442
1100.657000   -3.972432
1100.658000   -3.947981
1100.659000   -3.933649
1100.660000   -3.931681
1100.661000   -3.940870
1100.662000   -3.956673
1100.663000   -3.971935
1100.664000   -3.979170
1100.665000   -3.974432
1100.666000   -3.959867
1100.667000   -3.942059
1100.668000   -3.928179
1100.669000   -3.923375
1100.670000   -3.929919
1100.671000   -3.947206
1100.672000   -3.971969
1100.673000   -3.998742
1100.674000   -4.021088
1100.675000   -4.033963
1100.676000   -4.036222
1100.677000   -4.031025
1100.678000   -4.023711
1100.679000   -4.019269
1100.680000   -4.020991
1100.681000   -4.030184
1100.682000   -4.046307
1100.683000   -4.067110
1100.684000   -4.088759
1100.685000   -4.106253
1100.686000   -4.114614
1100.687000   -4.110808
1100.688000   -4.095302
1100.689000   -4.071789
1100.690000   -4.045399
1100.691000   -4.020938
1100.692000   -4.001968
1100.693000   -3.990535
1100.694000   -3.987086
1100.695000   -3.990294
1100.696000   -3.996818
1100.697000   -4.001399
1100.698000   -3.998017
1100.699000   -3.982472
1100.700000   -3.955048
1100.701000   -3.920635
1100.702000   -3.886191
1100.703000   -3.858042
1100.704000   -3.840445
1100.705000   -3.835050
1100.706000   -3.840609
1100.707000   -3.852739
1100.708000   -3.864264
1100.709000   -3.867300
1100.710000   -3.857517
1100.711000   -3.837450
1100.712000   -3.814875
1100.713000   -3.798222
1100.714000   -3.793374
1100.715000   -3.802650
1100.716000   -3.824789
1100.717000   -3.855203
1100.718000   -3.886575
1100.719000   -3.910614
1100.720000   -3.921501
1100.721000   -3.919089
1100.722000   -3.908471
1100.723000   -3.896468
1100.724000   -3.888651
1100.725000   -3.888254
1100.726000   -3.896137
1100.727000   -3.910883
1100.728000   -3.928753
1100.729000   -3.943966
1100.730000   -3.950261
1100.731000   -3.944118
1100.732000   -3.927381
1100.733000   -3.906251
1100.734000   -3.887847
1100.735000   -3.877638
1100.736000   -3.878545
1100.737000   -3.890826
1100.738000   -3.912011
1100.739000   -3.936846
1100.740000   -3.957899
1100.741000   -3.967942
1100.742000   -3.963879
1100.743000   -3.948793
1100.744000   -3.929666
1100.745000   -3.913551
1100.746000   -3.905408
1100.747000   -3.907538
1100.748000   -3.919526
1100.749000   -3.938099
1100.750000   -3.957088
1100.751000   -3.968446
1100.752000   -3.965521
1100.753000   -3.947390
1100.754000   -3.919739
1100.755000   -3.891178
1100.756000   -3.869255
1100.757000   -3.858630
1100.758000   -3.860648
1100.759000   -3.873209
1100.760000   -3.890699
1100.761000   -3.904690
1100.762000   -3.906922
1100.763000   -3.894425
1100.764000   -3.872102
1100.765000   -3.849408
1100.766000   -3.835212
1100.767000   -3.835037
1100.768000   -3.850399
1100.769000   -3.878838
1100.770000   -3.914091
1100.771000   -3.947071
1100.772000   -3.968935
1100.773000   -3.975930
1100.774000   -3.971587
1100.775000   -3.963469
1100.776000   -3.958581
1100.777000   -3.961200
1100.778000   -3.972633
1100.779000   -3.991453
1100.780000   -4.013593
1100.781000   -4.032607
1100.782000   -4.041227
1100.783000   -4.034932
1100.784000   -4.015215
1100.785000   -3.988727
1100.786000   -3.963363
1100.787000   -3.945314
1100.788000   -3.938070
1100.789000   -3.942288
1100.790000   -3.955684
1100.791000   -3.972910
1100.792000   -3.986246
1100.793000   -3.988347
1100.794000   -3.976606
1100.795000   -3.954977
1100.796000   -3.931037
1100.797000   -3.911935
1100.798000   -3.902379
1100.799000   -3.904215
1100.800000   -3.916418
1100.801000   -3.935001
1100.802000   -3.953180
1100.803000   -3.962892
1100.804000   -3.958565
1100.805000   -3.940925
1100.806000   -3.916502
1100.807000   -3.893480
1100.808000   -3.878348
1100.809000   -3.874728
1100.810000   -3.883273
1100.811000   -3.901708
1100.812000   -3.924830
1100.813000   -3.945086
1100.814000   -3.954867
1100.815000   -3.950488
1100.816000   -3.934571
1100.817000   -3.913935
1100.818000   -3.895643
1100.819000   -3.884708
1100.820000   -3.883608
1100.821000   -3.892544
1100.822000   -3.909666
1100.823000   -3.931131
1100.824000   -3.951355
1100.825000   -3.964194
1100.826000   -3.965397
1100.827000   -3.955011
1100.828000   -3.937299
1100.829000   -3.918247
1100.830000   -3.903162
1100.831000   -3.895609
1100.832000   -3.897296
1100.833000   -3.908192
1100.834000   -3.926474
1100.835000   -3.948337
1100.836000   -3.968094
1100.837000   -3.979358
1100.838000   -3.977701
1100.839000   -3.963299
1100.840000   -3.940887
1100.841000   -3.917116
1100.842000   -3.897962
1100.843000   -3.887481
1100.844000   -3.887477
1100.845000   -3.897369
1100.846000   -3.913932
1100.847000   -3.931198
1100.848000   -3.941410
1100.849000   -3.938103
1100.850000   -3.920297
1100.851000   -3.893536
1100.852000   -3.866387
1100.853000   -3.846445
1100.854000   -3.838442
1100.855000   -3.843864
1100.856000   -3.860992
1100.857000   -3.884968
1100.858000   -3.908315
1100.859000   -3.922981
1100.860000   -3.924221
1100.861000   -3.913558
1100.862000   -3.897300
1100.863000   -3.882505
1100.864000   -3.874273
1100.865000   -3.875034
1100.866000   -3.884683
1100.867000   -3.900677
1100.868000   -3.918008
1100.869000   -3.929736
1100.870000   -3.929296
1100.871000   -3.914415
1100.872000   -3.889059
1100.873000   -3.860887
1100.874000   -3.837296
1100.875000   -3.823284
1100.876000   -3.820959
1100.877000   -3.829497
1100.878000   -3.844985
1100.879000   -3.860543
1100.880000   -3.867988
1100.881000   -3.861963
1100.882000   -3.843852
1100.883000   -3.820810
1100.884000   -3.801204
1100.885000   -3.791274
1100.886000   -3.794090
1100.887000   -3.809484
1100.888000   -3.833999
1100.889000   -3.860931
1100.890000   -3.881640
1100.891000   -3.889354
1100.892000   -3.883691
1100.893000   -3.870696
1100.894000   -3.858405
1100.895000   -3.853099
1100.896000   -3.858056
1100.897000   -3.873509
1100.898000   -3.896625
1100.899000   -3.921380
1100.900000   -3.939298
1100.901000   -3.942597
1100.902000   -3.929188
1100.903000   -3.904490
1100.904000   -3.877658
1100.905000   -3.856977
1100.906000   -3.847769
1100.907000   -3.851987
1100.908000   -3.868079
1100.909000   -3.890706
1100.910000   -3.911071
1100.911000   -3.919722
1100.912000   -3.912314
1100.913000   -3.893018
1100.914000   -3.870919
1100.915000   -3.854374
1100.916000   -3.848425
1100.917000   -3.854580
1100.918000   -3.871116
1100.919000   -3.893144
1100.920000   -3.912781
1100.921000   -3.920870
1100.922000   -3.911509
1100.923000   -3.886583
1100.924000   -3.854718
1100.925000   -3.825994
1100.926000   -3.808147
1100.927000   -3.805386
1100.928000   -3.818229
1100.929000   -3.843317
1100.930000   -3.873269
1100.931000   -3.897917
1100.932000   -3.908755
1100.933000   -3.904884
1100.934000   -3.893461
1100.935000   -3.884030
1100.936000   -3.883735
1100.937000   -3.895910
1100.938000   -3.920281
1100.939000   -3.953238
1100.940000   -3.987897
1100.941000   -4.014850
1100.942000   -4.025350
1100.943000   -4.016618
1100.944000   -3.994041
1100.945000   -3.967312
1100.946000   -3.945411
1100.947000   -3.934326
1100.948000   -3.936664
1100.949000   -3.951619
1100.950000   -3.974710
1100.951000   -3.997895
1100.952000   -4.011662
1100.953000   -4.010185
1100.954000   -3.995768
1100.955000   -3.976888
1100.956000   -3.962578
1100.957000   -3.959032
1100.958000   -3.968938
1100.959000   -3.991761
1100.960000   -4.023856
1100.961000   -4.058341
1100.962000   -4.085615
1100.963000   -4.096189
1100.964000   -4.085985
1100.965000   -4.059337
1100.966000   -4.025845
1100.967000   -3.995252
1100.968000   -3.974765
1100.969000   -3.968348
1100.970000   -3.976438
1100.971000   -3.995361
1100.972000   -4.016795
1100.973000   -4.029055
1100.974000   -4.022810
1100.975000   -3.998747
1100.976000   -3.967622
1100.977000   -3.942589
1100.978000   -3.933182
1100.979000   -3.943600
1100.980000   -3.972881
1100.981000   -4.015308
1100.982000   -4.061012
1100.983000   -4.098055
1100.984000   -4.117301
1100.985000   -4.117715
1100.986000   -4.106075
1100.987000   -4.091510
1100.988000   -4.081217
1100.989000   -4.079293
1100.990000   -4.087135
1100.991000   -4.104012
1100.992000   -4.127210
1100.993000   -4.151857
1100.994000   -4.171167
1100.995000   -4.178267
1100.996000   -4.169808
1100.997000   -4.148514
1100.998000   -4.121609
1100.999000   -4.097020
1101.000000   -4.080813
1101.001000   -4.076435
1101.001000   -4.076435
1101.002000   -4.084757
1101.003000   -4.104014
1101.004000   -4.129439
1101.005000   -4.153105
1101.006000   -4.165283
1101.007000   -4.158580
1101.008000   -4.132982
1101.009000   -4.096279
1101.010000   -4.059367
1101.011000   -4.031676
1101.012000   -4.019013
1101.013000   -4.022839
1101.014000   -4.039752
1101.015000   -4.061120
1101.016000   -4.074503
1101.017000   -4.069339
1101.018000   -4.044935
1101.019000   -4.011518
1101.020000   -3.982788
1101.021000   -3.969226
1101.022000   -3.975896
1101.023000   -4.002495
1101.024000   -4.043693
1101.025000   -4.089547
1101.026000   -4.127303
1101.027000   -4.146194
1101.028000   -4.143678
1101.029000   -4.126566
1101.030000   -4.105584
1101.031000   -4.089937
1101.032000   -4.085202
1101.033000   -4.093263
1101.034000   -4.112569
1101.035000   -4.138072
1101.036000   -4.161385
1101.037000   -4.172646
1101.038000   -4.165287
1101.039000   -4.140937
1101.040000   -4.108610
1101.041000   -4.079110
1101.042000   -4.060649
1101.043000   -4.057409
1101.044000   -4.069587
1101.045000   -4.093614
1101.046000   -4.122329
1101.047000   -4.145888
1101.048000   -4.154714
1101.049000   -4.144380
1101.050000   -4.118310
1101.051000   -4.085002
1101.052000   -4.053254
1101.053000   -4.029519
1101.054000   -4.017410
1101.055000   -4.017951
1101.056000   -4.029700
1101.057000   -4.048584
1101.058000   -4.067962
1101.059000   -4.079927
1101.060000   -4.078603
1101.061000   -4.063724
1101.062000   -4.040785
1101.063000   -4.017593
1101.064000   -4.000869
1101.065000   -3.994757
1101.066000   -4.000650
1101.067000   -4.017290
1101.068000   -4.040743
1101.069000   -4.064457
1101.070000   -4.080159
1101.071000   -4.080524
1101.072000   -4.063136
1101.073000   -4.032382
1101.074000   -3.997031
1101.075000   -3.966196
1101.076000   -3.946636
1101.077000   -3.941613
1101.078000   -3.950413
1101.079000   -3.968098
1101.080000   -3.986047
1101.081000   -3.994698
1101.082000   -3.988833
1101.083000   -3.971317
1101.084000   -3.950669
1101.085000   -3.935576
1101.086000   -3.931621
1101.087000   -3.940668
1101.088000   -3.961316
1101.089000   -3.989385
1101.090000   -4.018275
1101.091000   -4.039740
1101.092000   -4.046097
1101.093000   -4.033873
1101.094000   -4.005997
1101.095000   -3.969970
1101.096000   -3.934117
1101.097000   -3.905104
1101.098000   -3.887034
1101.099000   -3.881082
1101.100000   -3.885030
1101.101000   -3.892929
1101.102000   -3.896024
1101.103000   -3.886581
1101.104000   -3.863414
1101.105000   -3.833414
1101.106000   -3.807093
1101.107000   -3.793281
1101.108000   -3.796481
1101.109000   -3.816258
1101.110000   -3.847415
1101.111000   -3.880877
1101.112000   -3.906249
1101.113000   -3.916574
1101.114000   -3.912353
1101.115000   -3.900419
1101.116000   -3.889176
1101.117000   -3.885030
1101.118000   -3.891282
1101.119000   -3.908248
1101.120000   -3.933525
1101.121000   -3.962126
1101.122000   -3.986961
1101.123000   -4.000593
1101.124000   -3.998636
1101.125000   -3.982520
1101.126000   -3.958472
1101.127000   -3.933928
1101.128000   -3.914816
1101.129000   -3.904607
1101.130000   -3.904316
1101.131000   -3.912733
1101.132000   -3.926652
1101.133000   -3.941225
1101.134000   -3.950849
1101.135000   -3.950860
1101.136000   -3.939545
1101.137000   -3.919077
1101.138000   -3.894476
1101.139000   -3.871489
1101.140000   -3.854820
1101.141000   -3.847210
1101.142000   -3.849169
1101.143000   -3.859070
1101.144000   -3.873534
1101.145000   -3.888198
1101.146000   -3.898966
1101.147000   -3.903409
1101.148000   -3.901495
1101.149000   -3.895149
1101.150000   -3.887055
1101.151000   -3.879545
1101.152000   -3.873975
1101.153000   -3.870482
1101.154000   -3.867950
1101.155000   -3.864156
1101.156000   -3.856239
1101.157000   -3.841729
1101.158000   -3.819943
1101.159000   -3.792978
1101.160000   -3.765395
1101.161000   -3.742728
1101.162000   -3.729713
1101.163000   -3.728965
1101.164000   -3.740241
1101.165000   -3.760276
1101.166000   -3.783394
1101.167000   -3.803305
1101.168000   -3.815856
1101.169000   -3.821022
1101.170000   -3.822314
1101.171000   -3.824384
1101.172000   -3.830925
1101.173000   -3.843710
1101.174000   -3.862361
1101.175000   -3.884354
1101.176000   -3.905194
1101.177000   -3.919175
1101.178000   -3.921229
1101.179000   -3.909546
1101.180000   -3.886978
1101.181000   -3.859690
1101.182000   -3.834357
1101.183000   -3.816000
1101.184000   -3.806975
1101.185000   -3.806695
1101.186000   -3.811840
1101.187000   -3.817265
1101.188000   -3.817995
1101.189000   -3.811756
1101.190000   -3.800256
1101.191000   -3.787990
1101.192000   -3.779810
1101.193000   -3.779045
1101.194000   -3.786641
1101.195000   -3.800987
1101.196000   -3.818182
1101.197000   -3.832905
1101.198000   -3.840257
1101.199000   -3.838196
1101.200000   -3.828927
1101.201000   -3.817896
1101.202000   -3.811316
1101.203000   -3.814029
1101.204000   -3.828371
1101.205000   -3.853765
1101.206000   -3.886757
1101.207000   -3.921597
1101.208000   -3.951820
1101.209000   -3.972795
1101.210000   -3.983864
1101.211000   -3.988074
1101.212000   -3.989844
1101.213000   -3.992776
1101.214000   -3.998738
1101.215000   -4.007879
1101.216000   -4.018995
1101.217000   -4.029875
1101.218000   -4.037607
1101.219000   -4.039063
1101.220000   -4.031752
1101.221000   -4.014965
1101.222000   -3.990561
1101.223000   -3.962709
1101.224000   -3.936672
1101.225000   -3.917350
1101.226000   -3.908128
1101.227000   -3.910154
1101.228000   -3.922050
1101.229000   -3.940175
1101.230000   -3.959728
1101.231000   -3.976655
1101.232000   -3.989438
1101.233000   -3.999386
1101.234000   -4.009258
1101.235000   -4.021543
1101.236000   -4.037410
1101.237000   -4.056388
1101.238000   -4.076380
1101.239000   -4.093831
1101.240000   -4.104184
1101.241000   -4.102980
1101.242000   -4.087673
1101.243000   -4.059256
1101.244000   -4.022313
1101.245000   -3.983403
1101.246000   -3.949059
1101.247000   -3.924350
1101.248000   -3.912004
1101.249000   -3.911765
1101.250000   -3.920009
1101.251000   -3.930202
1101.252000   -3.935195
1101.253000   -3.931291
1101.254000   -3.920874
1101.255000   -3.910573
1101.256000   -3.907158
1101.257000   -3.914823
1101.258000   -3.934469
1101.259000   -3.964048
1101.260000   -3.999306
1101.261000   -4.034724
1101.262000   -4.064771
1101.263000   -4.085438
1101.264000   -4.095435
1101.265000   -4.096243
1101.266000   -4.091006
1101.267000   -4.083143
1101.268000   -4.075432
1101.269000   -4.069563
1101.270000   -4.065922
1101.271000   -4.063446
1101.272000   -4.059705
1101.273000   -4.051578
1101.274000   -4.036781
1101.275000   -4.015625
1101.276000   -3.991501
1101.277000   -3.969552
1101.278000   -3.954649
1101.279000   -3.949846
1101.280000   -3.955592
1101.281000   -3.969435
1101.282000   -3.986187
1101.283000   -3.999013
1101.284000   -4.002040
1101.285000   -3.993563
1101.286000   -3.976984
1101.287000   -3.958456
1101.288000   -3.943737
1101.289000   -3.936354
1101.290000   -3.937006
1101.291000   -3.943584
1101.292000   -3.951706
1101.293000   -3.956218
1101.294000   -3.953799
1101.295000   -3.945156
1101.296000   -3.934630
1101.297000   -3.927649
1101.298000   -3.928406
1101.299000   -3.938823
1101.300000   -3.958351
1101.301000   -3.984026
1101.302000   -4.010739
1101.303000   -4.032182
1101.304000   -4.043021
1101.305000   -4.041524
1101.306000   -4.030360
1101.307000   -4.014671
1101.308000   -3.999489
1101.309000   -3.988270
1101.310000   -3.982521
1101.311000   -3.981868
1101.312000   -3.984220
1101.313000   -3.986132
1101.314000   -3.983809
1101.315000   -3.974871
1101.316000   -3.959882
1101.317000   -3.942234
1101.318000   -3.926447
1101.319000   -3.916276
1101.320000   -3.913563
1101.321000   -3.917771
1101.322000   -3.926004
1101.323000   -3.933668
1101.324000   -3.936180
1101.325000   -3.931403
1101.326000   -3.921009
1101.327000   -3.909372
1101.328000   -3.901165
1101.329000   -3.899612
1101.330000   -3.905853
1101.331000   -3.918979
1101.332000   -3.936355
1101.333000   -3.954184
1101.334000   -3.968452
1101.335000   -3.976264
1101.336000   -3.977004
1101.337000   -3.972414
1101.338000   -3.965526
1101.339000   -3.959311
1101.340000   -3.955744
1101.341000   -3.955394
1101.342000   -3.957316
1101.343000   -3.959225
1101.344000   -3.958083
1101.345000   -3.951271
1101.346000   -3.937965
1101.347000   -3.919781
1101.348000   -3.900113
1101.349000   -3.882750
1101.350000   -3.870633
1101.351000   -3.865049
1101.352000   -3.865183
1101.353000   -3.867973
1101.354000   -3.868612
1101.355000   -3.862276
1101.356000   -3.846891
1101.357000   -3.824892
1101.358000   -3.802089
1101.359000   -3.784758
1101.360000   -3.777316
1101.361000   -3.781237
1101.362000   -3.794823
1101.363000   -3.813643
1101.364000   -3.831923
1101.365000   -3.845030
1101.366000   -3.851738
1101.367000   -3.854294
1101.368000   -3.856390
1101.369000   -3.861055
1101.370000   -3.869610
1101.371000   -3.881448
1101.372000   -3.894099
1101.373000   -3.903486
1101.374000   -3.904753
1101.375000   -3.894103
1101.376000   -3.871188
1101.377000   -3.840118
1101.378000   -3.807889
1101.379000   -3.781705
1101.380000   -3.766954
1101.381000   -3.766133
1101.382000   -3.778364
1101.383000   -3.799412
1101.384000   -3.822621
1101.385000   -3.841410
1101.386000   -3.852613
1101.387000   -3.857931
1101.388000   -3.861976
1101.389000   -3.869189
1101.390000   -3.882008
1101.391000   -3.900388
1101.392000   -3.921975
1101.393000   -3.942604
1101.394000   -3.957342
1101.395000   -3.962341
1101.396000   -3.956900
1101.397000   -3.944123
1101.398000   -3.929468
1101.399000   -3.918522
1101.400000   -3.915432
1101.401000   -3.922210
1101.402000   -3.938454
1101.403000   -3.961119
1101.404000   -3.984527
1101.405000   -4.001300
1101.406000   -4.005059
1101.407000   -3.993937
1101.408000   -3.971514
1101.409000   -3.944196
1101.410000   -3.918159
1101.411000   -3.897885
1101.412000   -3.885852
1101.413000   -3.882465
1101.414000   -3.885810
1101.415000   -3.891358
1101.416000   -3.892438
1101.417000   -3.882742
1101.418000   -3.860700
1101.419000   -3.831596
1101.420000   -3.804654
1101.421000   -3.788399
1101.422000   -3.787851
1101.423000   -3.803594
1101.424000   -3.831703
1101.425000   -3.864388
1101.426000   -3.892257
1101.427000   -3.908671
1101.428000   -3.913499
1101.429000   -3.912193
1101.430000   -3.911546
1101.431000   -3.916630
1101.432000   -3.929901
1101.433000   -3.951300
1101.434000   -3.978428
1101.435000   -4.006576
1101.436000   -4.029080
1101.437000   -4.039022
1101.438000   -4.032753
1101.439000   -4.012655
1101.440000   -3.985720
1101.441000   -3.959606
1101.442000   -3.939934
1101.443000   -3.929492
1101.444000   -3.928257
1101.445000   -3.933508
1101.446000   -3.940077
1101.447000   -3.941426
1101.448000   -3.932197
1101.449000   -3.911344
1101.450000   -3.882975
1101.451000   -3.853944
1101.452000   -3.830718
1101.453000   -3.817448
1101.454000   -3.815110
1101.455000   -3.821121
1101.456000   -3.829447
1101.457000   -3.832215
1101.458000   -3.823837
1101.459000   -3.805512
1101.460000   -3.785146
1101.461000   -3.772608
1101.462000   -3.775259
1101.463000   -3.796098
1101.464000   -3.833635
1101.465000   -3.882495
1101.466000   -3.934632
1101.467000   -3.981564
1101.468000   -4.017432
1101.469000   -4.041026
1101.470000   -4.054959
1101.471000   -4.063081
1101.472000   -4.068462
1101.473000   -4.072622
1101.474000   -4.075465
1101.475000   -4.075384
1101.476000   -4.069537
1101.477000   -4.054687
1101.478000   -4.028949
1101.479000   -3.993757
1101.480000   -3.954422
1101.481000   -3.918561
1101.482000   -3.893615
1101.483000   -3.884793
1101.484000   -3.893796
1101.485000   -3.918146
1101.486000   -3.951234
1101.487000   -3.983826
1101.488000   -4.007731
1101.489000   -4.020111
1101.490000   -4.024350
1101.491000   -4.026633
1101.492000   -4.032190
1101.493000   -4.043731
1101.494000   -4.061573
1101.495000   -4.084319
1101.496000   -4.109432
1101.497000   -4.133513
1101.498000   -4.152412
1101.499000   -4.161619
1101.500000   -4.157477
1101.501000   -4.139033
1101.501000   -4.139033
1101.502000   -4.109178
1101.503000   -4.073853
1101.504000   -4.039925
1101.505000   -4.013248
1101.506000   -3.997526
1101.507000   -3.993814
1101.508000   -4.000390
1101.509000   -4.013032
1101.510000   -4.026101
1101.511000   -4.034572
1101.512000   -4.036305
1101.513000   -4.032896
1101.514000   -4.028380
1101.515000   -4.027029
1101.516000   -4.031703
1101.517000   -4.043084
1101.518000   -4.059484
1101.519000   -4.077064
1101.520000   -4.090698
1101.521000   -4.095858
1101.522000   -4.091013
1101.523000   -4.078797
1101.524000   -4.064744
1101.525000   -4.054848
1101.526000   -4.053679
1101.527000   -4.063497
1101.528000   -4.083909
1101.529000   -4.111714
1101.530000   -4.140992
1101.531000   -4.164039
1101.532000   -4.173849
1101.533000   -4.167537
1101.534000   -4.147775
1101.535000   -4.120707
1101.536000   -4.092795
1101.537000   -4.068950
1101.538000   -4.051942
1101.539000   -4.042267
1101.540000   -4.037987
1101.541000   -4.034686
1101.542000   -4.026268
1101.543000   -4.007549
1101.544000   -3.977936
1101.545000   -3.942766
1101.546000   -3.910508
1101.547000   -3.888770
1101.548000   -3.881852
1101.549000   -3.889878
1101.550000   -3.908791
1101.551000   -3.931197
1101.552000   -3.948726
1101.553000   -3.955952
1101.554000   -3.953286
1101.555000   -3.945876
1101.556000   -3.939989
1101.557000   -3.940342
1101.558000   -3.949163
1101.559000   -3.966182
1101.560000   -3.988808
1101.561000   -4.012347
1101.562000   -4.030681
1101.563000   -4.038144
1101.564000   -4.032475
1101.565000   -4.016509
1101.566000   -3.996579
1101.567000   -3.979278
1101.568000   -3.969237
1101.569000   -3.968373
1101.570000   -3.975892
1101.571000   -3.988576
1101.572000   -4.001432
1101.573000   -4.009096
1101.574000   -4.007960
1101.575000   -3.997852
1101.576000   -3.981872
1101.577000   -3.964614
1101.578000   -3.950270
1101.579000   -3.941437
1101.580000   -3.938505
1101.581000   -3.939398
1101.582000   -3.939810
1101.583000   -3.934586
1101.584000   -3.920554
1101.585000   -3.899205
1101.586000   -3.876433
1101.587000   -3.859534
1101.588000   -3.854277
1101.589000   -3.863418
1101.590000   -3.886348
1101.591000   -3.919297
1101.592000   -3.955971
1101.593000   -3.988863
1101.594000   -4.011496
1101.595000   -4.020854
1101.596000   -4.018115
1101.597000   -4.007122
1101.598000   -3.992187
1101.599000   -3.976647
1101.600000   -3.962299
1101.601000   -3.949298
1101.602000   -3.936322
1101.603000   -3.921127
1101.604000   -3.901760
1101.605000   -3.878235
1101.606000   -3.853542
1101.607000   -3.832857
1101.608000   -3.821417
1101.609000   -3.822532
1101.610000   -3.836498
1101.611000   -3.860378
1101.612000   -3.888643
1101.613000   -3.914860
1101.614000   -3.934216
1101.615000   -3.945544
1101.616000   -3.951162
1101.617000   -3.954850
1101.618000   -3.959805
1101.619000   -3.967634
1101.620000   -3.978294
1101.621000   -3.990533
1101.622000   -4.002513
1101.623000   -4.012470
1101.624000   -4.019250
1101.625000   -4.022596
1101.626000   -4.023094
1101.627000   -4.021854
1101.628000   -4.020058
1101.629000   -4.018540
1101.630000   -4.017513
1101.631000   -4.016533
1101.632000   -4.014707
1101.633000   -4.011140
1101.634000   -4.005439
1101.635000   -3.998048
1101.636000   -3.990218
1101.637000   -3.983655
1101.638000   -3.980019
1101.639000   -3.980481
1101.640000   -3.985352
1101.641000   -3.993829
1101.642000   -4.003932
1101.643000   -4.012749
1101.644000   -4.017183
1101.645000   -4.015193
1101.646000   -4.006925
1101.647000   -3.994872
1101.648000   -3.982876
1101.649000   -3.974671
1101.650000   -3.972744
1101.651000   -3.977788
1101.652000   -3.988705
1101.653000   -4.003089
1101.654000   -4.018168
1101.655000   -4.031932
1101.656000   -4.043912
1101.657000   -4.055120
1101.658000   -4.067252
1101.659000   -4.081727
1101.660000   -4.099037
1101.661000   -4.118415
1101.662000   -4.137717
1101.663000   -4.153598
1101.664000   -4.162217
1101.665000   -4.160595
1101.666000   -4.148147
1101.667000   -4.127257
1101.668000   -4.102349
1101.669000   -4.078231
1101.670000   -4.058811
1101.671000   -4.046409
1101.672000   -4.041483
1101.673000   -4.042590
1101.674000   -4.046687
1101.675000   -4.049951
1101.676000   -4.049219
1101.677000   -4.043441
1101.678000   -4.034094
1101.679000   -4.024171
1101.680000   -4.016590
1101.681000   -4.012986
1101.682000   -4.013161
1101.683000   -4.015100
1101.684000   -4.015574
1101.685000   -4.011434
1101.686000   -4.001328
1101.687000   -3.986784
1101.688000   -3.971734
1101.689000   -3.960835
1101.690000   -3.957835
1101.691000   -3.964637
1101.692000   -3.980983
1101.693000   -4.004582
1101.694000   -4.031569
1101.695000   -4.057409
1101.696000   -4.078228
1101.697000   -4.092094
1101.698000   -4.099403
1101.699000   -4.102067
1101.700000   -4.102236
1101.701000   -4.101362
1101.702000   -4.099842
1101.703000   -4.097069
1101.704000   -4.091710
1101.705000   -4.082182
1101.706000   -4.067297
1101.707000   -4.046946
1101.708000   -4.022521
1101.709000   -3.996750
1101.710000   -3.972979
1101.711000   -3.954191
1101.712000   -3.942104
1101.713000   -3.936595
1101.714000   -3.935651
1101.715000   -3.936092
1101.716000   -3.935136
1101.717000   -3.932139
1101.718000   -3.929192
1101.719000   -3.929992
1101.720000   -3.937974
1101.721000   -3.954928
1101.722000   -3.980509
1101.723000   -4.012434
1101.724000   -4.047085
1101.725000   -4.080295
1101.726000   -4.108203
1101.727000   -4.128020
1101.728000   -4.138482
1101.729000   -4.139793
1101.730000   -4.133184
1101.731000   -4.120338
1101.732000   -4.102922
1101.733000   -4.082351
1101.734000   -4.059756
1101.735000   -4.036165
1101.736000   -4.012789
1101.737000   -3.991285
1101.738000   -3.973760
1101.739000   -3.962475
1101.740000   -3.959306
1101.741000   -3.965197
1101.742000   -3.979793
1101.743000   -4.001360
1101.744000   -4.027029
1101.745000   -4.053351
1101.746000   -4.077033
1101.747000   -4.095625
1101.748000   -4.107909
1101.749000   -4.113845
1101.750000   -4.114233
1101.751000   -4.110342
1101.752000   -4.103694
1101.753000   -4.095975
1101.754000   -4.088959
1101.755000   -4.084299
1101.756000   -4.083097
1101.757000   -4.085337
1101.758000   -4.089449
1101.759000   -4.092422
1101.760000   -4.090774
1101.761000   -4.082264
1101.762000   -4.067291
1101.763000   -4.048746
1101.764000   -4.030486
1101.765000   -4.015715
1101.766000   -4.006073
1101.767000   -4.001400
1101.768000   -3.999919
1101.769000   -3.998681
1101.770000   -3.994320
1101.771000   -3.984136
1101.772000   -3.967269
1101.773000   -3.945242
1101.774000   -3.921454
1101.775000   -3.899902
1101.776000   -3.883840
1101.777000   -3.874841
1101.778000   -3.872424
1101.779000   -3.874359
1101.780000   -3.877796
1101.781000   -3.880916
1101.782000   -3.884156
1101.783000   -3.889976
1101.784000   -3.901368
1101.785000   -3.920298
1101.786000   -3.946879
1101.787000   -3.979262
1101.788000   -4.014043
1101.789000   -4.046982
1101.790000   -4.073932
1101.791000   -4.091853
1101.792000   -4.099531
1101.793000   -4.097656
1101.794000   -4.088217
1101.795000   -4.073634
1101.796000   -4.056020
1101.797000   -4.036759
1101.798000   -4.016419
1101.799000   -3.994968
1101.800000   -3.972250
1101.801000   -3.948573
1101.802000   -3.925065
1101.803000   -3.903561
1101.804000   -3.886029
1101.805000   -3.873861
1101.806000   -3.867298
1101.807000   -3.865180
1101.808000   -3.865116
1101.809000   -3.864110
1101.810000   -3.859581
1101.811000   -3.850411
1101.812000   -3.837440
1101.813000   -3.823099
1101.814000   -3.810437
1101.815000   -3.802095
1101.816000   -3.799580
1101.817000   -3.802980
1101.818000   -3.811119
1101.819000   -3.822070
1101.820000   -3.833944
1101.821000   -3.845599
1101.822000   -3.856874
1101.823000   -3.868279
1101.824000   -3.880408
1101.825000   -3.893377
1101.826000   -3.906513
1101.827000   -3.918353
1101.828000   -3.926961
1101.829000   -3.930508
1101.830000   -3.927962
1101.831000   -3.919585
1101.832000   -3.906950
1101.833000   -3.892470
1101.834000   -3.878729
1101.835000   -3.867927
1101.836000   -3.861517
1101.837000   -3.860030
1101.838000   -3.862998
1101.839000   -3.868985
1101.840000   -3.875841
1101.841000   -3.881248
1101.842000   -3.883498
1101.843000   -3.882178
1101.844000   -3.878320
1101.845000   -3.873907
1101.846000   -3.871042
1101.847000   -3.871236
1101.848000   -3.875055
1101.849000   -3.882160
1101.850000   -3.891627
1101.851000   -3.902395
1101.852000   -3.913630
1101.853000   -3.924863
1101.854000   -3.935867
1101.855000   -3.946360
1101.856000   -3.955671
1101.857000   -3.962524
1101.858000   -3.965057
1101.859000   -3.961203
1101.860000   -3.949439
1101.861000   -3.929709
1101.862000   -3.904012
1101.863000   -3.876213
1101.864000   -3.851163
1101.865000   -3.833561
1101.866000   -3.826927
1101.867000   -3.832817
1101.868000   -3.850295
1101.869000   -3.875766
1101.870000   -3.903458
1101.871000   -3.927003
1101.872000   -3.942015
1101.873000   -3.948041
1101.874000   -3.948042
1101.875000   -3.946094
1101.876000   -3.945462
1101.877000   -3.947873
1101.878000   -3.953615
1101.879000   -3.961907
1101.880000   -3.971223
1101.881000   -3.979535
1101.882000   -3.984615
1101.883000   -3.984620
1101.884000   -3.978897
1101.885000   -3.968550
1101.886000   -3.956235
1101.887000   -3.945212
1101.888000   -3.938200
1101.889000   -3.936560
1101.890000   -3.939966
1101.891000   -3.946559
1101.892000   -3.953549
1101.893000   -3.958227
1101.894000   -3.959026
1101.895000   -3.956081
1101.896000   -3.950954
1101.897000   -3.945794
1101.898000   -3.942430
1101.899000   -3.941675
1101.900000   -3.942907
1101.901000   -3.943943
1101.902000   -3.941393
1101.903000   -3.931835
1101.904000   -3.913713
1101.905000   -3.888737
1101.906000   -3.861432
1101.907000   -3.837164
1101.908000   -3.820180
1101.909000   -3.812478
1101.910000   -3.813462
1101.911000   -3.820184
1101.912000   -3.828275
1101.913000   -3.833634
1101.914000   -3.834308
1101.915000   -3.831291
1101.916000   -3.827603
1101.917000   -3.826537
1101.918000   -3.830268
1101.919000   -3.839167
1101.920000   -3.851622
1101.921000   -3.864257
1101.922000   -3.872791
1101.923000   -3.873804
1101.924000   -3.866805
1101.925000   -3.854904
1101.926000   -3.843309
1101.927000   -3.837016
1101.928000   -3.839234
1101.929000   -3.850807
1101.930000   -3.870222
1101.931000   -3.893936
1101.932000   -3.917053
1101.933000   -3.934647
1101.934000   -3.943562
1101.935000   -3.943579
1101.936000   -3.936960
1101.937000   -3.926874
1101.938000   -3.915938
1101.939000   -3.905424
1101.940000   -3.894999
1101.941000   -3.882868
1101.942000   -3.866473
1101.943000   -3.843921
1101.944000   -3.815651
1101.945000   -3.785044
1101.946000   -3.757284
1101.947000   -3.737376
1101.948000   -3.728596
1101.949000   -3.731717
1101.950000   -3.744852
1101.951000   -3.763883
1101.952000   -3.783617
1101.953000   -3.799596
1101.954000   -3.809828
1101.955000   -3.815178
1101.956000   -3.818220
1101.957000   -3.821582
1101.958000   -3.826791
1101.959000   -3.833803
1101.960000   -3.841022
1101.961000   -3.845769
